

================================================================
== Vitis HLS Report for 'tiny_ecg_inference_Pipeline_VITIS_LOOP_148_14'
================================================================
* Date:           Fri Sep  4 10:07:08 2026

* Version:        2026.1 (Build 6493734 on Jun 16 2026)
* Project:        tiny_ecg_inference
* Solution:       hls (Vivado IP Flow Target)
* Product family: zynq
* Target device:  xc7z020-clg400-1


================================================================
== Performance Estimates
================================================================
+ Timing: 
    * Summary: 
    +--------+----------+----------+------------+
    |  Clock |  Target  | Estimated| Uncertainty|
    +--------+----------+----------+------------+
    |ap_clk  |  10.00 ns|  7.300 ns|     2.70 ns|
    +--------+----------+----------+------------+

+ Latency: 
    * Summary: 
    +---------+---------+----------+----------+-----+-----+-------------------+
    |  Latency (cycles) |  Latency (absolute) |  Interval |      Pipeline     |
    |   min   |   max   |    min   |    max   | min | max |        Type       |
    +---------+---------+----------+----------+-----+-----+-------------------+
    |       15|       15|  0.150 us|  0.150 us|    0|    0|  loop pipeline stp|
    +---------+---------+----------+----------+-----+-----+-------------------+

    + Detail: 
        * Instance: 
        N/A

        * Loop: 
        +---------------------+---------+---------+----------+-----------+-----------+------+----------+
        |                     |  Latency (cycles) | Iteration|  Initiation Interval  | Trip |          |
        |      Loop Name      |   min   |   max   |  Latency |  achieved |   target  | Count| Pipelined|
        +---------------------+---------+---------+----------+-----------+-----------+------+----------+
        |- VITIS_LOOP_148_14  |       13|       13|        13|          1|          1|     2|       yes|
        +---------------------+---------+---------+----------+-----------+-----------+------+----------+



================================================================
== Utilization Estimates
================================================================
* Summary: 
+-----------------+---------+-----+--------+-------+-----+
|       Name      | BRAM_18K| DSP |   FF   |  LUT  | URAM|
+-----------------+---------+-----+--------+-------+-----+
|DSP              |        -|   86|       -|      -|    -|
|Expression       |        -|    -|       0|   3907|    -|
|FIFO             |        -|    -|       -|      -|    -|
|Instance         |        -|    2|     141|   4153|    -|
|Memory           |        -|    -|       -|      -|    -|
|Multiplexer      |        -|    -|       0|     45|    -|
|Register         |        -|    -|    3081|     32|    -|
+-----------------+---------+-----+--------+-------+-----+
|Total            |        0|   88|    3222|   8137|    0|
+-----------------+---------+-----+--------+-------+-----+
|Available        |      280|  220|  106400|  53200|    0|
+-----------------+---------+-----+--------+-------+-----+
|Utilization (%)  |        0|   40|       3|     15|    0|
+-----------------+---------+-----+--------+-------+-----+

+ Detail: 
    * Instance: 
    +-------------------------+--------------------+---------+----+-----+----+-----+
    |         Instance        |       Module       | BRAM_18K| DSP|  FF | LUT| URAM|
    +-------------------------+--------------------+---------+----+-----+----+-----+
    |mul_31s_21s_51_2_1_U493  |mul_31s_21s_51_2_1  |        0|   2|  141|  48|    0|
    |mul_4s_7ns_10_1_1_U531   |mul_4s_7ns_10_1_1   |        0|   0|    0|  33|    0|
    |mul_5s_7ns_11_1_1_U508   |mul_5s_7ns_11_1_1   |        0|   0|    0|  33|    0|
    |mul_5s_7ns_11_1_1_U538   |mul_5s_7ns_11_1_1   |        0|   0|    0|  33|    0|
    |mul_5s_7ns_11_1_1_U554   |mul_5s_7ns_11_1_1   |        0|   0|    0|  33|    0|
    |mul_6s_7ns_12_1_1_U496   |mul_6s_7ns_12_1_1   |        0|   0|    0|  33|    0|
    |mul_6s_7ns_12_1_1_U507   |mul_6s_7ns_12_1_1   |        0|   0|    0|  33|    0|
    |mul_6s_7ns_12_1_1_U521   |mul_6s_7ns_12_1_1   |        0|   0|    0|  33|    0|
    |mul_6s_7ns_12_1_1_U539   |mul_6s_7ns_12_1_1   |        0|   0|    0|  33|    0|
    |mul_6s_7ns_12_1_1_U566   |mul_6s_7ns_12_1_1   |        0|   0|    0|  33|    0|
    |mul_6s_7ns_12_1_1_U599   |mul_6s_7ns_12_1_1   |        0|   0|    0|  33|    0|
    |mul_6s_7ns_13_1_1_U497   |mul_6s_7ns_13_1_1   |        0|   0|    0|  33|    0|
    |mul_6s_7ns_13_1_1_U532   |mul_6s_7ns_13_1_1   |        0|   0|    0|  33|    0|
    |mul_7ns_2s_13_1_1_U546   |mul_7ns_2s_13_1_1   |        0|   0|    0|  33|    0|
    |mul_7ns_2s_14_1_1_U582   |mul_7ns_2s_14_1_1   |        0|   0|    0|  33|    0|
    |mul_7ns_2s_15_1_1_U548   |mul_7ns_2s_15_1_1   |        0|   0|    0|  33|    0|
    |mul_7ns_2s_15_1_1_U580   |mul_7ns_2s_15_1_1   |        0|   0|    0|  33|    0|
    |mul_7ns_3s_12_1_1_U558   |mul_7ns_3s_12_1_1   |        0|   0|    0|  33|    0|
    |mul_7ns_4s_14_1_1_U586   |mul_7ns_4s_14_1_1   |        0|   0|    0|  33|    0|
    |mul_7ns_5ns_12_1_1_U559  |mul_7ns_5ns_12_1_1  |        0|   0|    0|  33|    0|
    |mul_7ns_5s_13_1_1_U572   |mul_7ns_5s_13_1_1   |        0|   0|    0|  33|    0|
    |mul_7ns_5s_14_1_1_U569   |mul_7ns_5s_14_1_1   |        0|   0|    0|  33|    0|
    |mul_7ns_5s_14_1_1_U591   |mul_7ns_5s_14_1_1   |        0|   0|    0|  33|    0|
    |mul_7ns_6ns_12_1_1_U584  |mul_7ns_6ns_12_1_1  |        0|   0|    0|  33|    0|
    |mul_7ns_6ns_12_1_1_U592  |mul_7ns_6ns_12_1_1  |        0|   0|    0|  33|    0|
    |mul_7ns_6ns_13_1_1_U573  |mul_7ns_6ns_13_1_1  |        0|   0|    0|  33|    0|
    |mul_7ns_6s_13_1_1_U547   |mul_7ns_6s_13_1_1   |        0|   0|    0|  33|    0|
    |mul_7ns_6s_14_1_1_U560   |mul_7ns_6s_14_1_1   |        0|   0|    0|  33|    0|
    |mul_7ns_6s_14_1_1_U576   |mul_7ns_6s_14_1_1   |        0|   0|    0|  33|    0|
    |mul_7ns_6s_14_1_1_U598   |mul_7ns_6s_14_1_1   |        0|   0|    0|  33|    0|
    |mul_7ns_7ns_13_1_1_U516  |mul_7ns_7ns_13_1_1  |        0|   0|    0|  33|    0|
    |mul_7ns_7ns_13_1_1_U542  |mul_7ns_7ns_13_1_1  |        0|   0|    0|  33|    0|
    |mul_7ns_7ns_13_1_1_U606  |mul_7ns_7ns_13_1_1  |        0|   0|    0|  33|    0|
    |mul_7ns_7ns_14_1_1_U541  |mul_7ns_7ns_14_1_1  |        0|   0|    0|  33|    0|
    |mul_7ns_7ns_14_1_1_U561  |mul_7ns_7ns_14_1_1  |        0|   0|    0|  33|    0|
    |mul_7ns_7ns_14_1_1_U585  |mul_7ns_7ns_14_1_1  |        0|   0|    0|  33|    0|
    |mul_7ns_7ns_14_1_1_U603  |mul_7ns_7ns_14_1_1  |        0|   0|    0|  33|    0|
    |mul_7ns_7s_14_1_1_U540   |mul_7ns_7s_14_1_1   |        0|   0|    0|  33|    0|
    |mul_7ns_7s_14_1_1_U568   |mul_7ns_7s_14_1_1   |        0|   0|    0|  33|    0|
    |mul_7ns_7s_14_1_1_U577   |mul_7ns_7s_14_1_1   |        0|   0|    0|  33|    0|
    |mul_7ns_7s_14_1_1_U581   |mul_7ns_7s_14_1_1   |        0|   0|    0|  33|    0|
    |mul_7ns_7s_14_1_1_U590   |mul_7ns_7s_14_1_1   |        0|   0|    0|  33|    0|
    |mul_7ns_7s_14_1_1_U597   |mul_7ns_7s_14_1_1   |        0|   0|    0|  33|    0|
    |mul_7ns_7s_14_1_1_U604   |mul_7ns_7s_14_1_1   |        0|   0|    0|  33|    0|
    |mul_7ns_8ns_14_1_1_U578  |mul_7ns_8ns_14_1_1  |        0|   0|    0|  41|    0|
    |mul_7ns_8ns_15_1_1_U529  |mul_7ns_8ns_15_1_1  |        0|   0|    0|  41|    0|
    |mul_7ns_8s_15_1_1_U530   |mul_7ns_8s_15_1_1   |        0|   0|    0|  41|    0|
    |mul_7ns_8s_15_1_1_U549   |mul_7ns_8s_15_1_1   |        0|   0|    0|  41|    0|
    |mul_7ns_8s_15_1_1_U570   |mul_7ns_8s_15_1_1   |        0|   0|    0|  41|    0|
    |mul_7ns_8s_15_1_1_U579   |mul_7ns_8s_15_1_1   |        0|   0|    0|  41|    0|
    |mul_7s_7ns_13_1_1_U524   |mul_7s_7ns_13_1_1   |        0|   0|    0|  33|    0|
    |mul_7s_7ns_13_1_1_U536   |mul_7s_7ns_13_1_1   |        0|   0|    0|  33|    0|
    |mul_7s_7ns_13_1_1_U550   |mul_7s_7ns_13_1_1   |        0|   0|    0|  33|    0|
    |mul_7s_7ns_13_1_1_U553   |mul_7s_7ns_13_1_1   |        0|   0|    0|  33|    0|
    |mul_7s_7ns_13_1_1_U557   |mul_7s_7ns_13_1_1   |        0|   0|    0|  33|    0|
    |mul_7s_7ns_13_1_1_U562   |mul_7s_7ns_13_1_1   |        0|   0|    0|  33|    0|
    |mul_7s_7ns_13_1_1_U575   |mul_7s_7ns_13_1_1   |        0|   0|    0|  33|    0|
    |mul_7s_7ns_13_1_1_U588   |mul_7s_7ns_13_1_1   |        0|   0|    0|  33|    0|
    |mul_7s_7ns_13_1_1_U594   |mul_7s_7ns_13_1_1   |        0|   0|    0|  33|    0|
    |mul_7s_7ns_13_1_1_U595   |mul_7s_7ns_13_1_1   |        0|   0|    0|  33|    0|
    |mul_7s_7ns_13_1_1_U596   |mul_7s_7ns_13_1_1   |        0|   0|    0|  33|    0|
    |mul_7s_7ns_13_1_1_U600   |mul_7s_7ns_13_1_1   |        0|   0|    0|  33|    0|
    |mul_7s_7ns_13_1_1_U601   |mul_7s_7ns_13_1_1   |        0|   0|    0|  33|    0|
    |mul_7s_7ns_13_1_1_U605   |mul_7s_7ns_13_1_1   |        0|   0|    0|  33|    0|
    |mul_7s_7ns_14_1_1_U513   |mul_7s_7ns_14_1_1   |        0|   0|    0|  33|    0|
    |mul_7s_7ns_14_1_1_U543   |mul_7s_7ns_14_1_1   |        0|   0|    0|  33|    0|
    |mul_7s_7ns_14_1_1_U552   |mul_7s_7ns_14_1_1   |        0|   0|    0|  33|    0|
    |mul_7s_7ns_14_1_1_U555   |mul_7s_7ns_14_1_1   |        0|   0|    0|  33|    0|
    |mul_7s_7ns_14_1_1_U556   |mul_7s_7ns_14_1_1   |        0|   0|    0|  33|    0|
    |mul_7s_7ns_14_1_1_U565   |mul_7s_7ns_14_1_1   |        0|   0|    0|  33|    0|
    |mul_7s_7ns_14_1_1_U583   |mul_7s_7ns_14_1_1   |        0|   0|    0|  33|    0|
    |mul_7s_7ns_14_1_1_U593   |mul_7s_7ns_14_1_1   |        0|   0|    0|  33|    0|
    |mul_7s_7ns_14_1_1_U602   |mul_7s_7ns_14_1_1   |        0|   0|    0|  33|    0|
    |mul_8s_7ns_14_1_1_U499   |mul_8s_7ns_14_1_1   |        0|   0|    0|  41|    0|
    |mul_8s_7ns_14_1_1_U501   |mul_8s_7ns_14_1_1   |        0|   0|    0|  41|    0|
    |mul_8s_7ns_14_1_1_U502   |mul_8s_7ns_14_1_1   |        0|   0|    0|  41|    0|
    |mul_8s_7ns_14_1_1_U522   |mul_8s_7ns_14_1_1   |        0|   0|    0|  41|    0|
    |mul_8s_7ns_14_1_1_U526   |mul_8s_7ns_14_1_1   |        0|   0|    0|  41|    0|
    |mul_8s_7ns_14_1_1_U528   |mul_8s_7ns_14_1_1   |        0|   0|    0|  41|    0|
    |mul_8s_7ns_14_1_1_U533   |mul_8s_7ns_14_1_1   |        0|   0|    0|  41|    0|
    |mul_8s_7ns_14_1_1_U564   |mul_8s_7ns_14_1_1   |        0|   0|    0|  41|    0|
    |mul_8s_7ns_14_1_1_U567   |mul_8s_7ns_14_1_1   |        0|   0|    0|  41|    0|
    |mul_8s_7ns_14_1_1_U589   |mul_8s_7ns_14_1_1   |        0|   0|    0|  41|    0|
    |mul_8s_7ns_15_1_1_U494   |mul_8s_7ns_15_1_1   |        0|   0|    0|  41|    0|
    |mul_8s_7ns_15_1_1_U495   |mul_8s_7ns_15_1_1   |        0|   0|    0|  41|    0|
    |mul_8s_7ns_15_1_1_U498   |mul_8s_7ns_15_1_1   |        0|   0|    0|  41|    0|
    |mul_8s_7ns_15_1_1_U500   |mul_8s_7ns_15_1_1   |        0|   0|    0|  41|    0|
    |mul_8s_7ns_15_1_1_U503   |mul_8s_7ns_15_1_1   |        0|   0|    0|  41|    0|
    |mul_8s_7ns_15_1_1_U504   |mul_8s_7ns_15_1_1   |        0|   0|    0|  41|    0|
    |mul_8s_7ns_15_1_1_U505   |mul_8s_7ns_15_1_1   |        0|   0|    0|  41|    0|
    |mul_8s_7ns_15_1_1_U506   |mul_8s_7ns_15_1_1   |        0|   0|    0|  41|    0|
    |mul_8s_7ns_15_1_1_U509   |mul_8s_7ns_15_1_1   |        0|   0|    0|  41|    0|
    |mul_8s_7ns_15_1_1_U510   |mul_8s_7ns_15_1_1   |        0|   0|    0|  41|    0|
    |mul_8s_7ns_15_1_1_U511   |mul_8s_7ns_15_1_1   |        0|   0|    0|  41|    0|
    |mul_8s_7ns_15_1_1_U512   |mul_8s_7ns_15_1_1   |        0|   0|    0|  41|    0|
    |mul_8s_7ns_15_1_1_U514   |mul_8s_7ns_15_1_1   |        0|   0|    0|  41|    0|
    |mul_8s_7ns_15_1_1_U515   |mul_8s_7ns_15_1_1   |        0|   0|    0|  41|    0|
    |mul_8s_7ns_15_1_1_U517   |mul_8s_7ns_15_1_1   |        0|   0|    0|  41|    0|
    |mul_8s_7ns_15_1_1_U518   |mul_8s_7ns_15_1_1   |        0|   0|    0|  41|    0|
    |mul_8s_7ns_15_1_1_U519   |mul_8s_7ns_15_1_1   |        0|   0|    0|  41|    0|
    |mul_8s_7ns_15_1_1_U520   |mul_8s_7ns_15_1_1   |        0|   0|    0|  41|    0|
    |mul_8s_7ns_15_1_1_U523   |mul_8s_7ns_15_1_1   |        0|   0|    0|  41|    0|
    |mul_8s_7ns_15_1_1_U525   |mul_8s_7ns_15_1_1   |        0|   0|    0|  41|    0|
    |mul_8s_7ns_15_1_1_U527   |mul_8s_7ns_15_1_1   |        0|   0|    0|  41|    0|
    |mul_8s_7ns_15_1_1_U534   |mul_8s_7ns_15_1_1   |        0|   0|    0|  41|    0|
    |mul_8s_7ns_15_1_1_U535   |mul_8s_7ns_15_1_1   |        0|   0|    0|  41|    0|
    |mul_8s_7ns_15_1_1_U537   |mul_8s_7ns_15_1_1   |        0|   0|    0|  41|    0|
    |mul_8s_7ns_15_1_1_U544   |mul_8s_7ns_15_1_1   |        0|   0|    0|  41|    0|
    |mul_8s_7ns_15_1_1_U545   |mul_8s_7ns_15_1_1   |        0|   0|    0|  41|    0|
    |mul_8s_7ns_15_1_1_U551   |mul_8s_7ns_15_1_1   |        0|   0|    0|  41|    0|
    |mul_8s_7ns_15_1_1_U563   |mul_8s_7ns_15_1_1   |        0|   0|    0|  41|    0|
    |mul_8s_7ns_15_1_1_U571   |mul_8s_7ns_15_1_1   |        0|   0|    0|  41|    0|
    |mul_8s_7ns_15_1_1_U574   |mul_8s_7ns_15_1_1   |        0|   0|    0|  41|    0|
    |mul_8s_7ns_15_1_1_U587   |mul_8s_7ns_15_1_1   |        0|   0|    0|  41|    0|
    +-------------------------+--------------------+---------+----+-----+----+-----+
    |Total                    |                    |        0|   2|  141|4153|    0|
    +-------------------------+--------------------+---------+----+-----+----+-----+

    * DSP: 
    +------------------------------------------+-------------------------------------+---------------------+
    |                 Instance                 |                Module               |      Expression     |
    +------------------------------------------+-------------------------------------+---------------------+
    |ama_addmuladd_7ns_7ns_7s_14s_15_4_1_U667  |ama_addmuladd_7ns_7ns_7s_14s_15_4_1  |  i0 + i1 * (i2 + i3)|
    |mac_muladd_7ns_3s_15s_15_4_1_U677         |mac_muladd_7ns_3s_15s_15_4_1         |         i0 + i1 * i2|
    |mac_muladd_7ns_4s_14ns_15_4_1_U616        |mac_muladd_7ns_4s_14ns_15_4_1        |         i0 + i1 * i2|
    |mac_muladd_7ns_4s_14s_14_4_1_U684         |mac_muladd_7ns_4s_14s_14_4_1         |         i0 * i1 + i2|
    |mac_muladd_7ns_5ns_15s_15_4_1_U660        |mac_muladd_7ns_5ns_15s_15_4_1        |         i0 + i1 * i2|
    |mac_muladd_7ns_5s_14s_14_4_1_U609         |mac_muladd_7ns_5s_14s_14_4_1         |         i0 * i1 + i2|
    |mac_muladd_7ns_5s_14s_14_4_1_U623         |mac_muladd_7ns_5s_14s_14_4_1         |         i0 + i1 * i2|
    |mac_muladd_7ns_5s_15s_15_4_1_U668         |mac_muladd_7ns_5s_15s_15_4_1         |         i0 + i1 * i2|
    |mac_muladd_7ns_5s_16s_16_4_1_U646         |mac_muladd_7ns_5s_16s_16_4_1         |         i0 + i1 * i2|
    |mac_muladd_7ns_5s_16s_16_4_1_U669         |mac_muladd_7ns_5s_16s_16_4_1         |         i0 + i1 * i2|
    |mac_muladd_7ns_6s_14ns_15_4_1_U617        |mac_muladd_7ns_6s_14ns_15_4_1        |         i0 * i1 + i2|
    |mac_muladd_7ns_6s_14ns_15_4_1_U652        |mac_muladd_7ns_6s_14ns_15_4_1        |         i0 * i1 + i2|
    |mac_muladd_7ns_6s_14s_14_4_1_U656         |mac_muladd_7ns_6s_14s_14_4_1         |         i0 * i1 + i2|
    |mac_muladd_7ns_6s_14s_15_4_1_U634         |mac_muladd_7ns_6s_14s_15_4_1         |         i0 * i1 + i2|
    |mac_muladd_7ns_6s_14s_15_4_1_U635         |mac_muladd_7ns_6s_14s_15_4_1         |         i0 + i1 * i2|
    |mac_muladd_7ns_6s_14s_15_4_1_U644         |mac_muladd_7ns_6s_14s_15_4_1         |         i0 + i1 * i2|
    |mac_muladd_7ns_6s_14s_15_4_1_U664         |mac_muladd_7ns_6s_14s_15_4_1         |         i0 + i1 * i2|
    |mac_muladd_7ns_6s_14s_15_4_1_U686         |mac_muladd_7ns_6s_14s_15_4_1         |         i0 + i1 * i2|
    |mac_muladd_7ns_6s_15s_15_4_1_U618         |mac_muladd_7ns_6s_15s_15_4_1         |         i0 * i1 + i2|
    |mac_muladd_7ns_6s_15s_15_4_1_U620         |mac_muladd_7ns_6s_15s_15_4_1         |         i0 * i1 + i2|
    |mac_muladd_7ns_6s_15s_15_4_1_U624         |mac_muladd_7ns_6s_15s_15_4_1         |         i0 * i1 + i2|
    |mac_muladd_7ns_6s_15s_15_4_1_U633         |mac_muladd_7ns_6s_15s_15_4_1         |         i0 + i1 * i2|
    |mac_muladd_7ns_6s_15s_15_4_1_U641         |mac_muladd_7ns_6s_15s_15_4_1         |         i0 * i1 + i2|
    |mac_muladd_7ns_6s_15s_15_4_1_U666         |mac_muladd_7ns_6s_15s_15_4_1         |         i0 + i1 * i2|
    |mac_muladd_7ns_6s_15s_15_4_1_U671         |mac_muladd_7ns_6s_15s_15_4_1         |         i0 + i1 * i2|
    |mac_muladd_7ns_6s_15s_15_4_1_U672         |mac_muladd_7ns_6s_15s_15_4_1         |         i0 + i1 * i2|
    |mac_muladd_7ns_6s_15s_15_4_1_U674         |mac_muladd_7ns_6s_15s_15_4_1         |         i0 + i1 * i2|
    |mac_muladd_7ns_6s_15s_15_4_1_U683         |mac_muladd_7ns_6s_15s_15_4_1         |         i0 + i1 * i2|
    |mac_muladd_7ns_6s_15s_16_4_1_U631         |mac_muladd_7ns_6s_15s_16_4_1         |         i0 * i1 + i2|
    |mac_muladd_7ns_6s_15s_16_4_1_U648         |mac_muladd_7ns_6s_15s_16_4_1         |         i0 + i1 * i2|
    |mac_muladd_7ns_6s_16s_16_4_1_U670         |mac_muladd_7ns_6s_16s_16_4_1         |         i0 + i1 * i2|
    |mac_muladd_7ns_6s_16s_16_4_1_U682         |mac_muladd_7ns_6s_16s_16_4_1         |         i0 + i1 * i2|
    |mac_muladd_7ns_6s_16s_17_4_1_U645         |mac_muladd_7ns_6s_16s_17_4_1         |         i0 + i1 * i2|
    |mac_muladd_7s_7ns_13ns_15_4_1_U610        |mac_muladd_7s_7ns_13ns_15_4_1        |         i0 * i1 + i2|
    |mac_muladd_7s_7ns_13s_15_4_1_U675         |mac_muladd_7s_7ns_13s_15_4_1         |         i0 * i1 + i2|
    |mac_muladd_7s_7ns_14ns_15_4_1_U613        |mac_muladd_7s_7ns_14ns_15_4_1        |         i0 + i1 * i2|
    |mac_muladd_7s_7ns_14s_14_4_1_U681         |mac_muladd_7s_7ns_14s_14_4_1         |         i0 + i1 * i2|
    |mac_muladd_7s_7ns_14s_15_4_1_U619         |mac_muladd_7s_7ns_14s_15_4_1         |         i0 * i1 + i2|
    |mac_muladd_7s_7ns_14s_15_4_1_U650         |mac_muladd_7s_7ns_14s_15_4_1         |         i0 + i1 * i2|
    |mac_muladd_7s_7ns_14s_15_4_1_U663         |mac_muladd_7s_7ns_14s_15_4_1         |         i0 + i1 * i2|
    |mac_muladd_7s_7ns_15s_15_4_1_U607         |mac_muladd_7s_7ns_15s_15_4_1         |         i0 + i1 * i2|
    |mac_muladd_7s_7ns_15s_15_4_1_U615         |mac_muladd_7s_7ns_15s_15_4_1         |         i0 * i1 + i2|
    |mac_muladd_7s_7ns_15s_15_4_1_U621         |mac_muladd_7s_7ns_15s_15_4_1         |         i0 + i1 * i2|
    |mac_muladd_7s_7ns_15s_15_4_1_U632         |mac_muladd_7s_7ns_15s_15_4_1         |         i0 + i1 * i2|
    |mac_muladd_7s_7ns_15s_15_4_1_U637         |mac_muladd_7s_7ns_15s_15_4_1         |         i0 * i1 + i2|
    |mac_muladd_7s_7ns_15s_15_4_1_U638         |mac_muladd_7s_7ns_15s_15_4_1         |         i0 + i1 * i2|
    |mac_muladd_7s_7ns_15s_15_4_1_U639         |mac_muladd_7s_7ns_15s_15_4_1         |         i0 + i1 * i2|
    |mac_muladd_7s_7ns_15s_15_4_1_U640         |mac_muladd_7s_7ns_15s_15_4_1         |         i0 * i1 + i2|
    |mac_muladd_7s_7ns_15s_15_4_1_U655         |mac_muladd_7s_7ns_15s_15_4_1         |         i0 + i1 * i2|
    |mac_muladd_7s_7ns_15s_15_4_1_U658         |mac_muladd_7s_7ns_15s_15_4_1         |         i0 + i1 * i2|
    |mac_muladd_7s_7ns_15s_15_4_1_U661         |mac_muladd_7s_7ns_15s_15_4_1         |         i0 + i1 * i2|
    |mac_muladd_7s_7ns_15s_15_4_1_U679         |mac_muladd_7s_7ns_15s_15_4_1         |         i0 + i1 * i2|
    |mac_muladd_7s_7ns_15s_15_4_1_U687         |mac_muladd_7s_7ns_15s_15_4_1         |         i0 + i1 * i2|
    |mac_muladd_7s_7ns_15s_16_4_1_U628         |mac_muladd_7s_7ns_15s_16_4_1         |         i0 + i1 * i2|
    |mac_muladd_7s_7ns_15s_16_4_1_U630         |mac_muladd_7s_7ns_15s_16_4_1         |         i0 * i1 + i2|
    |mac_muladd_7s_7ns_15s_16_4_1_U657         |mac_muladd_7s_7ns_15s_16_4_1         |         i0 + i1 * i2|
    |mac_muladd_7s_7ns_15s_16_4_1_U685         |mac_muladd_7s_7ns_15s_16_4_1         |         i0 * i1 + i2|
    |mac_muladd_7s_7ns_15s_16_4_1_U692         |mac_muladd_7s_7ns_15s_16_4_1         |         i0 + i1 * i2|
    |mac_muladd_7s_7ns_16s_16_4_1_U688         |mac_muladd_7s_7ns_16s_16_4_1         |         i0 + i1 * i2|
    |mac_muladd_7s_7ns_16s_16_4_1_U690         |mac_muladd_7s_7ns_16s_16_4_1         |         i0 + i1 * i2|
    |mac_muladd_8s_7ns_13ns_15_4_1_U622        |mac_muladd_8s_7ns_13ns_15_4_1        |         i0 + i1 * i2|
    |mac_muladd_8s_7ns_13ns_15_4_1_U626        |mac_muladd_8s_7ns_13ns_15_4_1        |         i0 + i1 * i2|
    |mac_muladd_8s_7ns_13s_15_4_1_U627         |mac_muladd_8s_7ns_13s_15_4_1         |         i0 * i1 + i2|
    |mac_muladd_8s_7ns_13s_15_4_1_U651         |mac_muladd_8s_7ns_13s_15_4_1         |         i0 + i1 * i2|
    |mac_muladd_8s_7ns_13s_15_4_1_U659         |mac_muladd_8s_7ns_13s_15_4_1         |         i0 * i1 + i2|
    |mac_muladd_8s_7ns_14ns_16_4_1_U653        |mac_muladd_8s_7ns_14ns_16_4_1        |         i0 * i1 + i2|
    |mac_muladd_8s_7ns_14s_15_4_1_U611         |mac_muladd_8s_7ns_14s_15_4_1         |         i0 + i1 * i2|
    |mac_muladd_8s_7ns_14s_16_4_1_U689         |mac_muladd_8s_7ns_14s_16_4_1         |         i0 + i1 * i2|
    |mac_muladd_8s_7ns_15s_15_4_1_U608         |mac_muladd_8s_7ns_15s_15_4_1         |         i0 + i1 * i2|
    |mac_muladd_8s_7ns_15s_15_4_1_U654         |mac_muladd_8s_7ns_15s_15_4_1         |         i0 + i1 * i2|
    |mac_muladd_8s_7ns_15s_15_4_1_U665         |mac_muladd_8s_7ns_15s_15_4_1         |         i0 + i1 * i2|
    |mac_muladd_8s_7ns_15s_16_4_1_U612         |mac_muladd_8s_7ns_15s_16_4_1         |         i0 + i1 * i2|
    |mac_muladd_8s_7ns_15s_16_4_1_U614         |mac_muladd_8s_7ns_15s_16_4_1         |         i0 + i1 * i2|
    |mac_muladd_8s_7ns_15s_16_4_1_U625         |mac_muladd_8s_7ns_15s_16_4_1         |         i0 + i1 * i2|
    |mac_muladd_8s_7ns_15s_16_4_1_U629         |mac_muladd_8s_7ns_15s_16_4_1         |         i0 + i1 * i2|
    |mac_muladd_8s_7ns_15s_16_4_1_U636         |mac_muladd_8s_7ns_15s_16_4_1         |         i0 + i1 * i2|
    |mac_muladd_8s_7ns_15s_16_4_1_U642         |mac_muladd_8s_7ns_15s_16_4_1         |         i0 + i1 * i2|
    |mac_muladd_8s_7ns_15s_16_4_1_U643         |mac_muladd_8s_7ns_15s_16_4_1         |         i0 + i1 * i2|
    |mac_muladd_8s_7ns_15s_16_4_1_U649         |mac_muladd_8s_7ns_15s_16_4_1         |         i0 + i1 * i2|
    |mac_muladd_8s_7ns_15s_16_4_1_U662         |mac_muladd_8s_7ns_15s_16_4_1         |         i0 + i1 * i2|
    |mac_muladd_8s_7ns_15s_16_4_1_U673         |mac_muladd_8s_7ns_15s_16_4_1         |         i0 + i1 * i2|
    |mac_muladd_8s_7ns_15s_16_4_1_U678         |mac_muladd_8s_7ns_15s_16_4_1         |         i0 + i1 * i2|
    |mac_muladd_8s_7ns_15s_16_4_1_U680         |mac_muladd_8s_7ns_15s_16_4_1         |         i0 + i1 * i2|
    |mac_muladd_8s_7ns_15s_16_4_1_U691         |mac_muladd_8s_7ns_15s_16_4_1         |         i0 + i1 * i2|
    |mac_muladd_8s_7ns_16s_17_4_1_U647         |mac_muladd_8s_7ns_16s_17_4_1         |         i0 + i1 * i2|
    |mac_muladd_8s_7ns_16s_17_4_1_U676         |mac_muladd_8s_7ns_16s_17_4_1         |         i0 + i1 * i2|
    +------------------------------------------+-------------------------------------+---------------------+

    * Memory: 
    N/A

    * FIFO: 
    N/A

    * Expression: 
    +----------------------------+----------+----+---+----+------------+------------+
    |        Variable Name       | Operation| DSP| FF| LUT| Bitwidth P0| Bitwidth P1|
    +----------------------------+----------+----+---+----+------------+------------+
    |acc64_3_fu_6499_p2          |         +|   0|  0|  58|          51|          39|
    |acc_fu_6482_p2              |         +|   0|  0|  28|          21|          21|
    |add_ln148_fu_2998_p2        |         +|   0|  0|  10|           2|           1|
    |add_ln154_101_fu_6147_p2    |         +|   0|  0|  17|          17|          17|
    |add_ln154_104_fu_6156_p2    |         +|   0|  0|  17|          17|          17|
    |add_ln154_105_fu_6379_p2    |         +|   0|  0|  18|          18|          18|
    |add_ln154_10_fu_6320_p2     |         +|   0|  0|  17|          17|          17|
    |add_ln154_110_fu_6168_p2    |         +|   0|  0|  17|          17|          17|
    |add_ln154_112_fu_5707_p2    |         +|   0|  0|  16|          16|          16|
    |add_ln154_115_fu_5712_p2    |         +|   0|  0|  16|          16|          16|
    |add_ln154_116_fu_6177_p2    |         +|   0|  0|  17|          17|          17|
    |add_ln154_117_fu_6388_p2    |         +|   0|  0|  18|          18|          18|
    |add_ln154_122_fu_6189_p2    |         +|   0|  0|  17|          17|          17|
    |add_ln154_123_fu_4321_p2    |         +|   0|  0|  14|          13|          13|
    |add_ln154_127_fu_5723_p2    |         +|   0|  0|  24|          17|          17|
    |add_ln154_128_fu_6195_p2    |         +|   0|  0|  17|          17|          17|
    |add_ln154_132_fu_5735_p2    |         +|   0|  0|  23|          16|          16|
    |add_ln154_133_fu_6206_p2    |         +|   0|  0|  17|          17|          17|
    |add_ln154_136_fu_5089_p2    |         +|   0|  0|  20|          15|          15|
    |add_ln154_137_fu_5747_p2    |         +|   0|  0|  16|          16|          16|
    |add_ln154_138_fu_5753_p2    |         +|   0|  0|  16|          16|          16|
    |add_ln154_139_fu_6215_p2    |         +|   0|  0|  17|          17|          17|
    |add_ln154_13_fu_5555_p2     |         +|   0|  0|  20|          15|          15|
    |add_ln154_140_fu_6404_p2    |         +|   0|  0|  25|          18|          18|
    |add_ln154_141_fu_6414_p2    |         +|   0|  0|  26|          19|          19|
    |add_ln154_143_fu_5759_p2    |         +|   0|  0|  20|          15|          15|
    |add_ln154_146_fu_5768_p2    |         +|   0|  0|  23|          16|          16|
    |add_ln154_147_fu_5773_p2    |         +|   0|  0|  20|          15|          15|
    |add_ln154_148_fu_5782_p2    |         +|   0|  0|  23|          16|          16|
    |add_ln154_14_fu_5996_p2     |         +|   0|  0|  23|          16|          16|
    |add_ln154_150_fu_5098_p2    |         +|   0|  0|  20|          15|          15|
    |add_ln154_151_fu_5795_p2    |         +|   0|  0|  24|          17|          17|
    |add_ln154_152_fu_6227_p2    |         +|   0|  0|  18|          18|          18|
    |add_ln154_157_fu_5807_p2    |         +|   0|  0|  23|          16|          16|
    |add_ln154_158_fu_5103_p2    |         +|   0|  0|  15|          15|          15|
    |add_ln154_159_fu_5108_p2    |         +|   0|  0|  15|          15|          15|
    |add_ln154_15_fu_6006_p2     |         +|   0|  0|  17|          17|          17|
    |add_ln154_161_fu_5118_p2    |         +|   0|  0|  20|          15|          15|
    |add_ln154_162_fu_5127_p2    |         +|   0|  0|  23|          16|          16|
    |add_ln154_163_fu_5820_p2    |         +|   0|  0|  24|          17|          17|
    |add_ln154_164_fu_6236_p2    |         +|   0|  0|  18|          18|          18|
    |add_ln154_166_fu_5826_p2    |         +|   0|  0|  20|          15|          15|
    |add_ln154_169_fu_6248_p2    |         +|   0|  0|  24|          17|          17|
    |add_ln154_174_fu_6264_p2    |         +|   0|  0|  24|          17|          17|
    |add_ln154_175_fu_6274_p2    |         +|   0|  0|  25|          18|          18|
    |add_ln154_179_fu_5843_p2    |         +|   0|  0|  16|          16|          16|
    |add_ln154_17_fu_5563_p2     |         +|   0|  0|  16|          16|          16|
    |add_ln154_180_fu_5849_p2    |         +|   0|  0|  16|          16|          16|
    |add_ln154_185_fu_6289_p2    |         +|   0|  0|  24|          17|          17|
    |add_ln154_186_fu_6299_p2    |         +|   0|  0|  25|          18|          18|
    |add_ln154_187_fu_6429_p2    |         +|   0|  0|  19|          19|          19|
    |add_ln154_188_fu_6435_p2    |         +|   0|  0|  19|          19|          19|
    |add_ln154_189_fu_6472_p2    |         +|   0|  0|  27|          20|          20|
    |add_ln154_1_fu_5546_p2      |         +|   0|  0|  20|          15|          15|
    |add_ln154_20_fu_5569_p2     |         +|   0|  0|  16|          16|          16|
    |add_ln154_21_fu_6015_p2     |         +|   0|  0|  17|          17|          17|
    |add_ln154_22_fu_6333_p2     |         +|   0|  0|  25|          18|          18|
    |add_ln154_23_fu_4306_p2     |         +|   0|  0|  14|          13|          13|
    |add_ln154_24_fu_4993_p2     |         +|   0|  0|  20|          15|          15|
    |add_ln154_27_fu_5577_p2     |         +|   0|  0|  23|          16|          16|
    |add_ln154_2_fu_4981_p2      |         +|   0|  0|  17|          14|          14|
    |add_ln154_31_fu_5008_p2     |         +|   0|  0|  23|          16|          16|
    |add_ln154_32_fu_5589_p2     |         +|   0|  0|  24|          17|          17|
    |add_ln154_33_fu_5598_p2     |         +|   0|  0|  25|          18|          18|
    |add_ln154_36_fu_5014_p2     |         +|   0|  0|  23|          16|          16|
    |add_ln154_38_fu_5607_p2     |         +|   0|  0|  24|          17|          17|
    |add_ln154_39_fu_3609_p2     |         +|   0|  0|  17|          14|          14|
    |add_ln154_41_fu_5027_p2     |         +|   0|  0|  20|          15|          15|
    |add_ln154_42_fu_5036_p2     |         +|   0|  0|  16|          16|          16|
    |add_ln154_43_fu_5042_p2     |         +|   0|  0|  16|          16|          16|
    |add_ln154_44_fu_5619_p2     |         +|   0|  0|  25|          18|          18|
    |add_ln154_45_fu_6027_p2     |         +|   0|  0|  26|          19|          19|
    |add_ln154_46_fu_6447_p2     |         +|   0|  0|  20|          20|          20|
    |add_ln154_48_fu_5625_p2     |         +|   0|  0|  20|          15|          15|
    |add_ln154_4_fu_5970_p2      |         +|   0|  0|  23|          16|          16|
    |add_ln154_51_fu_6036_p2     |         +|   0|  0|  23|          16|          16|
    |add_ln154_53_fu_5639_p2     |         +|   0|  0|  17|          17|          17|
    |add_ln154_54_fu_4315_p2     |         +|   0|  0|  17|          14|          14|
    |add_ln154_55_fu_5051_p2     |         +|   0|  0|  23|          16|          16|
    |add_ln154_56_fu_5648_p2     |         +|   0|  0|  17|          17|          17|
    |add_ln154_57_fu_6048_p2     |         +|   0|  0|  25|          18|          18|
    |add_ln154_58_fu_5057_p2     |         +|   0|  0|  17|          14|          14|
    |add_ln154_62_fu_6057_p2     |         +|   0|  0|  23|          16|          16|
    |add_ln154_64_fu_5657_p2     |         +|   0|  0|  23|          16|          16|
    |add_ln154_67_fu_6072_p2     |         +|   0|  0|  24|          17|          17|
    |add_ln154_68_fu_6082_p2     |         +|   0|  0|  25|          18|          18|
    |add_ln154_69_fu_6345_p2     |         +|   0|  0|  19|          19|          19|
    |add_ln154_6_fu_5976_p2      |         +|   0|  0|  23|          16|          16|
    |add_ln154_70_fu_5063_p2     |         +|   0|  0|  17|          14|          14|
    |add_ln154_71_fu_5665_p2     |         +|   0|  0|  20|          15|          15|
    |add_ln154_74_fu_6094_p2     |         +|   0|  0|  17|          17|          17|
    |add_ln154_76_fu_5674_p2     |         +|   0|  0|  20|          15|          15|
    |add_ln154_79_fu_5686_p2     |         +|   0|  0|  23|          16|          16|
    |add_ln154_80_fu_6103_p2     |         +|   0|  0|  17|          17|          17|
    |add_ln154_85_fu_6112_p2     |         +|   0|  0|  17|          17|          17|
    |add_ln154_89_fu_5072_p2     |         +|   0|  0|  20|          15|          15|
    |add_ln154_8_fu_5984_p2      |         +|   0|  0|  20|          15|          15|
    |add_ln154_90_fu_5701_p2     |         +|   0|  0|  23|          16|          16|
    |add_ln154_91_fu_6120_p2     |         +|   0|  0|  17|          17|          17|
    |add_ln154_92_fu_6357_p2     |         +|   0|  0|  25|          18|          18|
    |add_ln154_93_fu_6367_p2     |         +|   0|  0|  19|          19|          19|
    |add_ln154_94_fu_6456_p2     |         +|   0|  0|  20|          20|          20|
    |add_ln154_96_fu_6126_p2     |         +|   0|  0|  20|          15|          15|
    |add_ln154_99_fu_6138_p2     |         +|   0|  0|  23|          16|          16|
    |add_ln154_9_fu_6314_p2      |         +|   0|  0|  17|          17|          17|
    |add_ln154_fu_5536_p2        |         +|   0|  0|  14|          13|          13|
    |grp_fu_7162_p2              |         +|   0|  0|  23|          16|          16|
    |res_fu_6517_p2              |         +|   0|  0|  17|          14|           8|
    |sub_ln154_1_fu_5866_p2      |         -|   0|  0|  17|          14|          14|
    |sub_ln154_2_fu_5199_p2      |         -|   0|  0|  13|           1|          13|
    |sub_ln154_3_fu_5216_p2      |         -|   0|  0|  13|          13|          13|
    |sub_ln154_4_fu_5260_p2      |         -|   0|  0|  12|          11|          11|
    |sub_ln154_5_fu_5352_p2      |         -|   0|  0|  14|           1|          14|
    |sub_ln154_6_fu_5369_p2      |         -|   0|  0|  14|          14|          14|
    |sub_ln154_7_fu_5921_p2      |         -|   0|  0|  17|          14|          14|
    |sub_ln154_8_fu_5433_p2      |         -|   0|  0|  12|          11|          11|
    |sub_ln154_9_fu_5527_p2      |         -|   0|  0|  12|          12|          12|
    |sub_ln154_fu_4858_p2        |         -|   0|  0|  15|           1|           8|
    |ap_block_pp0_stage0_11001   |       and|   0|  0|   2|           1|           1|
    |icmp_ln148_fu_2992_p2       |      icmp|   0|  0|  11|           2|           3|
    |icmp_ln150_fu_3004_p2       |      icmp|   0|  0|  10|           2|           1|
    |icmp_ln36_fu_6533_p2        |      icmp|   0|  0|  14|           7|           1|
    |icmp_ln37_fu_6539_p2        |      icmp|   0|  0|  17|          14|           9|
    |or_ln36_fu_6557_p2          |        or|   0|  0|   2|           1|           1|
    |grp_fu_6577_p00             |    select|   0|  0|   6|           1|           6|
    |grp_fu_6585_p00             |    select|   0|  0|   7|           1|           7|
    |grp_fu_6593_p10             |    select|   0|  0|   5|           1|           4|
    |grp_fu_6602_p00             |    select|   0|  0|   7|           1|           6|
    |grp_fu_6610_p00             |    select|   0|  0|   8|           1|           8|
    |grp_fu_6619_p00             |    select|   0|  0|   8|           1|           8|
    |grp_fu_6627_p00             |    select|   0|  0|   6|           1|           5|
    |grp_fu_6636_p00             |    select|   0|  0|   7|           1|           7|
    |grp_fu_6645_p00             |    select|   0|  0|   7|           1|           7|
    |grp_fu_6653_p10             |    select|   0|  0|   4|           1|           3|
    |grp_fu_6662_p10             |    select|   0|  0|   6|           1|           6|
    |grp_fu_6670_p10             |    select|   0|  0|   6|           1|           6|
    |grp_fu_6678_p00             |    select|   0|  0|   7|           1|           7|
    |grp_fu_6686_p10             |    select|   0|  0|   6|           1|           6|
    |grp_fu_6693_p00             |    select|   0|  0|   7|           1|           4|
    |grp_fu_6701_p00             |    select|   0|  0|   8|           1|           8|
    |grp_fu_6719_p10             |    select|   0|  0|   5|           1|           5|
    |grp_fu_6727_p00             |    select|   0|  0|   7|           1|           6|
    |grp_fu_6735_p00             |    select|   0|  0|   7|           1|           5|
    |grp_fu_6743_p00             |    select|   0|  0|   8|           1|           8|
    |grp_fu_6750_p00             |    select|   0|  0|   7|           1|           7|
    |grp_fu_6757_p00             |    select|   0|  0|   7|           1|           7|
    |grp_fu_6765_p00             |    select|   0|  0|   7|           1|           7|
    |grp_fu_6773_p10             |    select|   0|  0|   6|           1|           5|
    |grp_fu_6780_p00             |    select|   0|  0|   7|           1|           4|
    |grp_fu_6786_p10             |    select|   0|  0|   6|           1|           6|
    |grp_fu_6792_p10             |    select|   0|  0|   6|           1|           6|
    |grp_fu_6799_p10             |    select|   0|  0|   6|           1|           6|
    |grp_fu_6807_p00             |    select|   0|  0|   8|           1|           8|
    |grp_fu_6815_p00             |    select|   0|  0|   7|           1|           3|
    |grp_fu_6821_p00             |    select|   0|  0|   7|           1|           5|
    |grp_fu_6829_p00             |    select|   0|  0|   7|           1|           7|
    |grp_fu_6836_p00             |    select|   0|  0|   7|           1|           7|
    |grp_fu_6843_p10             |    select|   0|  0|   6|           1|           6|
    |grp_fu_6849_p00             |    select|   0|  0|   8|           1|           8|
    |grp_fu_6857_p00             |    select|   0|  0|   8|           1|           7|
    |grp_fu_6865_p10             |    select|   0|  0|   6|           1|           6|
    |grp_fu_6873_p10             |    select|   0|  0|   5|           1|           5|
    |grp_fu_6881_p10             |    select|   0|  0|   4|           1|           4|
    |grp_fu_6889_p00             |    select|   0|  0|   8|           1|           7|
    |grp_fu_6897_p10             |    select|   0|  0|   6|           1|           6|
    |grp_fu_6905_p00             |    select|   0|  0|   7|           1|           7|
    |grp_fu_6913_p00             |    select|   0|  0|   7|           1|           6|
    |grp_fu_6921_p00             |    select|   0|  0|   7|           1|           7|
    |grp_fu_6928_p10             |    select|   0|  0|   6|           1|           6|
    |grp_fu_6935_p00             |    select|   0|  0|   8|           1|           7|
    |grp_fu_6942_p00             |    select|   0|  0|   7|           1|           7|
    |grp_fu_6942_p2              |    select|   0|  0|  15|           1|          15|
    |grp_fu_6950_p00             |    select|   0|  0|   7|           1|           6|
    |grp_fu_6958_p10             |    select|   0|  0|   5|           1|           5|
    |grp_fu_6966_p00             |    select|   0|  0|   7|           1|           7|
    |grp_fu_6973_p00             |    select|   0|  0|   6|           1|           3|
    |grp_fu_6980_p00             |    select|   0|  0|   8|           1|           8|
    |grp_fu_6996_p00             |    select|   0|  0|   7|           1|           5|
    |grp_fu_7004_p00             |    select|   0|  0|   8|           1|           8|
    |grp_fu_7012_p00             |    select|   0|  0|   7|           1|           7|
    |grp_fu_7020_p10             |    select|   0|  0|   6|           1|           4|
    |grp_fu_7028_p00             |    select|   0|  0|   8|           1|           5|
    |grp_fu_7035_p10             |    select|   0|  0|   6|           1|           5|
    |grp_fu_7042_p20             |    select|   0|  0|   6|           1|           6|
    |grp_fu_7051_p10             |    select|   0|  0|   5|           1|           4|
    |grp_fu_7059_p10             |    select|   0|  0|   5|           1|           5|
    |grp_fu_7067_p10             |    select|   0|  0|   6|           1|           5|
    |grp_fu_7075_p10             |    select|   0|  0|   5|           1|           5|
    |grp_fu_7083_p10             |    select|   0|  0|   6|           1|           6|
    |grp_fu_7091_p00             |    select|   0|  0|   8|           1|           8|
    |grp_fu_7099_p10             |    select|   0|  0|   6|           1|           6|
    |grp_fu_7107_p00             |    select|   0|  0|   7|           1|           7|
    |grp_fu_7115_p00             |    select|   0|  0|   7|           1|           7|
    |grp_fu_7123_p10             |    select|   0|  0|   3|           1|           3|
    |grp_fu_7131_p00             |    select|   0|  0|   7|           1|           7|
    |grp_fu_7139_p00             |    select|   0|  0|   7|           1|           7|
    |grp_fu_7147_p00             |    select|   0|  0|   8|           1|           8|
    |grp_fu_7155_p00             |    select|   0|  0|   7|           1|           7|
    |grp_fu_7162_p10             |    select|   0|  0|   6|           1|           6|
    |grp_fu_7170_p10             |    select|   0|  0|   6|           1|           6|
    |grp_fu_7178_p10             |    select|   0|  0|   4|           1|           4|
    |grp_fu_7186_p00             |    select|   0|  0|   7|           1|           7|
    |grp_fu_7194_p10             |    select|   0|  0|   6|           1|           6|
    |grp_fu_7202_p00             |    select|   0|  0|   7|           1|           7|
    |grp_fu_7210_p00             |    select|   0|  0|   7|           1|           7|
    |grp_fu_7218_p00             |    select|   0|  0|   8|           1|           8|
    |grp_fu_7226_p00             |    select|   0|  0|   7|           1|           7|
    |grp_fu_7234_p00             |    select|   0|  0|   8|           1|           8|
    |grp_fu_7242_p00             |    select|   0|  0|   7|           1|           5|
    |mul_ln154_102_fu_4192_p00   |    select|   0|  0|   3|           1|           2|
    |mul_ln154_103_fu_4201_p00   |    select|   0|  0|   6|           1|           6|
    |mul_ln154_104_fu_4699_p00   |    select|   0|  0|   7|           1|           7|
    |mul_ln154_106_fu_3579_p00   |    select|   0|  0|   7|           1|           7|
    |mul_ln154_111_fu_4740_p00   |    select|   0|  0|   8|           1|           7|
    |mul_ln154_112_fu_5389_p00   |    select|   0|  0|   6|           1|           6|
    |mul_ln154_113_fu_5398_p00   |    select|   0|  0|   6|           1|           4|
    |mul_ln154_117_fu_5403_p00   |    select|   0|  0|   7|           1|           7|
    |mul_ln154_11_fu_3536_p00    |    select|   0|  0|   8|           1|           4|
    |mul_ln154_120_fu_4766_p00   |    select|   0|  0|   8|           1|           7|
    |mul_ln154_123_fu_4771_p00   |    select|   0|  0|   6|           1|           5|
    |mul_ln154_128_fu_4209_p00   |    select|   0|  0|   7|           1|           7|
    |mul_ln154_137_fu_3584_p00   |    select|   0|  0|   7|           1|           5|
    |mul_ln154_13_fu_4039_p00    |    select|   0|  0|   8|           1|           6|
    |mul_ln154_140_fu_4850_p00   |    select|   0|  0|   7|           1|           7|
    |mul_ln154_144_fu_4217_p00   |    select|   0|  0|   8|           1|           8|
    |mul_ln154_147_fu_4222_p00   |    select|   0|  0|   8|           1|           8|
    |mul_ln154_151_fu_5477_p00   |    select|   0|  0|   6|           1|           6|
    |mul_ln154_152_fu_3589_p00   |    select|   0|  0|   8|           1|           7|
    |mul_ln154_154_fu_4227_p00   |    select|   0|  0|   6|           1|           6|
    |mul_ln154_155_fu_4232_p00   |    select|   0|  0|   7|           1|           7|
    |mul_ln154_156_fu_4237_p00   |    select|   0|  0|   4|           1|           4|
    |mul_ln154_157_fu_4242_p00   |    select|   0|  0|   5|           1|           3|
    |mul_ln154_15_fu_4540_p00    |    select|   0|  0|   6|           1|           6|
    |mul_ln154_161_fu_3594_p00   |    select|   0|  0|   7|           1|           7|
    |mul_ln154_165_fu_3599_p00   |    select|   0|  0|   8|           1|           7|
    |mul_ln154_167_fu_4917_p00   |    select|   0|  0|   7|           1|           6|
    |mul_ln154_168_fu_4922_p00   |    select|   0|  0|   6|           1|           5|
    |mul_ln154_169_fu_4927_p00   |    select|   0|  0|   7|           1|           7|
    |mul_ln154_16_fu_4044_p00    |    select|   0|  0|   8|           1|           6|
    |mul_ln154_176_fu_4958_p00   |    select|   0|  0|   7|           1|           6|
    |mul_ln154_177_fu_4967_p00   |    select|   0|  0|   6|           1|           6|
    |mul_ln154_178_fu_4976_p00   |    select|   0|  0|   6|           1|           5|
    |mul_ln154_180_fu_4291_p00   |    select|   0|  0|   7|           1|           7|
    |mul_ln154_183_fu_4296_p00   |    select|   0|  0|   7|           1|           7|
    |mul_ln154_186_fu_4301_p00   |    select|   0|  0|   8|           1|           8|
    |mul_ln154_188_fu_3604_p00   |    select|   0|  0|   8|           1|           7|
    |mul_ln154_1_fu_4021_p00     |    select|   0|  0|   5|           1|           5|
    |mul_ln154_20_fu_4049_p00    |    select|   0|  0|   7|           1|           7|
    |mul_ln154_23_fu_4054_p00    |    select|   0|  0|   8|           1|           7|
    |mul_ln154_26_fu_4548_p00    |    select|   0|  0|   8|           1|           7|
    |mul_ln154_28_fu_4553_p00    |    select|   0|  0|   7|           1|           5|
    |mul_ln154_2_fu_4030_p00     |    select|   0|  0|   4|           1|           3|
    |mul_ln154_33_fu_5244_p00    |    select|   0|  0|   6|           1|           6|
    |mul_ln154_35_fu_3541_p00    |    select|   0|  0|   8|           1|           6|
    |mul_ln154_36_fu_4562_p00    |    select|   0|  0|   6|           1|           4|
    |mul_ln154_37_fu_4059_p00    |    select|   0|  0|   7|           1|           3|
    |mul_ln154_41_fu_4064_p00    |    select|   0|  0|   8|           1|           8|
    |mul_ln154_43_fu_4069_p00    |    select|   0|  0|   8|           1|           6|
    |mul_ln154_50_fu_4101_p00    |    select|   0|  0|   8|           1|           7|
    |mul_ln154_52_fu_4106_p00    |    select|   0|  0|   8|           1|           8|
    |mul_ln154_55_fu_4574_p00    |    select|   0|  0|   4|           1|           4|
    |mul_ln154_56_fu_4583_p00    |    select|   0|  0|   7|           1|           5|
    |mul_ln154_58_fu_4111_p00    |    select|   0|  0|   8|           1|           8|
    |mul_ln154_62_fu_4116_p00    |    select|   0|  0|   8|           1|           7|
    |mul_ln154_63_fu_5312_p00    |    select|   0|  0|   5|           1|           4|
    |mul_ln154_64_fu_4591_p00    |    select|   0|  0|   7|           1|           7|
    |mul_ln154_66_fu_4600_p00    |    select|   0|  0|   6|           1|           2|
    |mul_ln154_69_fu_4121_p00    |    select|   0|  0|   5|           1|           5|
    |mul_ln154_70_fu_4130_p00    |    select|   0|  0|   7|           1|           5|
    |mul_ln154_73_fu_4135_p00    |    select|   0|  0|   8|           1|           7|
    |mul_ln154_74_fu_4654_p00    |    select|   0|  0|   6|           1|           6|
    |mul_ln154_75_fu_4659_p00    |    select|   0|  0|   8|           1|           7|
    |mul_ln154_76_fu_4664_p00    |    select|   0|  0|   7|           1|           7|
    |mul_ln154_79_fu_4669_p00    |    select|   0|  0|   7|           1|           5|
    |mul_ln154_81_fu_4140_p00    |    select|   0|  0|   6|           1|           6|
    |mul_ln154_82_fu_4145_p00    |    select|   0|  0|   8|           1|           2|
    |mul_ln154_83_fu_4150_p00    |    select|   0|  0|   7|           1|           7|
    |mul_ln154_84_fu_3546_p00    |    select|   0|  0|   5|           1|           5|
    |mul_ln154_85_fu_3555_p00    |    select|   0|  0|   6|           1|           6|
    |mul_ln154_87_fu_4155_p00    |    select|   0|  0|   7|           1|           7|
    |mul_ln154_88_fu_4160_p00    |    select|   0|  0|   7|           1|           6|
    |mul_ln154_91_fu_3564_p00    |    select|   0|  0|   7|           1|           7|
    |mul_ln154_94_fu_3569_p00    |    select|   0|  0|   7|           1|           4|
    |mul_ln154_95_fu_4690_p00    |    select|   0|  0|   5|           1|           5|
    |mul_ln154_99_fu_3574_p00    |    select|   0|  0|   8|           1|           7|
    |select_ln153_fu_5133_p3     |    select|   0|  0|  12|           1|          12|
    |select_ln154_10_fu_5375_p3  |    select|   0|  0|  14|           1|          14|
    |select_ln154_11_fu_4640_p3  |    select|   0|  0|  14|           1|          14|
    |select_ln154_12_fu_4181_p3  |    select|   0|  0|  15|           1|          15|
    |select_ln154_13_fu_4734_p3  |    select|   0|  0|  15|           1|          15|
    |select_ln154_14_fu_4718_p3  |    select|   0|  0|  14|           1|          14|
    |select_ln154_15_fu_5927_p3  |    select|   0|  0|  14|           1|          14|
    |select_ln154_16_fu_5953_p3  |    select|   0|  0|  13|           1|          13|
    |select_ln154_17_fu_4755_p3  |    select|   0|  0|  13|           1|          13|
    |select_ln154_18_fu_5442_p3  |    select|   0|  0|  12|           1|          12|
    |select_ln154_19_fu_4790_p3  |    select|   0|  0|  14|           1|          14|
    |select_ln154_20_fu_4805_p3  |    select|   0|  0|  14|           1|          14|
    |select_ln154_21_fu_5463_p3  |    select|   0|  0|  14|           1|          14|
    |select_ln154_23_fu_4876_p3  |    select|   0|  0|  13|           1|          13|
    |select_ln154_24_fu_4843_p3  |    select|   0|  0|  14|           1|          14|
    |select_ln154_25_fu_4257_p3  |    select|   0|  0|  14|           1|          14|
    |select_ln154_26_fu_4280_p3  |    select|   0|  0|  13|           1|          13|
    |select_ln154_27_fu_4906_p3  |    select|   0|  0|  14|           1|          14|
    |select_ln154_28_fu_5503_p3  |    select|   0|  0|  12|           1|          12|
    |select_ln154_29_fu_4942_p3  |    select|   0|  0|  14|           1|          14|
    |select_ln154_2_fu_4505_p3   |    select|   0|  0|  13|           1|          13|
    |select_ln154_3_fu_5882_p3   |    select|   0|  0|  14|           1|          14|
    |select_ln154_4_fu_5233_p3   |    select|   0|  0|  13|           1|          13|
    |select_ln154_5_fu_4090_p3   |    select|   0|  0|  13|           1|          13|
    |select_ln154_6_fu_5280_p3   |    select|   0|  0|  12|           1|          12|
    |select_ln154_7_fu_4526_p3   |    select|   0|  0|  15|           1|          15|
    |select_ln154_8_fu_5301_p3   |    select|   0|  0|  14|           1|          14|
    |select_ln154_9_fu_4619_p3   |    select|   0|  0|  12|           1|          12|
    |select_ln26_fu_6488_p3      |    select|   0|  0|  30|           1|          30|
    |select_ln36_1_fu_6549_p3    |    select|   0|  0|   9|           1|           7|
    |select_ln36_fu_6563_p3      |    select|   0|  0|   8|           1|           8|
    |ap_enable_pp0               |       xor|   0|  0|   2|           1|           2|
    +----------------------------+----------+----+---+----+------------+------------+
    |Total                       |          |   0|  0|3907|        2110|        3322|
    +----------------------------+----------+----+---+----+------------+------------+

    * Multiplexer: 
    +------------------------------+----+-----------+-----+-----------+
    |             Name             | LUT| Input Size| Bits| Total Bits|
    +------------------------------+----+-----------+-----+-----------+
    |DATA_OUT_blk_n_W              |   9|          2|    1|          2|
    |ap_done_int                   |   9|          2|    1|          2|
    |ap_enable_reg_pp0_iter1       |   9|          2|    1|          2|
    |ap_sig_allocacmp_out_class_1  |   9|          2|    2|          4|
    |out_class_fu_986              |   9|          2|    2|          4|
    +------------------------------+----+-----------+-----+-----------+
    |Total                         |  45|         10|    7|         14|
    +------------------------------+----+-----------+-----+-----------+

    * Register: 
    +-------------------------------------+----+----+-----+-----------+
    |                 Name                | FF | LUT| Bits| Const Bits|
    +-------------------------------------+----+----+-----+-----------+
    |acc64_reg_9817                       |  51|   0|   51|          0|
    |acc_reg_9802                         |  21|   0|   21|          0|
    |add_ln154_104_reg_9747               |  17|   0|   17|          0|
    |add_ln154_115_reg_9612               |  16|   0|   16|          0|
    |add_ln154_116_reg_9752               |  17|   0|   17|          0|
    |add_ln154_123_reg_9167               |  13|   0|   13|          0|
    |add_ln154_127_reg_9627               |  17|   0|   17|          0|
    |add_ln154_128_reg_9757               |  17|   0|   17|          0|
    |add_ln154_132_reg_9637               |  16|   0|   16|          0|
    |add_ln154_136_reg_9432               |  15|   0|   15|          0|
    |add_ln154_138_reg_9642               |  16|   0|   16|          0|
    |add_ln154_139_reg_9762               |  17|   0|   17|          0|
    |add_ln154_13_reg_9512                |  15|   0|   15|          0|
    |add_ln154_141_reg_9792               |  19|   0|   19|          0|
    |add_ln154_146_reg_9647               |  16|   0|   16|          0|
    |add_ln154_150_reg_9442               |  15|   0|   15|          0|
    |add_ln154_151_reg_9652               |  17|   0|   17|          0|
    |add_ln154_162_reg_9457               |  16|   0|   16|          0|
    |add_ln154_163_reg_9657               |  17|   0|   17|          0|
    |add_ln154_164_reg_9767               |  18|   0|   18|          0|
    |add_ln154_166_reg_9662               |  15|   0|   15|          0|
    |add_ln154_175_reg_9772               |  18|   0|   18|          0|
    |add_ln154_180_reg_9682               |  16|   0|   16|          0|
    |add_ln154_186_reg_9777               |  18|   0|   18|          0|
    |add_ln154_188_reg_9797               |  19|   0|   19|          0|
    |add_ln154_1_reg_9497                 |  15|   0|   15|          0|
    |add_ln154_20_reg_9517                |  16|   0|   16|          0|
    |add_ln154_21_reg_9712                |  17|   0|   17|          0|
    |add_ln154_22_reg_9782                |  18|   0|   18|          0|
    |add_ln154_23_reg_9152                |  13|   0|   13|          0|
    |add_ln154_24_reg_9347                |  15|   0|   15|          0|
    |add_ln154_2_reg_9337                 |  14|   0|   14|          0|
    |add_ln154_31_reg_9362                |  16|   0|   16|          0|
    |add_ln154_33_reg_9522                |  18|   0|   18|          0|
    |add_ln154_39_reg_8847                |  14|   0|   14|          0|
    |add_ln154_43_reg_9377                |  16|   0|   16|          0|
    |add_ln154_44_reg_9527                |  18|   0|   18|          0|
    |add_ln154_45_reg_9717                |  19|   0|   19|          0|
    |add_ln154_45_reg_9717_pp0_iter6_reg  |  19|   0|   19|          0|
    |add_ln154_48_reg_9532                |  15|   0|   15|          0|
    |add_ln154_4_reg_9697                 |  16|   0|   16|          0|
    |add_ln154_54_reg_9162                |  14|   0|   14|          0|
    |add_ln154_55_reg_9382                |  16|   0|   16|          0|
    |add_ln154_56_reg_9542                |  17|   0|   17|          0|
    |add_ln154_57_reg_9722                |  18|   0|   18|          0|
    |add_ln154_58_reg_9387                |  14|   0|   14|          0|
    |add_ln154_64_reg_9552                |  16|   0|   16|          0|
    |add_ln154_68_reg_9727                |  18|   0|   18|          0|
    |add_ln154_6_reg_9702                 |  16|   0|   16|          0|
    |add_ln154_70_reg_9392                |  14|   0|   14|          0|
    |add_ln154_71_reg_9562                |  15|   0|   15|          0|
    |add_ln154_79_reg_9572                |  16|   0|   16|          0|
    |add_ln154_80_reg_9732                |  17|   0|   17|          0|
    |add_ln154_89_reg_9407                |  15|   0|   15|          0|
    |add_ln154_8_reg_9707                 |  15|   0|   15|          0|
    |add_ln154_90_reg_9587                |  16|   0|   16|          0|
    |add_ln154_91_reg_9737                |  17|   0|   17|          0|
    |add_ln154_93_reg_9787                |  19|   0|   19|          0|
    |add_ln154_99_reg_9742                |  16|   0|   16|          0|
    |ap_CS_fsm                            |   1|   0|    1|          0|
    |ap_done_reg                          |   1|   0|    1|          0|
    |ap_enable_reg_pp0_iter1              |   1|   0|    1|          0|
    |ap_enable_reg_pp0_iter10             |   1|   0|    1|          0|
    |ap_enable_reg_pp0_iter11             |   1|   0|    1|          0|
    |ap_enable_reg_pp0_iter12             |   1|   0|    1|          0|
    |ap_enable_reg_pp0_iter2              |   1|   0|    1|          0|
    |ap_enable_reg_pp0_iter3              |   1|   0|    1|          0|
    |ap_enable_reg_pp0_iter4              |   1|   0|    1|          0|
    |ap_enable_reg_pp0_iter5              |   1|   0|    1|          0|
    |ap_enable_reg_pp0_iter6              |   1|   0|    1|          0|
    |ap_enable_reg_pp0_iter7              |   1|   0|    1|          0|
    |ap_enable_reg_pp0_iter8              |   1|   0|    1|          0|
    |ap_enable_reg_pp0_iter9              |   1|   0|    1|          0|
    |ap_loop_exit_ready_pp0_iter10_reg    |   1|   0|    1|          0|
    |ap_loop_exit_ready_pp0_iter11_reg    |   1|   0|    1|          0|
    |ap_loop_exit_ready_pp0_iter1_reg     |   1|   0|    1|          0|
    |ap_loop_exit_ready_pp0_iter2_reg     |   1|   0|    1|          0|
    |ap_loop_exit_ready_pp0_iter3_reg     |   1|   0|    1|          0|
    |ap_loop_exit_ready_pp0_iter4_reg     |   1|   0|    1|          0|
    |ap_loop_exit_ready_pp0_iter5_reg     |   1|   0|    1|          0|
    |ap_loop_exit_ready_pp0_iter6_reg     |   1|   0|    1|          0|
    |ap_loop_exit_ready_pp0_iter7_reg     |   1|   0|    1|          0|
    |ap_loop_exit_ready_pp0_iter8_reg     |   1|   0|    1|          0|
    |ap_loop_exit_ready_pp0_iter9_reg     |   1|   0|    1|          0|
    |icmp_ln150_reg_8320                  |   1|   0|    1|          0|
    |mul_ln154_106_reg_8817               |  14|   0|   14|          0|
    |mul_ln154_111_reg_9257               |  15|   0|   15|          0|
    |mul_ln154_113_reg_9482               |  13|   0|   13|          0|
    |mul_ln154_11_reg_8792                |  15|   0|   15|          0|
    |mul_ln154_120_reg_9267               |  15|   0|   15|          0|
    |mul_ln154_128_reg_9087               |  14|   0|   14|          0|
    |mul_ln154_137_reg_8822               |  14|   0|   14|          0|
    |mul_ln154_13_reg_8977                |  15|   0|   15|          0|
    |mul_ln154_144_reg_9097               |  15|   0|   15|          0|
    |mul_ln154_147_reg_9102               |  15|   0|   15|          0|
    |mul_ln154_152_reg_8827               |  15|   0|   15|          0|
    |mul_ln154_154_reg_9107               |  13|   0|   13|          0|
    |mul_ln154_155_reg_9112               |  15|   0|   15|          0|
    |mul_ln154_156_reg_9117               |  11|   0|   11|          0|
    |mul_ln154_157_reg_9122               |  12|   0|   12|          0|
    |mul_ln154_15_reg_9187                |  13|   0|   13|          0|
    |mul_ln154_161_reg_8832               |  15|   0|   15|          0|
    |mul_ln154_165_reg_8837               |  15|   0|   15|          0|
    |mul_ln154_167_reg_9307               |  15|   0|   15|          0|
    |mul_ln154_168_reg_9312               |  13|   0|   13|          0|
    |mul_ln154_169_reg_9317               |  14|   0|   14|          0|
    |mul_ln154_16_reg_8982                |  15|   0|   15|          0|
    |mul_ln154_175_reg_9327               |  12|   0|   12|          0|
    |mul_ln154_178_reg_9332               |  13|   0|   13|          0|
    |mul_ln154_183_reg_9142               |  15|   0|   15|          0|
    |mul_ln154_186_reg_9147               |  15|   0|   15|          0|
    |mul_ln154_188_reg_8842               |  15|   0|   15|          0|
    |mul_ln154_20_reg_8987                |  15|   0|   15|          0|
    |mul_ln154_23_reg_8992                |  15|   0|   15|          0|
    |mul_ln154_26_reg_9197                |  15|   0|   15|          0|
    |mul_ln154_33_reg_9477                |  13|   0|   13|          0|
    |mul_ln154_35_reg_8797                |  15|   0|   15|          0|
    |mul_ln154_41_reg_9002                |  15|   0|   15|          0|
    |mul_ln154_43_reg_9007                |  15|   0|   15|          0|
    |mul_ln154_50_reg_9017                |  15|   0|   15|          0|
    |mul_ln154_52_reg_9022                |  15|   0|   15|          0|
    |mul_ln154_58_reg_9027                |  15|   0|   15|          0|
    |mul_ln154_62_reg_9032                |  15|   0|   15|          0|
    |mul_ln154_73_reg_9037                |  15|   0|   15|          0|
    |mul_ln154_74_reg_9227                |  13|   0|   13|          0|
    |mul_ln154_75_reg_9232                |  15|   0|   15|          0|
    |mul_ln154_76_reg_9237                |  14|   0|   14|          0|
    |mul_ln154_81_reg_9042                |  13|   0|   13|          0|
    |mul_ln154_82_reg_9047                |  15|   0|   15|          0|
    |mul_ln154_83_reg_9052                |  14|   0|   14|          0|
    |mul_ln154_87_reg_9057                |  15|   0|   15|          0|
    |mul_ln154_88_reg_9062                |  14|   0|   14|          0|
    |mul_ln154_91_reg_8802                |  15|   0|   15|          0|
    |mul_ln154_94_reg_8807                |  14|   0|   14|          0|
    |mul_ln154_99_reg_8812                |  15|   0|   15|          0|
    |out_class_fu_986                     |   2|   0|    2|          0|
    |select_ln154_13_reg_9252             |  15|   0|   15|          0|
    |select_ln154_24_reg_9287             |  14|   0|   14|          0|
    |select_ln26_reg_9807                 |  13|   0|   51|         38|
    |select_ln36_reg_9827                 |   8|   0|    8|          0|
    |tmp_20_reg_9822                      |  12|   0|   12|          0|
    |zext_ln148_cast_reg_7670             |   7|   0|   14|          7|
    |zext_ln153_100_cast_reg_8169         |   7|   0|   14|          7|
    |zext_ln153_101_cast_reg_8174         |   7|   0|   14|          7|
    |zext_ln153_102_cast_reg_8179         |   7|   0|   15|          8|
    |zext_ln153_103_cast_reg_8184         |   7|   0|   15|          8|
    |zext_ln153_104_cast_reg_8189         |   7|   0|   13|          6|
    |zext_ln153_105_cast_reg_8194         |   7|   0|   15|          8|
    |zext_ln153_106_cast_reg_8199         |   7|   0|   13|          6|
    |zext_ln153_107_cast_reg_8204         |   7|   0|   13|          6|
    |zext_ln153_108_cast_reg_8209         |   7|   0|   15|          8|
    |zext_ln153_109_cast_reg_8214         |   7|   0|   14|          7|
    |zext_ln153_10_cast_reg_7727          |   7|   0|   14|          7|
    |zext_ln153_110_cast_reg_8219         |   7|   0|   13|          6|
    |zext_ln153_111_cast_reg_8224         |   7|   0|   13|          6|
    |zext_ln153_112_cast_reg_8229         |   7|   0|   15|          8|
    |zext_ln153_113_cast_reg_8234         |   7|   0|   13|          6|
    |zext_ln153_114_cast_reg_8239         |   7|   0|   14|          7|
    |zext_ln153_115_cast_reg_8244         |   7|   0|   15|          8|
    |zext_ln153_116_cast_reg_8249         |   7|   0|   15|          8|
    |zext_ln153_117_cast_reg_8254         |   7|   0|   15|          8|
    |zext_ln153_119_cast_reg_8264         |   7|   0|   12|          5|
    |zext_ln153_11_cast_reg_7732          |   7|   0|   13|          6|
    |zext_ln153_120_cast_reg_8269         |   7|   0|   15|          8|
    |zext_ln153_121_cast_reg_8275         |   7|   0|   14|          7|
    |zext_ln153_122_cast_reg_8280         |   7|   0|   12|          5|
    |zext_ln153_123_cast_reg_8285         |   7|   0|   15|          8|
    |zext_ln153_124_cast_reg_8290         |   7|   0|   13|          6|
    |zext_ln153_125_cast_reg_8296         |   7|   0|   15|          8|
    |zext_ln153_126_cast_reg_8301         |   7|   0|   11|          4|
    |zext_ln153_127_cast_reg_8306         |   7|   0|   12|          5|
    |zext_ln153_128_cast_reg_8311         |   7|   0|   15|          8|
    |zext_ln153_12_cast_reg_7737          |   7|   0|   13|          6|
    |zext_ln153_130_cast_reg_7360         |   7|   0|   15|          8|
    |zext_ln153_131_cast_reg_7365         |   7|   0|   14|          7|
    |zext_ln153_132_cast_reg_7370         |   7|   0|   15|          8|
    |zext_ln153_133_cast_reg_7375         |   7|   0|   13|          6|
    |zext_ln153_134_cast_reg_7380         |   7|   0|   12|          5|
    |zext_ln153_135_cast_reg_7385         |   7|   0|   15|          8|
    |zext_ln153_136_cast_reg_7390         |   7|   0|   15|          8|
    |zext_ln153_137_cast_reg_7395         |   7|   0|   13|          6|
    |zext_ln153_138_cast_reg_7400         |   7|   0|   14|          7|
    |zext_ln153_13_cast_reg_7743          |   7|   0|   15|          8|
    |zext_ln153_140_cast_reg_7410         |   7|   0|   13|          6|
    |zext_ln153_141_cast_reg_7415         |   7|   0|   13|          6|
    |zext_ln153_142_cast_reg_7420         |   7|   0|   14|          7|
    |zext_ln153_143_cast_reg_7425         |   7|   0|   12|          5|
    |zext_ln153_144_cast_reg_7430         |   7|   0|   14|          7|
    |zext_ln153_145_cast_reg_7436         |   7|   0|   14|          7|
    |zext_ln153_146_cast_reg_7441         |   7|   0|   15|          8|
    |zext_ln153_147_cast_reg_7446         |   7|   0|   13|          6|
    |zext_ln153_149_cast_reg_7456         |   7|   0|   14|          7|
    |zext_ln153_14_cast_reg_7748          |   7|   0|   13|          6|
    |zext_ln153_150_cast_reg_7461         |   7|   0|   13|          6|
    |zext_ln153_151_cast_reg_7466         |   7|   0|   15|          8|
    |zext_ln153_152_cast_reg_7471         |   7|   0|   14|          7|
    |zext_ln153_153_cast_reg_7477         |   7|   0|   15|          8|
    |zext_ln153_155_cast_reg_7487         |   7|   0|   14|          7|
    |zext_ln153_157_cast_reg_7497         |   7|   0|   15|          8|
    |zext_ln153_158_cast_reg_7502         |   7|   0|   12|          5|
    |zext_ln153_15_cast_reg_7753          |   7|   0|   13|          6|
    |zext_ln153_160_cast_reg_7512         |   7|   0|   14|          7|
    |zext_ln153_161_cast_reg_7518         |   7|   0|   12|          5|
    |zext_ln153_162_cast_reg_7523         |   7|   0|   11|          4|
    |zext_ln153_163_cast_reg_7528         |   7|   0|   15|          8|
    |zext_ln153_164_cast_reg_7533         |   7|   0|   13|          6|
    |zext_ln153_166_cast_reg_7543         |   7|   0|   15|          8|
    |zext_ln153_167_cast_reg_7548         |   7|   0|   13|          6|
    |zext_ln153_168_cast_reg_7553         |   7|   0|   15|          8|
    |zext_ln153_169_cast_reg_7558         |   7|   0|   12|          5|
    |zext_ln153_16_cast_reg_7758          |   7|   0|   15|          8|
    |zext_ln153_170_cast_reg_7563         |   7|   0|    8|          1|
    |zext_ln153_171_cast_reg_7568         |   7|   0|   15|          8|
    |zext_ln153_172_cast_reg_7573         |   7|   0|   15|          8|
    |zext_ln153_173_cast_reg_7578         |   7|   0|   14|          7|
    |zext_ln153_174_cast_reg_7583         |   7|   0|   14|          7|
    |zext_ln153_175_cast_reg_7588         |   7|   0|   15|          8|
    |zext_ln153_176_cast_reg_7593         |   7|   0|   14|          7|
    |zext_ln153_177_cast_reg_7598         |   7|   0|   15|          8|
    |zext_ln153_178_cast_reg_7603         |   7|   0|   13|          6|
    |zext_ln153_179_cast_reg_7608         |   7|   0|   14|          7|
    |zext_ln153_17_cast_reg_7763          |   7|   0|   15|          8|
    |zext_ln153_180_cast_reg_7613         |   7|   0|   14|          7|
    |zext_ln153_182_cast_reg_7623         |   7|   0|   14|          7|
    |zext_ln153_183_cast_reg_7628         |   7|   0|   14|          7|
    |zext_ln153_184_cast_reg_7634         |   7|   0|   15|          8|
    |zext_ln153_185_cast_reg_7640         |   7|   0|   15|          8|
    |zext_ln153_186_cast_reg_7645         |   7|   0|   14|          7|
    |zext_ln153_187_cast_reg_7650         |   7|   0|   15|          8|
    |zext_ln153_188_cast_reg_7655         |   7|   0|   14|          7|
    |zext_ln153_189_cast_reg_7660         |   7|   0|   14|          7|
    |zext_ln153_18_cast_reg_7769          |   7|   0|   14|          7|
    |zext_ln153_190_cast_reg_7665         |   7|   0|   13|          6|
    |zext_ln153_191_cast_reg_7350         |   7|   0|    8|          1|
    |zext_ln153_19_cast_reg_7775          |   7|   0|   14|          7|
    |zext_ln153_1_cast_reg_7681           |   7|   0|   11|          4|
    |zext_ln153_20_cast_reg_7780          |   7|   0|   15|          8|
    |zext_ln153_21_cast_reg_7785          |   7|   0|   14|          7|
    |zext_ln153_23_cast_reg_7795          |   7|   0|   14|          7|
    |zext_ln153_24_cast_reg_7800          |   7|   0|   13|          6|
    |zext_ln153_25_cast_reg_7805          |   7|   0|   10|          3|
    |zext_ln153_26_cast_reg_7810          |   7|   0|   13|          6|
    |zext_ln153_28_cast_reg_7820          |   7|   0|   15|          8|
    |zext_ln153_29_cast_reg_7825          |   7|   0|   15|          8|
    |zext_ln153_2_cast_reg_7686           |   7|   0|   13|          6|
    |zext_ln153_30_cast_reg_7830          |   7|   0|   15|          8|
    |zext_ln153_32_cast_reg_7841          |   7|   0|   12|          5|
    |zext_ln153_33_cast_reg_7846          |   7|   0|   14|          7|
    |zext_ln153_35_cast_reg_7856          |   7|   0|   12|          5|
    |zext_ln153_36_cast_reg_7861          |   7|   0|   15|          8|
    |zext_ln153_38_cast_reg_7871          |   7|   0|   13|          6|
    |zext_ln153_39_cast_reg_7876          |   7|   0|   14|          7|
    |zext_ln153_3_cast_reg_7691           |   7|   0|   14|          7|
    |zext_ln153_40_cast_reg_7881          |   7|   0|   15|          8|
    |zext_ln153_42_cast_reg_7891          |   7|   0|   13|          6|
    |zext_ln153_43_cast_reg_7896          |   7|   0|   12|          5|
    |zext_ln153_44_cast_reg_7901          |   7|   0|   14|          7|
    |zext_ln153_45_cast_reg_7906          |   7|   0|   15|          8|
    |zext_ln153_46_cast_reg_7911          |   7|   0|   13|          6|
    |zext_ln153_48_cast_reg_7916          |   7|   0|   14|          7|
    |zext_ln153_49_cast_reg_7921          |   7|   0|   13|          6|
    |zext_ln153_4_cast_reg_7697           |   7|   0|   13|          6|
    |zext_ln153_50_cast_reg_7926          |   7|   0|   13|          6|
    |zext_ln153_51_cast_reg_7931          |   7|   0|   14|          7|
    |zext_ln153_52_cast_reg_7936          |   7|   0|   15|          8|
    |zext_ln153_53_cast_reg_7941          |   7|   0|   13|          6|
    |zext_ln153_54_cast_reg_7946          |   7|   0|   15|          8|
    |zext_ln153_55_cast_reg_7951          |   7|   0|   15|          8|
    |zext_ln153_56_cast_reg_7956          |   7|   0|   14|          7|
    |zext_ln153_57_cast_reg_7962          |   7|   0|   14|          7|
    |zext_ln153_58_cast_reg_7967          |   7|   0|   12|          5|
    |zext_ln153_59_cast_reg_7972          |   7|   0|   14|          7|
    |zext_ln153_5_cast_reg_7702           |   7|   0|   13|          6|
    |zext_ln153_60_cast_reg_7977          |   7|   0|   12|          5|
    |zext_ln153_61_cast_reg_7983          |   7|   0|   13|          6|
    |zext_ln153_62_cast_reg_7988          |   7|   0|   15|          8|
    |zext_ln153_63_cast_reg_7993          |   7|   0|   14|          7|
    |zext_ln153_64_cast_reg_7345          |   7|   0|    8|          1|
    |zext_ln153_65_cast_reg_7998          |   7|   0|   12|          5|
    |zext_ln153_66_cast_reg_8003          |   7|   0|   15|          8|
    |zext_ln153_67_cast_reg_8008          |   7|   0|   15|          8|
    |zext_ln153_68_cast_reg_8013          |   7|   0|   14|          7|
    |zext_ln153_69_cast_reg_8018          |   7|   0|   13|          6|
    |zext_ln153_6_cast_reg_7707           |   7|   0|   14|          7|
    |zext_ln153_70_cast_reg_8023          |   7|   0|   15|          8|
    |zext_ln153_71_cast_reg_8028          |   7|   0|   14|          7|
    |zext_ln153_72_cast_reg_8034          |   7|   0|   14|          7|
    |zext_ln153_73_cast_reg_8039          |   7|   0|   11|          4|
    |zext_ln153_74_cast_reg_8044          |   7|   0|   15|          8|
    |zext_ln153_75_cast_reg_8049          |   7|   0|   14|          7|
    |zext_ln153_76_cast_reg_8054          |   7|   0|   15|          8|
    |zext_ln153_77_cast_reg_8059          |   7|   0|   11|          4|
    |zext_ln153_78_cast_reg_8064          |   7|   0|   15|          8|
    |zext_ln153_79_cast_reg_8069          |   7|   0|   14|          7|
    |zext_ln153_7_cast_reg_7712           |   7|   0|   15|          8|
    |zext_ln153_80_cast_reg_8074          |   7|   0|   14|          7|
    |zext_ln153_82_cast_reg_8084          |   7|   0|   13|          6|
    |zext_ln153_83_cast_reg_8089          |   7|   0|   10|          3|
    |zext_ln153_84_cast_reg_8094          |   7|   0|   14|          7|
    |zext_ln153_85_cast_reg_8099          |   7|   0|   15|          8|
    |zext_ln153_86_cast_reg_8104          |   7|   0|   15|          8|
    |zext_ln153_87_cast_reg_8109          |   7|   0|   15|          8|
    |zext_ln153_88_cast_reg_8114          |   7|   0|   15|          8|
    |zext_ln153_89_cast_reg_8119          |   7|   0|   13|          6|
    |zext_ln153_8_cast_reg_7717           |   7|   0|   14|          7|
    |zext_ln153_91_cast_reg_8129          |   7|   0|   14|          7|
    |zext_ln153_92_cast_reg_8134          |   7|   0|   13|          6|
    |zext_ln153_93_cast_reg_8139          |   7|   0|   15|          8|
    |zext_ln153_95_cast_reg_8149          |   7|   0|   13|          6|
    |zext_ln153_96_cast_reg_8154          |   7|   0|   14|          7|
    |zext_ln153_98_cast_reg_8159          |   7|   0|   13|          6|
    |zext_ln153_99_cast_reg_8164          |   7|   0|   13|          6|
    |zext_ln153_9_cast_reg_7722           |   7|   0|   11|          4|
    |zext_ln153_cast_reg_7675             |   7|   0|   14|          7|
    |icmp_ln150_reg_8320                  |  64|  32|    1|          0|
    +-------------------------------------+----+----+-----+-----------+
    |Total                                |3081|  32| 4211|       1193|
    +-------------------------------------+----+----+-----+-----------+



================================================================
== Interface
================================================================
* Summary: 
+---------------------------+-----+-----+------------+-----------------------------------------------+--------------+
|         RTL Ports         | Dir | Bits|  Protocol  |                 Source Object                 |    C Type    |
+---------------------------+-----+-----+------------+-----------------------------------------------+--------------+
|ap_clk                     |   in|    1|  ap_ctrl_hs|  tiny_ecg_inference_Pipeline_VITIS_LOOP_148_14|  return value|
|ap_rst                     |   in|    1|  ap_ctrl_hs|  tiny_ecg_inference_Pipeline_VITIS_LOOP_148_14|  return value|
|ap_start                   |   in|    1|  ap_ctrl_hs|  tiny_ecg_inference_Pipeline_VITIS_LOOP_148_14|  return value|
|ap_done                    |  out|    1|  ap_ctrl_hs|  tiny_ecg_inference_Pipeline_VITIS_LOOP_148_14|  return value|
|ap_idle                    |  out|    1|  ap_ctrl_hs|  tiny_ecg_inference_Pipeline_VITIS_LOOP_148_14|  return value|
|ap_ready                   |  out|    1|  ap_ctrl_hs|  tiny_ecg_inference_Pipeline_VITIS_LOOP_148_14|  return value|
|m_axi_DATA_OUT_0_AWVALID   |  out|    1|       m_axi|                                       DATA_OUT|       pointer|
|m_axi_DATA_OUT_0_AWREADY   |   in|    1|       m_axi|                                       DATA_OUT|       pointer|
|m_axi_DATA_OUT_0_AWADDR    |  out|   64|       m_axi|                                       DATA_OUT|       pointer|
|m_axi_DATA_OUT_0_AWID      |  out|    1|       m_axi|                                       DATA_OUT|       pointer|
|m_axi_DATA_OUT_0_AWLEN     |  out|   32|       m_axi|                                       DATA_OUT|       pointer|
|m_axi_DATA_OUT_0_AWSIZE    |  out|    3|       m_axi|                                       DATA_OUT|       pointer|
|m_axi_DATA_OUT_0_AWBURST   |  out|    2|       m_axi|                                       DATA_OUT|       pointer|
|m_axi_DATA_OUT_0_AWLOCK    |  out|    2|       m_axi|                                       DATA_OUT|       pointer|
|m_axi_DATA_OUT_0_AWCACHE   |  out|    4|       m_axi|                                       DATA_OUT|       pointer|
|m_axi_DATA_OUT_0_AWPROT    |  out|    3|       m_axi|                                       DATA_OUT|       pointer|
|m_axi_DATA_OUT_0_AWQOS     |  out|    4|       m_axi|                                       DATA_OUT|       pointer|
|m_axi_DATA_OUT_0_AWREGION  |  out|    4|       m_axi|                                       DATA_OUT|       pointer|
|m_axi_DATA_OUT_0_AWUSER    |  out|    1|       m_axi|                                       DATA_OUT|       pointer|
|m_axi_DATA_OUT_0_WVALID    |  out|    1|       m_axi|                                       DATA_OUT|       pointer|
|m_axi_DATA_OUT_0_WREADY    |   in|    1|       m_axi|                                       DATA_OUT|       pointer|
|m_axi_DATA_OUT_0_WDATA     |  out|    8|       m_axi|                                       DATA_OUT|       pointer|
|m_axi_DATA_OUT_0_WSTRB     |  out|    1|       m_axi|                                       DATA_OUT|       pointer|
|m_axi_DATA_OUT_0_WLAST     |  out|    1|       m_axi|                                       DATA_OUT|       pointer|
|m_axi_DATA_OUT_0_WID       |  out|    1|       m_axi|                                       DATA_OUT|       pointer|
|m_axi_DATA_OUT_0_WUSER     |  out|    1|       m_axi|                                       DATA_OUT|       pointer|
|m_axi_DATA_OUT_0_ARVALID   |  out|    1|       m_axi|                                       DATA_OUT|       pointer|
|m_axi_DATA_OUT_0_ARREADY   |   in|    1|       m_axi|                                       DATA_OUT|       pointer|
|m_axi_DATA_OUT_0_ARADDR    |  out|   64|       m_axi|                                       DATA_OUT|       pointer|
|m_axi_DATA_OUT_0_ARID      |  out|    1|       m_axi|                                       DATA_OUT|       pointer|
|m_axi_DATA_OUT_0_ARLEN     |  out|   32|       m_axi|                                       DATA_OUT|       pointer|
|m_axi_DATA_OUT_0_ARSIZE    |  out|    3|       m_axi|                                       DATA_OUT|       pointer|
|m_axi_DATA_OUT_0_ARBURST   |  out|    2|       m_axi|                                       DATA_OUT|       pointer|
|m_axi_DATA_OUT_0_ARLOCK    |  out|    2|       m_axi|                                       DATA_OUT|       pointer|
|m_axi_DATA_OUT_0_ARCACHE   |  out|    4|       m_axi|                                       DATA_OUT|       pointer|
|m_axi_DATA_OUT_0_ARPROT    |  out|    3|       m_axi|                                       DATA_OUT|       pointer|
|m_axi_DATA_OUT_0_ARQOS     |  out|    4|       m_axi|                                       DATA_OUT|       pointer|
|m_axi_DATA_OUT_0_ARREGION  |  out|    4|       m_axi|                                       DATA_OUT|       pointer|
|m_axi_DATA_OUT_0_ARUSER    |  out|    1|       m_axi|                                       DATA_OUT|       pointer|
|m_axi_DATA_OUT_0_RVALID    |   in|    1|       m_axi|                                       DATA_OUT|       pointer|
|m_axi_DATA_OUT_0_RREADY    |  out|    1|       m_axi|                                       DATA_OUT|       pointer|
|m_axi_DATA_OUT_0_RDATA     |   in|    8|       m_axi|                                       DATA_OUT|       pointer|
|m_axi_DATA_OUT_0_RLAST     |   in|    1|       m_axi|                                       DATA_OUT|       pointer|
|m_axi_DATA_OUT_0_RID       |   in|    1|       m_axi|                                       DATA_OUT|       pointer|
|m_axi_DATA_OUT_0_RFIFONUM  |   in|   11|       m_axi|                                       DATA_OUT|       pointer|
|m_axi_DATA_OUT_0_RUSER     |   in|    1|       m_axi|                                       DATA_OUT|       pointer|
|m_axi_DATA_OUT_0_RRESP     |   in|    2|       m_axi|                                       DATA_OUT|       pointer|
|m_axi_DATA_OUT_0_BVALID    |   in|    1|       m_axi|                                       DATA_OUT|       pointer|
|m_axi_DATA_OUT_0_BREADY    |  out|    1|       m_axi|                                       DATA_OUT|       pointer|
|m_axi_DATA_OUT_0_BRESP     |   in|    2|       m_axi|                                       DATA_OUT|       pointer|
|m_axi_DATA_OUT_0_BID       |   in|    1|       m_axi|                                       DATA_OUT|       pointer|
|m_axi_DATA_OUT_0_BUSER     |   in|    1|       m_axi|                                       DATA_OUT|       pointer|
|output_logits              |   in|   64|     ap_none|                                  output_logits|        scalar|
|zext_ln153_128             |   in|    7|     ap_none|                                 zext_ln153_128|        scalar|
|zext_ln153_127             |   in|    7|     ap_none|                                 zext_ln153_127|        scalar|
|zext_ln153_126             |   in|    7|     ap_none|                                 zext_ln153_126|        scalar|
|zext_ln153_125             |   in|    7|     ap_none|                                 zext_ln153_125|        scalar|
|zext_ln153_124             |   in|    7|     ap_none|                                 zext_ln153_124|        scalar|
|zext_ln153_123             |   in|    7|     ap_none|                                 zext_ln153_123|        scalar|
|zext_ln153_122             |   in|    7|     ap_none|                                 zext_ln153_122|        scalar|
|zext_ln153_121             |   in|    7|     ap_none|                                 zext_ln153_121|        scalar|
|zext_ln153_120             |   in|    7|     ap_none|                                 zext_ln153_120|        scalar|
|zext_ln153_119             |   in|    7|     ap_none|                                 zext_ln153_119|        scalar|
|zext_ln153_118             |   in|    7|     ap_none|                                 zext_ln153_118|        scalar|
|zext_ln153_117             |   in|    7|     ap_none|                                 zext_ln153_117|        scalar|
|zext_ln153_116             |   in|    7|     ap_none|                                 zext_ln153_116|        scalar|
|zext_ln153_115             |   in|    7|     ap_none|                                 zext_ln153_115|        scalar|
|zext_ln153_114             |   in|    7|     ap_none|                                 zext_ln153_114|        scalar|
|zext_ln153_113             |   in|    7|     ap_none|                                 zext_ln153_113|        scalar|
|zext_ln153_112             |   in|    7|     ap_none|                                 zext_ln153_112|        scalar|
|zext_ln153_111             |   in|    7|     ap_none|                                 zext_ln153_111|        scalar|
|zext_ln153_110             |   in|    7|     ap_none|                                 zext_ln153_110|        scalar|
|zext_ln153_109             |   in|    7|     ap_none|                                 zext_ln153_109|        scalar|
|zext_ln153_108             |   in|    7|     ap_none|                                 zext_ln153_108|        scalar|
|zext_ln153_107             |   in|    7|     ap_none|                                 zext_ln153_107|        scalar|
|zext_ln153_106             |   in|    7|     ap_none|                                 zext_ln153_106|        scalar|
|zext_ln153_105             |   in|    7|     ap_none|                                 zext_ln153_105|        scalar|
|zext_ln153_104             |   in|    7|     ap_none|                                 zext_ln153_104|        scalar|
|zext_ln153_103             |   in|    7|     ap_none|                                 zext_ln153_103|        scalar|
|zext_ln153_102             |   in|    7|     ap_none|                                 zext_ln153_102|        scalar|
|zext_ln153_101             |   in|    7|     ap_none|                                 zext_ln153_101|        scalar|
|x_221                      |   in|    7|     ap_none|                                          x_221|        scalar|
|zext_ln153_100             |   in|    7|     ap_none|                                 zext_ln153_100|        scalar|
|zext_ln153_99              |   in|    7|     ap_none|                                  zext_ln153_99|        scalar|
|zext_ln153_98              |   in|    7|     ap_none|                                  zext_ln153_98|        scalar|
|zext_ln153_97              |   in|    7|     ap_none|                                  zext_ln153_97|        scalar|
|x_217                      |   in|    7|     ap_none|                                          x_217|        scalar|
|zext_ln153_96              |   in|    7|     ap_none|                                  zext_ln153_96|        scalar|
|zext_ln153_95              |   in|    7|     ap_none|                                  zext_ln153_95|        scalar|
|zext_ln153_94              |   in|    7|     ap_none|                                  zext_ln153_94|        scalar|
|zext_ln153_93              |   in|    7|     ap_none|                                  zext_ln153_93|        scalar|
|zext_ln153_92              |   in|    7|     ap_none|                                  zext_ln153_92|        scalar|
|zext_ln153_91              |   in|    7|     ap_none|                                  zext_ln153_91|        scalar|
|zext_ln153_90              |   in|    7|     ap_none|                                  zext_ln153_90|        scalar|
|zext_ln153_89              |   in|    7|     ap_none|                                  zext_ln153_89|        scalar|
|zext_ln153_88              |   in|    7|     ap_none|                                  zext_ln153_88|        scalar|
|zext_ln153_87              |   in|    7|     ap_none|                                  zext_ln153_87|        scalar|
|zext_ln153_86              |   in|    7|     ap_none|                                  zext_ln153_86|        scalar|
|zext_ln153_85              |   in|    7|     ap_none|                                  zext_ln153_85|        scalar|
|zext_ln153_84              |   in|    7|     ap_none|                                  zext_ln153_84|        scalar|
|zext_ln153_83              |   in|    7|     ap_none|                                  zext_ln153_83|        scalar|
|zext_ln153_82              |   in|    7|     ap_none|                                  zext_ln153_82|        scalar|
|x_202                      |   in|    7|     ap_none|                                          x_202|        scalar|
|zext_ln153_81              |   in|    7|     ap_none|                                  zext_ln153_81|        scalar|
|zext_ln153_80              |   in|    7|     ap_none|                                  zext_ln153_80|        scalar|
|zext_ln153_79              |   in|    7|     ap_none|                                  zext_ln153_79|        scalar|
|zext_ln153_78              |   in|    7|     ap_none|                                  zext_ln153_78|        scalar|
|zext_ln153_77              |   in|    7|     ap_none|                                  zext_ln153_77|        scalar|
|x_197                      |   in|    7|     ap_none|                                          x_197|        scalar|
|zext_ln153_76              |   in|    7|     ap_none|                                  zext_ln153_76|        scalar|
|zext_ln153_75              |   in|    7|     ap_none|                                  zext_ln153_75|        scalar|
|zext_ln153_74              |   in|    7|     ap_none|                                  zext_ln153_74|        scalar|
|zext_ln153_73              |   in|    7|     ap_none|                                  zext_ln153_73|        scalar|
|zext_ln153_72              |   in|    7|     ap_none|                                  zext_ln153_72|        scalar|
|zext_ln153_71              |   in|    7|     ap_none|                                  zext_ln153_71|        scalar|
|zext_ln153_70              |   in|    7|     ap_none|                                  zext_ln153_70|        scalar|
|zext_ln153_69              |   in|    7|     ap_none|                                  zext_ln153_69|        scalar|
|zext_ln153_68              |   in|    7|     ap_none|                                  zext_ln153_68|        scalar|
|zext_ln153_67              |   in|    7|     ap_none|                                  zext_ln153_67|        scalar|
|zext_ln153_66              |   in|    7|     ap_none|                                  zext_ln153_66|        scalar|
|zext_ln153_65              |   in|    7|     ap_none|                                  zext_ln153_65|        scalar|
|zext_ln153_63              |   in|    7|     ap_none|                                  zext_ln153_63|        scalar|
|zext_ln153_62              |   in|    7|     ap_none|                                  zext_ln153_62|        scalar|
|zext_ln153_61              |   in|    7|     ap_none|                                  zext_ln153_61|        scalar|
|zext_ln153_60              |   in|    7|     ap_none|                                  zext_ln153_60|        scalar|
|zext_ln153_59              |   in|    7|     ap_none|                                  zext_ln153_59|        scalar|
|zext_ln153_58              |   in|    7|     ap_none|                                  zext_ln153_58|        scalar|
|zext_ln153_57              |   in|    7|     ap_none|                                  zext_ln153_57|        scalar|
|zext_ln153_56              |   in|    7|     ap_none|                                  zext_ln153_56|        scalar|
|zext_ln153_55              |   in|    7|     ap_none|                                  zext_ln153_55|        scalar|
|zext_ln153_54              |   in|    7|     ap_none|                                  zext_ln153_54|        scalar|
|zext_ln153_53              |   in|    7|     ap_none|                                  zext_ln153_53|        scalar|
|zext_ln153_52              |   in|    7|     ap_none|                                  zext_ln153_52|        scalar|
|zext_ln153_51              |   in|    7|     ap_none|                                  zext_ln153_51|        scalar|
|zext_ln153_50              |   in|    7|     ap_none|                                  zext_ln153_50|        scalar|
|zext_ln153_49              |   in|    7|     ap_none|                                  zext_ln153_49|        scalar|
|zext_ln153_48              |   in|    7|     ap_none|                                  zext_ln153_48|        scalar|
|x_167                      |   in|    7|     ap_none|                                          x_167|        scalar|
|zext_ln153_47              |   in|    7|     ap_none|                                  zext_ln153_47|        scalar|
|zext_ln153_46              |   in|    7|     ap_none|                                  zext_ln153_46|        scalar|
|zext_ln153_45              |   in|    7|     ap_none|                                  zext_ln153_45|        scalar|
|zext_ln153_44              |   in|    7|     ap_none|                                  zext_ln153_44|        scalar|
|zext_ln153_43              |   in|    7|     ap_none|                                  zext_ln153_43|        scalar|
|zext_ln153_42              |   in|    7|     ap_none|                                  zext_ln153_42|        scalar|
|zext_ln153_41              |   in|    7|     ap_none|                                  zext_ln153_41|        scalar|
|zext_ln153_40              |   in|    7|     ap_none|                                  zext_ln153_40|        scalar|
|zext_ln153_39              |   in|    7|     ap_none|                                  zext_ln153_39|        scalar|
|zext_ln153_38              |   in|    7|     ap_none|                                  zext_ln153_38|        scalar|
|zext_ln153_37              |   in|    7|     ap_none|                                  zext_ln153_37|        scalar|
|zext_ln153_36              |   in|    7|     ap_none|                                  zext_ln153_36|        scalar|
|zext_ln153_35              |   in|    7|     ap_none|                                  zext_ln153_35|        scalar|
|zext_ln153_34              |   in|    7|     ap_none|                                  zext_ln153_34|        scalar|
|zext_ln153_33              |   in|    7|     ap_none|                                  zext_ln153_33|        scalar|
|zext_ln153_32              |   in|    7|     ap_none|                                  zext_ln153_32|        scalar|
|zext_ln153_31              |   in|    7|     ap_none|                                  zext_ln153_31|        scalar|
|zext_ln153_30              |   in|    7|     ap_none|                                  zext_ln153_30|        scalar|
|zext_ln153_29              |   in|    7|     ap_none|                                  zext_ln153_29|        scalar|
|zext_ln153_28              |   in|    7|     ap_none|                                  zext_ln153_28|        scalar|
|zext_ln153_27              |   in|    7|     ap_none|                                  zext_ln153_27|        scalar|
|zext_ln153_26              |   in|    7|     ap_none|                                  zext_ln153_26|        scalar|
|zext_ln153_25              |   in|    7|     ap_none|                                  zext_ln153_25|        scalar|
|zext_ln153_24              |   in|    7|     ap_none|                                  zext_ln153_24|        scalar|
|zext_ln153_23              |   in|    7|     ap_none|                                  zext_ln153_23|        scalar|
|zext_ln153_22              |   in|    7|     ap_none|                                  zext_ln153_22|        scalar|
|zext_ln153_21              |   in|    7|     ap_none|                                  zext_ln153_21|        scalar|
|zext_ln153_20              |   in|    7|     ap_none|                                  zext_ln153_20|        scalar|
|zext_ln153_19              |   in|    7|     ap_none|                                  zext_ln153_19|        scalar|
|zext_ln153_18              |   in|    7|     ap_none|                                  zext_ln153_18|        scalar|
|zext_ln153_17              |   in|    7|     ap_none|                                  zext_ln153_17|        scalar|
|zext_ln153_16              |   in|    7|     ap_none|                                  zext_ln153_16|        scalar|
|zext_ln153_15              |   in|    7|     ap_none|                                  zext_ln153_15|        scalar|
|zext_ln153_14              |   in|    7|     ap_none|                                  zext_ln153_14|        scalar|
|zext_ln153_13              |   in|    7|     ap_none|                                  zext_ln153_13|        scalar|
|zext_ln153_12              |   in|    7|     ap_none|                                  zext_ln153_12|        scalar|
|zext_ln153_11              |   in|    7|     ap_none|                                  zext_ln153_11|        scalar|
|zext_ln153_10              |   in|    7|     ap_none|                                  zext_ln153_10|        scalar|
|zext_ln153_9               |   in|    7|     ap_none|                                   zext_ln153_9|        scalar|
|zext_ln153_8               |   in|    7|     ap_none|                                   zext_ln153_8|        scalar|
|zext_ln153_7               |   in|    7|     ap_none|                                   zext_ln153_7|        scalar|
|zext_ln153_6               |   in|    7|     ap_none|                                   zext_ln153_6|        scalar|
|zext_ln153_5               |   in|    7|     ap_none|                                   zext_ln153_5|        scalar|
|x_125                      |   in|    7|     ap_none|                                          x_125|        scalar|
|zext_ln153_4               |   in|    7|     ap_none|                                   zext_ln153_4|        scalar|
|zext_ln153_3               |   in|    7|     ap_none|                                   zext_ln153_3|        scalar|
|zext_ln153_2               |   in|    7|     ap_none|                                   zext_ln153_2|        scalar|
|x_121                      |   in|    7|     ap_none|                                          x_121|        scalar|
|zext_ln153_1               |   in|    7|     ap_none|                                   zext_ln153_1|        scalar|
|zext_ln153                 |   in|    7|     ap_none|                                     zext_ln153|        scalar|
|zext_ln148                 |   in|    7|     ap_none|                                     zext_ln148|        scalar|
|zext_ln153_190             |   in|    7|     ap_none|                                 zext_ln153_190|        scalar|
|zext_ln153_189             |   in|    7|     ap_none|                                 zext_ln153_189|        scalar|
|zext_ln153_188             |   in|    7|     ap_none|                                 zext_ln153_188|        scalar|
|zext_ln153_187             |   in|    7|     ap_none|                                 zext_ln153_187|        scalar|
|zext_ln153_186             |   in|    7|     ap_none|                                 zext_ln153_186|        scalar|
|zext_ln153_185             |   in|    7|     ap_none|                                 zext_ln153_185|        scalar|
|zext_ln153_184             |   in|    7|     ap_none|                                 zext_ln153_184|        scalar|
|zext_ln153_183             |   in|    7|     ap_none|                                 zext_ln153_183|        scalar|
|zext_ln153_182             |   in|    7|     ap_none|                                 zext_ln153_182|        scalar|
|zext_ln153_181             |   in|    7|     ap_none|                                 zext_ln153_181|        scalar|
|zext_ln153_180             |   in|    7|     ap_none|                                 zext_ln153_180|        scalar|
|zext_ln153_179             |   in|    7|     ap_none|                                 zext_ln153_179|        scalar|
|zext_ln153_178             |   in|    7|     ap_none|                                 zext_ln153_178|        scalar|
|zext_ln153_177             |   in|    7|     ap_none|                                 zext_ln153_177|        scalar|
|zext_ln153_176             |   in|    7|     ap_none|                                 zext_ln153_176|        scalar|
|zext_ln153_175             |   in|    7|     ap_none|                                 zext_ln153_175|        scalar|
|zext_ln153_174             |   in|    7|     ap_none|                                 zext_ln153_174|        scalar|
|zext_ln153_173             |   in|    7|     ap_none|                                 zext_ln153_173|        scalar|
|zext_ln153_172             |   in|    7|     ap_none|                                 zext_ln153_172|        scalar|
|zext_ln153_171             |   in|    7|     ap_none|                                 zext_ln153_171|        scalar|
|zext_ln153_170             |   in|    7|     ap_none|                                 zext_ln153_170|        scalar|
|zext_ln153_169             |   in|    7|     ap_none|                                 zext_ln153_169|        scalar|
|zext_ln153_168             |   in|    7|     ap_none|                                 zext_ln153_168|        scalar|
|zext_ln153_167             |   in|    7|     ap_none|                                 zext_ln153_167|        scalar|
|zext_ln153_166             |   in|    7|     ap_none|                                 zext_ln153_166|        scalar|
|zext_ln153_165             |   in|    7|     ap_none|                                 zext_ln153_165|        scalar|
|zext_ln153_164             |   in|    7|     ap_none|                                 zext_ln153_164|        scalar|
|zext_ln153_163             |   in|    7|     ap_none|                                 zext_ln153_163|        scalar|
|zext_ln153_162             |   in|    7|     ap_none|                                 zext_ln153_162|        scalar|
|zext_ln153_161             |   in|    7|     ap_none|                                 zext_ln153_161|        scalar|
|zext_ln153_160             |   in|    7|     ap_none|                                 zext_ln153_160|        scalar|
|zext_ln153_159             |   in|    7|     ap_none|                                 zext_ln153_159|        scalar|
|zext_ln153_158             |   in|    7|     ap_none|                                 zext_ln153_158|        scalar|
|zext_ln153_157             |   in|    7|     ap_none|                                 zext_ln153_157|        scalar|
|zext_ln153_156             |   in|    7|     ap_none|                                 zext_ln153_156|        scalar|
|zext_ln153_155             |   in|    7|     ap_none|                                 zext_ln153_155|        scalar|
|zext_ln153_154             |   in|    7|     ap_none|                                 zext_ln153_154|        scalar|
|zext_ln153_153             |   in|    7|     ap_none|                                 zext_ln153_153|        scalar|
|zext_ln153_152             |   in|    7|     ap_none|                                 zext_ln153_152|        scalar|
|zext_ln153_151             |   in|    7|     ap_none|                                 zext_ln153_151|        scalar|
|zext_ln153_150             |   in|    7|     ap_none|                                 zext_ln153_150|        scalar|
|zext_ln153_149             |   in|    7|     ap_none|                                 zext_ln153_149|        scalar|
|zext_ln153_148             |   in|    7|     ap_none|                                 zext_ln153_148|        scalar|
|x_267                      |   in|    7|     ap_none|                                          x_267|        scalar|
|zext_ln153_147             |   in|    7|     ap_none|                                 zext_ln153_147|        scalar|
|zext_ln153_146             |   in|    7|     ap_none|                                 zext_ln153_146|        scalar|
|zext_ln153_145             |   in|    7|     ap_none|                                 zext_ln153_145|        scalar|
|zext_ln153_144             |   in|    7|     ap_none|                                 zext_ln153_144|        scalar|
|x_263                      |   in|    7|     ap_none|                                          x_263|        scalar|
|zext_ln153_143             |   in|    7|     ap_none|                                 zext_ln153_143|        scalar|
|zext_ln153_142             |   in|    7|     ap_none|                                 zext_ln153_142|        scalar|
|zext_ln153_141             |   in|    7|     ap_none|                                 zext_ln153_141|        scalar|
|zext_ln153_140             |   in|    7|     ap_none|                                 zext_ln153_140|        scalar|
|zext_ln153_139             |   in|    7|     ap_none|                                 zext_ln153_139|        scalar|
|zext_ln153_138             |   in|    7|     ap_none|                                 zext_ln153_138|        scalar|
|zext_ln153_137             |   in|    7|     ap_none|                                 zext_ln153_137|        scalar|
|zext_ln153_136             |   in|    7|     ap_none|                                 zext_ln153_136|        scalar|
|zext_ln153_135             |   in|    7|     ap_none|                                 zext_ln153_135|        scalar|
|zext_ln153_134             |   in|    7|     ap_none|                                 zext_ln153_134|        scalar|
|zext_ln153_133             |   in|    7|     ap_none|                                 zext_ln153_133|        scalar|
|zext_ln153_132             |   in|    7|     ap_none|                                 zext_ln153_132|        scalar|
|zext_ln153_131             |   in|    7|     ap_none|                                 zext_ln153_131|        scalar|
|zext_ln153_130             |   in|    7|     ap_none|                                 zext_ln153_130|        scalar|
|zext_ln153_129             |   in|    7|     ap_none|                                 zext_ln153_129|        scalar|
|zext_ln153_191             |   in|    7|     ap_none|                                 zext_ln153_191|        scalar|
|zext_ln153_64              |   in|    7|     ap_none|                                  zext_ln153_64|        scalar|
+---------------------------+-----+-----+------------+-----------------------------------------------+--------------+

