

================================================================
== Vitis HLS Report for 'tiny_ecg_inference_Pipeline_VITIS_LOOP_68_2_VITIS_LOOP_69_3'
================================================================
* Date:           Sat Sep  5 11:47:59 2026

* Version:        2026.1 (Build 6493734 on Jun 16 2026)
* Project:        tiny_ecg_hls
* Solution:       solution1 (Vivado IP Flow Target)
* Product family: zynq
* Target device:  xc7z020-clg484-1


================================================================
== Performance Estimates
================================================================
+ Timing: 
    * Summary: 
    +--------+----------+-----------+------------+
    |  Clock |  Target  | Estimated | Uncertainty|
    +--------+----------+-----------+------------+
    |ap_clk  |  20.00 ns|  13.591 ns|     5.40 ns|
    +--------+----------+-----------+------------+

+ Latency: 
    * Summary: 
    +---------+---------+----------+----------+-----+-----+-------------------+
    |  Latency (cycles) |  Latency (absolute) |  Interval |      Pipeline     |
    |   min   |   max   |    min   |    max   | min | max |        Type       |
    +---------+---------+----------+----------+-----+-----+-------------------+
    |      376|      376|  7.520 us|  7.520 us|    0|    0|  loop pipeline stp|
    +---------+---------+----------+----------+-----+-----+-------------------+

    + Detail: 
        * Instance: 
        N/A

        * Loop: 
        +-----------------------------------+---------+---------+----------+-----------+-----------+------+----------+
        |                                   |  Latency (cycles) | Iteration|  Initiation Interval  | Trip |          |
        |             Loop Name             |   min   |   max   |  Latency |  achieved |   target  | Count| Pipelined|
        +-----------------------------------+---------+---------+----------+-----------+-----------+------+----------+
        |- VITIS_LOOP_68_2_VITIS_LOOP_69_3  |      374|      374|        16|          1|          1|   360|       yes|
        +-----------------------------------+---------+---------+----------+-----------+-----------+------+----------+



================================================================
== Utilization Estimates
================================================================
* Summary: 
+-----------------+---------+-----+--------+-------+-----+
|       Name      | BRAM_18K| DSP |   FF   |  LUT  | URAM|
+-----------------+---------+-----+--------+-------+-----+
|DSP              |        -|    3|       -|      -|    -|
|Expression       |        -|    -|       0|    738|    -|
|FIFO             |        -|    -|       -|      -|    -|
|Instance         |        -|   34|     130|    631|    -|
|Memory           |        0|    -|      89|     12|    -|
|Multiplexer      |        -|    -|       0|    227|    -|
|Register         |        -|    -|    1074|    288|    -|
+-----------------+---------+-----+--------+-------+-----+
|Total            |        0|   37|    1293|   1896|    0|
+-----------------+---------+-----+--------+-------+-----+
|Available        |      280|  220|  106400|  53200|    0|
+-----------------+---------+-----+--------+-------+-----+
|Utilization (%)  |        0|   16|       1|      3|    0|
+-----------------+---------+-----+--------+-------+-----+

+ Detail: 
    * Instance: 
    +---------------------------+-----------------------+---------+----+-----+----+-----+
    |          Instance         |         Module        | BRAM_18K| DSP|  FF | LUT| URAM|
    +---------------------------+-----------------------+---------+----+-----+----+-----+
    |mul_19s_30ns_49_1_1_U8     |mul_19s_30ns_49_1_1    |        0|   2|    0|  27|    0|
    |mul_64ns_66ns_129_1_1_U9   |mul_64ns_66ns_129_1_1  |        0|  16|    0|  52|    0|
    |mul_64ns_66ns_129_1_1_U10  |mul_64ns_66ns_129_1_1  |        0|  16|    0|  52|    0|
    |mul_6ns_8ns_13_1_1_U13     |mul_6ns_8ns_13_1_1     |        0|   0|    0|  41|    0|
    |mul_7ns_9ns_15_1_1_U12     |mul_7ns_9ns_15_1_1     |        0|   0|    0|  51|    0|
    |mul_7ns_9ns_15_1_1_U14     |mul_7ns_9ns_15_1_1     |        0|   0|    0|  51|    0|
    |mul_7ns_9ns_15_1_1_U15     |mul_7ns_9ns_15_1_1     |        0|   0|    0|  51|    0|
    |mul_9s_8s_17_1_1_U21       |mul_9s_8s_17_1_1       |        0|   0|    0|  51|    0|
    |mul_9s_8s_17_1_1_U22       |mul_9s_8s_17_1_1       |        0|   0|    0|  51|    0|
    |sparsemux_11_3_8_1_1_U16   |sparsemux_11_3_8_1_1   |        0|   0|    0|  25|    0|
    |sparsemux_11_3_8_1_1_U17   |sparsemux_11_3_8_1_1   |        0|   0|    0|  25|    0|
    |sparsemux_11_3_8_1_1_U18   |sparsemux_11_3_8_1_1   |        0|   0|    0|  25|    0|
    |sparsemux_11_3_8_1_1_U19   |sparsemux_11_3_8_1_1   |        0|   0|    0|  25|    0|
    |sparsemux_11_3_8_1_1_U20   |sparsemux_11_3_8_1_1   |        0|   0|    0|  25|    0|
    |urem_6ns_4ns_3_10_1_U11    |urem_6ns_4ns_3_10_1    |        0|   0|  130|  79|    0|
    +---------------------------+-----------------------+---------+----+-----+----+-----+
    |Total                      |                       |        0|  34|  130| 631|    0|
    +---------------------------+-----------------------+---------+----+-----+----+-----+

    * DSP: 
    +---------------------------------------+-----------------------------------+---------------------+
    |                Instance               |               Module              |      Expression     |
    +---------------------------------------+-----------------------------------+---------------------+
    |ama_addmuladd_8s_8s_8s_17s_17_4_1_U23  |ama_addmuladd_8s_8s_8s_17s_17_4_1  |  (i0 + i1) * i2 + i3|
    |ama_addmuladd_8s_8s_8s_17s_18_4_1_U25  |ama_addmuladd_8s_8s_8s_17s_18_4_1  |  i0 + (i1 + i2) * i3|
    |mac_muladd_9s_8s_17s_17_4_1_U24        |mac_muladd_9s_8s_17s_17_4_1        |         i0 + i1 * i2|
    +---------------------------------------+-----------------------------------+---------------------+

    * Memory: 
    +------------------------+----------------------------------------------------------------------------------+---------+----+----+-----+------+-----+------+-------------+
    |         Memory         |                                      Module                                      | BRAM_18K| FF | LUT| URAM| Words| Bits| Banks| W*Bits*Banks|
    +------------------------+----------------------------------------------------------------------------------+---------+----+----+-----+------+-----+------+-------------+
    |conv1_bias_U            |tiny_ecg_inference_Pipeline_VITIS_LOOP_68_2_VITIS_LOOP_69_3_conv1_bias_ROM_AUbkb  |        0|  13|   2|    0|     8|   13|     1|          104|
    |conv1_multiplier_U      |tiny_ecg_inference_Pipeline_VITIS_LOOP_68_2_VITIS_LOOP_69_3_conv1_multiplier_hbi  |        0|  30|   4|    0|     8|   30|     1|          240|
    |conv1_shift_U           |tiny_ecg_inference_Pipeline_VITIS_LOOP_68_2_VITIS_LOOP_69_3_conv1_shift_ROM_Aibs  |        0|   6|   1|    0|     8|    6|     1|           48|
    |p_ZL12conv1_weight_0_U  |tiny_ecg_inference_Pipeline_VITIS_LOOP_68_2_VITIS_LOOP_69_3_p_ZL12conv1_weighcud  |        0|   8|   1|    0|     8|    8|     1|           64|
    |p_ZL12conv1_weight_1_U  |tiny_ecg_inference_Pipeline_VITIS_LOOP_68_2_VITIS_LOOP_69_3_p_ZL12conv1_weighdEe  |        0|   8|   1|    0|     8|    8|     1|           64|
    |p_ZL12conv1_weight_2_U  |tiny_ecg_inference_Pipeline_VITIS_LOOP_68_2_VITIS_LOOP_69_3_p_ZL12conv1_weigheOg  |        0|   8|   1|    0|     8|    8|     1|           64|
    |p_ZL12conv1_weight_3_U  |tiny_ecg_inference_Pipeline_VITIS_LOOP_68_2_VITIS_LOOP_69_3_p_ZL12conv1_weighfYi  |        0|   8|   1|    0|     8|    8|     1|           64|
    |p_ZL12conv1_weight_4_U  |tiny_ecg_inference_Pipeline_VITIS_LOOP_68_2_VITIS_LOOP_69_3_p_ZL12conv1_weighg8j  |        0|   8|   1|    0|     8|    8|     1|           64|
    +------------------------+----------------------------------------------------------------------------------+---------+----+----+-----+------+-----+------+-------------+
    |Total                   |                                                                                  |        0|  89|  12|    0|    64|   89|     8|          712|
    +------------------------+----------------------------------------------------------------------------------+---------+----+----+-----+------+-----+------+-------------+

    * FIFO: 
    N/A

    * Expression: 
    +-------------------------------+----------+----+---+-----+------------+------------+
    |         Variable Name         | Operation| DSP| FF| LUT | Bitwidth P0| Bitwidth P1|
    +-------------------------------+----------+----+---+-----+------------+------------+
    |acc64_2_fu_1765_p2             |         +|   0|  0|   56|          49|          49|
    |acc_2_fu_1689_p2               |         +|   0|  0|   26|          19|          19|
    |add_ln10_fu_1704_p2            |         +|   0|  0|   14|           6|           2|
    |add_ln68_1_fu_1164_p2          |         +|   0|  0|   14|           6|           6|
    |add_ln68_fu_1130_p2            |         +|   0|  0|   14|           9|           1|
    |add_ln69_fu_1198_p2            |         +|   0|  0|   13|           4|           1|
    |add_ln74_1_fu_1242_p2          |         +|   0|  0|   15|           8|           2|
    |add_ln74_2_fu_1309_p2          |         +|   0|  0|   14|           7|           2|
    |add_ln74_fu_1230_p2            |         +|   0|  0|   15|           8|           3|
    |add_ln82_1_fu_1675_p2          |         +|   0|  0|   24|          17|          17|
    |x_46_fu_1553_p2                |         +|   0|  0|   14|           9|           8|
    |x_47_fu_1645_p2                |         +|   0|  0|   14|           9|           8|
    |x_fu_1615_p2                   |         +|   0|  0|   14|           9|           8|
    |ap_predicate_pred1000_state16  |       and|   0|  0|    2|           1|           1|
    |ap_predicate_pred1012_state16  |       and|   0|  0|    2|           1|           1|
    |ap_predicate_pred1024_state16  |       and|   0|  0|    2|           1|           1|
    |ap_predicate_pred1036_state16  |       and|   0|  0|    2|           1|           1|
    |ap_predicate_pred1051_state16  |       and|   0|  0|    2|           1|           1|
    |ap_predicate_pred1064_state16  |       and|   0|  0|    2|           1|           1|
    |ap_predicate_pred1076_state16  |       and|   0|  0|    2|           1|           1|
    |ap_predicate_pred1088_state16  |       and|   0|  0|    2|           1|           1|
    |ap_predicate_pred1100_state16  |       and|   0|  0|    2|           1|           1|
    |ap_predicate_pred1115_state16  |       and|   0|  0|    2|           1|           1|
    |ap_predicate_pred1128_state16  |       and|   0|  0|    2|           1|           1|
    |ap_predicate_pred1140_state16  |       and|   0|  0|    2|           1|           1|
    |ap_predicate_pred1152_state16  |       and|   0|  0|    2|           1|           1|
    |ap_predicate_pred1164_state16  |       and|   0|  0|    2|           1|           1|
    |ap_predicate_pred1179_state16  |       and|   0|  0|    2|           1|           1|
    |ap_predicate_pred1192_state16  |       and|   0|  0|    2|           1|           1|
    |ap_predicate_pred1204_state16  |       and|   0|  0|    2|           1|           1|
    |ap_predicate_pred1216_state16  |       and|   0|  0|    2|           1|           1|
    |ap_predicate_pred1228_state16  |       and|   0|  0|    2|           1|           1|
    |ap_predicate_pred1243_state16  |       and|   0|  0|    2|           1|           1|
    |ap_predicate_pred1256_state16  |       and|   0|  0|    2|           1|           1|
    |ap_predicate_pred1268_state16  |       and|   0|  0|    2|           1|           1|
    |ap_predicate_pred1280_state16  |       and|   0|  0|    2|           1|           1|
    |ap_predicate_pred1292_state16  |       and|   0|  0|    2|           1|           1|
    |ap_predicate_pred1307_state16  |       and|   0|  0|    2|           1|           1|
    |ap_predicate_pred1320_state16  |       and|   0|  0|    2|           1|           1|
    |ap_predicate_pred1332_state16  |       and|   0|  0|    2|           1|           1|
    |ap_predicate_pred1344_state16  |       and|   0|  0|    2|           1|           1|
    |ap_predicate_pred1356_state16  |       and|   0|  0|    2|           1|           1|
    |ap_predicate_pred1371_state16  |       and|   0|  0|    2|           1|           1|
    |ap_predicate_pred1385_state16  |       and|   0|  0|    2|           1|           1|
    |ap_predicate_pred1397_state16  |       and|   0|  0|    2|           1|           1|
    |ap_predicate_pred1409_state16  |       and|   0|  0|    2|           1|           1|
    |ap_predicate_pred1421_state16  |       and|   0|  0|    2|           1|           1|
    |ap_predicate_pred1436_state16  |       and|   0|  0|    2|           1|           1|
    |ap_predicate_pred927_state16   |       and|   0|  0|    2|           1|           1|
    |ap_predicate_pred941_state16   |       and|   0|  0|    2|           1|           1|
    |ap_predicate_pred954_state16   |       and|   0|  0|    2|           1|           1|
    |ap_predicate_pred967_state16   |       and|   0|  0|    2|           1|           1|
    |ap_predicate_pred986_state16   |       and|   0|  0|    2|           1|           1|
    |res_fu_1773_p2                 |      ashr|   0|  0|  151|          49|          49|
    |icmp_ln20_fu_1809_p2           |      icmp|   0|  0|   14|           6|           1|
    |icmp_ln68_fu_1124_p2           |      icmp|   0|  0|   14|           9|           9|
    |icmp_ln69_fu_1142_p2           |      icmp|   0|  0|   13|           4|           5|
    |icmp_ln77_1_fu_1248_p2         |      icmp|   0|  0|   15|           8|           7|
    |icmp_ln77_2_fu_1314_p2         |      icmp|   0|  0|   14|           7|           7|
    |icmp_ln77_fu_1236_p2           |      icmp|   0|  0|   15|           8|           7|
    |empty_fu_1156_p3               |    select|   0|  0|    2|           1|           1|
    |res_2_fu_1791_p3               |    select|   0|  0|   13|           1|           1|
    |select_ln20_fu_1819_p3         |    select|   0|  0|    7|           1|           2|
    |select_ln68_fu_1148_p3         |    select|   0|  0|    4|           1|           1|
    |x_1_fu_1621_p3                 |    select|   0|  0|    9|           1|           9|
    |x_3_fu_1559_p3                 |    select|   0|  0|    9|           1|           9|
    |x_7_fu_1651_p3                 |    select|   0|  0|    9|           1|           9|
    |shl_ln10_fu_1713_p2            |       shl|   0|  0|  120|           1|          37|
    |ap_enable_pp0                  |       xor|   0|  0|    2|           1|           2|
    +-------------------------------+----------+----+---+-----+------------+------------+
    |Total                          |          |   0|  0|  738|         300|         322|
    +-------------------------------+----------+----+---+-----+------------+------------+

    * Multiplexer: 
    +--------------------------------------+----+-----------+-----+-----------+
    |                 Name                 | LUT| Input Size| Bits| Total Bits|
    +--------------------------------------+----+-----------+-----+-----------+
    |ap_done_int                           |   9|          2|    1|          2|
    |ap_enable_reg_pp0_iter1               |   9|          2|    1|          2|
    |ap_sig_allocacmp_indvar_flatten_load  |   9|          2|    9|         18|
    |ap_sig_allocacmp_oc_load              |   9|          2|    4|          8|
    |ap_sig_allocacmp_out_idx_load         |   9|          2|    6|         12|
    |indvar_flatten_fu_228                 |   9|          2|    9|         18|
    |local_ecg_1_address0_local            |  31|          6|    5|         30|
    |local_ecg_2_address0_local            |  31|          6|    5|         30|
    |local_ecg_3_address0_local            |  31|          6|    5|         30|
    |local_ecg_4_address0_local            |  31|          6|    5|         30|
    |local_ecg_address0_local              |  31|          6|    5|         30|
    |oc_fu_220                             |   9|          2|    4|          8|
    |out_idx_fu_224                        |   9|          2|    6|         12|
    +--------------------------------------+----+-----------+-----+-----------+
    |Total                                 | 227|         46|   65|        230|
    +--------------------------------------+----+-----------+-----+-----------+

    * Register: 
    +-----------------------------------------------+----+----+-----+-----------+
    |                      Name                     | FF | LUT| Bits| Const Bits|
    +-----------------------------------------------+----+----+-----+-----------+
    |acc64_reg_2251                                 |  49|   0|   49|          0|
    |acc_reg_2215                                   |  13|   0|   13|          0|
    |add_ln68_1_reg_1928                            |   6|   0|    6|          0|
    |add_ln74_1_reg_1956                            |   7|   0|    8|          1|
    |add_ln74_2_reg_1981                            |   6|   0|    7|          1|
    |add_ln74_reg_1946                              |   7|   0|    8|          1|
    |add_ln82_1_reg_2241                            |  17|   0|   17|          0|
    |ap_CS_fsm                                      |   1|   0|    1|          0|
    |ap_done_reg                                    |   1|   0|    1|          0|
    |ap_enable_reg_pp0_iter1                        |   1|   0|    1|          0|
    |ap_enable_reg_pp0_iter10                       |   1|   0|    1|          0|
    |ap_enable_reg_pp0_iter11                       |   1|   0|    1|          0|
    |ap_enable_reg_pp0_iter12                       |   1|   0|    1|          0|
    |ap_enable_reg_pp0_iter13                       |   1|   0|    1|          0|
    |ap_enable_reg_pp0_iter14                       |   1|   0|    1|          0|
    |ap_enable_reg_pp0_iter15                       |   1|   0|    1|          0|
    |ap_enable_reg_pp0_iter2                        |   1|   0|    1|          0|
    |ap_enable_reg_pp0_iter3                        |   1|   0|    1|          0|
    |ap_enable_reg_pp0_iter4                        |   1|   0|    1|          0|
    |ap_enable_reg_pp0_iter5                        |   1|   0|    1|          0|
    |ap_enable_reg_pp0_iter6                        |   1|   0|    1|          0|
    |ap_enable_reg_pp0_iter7                        |   1|   0|    1|          0|
    |ap_enable_reg_pp0_iter8                        |   1|   0|    1|          0|
    |ap_enable_reg_pp0_iter9                        |   1|   0|    1|          0|
    |ap_loop_exit_ready_pp0_iter10_reg              |   1|   0|    1|          0|
    |ap_loop_exit_ready_pp0_iter11_reg              |   1|   0|    1|          0|
    |ap_loop_exit_ready_pp0_iter12_reg              |   1|   0|    1|          0|
    |ap_loop_exit_ready_pp0_iter13_reg              |   1|   0|    1|          0|
    |ap_loop_exit_ready_pp0_iter14_reg              |   1|   0|    1|          0|
    |ap_loop_exit_ready_pp0_iter1_reg               |   1|   0|    1|          0|
    |ap_loop_exit_ready_pp0_iter2_reg               |   1|   0|    1|          0|
    |ap_loop_exit_ready_pp0_iter3_reg               |   1|   0|    1|          0|
    |ap_loop_exit_ready_pp0_iter4_reg               |   1|   0|    1|          0|
    |ap_loop_exit_ready_pp0_iter5_reg               |   1|   0|    1|          0|
    |ap_loop_exit_ready_pp0_iter6_reg               |   1|   0|    1|          0|
    |ap_loop_exit_ready_pp0_iter7_reg               |   1|   0|    1|          0|
    |ap_loop_exit_ready_pp0_iter8_reg               |   1|   0|    1|          0|
    |ap_loop_exit_ready_pp0_iter9_reg               |   1|   0|    1|          0|
    |ap_predicate_pred1000_state16                  |   1|   0|    1|          0|
    |ap_predicate_pred1012_state16                  |   1|   0|    1|          0|
    |ap_predicate_pred1024_state16                  |   1|   0|    1|          0|
    |ap_predicate_pred1036_state16                  |   1|   0|    1|          0|
    |ap_predicate_pred1051_state16                  |   1|   0|    1|          0|
    |ap_predicate_pred1064_state16                  |   1|   0|    1|          0|
    |ap_predicate_pred1076_state16                  |   1|   0|    1|          0|
    |ap_predicate_pred1088_state16                  |   1|   0|    1|          0|
    |ap_predicate_pred1100_state16                  |   1|   0|    1|          0|
    |ap_predicate_pred1115_state16                  |   1|   0|    1|          0|
    |ap_predicate_pred1128_state16                  |   1|   0|    1|          0|
    |ap_predicate_pred1140_state16                  |   1|   0|    1|          0|
    |ap_predicate_pred1152_state16                  |   1|   0|    1|          0|
    |ap_predicate_pred1164_state16                  |   1|   0|    1|          0|
    |ap_predicate_pred1179_state16                  |   1|   0|    1|          0|
    |ap_predicate_pred1192_state16                  |   1|   0|    1|          0|
    |ap_predicate_pred1204_state16                  |   1|   0|    1|          0|
    |ap_predicate_pred1216_state16                  |   1|   0|    1|          0|
    |ap_predicate_pred1228_state16                  |   1|   0|    1|          0|
    |ap_predicate_pred1243_state16                  |   1|   0|    1|          0|
    |ap_predicate_pred1256_state16                  |   1|   0|    1|          0|
    |ap_predicate_pred1268_state16                  |   1|   0|    1|          0|
    |ap_predicate_pred1280_state16                  |   1|   0|    1|          0|
    |ap_predicate_pred1292_state16                  |   1|   0|    1|          0|
    |ap_predicate_pred1307_state16                  |   1|   0|    1|          0|
    |ap_predicate_pred1320_state16                  |   1|   0|    1|          0|
    |ap_predicate_pred1332_state16                  |   1|   0|    1|          0|
    |ap_predicate_pred1344_state16                  |   1|   0|    1|          0|
    |ap_predicate_pred1356_state16                  |   1|   0|    1|          0|
    |ap_predicate_pred1371_state16                  |   1|   0|    1|          0|
    |ap_predicate_pred1385_state16                  |   1|   0|    1|          0|
    |ap_predicate_pred1397_state16                  |   1|   0|    1|          0|
    |ap_predicate_pred1409_state16                  |   1|   0|    1|          0|
    |ap_predicate_pred1421_state16                  |   1|   0|    1|          0|
    |ap_predicate_pred1436_state16                  |   1|   0|    1|          0|
    |ap_predicate_pred927_state16                   |   1|   0|    1|          0|
    |ap_predicate_pred941_state16                   |   1|   0|    1|          0|
    |ap_predicate_pred954_state16                   |   1|   0|    1|          0|
    |ap_predicate_pred967_state16                   |   1|   0|    1|          0|
    |ap_predicate_pred986_state16                   |   1|   0|    1|          0|
    |conv1_multiplier_load_reg_2230                 |  30|   0|   30|          0|
    |conv1_multiplier_load_reg_2230_pp0_iter13_reg  |  30|   0|   30|          0|
    |conv1_shift_load_reg_2235                      |   6|   0|    6|          0|
    |icmp_ln77_1_reg_1961                           |   1|   0|    1|          0|
    |icmp_ln77_2_reg_1986                           |   1|   0|    1|          0|
    |icmp_ln77_reg_1951                             |   1|   0|    1|          0|
    |indvar_flatten_fu_228                          |   9|   0|    9|          0|
    |oc_fu_220                                      |   4|   0|    4|          0|
    |out_idx_fu_224                                 |   6|   0|    6|          0|
    |select_ln68_reg_1923                           |   4|   0|    4|          0|
    |shl_ln10_reg_2256                              |  37|   0|   37|          0|
    |shl_ln_reg_1940                                |   6|   0|    7|          1|
    |tmp_10_reg_1976                                |  62|   0|   62|          0|
    |tmp_1_reg_2150                                 |   8|   0|    8|          0|
    |tmp_3_reg_2155                                 |   8|   0|    8|          0|
    |tmp_3_reg_2155_pp0_iter11_reg                  |   8|   0|    8|          0|
    |tmp_5_reg_2180                                 |   8|   0|    8|          0|
    |tmp_5_reg_2180_pp0_iter11_reg                  |   8|   0|    8|          0|
    |tmp_8_reg_1966                                 |   5|   0|    5|          0|
    |tmp_9_reg_1971                                 |  62|   0|   62|          0|
    |tmp_reg_1991                                   |   4|   0|    4|          0|
    |trunc_ln68_reg_1996                            |   3|   0|    3|          0|
    |trunc_ln69_reg_1936                            |   3|   0|    3|          0|
    |zext_ln69_reg_2130                             |   4|   0|   64|         60|
    |zext_ln69_reg_2130_pp0_iter10_reg              |   4|   0|   64|         60|
    |add_ln68_1_reg_1928                            |  64|  32|    6|          0|
    |conv1_shift_load_reg_2235                      |  64|  32|    6|          0|
    |icmp_ln77_1_reg_1961                           |  64|  32|    1|          0|
    |icmp_ln77_2_reg_1986                           |  64|  32|    1|          0|
    |icmp_ln77_reg_1951                             |  64|  32|    1|          0|
    |select_ln68_reg_1923                           |  64|  32|    4|          0|
    |tmp_reg_1991                                   |  64|  32|    4|          0|
    |trunc_ln68_reg_1996                            |  64|  32|    3|          0|
    |trunc_ln69_reg_1936                            |  64|  32|    3|          0|
    +-----------------------------------------------+----+----+-----+-----------+
    |Total                                          |1074| 288|  651|        124|
    +-----------------------------------------------+----+----+-----+-----------+



================================================================
== Interface
================================================================
* Summary: 
+-----------------------+-----+-----+------------+-------------------------------------------------------------+--------------+
|       RTL Ports       | Dir | Bits|  Protocol  |                        Source Object                        |    C Type    |
+-----------------------+-----+-----+------------+-------------------------------------------------------------+--------------+
|ap_clk                 |   in|    1|  ap_ctrl_hs|  tiny_ecg_inference_Pipeline_VITIS_LOOP_68_2_VITIS_LOOP_69_3|  return value|
|ap_rst                 |   in|    1|  ap_ctrl_hs|  tiny_ecg_inference_Pipeline_VITIS_LOOP_68_2_VITIS_LOOP_69_3|  return value|
|ap_start               |   in|    1|  ap_ctrl_hs|  tiny_ecg_inference_Pipeline_VITIS_LOOP_68_2_VITIS_LOOP_69_3|  return value|
|ap_done                |  out|    1|  ap_ctrl_hs|  tiny_ecg_inference_Pipeline_VITIS_LOOP_68_2_VITIS_LOOP_69_3|  return value|
|ap_idle                |  out|    1|  ap_ctrl_hs|  tiny_ecg_inference_Pipeline_VITIS_LOOP_68_2_VITIS_LOOP_69_3|  return value|
|ap_ready               |  out|    1|  ap_ctrl_hs|  tiny_ecg_inference_Pipeline_VITIS_LOOP_68_2_VITIS_LOOP_69_3|  return value|
|local_ecg_address0     |  out|    5|   ap_memory|                                                    local_ecg|         array|
|local_ecg_ce0          |  out|    1|   ap_memory|                                                    local_ecg|         array|
|local_ecg_q0           |   in|    8|   ap_memory|                                                    local_ecg|         array|
|local_ecg_1_address0   |  out|    5|   ap_memory|                                                  local_ecg_1|         array|
|local_ecg_1_ce0        |  out|    1|   ap_memory|                                                  local_ecg_1|         array|
|local_ecg_1_q0         |   in|    8|   ap_memory|                                                  local_ecg_1|         array|
|local_ecg_2_address0   |  out|    5|   ap_memory|                                                  local_ecg_2|         array|
|local_ecg_2_ce0        |  out|    1|   ap_memory|                                                  local_ecg_2|         array|
|local_ecg_2_q0         |   in|    8|   ap_memory|                                                  local_ecg_2|         array|
|local_ecg_3_address0   |  out|    5|   ap_memory|                                                  local_ecg_3|         array|
|local_ecg_3_ce0        |  out|    1|   ap_memory|                                                  local_ecg_3|         array|
|local_ecg_3_q0         |   in|    8|   ap_memory|                                                  local_ecg_3|         array|
|local_ecg_4_address0   |  out|    5|   ap_memory|                                                  local_ecg_4|         array|
|local_ecg_4_ce0        |  out|    1|   ap_memory|                                                  local_ecg_4|         array|
|local_ecg_4_q0         |   in|    8|   ap_memory|                                                  local_ecg_4|         array|
|buffer_c1_address0     |  out|    4|   ap_memory|                                                    buffer_c1|         array|
|buffer_c1_ce0          |  out|    1|   ap_memory|                                                    buffer_c1|         array|
|buffer_c1_we0          |  out|    1|   ap_memory|                                                    buffer_c1|         array|
|buffer_c1_d0           |  out|    7|   ap_memory|                                                    buffer_c1|         array|
|buffer_c1_1_address0   |  out|    4|   ap_memory|                                                  buffer_c1_1|         array|
|buffer_c1_1_ce0        |  out|    1|   ap_memory|                                                  buffer_c1_1|         array|
|buffer_c1_1_we0        |  out|    1|   ap_memory|                                                  buffer_c1_1|         array|
|buffer_c1_1_d0         |  out|    7|   ap_memory|                                                  buffer_c1_1|         array|
|buffer_c1_2_address0   |  out|    4|   ap_memory|                                                  buffer_c1_2|         array|
|buffer_c1_2_ce0        |  out|    1|   ap_memory|                                                  buffer_c1_2|         array|
|buffer_c1_2_we0        |  out|    1|   ap_memory|                                                  buffer_c1_2|         array|
|buffer_c1_2_d0         |  out|    7|   ap_memory|                                                  buffer_c1_2|         array|
|buffer_c1_3_address0   |  out|    4|   ap_memory|                                                  buffer_c1_3|         array|
|buffer_c1_3_ce0        |  out|    1|   ap_memory|                                                  buffer_c1_3|         array|
|buffer_c1_3_we0        |  out|    1|   ap_memory|                                                  buffer_c1_3|         array|
|buffer_c1_3_d0         |  out|    7|   ap_memory|                                                  buffer_c1_3|         array|
|buffer_c1_4_address0   |  out|    4|   ap_memory|                                                  buffer_c1_4|         array|
|buffer_c1_4_ce0        |  out|    1|   ap_memory|                                                  buffer_c1_4|         array|
|buffer_c1_4_we0        |  out|    1|   ap_memory|                                                  buffer_c1_4|         array|
|buffer_c1_4_d0         |  out|    7|   ap_memory|                                                  buffer_c1_4|         array|
|buffer_c1_5_address0   |  out|    4|   ap_memory|                                                  buffer_c1_5|         array|
|buffer_c1_5_ce0        |  out|    1|   ap_memory|                                                  buffer_c1_5|         array|
|buffer_c1_5_we0        |  out|    1|   ap_memory|                                                  buffer_c1_5|         array|
|buffer_c1_5_d0         |  out|    7|   ap_memory|                                                  buffer_c1_5|         array|
|buffer_c1_6_address0   |  out|    4|   ap_memory|                                                  buffer_c1_6|         array|
|buffer_c1_6_ce0        |  out|    1|   ap_memory|                                                  buffer_c1_6|         array|
|buffer_c1_6_we0        |  out|    1|   ap_memory|                                                  buffer_c1_6|         array|
|buffer_c1_6_d0         |  out|    7|   ap_memory|                                                  buffer_c1_6|         array|
|buffer_c1_7_address0   |  out|    4|   ap_memory|                                                  buffer_c1_7|         array|
|buffer_c1_7_ce0        |  out|    1|   ap_memory|                                                  buffer_c1_7|         array|
|buffer_c1_7_we0        |  out|    1|   ap_memory|                                                  buffer_c1_7|         array|
|buffer_c1_7_d0         |  out|    7|   ap_memory|                                                  buffer_c1_7|         array|
|buffer_c1_8_address0   |  out|    4|   ap_memory|                                                  buffer_c1_8|         array|
|buffer_c1_8_ce0        |  out|    1|   ap_memory|                                                  buffer_c1_8|         array|
|buffer_c1_8_we0        |  out|    1|   ap_memory|                                                  buffer_c1_8|         array|
|buffer_c1_8_d0         |  out|    7|   ap_memory|                                                  buffer_c1_8|         array|
|buffer_c1_9_address0   |  out|    4|   ap_memory|                                                  buffer_c1_9|         array|
|buffer_c1_9_ce0        |  out|    1|   ap_memory|                                                  buffer_c1_9|         array|
|buffer_c1_9_we0        |  out|    1|   ap_memory|                                                  buffer_c1_9|         array|
|buffer_c1_9_d0         |  out|    7|   ap_memory|                                                  buffer_c1_9|         array|
|buffer_c1_10_address0  |  out|    4|   ap_memory|                                                 buffer_c1_10|         array|
|buffer_c1_10_ce0       |  out|    1|   ap_memory|                                                 buffer_c1_10|         array|
|buffer_c1_10_we0       |  out|    1|   ap_memory|                                                 buffer_c1_10|         array|
|buffer_c1_10_d0        |  out|    7|   ap_memory|                                                 buffer_c1_10|         array|
|buffer_c1_11_address0  |  out|    4|   ap_memory|                                                 buffer_c1_11|         array|
|buffer_c1_11_ce0       |  out|    1|   ap_memory|                                                 buffer_c1_11|         array|
|buffer_c1_11_we0       |  out|    1|   ap_memory|                                                 buffer_c1_11|         array|
|buffer_c1_11_d0        |  out|    7|   ap_memory|                                                 buffer_c1_11|         array|
|buffer_c1_12_address0  |  out|    4|   ap_memory|                                                 buffer_c1_12|         array|
|buffer_c1_12_ce0       |  out|    1|   ap_memory|                                                 buffer_c1_12|         array|
|buffer_c1_12_we0       |  out|    1|   ap_memory|                                                 buffer_c1_12|         array|
|buffer_c1_12_d0        |  out|    7|   ap_memory|                                                 buffer_c1_12|         array|
|buffer_c1_13_address0  |  out|    4|   ap_memory|                                                 buffer_c1_13|         array|
|buffer_c1_13_ce0       |  out|    1|   ap_memory|                                                 buffer_c1_13|         array|
|buffer_c1_13_we0       |  out|    1|   ap_memory|                                                 buffer_c1_13|         array|
|buffer_c1_13_d0        |  out|    7|   ap_memory|                                                 buffer_c1_13|         array|
|buffer_c1_14_address0  |  out|    4|   ap_memory|                                                 buffer_c1_14|         array|
|buffer_c1_14_ce0       |  out|    1|   ap_memory|                                                 buffer_c1_14|         array|
|buffer_c1_14_we0       |  out|    1|   ap_memory|                                                 buffer_c1_14|         array|
|buffer_c1_14_d0        |  out|    7|   ap_memory|                                                 buffer_c1_14|         array|
|buffer_c1_15_address0  |  out|    4|   ap_memory|                                                 buffer_c1_15|         array|
|buffer_c1_15_ce0       |  out|    1|   ap_memory|                                                 buffer_c1_15|         array|
|buffer_c1_15_we0       |  out|    1|   ap_memory|                                                 buffer_c1_15|         array|
|buffer_c1_15_d0        |  out|    7|   ap_memory|                                                 buffer_c1_15|         array|
|buffer_c1_16_address0  |  out|    4|   ap_memory|                                                 buffer_c1_16|         array|
|buffer_c1_16_ce0       |  out|    1|   ap_memory|                                                 buffer_c1_16|         array|
|buffer_c1_16_we0       |  out|    1|   ap_memory|                                                 buffer_c1_16|         array|
|buffer_c1_16_d0        |  out|    7|   ap_memory|                                                 buffer_c1_16|         array|
|buffer_c1_17_address0  |  out|    4|   ap_memory|                                                 buffer_c1_17|         array|
|buffer_c1_17_ce0       |  out|    1|   ap_memory|                                                 buffer_c1_17|         array|
|buffer_c1_17_we0       |  out|    1|   ap_memory|                                                 buffer_c1_17|         array|
|buffer_c1_17_d0        |  out|    7|   ap_memory|                                                 buffer_c1_17|         array|
|buffer_c1_18_address0  |  out|    4|   ap_memory|                                                 buffer_c1_18|         array|
|buffer_c1_18_ce0       |  out|    1|   ap_memory|                                                 buffer_c1_18|         array|
|buffer_c1_18_we0       |  out|    1|   ap_memory|                                                 buffer_c1_18|         array|
|buffer_c1_18_d0        |  out|    7|   ap_memory|                                                 buffer_c1_18|         array|
|buffer_c1_19_address0  |  out|    4|   ap_memory|                                                 buffer_c1_19|         array|
|buffer_c1_19_ce0       |  out|    1|   ap_memory|                                                 buffer_c1_19|         array|
|buffer_c1_19_we0       |  out|    1|   ap_memory|                                                 buffer_c1_19|         array|
|buffer_c1_19_d0        |  out|    7|   ap_memory|                                                 buffer_c1_19|         array|
|buffer_c1_20_address0  |  out|    4|   ap_memory|                                                 buffer_c1_20|         array|
|buffer_c1_20_ce0       |  out|    1|   ap_memory|                                                 buffer_c1_20|         array|
|buffer_c1_20_we0       |  out|    1|   ap_memory|                                                 buffer_c1_20|         array|
|buffer_c1_20_d0        |  out|    7|   ap_memory|                                                 buffer_c1_20|         array|
|buffer_c1_21_address0  |  out|    4|   ap_memory|                                                 buffer_c1_21|         array|
|buffer_c1_21_ce0       |  out|    1|   ap_memory|                                                 buffer_c1_21|         array|
|buffer_c1_21_we0       |  out|    1|   ap_memory|                                                 buffer_c1_21|         array|
|buffer_c1_21_d0        |  out|    7|   ap_memory|                                                 buffer_c1_21|         array|
|buffer_c1_22_address0  |  out|    4|   ap_memory|                                                 buffer_c1_22|         array|
|buffer_c1_22_ce0       |  out|    1|   ap_memory|                                                 buffer_c1_22|         array|
|buffer_c1_22_we0       |  out|    1|   ap_memory|                                                 buffer_c1_22|         array|
|buffer_c1_22_d0        |  out|    7|   ap_memory|                                                 buffer_c1_22|         array|
|buffer_c1_23_address0  |  out|    4|   ap_memory|                                                 buffer_c1_23|         array|
|buffer_c1_23_ce0       |  out|    1|   ap_memory|                                                 buffer_c1_23|         array|
|buffer_c1_23_we0       |  out|    1|   ap_memory|                                                 buffer_c1_23|         array|
|buffer_c1_23_d0        |  out|    7|   ap_memory|                                                 buffer_c1_23|         array|
|buffer_c1_24_address0  |  out|    4|   ap_memory|                                                 buffer_c1_24|         array|
|buffer_c1_24_ce0       |  out|    1|   ap_memory|                                                 buffer_c1_24|         array|
|buffer_c1_24_we0       |  out|    1|   ap_memory|                                                 buffer_c1_24|         array|
|buffer_c1_24_d0        |  out|    7|   ap_memory|                                                 buffer_c1_24|         array|
|buffer_c1_25_address0  |  out|    4|   ap_memory|                                                 buffer_c1_25|         array|
|buffer_c1_25_ce0       |  out|    1|   ap_memory|                                                 buffer_c1_25|         array|
|buffer_c1_25_we0       |  out|    1|   ap_memory|                                                 buffer_c1_25|         array|
|buffer_c1_25_d0        |  out|    7|   ap_memory|                                                 buffer_c1_25|         array|
|buffer_c1_26_address0  |  out|    4|   ap_memory|                                                 buffer_c1_26|         array|
|buffer_c1_26_ce0       |  out|    1|   ap_memory|                                                 buffer_c1_26|         array|
|buffer_c1_26_we0       |  out|    1|   ap_memory|                                                 buffer_c1_26|         array|
|buffer_c1_26_d0        |  out|    7|   ap_memory|                                                 buffer_c1_26|         array|
|buffer_c1_27_address0  |  out|    4|   ap_memory|                                                 buffer_c1_27|         array|
|buffer_c1_27_ce0       |  out|    1|   ap_memory|                                                 buffer_c1_27|         array|
|buffer_c1_27_we0       |  out|    1|   ap_memory|                                                 buffer_c1_27|         array|
|buffer_c1_27_d0        |  out|    7|   ap_memory|                                                 buffer_c1_27|         array|
|buffer_c1_28_address0  |  out|    4|   ap_memory|                                                 buffer_c1_28|         array|
|buffer_c1_28_ce0       |  out|    1|   ap_memory|                                                 buffer_c1_28|         array|
|buffer_c1_28_we0       |  out|    1|   ap_memory|                                                 buffer_c1_28|         array|
|buffer_c1_28_d0        |  out|    7|   ap_memory|                                                 buffer_c1_28|         array|
|buffer_c1_29_address0  |  out|    4|   ap_memory|                                                 buffer_c1_29|         array|
|buffer_c1_29_ce0       |  out|    1|   ap_memory|                                                 buffer_c1_29|         array|
|buffer_c1_29_we0       |  out|    1|   ap_memory|                                                 buffer_c1_29|         array|
|buffer_c1_29_d0        |  out|    7|   ap_memory|                                                 buffer_c1_29|         array|
|buffer_c1_30_address0  |  out|    4|   ap_memory|                                                 buffer_c1_30|         array|
|buffer_c1_30_ce0       |  out|    1|   ap_memory|                                                 buffer_c1_30|         array|
|buffer_c1_30_we0       |  out|    1|   ap_memory|                                                 buffer_c1_30|         array|
|buffer_c1_30_d0        |  out|    7|   ap_memory|                                                 buffer_c1_30|         array|
|buffer_c1_31_address0  |  out|    4|   ap_memory|                                                 buffer_c1_31|         array|
|buffer_c1_31_ce0       |  out|    1|   ap_memory|                                                 buffer_c1_31|         array|
|buffer_c1_31_we0       |  out|    1|   ap_memory|                                                 buffer_c1_31|         array|
|buffer_c1_31_d0        |  out|    7|   ap_memory|                                                 buffer_c1_31|         array|
|buffer_c1_32_address0  |  out|    4|   ap_memory|                                                 buffer_c1_32|         array|
|buffer_c1_32_ce0       |  out|    1|   ap_memory|                                                 buffer_c1_32|         array|
|buffer_c1_32_we0       |  out|    1|   ap_memory|                                                 buffer_c1_32|         array|
|buffer_c1_32_d0        |  out|    7|   ap_memory|                                                 buffer_c1_32|         array|
|buffer_c1_33_address0  |  out|    4|   ap_memory|                                                 buffer_c1_33|         array|
|buffer_c1_33_ce0       |  out|    1|   ap_memory|                                                 buffer_c1_33|         array|
|buffer_c1_33_we0       |  out|    1|   ap_memory|                                                 buffer_c1_33|         array|
|buffer_c1_33_d0        |  out|    7|   ap_memory|                                                 buffer_c1_33|         array|
|buffer_c1_34_address0  |  out|    4|   ap_memory|                                                 buffer_c1_34|         array|
|buffer_c1_34_ce0       |  out|    1|   ap_memory|                                                 buffer_c1_34|         array|
|buffer_c1_34_we0       |  out|    1|   ap_memory|                                                 buffer_c1_34|         array|
|buffer_c1_34_d0        |  out|    7|   ap_memory|                                                 buffer_c1_34|         array|
|buffer_c1_35_address0  |  out|    4|   ap_memory|                                                 buffer_c1_35|         array|
|buffer_c1_35_ce0       |  out|    1|   ap_memory|                                                 buffer_c1_35|         array|
|buffer_c1_35_we0       |  out|    1|   ap_memory|                                                 buffer_c1_35|         array|
|buffer_c1_35_d0        |  out|    7|   ap_memory|                                                 buffer_c1_35|         array|
|buffer_c1_36_address0  |  out|    4|   ap_memory|                                                 buffer_c1_36|         array|
|buffer_c1_36_ce0       |  out|    1|   ap_memory|                                                 buffer_c1_36|         array|
|buffer_c1_36_we0       |  out|    1|   ap_memory|                                                 buffer_c1_36|         array|
|buffer_c1_36_d0        |  out|    7|   ap_memory|                                                 buffer_c1_36|         array|
|buffer_c1_37_address0  |  out|    4|   ap_memory|                                                 buffer_c1_37|         array|
|buffer_c1_37_ce0       |  out|    1|   ap_memory|                                                 buffer_c1_37|         array|
|buffer_c1_37_we0       |  out|    1|   ap_memory|                                                 buffer_c1_37|         array|
|buffer_c1_37_d0        |  out|    7|   ap_memory|                                                 buffer_c1_37|         array|
|buffer_c1_38_address0  |  out|    4|   ap_memory|                                                 buffer_c1_38|         array|
|buffer_c1_38_ce0       |  out|    1|   ap_memory|                                                 buffer_c1_38|         array|
|buffer_c1_38_we0       |  out|    1|   ap_memory|                                                 buffer_c1_38|         array|
|buffer_c1_38_d0        |  out|    7|   ap_memory|                                                 buffer_c1_38|         array|
|buffer_c1_39_address0  |  out|    4|   ap_memory|                                                 buffer_c1_39|         array|
|buffer_c1_39_ce0       |  out|    1|   ap_memory|                                                 buffer_c1_39|         array|
|buffer_c1_39_we0       |  out|    1|   ap_memory|                                                 buffer_c1_39|         array|
|buffer_c1_39_d0        |  out|    7|   ap_memory|                                                 buffer_c1_39|         array|
+-----------------------+-----+-----+------------+-------------------------------------------------------------+--------------+

============================================================
+ Verbose Summary: Synthesis Manager
============================================================
InlineROM: 1
ExposeGlobal: 0
============================================================
+ Verbose Summary: CDFG Model
============================================================
IsTopModel: 0
ResetActiveHigh: 1
IsCombinational: 2
IsDatapathOnly: 2
HasWiredReturn: 1
HasMFsm: 2
HasVarLatency: 1
IsPipeline: 0
IsRtlPipelined: 0
IsInstanceOverlapped: 0
IsDontTouch: 0
HasImplIP: 0
IsGatedGlobalClock: 0

+ Individual pipeline summary: 
  * Pipeline-0: initiation interval (II) = 1, depth = 16


============================================================
+ Verbose Summary: Schedule
============================================================
* Number of FSM states : 16
* Pipeline : 1
  Pipeline-0 : II = 1, D = 16, States = { 1 2 3 4 5 6 7 8 9 10 11 12 13 14 15 16 }
* Dataflow Pipeline: 0

* FSM state transitions: 
1 --> 2 
2 --> 3 
3 --> 4 
4 --> 5 
5 --> 6 
6 --> 7 
7 --> 8 
8 --> 9 
9 --> 10 
10 --> 11 
11 --> 12 
12 --> 13 
13 --> 14 
14 --> 15 
15 --> 16 
16 --> 

* FSM state operations: 

State 1 <SV = 0> <Delay = 9.19>
ST_1 : Operation 19 [1/1] (0.00ns)   --->   "%oc = alloca i32 1" [cnn_hls.cpp:69]   --->   Operation 19 'alloca' 'oc' <Predicate = true> <Delay = 0.00>
ST_1 : Operation 20 [1/1] (0.00ns)   --->   "%out_idx = alloca i32 1" [cnn_hls.cpp:68]   --->   Operation 20 'alloca' 'out_idx' <Predicate = true> <Delay = 0.00>
ST_1 : Operation 21 [1/1] (0.00ns)   --->   "%indvar_flatten = alloca i32 1"   --->   Operation 21 'alloca' 'indvar_flatten' <Predicate = true> <Delay = 0.00>
ST_1 : Operation 22 [1/1] (1.58ns)   --->   "%store_ln0 = store i9 0, i9 %indvar_flatten"   --->   Operation 22 'store' 'store_ln0' <Predicate = true> <Delay = 1.58>
ST_1 : Operation 23 [1/1] (1.58ns)   --->   "%store_ln68 = store i6 0, i6 %out_idx" [cnn_hls.cpp:68]   --->   Operation 23 'store' 'store_ln68' <Predicate = true> <Delay = 1.58>
ST_1 : Operation 24 [1/1] (1.58ns)   --->   "%store_ln69 = store i4 0, i4 %oc" [cnn_hls.cpp:69]   --->   Operation 24 'store' 'store_ln69' <Predicate = true> <Delay = 1.58>
ST_1 : Operation 25 [1/1] (0.00ns)   --->   "%br_ln0 = br void %VITIS_LOOP_73_4"   --->   Operation 25 'br' 'br_ln0' <Predicate = true> <Delay = 0.00>
ST_1 : Operation 26 [1/1] (0.00ns)   --->   "%indvar_flatten_load = load i9 %indvar_flatten" [cnn_hls.cpp:68]   --->   Operation 26 'load' 'indvar_flatten_load' <Predicate = true> <Delay = 0.00>
ST_1 : Operation 27 [1/1] (1.82ns)   --->   "%icmp_ln68 = icmp_eq  i9 %indvar_flatten_load, i9 360" [cnn_hls.cpp:68]   --->   Operation 27 'icmp' 'icmp_ln68' <Predicate = true> <Delay = 1.82> <CoreInst = "Cmp">   --->   Core 9 'Cmp' <Latency = 0> <II = 1> <Delay = 1.82> <FuncUnit> <Opcode : 'seteq' 'setne' 'setle' 'setge' 'setlt' 'setgt'> <InPorts = 2> <OutPorts = 1>
ST_1 : Operation 28 [1/1] (1.82ns)   --->   "%add_ln68 = add i9 %indvar_flatten_load, i9 1" [cnn_hls.cpp:68]   --->   Operation 28 'add' 'add_ln68' <Predicate = true> <Delay = 1.82> <CoreInst = "Adder">   --->   Core 1 'Adder' <Latency = 0> <II = 1> <Delay = 1.82> <FuncUnit> <Opcode : 'add' 'sub'> <InPorts = 2> <OutPorts = 1>
ST_1 : Operation 29 [1/1] (0.00ns)   --->   "%br_ln68 = br i1 %icmp_ln68, void %for.inc43, void %VITIS_LOOP_93_5.exitStub" [cnn_hls.cpp:68]   --->   Operation 29 'br' 'br_ln68' <Predicate = true> <Delay = 0.00>
ST_1 : Operation 30 [1/1] (0.00ns)   --->   "%oc_load = load i4 %oc" [cnn_hls.cpp:69]   --->   Operation 30 'load' 'oc_load' <Predicate = (!icmp_ln68)> <Delay = 0.00>
ST_1 : Operation 31 [1/1] (0.00ns)   --->   "%out_idx_load = load i6 %out_idx" [cnn_hls.cpp:68]   --->   Operation 31 'load' 'out_idx_load' <Predicate = (!icmp_ln68)> <Delay = 0.00>
ST_1 : Operation 32 [1/1] (1.73ns)   --->   "%icmp_ln69 = icmp_eq  i4 %oc_load, i4 8" [cnn_hls.cpp:69]   --->   Operation 32 'icmp' 'icmp_ln69' <Predicate = (!icmp_ln68)> <Delay = 1.73> <CoreInst = "Cmp">   --->   Core 9 'Cmp' <Latency = 0> <II = 1> <Delay = 1.78> <FuncUnit> <Opcode : 'seteq' 'setne' 'setle' 'setge' 'setlt' 'setgt'> <InPorts = 2> <OutPorts = 1>
ST_1 : Operation 33 [1/1] (1.02ns)   --->   "%select_ln68 = select i1 %icmp_ln69, i4 0, i4 %oc_load" [cnn_hls.cpp:68]   --->   Operation 33 'select' 'select_ln68' <Predicate = (!icmp_ln68)> <Delay = 1.02> <CoreInst = "Sel">   --->   Core 73 'Sel' <Latency = 0> <II = 1> <Delay = 1.02> <FuncUnit> <Opcode : 'select'> <InPorts = 3> <OutPorts = 1>
ST_1 : Operation 34 [1/1] (0.00ns) (grouped into LUT with out node add_ln68_1)   --->   "%empty = select i1 %icmp_ln69, i6 1, i6 0" [cnn_hls.cpp:69]   --->   Operation 34 'select' 'empty' <Predicate = (!icmp_ln68)> <Delay = 0.00> <CoreInst = "Sel">   --->   Core 73 'Sel' <Latency = 0> <II = 1> <Delay = 0.99> <FuncUnit> <Opcode : 'select'> <InPorts = 3> <OutPorts = 1>
ST_1 : Operation 35 [1/1] (1.82ns) (out node of the LUT)   --->   "%add_ln68_1 = add i6 %out_idx_load, i6 %empty" [cnn_hls.cpp:68]   --->   Operation 35 'add' 'add_ln68_1' <Predicate = (!icmp_ln68)> <Delay = 1.82> <CoreInst = "Adder">   --->   Core 1 'Adder' <Latency = 0> <II = 1> <Delay = 1.82> <FuncUnit> <Opcode : 'add' 'sub'> <InPorts = 2> <OutPorts = 1>
ST_1 : Operation 36 [10/10] (4.04ns)   --->   "%urem_ln68 = urem i6 %add_ln68_1, i6 5" [cnn_hls.cpp:68]   --->   Operation 36 'urem' 'urem_ln68' <Predicate = (!icmp_ln68)> <Delay = 4.04> <CoreInst = "Divider">   --->   Core 6 'Divider' <Latency = 9> <II = 1> <Delay = 4.04> <FuncUnit> <Opcode : 'udiv' 'sdiv' 'urem' 'srem'> <InPorts = 2> <OutPorts = 1>
ST_1 : Operation 37 [1/1] (0.00ns)   --->   "%trunc_ln69 = trunc i4 %select_ln68" [cnn_hls.cpp:69]   --->   Operation 37 'trunc' 'trunc_ln69' <Predicate = (!icmp_ln68)> <Delay = 0.00>
ST_1 : Operation 38 [1/1] (1.65ns)   --->   "%switch_ln85 = switch i3 %trunc_ln69, void %arrayidx396.case.7, i3 0, void %arrayidx396.case.0, i3 1, void %arrayidx396.case.1, i3 2, void %arrayidx396.case.2, i3 3, void %arrayidx396.case.3, i3 4, void %arrayidx396.case.4, i3 5, void %arrayidx396.case.5, i3 6, void %arrayidx396.case.6" [cnn_hls.cpp:85]   --->   Operation 38 'switch' 'switch_ln85' <Predicate = (!icmp_ln68)> <Delay = 1.65>
ST_1 : Operation 39 [1/1] (0.00ns)   --->   "%br_ln85 = br void %arrayidx396.exit" [cnn_hls.cpp:85]   --->   Operation 39 'br' 'br_ln85' <Predicate = (!icmp_ln68 & trunc_ln69 == 6)> <Delay = 0.00>
ST_1 : Operation 40 [1/1] (0.00ns)   --->   "%br_ln85 = br void %arrayidx396.exit" [cnn_hls.cpp:85]   --->   Operation 40 'br' 'br_ln85' <Predicate = (!icmp_ln68 & trunc_ln69 == 5)> <Delay = 0.00>
ST_1 : Operation 41 [1/1] (0.00ns)   --->   "%br_ln85 = br void %arrayidx396.exit" [cnn_hls.cpp:85]   --->   Operation 41 'br' 'br_ln85' <Predicate = (!icmp_ln68 & trunc_ln69 == 4)> <Delay = 0.00>
ST_1 : Operation 42 [1/1] (0.00ns)   --->   "%br_ln85 = br void %arrayidx396.exit" [cnn_hls.cpp:85]   --->   Operation 42 'br' 'br_ln85' <Predicate = (!icmp_ln68 & trunc_ln69 == 3)> <Delay = 0.00>
ST_1 : Operation 43 [1/1] (0.00ns)   --->   "%br_ln85 = br void %arrayidx396.exit" [cnn_hls.cpp:85]   --->   Operation 43 'br' 'br_ln85' <Predicate = (!icmp_ln68 & trunc_ln69 == 2)> <Delay = 0.00>
ST_1 : Operation 44 [1/1] (0.00ns)   --->   "%br_ln85 = br void %arrayidx396.exit" [cnn_hls.cpp:85]   --->   Operation 44 'br' 'br_ln85' <Predicate = (!icmp_ln68 & trunc_ln69 == 1)> <Delay = 0.00>
ST_1 : Operation 45 [1/1] (0.00ns)   --->   "%br_ln85 = br void %arrayidx396.exit" [cnn_hls.cpp:85]   --->   Operation 45 'br' 'br_ln85' <Predicate = (!icmp_ln68 & trunc_ln69 == 0)> <Delay = 0.00>
ST_1 : Operation 46 [1/1] (0.00ns)   --->   "%br_ln85 = br void %arrayidx396.exit" [cnn_hls.cpp:85]   --->   Operation 46 'br' 'br_ln85' <Predicate = (!icmp_ln68 & trunc_ln69 == 7)> <Delay = 0.00>
ST_1 : Operation 47 [1/1] (1.73ns)   --->   "%add_ln69 = add i4 %select_ln68, i4 1" [cnn_hls.cpp:69]   --->   Operation 47 'add' 'add_ln69' <Predicate = (!icmp_ln68)> <Delay = 1.73> <CoreInst = "Adder">   --->   Core 1 'Adder' <Latency = 0> <II = 1> <Delay = 1.73> <FuncUnit> <Opcode : 'add' 'sub'> <InPorts = 2> <OutPorts = 1>
ST_1 : Operation 48 [1/1] (1.58ns)   --->   "%store_ln68 = store i9 %add_ln68, i9 %indvar_flatten" [cnn_hls.cpp:68]   --->   Operation 48 'store' 'store_ln68' <Predicate = (!icmp_ln68)> <Delay = 1.58>
ST_1 : Operation 49 [1/1] (1.58ns)   --->   "%store_ln68 = store i6 %add_ln68_1, i6 %out_idx" [cnn_hls.cpp:68]   --->   Operation 49 'store' 'store_ln68' <Predicate = (!icmp_ln68)> <Delay = 1.58>
ST_1 : Operation 50 [1/1] (1.58ns)   --->   "%store_ln69 = store i4 %add_ln69, i4 %oc" [cnn_hls.cpp:69]   --->   Operation 50 'store' 'store_ln69' <Predicate = (!icmp_ln68)> <Delay = 1.58>
ST_1 : Operation 51 [1/1] (0.00ns)   --->   "%br_ln69 = br void %VITIS_LOOP_73_4" [cnn_hls.cpp:69]   --->   Operation 51 'br' 'br_ln69' <Predicate = (!icmp_ln68)> <Delay = 0.00>

State 2 <SV = 1> <Delay = 4.04>
ST_2 : Operation 52 [9/10] (4.04ns)   --->   "%urem_ln68 = urem i6 %add_ln68_1, i6 5" [cnn_hls.cpp:68]   --->   Operation 52 'urem' 'urem_ln68' <Predicate = true> <Delay = 4.04> <CoreInst = "Divider">   --->   Core 6 'Divider' <Latency = 9> <II = 1> <Delay = 4.04> <FuncUnit> <Opcode : 'udiv' 'sdiv' 'urem' 'srem'> <InPorts = 2> <OutPorts = 1>

State 3 <SV = 2> <Delay = 4.04>
ST_3 : Operation 53 [8/10] (4.04ns)   --->   "%urem_ln68 = urem i6 %add_ln68_1, i6 5" [cnn_hls.cpp:68]   --->   Operation 53 'urem' 'urem_ln68' <Predicate = true> <Delay = 4.04> <CoreInst = "Divider">   --->   Core 6 'Divider' <Latency = 9> <II = 1> <Delay = 4.04> <FuncUnit> <Opcode : 'udiv' 'sdiv' 'urem' 'srem'> <InPorts = 2> <OutPorts = 1>

State 4 <SV = 3> <Delay = 4.04>
ST_4 : Operation 54 [7/10] (4.04ns)   --->   "%urem_ln68 = urem i6 %add_ln68_1, i6 5" [cnn_hls.cpp:68]   --->   Operation 54 'urem' 'urem_ln68' <Predicate = true> <Delay = 4.04> <CoreInst = "Divider">   --->   Core 6 'Divider' <Latency = 9> <II = 1> <Delay = 4.04> <FuncUnit> <Opcode : 'udiv' 'sdiv' 'urem' 'srem'> <InPorts = 2> <OutPorts = 1>

State 5 <SV = 4> <Delay = 4.04>
ST_5 : Operation 55 [6/10] (4.04ns)   --->   "%urem_ln68 = urem i6 %add_ln68_1, i6 5" [cnn_hls.cpp:68]   --->   Operation 55 'urem' 'urem_ln68' <Predicate = true> <Delay = 4.04> <CoreInst = "Divider">   --->   Core 6 'Divider' <Latency = 9> <II = 1> <Delay = 4.04> <FuncUnit> <Opcode : 'udiv' 'sdiv' 'urem' 'srem'> <InPorts = 2> <OutPorts = 1>

State 6 <SV = 5> <Delay = 4.04>
ST_6 : Operation 56 [5/10] (4.04ns)   --->   "%urem_ln68 = urem i6 %add_ln68_1, i6 5" [cnn_hls.cpp:68]   --->   Operation 56 'urem' 'urem_ln68' <Predicate = true> <Delay = 4.04> <CoreInst = "Divider">   --->   Core 6 'Divider' <Latency = 9> <II = 1> <Delay = 4.04> <FuncUnit> <Opcode : 'udiv' 'sdiv' 'urem' 'srem'> <InPorts = 2> <OutPorts = 1>

State 7 <SV = 6> <Delay = 4.04>
ST_7 : Operation 57 [4/10] (4.04ns)   --->   "%urem_ln68 = urem i6 %add_ln68_1, i6 5" [cnn_hls.cpp:68]   --->   Operation 57 'urem' 'urem_ln68' <Predicate = true> <Delay = 4.04> <CoreInst = "Divider">   --->   Core 6 'Divider' <Latency = 9> <II = 1> <Delay = 4.04> <FuncUnit> <Opcode : 'udiv' 'sdiv' 'urem' 'srem'> <InPorts = 2> <OutPorts = 1>

State 8 <SV = 7> <Delay = 4.04>
ST_8 : Operation 58 [3/10] (4.04ns)   --->   "%urem_ln68 = urem i6 %add_ln68_1, i6 5" [cnn_hls.cpp:68]   --->   Operation 58 'urem' 'urem_ln68' <Predicate = true> <Delay = 4.04> <CoreInst = "Divider">   --->   Core 6 'Divider' <Latency = 9> <II = 1> <Delay = 4.04> <FuncUnit> <Opcode : 'udiv' 'sdiv' 'urem' 'srem'> <InPorts = 2> <OutPorts = 1>
ST_8 : Operation 59 [1/1] (0.00ns)   --->   "%shl_ln = bitconcatenate i7 @_ssdm_op_BitConcatenate.i7.i6.i1, i6 %add_ln68_1, i1 0" [cnn_hls.cpp:74]   --->   Operation 59 'bitconcatenate' 'shl_ln' <Predicate = true> <Delay = 0.00>
ST_8 : Operation 60 [1/1] (0.00ns)   --->   "%zext_ln74 = zext i7 %shl_ln" [cnn_hls.cpp:74]   --->   Operation 60 'zext' 'zext_ln74' <Predicate = true> <Delay = 0.00>
ST_8 : Operation 61 [1/1] (1.87ns)   --->   "%add_ln74 = add i8 %zext_ln74, i8 254" [cnn_hls.cpp:74]   --->   Operation 61 'add' 'add_ln74' <Predicate = true> <Delay = 1.87> <CoreInst = "Adder">   --->   Core 1 'Adder' <Latency = 0> <II = 1> <Delay = 1.91> <FuncUnit> <Opcode : 'add' 'sub'> <InPorts = 2> <OutPorts = 1>
ST_8 : Operation 62 [1/1] (1.91ns)   --->   "%icmp_ln77 = icmp_ult  i8 %add_ln74, i8 90" [cnn_hls.cpp:77]   --->   Operation 62 'icmp' 'icmp_ln77' <Predicate = true> <Delay = 1.91> <CoreInst = "Cmp">   --->   Core 9 'Cmp' <Latency = 0> <II = 1> <Delay = 1.91> <FuncUnit> <Opcode : 'seteq' 'setne' 'setle' 'setge' 'setlt' 'setgt'> <InPorts = 2> <OutPorts = 1>
ST_8 : Operation 63 [1/1] (1.87ns)   --->   "%add_ln74_1 = add i8 %zext_ln74, i8 255" [cnn_hls.cpp:74]   --->   Operation 63 'add' 'add_ln74_1' <Predicate = true> <Delay = 1.87> <CoreInst = "Adder">   --->   Core 1 'Adder' <Latency = 0> <II = 1> <Delay = 1.91> <FuncUnit> <Opcode : 'add' 'sub'> <InPorts = 2> <OutPorts = 1>
ST_8 : Operation 64 [1/1] (1.91ns)   --->   "%icmp_ln77_1 = icmp_ult  i8 %add_ln74_1, i8 90" [cnn_hls.cpp:77]   --->   Operation 64 'icmp' 'icmp_ln77_1' <Predicate = true> <Delay = 1.91> <CoreInst = "Cmp">   --->   Core 9 'Cmp' <Latency = 0> <II = 1> <Delay = 1.91> <FuncUnit> <Opcode : 'seteq' 'setne' 'setle' 'setge' 'setlt' 'setgt'> <InPorts = 2> <OutPorts = 1>

State 9 <SV = 8> <Delay = 12.5>
ST_9 : Operation 65 [2/10] (4.04ns)   --->   "%urem_ln68 = urem i6 %add_ln68_1, i6 5" [cnn_hls.cpp:68]   --->   Operation 65 'urem' 'urem_ln68' <Predicate = true> <Delay = 4.04> <CoreInst = "Divider">   --->   Core 6 'Divider' <Latency = 9> <II = 1> <Delay = 4.04> <FuncUnit> <Opcode : 'udiv' 'sdiv' 'urem' 'srem'> <InPorts = 2> <OutPorts = 1>
ST_9 : Operation 66 [1/1] (0.00ns)   --->   "%zext_ln74_2 = zext i7 %shl_ln" [cnn_hls.cpp:74]   --->   Operation 66 'zext' 'zext_ln74_2' <Predicate = true> <Delay = 0.00>
ST_9 : Operation 67 [1/1] (4.35ns)   --->   "%mul_ln74 = mul i15 %zext_ln74_2, i15 205" [cnn_hls.cpp:74]   --->   Operation 67 'mul' 'mul_ln74' <Predicate = true> <Delay = 4.35> <CoreInst = "Multiplier">   --->   Core 3 'Multiplier' <Latency = 0> <II = 1> <Delay = 4.35> <FuncUnit> <Opcode : 'mul'> <InPorts = 2> <OutPorts = 1>
ST_9 : Operation 68 [1/1] (0.00ns)   --->   "%tmp_8 = partselect i5 @_ssdm_op_PartSelect.i5.i15.i32.i32, i15 %mul_ln74, i32 10, i32 14" [cnn_hls.cpp:74]   --->   Operation 68 'partselect' 'tmp_8' <Predicate = true> <Delay = 0.00>
ST_9 : Operation 69 [1/1] (0.00ns)   --->   "%sext_ln77 = sext i8 %add_ln74" [cnn_hls.cpp:77]   --->   Operation 69 'sext' 'sext_ln77' <Predicate = (icmp_ln77)> <Delay = 0.00>
ST_9 : Operation 70 [1/1] (0.00ns)   --->   "%zext_ln77_1 = zext i64 %sext_ln77" [cnn_hls.cpp:77]   --->   Operation 70 'zext' 'zext_ln77_1' <Predicate = (icmp_ln77)> <Delay = 0.00>
ST_9 : Operation 71 [1/1] (12.5ns)   --->   "%mul_ln77 = mul i129 %zext_ln77_1, i129 29514790517935282586" [cnn_hls.cpp:77]   --->   Operation 71 'mul' 'mul_ln77' <Predicate = (icmp_ln77)> <Delay = 12.5> <CoreInst = "Multiplier">   --->   Core 3 'Multiplier' <Latency = 0> <II = 1> <Delay = 12.5> <FuncUnit> <Opcode : 'mul'> <InPorts = 2> <OutPorts = 1>
ST_9 : Operation 72 [1/1] (0.00ns)   --->   "%tmp_9 = partselect i62 @_ssdm_op_PartSelect.i62.i129.i32.i32, i129 %mul_ln77, i32 67, i32 128" [cnn_hls.cpp:77]   --->   Operation 72 'partselect' 'tmp_9' <Predicate = (icmp_ln77)> <Delay = 0.00>
ST_9 : Operation 73 [1/1] (0.00ns)   --->   "%sext_ln77_1 = sext i8 %add_ln74_1" [cnn_hls.cpp:77]   --->   Operation 73 'sext' 'sext_ln77_1' <Predicate = (icmp_ln77_1)> <Delay = 0.00>
ST_9 : Operation 74 [1/1] (0.00ns)   --->   "%zext_ln77_3 = zext i64 %sext_ln77_1" [cnn_hls.cpp:77]   --->   Operation 74 'zext' 'zext_ln77_3' <Predicate = (icmp_ln77_1)> <Delay = 0.00>
ST_9 : Operation 75 [1/1] (12.5ns)   --->   "%mul_ln77_1 = mul i129 %zext_ln77_3, i129 29514790517935282586" [cnn_hls.cpp:77]   --->   Operation 75 'mul' 'mul_ln77_1' <Predicate = (icmp_ln77_1)> <Delay = 12.5> <CoreInst = "Multiplier">   --->   Core 3 'Multiplier' <Latency = 0> <II = 1> <Delay = 12.5> <FuncUnit> <Opcode : 'mul'> <InPorts = 2> <OutPorts = 1>
ST_9 : Operation 76 [1/1] (0.00ns)   --->   "%tmp_10 = partselect i62 @_ssdm_op_PartSelect.i62.i129.i32.i32, i129 %mul_ln77_1, i32 67, i32 128" [cnn_hls.cpp:77]   --->   Operation 76 'partselect' 'tmp_10' <Predicate = (icmp_ln77_1)> <Delay = 0.00>
ST_9 : Operation 77 [1/1] (1.87ns)   --->   "%add_ln74_2 = add i7 %shl_ln, i7 2" [cnn_hls.cpp:74]   --->   Operation 77 'add' 'add_ln74_2' <Predicate = true> <Delay = 1.87> <CoreInst = "Adder">   --->   Core 1 'Adder' <Latency = 0> <II = 1> <Delay = 1.87> <FuncUnit> <Opcode : 'add' 'sub'> <InPorts = 2> <OutPorts = 1>
ST_9 : Operation 78 [1/1] (1.87ns)   --->   "%icmp_ln77_2 = icmp_ult  i7 %add_ln74_2, i7 90" [cnn_hls.cpp:77]   --->   Operation 78 'icmp' 'icmp_ln77_2' <Predicate = true> <Delay = 1.87> <CoreInst = "Cmp">   --->   Core 9 'Cmp' <Latency = 0> <II = 1> <Delay = 1.87> <FuncUnit> <Opcode : 'seteq' 'setne' 'setle' 'setge' 'setlt' 'setgt'> <InPorts = 2> <OutPorts = 1>

State 10 <SV = 9> <Delay = 6.67>
ST_10 : Operation 79 [1/1] (0.00ns)   --->   "%zext_ln68 = zext i6 %add_ln68_1" [cnn_hls.cpp:68]   --->   Operation 79 'zext' 'zext_ln68' <Predicate = true> <Delay = 0.00>
ST_10 : Operation 80 [1/1] (4.17ns)   --->   "%mul_ln68 = mul i13 %zext_ln68, i13 103" [cnn_hls.cpp:68]   --->   Operation 80 'mul' 'mul_ln68' <Predicate = true> <Delay = 4.17> <CoreInst = "Multiplier">   --->   Core 3 'Multiplier' <Latency = 0> <II = 1> <Delay = 4.17> <FuncUnit> <Opcode : 'mul'> <InPorts = 2> <OutPorts = 1>
ST_10 : Operation 81 [1/1] (0.00ns)   --->   "%tmp = partselect i4 @_ssdm_op_PartSelect.i4.i13.i32.i32, i13 %mul_ln68, i32 9, i32 12" [cnn_hls.cpp:68]   --->   Operation 81 'partselect' 'tmp' <Predicate = true> <Delay = 0.00>
ST_10 : Operation 82 [1/10] (4.04ns)   --->   "%urem_ln68 = urem i6 %add_ln68_1, i6 5" [cnn_hls.cpp:68]   --->   Operation 82 'urem' 'urem_ln68' <Predicate = true> <Delay = 4.04> <CoreInst = "Divider">   --->   Core 6 'Divider' <Latency = 9> <II = 1> <Delay = 4.04> <FuncUnit> <Opcode : 'udiv' 'sdiv' 'urem' 'srem'> <InPorts = 2> <OutPorts = 1>
ST_10 : Operation 83 [1/1] (0.00ns)   --->   "%trunc_ln68 = trunc i3 %urem_ln68" [cnn_hls.cpp:68]   --->   Operation 83 'trunc' 'trunc_ln68' <Predicate = true> <Delay = 0.00>
ST_10 : Operation 84 [1/1] (0.00ns)   --->   "%zext_ln74_1 = zext i5 %tmp_8" [cnn_hls.cpp:74]   --->   Operation 84 'zext' 'zext_ln74_1' <Predicate = true> <Delay = 0.00>
ST_10 : Operation 85 [1/1] (0.00ns)   --->   "%zext_ln77_2 = zext i62 %tmp_9" [cnn_hls.cpp:77]   --->   Operation 85 'zext' 'zext_ln77_2' <Predicate = (icmp_ln77)> <Delay = 0.00>
ST_10 : Operation 86 [1/1] (0.00ns)   --->   "%local_ecg_addr = getelementptr i8 %local_ecg, i64 0, i64 %zext_ln77_2" [cnn_hls.cpp:79]   --->   Operation 86 'getelementptr' 'local_ecg_addr' <Predicate = (icmp_ln77)> <Delay = 0.00>
ST_10 : Operation 87 [1/1] (0.00ns)   --->   "%local_ecg_1_addr = getelementptr i8 %local_ecg_1, i64 0, i64 %zext_ln77_2" [cnn_hls.cpp:79]   --->   Operation 87 'getelementptr' 'local_ecg_1_addr' <Predicate = (icmp_ln77)> <Delay = 0.00>
ST_10 : Operation 88 [1/1] (0.00ns)   --->   "%local_ecg_2_addr = getelementptr i8 %local_ecg_2, i64 0, i64 %zext_ln77_2" [cnn_hls.cpp:79]   --->   Operation 88 'getelementptr' 'local_ecg_2_addr' <Predicate = (icmp_ln77)> <Delay = 0.00>
ST_10 : Operation 89 [1/1] (0.00ns)   --->   "%local_ecg_3_addr = getelementptr i8 %local_ecg_3, i64 0, i64 %zext_ln77_2" [cnn_hls.cpp:79]   --->   Operation 89 'getelementptr' 'local_ecg_3_addr' <Predicate = (icmp_ln77)> <Delay = 0.00>
ST_10 : Operation 90 [1/1] (0.00ns)   --->   "%local_ecg_4_addr = getelementptr i8 %local_ecg_4, i64 0, i64 %zext_ln77_2" [cnn_hls.cpp:79]   --->   Operation 90 'getelementptr' 'local_ecg_4_addr' <Predicate = (icmp_ln77)> <Delay = 0.00>
ST_10 : Operation 91 [1/1] (0.00ns)   --->   "%zext_ln77_4 = zext i62 %tmp_10" [cnn_hls.cpp:77]   --->   Operation 91 'zext' 'zext_ln77_4' <Predicate = (icmp_ln77_1)> <Delay = 0.00>
ST_10 : Operation 92 [1/1] (0.00ns)   --->   "%local_ecg_addr_1 = getelementptr i8 %local_ecg, i64 0, i64 %zext_ln77_4" [cnn_hls.cpp:79]   --->   Operation 92 'getelementptr' 'local_ecg_addr_1' <Predicate = (icmp_ln77_1)> <Delay = 0.00>
ST_10 : Operation 93 [1/1] (0.00ns)   --->   "%local_ecg_1_addr_1 = getelementptr i8 %local_ecg_1, i64 0, i64 %zext_ln77_4" [cnn_hls.cpp:79]   --->   Operation 93 'getelementptr' 'local_ecg_1_addr_1' <Predicate = (icmp_ln77_1)> <Delay = 0.00>
ST_10 : Operation 94 [1/1] (0.00ns)   --->   "%local_ecg_2_addr_1 = getelementptr i8 %local_ecg_2, i64 0, i64 %zext_ln77_4" [cnn_hls.cpp:79]   --->   Operation 94 'getelementptr' 'local_ecg_2_addr_1' <Predicate = (icmp_ln77_1)> <Delay = 0.00>
ST_10 : Operation 95 [1/1] (0.00ns)   --->   "%local_ecg_3_addr_1 = getelementptr i8 %local_ecg_3, i64 0, i64 %zext_ln77_4" [cnn_hls.cpp:79]   --->   Operation 95 'getelementptr' 'local_ecg_3_addr_1' <Predicate = (icmp_ln77_1)> <Delay = 0.00>
ST_10 : Operation 96 [1/1] (0.00ns)   --->   "%local_ecg_4_addr_1 = getelementptr i8 %local_ecg_4, i64 0, i64 %zext_ln77_4" [cnn_hls.cpp:79]   --->   Operation 96 'getelementptr' 'local_ecg_4_addr_1' <Predicate = (icmp_ln77_1)> <Delay = 0.00>
ST_10 : Operation 97 [1/1] (0.00ns)   --->   "%local_ecg_addr_2 = getelementptr i8 %local_ecg, i64 0, i64 %zext_ln74_1" [cnn_hls.cpp:79]   --->   Operation 97 'getelementptr' 'local_ecg_addr_2' <Predicate = true> <Delay = 0.00>
ST_10 : Operation 98 [1/1] (0.00ns)   --->   "%local_ecg_1_addr_2 = getelementptr i8 %local_ecg_1, i64 0, i64 %zext_ln74_1" [cnn_hls.cpp:79]   --->   Operation 98 'getelementptr' 'local_ecg_1_addr_2' <Predicate = true> <Delay = 0.00>
ST_10 : Operation 99 [1/1] (0.00ns)   --->   "%local_ecg_2_addr_2 = getelementptr i8 %local_ecg_2, i64 0, i64 %zext_ln74_1" [cnn_hls.cpp:79]   --->   Operation 99 'getelementptr' 'local_ecg_2_addr_2' <Predicate = true> <Delay = 0.00>
ST_10 : Operation 100 [1/1] (0.00ns)   --->   "%local_ecg_3_addr_2 = getelementptr i8 %local_ecg_3, i64 0, i64 %zext_ln74_1" [cnn_hls.cpp:79]   --->   Operation 100 'getelementptr' 'local_ecg_3_addr_2' <Predicate = true> <Delay = 0.00>
ST_10 : Operation 101 [1/1] (0.00ns)   --->   "%local_ecg_4_addr_2 = getelementptr i8 %local_ecg_4, i64 0, i64 %zext_ln74_1" [cnn_hls.cpp:79]   --->   Operation 101 'getelementptr' 'local_ecg_4_addr_2' <Predicate = true> <Delay = 0.00>
ST_10 : Operation 102 [1/1] (0.00ns)   --->   "%or_ln = bitconcatenate i7 @_ssdm_op_BitConcatenate.i7.i6.i1, i6 %add_ln68_1, i1 1" [cnn_hls.cpp:74]   --->   Operation 102 'bitconcatenate' 'or_ln' <Predicate = true> <Delay = 0.00>
ST_10 : Operation 103 [1/1] (0.00ns)   --->   "%zext_ln79_1 = zext i7 %or_ln" [cnn_hls.cpp:79]   --->   Operation 103 'zext' 'zext_ln79_1' <Predicate = true> <Delay = 0.00>
ST_10 : Operation 104 [1/1] (4.35ns)   --->   "%mul_ln79 = mul i15 %zext_ln79_1, i15 205" [cnn_hls.cpp:79]   --->   Operation 104 'mul' 'mul_ln79' <Predicate = true> <Delay = 4.35> <CoreInst = "Multiplier">   --->   Core 3 'Multiplier' <Latency = 0> <II = 1> <Delay = 4.35> <FuncUnit> <Opcode : 'mul'> <InPorts = 2> <OutPorts = 1>
ST_10 : Operation 105 [1/1] (0.00ns)   --->   "%tmp_11 = partselect i5 @_ssdm_op_PartSelect.i5.i15.i32.i32, i15 %mul_ln79, i32 10, i32 14" [cnn_hls.cpp:79]   --->   Operation 105 'partselect' 'tmp_11' <Predicate = true> <Delay = 0.00>
ST_10 : Operation 106 [1/1] (0.00ns)   --->   "%zext_ln79 = zext i5 %tmp_11" [cnn_hls.cpp:79]   --->   Operation 106 'zext' 'zext_ln79' <Predicate = true> <Delay = 0.00>
ST_10 : Operation 107 [1/1] (0.00ns)   --->   "%local_ecg_addr_3 = getelementptr i8 %local_ecg, i64 0, i64 %zext_ln79" [cnn_hls.cpp:79]   --->   Operation 107 'getelementptr' 'local_ecg_addr_3' <Predicate = true> <Delay = 0.00>
ST_10 : Operation 108 [1/1] (0.00ns)   --->   "%local_ecg_1_addr_3 = getelementptr i8 %local_ecg_1, i64 0, i64 %zext_ln79" [cnn_hls.cpp:79]   --->   Operation 108 'getelementptr' 'local_ecg_1_addr_3' <Predicate = true> <Delay = 0.00>
ST_10 : Operation 109 [1/1] (0.00ns)   --->   "%local_ecg_2_addr_3 = getelementptr i8 %local_ecg_2, i64 0, i64 %zext_ln79" [cnn_hls.cpp:79]   --->   Operation 109 'getelementptr' 'local_ecg_2_addr_3' <Predicate = true> <Delay = 0.00>
ST_10 : Operation 110 [1/1] (0.00ns)   --->   "%local_ecg_3_addr_3 = getelementptr i8 %local_ecg_3, i64 0, i64 %zext_ln79" [cnn_hls.cpp:79]   --->   Operation 110 'getelementptr' 'local_ecg_3_addr_3' <Predicate = true> <Delay = 0.00>
ST_10 : Operation 111 [1/1] (0.00ns)   --->   "%local_ecg_4_addr_3 = getelementptr i8 %local_ecg_4, i64 0, i64 %zext_ln79" [cnn_hls.cpp:79]   --->   Operation 111 'getelementptr' 'local_ecg_4_addr_3' <Predicate = true> <Delay = 0.00>
ST_10 : Operation 112 [1/1] (0.00ns)   --->   "%zext_ln77_5 = zext i7 %add_ln74_2" [cnn_hls.cpp:77]   --->   Operation 112 'zext' 'zext_ln77_5' <Predicate = (icmp_ln77_2)> <Delay = 0.00>
ST_10 : Operation 113 [1/1] (4.35ns)   --->   "%mul_ln77_2 = mul i15 %zext_ln77_5, i15 205" [cnn_hls.cpp:77]   --->   Operation 113 'mul' 'mul_ln77_2' <Predicate = (icmp_ln77_2)> <Delay = 4.35> <CoreInst = "Multiplier">   --->   Core 3 'Multiplier' <Latency = 0> <II = 1> <Delay = 4.35> <FuncUnit> <Opcode : 'mul'> <InPorts = 2> <OutPorts = 1>
ST_10 : Operation 114 [1/1] (0.00ns)   --->   "%tmp_12 = partselect i5 @_ssdm_op_PartSelect.i5.i15.i32.i32, i15 %mul_ln77_2, i32 10, i32 14" [cnn_hls.cpp:77]   --->   Operation 114 'partselect' 'tmp_12' <Predicate = (icmp_ln77_2)> <Delay = 0.00>
ST_10 : Operation 115 [1/1] (0.00ns)   --->   "%zext_ln77 = zext i5 %tmp_12" [cnn_hls.cpp:77]   --->   Operation 115 'zext' 'zext_ln77' <Predicate = (icmp_ln77_2)> <Delay = 0.00>
ST_10 : Operation 116 [1/1] (0.00ns)   --->   "%local_ecg_addr_4 = getelementptr i8 %local_ecg, i64 0, i64 %zext_ln77" [cnn_hls.cpp:79]   --->   Operation 116 'getelementptr' 'local_ecg_addr_4' <Predicate = (icmp_ln77_2)> <Delay = 0.00>
ST_10 : Operation 117 [1/1] (0.00ns)   --->   "%local_ecg_1_addr_4 = getelementptr i8 %local_ecg_1, i64 0, i64 %zext_ln77" [cnn_hls.cpp:79]   --->   Operation 117 'getelementptr' 'local_ecg_1_addr_4' <Predicate = (icmp_ln77_2)> <Delay = 0.00>
ST_10 : Operation 118 [1/1] (0.00ns)   --->   "%local_ecg_2_addr_4 = getelementptr i8 %local_ecg_2, i64 0, i64 %zext_ln77" [cnn_hls.cpp:79]   --->   Operation 118 'getelementptr' 'local_ecg_2_addr_4' <Predicate = (icmp_ln77_2)> <Delay = 0.00>
ST_10 : Operation 119 [1/1] (0.00ns)   --->   "%local_ecg_3_addr_4 = getelementptr i8 %local_ecg_3, i64 0, i64 %zext_ln77" [cnn_hls.cpp:79]   --->   Operation 119 'getelementptr' 'local_ecg_3_addr_4' <Predicate = (icmp_ln77_2)> <Delay = 0.00>
ST_10 : Operation 120 [1/1] (0.00ns)   --->   "%local_ecg_4_addr_4 = getelementptr i8 %local_ecg_4, i64 0, i64 %zext_ln77" [cnn_hls.cpp:79]   --->   Operation 120 'getelementptr' 'local_ecg_4_addr_4' <Predicate = (icmp_ln77_2)> <Delay = 0.00>
ST_10 : Operation 121 [2/2] (2.32ns)   --->   "%local_ecg_load = load i5 %local_ecg_addr_2" [cnn_hls.cpp:79]   --->   Operation 121 'load' 'local_ecg_load' <Predicate = (trunc_ln68 == 0)> <Delay = 2.32> <CoreInst = "RAM">   --->   Core 81 'RAM' <Latency = 1> <II = 1> <Delay = 2.32> <Storage> <Opcode : 'load' 'store'> <Ports = 2> <Width = 8> <Depth = 18> <RAM>
ST_10 : Operation 122 [2/2] (2.32ns)   --->   "%local_ecg_1_load = load i5 %local_ecg_1_addr_2" [cnn_hls.cpp:79]   --->   Operation 122 'load' 'local_ecg_1_load' <Predicate = (trunc_ln68 == 3)> <Delay = 2.32> <CoreInst = "RAM">   --->   Core 81 'RAM' <Latency = 1> <II = 1> <Delay = 2.32> <Storage> <Opcode : 'load' 'store'> <Ports = 2> <Width = 8> <Depth = 18> <RAM>
ST_10 : Operation 123 [2/2] (2.32ns)   --->   "%local_ecg_2_load = load i5 %local_ecg_2_addr_2" [cnn_hls.cpp:79]   --->   Operation 123 'load' 'local_ecg_2_load' <Predicate = (trunc_ln68 == 1)> <Delay = 2.32> <CoreInst = "RAM">   --->   Core 81 'RAM' <Latency = 1> <II = 1> <Delay = 2.32> <Storage> <Opcode : 'load' 'store'> <Ports = 2> <Width = 8> <Depth = 18> <RAM>
ST_10 : Operation 124 [2/2] (2.32ns)   --->   "%local_ecg_3_load = load i5 %local_ecg_3_addr_2" [cnn_hls.cpp:79]   --->   Operation 124 'load' 'local_ecg_3_load' <Predicate = (trunc_ln68 == 4)> <Delay = 2.32> <CoreInst = "RAM">   --->   Core 81 'RAM' <Latency = 1> <II = 1> <Delay = 2.32> <Storage> <Opcode : 'load' 'store'> <Ports = 2> <Width = 8> <Depth = 18> <RAM>
ST_10 : Operation 125 [2/2] (2.32ns)   --->   "%local_ecg_4_load = load i5 %local_ecg_4_addr_2" [cnn_hls.cpp:79]   --->   Operation 125 'load' 'local_ecg_4_load' <Predicate = (trunc_ln68 == 2)> <Delay = 2.32> <CoreInst = "RAM">   --->   Core 81 'RAM' <Latency = 1> <II = 1> <Delay = 2.32> <Storage> <Opcode : 'load' 'store'> <Ports = 2> <Width = 8> <Depth = 18> <RAM>
ST_10 : Operation 126 [2/2] (2.32ns)   --->   "%local_ecg_load_1 = load i5 %local_ecg_addr_3" [cnn_hls.cpp:79]   --->   Operation 126 'load' 'local_ecg_load_1' <Predicate = (trunc_ln68 == 2)> <Delay = 2.32> <CoreInst = "RAM">   --->   Core 81 'RAM' <Latency = 1> <II = 1> <Delay = 2.32> <Storage> <Opcode : 'load' 'store'> <Ports = 2> <Width = 8> <Depth = 18> <RAM>
ST_10 : Operation 127 [2/2] (2.32ns)   --->   "%local_ecg_1_load_1 = load i5 %local_ecg_1_addr_3" [cnn_hls.cpp:79]   --->   Operation 127 'load' 'local_ecg_1_load_1' <Predicate = (trunc_ln68 == 0)> <Delay = 2.32> <CoreInst = "RAM">   --->   Core 81 'RAM' <Latency = 1> <II = 1> <Delay = 2.32> <Storage> <Opcode : 'load' 'store'> <Ports = 2> <Width = 8> <Depth = 18> <RAM>
ST_10 : Operation 128 [2/2] (2.32ns)   --->   "%local_ecg_2_load_1 = load i5 %local_ecg_2_addr_3" [cnn_hls.cpp:79]   --->   Operation 128 'load' 'local_ecg_2_load_1' <Predicate = (trunc_ln68 == 3)> <Delay = 2.32> <CoreInst = "RAM">   --->   Core 81 'RAM' <Latency = 1> <II = 1> <Delay = 2.32> <Storage> <Opcode : 'load' 'store'> <Ports = 2> <Width = 8> <Depth = 18> <RAM>
ST_10 : Operation 129 [2/2] (2.32ns)   --->   "%local_ecg_3_load_1 = load i5 %local_ecg_3_addr_3" [cnn_hls.cpp:79]   --->   Operation 129 'load' 'local_ecg_3_load_1' <Predicate = (trunc_ln68 == 1)> <Delay = 2.32> <CoreInst = "RAM">   --->   Core 81 'RAM' <Latency = 1> <II = 1> <Delay = 2.32> <Storage> <Opcode : 'load' 'store'> <Ports = 2> <Width = 8> <Depth = 18> <RAM>
ST_10 : Operation 130 [2/2] (2.32ns)   --->   "%local_ecg_4_load_1 = load i5 %local_ecg_4_addr_3" [cnn_hls.cpp:79]   --->   Operation 130 'load' 'local_ecg_4_load_1' <Predicate = (trunc_ln68 == 4)> <Delay = 2.32> <CoreInst = "RAM">   --->   Core 81 'RAM' <Latency = 1> <II = 1> <Delay = 2.32> <Storage> <Opcode : 'load' 'store'> <Ports = 2> <Width = 8> <Depth = 18> <RAM>
ST_10 : Operation 131 [2/2] (2.32ns)   --->   "%local_ecg_load_2 = load i5 %local_ecg_addr" [cnn_hls.cpp:79]   --->   Operation 131 'load' 'local_ecg_load_2' <Predicate = (trunc_ln68 == 1 & icmp_ln77)> <Delay = 2.32> <CoreInst = "RAM">   --->   Core 81 'RAM' <Latency = 1> <II = 1> <Delay = 2.32> <Storage> <Opcode : 'load' 'store'> <Ports = 2> <Width = 8> <Depth = 18> <RAM>
ST_10 : Operation 132 [2/2] (2.32ns)   --->   "%local_ecg_1_load_2 = load i5 %local_ecg_1_addr" [cnn_hls.cpp:79]   --->   Operation 132 'load' 'local_ecg_1_load_2' <Predicate = (trunc_ln68 == 4 & icmp_ln77)> <Delay = 2.32> <CoreInst = "RAM">   --->   Core 81 'RAM' <Latency = 1> <II = 1> <Delay = 2.32> <Storage> <Opcode : 'load' 'store'> <Ports = 2> <Width = 8> <Depth = 18> <RAM>
ST_10 : Operation 133 [2/2] (2.32ns)   --->   "%local_ecg_2_load_2 = load i5 %local_ecg_2_addr" [cnn_hls.cpp:79]   --->   Operation 133 'load' 'local_ecg_2_load_2' <Predicate = (trunc_ln68 == 2 & icmp_ln77)> <Delay = 2.32> <CoreInst = "RAM">   --->   Core 81 'RAM' <Latency = 1> <II = 1> <Delay = 2.32> <Storage> <Opcode : 'load' 'store'> <Ports = 2> <Width = 8> <Depth = 18> <RAM>
ST_10 : Operation 134 [2/2] (2.32ns)   --->   "%local_ecg_3_load_2 = load i5 %local_ecg_3_addr" [cnn_hls.cpp:79]   --->   Operation 134 'load' 'local_ecg_3_load_2' <Predicate = (trunc_ln68 == 0 & icmp_ln77)> <Delay = 2.32> <CoreInst = "RAM">   --->   Core 81 'RAM' <Latency = 1> <II = 1> <Delay = 2.32> <Storage> <Opcode : 'load' 'store'> <Ports = 2> <Width = 8> <Depth = 18> <RAM>
ST_10 : Operation 135 [2/2] (2.32ns)   --->   "%local_ecg_4_load_2 = load i5 %local_ecg_4_addr" [cnn_hls.cpp:79]   --->   Operation 135 'load' 'local_ecg_4_load_2' <Predicate = (trunc_ln68 == 3 & icmp_ln77)> <Delay = 2.32> <CoreInst = "RAM">   --->   Core 81 'RAM' <Latency = 1> <II = 1> <Delay = 2.32> <Storage> <Opcode : 'load' 'store'> <Ports = 2> <Width = 8> <Depth = 18> <RAM>
ST_10 : Operation 136 [2/2] (2.32ns)   --->   "%local_ecg_load_3 = load i5 %local_ecg_addr_1" [cnn_hls.cpp:79]   --->   Operation 136 'load' 'local_ecg_load_3' <Predicate = (trunc_ln68 == 3 & icmp_ln77_1)> <Delay = 2.32> <CoreInst = "RAM">   --->   Core 81 'RAM' <Latency = 1> <II = 1> <Delay = 2.32> <Storage> <Opcode : 'load' 'store'> <Ports = 2> <Width = 8> <Depth = 18> <RAM>
ST_10 : Operation 137 [2/2] (2.32ns)   --->   "%local_ecg_1_load_3 = load i5 %local_ecg_1_addr_1" [cnn_hls.cpp:79]   --->   Operation 137 'load' 'local_ecg_1_load_3' <Predicate = (trunc_ln68 == 1 & icmp_ln77_1)> <Delay = 2.32> <CoreInst = "RAM">   --->   Core 81 'RAM' <Latency = 1> <II = 1> <Delay = 2.32> <Storage> <Opcode : 'load' 'store'> <Ports = 2> <Width = 8> <Depth = 18> <RAM>
ST_10 : Operation 138 [2/2] (2.32ns)   --->   "%local_ecg_2_load_3 = load i5 %local_ecg_2_addr_1" [cnn_hls.cpp:79]   --->   Operation 138 'load' 'local_ecg_2_load_3' <Predicate = (trunc_ln68 == 4 & icmp_ln77_1)> <Delay = 2.32> <CoreInst = "RAM">   --->   Core 81 'RAM' <Latency = 1> <II = 1> <Delay = 2.32> <Storage> <Opcode : 'load' 'store'> <Ports = 2> <Width = 8> <Depth = 18> <RAM>
ST_10 : Operation 139 [2/2] (2.32ns)   --->   "%local_ecg_3_load_3 = load i5 %local_ecg_3_addr_1" [cnn_hls.cpp:79]   --->   Operation 139 'load' 'local_ecg_3_load_3' <Predicate = (trunc_ln68 == 2 & icmp_ln77_1)> <Delay = 2.32> <CoreInst = "RAM">   --->   Core 81 'RAM' <Latency = 1> <II = 1> <Delay = 2.32> <Storage> <Opcode : 'load' 'store'> <Ports = 2> <Width = 8> <Depth = 18> <RAM>
ST_10 : Operation 140 [2/2] (2.32ns)   --->   "%local_ecg_4_load_3 = load i5 %local_ecg_4_addr_1" [cnn_hls.cpp:79]   --->   Operation 140 'load' 'local_ecg_4_load_3' <Predicate = (trunc_ln68 == 0 & icmp_ln77_1)> <Delay = 2.32> <CoreInst = "RAM">   --->   Core 81 'RAM' <Latency = 1> <II = 1> <Delay = 2.32> <Storage> <Opcode : 'load' 'store'> <Ports = 2> <Width = 8> <Depth = 18> <RAM>
ST_10 : Operation 141 [2/2] (2.32ns)   --->   "%local_ecg_load_4 = load i5 %local_ecg_addr_4" [cnn_hls.cpp:79]   --->   Operation 141 'load' 'local_ecg_load_4' <Predicate = (trunc_ln68 == 4 & icmp_ln77_2)> <Delay = 2.32> <CoreInst = "RAM">   --->   Core 81 'RAM' <Latency = 1> <II = 1> <Delay = 2.32> <Storage> <Opcode : 'load' 'store'> <Ports = 2> <Width = 8> <Depth = 18> <RAM>
ST_10 : Operation 142 [2/2] (2.32ns)   --->   "%local_ecg_1_load_4 = load i5 %local_ecg_1_addr_4" [cnn_hls.cpp:79]   --->   Operation 142 'load' 'local_ecg_1_load_4' <Predicate = (trunc_ln68 == 2 & icmp_ln77_2)> <Delay = 2.32> <CoreInst = "RAM">   --->   Core 81 'RAM' <Latency = 1> <II = 1> <Delay = 2.32> <Storage> <Opcode : 'load' 'store'> <Ports = 2> <Width = 8> <Depth = 18> <RAM>
ST_10 : Operation 143 [2/2] (2.32ns)   --->   "%local_ecg_2_load_4 = load i5 %local_ecg_2_addr_4" [cnn_hls.cpp:79]   --->   Operation 143 'load' 'local_ecg_2_load_4' <Predicate = (trunc_ln68 == 0 & icmp_ln77_2)> <Delay = 2.32> <CoreInst = "RAM">   --->   Core 81 'RAM' <Latency = 1> <II = 1> <Delay = 2.32> <Storage> <Opcode : 'load' 'store'> <Ports = 2> <Width = 8> <Depth = 18> <RAM>
ST_10 : Operation 144 [2/2] (2.32ns)   --->   "%local_ecg_3_load_4 = load i5 %local_ecg_3_addr_4" [cnn_hls.cpp:79]   --->   Operation 144 'load' 'local_ecg_3_load_4' <Predicate = (trunc_ln68 == 3 & icmp_ln77_2)> <Delay = 2.32> <CoreInst = "RAM">   --->   Core 81 'RAM' <Latency = 1> <II = 1> <Delay = 2.32> <Storage> <Opcode : 'load' 'store'> <Ports = 2> <Width = 8> <Depth = 18> <RAM>
ST_10 : Operation 145 [2/2] (2.32ns)   --->   "%local_ecg_4_load_4 = load i5 %local_ecg_4_addr_4" [cnn_hls.cpp:79]   --->   Operation 145 'load' 'local_ecg_4_load_4' <Predicate = (trunc_ln68 == 1 & icmp_ln77_2)> <Delay = 2.32> <CoreInst = "RAM">   --->   Core 81 'RAM' <Latency = 1> <II = 1> <Delay = 2.32> <Storage> <Opcode : 'load' 'store'> <Ports = 2> <Width = 8> <Depth = 18> <RAM>
ST_10 : Operation 146 [1/1] (0.00ns)   --->   "%zext_ln69 = zext i4 %select_ln68" [cnn_hls.cpp:69]   --->   Operation 146 'zext' 'zext_ln69' <Predicate = true> <Delay = 0.00>
ST_10 : Operation 147 [1/1] (0.00ns)   --->   "%p_ZL12conv1_weight_1_addr = getelementptr i8 %p_ZL12conv1_weight_1, i64 0, i64 %zext_ln69" [cnn_hls.cpp:82]   --->   Operation 147 'getelementptr' 'p_ZL12conv1_weight_1_addr' <Predicate = true> <Delay = 0.00>
ST_10 : Operation 148 [2/2] (2.32ns)   --->   "%p_ZL12conv1_weight_1_load = load i3 %p_ZL12conv1_weight_1_addr" [cnn_hls.cpp:82]   --->   Operation 148 'load' 'p_ZL12conv1_weight_1_load' <Predicate = true> <Delay = 2.32> <CoreInst = "ROM">   --->   Core 94 'ROM' <Latency = 1> <II = 1> <Delay = 2.32> <Storage> <Opcode : 'load'> <Ports = 0> <Width = 8> <Depth = 8> <ROM>
ST_10 : Operation 149 [1/1] (0.00ns)   --->   "%p_ZL12conv1_weight_3_addr = getelementptr i8 %p_ZL12conv1_weight_3, i64 0, i64 %zext_ln69" [cnn_hls.cpp:82]   --->   Operation 149 'getelementptr' 'p_ZL12conv1_weight_3_addr' <Predicate = true> <Delay = 0.00>
ST_10 : Operation 150 [2/2] (2.32ns)   --->   "%p_ZL12conv1_weight_3_load = load i3 %p_ZL12conv1_weight_3_addr" [cnn_hls.cpp:82]   --->   Operation 150 'load' 'p_ZL12conv1_weight_3_load' <Predicate = true> <Delay = 2.32> <CoreInst = "ROM">   --->   Core 94 'ROM' <Latency = 1> <II = 1> <Delay = 2.32> <Storage> <Opcode : 'load'> <Ports = 0> <Width = 8> <Depth = 8> <ROM>
ST_10 : Operation 151 [1/1] (1.65ns)   --->   "%switch_ln85 = switch i3 %trunc_ln68, void %arrayidx396_6.case.4, i3 0, void %arrayidx396_6.case.0, i3 1, void %arrayidx396_6.case.1, i3 2, void %arrayidx396_6.case.2, i3 3, void %arrayidx396_6.case.3" [cnn_hls.cpp:85]   --->   Operation 151 'switch' 'switch_ln85' <Predicate = (trunc_ln69 == 6)> <Delay = 1.65>
ST_10 : Operation 152 [1/1] (1.65ns)   --->   "%switch_ln85 = switch i3 %trunc_ln68, void %arrayidx396_5.case.4, i3 0, void %arrayidx396_5.case.0, i3 1, void %arrayidx396_5.case.1, i3 2, void %arrayidx396_5.case.2, i3 3, void %arrayidx396_5.case.3" [cnn_hls.cpp:85]   --->   Operation 152 'switch' 'switch_ln85' <Predicate = (trunc_ln69 == 5)> <Delay = 1.65>
ST_10 : Operation 153 [1/1] (1.65ns)   --->   "%switch_ln85 = switch i3 %trunc_ln68, void %arrayidx396_4.case.4, i3 0, void %arrayidx396_4.case.0, i3 1, void %arrayidx396_4.case.1, i3 2, void %arrayidx396_4.case.2, i3 3, void %arrayidx396_4.case.3" [cnn_hls.cpp:85]   --->   Operation 153 'switch' 'switch_ln85' <Predicate = (trunc_ln69 == 4)> <Delay = 1.65>
ST_10 : Operation 154 [1/1] (1.65ns)   --->   "%switch_ln85 = switch i3 %trunc_ln68, void %arrayidx396_3.case.4, i3 0, void %arrayidx396_3.case.0, i3 1, void %arrayidx396_3.case.1, i3 2, void %arrayidx396_3.case.2, i3 3, void %arrayidx396_3.case.3" [cnn_hls.cpp:85]   --->   Operation 154 'switch' 'switch_ln85' <Predicate = (trunc_ln69 == 3)> <Delay = 1.65>
ST_10 : Operation 155 [1/1] (1.65ns)   --->   "%switch_ln85 = switch i3 %trunc_ln68, void %arrayidx396_2.case.4, i3 0, void %arrayidx396_2.case.0, i3 1, void %arrayidx396_2.case.1, i3 2, void %arrayidx396_2.case.2, i3 3, void %arrayidx396_2.case.3" [cnn_hls.cpp:85]   --->   Operation 155 'switch' 'switch_ln85' <Predicate = (trunc_ln69 == 2)> <Delay = 1.65>
ST_10 : Operation 156 [1/1] (1.65ns)   --->   "%switch_ln85 = switch i3 %trunc_ln68, void %arrayidx396_1.case.4, i3 0, void %arrayidx396_1.case.0, i3 1, void %arrayidx396_1.case.1, i3 2, void %arrayidx396_1.case.2, i3 3, void %arrayidx396_1.case.3" [cnn_hls.cpp:85]   --->   Operation 156 'switch' 'switch_ln85' <Predicate = (trunc_ln69 == 1)> <Delay = 1.65>
ST_10 : Operation 157 [1/1] (1.65ns)   --->   "%switch_ln85 = switch i3 %trunc_ln68, void %arrayidx396_0.case.4, i3 0, void %arrayidx396_0.case.0, i3 1, void %arrayidx396_0.case.1, i3 2, void %arrayidx396_0.case.2, i3 3, void %arrayidx396_0.case.3" [cnn_hls.cpp:85]   --->   Operation 157 'switch' 'switch_ln85' <Predicate = (trunc_ln69 == 0)> <Delay = 1.65>
ST_10 : Operation 158 [1/1] (1.65ns)   --->   "%switch_ln85 = switch i3 %trunc_ln68, void %arrayidx396_7.case.4, i3 0, void %arrayidx396_7.case.0, i3 1, void %arrayidx396_7.case.1, i3 2, void %arrayidx396_7.case.2, i3 3, void %arrayidx396_7.case.3" [cnn_hls.cpp:85]   --->   Operation 158 'switch' 'switch_ln85' <Predicate = (trunc_ln69 == 7)> <Delay = 1.65>

State 11 <SV = 10> <Delay = 8.20>
ST_11 : Operation 159 [1/2] ( I:2.32ns O:2.32ns )   --->   "%local_ecg_load = load i5 %local_ecg_addr_2" [cnn_hls.cpp:79]   --->   Operation 159 'load' 'local_ecg_load' <Predicate = (trunc_ln68 == 0)> <Delay = 2.32> <CoreInst = "RAM">   --->   Core 81 'RAM' <Latency = 1> <II = 1> <Delay = 2.32> <Storage> <Opcode : 'load' 'store'> <Ports = 2> <Width = 8> <Depth = 18> <RAM>
ST_11 : Operation 160 [1/2] ( I:2.32ns O:2.32ns )   --->   "%local_ecg_1_load = load i5 %local_ecg_1_addr_2" [cnn_hls.cpp:79]   --->   Operation 160 'load' 'local_ecg_1_load' <Predicate = (trunc_ln68 == 3)> <Delay = 2.32> <CoreInst = "RAM">   --->   Core 81 'RAM' <Latency = 1> <II = 1> <Delay = 2.32> <Storage> <Opcode : 'load' 'store'> <Ports = 2> <Width = 8> <Depth = 18> <RAM>
ST_11 : Operation 161 [1/2] ( I:2.32ns O:2.32ns )   --->   "%local_ecg_2_load = load i5 %local_ecg_2_addr_2" [cnn_hls.cpp:79]   --->   Operation 161 'load' 'local_ecg_2_load' <Predicate = (trunc_ln68 == 1)> <Delay = 2.32> <CoreInst = "RAM">   --->   Core 81 'RAM' <Latency = 1> <II = 1> <Delay = 2.32> <Storage> <Opcode : 'load' 'store'> <Ports = 2> <Width = 8> <Depth = 18> <RAM>
ST_11 : Operation 162 [1/2] ( I:2.32ns O:2.32ns )   --->   "%local_ecg_3_load = load i5 %local_ecg_3_addr_2" [cnn_hls.cpp:79]   --->   Operation 162 'load' 'local_ecg_3_load' <Predicate = (trunc_ln68 == 4)> <Delay = 2.32> <CoreInst = "RAM">   --->   Core 81 'RAM' <Latency = 1> <II = 1> <Delay = 2.32> <Storage> <Opcode : 'load' 'store'> <Ports = 2> <Width = 8> <Depth = 18> <RAM>
ST_11 : Operation 163 [1/2] ( I:2.32ns O:2.32ns )   --->   "%local_ecg_4_load = load i5 %local_ecg_4_addr_2" [cnn_hls.cpp:79]   --->   Operation 163 'load' 'local_ecg_4_load' <Predicate = (trunc_ln68 == 2)> <Delay = 2.32> <CoreInst = "RAM">   --->   Core 81 'RAM' <Latency = 1> <II = 1> <Delay = 2.32> <Storage> <Opcode : 'load' 'store'> <Ports = 2> <Width = 8> <Depth = 18> <RAM>
ST_11 : Operation 164 [1/1] (1.94ns)   --->   "%tmp_1 = sparsemux i8 @_ssdm_op_SparseMux.ap_auto.5i8.i8.i3, i3 0, i8 %local_ecg_load, i3 3, i8 %local_ecg_1_load, i3 1, i8 %local_ecg_2_load, i3 4, i8 %local_ecg_3_load, i3 2, i8 %local_ecg_4_load, i8 0, i3 %trunc_ln68" [cnn_hls.cpp:79]   --->   Operation 164 'sparsemux' 'tmp_1' <Predicate = true> <Delay = 1.94> <CoreInst = "BinarySparseMux_DontCare">   --->   Core 137 'BinarySparseMux_DontCare' <Latency = 0> <II = 1> <Delay = 1.94> <FuncUnit> <Opcode : 'sparsemux'> <InPorts = 2> <OutPorts = 1>
ST_11 : Operation 165 [1/2] ( I:2.32ns O:2.32ns )   --->   "%local_ecg_load_1 = load i5 %local_ecg_addr_3" [cnn_hls.cpp:79]   --->   Operation 165 'load' 'local_ecg_load_1' <Predicate = (trunc_ln68 == 2)> <Delay = 2.32> <CoreInst = "RAM">   --->   Core 81 'RAM' <Latency = 1> <II = 1> <Delay = 2.32> <Storage> <Opcode : 'load' 'store'> <Ports = 2> <Width = 8> <Depth = 18> <RAM>
ST_11 : Operation 166 [1/2] ( I:2.32ns O:2.32ns )   --->   "%local_ecg_1_load_1 = load i5 %local_ecg_1_addr_3" [cnn_hls.cpp:79]   --->   Operation 166 'load' 'local_ecg_1_load_1' <Predicate = (trunc_ln68 == 0)> <Delay = 2.32> <CoreInst = "RAM">   --->   Core 81 'RAM' <Latency = 1> <II = 1> <Delay = 2.32> <Storage> <Opcode : 'load' 'store'> <Ports = 2> <Width = 8> <Depth = 18> <RAM>
ST_11 : Operation 167 [1/2] ( I:2.32ns O:2.32ns )   --->   "%local_ecg_2_load_1 = load i5 %local_ecg_2_addr_3" [cnn_hls.cpp:79]   --->   Operation 167 'load' 'local_ecg_2_load_1' <Predicate = (trunc_ln68 == 3)> <Delay = 2.32> <CoreInst = "RAM">   --->   Core 81 'RAM' <Latency = 1> <II = 1> <Delay = 2.32> <Storage> <Opcode : 'load' 'store'> <Ports = 2> <Width = 8> <Depth = 18> <RAM>
ST_11 : Operation 168 [1/2] ( I:2.32ns O:2.32ns )   --->   "%local_ecg_3_load_1 = load i5 %local_ecg_3_addr_3" [cnn_hls.cpp:79]   --->   Operation 168 'load' 'local_ecg_3_load_1' <Predicate = (trunc_ln68 == 1)> <Delay = 2.32> <CoreInst = "RAM">   --->   Core 81 'RAM' <Latency = 1> <II = 1> <Delay = 2.32> <Storage> <Opcode : 'load' 'store'> <Ports = 2> <Width = 8> <Depth = 18> <RAM>
ST_11 : Operation 169 [1/2] ( I:2.32ns O:2.32ns )   --->   "%local_ecg_4_load_1 = load i5 %local_ecg_4_addr_3" [cnn_hls.cpp:79]   --->   Operation 169 'load' 'local_ecg_4_load_1' <Predicate = (trunc_ln68 == 4)> <Delay = 2.32> <CoreInst = "RAM">   --->   Core 81 'RAM' <Latency = 1> <II = 1> <Delay = 2.32> <Storage> <Opcode : 'load' 'store'> <Ports = 2> <Width = 8> <Depth = 18> <RAM>
ST_11 : Operation 170 [1/1] (1.94ns)   --->   "%tmp_2 = sparsemux i8 @_ssdm_op_SparseMux.ap_auto.5i8.i8.i3, i3 2, i8 %local_ecg_load_1, i3 0, i8 %local_ecg_1_load_1, i3 3, i8 %local_ecg_2_load_1, i3 1, i8 %local_ecg_3_load_1, i3 4, i8 %local_ecg_4_load_1, i8 0, i3 %trunc_ln68" [cnn_hls.cpp:79]   --->   Operation 170 'sparsemux' 'tmp_2' <Predicate = true> <Delay = 1.94> <CoreInst = "BinarySparseMux_DontCare">   --->   Core 137 'BinarySparseMux_DontCare' <Latency = 0> <II = 1> <Delay = 1.94> <FuncUnit> <Opcode : 'sparsemux'> <InPorts = 2> <OutPorts = 1>
ST_11 : Operation 171 [1/1] (0.00ns)   --->   "%sext_ln79_2 = sext i8 %tmp_2" [cnn_hls.cpp:79]   --->   Operation 171 'sext' 'sext_ln79_2' <Predicate = true> <Delay = 0.00>
ST_11 : Operation 172 [1/1] (1.65ns) (grouped into DSP with root node add_ln82_2)   --->   "%x_45 = add i9 %sext_ln79_2, i9 408" [cnn_hls.cpp:79]   --->   Operation 172 'add' 'x_45' <Predicate = true> <Delay = 1.65> <CoreInst = "DSP48">   --->   Core 116 'DSP48' <Latency = 3> <II = 1> <Delay = 2.15> <IPBlock> <Opcode : 'add' 'sub' 'mul' 'select'> <InPorts = 0> <OutPorts = 1> <Sync> <CReg>
ST_11 : Operation 173 [1/1] (0.00ns) (grouped into DSP with root node add_ln82_2)   --->   "%sext_ln85 = sext i9 %x_45" [cnn_hls.cpp:85]   --->   Operation 173 'sext' 'sext_ln85' <Predicate = true> <Delay = 0.00>
ST_11 : Operation 174 [1/2] ( I:2.32ns O:2.32ns )   --->   "%local_ecg_load_2 = load i5 %local_ecg_addr" [cnn_hls.cpp:79]   --->   Operation 174 'load' 'local_ecg_load_2' <Predicate = (trunc_ln68 == 1 & icmp_ln77)> <Delay = 2.32> <CoreInst = "RAM">   --->   Core 81 'RAM' <Latency = 1> <II = 1> <Delay = 2.32> <Storage> <Opcode : 'load' 'store'> <Ports = 2> <Width = 8> <Depth = 18> <RAM>
ST_11 : Operation 175 [1/2] ( I:2.32ns O:2.32ns )   --->   "%local_ecg_1_load_2 = load i5 %local_ecg_1_addr" [cnn_hls.cpp:79]   --->   Operation 175 'load' 'local_ecg_1_load_2' <Predicate = (trunc_ln68 == 4 & icmp_ln77)> <Delay = 2.32> <CoreInst = "RAM">   --->   Core 81 'RAM' <Latency = 1> <II = 1> <Delay = 2.32> <Storage> <Opcode : 'load' 'store'> <Ports = 2> <Width = 8> <Depth = 18> <RAM>
ST_11 : Operation 176 [1/2] ( I:2.32ns O:2.32ns )   --->   "%local_ecg_2_load_2 = load i5 %local_ecg_2_addr" [cnn_hls.cpp:79]   --->   Operation 176 'load' 'local_ecg_2_load_2' <Predicate = (trunc_ln68 == 2 & icmp_ln77)> <Delay = 2.32> <CoreInst = "RAM">   --->   Core 81 'RAM' <Latency = 1> <II = 1> <Delay = 2.32> <Storage> <Opcode : 'load' 'store'> <Ports = 2> <Width = 8> <Depth = 18> <RAM>
ST_11 : Operation 177 [1/2] ( I:2.32ns O:2.32ns )   --->   "%local_ecg_3_load_2 = load i5 %local_ecg_3_addr" [cnn_hls.cpp:79]   --->   Operation 177 'load' 'local_ecg_3_load_2' <Predicate = (trunc_ln68 == 0 & icmp_ln77)> <Delay = 2.32> <CoreInst = "RAM">   --->   Core 81 'RAM' <Latency = 1> <II = 1> <Delay = 2.32> <Storage> <Opcode : 'load' 'store'> <Ports = 2> <Width = 8> <Depth = 18> <RAM>
ST_11 : Operation 178 [1/2] ( I:2.32ns O:2.32ns )   --->   "%local_ecg_4_load_2 = load i5 %local_ecg_4_addr" [cnn_hls.cpp:79]   --->   Operation 178 'load' 'local_ecg_4_load_2' <Predicate = (trunc_ln68 == 3 & icmp_ln77)> <Delay = 2.32> <CoreInst = "RAM">   --->   Core 81 'RAM' <Latency = 1> <II = 1> <Delay = 2.32> <Storage> <Opcode : 'load' 'store'> <Ports = 2> <Width = 8> <Depth = 18> <RAM>
ST_11 : Operation 179 [1/2] ( I:2.32ns O:2.32ns )   --->   "%local_ecg_load_3 = load i5 %local_ecg_addr_1" [cnn_hls.cpp:79]   --->   Operation 179 'load' 'local_ecg_load_3' <Predicate = (trunc_ln68 == 3 & icmp_ln77_1)> <Delay = 2.32> <CoreInst = "RAM">   --->   Core 81 'RAM' <Latency = 1> <II = 1> <Delay = 2.32> <Storage> <Opcode : 'load' 'store'> <Ports = 2> <Width = 8> <Depth = 18> <RAM>
ST_11 : Operation 180 [1/2] ( I:2.32ns O:2.32ns )   --->   "%local_ecg_1_load_3 = load i5 %local_ecg_1_addr_1" [cnn_hls.cpp:79]   --->   Operation 180 'load' 'local_ecg_1_load_3' <Predicate = (trunc_ln68 == 1 & icmp_ln77_1)> <Delay = 2.32> <CoreInst = "RAM">   --->   Core 81 'RAM' <Latency = 1> <II = 1> <Delay = 2.32> <Storage> <Opcode : 'load' 'store'> <Ports = 2> <Width = 8> <Depth = 18> <RAM>
ST_11 : Operation 181 [1/2] ( I:2.32ns O:2.32ns )   --->   "%local_ecg_2_load_3 = load i5 %local_ecg_2_addr_1" [cnn_hls.cpp:79]   --->   Operation 181 'load' 'local_ecg_2_load_3' <Predicate = (trunc_ln68 == 4 & icmp_ln77_1)> <Delay = 2.32> <CoreInst = "RAM">   --->   Core 81 'RAM' <Latency = 1> <II = 1> <Delay = 2.32> <Storage> <Opcode : 'load' 'store'> <Ports = 2> <Width = 8> <Depth = 18> <RAM>
ST_11 : Operation 182 [1/2] ( I:2.32ns O:2.32ns )   --->   "%local_ecg_3_load_3 = load i5 %local_ecg_3_addr_1" [cnn_hls.cpp:79]   --->   Operation 182 'load' 'local_ecg_3_load_3' <Predicate = (trunc_ln68 == 2 & icmp_ln77_1)> <Delay = 2.32> <CoreInst = "RAM">   --->   Core 81 'RAM' <Latency = 1> <II = 1> <Delay = 2.32> <Storage> <Opcode : 'load' 'store'> <Ports = 2> <Width = 8> <Depth = 18> <RAM>
ST_11 : Operation 183 [1/2] ( I:2.32ns O:2.32ns )   --->   "%local_ecg_4_load_3 = load i5 %local_ecg_4_addr_1" [cnn_hls.cpp:79]   --->   Operation 183 'load' 'local_ecg_4_load_3' <Predicate = (trunc_ln68 == 0 & icmp_ln77_1)> <Delay = 2.32> <CoreInst = "RAM">   --->   Core 81 'RAM' <Latency = 1> <II = 1> <Delay = 2.32> <Storage> <Opcode : 'load' 'store'> <Ports = 2> <Width = 8> <Depth = 18> <RAM>
ST_11 : Operation 184 [1/2] ( I:2.32ns O:2.32ns )   --->   "%local_ecg_load_4 = load i5 %local_ecg_addr_4" [cnn_hls.cpp:79]   --->   Operation 184 'load' 'local_ecg_load_4' <Predicate = (trunc_ln68 == 4 & icmp_ln77_2)> <Delay = 2.32> <CoreInst = "RAM">   --->   Core 81 'RAM' <Latency = 1> <II = 1> <Delay = 2.32> <Storage> <Opcode : 'load' 'store'> <Ports = 2> <Width = 8> <Depth = 18> <RAM>
ST_11 : Operation 185 [1/2] ( I:2.32ns O:2.32ns )   --->   "%local_ecg_1_load_4 = load i5 %local_ecg_1_addr_4" [cnn_hls.cpp:79]   --->   Operation 185 'load' 'local_ecg_1_load_4' <Predicate = (trunc_ln68 == 2 & icmp_ln77_2)> <Delay = 2.32> <CoreInst = "RAM">   --->   Core 81 'RAM' <Latency = 1> <II = 1> <Delay = 2.32> <Storage> <Opcode : 'load' 'store'> <Ports = 2> <Width = 8> <Depth = 18> <RAM>
ST_11 : Operation 186 [1/2] ( I:2.32ns O:2.32ns )   --->   "%local_ecg_2_load_4 = load i5 %local_ecg_2_addr_4" [cnn_hls.cpp:79]   --->   Operation 186 'load' 'local_ecg_2_load_4' <Predicate = (trunc_ln68 == 0 & icmp_ln77_2)> <Delay = 2.32> <CoreInst = "RAM">   --->   Core 81 'RAM' <Latency = 1> <II = 1> <Delay = 2.32> <Storage> <Opcode : 'load' 'store'> <Ports = 2> <Width = 8> <Depth = 18> <RAM>
ST_11 : Operation 187 [1/2] ( I:2.32ns O:2.32ns )   --->   "%local_ecg_3_load_4 = load i5 %local_ecg_3_addr_4" [cnn_hls.cpp:79]   --->   Operation 187 'load' 'local_ecg_3_load_4' <Predicate = (trunc_ln68 == 3 & icmp_ln77_2)> <Delay = 2.32> <CoreInst = "RAM">   --->   Core 81 'RAM' <Latency = 1> <II = 1> <Delay = 2.32> <Storage> <Opcode : 'load' 'store'> <Ports = 2> <Width = 8> <Depth = 18> <RAM>
ST_11 : Operation 188 [1/2] ( I:2.32ns O:2.32ns )   --->   "%local_ecg_4_load_4 = load i5 %local_ecg_4_addr_4" [cnn_hls.cpp:79]   --->   Operation 188 'load' 'local_ecg_4_load_4' <Predicate = (trunc_ln68 == 1 & icmp_ln77_2)> <Delay = 2.32> <CoreInst = "RAM">   --->   Core 81 'RAM' <Latency = 1> <II = 1> <Delay = 2.32> <Storage> <Opcode : 'load' 'store'> <Ports = 2> <Width = 8> <Depth = 18> <RAM>
ST_11 : Operation 189 [1/1] (1.94ns)   --->   "%tmp_3 = sparsemux i8 @_ssdm_op_SparseMux.ap_auto.5i8.i8.i3, i3 1, i8 %local_ecg_load_2, i3 4, i8 %local_ecg_1_load_2, i3 2, i8 %local_ecg_2_load_2, i3 0, i8 %local_ecg_3_load_2, i3 3, i8 %local_ecg_4_load_2, i8 0, i3 %trunc_ln68" [cnn_hls.cpp:79]   --->   Operation 189 'sparsemux' 'tmp_3' <Predicate = (icmp_ln77)> <Delay = 1.94> <CoreInst = "BinarySparseMux_DontCare">   --->   Core 137 'BinarySparseMux_DontCare' <Latency = 0> <II = 1> <Delay = 1.94> <FuncUnit> <Opcode : 'sparsemux'> <InPorts = 2> <OutPorts = 1>
ST_11 : Operation 190 [1/1] (1.94ns)   --->   "%tmp_4 = sparsemux i8 @_ssdm_op_SparseMux.ap_auto.5i8.i8.i3, i3 3, i8 %local_ecg_load_3, i3 1, i8 %local_ecg_1_load_3, i3 4, i8 %local_ecg_2_load_3, i3 2, i8 %local_ecg_3_load_3, i3 0, i8 %local_ecg_4_load_3, i8 0, i3 %trunc_ln68" [cnn_hls.cpp:79]   --->   Operation 190 'sparsemux' 'tmp_4' <Predicate = (icmp_ln77_1)> <Delay = 1.94> <CoreInst = "BinarySparseMux_DontCare">   --->   Core 137 'BinarySparseMux_DontCare' <Latency = 0> <II = 1> <Delay = 1.94> <FuncUnit> <Opcode : 'sparsemux'> <InPorts = 2> <OutPorts = 1>
ST_11 : Operation 191 [1/1] (0.00ns)   --->   "%sext_ln79_4 = sext i8 %tmp_4" [cnn_hls.cpp:79]   --->   Operation 191 'sext' 'sext_ln79_4' <Predicate = (icmp_ln77_1)> <Delay = 0.00>
ST_11 : Operation 192 [1/1] (1.91ns)   --->   "%x_46 = add i9 %sext_ln79_4, i9 408" [cnn_hls.cpp:79]   --->   Operation 192 'add' 'x_46' <Predicate = (icmp_ln77_1)> <Delay = 1.91> <CoreInst = "Adder">   --->   Core 1 'Adder' <Latency = 0> <II = 1> <Delay = 1.82> <FuncUnit> <Opcode : 'add' 'sub'> <InPorts = 2> <OutPorts = 1>
ST_11 : Operation 193 [1/1] (0.96ns)   --->   "%x_3 = select i1 %icmp_ln77_1, i9 %x_46, i9 0" [cnn_hls.cpp:77]   --->   Operation 193 'select' 'x_3' <Predicate = true> <Delay = 0.96> <CoreInst = "Sel">   --->   Core 73 'Sel' <Latency = 0> <II = 1> <Delay = 0.96> <FuncUnit> <Opcode : 'select'> <InPorts = 3> <OutPorts = 1>
ST_11 : Operation 194 [1/1] (0.00ns)   --->   "%sext_ln75_1 = sext i9 %x_3" [cnn_hls.cpp:75]   --->   Operation 194 'sext' 'sext_ln75_1' <Predicate = true> <Delay = 0.00>
ST_11 : Operation 195 [1/2] ( I:2.32ns O:2.32ns )   --->   "%p_ZL12conv1_weight_1_load = load i3 %p_ZL12conv1_weight_1_addr" [cnn_hls.cpp:82]   --->   Operation 195 'load' 'p_ZL12conv1_weight_1_load' <Predicate = true> <Delay = 2.32> <CoreInst = "ROM">   --->   Core 94 'ROM' <Latency = 1> <II = 1> <Delay = 2.32> <Storage> <Opcode : 'load'> <Ports = 0> <Width = 8> <Depth = 8> <ROM>
ST_11 : Operation 196 [1/1] (0.00ns)   --->   "%sext_ln75_2 = sext i8 %p_ZL12conv1_weight_1_load" [cnn_hls.cpp:75]   --->   Operation 196 'sext' 'sext_ln75_2' <Predicate = true> <Delay = 0.00>
ST_11 : Operation 197 [1/1] (0.00ns)   --->   "%p_ZL12conv1_weight_2_addr = getelementptr i8 %p_ZL12conv1_weight_2, i64 0, i64 %zext_ln69" [cnn_hls.cpp:82]   --->   Operation 197 'getelementptr' 'p_ZL12conv1_weight_2_addr' <Predicate = true> <Delay = 0.00>
ST_11 : Operation 198 [2/2] (2.32ns)   --->   "%p_ZL12conv1_weight_2_load = load i3 %p_ZL12conv1_weight_2_addr" [cnn_hls.cpp:82]   --->   Operation 198 'load' 'p_ZL12conv1_weight_2_load' <Predicate = true> <Delay = 2.32> <CoreInst = "ROM">   --->   Core 94 'ROM' <Latency = 1> <II = 1> <Delay = 2.32> <Storage> <Opcode : 'load'> <Ports = 0> <Width = 8> <Depth = 8> <ROM>
ST_11 : Operation 199 [1/2] ( I:2.32ns O:2.32ns )   --->   "%p_ZL12conv1_weight_3_load = load i3 %p_ZL12conv1_weight_3_addr" [cnn_hls.cpp:82]   --->   Operation 199 'load' 'p_ZL12conv1_weight_3_load' <Predicate = true> <Delay = 2.32> <CoreInst = "ROM">   --->   Core 94 'ROM' <Latency = 1> <II = 1> <Delay = 2.32> <Storage> <Opcode : 'load'> <Ports = 0> <Width = 8> <Depth = 8> <ROM>
ST_11 : Operation 200 [1/1] (0.00ns)   --->   "%sext_ln82_1 = sext i8 %p_ZL12conv1_weight_3_load" [cnn_hls.cpp:82]   --->   Operation 200 'sext' 'sext_ln82_1' <Predicate = true> <Delay = 0.00>
ST_11 : Operation 201 [3/3] (1.05ns) (grouped into DSP with root node add_ln82_2)   --->   "%mul_ln82_1 = mul i17 %sext_ln85, i17 %sext_ln82_1" [cnn_hls.cpp:82]   --->   Operation 201 'mul' 'mul_ln82_1' <Predicate = true> <Delay = 1.05> <CoreInst = "DSP48">   --->   Core 116 'DSP48' <Latency = 3> <II = 1> <Delay = 2.15> <IPBlock> <Opcode : 'add' 'sub' 'mul' 'select'> <InPorts = 0> <OutPorts = 1> <Sync> <CReg>
ST_11 : Operation 202 [3/3] (1.05ns) (grouped into DSP with root node add_ln82)   --->   "%mul_ln82_3 = mul i17 %sext_ln75_1, i17 %sext_ln75_2" [cnn_hls.cpp:82]   --->   Operation 202 'mul' 'mul_ln82_3' <Predicate = true> <Delay = 1.05> <CoreInst = "DSP48">   --->   Core 116 'DSP48' <Latency = 3> <II = 1> <Delay = 2.15> <IPBlock> <Opcode : 'add' 'sub' 'mul' 'select'> <InPorts = 0> <OutPorts = 1> <Sync> <CReg>
ST_11 : Operation 203 [1/1] (1.94ns)   --->   "%tmp_5 = sparsemux i8 @_ssdm_op_SparseMux.ap_auto.5i8.i8.i3, i3 4, i8 %local_ecg_load_4, i3 2, i8 %local_ecg_1_load_4, i3 0, i8 %local_ecg_2_load_4, i3 3, i8 %local_ecg_3_load_4, i3 1, i8 %local_ecg_4_load_4, i8 0, i3 %trunc_ln68" [cnn_hls.cpp:79]   --->   Operation 203 'sparsemux' 'tmp_5' <Predicate = (icmp_ln77_2)> <Delay = 1.94> <CoreInst = "BinarySparseMux_DontCare">   --->   Core 137 'BinarySparseMux_DontCare' <Latency = 0> <II = 1> <Delay = 1.94> <FuncUnit> <Opcode : 'sparsemux'> <InPorts = 2> <OutPorts = 1>

State 12 <SV = 11> <Delay = 3.37>
ST_12 : Operation 204 [1/1] (0.00ns)   --->   "%sext_ln79 = sext i8 %tmp_1" [cnn_hls.cpp:79]   --->   Operation 204 'sext' 'sext_ln79' <Predicate = true> <Delay = 0.00>
ST_12 : Operation 205 [1/1] (1.65ns) (grouped into DSP with root node add_ln82_3)   --->   "%x_44 = add i9 %sext_ln79, i9 408" [cnn_hls.cpp:79]   --->   Operation 205 'add' 'x_44' <Predicate = true> <Delay = 1.65> <CoreInst = "DSP48">   --->   Core 116 'DSP48' <Latency = 3> <II = 1> <Delay = 2.15> <IPBlock> <Opcode : 'add' 'sub' 'mul' 'select'> <InPorts = 0> <OutPorts = 1> <Sync> <CReg>
ST_12 : Operation 206 [1/1] (0.00ns) (grouped into DSP with root node add_ln82_3)   --->   "%sext_ln79_1 = sext i9 %x_44" [cnn_hls.cpp:79]   --->   Operation 206 'sext' 'sext_ln79_1' <Predicate = true> <Delay = 0.00>
ST_12 : Operation 207 [1/1] (0.00ns)   --->   "%conv1_bias_addr = getelementptr i13 %conv1_bias, i64 0, i64 %zext_ln69" [cnn_hls.cpp:71]   --->   Operation 207 'getelementptr' 'conv1_bias_addr' <Predicate = true> <Delay = 0.00>
ST_12 : Operation 208 [2/2] (2.32ns)   --->   "%acc = load i3 %conv1_bias_addr" [cnn_hls.cpp:71]   --->   Operation 208 'load' 'acc' <Predicate = true> <Delay = 2.32> <CoreInst = "ROM">   --->   Core 94 'ROM' <Latency = 1> <II = 1> <Delay = 2.32> <Storage> <Opcode : 'load'> <Ports = 0> <Width = 13> <Depth = 8> <ROM>
ST_12 : Operation 209 [1/1] (0.00ns)   --->   "%p_ZL12conv1_weight_0_addr = getelementptr i8 %p_ZL12conv1_weight_0, i64 0, i64 %zext_ln69" [cnn_hls.cpp:82]   --->   Operation 209 'getelementptr' 'p_ZL12conv1_weight_0_addr' <Predicate = true> <Delay = 0.00>
ST_12 : Operation 210 [2/2] (2.32ns)   --->   "%p_ZL12conv1_weight_0_load = load i3 %p_ZL12conv1_weight_0_addr" [cnn_hls.cpp:82]   --->   Operation 210 'load' 'p_ZL12conv1_weight_0_load' <Predicate = true> <Delay = 2.32> <CoreInst = "ROM">   --->   Core 94 'ROM' <Latency = 1> <II = 1> <Delay = 2.32> <Storage> <Opcode : 'load'> <Ports = 0> <Width = 8> <Depth = 8> <ROM>
ST_12 : Operation 211 [1/2] ( I:2.32ns O:2.32ns )   --->   "%p_ZL12conv1_weight_2_load = load i3 %p_ZL12conv1_weight_2_addr" [cnn_hls.cpp:82]   --->   Operation 211 'load' 'p_ZL12conv1_weight_2_load' <Predicate = true> <Delay = 2.32> <CoreInst = "ROM">   --->   Core 94 'ROM' <Latency = 1> <II = 1> <Delay = 2.32> <Storage> <Opcode : 'load'> <Ports = 0> <Width = 8> <Depth = 8> <ROM>
ST_12 : Operation 212 [1/1] (0.00ns)   --->   "%sext_ln75_3 = sext i8 %p_ZL12conv1_weight_2_load" [cnn_hls.cpp:75]   --->   Operation 212 'sext' 'sext_ln75_3' <Predicate = true> <Delay = 0.00>
ST_12 : Operation 213 [2/3] (1.05ns) (grouped into DSP with root node add_ln82_2)   --->   "%mul_ln82_1 = mul i17 %sext_ln85, i17 %sext_ln82_1" [cnn_hls.cpp:82]   --->   Operation 213 'mul' 'mul_ln82_1' <Predicate = true> <Delay = 1.05> <CoreInst = "DSP48">   --->   Core 116 'DSP48' <Latency = 3> <II = 1> <Delay = 2.15> <IPBlock> <Opcode : 'add' 'sub' 'mul' 'select'> <InPorts = 0> <OutPorts = 1> <Sync> <CReg>
ST_12 : Operation 214 [3/3] (1.05ns) (grouped into DSP with root node add_ln82_3)   --->   "%mul_ln82_2 = mul i17 %sext_ln79_1, i17 %sext_ln75_3" [cnn_hls.cpp:82]   --->   Operation 214 'mul' 'mul_ln82_2' <Predicate = true> <Delay = 1.05> <CoreInst = "DSP48">   --->   Core 116 'DSP48' <Latency = 3> <II = 1> <Delay = 2.15> <IPBlock> <Opcode : 'add' 'sub' 'mul' 'select'> <InPorts = 0> <OutPorts = 1> <Sync> <CReg>
ST_12 : Operation 215 [2/3] (1.05ns) (grouped into DSP with root node add_ln82)   --->   "%mul_ln82_3 = mul i17 %sext_ln75_1, i17 %sext_ln75_2" [cnn_hls.cpp:82]   --->   Operation 215 'mul' 'mul_ln82_3' <Predicate = true> <Delay = 1.05> <CoreInst = "DSP48">   --->   Core 116 'DSP48' <Latency = 3> <II = 1> <Delay = 2.15> <IPBlock> <Opcode : 'add' 'sub' 'mul' 'select'> <InPorts = 0> <OutPorts = 1> <Sync> <CReg>
ST_12 : Operation 216 [1/1] (0.00ns)   --->   "%p_ZL12conv1_weight_4_addr = getelementptr i8 %p_ZL12conv1_weight_4, i64 0, i64 %zext_ln69" [cnn_hls.cpp:82]   --->   Operation 216 'getelementptr' 'p_ZL12conv1_weight_4_addr' <Predicate = true> <Delay = 0.00>
ST_12 : Operation 217 [2/2] (2.32ns)   --->   "%p_ZL12conv1_weight_4_load = load i3 %p_ZL12conv1_weight_4_addr" [cnn_hls.cpp:82]   --->   Operation 217 'load' 'p_ZL12conv1_weight_4_load' <Predicate = true> <Delay = 2.32> <CoreInst = "ROM">   --->   Core 94 'ROM' <Latency = 1> <II = 1> <Delay = 2.32> <Storage> <Opcode : 'load'> <Ports = 0> <Width = 8> <Depth = 8> <ROM>
ST_12 : Operation 218 [1/1] (0.00ns)   --->   "%conv1_multiplier_addr = getelementptr i30 %conv1_multiplier, i64 0, i64 %zext_ln69" [cnn_hls.cpp:85]   --->   Operation 218 'getelementptr' 'conv1_multiplier_addr' <Predicate = true> <Delay = 0.00>
ST_12 : Operation 219 [2/2] (2.32ns)   --->   "%conv1_multiplier_load = load i3 %conv1_multiplier_addr" [cnn_hls.cpp:85]   --->   Operation 219 'load' 'conv1_multiplier_load' <Predicate = true> <Delay = 2.32> <CoreInst = "ROM">   --->   Core 94 'ROM' <Latency = 1> <II = 1> <Delay = 2.32> <Storage> <Opcode : 'load'> <Ports = 0> <Width = 30> <Depth = 8> <ROM>
ST_12 : Operation 220 [1/1] (0.00ns)   --->   "%conv1_shift_addr = getelementptr i6 %conv1_shift, i64 0, i64 %zext_ln69" [cnn_hls.cpp:85]   --->   Operation 220 'getelementptr' 'conv1_shift_addr' <Predicate = true> <Delay = 0.00>
ST_12 : Operation 221 [2/2] (2.32ns)   --->   "%conv1_shift_load = load i3 %conv1_shift_addr" [cnn_hls.cpp:85]   --->   Operation 221 'load' 'conv1_shift_load' <Predicate = true> <Delay = 2.32> <CoreInst = "ROM">   --->   Core 94 'ROM' <Latency = 1> <II = 1> <Delay = 2.32> <Storage> <Opcode : 'load'> <Ports = 0> <Width = 6> <Depth = 8> <ROM>

State 13 <SV = 12> <Delay = 9.33>
ST_13 : Operation 222 [1/2] ( I:2.32ns O:2.32ns )   --->   "%acc = load i3 %conv1_bias_addr" [cnn_hls.cpp:71]   --->   Operation 222 'load' 'acc' <Predicate = true> <Delay = 2.32> <CoreInst = "ROM">   --->   Core 94 'ROM' <Latency = 1> <II = 1> <Delay = 2.32> <Storage> <Opcode : 'load'> <Ports = 0> <Width = 13> <Depth = 8> <ROM>
ST_13 : Operation 223 [1/1] (0.00ns)   --->   "%sext_ln79_3 = sext i8 %tmp_3" [cnn_hls.cpp:79]   --->   Operation 223 'sext' 'sext_ln79_3' <Predicate = (icmp_ln77)> <Delay = 0.00>
ST_13 : Operation 224 [1/1] (1.91ns)   --->   "%x = add i9 %sext_ln79_3, i9 408" [cnn_hls.cpp:79]   --->   Operation 224 'add' 'x' <Predicate = (icmp_ln77)> <Delay = 1.91> <CoreInst = "Adder">   --->   Core 1 'Adder' <Latency = 0> <II = 1> <Delay = 1.82> <FuncUnit> <Opcode : 'add' 'sub'> <InPorts = 2> <OutPorts = 1>
ST_13 : Operation 225 [1/1] (0.96ns)   --->   "%x_1 = select i1 %icmp_ln77, i9 %x, i9 0" [cnn_hls.cpp:77]   --->   Operation 225 'select' 'x_1' <Predicate = true> <Delay = 0.96> <CoreInst = "Sel">   --->   Core 73 'Sel' <Latency = 0> <II = 1> <Delay = 0.96> <FuncUnit> <Opcode : 'select'> <InPorts = 3> <OutPorts = 1>
ST_13 : Operation 226 [1/1] (0.00ns)   --->   "%sext_ln75 = sext i9 %x_1" [cnn_hls.cpp:75]   --->   Operation 226 'sext' 'sext_ln75' <Predicate = true> <Delay = 0.00>
ST_13 : Operation 227 [1/2] ( I:2.32ns O:2.32ns )   --->   "%p_ZL12conv1_weight_0_load = load i3 %p_ZL12conv1_weight_0_addr" [cnn_hls.cpp:82]   --->   Operation 227 'load' 'p_ZL12conv1_weight_0_load' <Predicate = true> <Delay = 2.32> <CoreInst = "ROM">   --->   Core 94 'ROM' <Latency = 1> <II = 1> <Delay = 2.32> <Storage> <Opcode : 'load'> <Ports = 0> <Width = 8> <Depth = 8> <ROM>
ST_13 : Operation 228 [1/1] (0.00ns)   --->   "%sext_ln82 = sext i8 %p_ZL12conv1_weight_0_load" [cnn_hls.cpp:82]   --->   Operation 228 'sext' 'sext_ln82' <Predicate = true> <Delay = 0.00>
ST_13 : Operation 229 [1/1] (4.35ns)   --->   "%mul_ln82 = mul i17 %sext_ln75, i17 %sext_ln82" [cnn_hls.cpp:82]   --->   Operation 229 'mul' 'mul_ln82' <Predicate = true> <Delay = 4.35> <CoreInst = "Multiplier">   --->   Core 3 'Multiplier' <Latency = 0> <II = 1> <Delay = 4.35> <FuncUnit> <Opcode : 'mul'> <InPorts = 2> <OutPorts = 1>
ST_13 : Operation 230 [1/3] (0.00ns) (grouped into DSP with root node add_ln82_2)   --->   "%mul_ln82_1 = mul i17 %sext_ln85, i17 %sext_ln82_1" [cnn_hls.cpp:82]   --->   Operation 230 'mul' 'mul_ln82_1' <Predicate = true> <Delay = 0.00> <CoreInst = "DSP48">   --->   Core 116 'DSP48' <Latency = 3> <II = 1> <Delay = 2.15> <IPBlock> <Opcode : 'add' 'sub' 'mul' 'select'> <InPorts = 0> <OutPorts = 1> <Sync> <CReg>
ST_13 : Operation 231 [2/3] (1.05ns) (grouped into DSP with root node add_ln82_3)   --->   "%mul_ln82_2 = mul i17 %sext_ln79_1, i17 %sext_ln75_3" [cnn_hls.cpp:82]   --->   Operation 231 'mul' 'mul_ln82_2' <Predicate = true> <Delay = 1.05> <CoreInst = "DSP48">   --->   Core 116 'DSP48' <Latency = 3> <II = 1> <Delay = 2.15> <IPBlock> <Opcode : 'add' 'sub' 'mul' 'select'> <InPorts = 0> <OutPorts = 1> <Sync> <CReg>
ST_13 : Operation 232 [1/3] (0.00ns) (grouped into DSP with root node add_ln82)   --->   "%mul_ln82_3 = mul i17 %sext_ln75_1, i17 %sext_ln75_2" [cnn_hls.cpp:82]   --->   Operation 232 'mul' 'mul_ln82_3' <Predicate = true> <Delay = 0.00> <CoreInst = "DSP48">   --->   Core 116 'DSP48' <Latency = 3> <II = 1> <Delay = 2.15> <IPBlock> <Opcode : 'add' 'sub' 'mul' 'select'> <InPorts = 0> <OutPorts = 1> <Sync> <CReg>
ST_13 : Operation 233 [1/1] (0.00ns)   --->   "%sext_ln79_5 = sext i8 %tmp_5" [cnn_hls.cpp:79]   --->   Operation 233 'sext' 'sext_ln79_5' <Predicate = (icmp_ln77_2)> <Delay = 0.00>
ST_13 : Operation 234 [1/1] (1.91ns)   --->   "%x_47 = add i9 %sext_ln79_5, i9 408" [cnn_hls.cpp:79]   --->   Operation 234 'add' 'x_47' <Predicate = (icmp_ln77_2)> <Delay = 1.91> <CoreInst = "Adder">   --->   Core 1 'Adder' <Latency = 0> <II = 1> <Delay = 1.82> <FuncUnit> <Opcode : 'add' 'sub'> <InPorts = 2> <OutPorts = 1>
ST_13 : Operation 235 [1/1] (0.96ns)   --->   "%x_7 = select i1 %icmp_ln77_2, i9 %x_47, i9 0" [cnn_hls.cpp:77]   --->   Operation 235 'select' 'x_7' <Predicate = true> <Delay = 0.96> <CoreInst = "Sel">   --->   Core 73 'Sel' <Latency = 0> <II = 1> <Delay = 0.96> <FuncUnit> <Opcode : 'select'> <InPorts = 3> <OutPorts = 1>
ST_13 : Operation 236 [1/1] (0.00ns)   --->   "%sext_ln75_4 = sext i9 %x_7" [cnn_hls.cpp:75]   --->   Operation 236 'sext' 'sext_ln75_4' <Predicate = true> <Delay = 0.00>
ST_13 : Operation 237 [1/2] ( I:2.32ns O:2.32ns )   --->   "%p_ZL12conv1_weight_4_load = load i3 %p_ZL12conv1_weight_4_addr" [cnn_hls.cpp:82]   --->   Operation 237 'load' 'p_ZL12conv1_weight_4_load' <Predicate = true> <Delay = 2.32> <CoreInst = "ROM">   --->   Core 94 'ROM' <Latency = 1> <II = 1> <Delay = 2.32> <Storage> <Opcode : 'load'> <Ports = 0> <Width = 8> <Depth = 8> <ROM>
ST_13 : Operation 238 [1/1] (0.00ns)   --->   "%sext_ln82_3 = sext i8 %p_ZL12conv1_weight_4_load" [cnn_hls.cpp:82]   --->   Operation 238 'sext' 'sext_ln82_3' <Predicate = true> <Delay = 0.00>
ST_13 : Operation 239 [1/1] (4.35ns)   --->   "%mul_ln82_4 = mul i17 %sext_ln75_4, i17 %sext_ln82_3" [cnn_hls.cpp:82]   --->   Operation 239 'mul' 'mul_ln82_4' <Predicate = true> <Delay = 4.35> <CoreInst = "Multiplier">   --->   Core 3 'Multiplier' <Latency = 0> <II = 1> <Delay = 4.35> <FuncUnit> <Opcode : 'mul'> <InPorts = 2> <OutPorts = 1>
ST_13 : Operation 240 [2/2] (2.10ns) (root node of the DSP)   --->   "%add_ln82 = add i17 %mul_ln82, i17 %mul_ln82_3" [cnn_hls.cpp:82]   --->   Operation 240 'add' 'add_ln82' <Predicate = true> <Delay = 2.10> <CoreInst = "DSP48">   --->   Core 116 'DSP48' <Latency = 3> <II = 1> <Delay = 2.15> <IPBlock> <Opcode : 'add' 'sub' 'mul' 'select'> <InPorts = 0> <OutPorts = 1> <Sync> <CReg>
ST_13 : Operation 241 [2/2] (2.10ns) (root node of the DSP)   --->   "%add_ln82_2 = add i17 %mul_ln82_1, i17 %mul_ln82_4" [cnn_hls.cpp:82]   --->   Operation 241 'add' 'add_ln82_2' <Predicate = true> <Delay = 2.10> <CoreInst = "DSP48">   --->   Core 116 'DSP48' <Latency = 3> <II = 1> <Delay = 2.15> <IPBlock> <Opcode : 'add' 'sub' 'mul' 'select'> <InPorts = 0> <OutPorts = 1> <Sync> <CReg>
ST_13 : Operation 242 [1/2] ( I:2.32ns O:2.32ns )   --->   "%conv1_multiplier_load = load i3 %conv1_multiplier_addr" [cnn_hls.cpp:85]   --->   Operation 242 'load' 'conv1_multiplier_load' <Predicate = true> <Delay = 2.32> <CoreInst = "ROM">   --->   Core 94 'ROM' <Latency = 1> <II = 1> <Delay = 2.32> <Storage> <Opcode : 'load'> <Ports = 0> <Width = 30> <Depth = 8> <ROM>
ST_13 : Operation 243 [1/2] ( I:2.32ns O:2.32ns )   --->   "%conv1_shift_load = load i3 %conv1_shift_addr" [cnn_hls.cpp:85]   --->   Operation 243 'load' 'conv1_shift_load' <Predicate = true> <Delay = 2.32> <CoreInst = "ROM">   --->   Core 94 'ROM' <Latency = 1> <II = 1> <Delay = 2.32> <Storage> <Opcode : 'load'> <Ports = 0> <Width = 6> <Depth = 8> <ROM>

State 14 <SV = 13> <Delay = 4.20>
ST_14 : Operation 244 [1/1] (0.00ns)   --->   "%sext_ln71 = sext i13 %acc" [cnn_hls.cpp:71]   --->   Operation 244 'sext' 'sext_ln71' <Predicate = true> <Delay = 0.00>
ST_14 : Operation 245 [1/3] (0.00ns) (grouped into DSP with root node add_ln82_3)   --->   "%mul_ln82_2 = mul i17 %sext_ln79_1, i17 %sext_ln75_3" [cnn_hls.cpp:82]   --->   Operation 245 'mul' 'mul_ln82_2' <Predicate = true> <Delay = 0.00> <CoreInst = "DSP48">   --->   Core 116 'DSP48' <Latency = 3> <II = 1> <Delay = 2.15> <IPBlock> <Opcode : 'add' 'sub' 'mul' 'select'> <InPorts = 0> <OutPorts = 1> <Sync> <CReg>
ST_14 : Operation 246 [1/1] (0.00ns) (grouped into DSP with root node add_ln82_3)   --->   "%sext_ln82_2 = sext i17 %mul_ln82_2" [cnn_hls.cpp:82]   --->   Operation 246 'sext' 'sext_ln82_2' <Predicate = true> <Delay = 0.00>
ST_14 : Operation 247 [1/2] (2.10ns) (root node of the DSP)   --->   "%add_ln82 = add i17 %mul_ln82, i17 %mul_ln82_3" [cnn_hls.cpp:82]   --->   Operation 247 'add' 'add_ln82' <Predicate = true> <Delay = 2.10> <CoreInst = "DSP48">   --->   Core 116 'DSP48' <Latency = 3> <II = 1> <Delay = 2.15> <IPBlock> <Opcode : 'add' 'sub' 'mul' 'select'> <InPorts = 0> <OutPorts = 1> <Sync> <CReg>
ST_14 : Operation 248 [1/1] (2.10ns)   --->   "%add_ln82_1 = add i17 %add_ln82, i17 %sext_ln71" [cnn_hls.cpp:82]   --->   Operation 248 'add' 'add_ln82_1' <Predicate = true> <Delay = 2.10> <CoreInst = "Adder">   --->   Core 1 'Adder' <Latency = 0> <II = 1> <Delay = 2.10> <FuncUnit> <Opcode : 'add' 'sub'> <InPorts = 2> <OutPorts = 1>
ST_14 : Operation 249 [1/2] (2.10ns) (root node of the DSP)   --->   "%add_ln82_2 = add i17 %mul_ln82_1, i17 %mul_ln82_4" [cnn_hls.cpp:82]   --->   Operation 249 'add' 'add_ln82_2' <Predicate = true> <Delay = 2.10> <CoreInst = "DSP48">   --->   Core 116 'DSP48' <Latency = 3> <II = 1> <Delay = 2.15> <IPBlock> <Opcode : 'add' 'sub' 'mul' 'select'> <InPorts = 0> <OutPorts = 1> <Sync> <CReg>
ST_14 : Operation 250 [1/1] (0.00ns)   --->   "%sext_ln82_5 = sext i17 %add_ln82_2" [cnn_hls.cpp:82]   --->   Operation 250 'sext' 'sext_ln82_5' <Predicate = true> <Delay = 0.00>
ST_14 : Operation 251 [2/2] (2.10ns) (root node of the DSP)   --->   "%add_ln82_3 = add i18 %sext_ln82_5, i18 %sext_ln82_2" [cnn_hls.cpp:82]   --->   Operation 251 'add' 'add_ln82_3' <Predicate = true> <Delay = 2.10> <CoreInst = "DSP48">   --->   Core 116 'DSP48' <Latency = 3> <II = 1> <Delay = 2.15> <IPBlock> <Opcode : 'add' 'sub' 'mul' 'select'> <InPorts = 0> <OutPorts = 1> <Sync> <CReg>

State 15 <SV = 14> <Delay = 12.2>
ST_15 : Operation 252 [1/1] (0.00ns)   --->   "%sext_ln82_4 = sext i17 %add_ln82_1" [cnn_hls.cpp:82]   --->   Operation 252 'sext' 'sext_ln82_4' <Predicate = true> <Delay = 0.00>
ST_15 : Operation 253 [1/2] (2.10ns) (root node of the DSP)   --->   "%add_ln82_3 = add i18 %sext_ln82_5, i18 %sext_ln82_2" [cnn_hls.cpp:82]   --->   Operation 253 'add' 'add_ln82_3' <Predicate = true> <Delay = 2.10> <CoreInst = "DSP48">   --->   Core 116 'DSP48' <Latency = 3> <II = 1> <Delay = 2.15> <IPBlock> <Opcode : 'add' 'sub' 'mul' 'select'> <InPorts = 0> <OutPorts = 1> <Sync> <CReg>
ST_15 : Operation 254 [1/1] (0.00ns)   --->   "%sext_ln82_6 = sext i18 %add_ln82_3" [cnn_hls.cpp:82]   --->   Operation 254 'sext' 'sext_ln82_6' <Predicate = true> <Delay = 0.00>
ST_15 : Operation 255 [1/1] (2.13ns)   --->   "%acc_2 = add i19 %sext_ln82_6, i19 %sext_ln82_4" [cnn_hls.cpp:82]   --->   Operation 255 'add' 'acc_2' <Predicate = true> <Delay = 2.13> <CoreInst = "Adder">   --->   Core 1 'Adder' <Latency = 0> <II = 1> <Delay = 2.16> <FuncUnit> <Opcode : 'add' 'sub'> <InPorts = 2> <OutPorts = 1>
ST_15 : Operation 256 [1/1] (0.00ns)   --->   "%sext_ln6 = sext i19 %acc_2" [cnn_hls.cpp:6->cnn_hls.cpp:85]   --->   Operation 256 'sext' 'sext_ln6' <Predicate = true> <Delay = 0.00>
ST_15 : Operation 257 [1/1] (0.00ns)   --->   "%zext_ln6 = zext i30 %conv1_multiplier_load" [cnn_hls.cpp:6->cnn_hls.cpp:85]   --->   Operation 257 'zext' 'zext_ln6' <Predicate = true> <Delay = 0.00>
ST_15 : Operation 258 [1/1] (7.97ns)   --->   "%acc64 = mul i49 %sext_ln6, i49 %zext_ln6" [cnn_hls.cpp:6->cnn_hls.cpp:85]   --->   Operation 258 'mul' 'acc64' <Predicate = true> <Delay = 7.97> <CoreInst = "Multiplier">   --->   Core 3 'Multiplier' <Latency = 0> <II = 1> <Delay = 7.97> <FuncUnit> <Opcode : 'mul'> <InPorts = 2> <OutPorts = 1>
ST_15 : Operation 259 [1/1] (1.82ns)   --->   "%add_ln10 = add i6 %conv1_shift_load, i6 63" [cnn_hls.cpp:10->cnn_hls.cpp:85]   --->   Operation 259 'add' 'add_ln10' <Predicate = true> <Delay = 1.82> <CoreInst = "Adder">   --->   Core 1 'Adder' <Latency = 0> <II = 1> <Delay = 1.82> <FuncUnit> <Opcode : 'add' 'sub'> <InPorts = 2> <OutPorts = 1>
ST_15 : Operation 260 [1/1] (0.00ns)   --->   "%zext_ln10 = zext i6 %add_ln10" [cnn_hls.cpp:10->cnn_hls.cpp:85]   --->   Operation 260 'zext' 'zext_ln10' <Predicate = true> <Delay = 0.00>
ST_15 : Operation 261 [1/1] (2.94ns)   --->   "%shl_ln10 = shl i37 1, i37 %zext_ln10" [cnn_hls.cpp:10->cnn_hls.cpp:85]   --->   Operation 261 'shl' 'shl_ln10' <Predicate = true> <Delay = 2.94> <CoreInst = "Shifter">   --->   Core 75 'Shifter' <Latency = 0> <II = 1> <Delay = 4.55> <FuncUnit> <Opcode : 'shl' 'lshr' 'ashr'> <InPorts = 2> <OutPorts = 1>
ST_15 : Operation 397 [1/1] (1.58ns)   --->   "%ret_ln0 = ret"   --->   Operation 397 'ret' 'ret_ln0' <Predicate = (icmp_ln68)> <Delay = 1.58>

State 16 <SV = 15> <Delay = 13.5>
ST_16 : Operation 262 [1/1] (0.00ns)   --->   "%specloopname_ln0 = specloopname void @_ssdm_op_SpecLoopName, void @VITIS_LOOP_68_2_VITIS_LOOP_69_3_str"   --->   Operation 262 'specloopname' 'specloopname_ln0' <Predicate = true> <Delay = 0.00>
ST_16 : Operation 263 [1/1] (0.00ns)   --->   "%speclooptripcount_ln0 = speclooptripcount void @_ssdm_op_SpecLoopTripCount, i64 360, i64 360, i64 360"   --->   Operation 263 'speclooptripcount' 'speclooptripcount_ln0' <Predicate = true> <Delay = 0.00>
ST_16 : Operation 264 [1/1] (0.00ns)   --->   "%zext_ln68_1 = zext i4 %tmp" [cnn_hls.cpp:68]   --->   Operation 264 'zext' 'zext_ln68_1' <Predicate = true> <Delay = 0.00>
ST_16 : Operation 265 [1/1] (0.00ns)   --->   "%buffer_c1_addr = getelementptr i7 %buffer_c1, i64 0, i64 %zext_ln68_1" [cnn_hls.cpp:85]   --->   Operation 265 'getelementptr' 'buffer_c1_addr' <Predicate = true> <Delay = 0.00>
ST_16 : Operation 266 [1/1] (0.00ns)   --->   "%buffer_c1_1_addr = getelementptr i7 %buffer_c1_1, i64 0, i64 %zext_ln68_1" [cnn_hls.cpp:85]   --->   Operation 266 'getelementptr' 'buffer_c1_1_addr' <Predicate = true> <Delay = 0.00>
ST_16 : Operation 267 [1/1] (0.00ns)   --->   "%buffer_c1_2_addr = getelementptr i7 %buffer_c1_2, i64 0, i64 %zext_ln68_1" [cnn_hls.cpp:85]   --->   Operation 267 'getelementptr' 'buffer_c1_2_addr' <Predicate = true> <Delay = 0.00>
ST_16 : Operation 268 [1/1] (0.00ns)   --->   "%buffer_c1_3_addr = getelementptr i7 %buffer_c1_3, i64 0, i64 %zext_ln68_1" [cnn_hls.cpp:85]   --->   Operation 268 'getelementptr' 'buffer_c1_3_addr' <Predicate = true> <Delay = 0.00>
ST_16 : Operation 269 [1/1] (0.00ns)   --->   "%buffer_c1_4_addr = getelementptr i7 %buffer_c1_4, i64 0, i64 %zext_ln68_1" [cnn_hls.cpp:85]   --->   Operation 269 'getelementptr' 'buffer_c1_4_addr' <Predicate = true> <Delay = 0.00>
ST_16 : Operation 270 [1/1] (0.00ns)   --->   "%buffer_c1_5_addr = getelementptr i7 %buffer_c1_5, i64 0, i64 %zext_ln68_1" [cnn_hls.cpp:85]   --->   Operation 270 'getelementptr' 'buffer_c1_5_addr' <Predicate = true> <Delay = 0.00>
ST_16 : Operation 271 [1/1] (0.00ns)   --->   "%buffer_c1_6_addr = getelementptr i7 %buffer_c1_6, i64 0, i64 %zext_ln68_1" [cnn_hls.cpp:85]   --->   Operation 271 'getelementptr' 'buffer_c1_6_addr' <Predicate = true> <Delay = 0.00>
ST_16 : Operation 272 [1/1] (0.00ns)   --->   "%buffer_c1_7_addr = getelementptr i7 %buffer_c1_7, i64 0, i64 %zext_ln68_1" [cnn_hls.cpp:85]   --->   Operation 272 'getelementptr' 'buffer_c1_7_addr' <Predicate = true> <Delay = 0.00>
ST_16 : Operation 273 [1/1] (0.00ns)   --->   "%buffer_c1_8_addr = getelementptr i7 %buffer_c1_8, i64 0, i64 %zext_ln68_1" [cnn_hls.cpp:85]   --->   Operation 273 'getelementptr' 'buffer_c1_8_addr' <Predicate = true> <Delay = 0.00>
ST_16 : Operation 274 [1/1] (0.00ns)   --->   "%buffer_c1_9_addr = getelementptr i7 %buffer_c1_9, i64 0, i64 %zext_ln68_1" [cnn_hls.cpp:85]   --->   Operation 274 'getelementptr' 'buffer_c1_9_addr' <Predicate = true> <Delay = 0.00>
ST_16 : Operation 275 [1/1] (0.00ns)   --->   "%buffer_c1_10_addr = getelementptr i7 %buffer_c1_10, i64 0, i64 %zext_ln68_1" [cnn_hls.cpp:85]   --->   Operation 275 'getelementptr' 'buffer_c1_10_addr' <Predicate = true> <Delay = 0.00>
ST_16 : Operation 276 [1/1] (0.00ns)   --->   "%buffer_c1_11_addr = getelementptr i7 %buffer_c1_11, i64 0, i64 %zext_ln68_1" [cnn_hls.cpp:85]   --->   Operation 276 'getelementptr' 'buffer_c1_11_addr' <Predicate = true> <Delay = 0.00>
ST_16 : Operation 277 [1/1] (0.00ns)   --->   "%buffer_c1_12_addr = getelementptr i7 %buffer_c1_12, i64 0, i64 %zext_ln68_1" [cnn_hls.cpp:85]   --->   Operation 277 'getelementptr' 'buffer_c1_12_addr' <Predicate = true> <Delay = 0.00>
ST_16 : Operation 278 [1/1] (0.00ns)   --->   "%buffer_c1_13_addr = getelementptr i7 %buffer_c1_13, i64 0, i64 %zext_ln68_1" [cnn_hls.cpp:85]   --->   Operation 278 'getelementptr' 'buffer_c1_13_addr' <Predicate = true> <Delay = 0.00>
ST_16 : Operation 279 [1/1] (0.00ns)   --->   "%buffer_c1_14_addr = getelementptr i7 %buffer_c1_14, i64 0, i64 %zext_ln68_1" [cnn_hls.cpp:85]   --->   Operation 279 'getelementptr' 'buffer_c1_14_addr' <Predicate = true> <Delay = 0.00>
ST_16 : Operation 280 [1/1] (0.00ns)   --->   "%buffer_c1_15_addr = getelementptr i7 %buffer_c1_15, i64 0, i64 %zext_ln68_1" [cnn_hls.cpp:85]   --->   Operation 280 'getelementptr' 'buffer_c1_15_addr' <Predicate = true> <Delay = 0.00>
ST_16 : Operation 281 [1/1] (0.00ns)   --->   "%buffer_c1_16_addr = getelementptr i7 %buffer_c1_16, i64 0, i64 %zext_ln68_1" [cnn_hls.cpp:85]   --->   Operation 281 'getelementptr' 'buffer_c1_16_addr' <Predicate = true> <Delay = 0.00>
ST_16 : Operation 282 [1/1] (0.00ns)   --->   "%buffer_c1_17_addr = getelementptr i7 %buffer_c1_17, i64 0, i64 %zext_ln68_1" [cnn_hls.cpp:85]   --->   Operation 282 'getelementptr' 'buffer_c1_17_addr' <Predicate = true> <Delay = 0.00>
ST_16 : Operation 283 [1/1] (0.00ns)   --->   "%buffer_c1_18_addr = getelementptr i7 %buffer_c1_18, i64 0, i64 %zext_ln68_1" [cnn_hls.cpp:85]   --->   Operation 283 'getelementptr' 'buffer_c1_18_addr' <Predicate = true> <Delay = 0.00>
ST_16 : Operation 284 [1/1] (0.00ns)   --->   "%buffer_c1_19_addr = getelementptr i7 %buffer_c1_19, i64 0, i64 %zext_ln68_1" [cnn_hls.cpp:85]   --->   Operation 284 'getelementptr' 'buffer_c1_19_addr' <Predicate = true> <Delay = 0.00>
ST_16 : Operation 285 [1/1] (0.00ns)   --->   "%buffer_c1_20_addr = getelementptr i7 %buffer_c1_20, i64 0, i64 %zext_ln68_1" [cnn_hls.cpp:85]   --->   Operation 285 'getelementptr' 'buffer_c1_20_addr' <Predicate = true> <Delay = 0.00>
ST_16 : Operation 286 [1/1] (0.00ns)   --->   "%buffer_c1_21_addr = getelementptr i7 %buffer_c1_21, i64 0, i64 %zext_ln68_1" [cnn_hls.cpp:85]   --->   Operation 286 'getelementptr' 'buffer_c1_21_addr' <Predicate = true> <Delay = 0.00>
ST_16 : Operation 287 [1/1] (0.00ns)   --->   "%buffer_c1_22_addr = getelementptr i7 %buffer_c1_22, i64 0, i64 %zext_ln68_1" [cnn_hls.cpp:85]   --->   Operation 287 'getelementptr' 'buffer_c1_22_addr' <Predicate = true> <Delay = 0.00>
ST_16 : Operation 288 [1/1] (0.00ns)   --->   "%buffer_c1_23_addr = getelementptr i7 %buffer_c1_23, i64 0, i64 %zext_ln68_1" [cnn_hls.cpp:85]   --->   Operation 288 'getelementptr' 'buffer_c1_23_addr' <Predicate = true> <Delay = 0.00>
ST_16 : Operation 289 [1/1] (0.00ns)   --->   "%buffer_c1_24_addr = getelementptr i7 %buffer_c1_24, i64 0, i64 %zext_ln68_1" [cnn_hls.cpp:85]   --->   Operation 289 'getelementptr' 'buffer_c1_24_addr' <Predicate = true> <Delay = 0.00>
ST_16 : Operation 290 [1/1] (0.00ns)   --->   "%buffer_c1_25_addr = getelementptr i7 %buffer_c1_25, i64 0, i64 %zext_ln68_1" [cnn_hls.cpp:85]   --->   Operation 290 'getelementptr' 'buffer_c1_25_addr' <Predicate = true> <Delay = 0.00>
ST_16 : Operation 291 [1/1] (0.00ns)   --->   "%buffer_c1_26_addr = getelementptr i7 %buffer_c1_26, i64 0, i64 %zext_ln68_1" [cnn_hls.cpp:85]   --->   Operation 291 'getelementptr' 'buffer_c1_26_addr' <Predicate = true> <Delay = 0.00>
ST_16 : Operation 292 [1/1] (0.00ns)   --->   "%buffer_c1_27_addr = getelementptr i7 %buffer_c1_27, i64 0, i64 %zext_ln68_1" [cnn_hls.cpp:85]   --->   Operation 292 'getelementptr' 'buffer_c1_27_addr' <Predicate = true> <Delay = 0.00>
ST_16 : Operation 293 [1/1] (0.00ns)   --->   "%buffer_c1_28_addr = getelementptr i7 %buffer_c1_28, i64 0, i64 %zext_ln68_1" [cnn_hls.cpp:85]   --->   Operation 293 'getelementptr' 'buffer_c1_28_addr' <Predicate = true> <Delay = 0.00>
ST_16 : Operation 294 [1/1] (0.00ns)   --->   "%buffer_c1_29_addr = getelementptr i7 %buffer_c1_29, i64 0, i64 %zext_ln68_1" [cnn_hls.cpp:85]   --->   Operation 294 'getelementptr' 'buffer_c1_29_addr' <Predicate = true> <Delay = 0.00>
ST_16 : Operation 295 [1/1] (0.00ns)   --->   "%buffer_c1_30_addr = getelementptr i7 %buffer_c1_30, i64 0, i64 %zext_ln68_1" [cnn_hls.cpp:85]   --->   Operation 295 'getelementptr' 'buffer_c1_30_addr' <Predicate = true> <Delay = 0.00>
ST_16 : Operation 296 [1/1] (0.00ns)   --->   "%buffer_c1_31_addr = getelementptr i7 %buffer_c1_31, i64 0, i64 %zext_ln68_1" [cnn_hls.cpp:85]   --->   Operation 296 'getelementptr' 'buffer_c1_31_addr' <Predicate = true> <Delay = 0.00>
ST_16 : Operation 297 [1/1] (0.00ns)   --->   "%buffer_c1_32_addr = getelementptr i7 %buffer_c1_32, i64 0, i64 %zext_ln68_1" [cnn_hls.cpp:85]   --->   Operation 297 'getelementptr' 'buffer_c1_32_addr' <Predicate = true> <Delay = 0.00>
ST_16 : Operation 298 [1/1] (0.00ns)   --->   "%buffer_c1_33_addr = getelementptr i7 %buffer_c1_33, i64 0, i64 %zext_ln68_1" [cnn_hls.cpp:85]   --->   Operation 298 'getelementptr' 'buffer_c1_33_addr' <Predicate = true> <Delay = 0.00>
ST_16 : Operation 299 [1/1] (0.00ns)   --->   "%buffer_c1_34_addr = getelementptr i7 %buffer_c1_34, i64 0, i64 %zext_ln68_1" [cnn_hls.cpp:85]   --->   Operation 299 'getelementptr' 'buffer_c1_34_addr' <Predicate = true> <Delay = 0.00>
ST_16 : Operation 300 [1/1] (0.00ns)   --->   "%buffer_c1_35_addr = getelementptr i7 %buffer_c1_35, i64 0, i64 %zext_ln68_1" [cnn_hls.cpp:85]   --->   Operation 300 'getelementptr' 'buffer_c1_35_addr' <Predicate = true> <Delay = 0.00>
ST_16 : Operation 301 [1/1] (0.00ns)   --->   "%buffer_c1_36_addr = getelementptr i7 %buffer_c1_36, i64 0, i64 %zext_ln68_1" [cnn_hls.cpp:85]   --->   Operation 301 'getelementptr' 'buffer_c1_36_addr' <Predicate = true> <Delay = 0.00>
ST_16 : Operation 302 [1/1] (0.00ns)   --->   "%buffer_c1_37_addr = getelementptr i7 %buffer_c1_37, i64 0, i64 %zext_ln68_1" [cnn_hls.cpp:85]   --->   Operation 302 'getelementptr' 'buffer_c1_37_addr' <Predicate = true> <Delay = 0.00>
ST_16 : Operation 303 [1/1] (0.00ns)   --->   "%buffer_c1_38_addr = getelementptr i7 %buffer_c1_38, i64 0, i64 %zext_ln68_1" [cnn_hls.cpp:85]   --->   Operation 303 'getelementptr' 'buffer_c1_38_addr' <Predicate = true> <Delay = 0.00>
ST_16 : Operation 304 [1/1] (0.00ns)   --->   "%buffer_c1_39_addr = getelementptr i7 %buffer_c1_39, i64 0, i64 %zext_ln68_1" [cnn_hls.cpp:85]   --->   Operation 304 'getelementptr' 'buffer_c1_39_addr' <Predicate = true> <Delay = 0.00>
ST_16 : Operation 305 [1/1] (0.00ns)   --->   "%specpipeline_ln70 = specpipeline void @_ssdm_op_SpecPipeline, i32 1, i32 0, i32 0, i32 0, i32 4294967295, void @empty_4" [cnn_hls.cpp:70]   --->   Operation 305 'specpipeline' 'specpipeline_ln70' <Predicate = true> <Delay = 0.00>
ST_16 : Operation 306 [1/1] (0.00ns)   --->   "%zext_ln10_1 = zext i37 %shl_ln10" [cnn_hls.cpp:10->cnn_hls.cpp:85]   --->   Operation 306 'zext' 'zext_ln10_1' <Predicate = true> <Delay = 0.00>
ST_16 : Operation 307 [1/1] (3.13ns)   --->   "%acc64_2 = add i49 %zext_ln10_1, i49 %acc64" [cnn_hls.cpp:10->cnn_hls.cpp:85]   --->   Operation 307 'add' 'acc64_2' <Predicate = true> <Delay = 3.13> <CoreInst = "Adder">   --->   Core 1 'Adder' <Latency = 0> <II = 1> <Delay = 3.13> <FuncUnit> <Opcode : 'add' 'sub'> <InPorts = 2> <OutPorts = 1>
ST_16 : Operation 308 [1/1] (0.00ns)   --->   "%zext_ln13 = zext i6 %conv1_shift_load" [cnn_hls.cpp:13->cnn_hls.cpp:85]   --->   Operation 308 'zext' 'zext_ln13' <Predicate = true> <Delay = 0.00>
ST_16 : Operation 309 [1/1] (4.62ns)   --->   "%res = ashr i49 %acc64_2, i49 %zext_ln13" [cnn_hls.cpp:13->cnn_hls.cpp:85]   --->   Operation 309 'ashr' 'res' <Predicate = true> <Delay = 4.62> <CoreInst = "Shifter">   --->   Core 75 'Shifter' <Latency = 0> <II = 1> <Delay = 4.62> <FuncUnit> <Opcode : 'shl' 'lshr' 'ashr'> <InPorts = 2> <OutPorts = 1>
ST_16 : Operation 310 [1/1] (0.00ns)   --->   "%trunc_ln13 = trunc i49 %res" [cnn_hls.cpp:13->cnn_hls.cpp:85]   --->   Operation 310 'trunc' 'trunc_ln13' <Predicate = true> <Delay = 0.00>
ST_16 : Operation 311 [1/1] (0.00ns)   --->   "%tmp_13 = bitselect i1 @_ssdm_op_BitSelect.i1.i49.i32, i49 %res, i32 13" [cnn_hls.cpp:17->cnn_hls.cpp:85]   --->   Operation 311 'bitselect' 'tmp_13' <Predicate = true> <Delay = 0.00>
ST_16 : Operation 312 [1/1] (0.69ns)   --->   "%res_2 = select i1 %tmp_13, i13 0, i13 %trunc_ln13" [cnn_hls.cpp:17->cnn_hls.cpp:85]   --->   Operation 312 'select' 'res_2' <Predicate = true> <Delay = 0.69> <CoreInst = "Sel">   --->   Core 73 'Sel' <Latency = 0> <II = 1> <Delay = 0.69> <FuncUnit> <Opcode : 'select'> <InPorts = 3> <OutPorts = 1>
ST_16 : Operation 313 [1/1] (0.00ns)   --->   "%tmp_14 = partselect i6 @_ssdm_op_PartSelect.i6.i13.i32.i32, i13 %res_2, i32 7, i32 12" [cnn_hls.cpp:20->cnn_hls.cpp:85]   --->   Operation 313 'partselect' 'tmp_14' <Predicate = true> <Delay = 0.00>
ST_16 : Operation 314 [1/1] (1.82ns)   --->   "%icmp_ln20 = icmp_ne  i6 %tmp_14, i6 0" [cnn_hls.cpp:20->cnn_hls.cpp:85]   --->   Operation 314 'icmp' 'icmp_ln20' <Predicate = true> <Delay = 1.82> <CoreInst = "Cmp">   --->   Core 9 'Cmp' <Latency = 0> <II = 1> <Delay = 1.82> <FuncUnit> <Opcode : 'seteq' 'setne' 'setle' 'setge' 'setlt' 'setgt'> <InPorts = 2> <OutPorts = 1>
ST_16 : Operation 315 [1/1] (0.00ns)   --->   "%trunc_ln22 = trunc i13 %res_2" [cnn_hls.cpp:22->cnn_hls.cpp:85]   --->   Operation 315 'trunc' 'trunc_ln22' <Predicate = true> <Delay = 0.00>
ST_16 : Operation 316 [1/1] (0.99ns)   --->   "%select_ln20 = select i1 %icmp_ln20, i7 127, i7 %trunc_ln22" [cnn_hls.cpp:20->cnn_hls.cpp:85]   --->   Operation 316 'select' 'select_ln20' <Predicate = true> <Delay = 0.99> <CoreInst = "Sel">   --->   Core 73 'Sel' <Latency = 0> <II = 1> <Delay = 0.99> <FuncUnit> <Opcode : 'select'> <InPorts = 3> <OutPorts = 1>
ST_16 : Operation 317 [1/1] ( I:2.32ns O:2.32ns )   --->   "%store_ln85 = store i7 %select_ln20, i4 %buffer_c1_33_addr" [cnn_hls.cpp:85]   --->   Operation 317 'store' 'store_ln85' <Predicate = (trunc_ln69 == 6 & trunc_ln68 == 3)> <Delay = 2.32> <CoreInst = "RAM">   --->   Core 81 'RAM' <Latency = 1> <II = 1> <Delay = 2.32> <Storage> <Opcode : 'load' 'store'> <Ports = 2> <Width = 7> <Depth = 9> <RAM>
ST_16 : Operation 318 [1/1] (0.00ns)   --->   "%br_ln85 = br void %arrayidx396_6.exit" [cnn_hls.cpp:85]   --->   Operation 318 'br' 'br_ln85' <Predicate = (trunc_ln69 == 6 & trunc_ln68 == 3)> <Delay = 0.00>
ST_16 : Operation 319 [1/1] ( I:2.32ns O:2.32ns )   --->   "%store_ln85 = store i7 %select_ln20, i4 %buffer_c1_32_addr" [cnn_hls.cpp:85]   --->   Operation 319 'store' 'store_ln85' <Predicate = (trunc_ln69 == 6 & trunc_ln68 == 2)> <Delay = 2.32> <CoreInst = "RAM">   --->   Core 81 'RAM' <Latency = 1> <II = 1> <Delay = 2.32> <Storage> <Opcode : 'load' 'store'> <Ports = 2> <Width = 7> <Depth = 9> <RAM>
ST_16 : Operation 320 [1/1] (0.00ns)   --->   "%br_ln85 = br void %arrayidx396_6.exit" [cnn_hls.cpp:85]   --->   Operation 320 'br' 'br_ln85' <Predicate = (trunc_ln69 == 6 & trunc_ln68 == 2)> <Delay = 0.00>
ST_16 : Operation 321 [1/1] ( I:2.32ns O:2.32ns )   --->   "%store_ln85 = store i7 %select_ln20, i4 %buffer_c1_31_addr" [cnn_hls.cpp:85]   --->   Operation 321 'store' 'store_ln85' <Predicate = (trunc_ln69 == 6 & trunc_ln68 == 1)> <Delay = 2.32> <CoreInst = "RAM">   --->   Core 81 'RAM' <Latency = 1> <II = 1> <Delay = 2.32> <Storage> <Opcode : 'load' 'store'> <Ports = 2> <Width = 7> <Depth = 9> <RAM>
ST_16 : Operation 322 [1/1] (0.00ns)   --->   "%br_ln85 = br void %arrayidx396_6.exit" [cnn_hls.cpp:85]   --->   Operation 322 'br' 'br_ln85' <Predicate = (trunc_ln69 == 6 & trunc_ln68 == 1)> <Delay = 0.00>
ST_16 : Operation 323 [1/1] ( I:2.32ns O:2.32ns )   --->   "%store_ln85 = store i7 %select_ln20, i4 %buffer_c1_30_addr" [cnn_hls.cpp:85]   --->   Operation 323 'store' 'store_ln85' <Predicate = (trunc_ln69 == 6 & trunc_ln68 == 0)> <Delay = 2.32> <CoreInst = "RAM">   --->   Core 81 'RAM' <Latency = 1> <II = 1> <Delay = 2.32> <Storage> <Opcode : 'load' 'store'> <Ports = 2> <Width = 7> <Depth = 9> <RAM>
ST_16 : Operation 324 [1/1] (0.00ns)   --->   "%br_ln85 = br void %arrayidx396_6.exit" [cnn_hls.cpp:85]   --->   Operation 324 'br' 'br_ln85' <Predicate = (trunc_ln69 == 6 & trunc_ln68 == 0)> <Delay = 0.00>
ST_16 : Operation 325 [1/1] ( I:2.32ns O:2.32ns )   --->   "%store_ln85 = store i7 %select_ln20, i4 %buffer_c1_34_addr" [cnn_hls.cpp:85]   --->   Operation 325 'store' 'store_ln85' <Predicate = (trunc_ln69 == 6 & trunc_ln68 != 0 & trunc_ln68 != 1 & trunc_ln68 != 2 & trunc_ln68 != 3)> <Delay = 2.32> <CoreInst = "RAM">   --->   Core 81 'RAM' <Latency = 1> <II = 1> <Delay = 2.32> <Storage> <Opcode : 'load' 'store'> <Ports = 2> <Width = 7> <Depth = 9> <RAM>
ST_16 : Operation 326 [1/1] (0.00ns)   --->   "%br_ln85 = br void %arrayidx396_6.exit" [cnn_hls.cpp:85]   --->   Operation 326 'br' 'br_ln85' <Predicate = (trunc_ln69 == 6 & trunc_ln68 != 0 & trunc_ln68 != 1 & trunc_ln68 != 2 & trunc_ln68 != 3)> <Delay = 0.00>
ST_16 : Operation 327 [1/1] ( I:2.32ns O:2.32ns )   --->   "%store_ln85 = store i7 %select_ln20, i4 %buffer_c1_28_addr" [cnn_hls.cpp:85]   --->   Operation 327 'store' 'store_ln85' <Predicate = (trunc_ln69 == 5 & trunc_ln68 == 3)> <Delay = 2.32> <CoreInst = "RAM">   --->   Core 81 'RAM' <Latency = 1> <II = 1> <Delay = 2.32> <Storage> <Opcode : 'load' 'store'> <Ports = 2> <Width = 7> <Depth = 9> <RAM>
ST_16 : Operation 328 [1/1] (0.00ns)   --->   "%br_ln85 = br void %arrayidx396_5.exit" [cnn_hls.cpp:85]   --->   Operation 328 'br' 'br_ln85' <Predicate = (trunc_ln69 == 5 & trunc_ln68 == 3)> <Delay = 0.00>
ST_16 : Operation 329 [1/1] ( I:2.32ns O:2.32ns )   --->   "%store_ln85 = store i7 %select_ln20, i4 %buffer_c1_27_addr" [cnn_hls.cpp:85]   --->   Operation 329 'store' 'store_ln85' <Predicate = (trunc_ln69 == 5 & trunc_ln68 == 2)> <Delay = 2.32> <CoreInst = "RAM">   --->   Core 81 'RAM' <Latency = 1> <II = 1> <Delay = 2.32> <Storage> <Opcode : 'load' 'store'> <Ports = 2> <Width = 7> <Depth = 9> <RAM>
ST_16 : Operation 330 [1/1] (0.00ns)   --->   "%br_ln85 = br void %arrayidx396_5.exit" [cnn_hls.cpp:85]   --->   Operation 330 'br' 'br_ln85' <Predicate = (trunc_ln69 == 5 & trunc_ln68 == 2)> <Delay = 0.00>
ST_16 : Operation 331 [1/1] ( I:2.32ns O:2.32ns )   --->   "%store_ln85 = store i7 %select_ln20, i4 %buffer_c1_26_addr" [cnn_hls.cpp:85]   --->   Operation 331 'store' 'store_ln85' <Predicate = (trunc_ln69 == 5 & trunc_ln68 == 1)> <Delay = 2.32> <CoreInst = "RAM">   --->   Core 81 'RAM' <Latency = 1> <II = 1> <Delay = 2.32> <Storage> <Opcode : 'load' 'store'> <Ports = 2> <Width = 7> <Depth = 9> <RAM>
ST_16 : Operation 332 [1/1] (0.00ns)   --->   "%br_ln85 = br void %arrayidx396_5.exit" [cnn_hls.cpp:85]   --->   Operation 332 'br' 'br_ln85' <Predicate = (trunc_ln69 == 5 & trunc_ln68 == 1)> <Delay = 0.00>
ST_16 : Operation 333 [1/1] ( I:2.32ns O:2.32ns )   --->   "%store_ln85 = store i7 %select_ln20, i4 %buffer_c1_25_addr" [cnn_hls.cpp:85]   --->   Operation 333 'store' 'store_ln85' <Predicate = (trunc_ln69 == 5 & trunc_ln68 == 0)> <Delay = 2.32> <CoreInst = "RAM">   --->   Core 81 'RAM' <Latency = 1> <II = 1> <Delay = 2.32> <Storage> <Opcode : 'load' 'store'> <Ports = 2> <Width = 7> <Depth = 9> <RAM>
ST_16 : Operation 334 [1/1] (0.00ns)   --->   "%br_ln85 = br void %arrayidx396_5.exit" [cnn_hls.cpp:85]   --->   Operation 334 'br' 'br_ln85' <Predicate = (trunc_ln69 == 5 & trunc_ln68 == 0)> <Delay = 0.00>
ST_16 : Operation 335 [1/1] ( I:2.32ns O:2.32ns )   --->   "%store_ln85 = store i7 %select_ln20, i4 %buffer_c1_29_addr" [cnn_hls.cpp:85]   --->   Operation 335 'store' 'store_ln85' <Predicate = (trunc_ln69 == 5 & trunc_ln68 != 0 & trunc_ln68 != 1 & trunc_ln68 != 2 & trunc_ln68 != 3)> <Delay = 2.32> <CoreInst = "RAM">   --->   Core 81 'RAM' <Latency = 1> <II = 1> <Delay = 2.32> <Storage> <Opcode : 'load' 'store'> <Ports = 2> <Width = 7> <Depth = 9> <RAM>
ST_16 : Operation 336 [1/1] (0.00ns)   --->   "%br_ln85 = br void %arrayidx396_5.exit" [cnn_hls.cpp:85]   --->   Operation 336 'br' 'br_ln85' <Predicate = (trunc_ln69 == 5 & trunc_ln68 != 0 & trunc_ln68 != 1 & trunc_ln68 != 2 & trunc_ln68 != 3)> <Delay = 0.00>
ST_16 : Operation 337 [1/1] ( I:2.32ns O:2.32ns )   --->   "%store_ln85 = store i7 %select_ln20, i4 %buffer_c1_23_addr" [cnn_hls.cpp:85]   --->   Operation 337 'store' 'store_ln85' <Predicate = (trunc_ln69 == 4 & trunc_ln68 == 3)> <Delay = 2.32> <CoreInst = "RAM">   --->   Core 81 'RAM' <Latency = 1> <II = 1> <Delay = 2.32> <Storage> <Opcode : 'load' 'store'> <Ports = 2> <Width = 7> <Depth = 9> <RAM>
ST_16 : Operation 338 [1/1] (0.00ns)   --->   "%br_ln85 = br void %arrayidx396_4.exit" [cnn_hls.cpp:85]   --->   Operation 338 'br' 'br_ln85' <Predicate = (trunc_ln69 == 4 & trunc_ln68 == 3)> <Delay = 0.00>
ST_16 : Operation 339 [1/1] ( I:2.32ns O:2.32ns )   --->   "%store_ln85 = store i7 %select_ln20, i4 %buffer_c1_22_addr" [cnn_hls.cpp:85]   --->   Operation 339 'store' 'store_ln85' <Predicate = (trunc_ln69 == 4 & trunc_ln68 == 2)> <Delay = 2.32> <CoreInst = "RAM">   --->   Core 81 'RAM' <Latency = 1> <II = 1> <Delay = 2.32> <Storage> <Opcode : 'load' 'store'> <Ports = 2> <Width = 7> <Depth = 9> <RAM>
ST_16 : Operation 340 [1/1] (0.00ns)   --->   "%br_ln85 = br void %arrayidx396_4.exit" [cnn_hls.cpp:85]   --->   Operation 340 'br' 'br_ln85' <Predicate = (trunc_ln69 == 4 & trunc_ln68 == 2)> <Delay = 0.00>
ST_16 : Operation 341 [1/1] ( I:2.32ns O:2.32ns )   --->   "%store_ln85 = store i7 %select_ln20, i4 %buffer_c1_21_addr" [cnn_hls.cpp:85]   --->   Operation 341 'store' 'store_ln85' <Predicate = (trunc_ln69 == 4 & trunc_ln68 == 1)> <Delay = 2.32> <CoreInst = "RAM">   --->   Core 81 'RAM' <Latency = 1> <II = 1> <Delay = 2.32> <Storage> <Opcode : 'load' 'store'> <Ports = 2> <Width = 7> <Depth = 9> <RAM>
ST_16 : Operation 342 [1/1] (0.00ns)   --->   "%br_ln85 = br void %arrayidx396_4.exit" [cnn_hls.cpp:85]   --->   Operation 342 'br' 'br_ln85' <Predicate = (trunc_ln69 == 4 & trunc_ln68 == 1)> <Delay = 0.00>
ST_16 : Operation 343 [1/1] ( I:2.32ns O:2.32ns )   --->   "%store_ln85 = store i7 %select_ln20, i4 %buffer_c1_20_addr" [cnn_hls.cpp:85]   --->   Operation 343 'store' 'store_ln85' <Predicate = (trunc_ln69 == 4 & trunc_ln68 == 0)> <Delay = 2.32> <CoreInst = "RAM">   --->   Core 81 'RAM' <Latency = 1> <II = 1> <Delay = 2.32> <Storage> <Opcode : 'load' 'store'> <Ports = 2> <Width = 7> <Depth = 9> <RAM>
ST_16 : Operation 344 [1/1] (0.00ns)   --->   "%br_ln85 = br void %arrayidx396_4.exit" [cnn_hls.cpp:85]   --->   Operation 344 'br' 'br_ln85' <Predicate = (trunc_ln69 == 4 & trunc_ln68 == 0)> <Delay = 0.00>
ST_16 : Operation 345 [1/1] ( I:2.32ns O:2.32ns )   --->   "%store_ln85 = store i7 %select_ln20, i4 %buffer_c1_24_addr" [cnn_hls.cpp:85]   --->   Operation 345 'store' 'store_ln85' <Predicate = (trunc_ln69 == 4 & trunc_ln68 != 0 & trunc_ln68 != 1 & trunc_ln68 != 2 & trunc_ln68 != 3)> <Delay = 2.32> <CoreInst = "RAM">   --->   Core 81 'RAM' <Latency = 1> <II = 1> <Delay = 2.32> <Storage> <Opcode : 'load' 'store'> <Ports = 2> <Width = 7> <Depth = 9> <RAM>
ST_16 : Operation 346 [1/1] (0.00ns)   --->   "%br_ln85 = br void %arrayidx396_4.exit" [cnn_hls.cpp:85]   --->   Operation 346 'br' 'br_ln85' <Predicate = (trunc_ln69 == 4 & trunc_ln68 != 0 & trunc_ln68 != 1 & trunc_ln68 != 2 & trunc_ln68 != 3)> <Delay = 0.00>
ST_16 : Operation 347 [1/1] ( I:2.32ns O:2.32ns )   --->   "%store_ln85 = store i7 %select_ln20, i4 %buffer_c1_18_addr" [cnn_hls.cpp:85]   --->   Operation 347 'store' 'store_ln85' <Predicate = (trunc_ln69 == 3 & trunc_ln68 == 3)> <Delay = 2.32> <CoreInst = "RAM">   --->   Core 81 'RAM' <Latency = 1> <II = 1> <Delay = 2.32> <Storage> <Opcode : 'load' 'store'> <Ports = 2> <Width = 7> <Depth = 9> <RAM>
ST_16 : Operation 348 [1/1] (0.00ns)   --->   "%br_ln85 = br void %arrayidx396_3.exit" [cnn_hls.cpp:85]   --->   Operation 348 'br' 'br_ln85' <Predicate = (trunc_ln69 == 3 & trunc_ln68 == 3)> <Delay = 0.00>
ST_16 : Operation 349 [1/1] ( I:2.32ns O:2.32ns )   --->   "%store_ln85 = store i7 %select_ln20, i4 %buffer_c1_17_addr" [cnn_hls.cpp:85]   --->   Operation 349 'store' 'store_ln85' <Predicate = (trunc_ln69 == 3 & trunc_ln68 == 2)> <Delay = 2.32> <CoreInst = "RAM">   --->   Core 81 'RAM' <Latency = 1> <II = 1> <Delay = 2.32> <Storage> <Opcode : 'load' 'store'> <Ports = 2> <Width = 7> <Depth = 9> <RAM>
ST_16 : Operation 350 [1/1] (0.00ns)   --->   "%br_ln85 = br void %arrayidx396_3.exit" [cnn_hls.cpp:85]   --->   Operation 350 'br' 'br_ln85' <Predicate = (trunc_ln69 == 3 & trunc_ln68 == 2)> <Delay = 0.00>
ST_16 : Operation 351 [1/1] ( I:2.32ns O:2.32ns )   --->   "%store_ln85 = store i7 %select_ln20, i4 %buffer_c1_16_addr" [cnn_hls.cpp:85]   --->   Operation 351 'store' 'store_ln85' <Predicate = (trunc_ln69 == 3 & trunc_ln68 == 1)> <Delay = 2.32> <CoreInst = "RAM">   --->   Core 81 'RAM' <Latency = 1> <II = 1> <Delay = 2.32> <Storage> <Opcode : 'load' 'store'> <Ports = 2> <Width = 7> <Depth = 9> <RAM>
ST_16 : Operation 352 [1/1] (0.00ns)   --->   "%br_ln85 = br void %arrayidx396_3.exit" [cnn_hls.cpp:85]   --->   Operation 352 'br' 'br_ln85' <Predicate = (trunc_ln69 == 3 & trunc_ln68 == 1)> <Delay = 0.00>
ST_16 : Operation 353 [1/1] ( I:2.32ns O:2.32ns )   --->   "%store_ln85 = store i7 %select_ln20, i4 %buffer_c1_15_addr" [cnn_hls.cpp:85]   --->   Operation 353 'store' 'store_ln85' <Predicate = (trunc_ln69 == 3 & trunc_ln68 == 0)> <Delay = 2.32> <CoreInst = "RAM">   --->   Core 81 'RAM' <Latency = 1> <II = 1> <Delay = 2.32> <Storage> <Opcode : 'load' 'store'> <Ports = 2> <Width = 7> <Depth = 9> <RAM>
ST_16 : Operation 354 [1/1] (0.00ns)   --->   "%br_ln85 = br void %arrayidx396_3.exit" [cnn_hls.cpp:85]   --->   Operation 354 'br' 'br_ln85' <Predicate = (trunc_ln69 == 3 & trunc_ln68 == 0)> <Delay = 0.00>
ST_16 : Operation 355 [1/1] ( I:2.32ns O:2.32ns )   --->   "%store_ln85 = store i7 %select_ln20, i4 %buffer_c1_19_addr" [cnn_hls.cpp:85]   --->   Operation 355 'store' 'store_ln85' <Predicate = (trunc_ln69 == 3 & trunc_ln68 != 0 & trunc_ln68 != 1 & trunc_ln68 != 2 & trunc_ln68 != 3)> <Delay = 2.32> <CoreInst = "RAM">   --->   Core 81 'RAM' <Latency = 1> <II = 1> <Delay = 2.32> <Storage> <Opcode : 'load' 'store'> <Ports = 2> <Width = 7> <Depth = 9> <RAM>
ST_16 : Operation 356 [1/1] (0.00ns)   --->   "%br_ln85 = br void %arrayidx396_3.exit" [cnn_hls.cpp:85]   --->   Operation 356 'br' 'br_ln85' <Predicate = (trunc_ln69 == 3 & trunc_ln68 != 0 & trunc_ln68 != 1 & trunc_ln68 != 2 & trunc_ln68 != 3)> <Delay = 0.00>
ST_16 : Operation 357 [1/1] ( I:2.32ns O:2.32ns )   --->   "%store_ln85 = store i7 %select_ln20, i4 %buffer_c1_13_addr" [cnn_hls.cpp:85]   --->   Operation 357 'store' 'store_ln85' <Predicate = (trunc_ln69 == 2 & trunc_ln68 == 3)> <Delay = 2.32> <CoreInst = "RAM">   --->   Core 81 'RAM' <Latency = 1> <II = 1> <Delay = 2.32> <Storage> <Opcode : 'load' 'store'> <Ports = 2> <Width = 7> <Depth = 9> <RAM>
ST_16 : Operation 358 [1/1] (0.00ns)   --->   "%br_ln85 = br void %arrayidx396_2.exit" [cnn_hls.cpp:85]   --->   Operation 358 'br' 'br_ln85' <Predicate = (trunc_ln69 == 2 & trunc_ln68 == 3)> <Delay = 0.00>
ST_16 : Operation 359 [1/1] ( I:2.32ns O:2.32ns )   --->   "%store_ln85 = store i7 %select_ln20, i4 %buffer_c1_12_addr" [cnn_hls.cpp:85]   --->   Operation 359 'store' 'store_ln85' <Predicate = (trunc_ln69 == 2 & trunc_ln68 == 2)> <Delay = 2.32> <CoreInst = "RAM">   --->   Core 81 'RAM' <Latency = 1> <II = 1> <Delay = 2.32> <Storage> <Opcode : 'load' 'store'> <Ports = 2> <Width = 7> <Depth = 9> <RAM>
ST_16 : Operation 360 [1/1] (0.00ns)   --->   "%br_ln85 = br void %arrayidx396_2.exit" [cnn_hls.cpp:85]   --->   Operation 360 'br' 'br_ln85' <Predicate = (trunc_ln69 == 2 & trunc_ln68 == 2)> <Delay = 0.00>
ST_16 : Operation 361 [1/1] ( I:2.32ns O:2.32ns )   --->   "%store_ln85 = store i7 %select_ln20, i4 %buffer_c1_11_addr" [cnn_hls.cpp:85]   --->   Operation 361 'store' 'store_ln85' <Predicate = (trunc_ln69 == 2 & trunc_ln68 == 1)> <Delay = 2.32> <CoreInst = "RAM">   --->   Core 81 'RAM' <Latency = 1> <II = 1> <Delay = 2.32> <Storage> <Opcode : 'load' 'store'> <Ports = 2> <Width = 7> <Depth = 9> <RAM>
ST_16 : Operation 362 [1/1] (0.00ns)   --->   "%br_ln85 = br void %arrayidx396_2.exit" [cnn_hls.cpp:85]   --->   Operation 362 'br' 'br_ln85' <Predicate = (trunc_ln69 == 2 & trunc_ln68 == 1)> <Delay = 0.00>
ST_16 : Operation 363 [1/1] ( I:2.32ns O:2.32ns )   --->   "%store_ln85 = store i7 %select_ln20, i4 %buffer_c1_10_addr" [cnn_hls.cpp:85]   --->   Operation 363 'store' 'store_ln85' <Predicate = (trunc_ln69 == 2 & trunc_ln68 == 0)> <Delay = 2.32> <CoreInst = "RAM">   --->   Core 81 'RAM' <Latency = 1> <II = 1> <Delay = 2.32> <Storage> <Opcode : 'load' 'store'> <Ports = 2> <Width = 7> <Depth = 9> <RAM>
ST_16 : Operation 364 [1/1] (0.00ns)   --->   "%br_ln85 = br void %arrayidx396_2.exit" [cnn_hls.cpp:85]   --->   Operation 364 'br' 'br_ln85' <Predicate = (trunc_ln69 == 2 & trunc_ln68 == 0)> <Delay = 0.00>
ST_16 : Operation 365 [1/1] ( I:2.32ns O:2.32ns )   --->   "%store_ln85 = store i7 %select_ln20, i4 %buffer_c1_14_addr" [cnn_hls.cpp:85]   --->   Operation 365 'store' 'store_ln85' <Predicate = (trunc_ln69 == 2 & trunc_ln68 != 0 & trunc_ln68 != 1 & trunc_ln68 != 2 & trunc_ln68 != 3)> <Delay = 2.32> <CoreInst = "RAM">   --->   Core 81 'RAM' <Latency = 1> <II = 1> <Delay = 2.32> <Storage> <Opcode : 'load' 'store'> <Ports = 2> <Width = 7> <Depth = 9> <RAM>
ST_16 : Operation 366 [1/1] (0.00ns)   --->   "%br_ln85 = br void %arrayidx396_2.exit" [cnn_hls.cpp:85]   --->   Operation 366 'br' 'br_ln85' <Predicate = (trunc_ln69 == 2 & trunc_ln68 != 0 & trunc_ln68 != 1 & trunc_ln68 != 2 & trunc_ln68 != 3)> <Delay = 0.00>
ST_16 : Operation 367 [1/1] ( I:2.32ns O:2.32ns )   --->   "%store_ln85 = store i7 %select_ln20, i4 %buffer_c1_8_addr" [cnn_hls.cpp:85]   --->   Operation 367 'store' 'store_ln85' <Predicate = (trunc_ln69 == 1 & trunc_ln68 == 3)> <Delay = 2.32> <CoreInst = "RAM">   --->   Core 81 'RAM' <Latency = 1> <II = 1> <Delay = 2.32> <Storage> <Opcode : 'load' 'store'> <Ports = 2> <Width = 7> <Depth = 9> <RAM>
ST_16 : Operation 368 [1/1] (0.00ns)   --->   "%br_ln85 = br void %arrayidx396_1.exit" [cnn_hls.cpp:85]   --->   Operation 368 'br' 'br_ln85' <Predicate = (trunc_ln69 == 1 & trunc_ln68 == 3)> <Delay = 0.00>
ST_16 : Operation 369 [1/1] ( I:2.32ns O:2.32ns )   --->   "%store_ln85 = store i7 %select_ln20, i4 %buffer_c1_7_addr" [cnn_hls.cpp:85]   --->   Operation 369 'store' 'store_ln85' <Predicate = (trunc_ln69 == 1 & trunc_ln68 == 2)> <Delay = 2.32> <CoreInst = "RAM">   --->   Core 81 'RAM' <Latency = 1> <II = 1> <Delay = 2.32> <Storage> <Opcode : 'load' 'store'> <Ports = 2> <Width = 7> <Depth = 9> <RAM>
ST_16 : Operation 370 [1/1] (0.00ns)   --->   "%br_ln85 = br void %arrayidx396_1.exit" [cnn_hls.cpp:85]   --->   Operation 370 'br' 'br_ln85' <Predicate = (trunc_ln69 == 1 & trunc_ln68 == 2)> <Delay = 0.00>
ST_16 : Operation 371 [1/1] ( I:2.32ns O:2.32ns )   --->   "%store_ln85 = store i7 %select_ln20, i4 %buffer_c1_6_addr" [cnn_hls.cpp:85]   --->   Operation 371 'store' 'store_ln85' <Predicate = (trunc_ln69 == 1 & trunc_ln68 == 1)> <Delay = 2.32> <CoreInst = "RAM">   --->   Core 81 'RAM' <Latency = 1> <II = 1> <Delay = 2.32> <Storage> <Opcode : 'load' 'store'> <Ports = 2> <Width = 7> <Depth = 9> <RAM>
ST_16 : Operation 372 [1/1] (0.00ns)   --->   "%br_ln85 = br void %arrayidx396_1.exit" [cnn_hls.cpp:85]   --->   Operation 372 'br' 'br_ln85' <Predicate = (trunc_ln69 == 1 & trunc_ln68 == 1)> <Delay = 0.00>
ST_16 : Operation 373 [1/1] ( I:2.32ns O:2.32ns )   --->   "%store_ln85 = store i7 %select_ln20, i4 %buffer_c1_5_addr" [cnn_hls.cpp:85]   --->   Operation 373 'store' 'store_ln85' <Predicate = (trunc_ln69 == 1 & trunc_ln68 == 0)> <Delay = 2.32> <CoreInst = "RAM">   --->   Core 81 'RAM' <Latency = 1> <II = 1> <Delay = 2.32> <Storage> <Opcode : 'load' 'store'> <Ports = 2> <Width = 7> <Depth = 9> <RAM>
ST_16 : Operation 374 [1/1] (0.00ns)   --->   "%br_ln85 = br void %arrayidx396_1.exit" [cnn_hls.cpp:85]   --->   Operation 374 'br' 'br_ln85' <Predicate = (trunc_ln69 == 1 & trunc_ln68 == 0)> <Delay = 0.00>
ST_16 : Operation 375 [1/1] ( I:2.32ns O:2.32ns )   --->   "%store_ln85 = store i7 %select_ln20, i4 %buffer_c1_9_addr" [cnn_hls.cpp:85]   --->   Operation 375 'store' 'store_ln85' <Predicate = (trunc_ln69 == 1 & trunc_ln68 != 0 & trunc_ln68 != 1 & trunc_ln68 != 2 & trunc_ln68 != 3)> <Delay = 2.32> <CoreInst = "RAM">   --->   Core 81 'RAM' <Latency = 1> <II = 1> <Delay = 2.32> <Storage> <Opcode : 'load' 'store'> <Ports = 2> <Width = 7> <Depth = 9> <RAM>
ST_16 : Operation 376 [1/1] (0.00ns)   --->   "%br_ln85 = br void %arrayidx396_1.exit" [cnn_hls.cpp:85]   --->   Operation 376 'br' 'br_ln85' <Predicate = (trunc_ln69 == 1 & trunc_ln68 != 0 & trunc_ln68 != 1 & trunc_ln68 != 2 & trunc_ln68 != 3)> <Delay = 0.00>
ST_16 : Operation 377 [1/1] ( I:2.32ns O:2.32ns )   --->   "%store_ln85 = store i7 %select_ln20, i4 %buffer_c1_3_addr" [cnn_hls.cpp:85]   --->   Operation 377 'store' 'store_ln85' <Predicate = (trunc_ln69 == 0 & trunc_ln68 == 3)> <Delay = 2.32> <CoreInst = "RAM">   --->   Core 81 'RAM' <Latency = 1> <II = 1> <Delay = 2.32> <Storage> <Opcode : 'load' 'store'> <Ports = 2> <Width = 7> <Depth = 9> <RAM>
ST_16 : Operation 378 [1/1] (0.00ns)   --->   "%br_ln85 = br void %arrayidx396_0.exit" [cnn_hls.cpp:85]   --->   Operation 378 'br' 'br_ln85' <Predicate = (trunc_ln69 == 0 & trunc_ln68 == 3)> <Delay = 0.00>
ST_16 : Operation 379 [1/1] ( I:2.32ns O:2.32ns )   --->   "%store_ln85 = store i7 %select_ln20, i4 %buffer_c1_2_addr" [cnn_hls.cpp:85]   --->   Operation 379 'store' 'store_ln85' <Predicate = (trunc_ln69 == 0 & trunc_ln68 == 2)> <Delay = 2.32> <CoreInst = "RAM">   --->   Core 81 'RAM' <Latency = 1> <II = 1> <Delay = 2.32> <Storage> <Opcode : 'load' 'store'> <Ports = 2> <Width = 7> <Depth = 9> <RAM>
ST_16 : Operation 380 [1/1] (0.00ns)   --->   "%br_ln85 = br void %arrayidx396_0.exit" [cnn_hls.cpp:85]   --->   Operation 380 'br' 'br_ln85' <Predicate = (trunc_ln69 == 0 & trunc_ln68 == 2)> <Delay = 0.00>
ST_16 : Operation 381 [1/1] ( I:2.32ns O:2.32ns )   --->   "%store_ln85 = store i7 %select_ln20, i4 %buffer_c1_1_addr" [cnn_hls.cpp:85]   --->   Operation 381 'store' 'store_ln85' <Predicate = (trunc_ln69 == 0 & trunc_ln68 == 1)> <Delay = 2.32> <CoreInst = "RAM">   --->   Core 81 'RAM' <Latency = 1> <II = 1> <Delay = 2.32> <Storage> <Opcode : 'load' 'store'> <Ports = 2> <Width = 7> <Depth = 9> <RAM>
ST_16 : Operation 382 [1/1] (0.00ns)   --->   "%br_ln85 = br void %arrayidx396_0.exit" [cnn_hls.cpp:85]   --->   Operation 382 'br' 'br_ln85' <Predicate = (trunc_ln69 == 0 & trunc_ln68 == 1)> <Delay = 0.00>
ST_16 : Operation 383 [1/1] ( I:2.32ns O:2.32ns )   --->   "%store_ln85 = store i7 %select_ln20, i4 %buffer_c1_addr" [cnn_hls.cpp:85]   --->   Operation 383 'store' 'store_ln85' <Predicate = (trunc_ln69 == 0 & trunc_ln68 == 0)> <Delay = 2.32> <CoreInst = "RAM">   --->   Core 81 'RAM' <Latency = 1> <II = 1> <Delay = 2.32> <Storage> <Opcode : 'load' 'store'> <Ports = 2> <Width = 7> <Depth = 9> <RAM>
ST_16 : Operation 384 [1/1] (0.00ns)   --->   "%br_ln85 = br void %arrayidx396_0.exit" [cnn_hls.cpp:85]   --->   Operation 384 'br' 'br_ln85' <Predicate = (trunc_ln69 == 0 & trunc_ln68 == 0)> <Delay = 0.00>
ST_16 : Operation 385 [1/1] ( I:2.32ns O:2.32ns )   --->   "%store_ln85 = store i7 %select_ln20, i4 %buffer_c1_4_addr" [cnn_hls.cpp:85]   --->   Operation 385 'store' 'store_ln85' <Predicate = (trunc_ln69 == 0 & trunc_ln68 != 0 & trunc_ln68 != 1 & trunc_ln68 != 2 & trunc_ln68 != 3)> <Delay = 2.32> <CoreInst = "RAM">   --->   Core 81 'RAM' <Latency = 1> <II = 1> <Delay = 2.32> <Storage> <Opcode : 'load' 'store'> <Ports = 2> <Width = 7> <Depth = 9> <RAM>
ST_16 : Operation 386 [1/1] (0.00ns)   --->   "%br_ln85 = br void %arrayidx396_0.exit" [cnn_hls.cpp:85]   --->   Operation 386 'br' 'br_ln85' <Predicate = (trunc_ln69 == 0 & trunc_ln68 != 0 & trunc_ln68 != 1 & trunc_ln68 != 2 & trunc_ln68 != 3)> <Delay = 0.00>
ST_16 : Operation 387 [1/1] ( I:2.32ns O:2.32ns )   --->   "%store_ln85 = store i7 %select_ln20, i4 %buffer_c1_38_addr" [cnn_hls.cpp:85]   --->   Operation 387 'store' 'store_ln85' <Predicate = (trunc_ln69 == 7 & trunc_ln68 == 3)> <Delay = 2.32> <CoreInst = "RAM">   --->   Core 81 'RAM' <Latency = 1> <II = 1> <Delay = 2.32> <Storage> <Opcode : 'load' 'store'> <Ports = 2> <Width = 7> <Depth = 9> <RAM>
ST_16 : Operation 388 [1/1] (0.00ns)   --->   "%br_ln85 = br void %arrayidx396_7.exit" [cnn_hls.cpp:85]   --->   Operation 388 'br' 'br_ln85' <Predicate = (trunc_ln69 == 7 & trunc_ln68 == 3)> <Delay = 0.00>
ST_16 : Operation 389 [1/1] ( I:2.32ns O:2.32ns )   --->   "%store_ln85 = store i7 %select_ln20, i4 %buffer_c1_37_addr" [cnn_hls.cpp:85]   --->   Operation 389 'store' 'store_ln85' <Predicate = (trunc_ln69 == 7 & trunc_ln68 == 2)> <Delay = 2.32> <CoreInst = "RAM">   --->   Core 81 'RAM' <Latency = 1> <II = 1> <Delay = 2.32> <Storage> <Opcode : 'load' 'store'> <Ports = 2> <Width = 7> <Depth = 9> <RAM>
ST_16 : Operation 390 [1/1] (0.00ns)   --->   "%br_ln85 = br void %arrayidx396_7.exit" [cnn_hls.cpp:85]   --->   Operation 390 'br' 'br_ln85' <Predicate = (trunc_ln69 == 7 & trunc_ln68 == 2)> <Delay = 0.00>
ST_16 : Operation 391 [1/1] ( I:2.32ns O:2.32ns )   --->   "%store_ln85 = store i7 %select_ln20, i4 %buffer_c1_36_addr" [cnn_hls.cpp:85]   --->   Operation 391 'store' 'store_ln85' <Predicate = (trunc_ln69 == 7 & trunc_ln68 == 1)> <Delay = 2.32> <CoreInst = "RAM">   --->   Core 81 'RAM' <Latency = 1> <II = 1> <Delay = 2.32> <Storage> <Opcode : 'load' 'store'> <Ports = 2> <Width = 7> <Depth = 9> <RAM>
ST_16 : Operation 392 [1/1] (0.00ns)   --->   "%br_ln85 = br void %arrayidx396_7.exit" [cnn_hls.cpp:85]   --->   Operation 392 'br' 'br_ln85' <Predicate = (trunc_ln69 == 7 & trunc_ln68 == 1)> <Delay = 0.00>
ST_16 : Operation 393 [1/1] ( I:2.32ns O:2.32ns )   --->   "%store_ln85 = store i7 %select_ln20, i4 %buffer_c1_35_addr" [cnn_hls.cpp:85]   --->   Operation 393 'store' 'store_ln85' <Predicate = (trunc_ln69 == 7 & trunc_ln68 == 0)> <Delay = 2.32> <CoreInst = "RAM">   --->   Core 81 'RAM' <Latency = 1> <II = 1> <Delay = 2.32> <Storage> <Opcode : 'load' 'store'> <Ports = 2> <Width = 7> <Depth = 9> <RAM>
ST_16 : Operation 394 [1/1] (0.00ns)   --->   "%br_ln85 = br void %arrayidx396_7.exit" [cnn_hls.cpp:85]   --->   Operation 394 'br' 'br_ln85' <Predicate = (trunc_ln69 == 7 & trunc_ln68 == 0)> <Delay = 0.00>
ST_16 : Operation 395 [1/1] ( I:2.32ns O:2.32ns )   --->   "%store_ln85 = store i7 %select_ln20, i4 %buffer_c1_39_addr" [cnn_hls.cpp:85]   --->   Operation 395 'store' 'store_ln85' <Predicate = (trunc_ln69 == 7 & trunc_ln68 != 0 & trunc_ln68 != 1 & trunc_ln68 != 2 & trunc_ln68 != 3)> <Delay = 2.32> <CoreInst = "RAM">   --->   Core 81 'RAM' <Latency = 1> <II = 1> <Delay = 2.32> <Storage> <Opcode : 'load' 'store'> <Ports = 2> <Width = 7> <Depth = 9> <RAM>
ST_16 : Operation 396 [1/1] (0.00ns)   --->   "%br_ln85 = br void %arrayidx396_7.exit" [cnn_hls.cpp:85]   --->   Operation 396 'br' 'br_ln85' <Predicate = (trunc_ln69 == 7 & trunc_ln68 != 0 & trunc_ln68 != 1 & trunc_ln68 != 2 & trunc_ln68 != 3)> <Delay = 0.00>


============================================================
+ Verbose Summary: Binding
============================================================
STG Binding: 
---------------- STG Properties BEGIN ----------------
- Is combinational: 0
- Is one-state seq: 0
- Is datapath-only: 0
- Is pipelined: 0
- Is top level: 0
Port [ Return ] is wired: 1; IO mode=ap_ctrl_hs:ce=0
Port [ local_ecg]:  wired=1; compound=1; hidden=0; nouse=0; global=0; static=0; extern=0; dir=0; type=1; pingpong=0; private_global=0; MemPort=[13]; IO mode=ap_memory:ce=0
Port [ local_ecg_1]:  wired=1; compound=1; hidden=0; nouse=0; global=0; static=0; extern=0; dir=0; type=1; pingpong=0; private_global=0; MemPort=[13]; IO mode=ap_memory:ce=0
Port [ local_ecg_2]:  wired=1; compound=1; hidden=0; nouse=0; global=0; static=0; extern=0; dir=0; type=1; pingpong=0; private_global=0; MemPort=[13]; IO mode=ap_memory:ce=0
Port [ local_ecg_3]:  wired=1; compound=1; hidden=0; nouse=0; global=0; static=0; extern=0; dir=0; type=1; pingpong=0; private_global=0; MemPort=[13]; IO mode=ap_memory:ce=0
Port [ local_ecg_4]:  wired=1; compound=1; hidden=0; nouse=0; global=0; static=0; extern=0; dir=0; type=1; pingpong=0; private_global=0; MemPort=[13]; IO mode=ap_memory:ce=0
Port [ buffer_c1]:  wired=1; compound=1; hidden=0; nouse=0; global=0; static=0; extern=0; dir=1; type=1; pingpong=0; private_global=0; MemPort=[03]; IO mode=ap_memory:ce=0
Port [ buffer_c1_1]:  wired=1; compound=1; hidden=0; nouse=0; global=0; static=0; extern=0; dir=1; type=1; pingpong=0; private_global=0; MemPort=[03]; IO mode=ap_memory:ce=0
Port [ buffer_c1_2]:  wired=1; compound=1; hidden=0; nouse=0; global=0; static=0; extern=0; dir=1; type=1; pingpong=0; private_global=0; MemPort=[03]; IO mode=ap_memory:ce=0
Port [ buffer_c1_3]:  wired=1; compound=1; hidden=0; nouse=0; global=0; static=0; extern=0; dir=1; type=1; pingpong=0; private_global=0; MemPort=[03]; IO mode=ap_memory:ce=0
Port [ buffer_c1_4]:  wired=1; compound=1; hidden=0; nouse=0; global=0; static=0; extern=0; dir=1; type=1; pingpong=0; private_global=0; MemPort=[03]; IO mode=ap_memory:ce=0
Port [ buffer_c1_5]:  wired=1; compound=1; hidden=0; nouse=0; global=0; static=0; extern=0; dir=1; type=1; pingpong=0; private_global=0; MemPort=[03]; IO mode=ap_memory:ce=0
Port [ buffer_c1_6]:  wired=1; compound=1; hidden=0; nouse=0; global=0; static=0; extern=0; dir=1; type=1; pingpong=0; private_global=0; MemPort=[03]; IO mode=ap_memory:ce=0
Port [ buffer_c1_7]:  wired=1; compound=1; hidden=0; nouse=0; global=0; static=0; extern=0; dir=1; type=1; pingpong=0; private_global=0; MemPort=[03]; IO mode=ap_memory:ce=0
Port [ buffer_c1_8]:  wired=1; compound=1; hidden=0; nouse=0; global=0; static=0; extern=0; dir=1; type=1; pingpong=0; private_global=0; MemPort=[03]; IO mode=ap_memory:ce=0
Port [ buffer_c1_9]:  wired=1; compound=1; hidden=0; nouse=0; global=0; static=0; extern=0; dir=1; type=1; pingpong=0; private_global=0; MemPort=[03]; IO mode=ap_memory:ce=0
Port [ buffer_c1_10]:  wired=1; compound=1; hidden=0; nouse=0; global=0; static=0; extern=0; dir=1; type=1; pingpong=0; private_global=0; MemPort=[03]; IO mode=ap_memory:ce=0
Port [ buffer_c1_11]:  wired=1; compound=1; hidden=0; nouse=0; global=0; static=0; extern=0; dir=1; type=1; pingpong=0; private_global=0; MemPort=[03]; IO mode=ap_memory:ce=0
Port [ buffer_c1_12]:  wired=1; compound=1; hidden=0; nouse=0; global=0; static=0; extern=0; dir=1; type=1; pingpong=0; private_global=0; MemPort=[03]; IO mode=ap_memory:ce=0
Port [ buffer_c1_13]:  wired=1; compound=1; hidden=0; nouse=0; global=0; static=0; extern=0; dir=1; type=1; pingpong=0; private_global=0; MemPort=[03]; IO mode=ap_memory:ce=0
Port [ buffer_c1_14]:  wired=1; compound=1; hidden=0; nouse=0; global=0; static=0; extern=0; dir=1; type=1; pingpong=0; private_global=0; MemPort=[03]; IO mode=ap_memory:ce=0
Port [ buffer_c1_15]:  wired=1; compound=1; hidden=0; nouse=0; global=0; static=0; extern=0; dir=1; type=1; pingpong=0; private_global=0; MemPort=[03]; IO mode=ap_memory:ce=0
Port [ buffer_c1_16]:  wired=1; compound=1; hidden=0; nouse=0; global=0; static=0; extern=0; dir=1; type=1; pingpong=0; private_global=0; MemPort=[03]; IO mode=ap_memory:ce=0
Port [ buffer_c1_17]:  wired=1; compound=1; hidden=0; nouse=0; global=0; static=0; extern=0; dir=1; type=1; pingpong=0; private_global=0; MemPort=[03]; IO mode=ap_memory:ce=0
Port [ buffer_c1_18]:  wired=1; compound=1; hidden=0; nouse=0; global=0; static=0; extern=0; dir=1; type=1; pingpong=0; private_global=0; MemPort=[03]; IO mode=ap_memory:ce=0
Port [ buffer_c1_19]:  wired=1; compound=1; hidden=0; nouse=0; global=0; static=0; extern=0; dir=1; type=1; pingpong=0; private_global=0; MemPort=[03]; IO mode=ap_memory:ce=0
Port [ buffer_c1_20]:  wired=1; compound=1; hidden=0; nouse=0; global=0; static=0; extern=0; dir=1; type=1; pingpong=0; private_global=0; MemPort=[03]; IO mode=ap_memory:ce=0
Port [ buffer_c1_21]:  wired=1; compound=1; hidden=0; nouse=0; global=0; static=0; extern=0; dir=1; type=1; pingpong=0; private_global=0; MemPort=[03]; IO mode=ap_memory:ce=0
Port [ buffer_c1_22]:  wired=1; compound=1; hidden=0; nouse=0; global=0; static=0; extern=0; dir=1; type=1; pingpong=0; private_global=0; MemPort=[03]; IO mode=ap_memory:ce=0
Port [ buffer_c1_23]:  wired=1; compound=1; hidden=0; nouse=0; global=0; static=0; extern=0; dir=1; type=1; pingpong=0; private_global=0; MemPort=[03]; IO mode=ap_memory:ce=0
Port [ buffer_c1_24]:  wired=1; compound=1; hidden=0; nouse=0; global=0; static=0; extern=0; dir=1; type=1; pingpong=0; private_global=0; MemPort=[03]; IO mode=ap_memory:ce=0
Port [ buffer_c1_25]:  wired=1; compound=1; hidden=0; nouse=0; global=0; static=0; extern=0; dir=1; type=1; pingpong=0; private_global=0; MemPort=[03]; IO mode=ap_memory:ce=0
Port [ buffer_c1_26]:  wired=1; compound=1; hidden=0; nouse=0; global=0; static=0; extern=0; dir=1; type=1; pingpong=0; private_global=0; MemPort=[03]; IO mode=ap_memory:ce=0
Port [ buffer_c1_27]:  wired=1; compound=1; hidden=0; nouse=0; global=0; static=0; extern=0; dir=1; type=1; pingpong=0; private_global=0; MemPort=[03]; IO mode=ap_memory:ce=0
Port [ buffer_c1_28]:  wired=1; compound=1; hidden=0; nouse=0; global=0; static=0; extern=0; dir=1; type=1; pingpong=0; private_global=0; MemPort=[03]; IO mode=ap_memory:ce=0
Port [ buffer_c1_29]:  wired=1; compound=1; hidden=0; nouse=0; global=0; static=0; extern=0; dir=1; type=1; pingpong=0; private_global=0; MemPort=[03]; IO mode=ap_memory:ce=0
Port [ buffer_c1_30]:  wired=1; compound=1; hidden=0; nouse=0; global=0; static=0; extern=0; dir=1; type=1; pingpong=0; private_global=0; MemPort=[03]; IO mode=ap_memory:ce=0
Port [ buffer_c1_31]:  wired=1; compound=1; hidden=0; nouse=0; global=0; static=0; extern=0; dir=1; type=1; pingpong=0; private_global=0; MemPort=[03]; IO mode=ap_memory:ce=0
Port [ buffer_c1_32]:  wired=1; compound=1; hidden=0; nouse=0; global=0; static=0; extern=0; dir=1; type=1; pingpong=0; private_global=0; MemPort=[03]; IO mode=ap_memory:ce=0
Port [ buffer_c1_33]:  wired=1; compound=1; hidden=0; nouse=0; global=0; static=0; extern=0; dir=1; type=1; pingpong=0; private_global=0; MemPort=[03]; IO mode=ap_memory:ce=0
Port [ buffer_c1_34]:  wired=1; compound=1; hidden=0; nouse=0; global=0; static=0; extern=0; dir=1; type=1; pingpong=0; private_global=0; MemPort=[03]; IO mode=ap_memory:ce=0
Port [ buffer_c1_35]:  wired=1; compound=1; hidden=0; nouse=0; global=0; static=0; extern=0; dir=1; type=1; pingpong=0; private_global=0; MemPort=[03]; IO mode=ap_memory:ce=0
Port [ buffer_c1_36]:  wired=1; compound=1; hidden=0; nouse=0; global=0; static=0; extern=0; dir=1; type=1; pingpong=0; private_global=0; MemPort=[03]; IO mode=ap_memory:ce=0
Port [ buffer_c1_37]:  wired=1; compound=1; hidden=0; nouse=0; global=0; static=0; extern=0; dir=1; type=1; pingpong=0; private_global=0; MemPort=[03]; IO mode=ap_memory:ce=0
Port [ buffer_c1_38]:  wired=1; compound=1; hidden=0; nouse=0; global=0; static=0; extern=0; dir=1; type=1; pingpong=0; private_global=0; MemPort=[03]; IO mode=ap_memory:ce=0
Port [ buffer_c1_39]:  wired=1; compound=1; hidden=0; nouse=0; global=0; static=0; extern=0; dir=1; type=1; pingpong=0; private_global=0; MemPort=[03]; IO mode=ap_memory:ce=0
Port [ conv1_bias]:  wired=0; compound=1; hidden=1; nouse=0; global=1; static=1; extern=0; dir=0; type=1; pingpong=0; private_global=1; MemPort=[1]; IO mode=ap_memory:ce=0
Port [ p_ZL12conv1_weight_0]:  wired=0; compound=1; hidden=1; nouse=0; global=1; static=1; extern=0; dir=0; type=1; pingpong=0; private_global=1; MemPort=[1]; IO mode=ap_memory:ce=0
Port [ p_ZL12conv1_weight_1]:  wired=0; compound=1; hidden=1; nouse=0; global=1; static=1; extern=0; dir=0; type=1; pingpong=0; private_global=1; MemPort=[1]; IO mode=ap_memory:ce=0
Port [ p_ZL12conv1_weight_2]:  wired=0; compound=1; hidden=1; nouse=0; global=1; static=1; extern=0; dir=0; type=1; pingpong=0; private_global=1; MemPort=[1]; IO mode=ap_memory:ce=0
Port [ p_ZL12conv1_weight_3]:  wired=0; compound=1; hidden=1; nouse=0; global=1; static=1; extern=0; dir=0; type=1; pingpong=0; private_global=1; MemPort=[1]; IO mode=ap_memory:ce=0
Port [ p_ZL12conv1_weight_4]:  wired=0; compound=1; hidden=1; nouse=0; global=1; static=1; extern=0; dir=0; type=1; pingpong=0; private_global=1; MemPort=[1]; IO mode=ap_memory:ce=0
Port [ conv1_multiplier]:  wired=0; compound=1; hidden=1; nouse=0; global=1; static=1; extern=0; dir=0; type=1; pingpong=0; private_global=1; MemPort=[1]; IO mode=ap_memory:ce=0
Port [ conv1_shift]:  wired=0; compound=1; hidden=1; nouse=0; global=1; static=1; extern=0; dir=0; type=1; pingpong=0; private_global=1; MemPort=[1]; IO mode=ap_memory:ce=0
---------------- STG Properties END ------------------

---------------- Datapath Model BEGIN ----------------

<LifeTime>
<method=bitvector/>
oc                        (alloca           ) [ 01000000000000000]
out_idx                   (alloca           ) [ 01000000000000000]
indvar_flatten            (alloca           ) [ 01000000000000000]
store_ln0                 (store            ) [ 00000000000000000]
store_ln68                (store            ) [ 00000000000000000]
store_ln69                (store            ) [ 00000000000000000]
br_ln0                    (br               ) [ 00000000000000000]
indvar_flatten_load       (load             ) [ 00000000000000000]
icmp_ln68                 (icmp             ) [ 01111111111111110]
add_ln68                  (add              ) [ 00000000000000000]
br_ln68                   (br               ) [ 00000000000000000]
oc_load                   (load             ) [ 00000000000000000]
out_idx_load              (load             ) [ 00000000000000000]
icmp_ln69                 (icmp             ) [ 00000000000000000]
select_ln68               (select           ) [ 01111111111000000]
empty                     (select           ) [ 00000000000000000]
add_ln68_1                (add              ) [ 01111111111000000]
trunc_ln69                (trunc            ) [ 01111111111111111]
switch_ln85               (switch           ) [ 00000000000000000]
br_ln85                   (br               ) [ 00000000000000000]
br_ln85                   (br               ) [ 00000000000000000]
br_ln85                   (br               ) [ 00000000000000000]
br_ln85                   (br               ) [ 00000000000000000]
br_ln85                   (br               ) [ 00000000000000000]
br_ln85                   (br               ) [ 00000000000000000]
br_ln85                   (br               ) [ 00000000000000000]
br_ln85                   (br               ) [ 00000000000000000]
add_ln69                  (add              ) [ 00000000000000000]
store_ln68                (store            ) [ 00000000000000000]
store_ln68                (store            ) [ 00000000000000000]
store_ln69                (store            ) [ 00000000000000000]
br_ln69                   (br               ) [ 00000000000000000]
shl_ln                    (bitconcatenate   ) [ 01000000010000000]
zext_ln74                 (zext             ) [ 00000000000000000]
add_ln74                  (add              ) [ 01000000010000000]
icmp_ln77                 (icmp             ) [ 01000000011111000]
add_ln74_1                (add              ) [ 01000000010000000]
icmp_ln77_1               (icmp             ) [ 01000000011100000]
zext_ln74_2               (zext             ) [ 00000000000000000]
mul_ln74                  (mul              ) [ 00000000000000000]
tmp_8                     (partselect       ) [ 01000000001000000]
sext_ln77                 (sext             ) [ 00000000000000000]
zext_ln77_1               (zext             ) [ 00000000000000000]
mul_ln77                  (mul              ) [ 00000000000000000]
tmp_9                     (partselect       ) [ 01000000001000000]
sext_ln77_1               (sext             ) [ 00000000000000000]
zext_ln77_3               (zext             ) [ 00000000000000000]
mul_ln77_1                (mul              ) [ 00000000000000000]
tmp_10                    (partselect       ) [ 01000000001000000]
add_ln74_2                (add              ) [ 01000000001000000]
icmp_ln77_2               (icmp             ) [ 01000000001111000]
zext_ln68                 (zext             ) [ 00000000000000000]
mul_ln68                  (mul              ) [ 00000000000000000]
tmp                       (partselect       ) [ 01000000000111111]
urem_ln68                 (urem             ) [ 00000000000000000]
trunc_ln68                (trunc            ) [ 01000000001111111]
zext_ln74_1               (zext             ) [ 00000000000000000]
zext_ln77_2               (zext             ) [ 00000000000000000]
local_ecg_addr            (getelementptr    ) [ 01000000000100000]
local_ecg_1_addr          (getelementptr    ) [ 01000000000100000]
local_ecg_2_addr          (getelementptr    ) [ 01000000000100000]
local_ecg_3_addr          (getelementptr    ) [ 01000000000100000]
local_ecg_4_addr          (getelementptr    ) [ 01000000000100000]
zext_ln77_4               (zext             ) [ 00000000000000000]
local_ecg_addr_1          (getelementptr    ) [ 01000000000100000]
local_ecg_1_addr_1        (getelementptr    ) [ 01000000000100000]
local_ecg_2_addr_1        (getelementptr    ) [ 01000000000100000]
local_ecg_3_addr_1        (getelementptr    ) [ 01000000000100000]
local_ecg_4_addr_1        (getelementptr    ) [ 01000000000100000]
local_ecg_addr_2          (getelementptr    ) [ 01000000000100000]
local_ecg_1_addr_2        (getelementptr    ) [ 01000000000100000]
local_ecg_2_addr_2        (getelementptr    ) [ 01000000000100000]
local_ecg_3_addr_2        (getelementptr    ) [ 01000000000100000]
local_ecg_4_addr_2        (getelementptr    ) [ 01000000000100000]
or_ln                     (bitconcatenate   ) [ 00000000000000000]
zext_ln79_1               (zext             ) [ 00000000000000000]
mul_ln79                  (mul              ) [ 00000000000000000]
tmp_11                    (partselect       ) [ 00000000000000000]
zext_ln79                 (zext             ) [ 00000000000000000]
local_ecg_addr_3          (getelementptr    ) [ 01000000000100000]
local_ecg_1_addr_3        (getelementptr    ) [ 01000000000100000]
local_ecg_2_addr_3        (getelementptr    ) [ 01000000000100000]
local_ecg_3_addr_3        (getelementptr    ) [ 01000000000100000]
local_ecg_4_addr_3        (getelementptr    ) [ 01000000000100000]
zext_ln77_5               (zext             ) [ 00000000000000000]
mul_ln77_2                (mul              ) [ 00000000000000000]
tmp_12                    (partselect       ) [ 00000000000000000]
zext_ln77                 (zext             ) [ 00000000000000000]
local_ecg_addr_4          (getelementptr    ) [ 01000000000100000]
local_ecg_1_addr_4        (getelementptr    ) [ 01000000000100000]
local_ecg_2_addr_4        (getelementptr    ) [ 01000000000100000]
local_ecg_3_addr_4        (getelementptr    ) [ 01000000000100000]
local_ecg_4_addr_4        (getelementptr    ) [ 01000000000100000]
zext_ln69                 (zext             ) [ 01000000000110000]
p_ZL12conv1_weight_1_addr (getelementptr    ) [ 01000000000100000]
p_ZL12conv1_weight_3_addr (getelementptr    ) [ 01000000000100000]
switch_ln85               (switch           ) [ 00000000000000000]
switch_ln85               (switch           ) [ 00000000000000000]
switch_ln85               (switch           ) [ 00000000000000000]
switch_ln85               (switch           ) [ 00000000000000000]
switch_ln85               (switch           ) [ 00000000000000000]
switch_ln85               (switch           ) [ 00000000000000000]
switch_ln85               (switch           ) [ 00000000000000000]
switch_ln85               (switch           ) [ 00000000000000000]
local_ecg_load            (load             ) [ 00000000000000000]
local_ecg_1_load          (load             ) [ 00000000000000000]
local_ecg_2_load          (load             ) [ 00000000000000000]
local_ecg_3_load          (load             ) [ 00000000000000000]
local_ecg_4_load          (load             ) [ 00000000000000000]
tmp_1                     (sparsemux        ) [ 01000000000010000]
local_ecg_load_1          (load             ) [ 00000000000000000]
local_ecg_1_load_1        (load             ) [ 00000000000000000]
local_ecg_2_load_1        (load             ) [ 00000000000000000]
local_ecg_3_load_1        (load             ) [ 00000000000000000]
local_ecg_4_load_1        (load             ) [ 00000000000000000]
tmp_2                     (sparsemux        ) [ 00000000000000000]
sext_ln79_2               (sext             ) [ 00000000000000000]
x_45                      (add              ) [ 00000000000000000]
sext_ln85                 (sext             ) [ 01000000000011000]
local_ecg_load_2          (load             ) [ 00000000000000000]
local_ecg_1_load_2        (load             ) [ 00000000000000000]
local_ecg_2_load_2        (load             ) [ 00000000000000000]
local_ecg_3_load_2        (load             ) [ 00000000000000000]
local_ecg_4_load_2        (load             ) [ 00000000000000000]
local_ecg_load_3          (load             ) [ 00000000000000000]
local_ecg_1_load_3        (load             ) [ 00000000000000000]
local_ecg_2_load_3        (load             ) [ 00000000000000000]
local_ecg_3_load_3        (load             ) [ 00000000000000000]
local_ecg_4_load_3        (load             ) [ 00000000000000000]
local_ecg_load_4          (load             ) [ 00000000000000000]
local_ecg_1_load_4        (load             ) [ 00000000000000000]
local_ecg_2_load_4        (load             ) [ 00000000000000000]
local_ecg_3_load_4        (load             ) [ 00000000000000000]
local_ecg_4_load_4        (load             ) [ 00000000000000000]
tmp_3                     (sparsemux        ) [ 01000000000011000]
tmp_4                     (sparsemux        ) [ 00000000000000000]
sext_ln79_4               (sext             ) [ 00000000000000000]
x_46                      (add              ) [ 00000000000000000]
x_3                       (select           ) [ 00000000000000000]
sext_ln75_1               (sext             ) [ 01000000000011000]
p_ZL12conv1_weight_1_load (load             ) [ 00000000000000000]
sext_ln75_2               (sext             ) [ 01000000000011000]
p_ZL12conv1_weight_2_addr (getelementptr    ) [ 01000000000010000]
p_ZL12conv1_weight_3_load (load             ) [ 00000000000000000]
sext_ln82_1               (sext             ) [ 01000000000011000]
tmp_5                     (sparsemux        ) [ 01000000000011000]
sext_ln79                 (sext             ) [ 00000000000000000]
x_44                      (add              ) [ 00000000000000000]
sext_ln79_1               (sext             ) [ 01000000000001100]
conv1_bias_addr           (getelementptr    ) [ 01000000000001000]
p_ZL12conv1_weight_0_addr (getelementptr    ) [ 01000000000001000]
p_ZL12conv1_weight_2_load (load             ) [ 00000000000000000]
sext_ln75_3               (sext             ) [ 01000000000001100]
p_ZL12conv1_weight_4_addr (getelementptr    ) [ 01000000000001000]
conv1_multiplier_addr     (getelementptr    ) [ 01000000000001000]
conv1_shift_addr          (getelementptr    ) [ 01000000000001000]
acc                       (load             ) [ 01000000000000100]
sext_ln79_3               (sext             ) [ 00000000000000000]
x                         (add              ) [ 00000000000000000]
x_1                       (select           ) [ 00000000000000000]
sext_ln75                 (sext             ) [ 00000000000000000]
p_ZL12conv1_weight_0_load (load             ) [ 00000000000000000]
sext_ln82                 (sext             ) [ 00000000000000000]
mul_ln82                  (mul              ) [ 01000000000000100]
mul_ln82_1                (mul              ) [ 01000000000000100]
mul_ln82_3                (mul              ) [ 01000000000000100]
sext_ln79_5               (sext             ) [ 00000000000000000]
x_47                      (add              ) [ 00000000000000000]
x_7                       (select           ) [ 00000000000000000]
sext_ln75_4               (sext             ) [ 00000000000000000]
p_ZL12conv1_weight_4_load (load             ) [ 00000000000000000]
sext_ln82_3               (sext             ) [ 00000000000000000]
mul_ln82_4                (mul              ) [ 01000000000000100]
conv1_multiplier_load     (load             ) [ 01000000000000110]
conv1_shift_load          (load             ) [ 01000000000000111]
sext_ln71                 (sext             ) [ 00000000000000000]
mul_ln82_2                (mul              ) [ 00000000000000000]
sext_ln82_2               (sext             ) [ 01000000000000010]
add_ln82                  (add              ) [ 00000000000000000]
add_ln82_1                (add              ) [ 01000000000000010]
add_ln82_2                (add              ) [ 00000000000000000]
sext_ln82_5               (sext             ) [ 01000000000000010]
sext_ln82_4               (sext             ) [ 00000000000000000]
add_ln82_3                (add              ) [ 00000000000000000]
sext_ln82_6               (sext             ) [ 00000000000000000]
acc_2                     (add              ) [ 00000000000000000]
sext_ln6                  (sext             ) [ 00000000000000000]
zext_ln6                  (zext             ) [ 00000000000000000]
acc64                     (mul              ) [ 01000000000000001]
add_ln10                  (add              ) [ 00000000000000000]
zext_ln10                 (zext             ) [ 00000000000000000]
shl_ln10                  (shl              ) [ 01000000000000001]
specloopname_ln0          (specloopname     ) [ 00000000000000000]
speclooptripcount_ln0     (speclooptripcount) [ 00000000000000000]
zext_ln68_1               (zext             ) [ 00000000000000000]
buffer_c1_addr            (getelementptr    ) [ 00000000000000000]
buffer_c1_1_addr          (getelementptr    ) [ 00000000000000000]
buffer_c1_2_addr          (getelementptr    ) [ 00000000000000000]
buffer_c1_3_addr          (getelementptr    ) [ 00000000000000000]
buffer_c1_4_addr          (getelementptr    ) [ 00000000000000000]
buffer_c1_5_addr          (getelementptr    ) [ 00000000000000000]
buffer_c1_6_addr          (getelementptr    ) [ 00000000000000000]
buffer_c1_7_addr          (getelementptr    ) [ 00000000000000000]
buffer_c1_8_addr          (getelementptr    ) [ 00000000000000000]
buffer_c1_9_addr          (getelementptr    ) [ 00000000000000000]
buffer_c1_10_addr         (getelementptr    ) [ 00000000000000000]
buffer_c1_11_addr         (getelementptr    ) [ 00000000000000000]
buffer_c1_12_addr         (getelementptr    ) [ 00000000000000000]
buffer_c1_13_addr         (getelementptr    ) [ 00000000000000000]
buffer_c1_14_addr         (getelementptr    ) [ 00000000000000000]
buffer_c1_15_addr         (getelementptr    ) [ 00000000000000000]
buffer_c1_16_addr         (getelementptr    ) [ 00000000000000000]
buffer_c1_17_addr         (getelementptr    ) [ 00000000000000000]
buffer_c1_18_addr         (getelementptr    ) [ 00000000000000000]
buffer_c1_19_addr         (getelementptr    ) [ 00000000000000000]
buffer_c1_20_addr         (getelementptr    ) [ 00000000000000000]
buffer_c1_21_addr         (getelementptr    ) [ 00000000000000000]
buffer_c1_22_addr         (getelementptr    ) [ 00000000000000000]
buffer_c1_23_addr         (getelementptr    ) [ 00000000000000000]
buffer_c1_24_addr         (getelementptr    ) [ 00000000000000000]
buffer_c1_25_addr         (getelementptr    ) [ 00000000000000000]
buffer_c1_26_addr         (getelementptr    ) [ 00000000000000000]
buffer_c1_27_addr         (getelementptr    ) [ 00000000000000000]
buffer_c1_28_addr         (getelementptr    ) [ 00000000000000000]
buffer_c1_29_addr         (getelementptr    ) [ 00000000000000000]
buffer_c1_30_addr         (getelementptr    ) [ 00000000000000000]
buffer_c1_31_addr         (getelementptr    ) [ 00000000000000000]
buffer_c1_32_addr         (getelementptr    ) [ 00000000000000000]
buffer_c1_33_addr         (getelementptr    ) [ 00000000000000000]
buffer_c1_34_addr         (getelementptr    ) [ 00000000000000000]
buffer_c1_35_addr         (getelementptr    ) [ 00000000000000000]
buffer_c1_36_addr         (getelementptr    ) [ 00000000000000000]
buffer_c1_37_addr         (getelementptr    ) [ 00000000000000000]
buffer_c1_38_addr         (getelementptr    ) [ 00000000000000000]
buffer_c1_39_addr         (getelementptr    ) [ 00000000000000000]
specpipeline_ln70         (specpipeline     ) [ 00000000000000000]
zext_ln10_1               (zext             ) [ 00000000000000000]
acc64_2                   (add              ) [ 00000000000000000]
zext_ln13                 (zext             ) [ 00000000000000000]
res                       (ashr             ) [ 00000000000000000]
trunc_ln13                (trunc            ) [ 00000000000000000]
tmp_13                    (bitselect        ) [ 00000000000000000]
res_2                     (select           ) [ 00000000000000000]
tmp_14                    (partselect       ) [ 00000000000000000]
icmp_ln20                 (icmp             ) [ 00000000000000000]
trunc_ln22                (trunc            ) [ 00000000000000000]
select_ln20               (select           ) [ 00000000000000000]
store_ln85                (store            ) [ 00000000000000000]
br_ln85                   (br               ) [ 00000000000000000]
store_ln85                (store            ) [ 00000000000000000]
br_ln85                   (br               ) [ 00000000000000000]
store_ln85                (store            ) [ 00000000000000000]
br_ln85                   (br               ) [ 00000000000000000]
store_ln85                (store            ) [ 00000000000000000]
br_ln85                   (br               ) [ 00000000000000000]
store_ln85                (store            ) [ 00000000000000000]
br_ln85                   (br               ) [ 00000000000000000]
store_ln85                (store            ) [ 00000000000000000]
br_ln85                   (br               ) [ 00000000000000000]
store_ln85                (store            ) [ 00000000000000000]
br_ln85                   (br               ) [ 00000000000000000]
store_ln85                (store            ) [ 00000000000000000]
br_ln85                   (br               ) [ 00000000000000000]
store_ln85                (store            ) [ 00000000000000000]
br_ln85                   (br               ) [ 00000000000000000]
store_ln85                (store            ) [ 00000000000000000]
br_ln85                   (br               ) [ 00000000000000000]
store_ln85                (store            ) [ 00000000000000000]
br_ln85                   (br               ) [ 00000000000000000]
store_ln85                (store            ) [ 00000000000000000]
br_ln85                   (br               ) [ 00000000000000000]
store_ln85                (store            ) [ 00000000000000000]
br_ln85                   (br               ) [ 00000000000000000]
store_ln85                (store            ) [ 00000000000000000]
br_ln85                   (br               ) [ 00000000000000000]
store_ln85                (store            ) [ 00000000000000000]
br_ln85                   (br               ) [ 00000000000000000]
store_ln85                (store            ) [ 00000000000000000]
br_ln85                   (br               ) [ 00000000000000000]
store_ln85                (store            ) [ 00000000000000000]
br_ln85                   (br               ) [ 00000000000000000]
store_ln85                (store            ) [ 00000000000000000]
br_ln85                   (br               ) [ 00000000000000000]
store_ln85                (store            ) [ 00000000000000000]
br_ln85                   (br               ) [ 00000000000000000]
store_ln85                (store            ) [ 00000000000000000]
br_ln85                   (br               ) [ 00000000000000000]
store_ln85                (store            ) [ 00000000000000000]
br_ln85                   (br               ) [ 00000000000000000]
store_ln85                (store            ) [ 00000000000000000]
br_ln85                   (br               ) [ 00000000000000000]
store_ln85                (store            ) [ 00000000000000000]
br_ln85                   (br               ) [ 00000000000000000]
store_ln85                (store            ) [ 00000000000000000]
br_ln85                   (br               ) [ 00000000000000000]
store_ln85                (store            ) [ 00000000000000000]
br_ln85                   (br               ) [ 00000000000000000]
store_ln85                (store            ) [ 00000000000000000]
br_ln85                   (br               ) [ 00000000000000000]
store_ln85                (store            ) [ 00000000000000000]
br_ln85                   (br               ) [ 00000000000000000]
store_ln85                (store            ) [ 00000000000000000]
br_ln85                   (br               ) [ 00000000000000000]
store_ln85                (store            ) [ 00000000000000000]
br_ln85                   (br               ) [ 00000000000000000]
store_ln85                (store            ) [ 00000000000000000]
br_ln85                   (br               ) [ 00000000000000000]
store_ln85                (store            ) [ 00000000000000000]
br_ln85                   (br               ) [ 00000000000000000]
store_ln85                (store            ) [ 00000000000000000]
br_ln85                   (br               ) [ 00000000000000000]
store_ln85                (store            ) [ 00000000000000000]
br_ln85                   (br               ) [ 00000000000000000]
store_ln85                (store            ) [ 00000000000000000]
br_ln85                   (br               ) [ 00000000000000000]
store_ln85                (store            ) [ 00000000000000000]
br_ln85                   (br               ) [ 00000000000000000]
store_ln85                (store            ) [ 00000000000000000]
br_ln85                   (br               ) [ 00000000000000000]
store_ln85                (store            ) [ 00000000000000000]
br_ln85                   (br               ) [ 00000000000000000]
store_ln85                (store            ) [ 00000000000000000]
br_ln85                   (br               ) [ 00000000000000000]
store_ln85                (store            ) [ 00000000000000000]
br_ln85                   (br               ) [ 00000000000000000]
store_ln85                (store            ) [ 00000000000000000]
br_ln85                   (br               ) [ 00000000000000000]
ret_ln0                   (ret              ) [ 00000000000000000]
</LifeTime>

<model>

<comp_list>
<comp id="0" class="1000" name="local_ecg">
<pin_list>
<pin id="1" dir="1" index="0" bw="1" slack="0"/>
</pin_list>
<bind>
<StgValue><ssdm name="local_ecg"/><MemPortTyVec>1 3 </MemPortTyVec>
</StgValue>
</bind>
</comp>

<comp id="2" class="1000" name="local_ecg_1">
<pin_list>
<pin id="3" dir="1" index="0" bw="1" slack="0"/>
</pin_list>
<bind>
<StgValue><ssdm name="local_ecg_1"/><MemPortTyVec>1 3 </MemPortTyVec>
</StgValue>
</bind>
</comp>

<comp id="4" class="1000" name="local_ecg_2">
<pin_list>
<pin id="5" dir="1" index="0" bw="1" slack="0"/>
</pin_list>
<bind>
<StgValue><ssdm name="local_ecg_2"/><MemPortTyVec>1 3 </MemPortTyVec>
</StgValue>
</bind>
</comp>

<comp id="6" class="1000" name="local_ecg_3">
<pin_list>
<pin id="7" dir="1" index="0" bw="1" slack="0"/>
</pin_list>
<bind>
<StgValue><ssdm name="local_ecg_3"/><MemPortTyVec>1 3 </MemPortTyVec>
</StgValue>
</bind>
</comp>

<comp id="8" class="1000" name="local_ecg_4">
<pin_list>
<pin id="9" dir="1" index="0" bw="1" slack="0"/>
</pin_list>
<bind>
<StgValue><ssdm name="local_ecg_4"/><MemPortTyVec>1 3 </MemPortTyVec>
</StgValue>
</bind>
</comp>

<comp id="10" class="1000" name="buffer_c1">
<pin_list>
<pin id="11" dir="1" index="0" bw="1" slack="0"/>
</pin_list>
<bind>
<StgValue><ssdm name="buffer_c1"/><MemPortTyVec>0 3 </MemPortTyVec>
</StgValue>
</bind>
</comp>

<comp id="12" class="1000" name="buffer_c1_1">
<pin_list>
<pin id="13" dir="1" index="0" bw="1" slack="0"/>
</pin_list>
<bind>
<StgValue><ssdm name="buffer_c1_1"/><MemPortTyVec>0 3 </MemPortTyVec>
</StgValue>
</bind>
</comp>

<comp id="14" class="1000" name="buffer_c1_2">
<pin_list>
<pin id="15" dir="1" index="0" bw="1" slack="0"/>
</pin_list>
<bind>
<StgValue><ssdm name="buffer_c1_2"/><MemPortTyVec>0 3 </MemPortTyVec>
</StgValue>
</bind>
</comp>

<comp id="16" class="1000" name="buffer_c1_3">
<pin_list>
<pin id="17" dir="1" index="0" bw="1" slack="0"/>
</pin_list>
<bind>
<StgValue><ssdm name="buffer_c1_3"/><MemPortTyVec>0 3 </MemPortTyVec>
</StgValue>
</bind>
</comp>

<comp id="18" class="1000" name="buffer_c1_4">
<pin_list>
<pin id="19" dir="1" index="0" bw="1" slack="0"/>
</pin_list>
<bind>
<StgValue><ssdm name="buffer_c1_4"/><MemPortTyVec>0 3 </MemPortTyVec>
</StgValue>
</bind>
</comp>

<comp id="20" class="1000" name="buffer_c1_5">
<pin_list>
<pin id="21" dir="1" index="0" bw="1" slack="0"/>
</pin_list>
<bind>
<StgValue><ssdm name="buffer_c1_5"/><MemPortTyVec>0 3 </MemPortTyVec>
</StgValue>
</bind>
</comp>

<comp id="22" class="1000" name="buffer_c1_6">
<pin_list>
<pin id="23" dir="1" index="0" bw="1" slack="0"/>
</pin_list>
<bind>
<StgValue><ssdm name="buffer_c1_6"/><MemPortTyVec>0 3 </MemPortTyVec>
</StgValue>
</bind>
</comp>

<comp id="24" class="1000" name="buffer_c1_7">
<pin_list>
<pin id="25" dir="1" index="0" bw="1" slack="0"/>
</pin_list>
<bind>
<StgValue><ssdm name="buffer_c1_7"/><MemPortTyVec>0 3 </MemPortTyVec>
</StgValue>
</bind>
</comp>

<comp id="26" class="1000" name="buffer_c1_8">
<pin_list>
<pin id="27" dir="1" index="0" bw="1" slack="0"/>
</pin_list>
<bind>
<StgValue><ssdm name="buffer_c1_8"/><MemPortTyVec>0 3 </MemPortTyVec>
</StgValue>
</bind>
</comp>

<comp id="28" class="1000" name="buffer_c1_9">
<pin_list>
<pin id="29" dir="1" index="0" bw="1" slack="0"/>
</pin_list>
<bind>
<StgValue><ssdm name="buffer_c1_9"/><MemPortTyVec>0 3 </MemPortTyVec>
</StgValue>
</bind>
</comp>

<comp id="30" class="1000" name="buffer_c1_10">
<pin_list>
<pin id="31" dir="1" index="0" bw="1" slack="0"/>
</pin_list>
<bind>
<StgValue><ssdm name="buffer_c1_10"/><MemPortTyVec>0 3 </MemPortTyVec>
</StgValue>
</bind>
</comp>

<comp id="32" class="1000" name="buffer_c1_11">
<pin_list>
<pin id="33" dir="1" index="0" bw="1" slack="0"/>
</pin_list>
<bind>
<StgValue><ssdm name="buffer_c1_11"/><MemPortTyVec>0 3 </MemPortTyVec>
</StgValue>
</bind>
</comp>

<comp id="34" class="1000" name="buffer_c1_12">
<pin_list>
<pin id="35" dir="1" index="0" bw="1" slack="0"/>
</pin_list>
<bind>
<StgValue><ssdm name="buffer_c1_12"/><MemPortTyVec>0 3 </MemPortTyVec>
</StgValue>
</bind>
</comp>

<comp id="36" class="1000" name="buffer_c1_13">
<pin_list>
<pin id="37" dir="1" index="0" bw="1" slack="0"/>
</pin_list>
<bind>
<StgValue><ssdm name="buffer_c1_13"/><MemPortTyVec>0 3 </MemPortTyVec>
</StgValue>
</bind>
</comp>

<comp id="38" class="1000" name="buffer_c1_14">
<pin_list>
<pin id="39" dir="1" index="0" bw="1" slack="0"/>
</pin_list>
<bind>
<StgValue><ssdm name="buffer_c1_14"/><MemPortTyVec>0 3 </MemPortTyVec>
</StgValue>
</bind>
</comp>

<comp id="40" class="1000" name="buffer_c1_15">
<pin_list>
<pin id="41" dir="1" index="0" bw="1" slack="0"/>
</pin_list>
<bind>
<StgValue><ssdm name="buffer_c1_15"/><MemPortTyVec>0 3 </MemPortTyVec>
</StgValue>
</bind>
</comp>

<comp id="42" class="1000" name="buffer_c1_16">
<pin_list>
<pin id="43" dir="1" index="0" bw="1" slack="0"/>
</pin_list>
<bind>
<StgValue><ssdm name="buffer_c1_16"/><MemPortTyVec>0 3 </MemPortTyVec>
</StgValue>
</bind>
</comp>

<comp id="44" class="1000" name="buffer_c1_17">
<pin_list>
<pin id="45" dir="1" index="0" bw="1" slack="0"/>
</pin_list>
<bind>
<StgValue><ssdm name="buffer_c1_17"/><MemPortTyVec>0 3 </MemPortTyVec>
</StgValue>
</bind>
</comp>

<comp id="46" class="1000" name="buffer_c1_18">
<pin_list>
<pin id="47" dir="1" index="0" bw="1" slack="0"/>
</pin_list>
<bind>
<StgValue><ssdm name="buffer_c1_18"/><MemPortTyVec>0 3 </MemPortTyVec>
</StgValue>
</bind>
</comp>

<comp id="48" class="1000" name="buffer_c1_19">
<pin_list>
<pin id="49" dir="1" index="0" bw="1" slack="0"/>
</pin_list>
<bind>
<StgValue><ssdm name="buffer_c1_19"/><MemPortTyVec>0 3 </MemPortTyVec>
</StgValue>
</bind>
</comp>

<comp id="50" class="1000" name="buffer_c1_20">
<pin_list>
<pin id="51" dir="1" index="0" bw="1" slack="0"/>
</pin_list>
<bind>
<StgValue><ssdm name="buffer_c1_20"/><MemPortTyVec>0 3 </MemPortTyVec>
</StgValue>
</bind>
</comp>

<comp id="52" class="1000" name="buffer_c1_21">
<pin_list>
<pin id="53" dir="1" index="0" bw="1" slack="0"/>
</pin_list>
<bind>
<StgValue><ssdm name="buffer_c1_21"/><MemPortTyVec>0 3 </MemPortTyVec>
</StgValue>
</bind>
</comp>

<comp id="54" class="1000" name="buffer_c1_22">
<pin_list>
<pin id="55" dir="1" index="0" bw="1" slack="0"/>
</pin_list>
<bind>
<StgValue><ssdm name="buffer_c1_22"/><MemPortTyVec>0 3 </MemPortTyVec>
</StgValue>
</bind>
</comp>

<comp id="56" class="1000" name="buffer_c1_23">
<pin_list>
<pin id="57" dir="1" index="0" bw="1" slack="0"/>
</pin_list>
<bind>
<StgValue><ssdm name="buffer_c1_23"/><MemPortTyVec>0 3 </MemPortTyVec>
</StgValue>
</bind>
</comp>

<comp id="58" class="1000" name="buffer_c1_24">
<pin_list>
<pin id="59" dir="1" index="0" bw="1" slack="0"/>
</pin_list>
<bind>
<StgValue><ssdm name="buffer_c1_24"/><MemPortTyVec>0 3 </MemPortTyVec>
</StgValue>
</bind>
</comp>

<comp id="60" class="1000" name="buffer_c1_25">
<pin_list>
<pin id="61" dir="1" index="0" bw="1" slack="0"/>
</pin_list>
<bind>
<StgValue><ssdm name="buffer_c1_25"/><MemPortTyVec>0 3 </MemPortTyVec>
</StgValue>
</bind>
</comp>

<comp id="62" class="1000" name="buffer_c1_26">
<pin_list>
<pin id="63" dir="1" index="0" bw="1" slack="0"/>
</pin_list>
<bind>
<StgValue><ssdm name="buffer_c1_26"/><MemPortTyVec>0 3 </MemPortTyVec>
</StgValue>
</bind>
</comp>

<comp id="64" class="1000" name="buffer_c1_27">
<pin_list>
<pin id="65" dir="1" index="0" bw="1" slack="0"/>
</pin_list>
<bind>
<StgValue><ssdm name="buffer_c1_27"/><MemPortTyVec>0 3 </MemPortTyVec>
</StgValue>
</bind>
</comp>

<comp id="66" class="1000" name="buffer_c1_28">
<pin_list>
<pin id="67" dir="1" index="0" bw="1" slack="0"/>
</pin_list>
<bind>
<StgValue><ssdm name="buffer_c1_28"/><MemPortTyVec>0 3 </MemPortTyVec>
</StgValue>
</bind>
</comp>

<comp id="68" class="1000" name="buffer_c1_29">
<pin_list>
<pin id="69" dir="1" index="0" bw="1" slack="0"/>
</pin_list>
<bind>
<StgValue><ssdm name="buffer_c1_29"/><MemPortTyVec>0 3 </MemPortTyVec>
</StgValue>
</bind>
</comp>

<comp id="70" class="1000" name="buffer_c1_30">
<pin_list>
<pin id="71" dir="1" index="0" bw="1" slack="0"/>
</pin_list>
<bind>
<StgValue><ssdm name="buffer_c1_30"/><MemPortTyVec>0 3 </MemPortTyVec>
</StgValue>
</bind>
</comp>

<comp id="72" class="1000" name="buffer_c1_31">
<pin_list>
<pin id="73" dir="1" index="0" bw="1" slack="0"/>
</pin_list>
<bind>
<StgValue><ssdm name="buffer_c1_31"/><MemPortTyVec>0 3 </MemPortTyVec>
</StgValue>
</bind>
</comp>

<comp id="74" class="1000" name="buffer_c1_32">
<pin_list>
<pin id="75" dir="1" index="0" bw="1" slack="0"/>
</pin_list>
<bind>
<StgValue><ssdm name="buffer_c1_32"/><MemPortTyVec>0 3 </MemPortTyVec>
</StgValue>
</bind>
</comp>

<comp id="76" class="1000" name="buffer_c1_33">
<pin_list>
<pin id="77" dir="1" index="0" bw="1" slack="0"/>
</pin_list>
<bind>
<StgValue><ssdm name="buffer_c1_33"/><MemPortTyVec>0 3 </MemPortTyVec>
</StgValue>
</bind>
</comp>

<comp id="78" class="1000" name="buffer_c1_34">
<pin_list>
<pin id="79" dir="1" index="0" bw="1" slack="0"/>
</pin_list>
<bind>
<StgValue><ssdm name="buffer_c1_34"/><MemPortTyVec>0 3 </MemPortTyVec>
</StgValue>
</bind>
</comp>

<comp id="80" class="1000" name="buffer_c1_35">
<pin_list>
<pin id="81" dir="1" index="0" bw="1" slack="0"/>
</pin_list>
<bind>
<StgValue><ssdm name="buffer_c1_35"/><MemPortTyVec>0 3 </MemPortTyVec>
</StgValue>
</bind>
</comp>

<comp id="82" class="1000" name="buffer_c1_36">
<pin_list>
<pin id="83" dir="1" index="0" bw="1" slack="0"/>
</pin_list>
<bind>
<StgValue><ssdm name="buffer_c1_36"/><MemPortTyVec>0 3 </MemPortTyVec>
</StgValue>
</bind>
</comp>

<comp id="84" class="1000" name="buffer_c1_37">
<pin_list>
<pin id="85" dir="1" index="0" bw="1" slack="0"/>
</pin_list>
<bind>
<StgValue><ssdm name="buffer_c1_37"/><MemPortTyVec>0 3 </MemPortTyVec>
</StgValue>
</bind>
</comp>

<comp id="86" class="1000" name="buffer_c1_38">
<pin_list>
<pin id="87" dir="1" index="0" bw="1" slack="0"/>
</pin_list>
<bind>
<StgValue><ssdm name="buffer_c1_38"/><MemPortTyVec>0 3 </MemPortTyVec>
</StgValue>
</bind>
</comp>

<comp id="88" class="1000" name="buffer_c1_39">
<pin_list>
<pin id="89" dir="1" index="0" bw="1" slack="0"/>
</pin_list>
<bind>
<StgValue><ssdm name="buffer_c1_39"/><MemPortTyVec>0 3 </MemPortTyVec>
</StgValue>
</bind>
</comp>

<comp id="90" class="1000" name="conv1_bias">
<pin_list>
<pin id="91" dir="1" index="0" bw="1" slack="0"/>
</pin_list>
<bind>
<StgValue><ssdm name="conv1_bias"/><MemPortTyVec>1 </MemPortTyVec>
</StgValue>
</bind>
</comp>

<comp id="92" class="1000" name="p_ZL12conv1_weight_0">
<pin_list>
<pin id="93" dir="1" index="0" bw="1" slack="0"/>
</pin_list>
<bind>
<StgValue><ssdm name="p_ZL12conv1_weight_0"/><MemPortTyVec>1 </MemPortTyVec>
</StgValue>
</bind>
</comp>

<comp id="94" class="1000" name="p_ZL12conv1_weight_1">
<pin_list>
<pin id="95" dir="1" index="0" bw="1" slack="0"/>
</pin_list>
<bind>
<StgValue><ssdm name="p_ZL12conv1_weight_1"/><MemPortTyVec>1 </MemPortTyVec>
</StgValue>
</bind>
</comp>

<comp id="96" class="1000" name="p_ZL12conv1_weight_2">
<pin_list>
<pin id="97" dir="1" index="0" bw="1" slack="0"/>
</pin_list>
<bind>
<StgValue><ssdm name="p_ZL12conv1_weight_2"/><MemPortTyVec>1 </MemPortTyVec>
</StgValue>
</bind>
</comp>

<comp id="98" class="1000" name="p_ZL12conv1_weight_3">
<pin_list>
<pin id="99" dir="1" index="0" bw="1" slack="0"/>
</pin_list>
<bind>
<StgValue><ssdm name="p_ZL12conv1_weight_3"/><MemPortTyVec>1 </MemPortTyVec>
</StgValue>
</bind>
</comp>

<comp id="100" class="1000" name="p_ZL12conv1_weight_4">
<pin_list>
<pin id="101" dir="1" index="0" bw="1" slack="0"/>
</pin_list>
<bind>
<StgValue><ssdm name="p_ZL12conv1_weight_4"/><MemPortTyVec>1 </MemPortTyVec>
</StgValue>
</bind>
</comp>

<comp id="102" class="1000" name="conv1_multiplier">
<pin_list>
<pin id="103" dir="1" index="0" bw="1" slack="0"/>
</pin_list>
<bind>
<StgValue><ssdm name="conv1_multiplier"/><MemPortTyVec>1 </MemPortTyVec>
</StgValue>
</bind>
</comp>

<comp id="104" class="1000" name="conv1_shift">
<pin_list>
<pin id="105" dir="1" index="0" bw="1" slack="0"/>
</pin_list>
<bind>
<StgValue><ssdm name="conv1_shift"/><MemPortTyVec>1 </MemPortTyVec>
</StgValue>
</bind>
</comp>

<comp id="106" class="1001" name="const_106">
<pin_list>
<pin id="107" dir="1" index="0" bw="1" slack="0"/>
</pin_list>
<bind>
<StgValue><ssdm name=""/></StgValue>
</bind>
</comp>

<comp id="108" class="1001" name="const_108">
<pin_list>
<pin id="109" dir="1" index="0" bw="1" slack="0"/>
</pin_list>
<bind>
<StgValue><ssdm name=""/></StgValue>
</bind>
</comp>

<comp id="110" class="1001" name="const_110">
<pin_list>
<pin id="111" dir="1" index="0" bw="1" slack="0"/>
</pin_list>
<bind>
<StgValue><ssdm name=""/></StgValue>
</bind>
</comp>

<comp id="112" class="1001" name="const_112">
<pin_list>
<pin id="113" dir="1" index="0" bw="1" slack="0"/>
</pin_list>
<bind>
<StgValue><ssdm name=""/></StgValue>
</bind>
</comp>

<comp id="114" class="1001" name="const_114">
<pin_list>
<pin id="115" dir="1" index="0" bw="1" slack="0"/>
</pin_list>
<bind>
<StgValue><ssdm name=""/></StgValue>
</bind>
</comp>

<comp id="116" class="1001" name="const_116">
<pin_list>
<pin id="117" dir="1" index="0" bw="1" slack="0"/>
</pin_list>
<bind>
<StgValue><ssdm name=""/></StgValue>
</bind>
</comp>

<comp id="118" class="1001" name="const_118">
<pin_list>
<pin id="119" dir="1" index="0" bw="1" slack="0"/>
</pin_list>
<bind>
<StgValue><ssdm name=""/></StgValue>
</bind>
</comp>

<comp id="120" class="1001" name="const_120">
<pin_list>
<pin id="121" dir="1" index="0" bw="1" slack="0"/>
</pin_list>
<bind>
<StgValue><ssdm name=""/></StgValue>
</bind>
</comp>

<comp id="122" class="1001" name="const_122">
<pin_list>
<pin id="123" dir="1" index="0" bw="1" slack="0"/>
</pin_list>
<bind>
<StgValue><ssdm name=""/></StgValue>
</bind>
</comp>

<comp id="124" class="1001" name="const_124">
<pin_list>
<pin id="125" dir="1" index="0" bw="1" slack="0"/>
</pin_list>
<bind>
<StgValue><ssdm name=""/></StgValue>
</bind>
</comp>

<comp id="126" class="1001" name="const_126">
<pin_list>
<pin id="127" dir="1" index="0" bw="1" slack="0"/>
</pin_list>
<bind>
<StgValue><ssdm name=""/></StgValue>
</bind>
</comp>

<comp id="128" class="1001" name="const_128">
<pin_list>
<pin id="129" dir="1" index="0" bw="1" slack="0"/>
</pin_list>
<bind>
<StgValue><ssdm name=""/></StgValue>
</bind>
</comp>

<comp id="130" class="1001" name="const_130">
<pin_list>
<pin id="131" dir="1" index="0" bw="1" slack="0"/>
</pin_list>
<bind>
<StgValue><ssdm name=""/></StgValue>
</bind>
</comp>

<comp id="132" class="1001" name="const_132">
<pin_list>
<pin id="133" dir="1" index="0" bw="1" slack="0"/>
</pin_list>
<bind>
<StgValue><ssdm name=""/></StgValue>
</bind>
</comp>

<comp id="134" class="1001" name="const_134">
<pin_list>
<pin id="135" dir="1" index="0" bw="1" slack="0"/>
</pin_list>
<bind>
<StgValue><ssdm name=""/></StgValue>
</bind>
</comp>

<comp id="136" class="1001" name="const_136">
<pin_list>
<pin id="137" dir="1" index="0" bw="1" slack="0"/>
</pin_list>
<bind>
<StgValue><ssdm name=""/></StgValue>
</bind>
</comp>

<comp id="138" class="1001" name="const_138">
<pin_list>
<pin id="139" dir="1" index="0" bw="1" slack="0"/>
</pin_list>
<bind>
<StgValue><ssdm name=""/></StgValue>
</bind>
</comp>

<comp id="140" class="1001" name="const_140">
<pin_list>
<pin id="141" dir="1" index="0" bw="1" slack="0"/>
</pin_list>
<bind>
<StgValue><ssdm name="_ssdm_op_BitConcatenate.i7.i6.i1"/></StgValue>
</bind>
</comp>

<comp id="142" class="1001" name="const_142">
<pin_list>
<pin id="143" dir="1" index="0" bw="1" slack="0"/>
</pin_list>
<bind>
<StgValue><ssdm name=""/></StgValue>
</bind>
</comp>

<comp id="144" class="1001" name="const_144">
<pin_list>
<pin id="145" dir="1" index="0" bw="1" slack="0"/>
</pin_list>
<bind>
<StgValue><ssdm name=""/></StgValue>
</bind>
</comp>

<comp id="146" class="1001" name="const_146">
<pin_list>
<pin id="147" dir="1" index="0" bw="1" slack="0"/>
</pin_list>
<bind>
<StgValue><ssdm name=""/></StgValue>
</bind>
</comp>

<comp id="148" class="1001" name="const_148">
<pin_list>
<pin id="149" dir="1" index="0" bw="1" slack="0"/>
</pin_list>
<bind>
<StgValue><ssdm name=""/></StgValue>
</bind>
</comp>

<comp id="150" class="1001" name="const_150">
<pin_list>
<pin id="151" dir="1" index="0" bw="1" slack="0"/>
</pin_list>
<bind>
<StgValue><ssdm name=""/></StgValue>
</bind>
</comp>

<comp id="152" class="1001" name="const_152">
<pin_list>
<pin id="153" dir="1" index="0" bw="1" slack="0"/>
</pin_list>
<bind>
<StgValue><ssdm name="_ssdm_op_PartSelect.i5.i15.i32.i32"/></StgValue>
</bind>
</comp>

<comp id="154" class="1001" name="const_154">
<pin_list>
<pin id="155" dir="1" index="0" bw="1" slack="0"/>
</pin_list>
<bind>
<StgValue><ssdm name=""/></StgValue>
</bind>
</comp>

<comp id="156" class="1001" name="const_156">
<pin_list>
<pin id="157" dir="1" index="0" bw="1" slack="0"/>
</pin_list>
<bind>
<StgValue><ssdm name=""/></StgValue>
</bind>
</comp>

<comp id="158" class="1001" name="const_158">
<pin_list>
<pin id="159" dir="1" index="0" bw="1" slack="0"/>
</pin_list>
<bind>
<StgValue><ssdm name=""/></StgValue>
</bind>
</comp>

<comp id="160" class="1001" name="const_160">
<pin_list>
<pin id="161" dir="1" index="0" bw="1" slack="0"/>
</pin_list>
<bind>
<StgValue><ssdm name="_ssdm_op_PartSelect.i62.i129.i32.i32"/></StgValue>
</bind>
</comp>

<comp id="162" class="1001" name="const_162">
<pin_list>
<pin id="163" dir="1" index="0" bw="1" slack="0"/>
</pin_list>
<bind>
<StgValue><ssdm name=""/></StgValue>
</bind>
</comp>

<comp id="164" class="1001" name="const_164">
<pin_list>
<pin id="165" dir="1" index="0" bw="1" slack="0"/>
</pin_list>
<bind>
<StgValue><ssdm name=""/></StgValue>
</bind>
</comp>

<comp id="166" class="1001" name="const_166">
<pin_list>
<pin id="167" dir="1" index="0" bw="1" slack="0"/>
</pin_list>
<bind>
<StgValue><ssdm name=""/></StgValue>
</bind>
</comp>

<comp id="168" class="1001" name="const_168">
<pin_list>
<pin id="169" dir="1" index="0" bw="1" slack="0"/>
</pin_list>
<bind>
<StgValue><ssdm name=""/></StgValue>
</bind>
</comp>

<comp id="170" class="1001" name="const_170">
<pin_list>
<pin id="171" dir="1" index="0" bw="1" slack="0"/>
</pin_list>
<bind>
<StgValue><ssdm name=""/></StgValue>
</bind>
</comp>

<comp id="172" class="1001" name="const_172">
<pin_list>
<pin id="173" dir="1" index="0" bw="1" slack="0"/>
</pin_list>
<bind>
<StgValue><ssdm name="_ssdm_op_PartSelect.i4.i13.i32.i32"/></StgValue>
</bind>
</comp>

<comp id="174" class="1001" name="const_174">
<pin_list>
<pin id="175" dir="1" index="0" bw="1" slack="0"/>
</pin_list>
<bind>
<StgValue><ssdm name=""/></StgValue>
</bind>
</comp>

<comp id="176" class="1001" name="const_176">
<pin_list>
<pin id="177" dir="1" index="0" bw="1" slack="0"/>
</pin_list>
<bind>
<StgValue><ssdm name=""/></StgValue>
</bind>
</comp>

<comp id="178" class="1001" name="const_178">
<pin_list>
<pin id="179" dir="1" index="0" bw="1" slack="0"/>
</pin_list>
<bind>
<StgValue><ssdm name=""/></StgValue>
</bind>
</comp>

<comp id="180" class="1001" name="const_180">
<pin_list>
<pin id="181" dir="1" index="0" bw="1" slack="0"/>
</pin_list>
<bind>
<StgValue><ssdm name=""/></StgValue>
</bind>
</comp>

<comp id="182" class="1001" name="const_182">
<pin_list>
<pin id="183" dir="1" index="0" bw="1" slack="0"/>
</pin_list>
<bind>
<StgValue><ssdm name="_ssdm_op_SparseMux.ap_auto.5i8.i8.i3"/></StgValue>
</bind>
</comp>

<comp id="184" class="1001" name="const_184">
<pin_list>
<pin id="185" dir="1" index="0" bw="1" slack="0"/>
</pin_list>
<bind>
<StgValue><ssdm name=""/></StgValue>
</bind>
</comp>

<comp id="186" class="1001" name="const_186">
<pin_list>
<pin id="187" dir="1" index="0" bw="1" slack="0"/>
</pin_list>
<bind>
<StgValue><ssdm name=""/></StgValue>
</bind>
</comp>

<comp id="188" class="1001" name="const_188">
<pin_list>
<pin id="189" dir="1" index="0" bw="1" slack="0"/>
</pin_list>
<bind>
<StgValue><ssdm name=""/></StgValue>
</bind>
</comp>

<comp id="190" class="1001" name="const_190">
<pin_list>
<pin id="191" dir="1" index="0" bw="1" slack="0"/>
</pin_list>
<bind>
<StgValue><ssdm name=""/></StgValue>
</bind>
</comp>

<comp id="192" class="1001" name="const_192">
<pin_list>
<pin id="193" dir="1" index="0" bw="1" slack="2147483647"/>
</pin_list>
<bind>
<StgValue><ssdm name="_ssdm_op_SpecLoopName"/></StgValue>
</bind>
</comp>

<comp id="194" class="1001" name="const_194">
<pin_list>
<pin id="195" dir="1" index="0" bw="1" slack="2147483647"/>
</pin_list>
<bind>
<StgValue><ssdm name="VITIS_LOOP_68_2_VITIS_LOOP_69_3_str"/></StgValue>
</bind>
</comp>

<comp id="196" class="1001" name="const_196">
<pin_list>
<pin id="197" dir="1" index="0" bw="1" slack="2147483647"/>
</pin_list>
<bind>
<StgValue><ssdm name="_ssdm_op_SpecLoopTripCount"/></StgValue>
</bind>
</comp>

<comp id="198" class="1001" name="const_198">
<pin_list>
<pin id="199" dir="1" index="0" bw="1" slack="2147483647"/>
</pin_list>
<bind>
<StgValue><ssdm name=""/></StgValue>
</bind>
</comp>

<comp id="200" class="1001" name="const_200">
<pin_list>
<pin id="201" dir="1" index="0" bw="1" slack="2147483647"/>
</pin_list>
<bind>
<StgValue><ssdm name="_ssdm_op_SpecPipeline"/></StgValue>
</bind>
</comp>

<comp id="202" class="1001" name="const_202">
<pin_list>
<pin id="203" dir="1" index="0" bw="1" slack="2147483647"/>
</pin_list>
<bind>
<StgValue><ssdm name=""/></StgValue>
</bind>
</comp>

<comp id="204" class="1001" name="const_204">
<pin_list>
<pin id="205" dir="1" index="0" bw="1" slack="2147483647"/>
</pin_list>
<bind>
<StgValue><ssdm name=""/></StgValue>
</bind>
</comp>

<comp id="206" class="1001" name="const_206">
<pin_list>
<pin id="207" dir="1" index="0" bw="1" slack="2147483647"/>
</pin_list>
<bind>
<StgValue><ssdm name="empty_4"/></StgValue>
</bind>
</comp>

<comp id="208" class="1001" name="const_208">
<pin_list>
<pin id="209" dir="1" index="0" bw="1" slack="0"/>
</pin_list>
<bind>
<StgValue><ssdm name="_ssdm_op_BitSelect.i1.i49.i32"/></StgValue>
</bind>
</comp>

<comp id="210" class="1001" name="const_210">
<pin_list>
<pin id="211" dir="1" index="0" bw="1" slack="0"/>
</pin_list>
<bind>
<StgValue><ssdm name=""/></StgValue>
</bind>
</comp>

<comp id="212" class="1001" name="const_212">
<pin_list>
<pin id="213" dir="1" index="0" bw="1" slack="0"/>
</pin_list>
<bind>
<StgValue><ssdm name=""/></StgValue>
</bind>
</comp>

<comp id="214" class="1001" name="const_214">
<pin_list>
<pin id="215" dir="1" index="0" bw="1" slack="0"/>
</pin_list>
<bind>
<StgValue><ssdm name="_ssdm_op_PartSelect.i6.i13.i32.i32"/></StgValue>
</bind>
</comp>

<comp id="216" class="1001" name="const_216">
<pin_list>
<pin id="217" dir="1" index="0" bw="1" slack="0"/>
</pin_list>
<bind>
<StgValue><ssdm name=""/></StgValue>
</bind>
</comp>

<comp id="218" class="1001" name="const_218">
<pin_list>
<pin id="219" dir="1" index="0" bw="1" slack="0"/>
</pin_list>
<bind>
<StgValue><ssdm name=""/></StgValue>
</bind>
</comp>

<comp id="220" class="1004" name="oc_fu_220">
<pin_list>
<pin id="221" dir="0" index="0" bw="1" slack="0"/>
<pin id="222" dir="1" index="1" bw="4" slack="0"/>
</pin_list>
<bind>
<opcode="alloca(26) " fcode="alloca"/>
<opset="oc/1 "/>
</bind>
</comp>

<comp id="224" class="1004" name="out_idx_fu_224">
<pin_list>
<pin id="225" dir="0" index="0" bw="1" slack="0"/>
<pin id="226" dir="1" index="1" bw="6" slack="0"/>
</pin_list>
<bind>
<opcode="alloca(26) " fcode="alloca"/>
<opset="out_idx/1 "/>
</bind>
</comp>

<comp id="228" class="1004" name="indvar_flatten_fu_228">
<pin_list>
<pin id="229" dir="0" index="0" bw="1" slack="0"/>
<pin id="230" dir="1" index="1" bw="9" slack="0"/>
</pin_list>
<bind>
<opcode="alloca(26) " fcode="alloca"/>
<opset="indvar_flatten/1 "/>
</bind>
</comp>

<comp id="232" class="1004" name="local_ecg_addr_gep_fu_232">
<pin_list>
<pin id="233" dir="0" index="0" bw="8" slack="0"/>
<pin id="234" dir="0" index="1" bw="1" slack="0"/>
<pin id="235" dir="0" index="2" bw="62" slack="0"/>
<pin id="236" dir="1" index="3" bw="5" slack="0"/>
</pin_list>
<bind>
<opcode="getelementptr(29) " fcode="getelementptr"/>
<opset="local_ecg_addr/10 "/>
</bind>
</comp>

<comp id="239" class="1004" name="local_ecg_1_addr_gep_fu_239">
<pin_list>
<pin id="240" dir="0" index="0" bw="8" slack="0"/>
<pin id="241" dir="0" index="1" bw="1" slack="0"/>
<pin id="242" dir="0" index="2" bw="62" slack="0"/>
<pin id="243" dir="1" index="3" bw="5" slack="0"/>
</pin_list>
<bind>
<opcode="getelementptr(29) " fcode="getelementptr"/>
<opset="local_ecg_1_addr/10 "/>
</bind>
</comp>

<comp id="246" class="1004" name="local_ecg_2_addr_gep_fu_246">
<pin_list>
<pin id="247" dir="0" index="0" bw="8" slack="0"/>
<pin id="248" dir="0" index="1" bw="1" slack="0"/>
<pin id="249" dir="0" index="2" bw="62" slack="0"/>
<pin id="250" dir="1" index="3" bw="5" slack="0"/>
</pin_list>
<bind>
<opcode="getelementptr(29) " fcode="getelementptr"/>
<opset="local_ecg_2_addr/10 "/>
</bind>
</comp>

<comp id="253" class="1004" name="local_ecg_3_addr_gep_fu_253">
<pin_list>
<pin id="254" dir="0" index="0" bw="8" slack="0"/>
<pin id="255" dir="0" index="1" bw="1" slack="0"/>
<pin id="256" dir="0" index="2" bw="62" slack="0"/>
<pin id="257" dir="1" index="3" bw="5" slack="0"/>
</pin_list>
<bind>
<opcode="getelementptr(29) " fcode="getelementptr"/>
<opset="local_ecg_3_addr/10 "/>
</bind>
</comp>

<comp id="260" class="1004" name="local_ecg_4_addr_gep_fu_260">
<pin_list>
<pin id="261" dir="0" index="0" bw="8" slack="0"/>
<pin id="262" dir="0" index="1" bw="1" slack="0"/>
<pin id="263" dir="0" index="2" bw="62" slack="0"/>
<pin id="264" dir="1" index="3" bw="5" slack="0"/>
</pin_list>
<bind>
<opcode="getelementptr(29) " fcode="getelementptr"/>
<opset="local_ecg_4_addr/10 "/>
</bind>
</comp>

<comp id="267" class="1004" name="local_ecg_addr_1_gep_fu_267">
<pin_list>
<pin id="268" dir="0" index="0" bw="8" slack="0"/>
<pin id="269" dir="0" index="1" bw="1" slack="0"/>
<pin id="270" dir="0" index="2" bw="62" slack="0"/>
<pin id="271" dir="1" index="3" bw="5" slack="0"/>
</pin_list>
<bind>
<opcode="getelementptr(29) " fcode="getelementptr"/>
<opset="local_ecg_addr_1/10 "/>
</bind>
</comp>

<comp id="274" class="1004" name="local_ecg_1_addr_1_gep_fu_274">
<pin_list>
<pin id="275" dir="0" index="0" bw="8" slack="0"/>
<pin id="276" dir="0" index="1" bw="1" slack="0"/>
<pin id="277" dir="0" index="2" bw="62" slack="0"/>
<pin id="278" dir="1" index="3" bw="5" slack="0"/>
</pin_list>
<bind>
<opcode="getelementptr(29) " fcode="getelementptr"/>
<opset="local_ecg_1_addr_1/10 "/>
</bind>
</comp>

<comp id="281" class="1004" name="local_ecg_2_addr_1_gep_fu_281">
<pin_list>
<pin id="282" dir="0" index="0" bw="8" slack="0"/>
<pin id="283" dir="0" index="1" bw="1" slack="0"/>
<pin id="284" dir="0" index="2" bw="62" slack="0"/>
<pin id="285" dir="1" index="3" bw="5" slack="0"/>
</pin_list>
<bind>
<opcode="getelementptr(29) " fcode="getelementptr"/>
<opset="local_ecg_2_addr_1/10 "/>
</bind>
</comp>

<comp id="288" class="1004" name="local_ecg_3_addr_1_gep_fu_288">
<pin_list>
<pin id="289" dir="0" index="0" bw="8" slack="0"/>
<pin id="290" dir="0" index="1" bw="1" slack="0"/>
<pin id="291" dir="0" index="2" bw="62" slack="0"/>
<pin id="292" dir="1" index="3" bw="5" slack="0"/>
</pin_list>
<bind>
<opcode="getelementptr(29) " fcode="getelementptr"/>
<opset="local_ecg_3_addr_1/10 "/>
</bind>
</comp>

<comp id="295" class="1004" name="local_ecg_4_addr_1_gep_fu_295">
<pin_list>
<pin id="296" dir="0" index="0" bw="8" slack="0"/>
<pin id="297" dir="0" index="1" bw="1" slack="0"/>
<pin id="298" dir="0" index="2" bw="62" slack="0"/>
<pin id="299" dir="1" index="3" bw="5" slack="0"/>
</pin_list>
<bind>
<opcode="getelementptr(29) " fcode="getelementptr"/>
<opset="local_ecg_4_addr_1/10 "/>
</bind>
</comp>

<comp id="302" class="1004" name="local_ecg_addr_2_gep_fu_302">
<pin_list>
<pin id="303" dir="0" index="0" bw="8" slack="0"/>
<pin id="304" dir="0" index="1" bw="1" slack="0"/>
<pin id="305" dir="0" index="2" bw="5" slack="0"/>
<pin id="306" dir="1" index="3" bw="5" slack="0"/>
</pin_list>
<bind>
<opcode="getelementptr(29) " fcode="getelementptr"/>
<opset="local_ecg_addr_2/10 "/>
</bind>
</comp>

<comp id="309" class="1004" name="local_ecg_1_addr_2_gep_fu_309">
<pin_list>
<pin id="310" dir="0" index="0" bw="8" slack="0"/>
<pin id="311" dir="0" index="1" bw="1" slack="0"/>
<pin id="312" dir="0" index="2" bw="5" slack="0"/>
<pin id="313" dir="1" index="3" bw="5" slack="0"/>
</pin_list>
<bind>
<opcode="getelementptr(29) " fcode="getelementptr"/>
<opset="local_ecg_1_addr_2/10 "/>
</bind>
</comp>

<comp id="316" class="1004" name="local_ecg_2_addr_2_gep_fu_316">
<pin_list>
<pin id="317" dir="0" index="0" bw="8" slack="0"/>
<pin id="318" dir="0" index="1" bw="1" slack="0"/>
<pin id="319" dir="0" index="2" bw="5" slack="0"/>
<pin id="320" dir="1" index="3" bw="5" slack="0"/>
</pin_list>
<bind>
<opcode="getelementptr(29) " fcode="getelementptr"/>
<opset="local_ecg_2_addr_2/10 "/>
</bind>
</comp>

<comp id="323" class="1004" name="local_ecg_3_addr_2_gep_fu_323">
<pin_list>
<pin id="324" dir="0" index="0" bw="8" slack="0"/>
<pin id="325" dir="0" index="1" bw="1" slack="0"/>
<pin id="326" dir="0" index="2" bw="5" slack="0"/>
<pin id="327" dir="1" index="3" bw="5" slack="0"/>
</pin_list>
<bind>
<opcode="getelementptr(29) " fcode="getelementptr"/>
<opset="local_ecg_3_addr_2/10 "/>
</bind>
</comp>

<comp id="330" class="1004" name="local_ecg_4_addr_2_gep_fu_330">
<pin_list>
<pin id="331" dir="0" index="0" bw="8" slack="0"/>
<pin id="332" dir="0" index="1" bw="1" slack="0"/>
<pin id="333" dir="0" index="2" bw="5" slack="0"/>
<pin id="334" dir="1" index="3" bw="5" slack="0"/>
</pin_list>
<bind>
<opcode="getelementptr(29) " fcode="getelementptr"/>
<opset="local_ecg_4_addr_2/10 "/>
</bind>
</comp>

<comp id="337" class="1004" name="local_ecg_addr_3_gep_fu_337">
<pin_list>
<pin id="338" dir="0" index="0" bw="8" slack="0"/>
<pin id="339" dir="0" index="1" bw="1" slack="0"/>
<pin id="340" dir="0" index="2" bw="5" slack="0"/>
<pin id="341" dir="1" index="3" bw="5" slack="0"/>
</pin_list>
<bind>
<opcode="getelementptr(29) " fcode="getelementptr"/>
<opset="local_ecg_addr_3/10 "/>
</bind>
</comp>

<comp id="344" class="1004" name="local_ecg_1_addr_3_gep_fu_344">
<pin_list>
<pin id="345" dir="0" index="0" bw="8" slack="0"/>
<pin id="346" dir="0" index="1" bw="1" slack="0"/>
<pin id="347" dir="0" index="2" bw="5" slack="0"/>
<pin id="348" dir="1" index="3" bw="5" slack="0"/>
</pin_list>
<bind>
<opcode="getelementptr(29) " fcode="getelementptr"/>
<opset="local_ecg_1_addr_3/10 "/>
</bind>
</comp>

<comp id="351" class="1004" name="local_ecg_2_addr_3_gep_fu_351">
<pin_list>
<pin id="352" dir="0" index="0" bw="8" slack="0"/>
<pin id="353" dir="0" index="1" bw="1" slack="0"/>
<pin id="354" dir="0" index="2" bw="5" slack="0"/>
<pin id="355" dir="1" index="3" bw="5" slack="0"/>
</pin_list>
<bind>
<opcode="getelementptr(29) " fcode="getelementptr"/>
<opset="local_ecg_2_addr_3/10 "/>
</bind>
</comp>

<comp id="358" class="1004" name="local_ecg_3_addr_3_gep_fu_358">
<pin_list>
<pin id="359" dir="0" index="0" bw="8" slack="0"/>
<pin id="360" dir="0" index="1" bw="1" slack="0"/>
<pin id="361" dir="0" index="2" bw="5" slack="0"/>
<pin id="362" dir="1" index="3" bw="5" slack="0"/>
</pin_list>
<bind>
<opcode="getelementptr(29) " fcode="getelementptr"/>
<opset="local_ecg_3_addr_3/10 "/>
</bind>
</comp>

<comp id="365" class="1004" name="local_ecg_4_addr_3_gep_fu_365">
<pin_list>
<pin id="366" dir="0" index="0" bw="8" slack="0"/>
<pin id="367" dir="0" index="1" bw="1" slack="0"/>
<pin id="368" dir="0" index="2" bw="5" slack="0"/>
<pin id="369" dir="1" index="3" bw="5" slack="0"/>
</pin_list>
<bind>
<opcode="getelementptr(29) " fcode="getelementptr"/>
<opset="local_ecg_4_addr_3/10 "/>
</bind>
</comp>

<comp id="372" class="1004" name="local_ecg_addr_4_gep_fu_372">
<pin_list>
<pin id="373" dir="0" index="0" bw="8" slack="0"/>
<pin id="374" dir="0" index="1" bw="1" slack="0"/>
<pin id="375" dir="0" index="2" bw="5" slack="0"/>
<pin id="376" dir="1" index="3" bw="5" slack="0"/>
</pin_list>
<bind>
<opcode="getelementptr(29) " fcode="getelementptr"/>
<opset="local_ecg_addr_4/10 "/>
</bind>
</comp>

<comp id="379" class="1004" name="local_ecg_1_addr_4_gep_fu_379">
<pin_list>
<pin id="380" dir="0" index="0" bw="8" slack="0"/>
<pin id="381" dir="0" index="1" bw="1" slack="0"/>
<pin id="382" dir="0" index="2" bw="5" slack="0"/>
<pin id="383" dir="1" index="3" bw="5" slack="0"/>
</pin_list>
<bind>
<opcode="getelementptr(29) " fcode="getelementptr"/>
<opset="local_ecg_1_addr_4/10 "/>
</bind>
</comp>

<comp id="386" class="1004" name="local_ecg_2_addr_4_gep_fu_386">
<pin_list>
<pin id="387" dir="0" index="0" bw="8" slack="0"/>
<pin id="388" dir="0" index="1" bw="1" slack="0"/>
<pin id="389" dir="0" index="2" bw="5" slack="0"/>
<pin id="390" dir="1" index="3" bw="5" slack="0"/>
</pin_list>
<bind>
<opcode="getelementptr(29) " fcode="getelementptr"/>
<opset="local_ecg_2_addr_4/10 "/>
</bind>
</comp>

<comp id="393" class="1004" name="local_ecg_3_addr_4_gep_fu_393">
<pin_list>
<pin id="394" dir="0" index="0" bw="8" slack="0"/>
<pin id="395" dir="0" index="1" bw="1" slack="0"/>
<pin id="396" dir="0" index="2" bw="5" slack="0"/>
<pin id="397" dir="1" index="3" bw="5" slack="0"/>
</pin_list>
<bind>
<opcode="getelementptr(29) " fcode="getelementptr"/>
<opset="local_ecg_3_addr_4/10 "/>
</bind>
</comp>

<comp id="400" class="1004" name="local_ecg_4_addr_4_gep_fu_400">
<pin_list>
<pin id="401" dir="0" index="0" bw="8" slack="0"/>
<pin id="402" dir="0" index="1" bw="1" slack="0"/>
<pin id="403" dir="0" index="2" bw="5" slack="0"/>
<pin id="404" dir="1" index="3" bw="5" slack="0"/>
</pin_list>
<bind>
<opcode="getelementptr(29) " fcode="getelementptr"/>
<opset="local_ecg_4_addr_4/10 "/>
</bind>
</comp>

<comp id="407" class="1004" name="grp_access_fu_407">
<pin_list>
<pin id="408" dir="0" index="0" bw="5" slack="0"/>
<pin id="409" dir="0" index="1" bw="8" slack="2147483647"/>
<pin id="410" dir="0" index="2" bw="0" slack="2147483647"/>
<pin id="411" dir="1" index="3" bw="8" slack="0"/>
</pin_list>
<bind>
<opcode="load(27) " fcode="load"/>
<opset="local_ecg_load/10 local_ecg_load_1/10 local_ecg_load_2/10 local_ecg_load_3/10 local_ecg_load_4/10 "/>
</bind>
</comp>

<comp id="413" class="1004" name="grp_access_fu_413">
<pin_list>
<pin id="414" dir="0" index="0" bw="5" slack="0"/>
<pin id="415" dir="0" index="1" bw="8" slack="2147483647"/>
<pin id="416" dir="0" index="2" bw="0" slack="2147483647"/>
<pin id="417" dir="1" index="3" bw="8" slack="0"/>
</pin_list>
<bind>
<opcode="load(27) " fcode="load"/>
<opset="local_ecg_1_load/10 local_ecg_1_load_1/10 local_ecg_1_load_2/10 local_ecg_1_load_3/10 local_ecg_1_load_4/10 "/>
</bind>
</comp>

<comp id="419" class="1004" name="grp_access_fu_419">
<pin_list>
<pin id="420" dir="0" index="0" bw="5" slack="0"/>
<pin id="421" dir="0" index="1" bw="8" slack="2147483647"/>
<pin id="422" dir="0" index="2" bw="0" slack="2147483647"/>
<pin id="423" dir="1" index="3" bw="8" slack="0"/>
</pin_list>
<bind>
<opcode="load(27) " fcode="load"/>
<opset="local_ecg_2_load/10 local_ecg_2_load_1/10 local_ecg_2_load_2/10 local_ecg_2_load_3/10 local_ecg_2_load_4/10 "/>
</bind>
</comp>

<comp id="425" class="1004" name="grp_access_fu_425">
<pin_list>
<pin id="426" dir="0" index="0" bw="5" slack="0"/>
<pin id="427" dir="0" index="1" bw="8" slack="2147483647"/>
<pin id="428" dir="0" index="2" bw="0" slack="2147483647"/>
<pin id="429" dir="1" index="3" bw="8" slack="0"/>
</pin_list>
<bind>
<opcode="load(27) " fcode="load"/>
<opset="local_ecg_3_load/10 local_ecg_3_load_1/10 local_ecg_3_load_2/10 local_ecg_3_load_3/10 local_ecg_3_load_4/10 "/>
</bind>
</comp>

<comp id="431" class="1004" name="grp_access_fu_431">
<pin_list>
<pin id="432" dir="0" index="0" bw="5" slack="0"/>
<pin id="433" dir="0" index="1" bw="8" slack="2147483647"/>
<pin id="434" dir="0" index="2" bw="0" slack="2147483647"/>
<pin id="435" dir="1" index="3" bw="8" slack="0"/>
</pin_list>
<bind>
<opcode="load(27) " fcode="load"/>
<opset="local_ecg_4_load/10 local_ecg_4_load_1/10 local_ecg_4_load_2/10 local_ecg_4_load_3/10 local_ecg_4_load_4/10 "/>
</bind>
</comp>

<comp id="457" class="1004" name="p_ZL12conv1_weight_1_addr_gep_fu_457">
<pin_list>
<pin id="458" dir="0" index="0" bw="8" slack="0"/>
<pin id="459" dir="0" index="1" bw="1" slack="0"/>
<pin id="460" dir="0" index="2" bw="4" slack="0"/>
<pin id="461" dir="1" index="3" bw="3" slack="0"/>
</pin_list>
<bind>
<opcode="getelementptr(29) " fcode="getelementptr"/>
<opset="p_ZL12conv1_weight_1_addr/10 "/>
</bind>
</comp>

<comp id="464" class="1004" name="grp_access_fu_464">
<pin_list>
<pin id="465" dir="0" index="0" bw="3" slack="0"/>
<pin id="466" dir="0" index="1" bw="8" slack="2147483647"/>
<pin id="467" dir="0" index="2" bw="0" slack="2147483647"/>
<pin id="468" dir="1" index="3" bw="8" slack="0"/>
</pin_list>
<bind>
<opcode="load(27) " fcode="load"/>
<opset="p_ZL12conv1_weight_1_load/10 "/>
</bind>
</comp>

<comp id="470" class="1004" name="p_ZL12conv1_weight_3_addr_gep_fu_470">
<pin_list>
<pin id="471" dir="0" index="0" bw="8" slack="0"/>
<pin id="472" dir="0" index="1" bw="1" slack="0"/>
<pin id="473" dir="0" index="2" bw="4" slack="0"/>
<pin id="474" dir="1" index="3" bw="3" slack="0"/>
</pin_list>
<bind>
<opcode="getelementptr(29) " fcode="getelementptr"/>
<opset="p_ZL12conv1_weight_3_addr/10 "/>
</bind>
</comp>

<comp id="477" class="1004" name="grp_access_fu_477">
<pin_list>
<pin id="478" dir="0" index="0" bw="3" slack="0"/>
<pin id="479" dir="0" index="1" bw="8" slack="2147483647"/>
<pin id="480" dir="0" index="2" bw="0" slack="2147483647"/>
<pin id="481" dir="1" index="3" bw="8" slack="0"/>
</pin_list>
<bind>
<opcode="load(27) " fcode="load"/>
<opset="p_ZL12conv1_weight_3_load/10 "/>
</bind>
</comp>

<comp id="483" class="1004" name="p_ZL12conv1_weight_2_addr_gep_fu_483">
<pin_list>
<pin id="484" dir="0" index="0" bw="8" slack="0"/>
<pin id="485" dir="0" index="1" bw="1" slack="0"/>
<pin id="486" dir="0" index="2" bw="4" slack="1"/>
<pin id="487" dir="1" index="3" bw="3" slack="0"/>
</pin_list>
<bind>
<opcode="getelementptr(29) " fcode="getelementptr"/>
<opset="p_ZL12conv1_weight_2_addr/11 "/>
</bind>
</comp>

<comp id="490" class="1004" name="grp_access_fu_490">
<pin_list>
<pin id="491" dir="0" index="0" bw="3" slack="0"/>
<pin id="492" dir="0" index="1" bw="8" slack="2147483647"/>
<pin id="493" dir="0" index="2" bw="0" slack="2147483647"/>
<pin id="494" dir="1" index="3" bw="8" slack="0"/>
</pin_list>
<bind>
<opcode="load(27) " fcode="load"/>
<opset="p_ZL12conv1_weight_2_load/11 "/>
</bind>
</comp>

<comp id="496" class="1004" name="conv1_bias_addr_gep_fu_496">
<pin_list>
<pin id="497" dir="0" index="0" bw="13" slack="0"/>
<pin id="498" dir="0" index="1" bw="1" slack="0"/>
<pin id="499" dir="0" index="2" bw="4" slack="2"/>
<pin id="500" dir="1" index="3" bw="3" slack="0"/>
</pin_list>
<bind>
<opcode="getelementptr(29) " fcode="getelementptr"/>
<opset="conv1_bias_addr/12 "/>
</bind>
</comp>

<comp id="503" class="1004" name="grp_access_fu_503">
<pin_list>
<pin id="504" dir="0" index="0" bw="3" slack="0"/>
<pin id="505" dir="0" index="1" bw="13" slack="2147483647"/>
<pin id="506" dir="0" index="2" bw="0" slack="2147483647"/>
<pin id="507" dir="1" index="3" bw="13" slack="1"/>
</pin_list>
<bind>
<opcode="load(27) " fcode="load"/>
<opset="acc/12 "/>
</bind>
</comp>

<comp id="509" class="1004" name="p_ZL12conv1_weight_0_addr_gep_fu_509">
<pin_list>
<pin id="510" dir="0" index="0" bw="8" slack="0"/>
<pin id="511" dir="0" index="1" bw="1" slack="0"/>
<pin id="512" dir="0" index="2" bw="4" slack="2"/>
<pin id="513" dir="1" index="3" bw="3" slack="0"/>
</pin_list>
<bind>
<opcode="getelementptr(29) " fcode="getelementptr"/>
<opset="p_ZL12conv1_weight_0_addr/12 "/>
</bind>
</comp>

<comp id="516" class="1004" name="grp_access_fu_516">
<pin_list>
<pin id="517" dir="0" index="0" bw="3" slack="0"/>
<pin id="518" dir="0" index="1" bw="8" slack="2147483647"/>
<pin id="519" dir="0" index="2" bw="0" slack="2147483647"/>
<pin id="520" dir="1" index="3" bw="8" slack="0"/>
</pin_list>
<bind>
<opcode="load(27) " fcode="load"/>
<opset="p_ZL12conv1_weight_0_load/12 "/>
</bind>
</comp>

<comp id="522" class="1004" name="p_ZL12conv1_weight_4_addr_gep_fu_522">
<pin_list>
<pin id="523" dir="0" index="0" bw="8" slack="0"/>
<pin id="524" dir="0" index="1" bw="1" slack="0"/>
<pin id="525" dir="0" index="2" bw="4" slack="2"/>
<pin id="526" dir="1" index="3" bw="3" slack="0"/>
</pin_list>
<bind>
<opcode="getelementptr(29) " fcode="getelementptr"/>
<opset="p_ZL12conv1_weight_4_addr/12 "/>
</bind>
</comp>

<comp id="529" class="1004" name="grp_access_fu_529">
<pin_list>
<pin id="530" dir="0" index="0" bw="3" slack="0"/>
<pin id="531" dir="0" index="1" bw="8" slack="2147483647"/>
<pin id="532" dir="0" index="2" bw="0" slack="2147483647"/>
<pin id="533" dir="1" index="3" bw="8" slack="0"/>
</pin_list>
<bind>
<opcode="load(27) " fcode="load"/>
<opset="p_ZL12conv1_weight_4_load/12 "/>
</bind>
</comp>

<comp id="535" class="1004" name="conv1_multiplier_addr_gep_fu_535">
<pin_list>
<pin id="536" dir="0" index="0" bw="30" slack="0"/>
<pin id="537" dir="0" index="1" bw="1" slack="0"/>
<pin id="538" dir="0" index="2" bw="4" slack="2"/>
<pin id="539" dir="1" index="3" bw="3" slack="0"/>
</pin_list>
<bind>
<opcode="getelementptr(29) " fcode="getelementptr"/>
<opset="conv1_multiplier_addr/12 "/>
</bind>
</comp>

<comp id="542" class="1004" name="grp_access_fu_542">
<pin_list>
<pin id="543" dir="0" index="0" bw="3" slack="0"/>
<pin id="544" dir="0" index="1" bw="30" slack="2147483647"/>
<pin id="545" dir="0" index="2" bw="0" slack="2147483647"/>
<pin id="546" dir="1" index="3" bw="30" slack="2"/>
</pin_list>
<bind>
<opcode="load(27) " fcode="load"/>
<opset="conv1_multiplier_load/12 "/>
</bind>
</comp>

<comp id="548" class="1004" name="conv1_shift_addr_gep_fu_548">
<pin_list>
<pin id="549" dir="0" index="0" bw="6" slack="0"/>
<pin id="550" dir="0" index="1" bw="1" slack="0"/>
<pin id="551" dir="0" index="2" bw="4" slack="2"/>
<pin id="552" dir="1" index="3" bw="3" slack="0"/>
</pin_list>
<bind>
<opcode="getelementptr(29) " fcode="getelementptr"/>
<opset="conv1_shift_addr/12 "/>
</bind>
</comp>

<comp id="555" class="1004" name="grp_access_fu_555">
<pin_list>
<pin id="556" dir="0" index="0" bw="3" slack="0"/>
<pin id="557" dir="0" index="1" bw="6" slack="2147483647"/>
<pin id="558" dir="0" index="2" bw="0" slack="2147483647"/>
<pin id="559" dir="1" index="3" bw="6" slack="2"/>
</pin_list>
<bind>
<opcode="load(27) " fcode="load"/>
<opset="conv1_shift_load/12 "/>
</bind>
</comp>

<comp id="561" class="1004" name="buffer_c1_addr_gep_fu_561">
<pin_list>
<pin id="562" dir="0" index="0" bw="7" slack="0"/>
<pin id="563" dir="0" index="1" bw="1" slack="0"/>
<pin id="564" dir="0" index="2" bw="4" slack="0"/>
<pin id="565" dir="1" index="3" bw="4" slack="0"/>
</pin_list>
<bind>
<opcode="getelementptr(29) " fcode="getelementptr"/>
<opset="buffer_c1_addr/16 "/>
</bind>
</comp>

<comp id="568" class="1004" name="buffer_c1_1_addr_gep_fu_568">
<pin_list>
<pin id="569" dir="0" index="0" bw="7" slack="0"/>
<pin id="570" dir="0" index="1" bw="1" slack="0"/>
<pin id="571" dir="0" index="2" bw="4" slack="0"/>
<pin id="572" dir="1" index="3" bw="4" slack="0"/>
</pin_list>
<bind>
<opcode="getelementptr(29) " fcode="getelementptr"/>
<opset="buffer_c1_1_addr/16 "/>
</bind>
</comp>

<comp id="575" class="1004" name="buffer_c1_2_addr_gep_fu_575">
<pin_list>
<pin id="576" dir="0" index="0" bw="7" slack="0"/>
<pin id="577" dir="0" index="1" bw="1" slack="0"/>
<pin id="578" dir="0" index="2" bw="4" slack="0"/>
<pin id="579" dir="1" index="3" bw="4" slack="0"/>
</pin_list>
<bind>
<opcode="getelementptr(29) " fcode="getelementptr"/>
<opset="buffer_c1_2_addr/16 "/>
</bind>
</comp>

<comp id="582" class="1004" name="buffer_c1_3_addr_gep_fu_582">
<pin_list>
<pin id="583" dir="0" index="0" bw="7" slack="0"/>
<pin id="584" dir="0" index="1" bw="1" slack="0"/>
<pin id="585" dir="0" index="2" bw="4" slack="0"/>
<pin id="586" dir="1" index="3" bw="4" slack="0"/>
</pin_list>
<bind>
<opcode="getelementptr(29) " fcode="getelementptr"/>
<opset="buffer_c1_3_addr/16 "/>
</bind>
</comp>

<comp id="589" class="1004" name="buffer_c1_4_addr_gep_fu_589">
<pin_list>
<pin id="590" dir="0" index="0" bw="7" slack="0"/>
<pin id="591" dir="0" index="1" bw="1" slack="0"/>
<pin id="592" dir="0" index="2" bw="4" slack="0"/>
<pin id="593" dir="1" index="3" bw="4" slack="0"/>
</pin_list>
<bind>
<opcode="getelementptr(29) " fcode="getelementptr"/>
<opset="buffer_c1_4_addr/16 "/>
</bind>
</comp>

<comp id="596" class="1004" name="buffer_c1_5_addr_gep_fu_596">
<pin_list>
<pin id="597" dir="0" index="0" bw="7" slack="0"/>
<pin id="598" dir="0" index="1" bw="1" slack="0"/>
<pin id="599" dir="0" index="2" bw="4" slack="0"/>
<pin id="600" dir="1" index="3" bw="4" slack="0"/>
</pin_list>
<bind>
<opcode="getelementptr(29) " fcode="getelementptr"/>
<opset="buffer_c1_5_addr/16 "/>
</bind>
</comp>

<comp id="603" class="1004" name="buffer_c1_6_addr_gep_fu_603">
<pin_list>
<pin id="604" dir="0" index="0" bw="7" slack="0"/>
<pin id="605" dir="0" index="1" bw="1" slack="0"/>
<pin id="606" dir="0" index="2" bw="4" slack="0"/>
<pin id="607" dir="1" index="3" bw="4" slack="0"/>
</pin_list>
<bind>
<opcode="getelementptr(29) " fcode="getelementptr"/>
<opset="buffer_c1_6_addr/16 "/>
</bind>
</comp>

<comp id="610" class="1004" name="buffer_c1_7_addr_gep_fu_610">
<pin_list>
<pin id="611" dir="0" index="0" bw="7" slack="0"/>
<pin id="612" dir="0" index="1" bw="1" slack="0"/>
<pin id="613" dir="0" index="2" bw="4" slack="0"/>
<pin id="614" dir="1" index="3" bw="4" slack="0"/>
</pin_list>
<bind>
<opcode="getelementptr(29) " fcode="getelementptr"/>
<opset="buffer_c1_7_addr/16 "/>
</bind>
</comp>

<comp id="617" class="1004" name="buffer_c1_8_addr_gep_fu_617">
<pin_list>
<pin id="618" dir="0" index="0" bw="7" slack="0"/>
<pin id="619" dir="0" index="1" bw="1" slack="0"/>
<pin id="620" dir="0" index="2" bw="4" slack="0"/>
<pin id="621" dir="1" index="3" bw="4" slack="0"/>
</pin_list>
<bind>
<opcode="getelementptr(29) " fcode="getelementptr"/>
<opset="buffer_c1_8_addr/16 "/>
</bind>
</comp>

<comp id="624" class="1004" name="buffer_c1_9_addr_gep_fu_624">
<pin_list>
<pin id="625" dir="0" index="0" bw="7" slack="0"/>
<pin id="626" dir="0" index="1" bw="1" slack="0"/>
<pin id="627" dir="0" index="2" bw="4" slack="0"/>
<pin id="628" dir="1" index="3" bw="4" slack="0"/>
</pin_list>
<bind>
<opcode="getelementptr(29) " fcode="getelementptr"/>
<opset="buffer_c1_9_addr/16 "/>
</bind>
</comp>

<comp id="631" class="1004" name="buffer_c1_10_addr_gep_fu_631">
<pin_list>
<pin id="632" dir="0" index="0" bw="7" slack="0"/>
<pin id="633" dir="0" index="1" bw="1" slack="0"/>
<pin id="634" dir="0" index="2" bw="4" slack="0"/>
<pin id="635" dir="1" index="3" bw="4" slack="0"/>
</pin_list>
<bind>
<opcode="getelementptr(29) " fcode="getelementptr"/>
<opset="buffer_c1_10_addr/16 "/>
</bind>
</comp>

<comp id="638" class="1004" name="buffer_c1_11_addr_gep_fu_638">
<pin_list>
<pin id="639" dir="0" index="0" bw="7" slack="0"/>
<pin id="640" dir="0" index="1" bw="1" slack="0"/>
<pin id="641" dir="0" index="2" bw="4" slack="0"/>
<pin id="642" dir="1" index="3" bw="4" slack="0"/>
</pin_list>
<bind>
<opcode="getelementptr(29) " fcode="getelementptr"/>
<opset="buffer_c1_11_addr/16 "/>
</bind>
</comp>

<comp id="645" class="1004" name="buffer_c1_12_addr_gep_fu_645">
<pin_list>
<pin id="646" dir="0" index="0" bw="7" slack="0"/>
<pin id="647" dir="0" index="1" bw="1" slack="0"/>
<pin id="648" dir="0" index="2" bw="4" slack="0"/>
<pin id="649" dir="1" index="3" bw="4" slack="0"/>
</pin_list>
<bind>
<opcode="getelementptr(29) " fcode="getelementptr"/>
<opset="buffer_c1_12_addr/16 "/>
</bind>
</comp>

<comp id="652" class="1004" name="buffer_c1_13_addr_gep_fu_652">
<pin_list>
<pin id="653" dir="0" index="0" bw="7" slack="0"/>
<pin id="654" dir="0" index="1" bw="1" slack="0"/>
<pin id="655" dir="0" index="2" bw="4" slack="0"/>
<pin id="656" dir="1" index="3" bw="4" slack="0"/>
</pin_list>
<bind>
<opcode="getelementptr(29) " fcode="getelementptr"/>
<opset="buffer_c1_13_addr/16 "/>
</bind>
</comp>

<comp id="659" class="1004" name="buffer_c1_14_addr_gep_fu_659">
<pin_list>
<pin id="660" dir="0" index="0" bw="7" slack="0"/>
<pin id="661" dir="0" index="1" bw="1" slack="0"/>
<pin id="662" dir="0" index="2" bw="4" slack="0"/>
<pin id="663" dir="1" index="3" bw="4" slack="0"/>
</pin_list>
<bind>
<opcode="getelementptr(29) " fcode="getelementptr"/>
<opset="buffer_c1_14_addr/16 "/>
</bind>
</comp>

<comp id="666" class="1004" name="buffer_c1_15_addr_gep_fu_666">
<pin_list>
<pin id="667" dir="0" index="0" bw="7" slack="0"/>
<pin id="668" dir="0" index="1" bw="1" slack="0"/>
<pin id="669" dir="0" index="2" bw="4" slack="0"/>
<pin id="670" dir="1" index="3" bw="4" slack="0"/>
</pin_list>
<bind>
<opcode="getelementptr(29) " fcode="getelementptr"/>
<opset="buffer_c1_15_addr/16 "/>
</bind>
</comp>

<comp id="673" class="1004" name="buffer_c1_16_addr_gep_fu_673">
<pin_list>
<pin id="674" dir="0" index="0" bw="7" slack="0"/>
<pin id="675" dir="0" index="1" bw="1" slack="0"/>
<pin id="676" dir="0" index="2" bw="4" slack="0"/>
<pin id="677" dir="1" index="3" bw="4" slack="0"/>
</pin_list>
<bind>
<opcode="getelementptr(29) " fcode="getelementptr"/>
<opset="buffer_c1_16_addr/16 "/>
</bind>
</comp>

<comp id="680" class="1004" name="buffer_c1_17_addr_gep_fu_680">
<pin_list>
<pin id="681" dir="0" index="0" bw="7" slack="0"/>
<pin id="682" dir="0" index="1" bw="1" slack="0"/>
<pin id="683" dir="0" index="2" bw="4" slack="0"/>
<pin id="684" dir="1" index="3" bw="4" slack="0"/>
</pin_list>
<bind>
<opcode="getelementptr(29) " fcode="getelementptr"/>
<opset="buffer_c1_17_addr/16 "/>
</bind>
</comp>

<comp id="687" class="1004" name="buffer_c1_18_addr_gep_fu_687">
<pin_list>
<pin id="688" dir="0" index="0" bw="7" slack="0"/>
<pin id="689" dir="0" index="1" bw="1" slack="0"/>
<pin id="690" dir="0" index="2" bw="4" slack="0"/>
<pin id="691" dir="1" index="3" bw="4" slack="0"/>
</pin_list>
<bind>
<opcode="getelementptr(29) " fcode="getelementptr"/>
<opset="buffer_c1_18_addr/16 "/>
</bind>
</comp>

<comp id="694" class="1004" name="buffer_c1_19_addr_gep_fu_694">
<pin_list>
<pin id="695" dir="0" index="0" bw="7" slack="0"/>
<pin id="696" dir="0" index="1" bw="1" slack="0"/>
<pin id="697" dir="0" index="2" bw="4" slack="0"/>
<pin id="698" dir="1" index="3" bw="4" slack="0"/>
</pin_list>
<bind>
<opcode="getelementptr(29) " fcode="getelementptr"/>
<opset="buffer_c1_19_addr/16 "/>
</bind>
</comp>

<comp id="701" class="1004" name="buffer_c1_20_addr_gep_fu_701">
<pin_list>
<pin id="702" dir="0" index="0" bw="7" slack="0"/>
<pin id="703" dir="0" index="1" bw="1" slack="0"/>
<pin id="704" dir="0" index="2" bw="4" slack="0"/>
<pin id="705" dir="1" index="3" bw="4" slack="0"/>
</pin_list>
<bind>
<opcode="getelementptr(29) " fcode="getelementptr"/>
<opset="buffer_c1_20_addr/16 "/>
</bind>
</comp>

<comp id="708" class="1004" name="buffer_c1_21_addr_gep_fu_708">
<pin_list>
<pin id="709" dir="0" index="0" bw="7" slack="0"/>
<pin id="710" dir="0" index="1" bw="1" slack="0"/>
<pin id="711" dir="0" index="2" bw="4" slack="0"/>
<pin id="712" dir="1" index="3" bw="4" slack="0"/>
</pin_list>
<bind>
<opcode="getelementptr(29) " fcode="getelementptr"/>
<opset="buffer_c1_21_addr/16 "/>
</bind>
</comp>

<comp id="715" class="1004" name="buffer_c1_22_addr_gep_fu_715">
<pin_list>
<pin id="716" dir="0" index="0" bw="7" slack="0"/>
<pin id="717" dir="0" index="1" bw="1" slack="0"/>
<pin id="718" dir="0" index="2" bw="4" slack="0"/>
<pin id="719" dir="1" index="3" bw="4" slack="0"/>
</pin_list>
<bind>
<opcode="getelementptr(29) " fcode="getelementptr"/>
<opset="buffer_c1_22_addr/16 "/>
</bind>
</comp>

<comp id="722" class="1004" name="buffer_c1_23_addr_gep_fu_722">
<pin_list>
<pin id="723" dir="0" index="0" bw="7" slack="0"/>
<pin id="724" dir="0" index="1" bw="1" slack="0"/>
<pin id="725" dir="0" index="2" bw="4" slack="0"/>
<pin id="726" dir="1" index="3" bw="4" slack="0"/>
</pin_list>
<bind>
<opcode="getelementptr(29) " fcode="getelementptr"/>
<opset="buffer_c1_23_addr/16 "/>
</bind>
</comp>

<comp id="729" class="1004" name="buffer_c1_24_addr_gep_fu_729">
<pin_list>
<pin id="730" dir="0" index="0" bw="7" slack="0"/>
<pin id="731" dir="0" index="1" bw="1" slack="0"/>
<pin id="732" dir="0" index="2" bw="4" slack="0"/>
<pin id="733" dir="1" index="3" bw="4" slack="0"/>
</pin_list>
<bind>
<opcode="getelementptr(29) " fcode="getelementptr"/>
<opset="buffer_c1_24_addr/16 "/>
</bind>
</comp>

<comp id="736" class="1004" name="buffer_c1_25_addr_gep_fu_736">
<pin_list>
<pin id="737" dir="0" index="0" bw="7" slack="0"/>
<pin id="738" dir="0" index="1" bw="1" slack="0"/>
<pin id="739" dir="0" index="2" bw="4" slack="0"/>
<pin id="740" dir="1" index="3" bw="4" slack="0"/>
</pin_list>
<bind>
<opcode="getelementptr(29) " fcode="getelementptr"/>
<opset="buffer_c1_25_addr/16 "/>
</bind>
</comp>

<comp id="743" class="1004" name="buffer_c1_26_addr_gep_fu_743">
<pin_list>
<pin id="744" dir="0" index="0" bw="7" slack="0"/>
<pin id="745" dir="0" index="1" bw="1" slack="0"/>
<pin id="746" dir="0" index="2" bw="4" slack="0"/>
<pin id="747" dir="1" index="3" bw="4" slack="0"/>
</pin_list>
<bind>
<opcode="getelementptr(29) " fcode="getelementptr"/>
<opset="buffer_c1_26_addr/16 "/>
</bind>
</comp>

<comp id="750" class="1004" name="buffer_c1_27_addr_gep_fu_750">
<pin_list>
<pin id="751" dir="0" index="0" bw="7" slack="0"/>
<pin id="752" dir="0" index="1" bw="1" slack="0"/>
<pin id="753" dir="0" index="2" bw="4" slack="0"/>
<pin id="754" dir="1" index="3" bw="4" slack="0"/>
</pin_list>
<bind>
<opcode="getelementptr(29) " fcode="getelementptr"/>
<opset="buffer_c1_27_addr/16 "/>
</bind>
</comp>

<comp id="757" class="1004" name="buffer_c1_28_addr_gep_fu_757">
<pin_list>
<pin id="758" dir="0" index="0" bw="7" slack="0"/>
<pin id="759" dir="0" index="1" bw="1" slack="0"/>
<pin id="760" dir="0" index="2" bw="4" slack="0"/>
<pin id="761" dir="1" index="3" bw="4" slack="0"/>
</pin_list>
<bind>
<opcode="getelementptr(29) " fcode="getelementptr"/>
<opset="buffer_c1_28_addr/16 "/>
</bind>
</comp>

<comp id="764" class="1004" name="buffer_c1_29_addr_gep_fu_764">
<pin_list>
<pin id="765" dir="0" index="0" bw="7" slack="0"/>
<pin id="766" dir="0" index="1" bw="1" slack="0"/>
<pin id="767" dir="0" index="2" bw="4" slack="0"/>
<pin id="768" dir="1" index="3" bw="4" slack="0"/>
</pin_list>
<bind>
<opcode="getelementptr(29) " fcode="getelementptr"/>
<opset="buffer_c1_29_addr/16 "/>
</bind>
</comp>

<comp id="771" class="1004" name="buffer_c1_30_addr_gep_fu_771">
<pin_list>
<pin id="772" dir="0" index="0" bw="7" slack="0"/>
<pin id="773" dir="0" index="1" bw="1" slack="0"/>
<pin id="774" dir="0" index="2" bw="4" slack="0"/>
<pin id="775" dir="1" index="3" bw="4" slack="0"/>
</pin_list>
<bind>
<opcode="getelementptr(29) " fcode="getelementptr"/>
<opset="buffer_c1_30_addr/16 "/>
</bind>
</comp>

<comp id="778" class="1004" name="buffer_c1_31_addr_gep_fu_778">
<pin_list>
<pin id="779" dir="0" index="0" bw="7" slack="0"/>
<pin id="780" dir="0" index="1" bw="1" slack="0"/>
<pin id="781" dir="0" index="2" bw="4" slack="0"/>
<pin id="782" dir="1" index="3" bw="4" slack="0"/>
</pin_list>
<bind>
<opcode="getelementptr(29) " fcode="getelementptr"/>
<opset="buffer_c1_31_addr/16 "/>
</bind>
</comp>

<comp id="785" class="1004" name="buffer_c1_32_addr_gep_fu_785">
<pin_list>
<pin id="786" dir="0" index="0" bw="7" slack="0"/>
<pin id="787" dir="0" index="1" bw="1" slack="0"/>
<pin id="788" dir="0" index="2" bw="4" slack="0"/>
<pin id="789" dir="1" index="3" bw="4" slack="0"/>
</pin_list>
<bind>
<opcode="getelementptr(29) " fcode="getelementptr"/>
<opset="buffer_c1_32_addr/16 "/>
</bind>
</comp>

<comp id="792" class="1004" name="buffer_c1_33_addr_gep_fu_792">
<pin_list>
<pin id="793" dir="0" index="0" bw="7" slack="0"/>
<pin id="794" dir="0" index="1" bw="1" slack="0"/>
<pin id="795" dir="0" index="2" bw="4" slack="0"/>
<pin id="796" dir="1" index="3" bw="4" slack="0"/>
</pin_list>
<bind>
<opcode="getelementptr(29) " fcode="getelementptr"/>
<opset="buffer_c1_33_addr/16 "/>
</bind>
</comp>

<comp id="799" class="1004" name="buffer_c1_34_addr_gep_fu_799">
<pin_list>
<pin id="800" dir="0" index="0" bw="7" slack="0"/>
<pin id="801" dir="0" index="1" bw="1" slack="0"/>
<pin id="802" dir="0" index="2" bw="4" slack="0"/>
<pin id="803" dir="1" index="3" bw="4" slack="0"/>
</pin_list>
<bind>
<opcode="getelementptr(29) " fcode="getelementptr"/>
<opset="buffer_c1_34_addr/16 "/>
</bind>
</comp>

<comp id="806" class="1004" name="buffer_c1_35_addr_gep_fu_806">
<pin_list>
<pin id="807" dir="0" index="0" bw="7" slack="0"/>
<pin id="808" dir="0" index="1" bw="1" slack="0"/>
<pin id="809" dir="0" index="2" bw="4" slack="0"/>
<pin id="810" dir="1" index="3" bw="4" slack="0"/>
</pin_list>
<bind>
<opcode="getelementptr(29) " fcode="getelementptr"/>
<opset="buffer_c1_35_addr/16 "/>
</bind>
</comp>

<comp id="813" class="1004" name="buffer_c1_36_addr_gep_fu_813">
<pin_list>
<pin id="814" dir="0" index="0" bw="7" slack="0"/>
<pin id="815" dir="0" index="1" bw="1" slack="0"/>
<pin id="816" dir="0" index="2" bw="4" slack="0"/>
<pin id="817" dir="1" index="3" bw="4" slack="0"/>
</pin_list>
<bind>
<opcode="getelementptr(29) " fcode="getelementptr"/>
<opset="buffer_c1_36_addr/16 "/>
</bind>
</comp>

<comp id="820" class="1004" name="buffer_c1_37_addr_gep_fu_820">
<pin_list>
<pin id="821" dir="0" index="0" bw="7" slack="0"/>
<pin id="822" dir="0" index="1" bw="1" slack="0"/>
<pin id="823" dir="0" index="2" bw="4" slack="0"/>
<pin id="824" dir="1" index="3" bw="4" slack="0"/>
</pin_list>
<bind>
<opcode="getelementptr(29) " fcode="getelementptr"/>
<opset="buffer_c1_37_addr/16 "/>
</bind>
</comp>

<comp id="827" class="1004" name="buffer_c1_38_addr_gep_fu_827">
<pin_list>
<pin id="828" dir="0" index="0" bw="7" slack="0"/>
<pin id="829" dir="0" index="1" bw="1" slack="0"/>
<pin id="830" dir="0" index="2" bw="4" slack="0"/>
<pin id="831" dir="1" index="3" bw="4" slack="0"/>
</pin_list>
<bind>
<opcode="getelementptr(29) " fcode="getelementptr"/>
<opset="buffer_c1_38_addr/16 "/>
</bind>
</comp>

<comp id="834" class="1004" name="buffer_c1_39_addr_gep_fu_834">
<pin_list>
<pin id="835" dir="0" index="0" bw="7" slack="0"/>
<pin id="836" dir="0" index="1" bw="1" slack="0"/>
<pin id="837" dir="0" index="2" bw="4" slack="0"/>
<pin id="838" dir="1" index="3" bw="4" slack="0"/>
</pin_list>
<bind>
<opcode="getelementptr(29) " fcode="getelementptr"/>
<opset="buffer_c1_39_addr/16 "/>
</bind>
</comp>

<comp id="841" class="1004" name="store_ln85_access_fu_841">
<pin_list>
<pin id="842" dir="0" index="0" bw="4" slack="0"/>
<pin id="843" dir="0" index="1" bw="7" slack="0"/>
<pin id="844" dir="0" index="2" bw="0" slack="2147483647"/>
<pin id="845" dir="1" index="3" bw="7" slack="2147483647"/>
</pin_list>
<bind>
<opcode="store(28) " fcode="store"/>
<opset="store_ln85/16 "/>
</bind>
</comp>

<comp id="847" class="1004" name="store_ln85_access_fu_847">
<pin_list>
<pin id="848" dir="0" index="0" bw="4" slack="0"/>
<pin id="849" dir="0" index="1" bw="7" slack="0"/>
<pin id="850" dir="0" index="2" bw="0" slack="2147483647"/>
<pin id="851" dir="1" index="3" bw="7" slack="2147483647"/>
</pin_list>
<bind>
<opcode="store(28) " fcode="store"/>
<opset="store_ln85/16 "/>
</bind>
</comp>

<comp id="853" class="1004" name="store_ln85_access_fu_853">
<pin_list>
<pin id="854" dir="0" index="0" bw="4" slack="0"/>
<pin id="855" dir="0" index="1" bw="7" slack="0"/>
<pin id="856" dir="0" index="2" bw="0" slack="2147483647"/>
<pin id="857" dir="1" index="3" bw="7" slack="2147483647"/>
</pin_list>
<bind>
<opcode="store(28) " fcode="store"/>
<opset="store_ln85/16 "/>
</bind>
</comp>

<comp id="859" class="1004" name="store_ln85_access_fu_859">
<pin_list>
<pin id="860" dir="0" index="0" bw="4" slack="0"/>
<pin id="861" dir="0" index="1" bw="7" slack="0"/>
<pin id="862" dir="0" index="2" bw="0" slack="2147483647"/>
<pin id="863" dir="1" index="3" bw="7" slack="2147483647"/>
</pin_list>
<bind>
<opcode="store(28) " fcode="store"/>
<opset="store_ln85/16 "/>
</bind>
</comp>

<comp id="865" class="1004" name="store_ln85_access_fu_865">
<pin_list>
<pin id="866" dir="0" index="0" bw="4" slack="0"/>
<pin id="867" dir="0" index="1" bw="7" slack="0"/>
<pin id="868" dir="0" index="2" bw="0" slack="2147483647"/>
<pin id="869" dir="1" index="3" bw="7" slack="2147483647"/>
</pin_list>
<bind>
<opcode="store(28) " fcode="store"/>
<opset="store_ln85/16 "/>
</bind>
</comp>

<comp id="871" class="1004" name="store_ln85_access_fu_871">
<pin_list>
<pin id="872" dir="0" index="0" bw="4" slack="0"/>
<pin id="873" dir="0" index="1" bw="7" slack="0"/>
<pin id="874" dir="0" index="2" bw="0" slack="2147483647"/>
<pin id="875" dir="1" index="3" bw="7" slack="2147483647"/>
</pin_list>
<bind>
<opcode="store(28) " fcode="store"/>
<opset="store_ln85/16 "/>
</bind>
</comp>

<comp id="877" class="1004" name="store_ln85_access_fu_877">
<pin_list>
<pin id="878" dir="0" index="0" bw="4" slack="0"/>
<pin id="879" dir="0" index="1" bw="7" slack="0"/>
<pin id="880" dir="0" index="2" bw="0" slack="2147483647"/>
<pin id="881" dir="1" index="3" bw="7" slack="2147483647"/>
</pin_list>
<bind>
<opcode="store(28) " fcode="store"/>
<opset="store_ln85/16 "/>
</bind>
</comp>

<comp id="883" class="1004" name="store_ln85_access_fu_883">
<pin_list>
<pin id="884" dir="0" index="0" bw="4" slack="0"/>
<pin id="885" dir="0" index="1" bw="7" slack="0"/>
<pin id="886" dir="0" index="2" bw="0" slack="2147483647"/>
<pin id="887" dir="1" index="3" bw="7" slack="2147483647"/>
</pin_list>
<bind>
<opcode="store(28) " fcode="store"/>
<opset="store_ln85/16 "/>
</bind>
</comp>

<comp id="889" class="1004" name="store_ln85_access_fu_889">
<pin_list>
<pin id="890" dir="0" index="0" bw="4" slack="0"/>
<pin id="891" dir="0" index="1" bw="7" slack="0"/>
<pin id="892" dir="0" index="2" bw="0" slack="2147483647"/>
<pin id="893" dir="1" index="3" bw="7" slack="2147483647"/>
</pin_list>
<bind>
<opcode="store(28) " fcode="store"/>
<opset="store_ln85/16 "/>
</bind>
</comp>

<comp id="895" class="1004" name="store_ln85_access_fu_895">
<pin_list>
<pin id="896" dir="0" index="0" bw="4" slack="0"/>
<pin id="897" dir="0" index="1" bw="7" slack="0"/>
<pin id="898" dir="0" index="2" bw="0" slack="2147483647"/>
<pin id="899" dir="1" index="3" bw="7" slack="2147483647"/>
</pin_list>
<bind>
<opcode="store(28) " fcode="store"/>
<opset="store_ln85/16 "/>
</bind>
</comp>

<comp id="901" class="1004" name="store_ln85_access_fu_901">
<pin_list>
<pin id="902" dir="0" index="0" bw="4" slack="0"/>
<pin id="903" dir="0" index="1" bw="7" slack="0"/>
<pin id="904" dir="0" index="2" bw="0" slack="2147483647"/>
<pin id="905" dir="1" index="3" bw="7" slack="2147483647"/>
</pin_list>
<bind>
<opcode="store(28) " fcode="store"/>
<opset="store_ln85/16 "/>
</bind>
</comp>

<comp id="907" class="1004" name="store_ln85_access_fu_907">
<pin_list>
<pin id="908" dir="0" index="0" bw="4" slack="0"/>
<pin id="909" dir="0" index="1" bw="7" slack="0"/>
<pin id="910" dir="0" index="2" bw="0" slack="2147483647"/>
<pin id="911" dir="1" index="3" bw="7" slack="2147483647"/>
</pin_list>
<bind>
<opcode="store(28) " fcode="store"/>
<opset="store_ln85/16 "/>
</bind>
</comp>

<comp id="913" class="1004" name="store_ln85_access_fu_913">
<pin_list>
<pin id="914" dir="0" index="0" bw="4" slack="0"/>
<pin id="915" dir="0" index="1" bw="7" slack="0"/>
<pin id="916" dir="0" index="2" bw="0" slack="2147483647"/>
<pin id="917" dir="1" index="3" bw="7" slack="2147483647"/>
</pin_list>
<bind>
<opcode="store(28) " fcode="store"/>
<opset="store_ln85/16 "/>
</bind>
</comp>

<comp id="919" class="1004" name="store_ln85_access_fu_919">
<pin_list>
<pin id="920" dir="0" index="0" bw="4" slack="0"/>
<pin id="921" dir="0" index="1" bw="7" slack="0"/>
<pin id="922" dir="0" index="2" bw="0" slack="2147483647"/>
<pin id="923" dir="1" index="3" bw="7" slack="2147483647"/>
</pin_list>
<bind>
<opcode="store(28) " fcode="store"/>
<opset="store_ln85/16 "/>
</bind>
</comp>

<comp id="925" class="1004" name="store_ln85_access_fu_925">
<pin_list>
<pin id="926" dir="0" index="0" bw="4" slack="0"/>
<pin id="927" dir="0" index="1" bw="7" slack="0"/>
<pin id="928" dir="0" index="2" bw="0" slack="2147483647"/>
<pin id="929" dir="1" index="3" bw="7" slack="2147483647"/>
</pin_list>
<bind>
<opcode="store(28) " fcode="store"/>
<opset="store_ln85/16 "/>
</bind>
</comp>

<comp id="931" class="1004" name="store_ln85_access_fu_931">
<pin_list>
<pin id="932" dir="0" index="0" bw="4" slack="0"/>
<pin id="933" dir="0" index="1" bw="7" slack="0"/>
<pin id="934" dir="0" index="2" bw="0" slack="2147483647"/>
<pin id="935" dir="1" index="3" bw="7" slack="2147483647"/>
</pin_list>
<bind>
<opcode="store(28) " fcode="store"/>
<opset="store_ln85/16 "/>
</bind>
</comp>

<comp id="937" class="1004" name="store_ln85_access_fu_937">
<pin_list>
<pin id="938" dir="0" index="0" bw="4" slack="0"/>
<pin id="939" dir="0" index="1" bw="7" slack="0"/>
<pin id="940" dir="0" index="2" bw="0" slack="2147483647"/>
<pin id="941" dir="1" index="3" bw="7" slack="2147483647"/>
</pin_list>
<bind>
<opcode="store(28) " fcode="store"/>
<opset="store_ln85/16 "/>
</bind>
</comp>

<comp id="943" class="1004" name="store_ln85_access_fu_943">
<pin_list>
<pin id="944" dir="0" index="0" bw="4" slack="0"/>
<pin id="945" dir="0" index="1" bw="7" slack="0"/>
<pin id="946" dir="0" index="2" bw="0" slack="2147483647"/>
<pin id="947" dir="1" index="3" bw="7" slack="2147483647"/>
</pin_list>
<bind>
<opcode="store(28) " fcode="store"/>
<opset="store_ln85/16 "/>
</bind>
</comp>

<comp id="949" class="1004" name="store_ln85_access_fu_949">
<pin_list>
<pin id="950" dir="0" index="0" bw="4" slack="0"/>
<pin id="951" dir="0" index="1" bw="7" slack="0"/>
<pin id="952" dir="0" index="2" bw="0" slack="2147483647"/>
<pin id="953" dir="1" index="3" bw="7" slack="2147483647"/>
</pin_list>
<bind>
<opcode="store(28) " fcode="store"/>
<opset="store_ln85/16 "/>
</bind>
</comp>

<comp id="955" class="1004" name="store_ln85_access_fu_955">
<pin_list>
<pin id="956" dir="0" index="0" bw="4" slack="0"/>
<pin id="957" dir="0" index="1" bw="7" slack="0"/>
<pin id="958" dir="0" index="2" bw="0" slack="2147483647"/>
<pin id="959" dir="1" index="3" bw="7" slack="2147483647"/>
</pin_list>
<bind>
<opcode="store(28) " fcode="store"/>
<opset="store_ln85/16 "/>
</bind>
</comp>

<comp id="961" class="1004" name="store_ln85_access_fu_961">
<pin_list>
<pin id="962" dir="0" index="0" bw="4" slack="0"/>
<pin id="963" dir="0" index="1" bw="7" slack="0"/>
<pin id="964" dir="0" index="2" bw="0" slack="2147483647"/>
<pin id="965" dir="1" index="3" bw="7" slack="2147483647"/>
</pin_list>
<bind>
<opcode="store(28) " fcode="store"/>
<opset="store_ln85/16 "/>
</bind>
</comp>

<comp id="967" class="1004" name="store_ln85_access_fu_967">
<pin_list>
<pin id="968" dir="0" index="0" bw="4" slack="0"/>
<pin id="969" dir="0" index="1" bw="7" slack="0"/>
<pin id="970" dir="0" index="2" bw="0" slack="2147483647"/>
<pin id="971" dir="1" index="3" bw="7" slack="2147483647"/>
</pin_list>
<bind>
<opcode="store(28) " fcode="store"/>
<opset="store_ln85/16 "/>
</bind>
</comp>

<comp id="973" class="1004" name="store_ln85_access_fu_973">
<pin_list>
<pin id="974" dir="0" index="0" bw="4" slack="0"/>
<pin id="975" dir="0" index="1" bw="7" slack="0"/>
<pin id="976" dir="0" index="2" bw="0" slack="2147483647"/>
<pin id="977" dir="1" index="3" bw="7" slack="2147483647"/>
</pin_list>
<bind>
<opcode="store(28) " fcode="store"/>
<opset="store_ln85/16 "/>
</bind>
</comp>

<comp id="979" class="1004" name="store_ln85_access_fu_979">
<pin_list>
<pin id="980" dir="0" index="0" bw="4" slack="0"/>
<pin id="981" dir="0" index="1" bw="7" slack="0"/>
<pin id="982" dir="0" index="2" bw="0" slack="2147483647"/>
<pin id="983" dir="1" index="3" bw="7" slack="2147483647"/>
</pin_list>
<bind>
<opcode="store(28) " fcode="store"/>
<opset="store_ln85/16 "/>
</bind>
</comp>

<comp id="985" class="1004" name="store_ln85_access_fu_985">
<pin_list>
<pin id="986" dir="0" index="0" bw="4" slack="0"/>
<pin id="987" dir="0" index="1" bw="7" slack="0"/>
<pin id="988" dir="0" index="2" bw="0" slack="2147483647"/>
<pin id="989" dir="1" index="3" bw="7" slack="2147483647"/>
</pin_list>
<bind>
<opcode="store(28) " fcode="store"/>
<opset="store_ln85/16 "/>
</bind>
</comp>

<comp id="991" class="1004" name="store_ln85_access_fu_991">
<pin_list>
<pin id="992" dir="0" index="0" bw="4" slack="0"/>
<pin id="993" dir="0" index="1" bw="7" slack="0"/>
<pin id="994" dir="0" index="2" bw="0" slack="2147483647"/>
<pin id="995" dir="1" index="3" bw="7" slack="2147483647"/>
</pin_list>
<bind>
<opcode="store(28) " fcode="store"/>
<opset="store_ln85/16 "/>
</bind>
</comp>

<comp id="997" class="1004" name="store_ln85_access_fu_997">
<pin_list>
<pin id="998" dir="0" index="0" bw="4" slack="0"/>
<pin id="999" dir="0" index="1" bw="7" slack="0"/>
<pin id="1000" dir="0" index="2" bw="0" slack="2147483647"/>
<pin id="1001" dir="1" index="3" bw="7" slack="2147483647"/>
</pin_list>
<bind>
<opcode="store(28) " fcode="store"/>
<opset="store_ln85/16 "/>
</bind>
</comp>

<comp id="1003" class="1004" name="store_ln85_access_fu_1003">
<pin_list>
<pin id="1004" dir="0" index="0" bw="4" slack="0"/>
<pin id="1005" dir="0" index="1" bw="7" slack="0"/>
<pin id="1006" dir="0" index="2" bw="0" slack="2147483647"/>
<pin id="1007" dir="1" index="3" bw="7" slack="2147483647"/>
</pin_list>
<bind>
<opcode="store(28) " fcode="store"/>
<opset="store_ln85/16 "/>
</bind>
</comp>

<comp id="1009" class="1004" name="store_ln85_access_fu_1009">
<pin_list>
<pin id="1010" dir="0" index="0" bw="4" slack="0"/>
<pin id="1011" dir="0" index="1" bw="7" slack="0"/>
<pin id="1012" dir="0" index="2" bw="0" slack="2147483647"/>
<pin id="1013" dir="1" index="3" bw="7" slack="2147483647"/>
</pin_list>
<bind>
<opcode="store(28) " fcode="store"/>
<opset="store_ln85/16 "/>
</bind>
</comp>

<comp id="1015" class="1004" name="store_ln85_access_fu_1015">
<pin_list>
<pin id="1016" dir="0" index="0" bw="4" slack="0"/>
<pin id="1017" dir="0" index="1" bw="7" slack="0"/>
<pin id="1018" dir="0" index="2" bw="0" slack="2147483647"/>
<pin id="1019" dir="1" index="3" bw="7" slack="2147483647"/>
</pin_list>
<bind>
<opcode="store(28) " fcode="store"/>
<opset="store_ln85/16 "/>
</bind>
</comp>

<comp id="1021" class="1004" name="store_ln85_access_fu_1021">
<pin_list>
<pin id="1022" dir="0" index="0" bw="4" slack="0"/>
<pin id="1023" dir="0" index="1" bw="7" slack="0"/>
<pin id="1024" dir="0" index="2" bw="0" slack="2147483647"/>
<pin id="1025" dir="1" index="3" bw="7" slack="2147483647"/>
</pin_list>
<bind>
<opcode="store(28) " fcode="store"/>
<opset="store_ln85/16 "/>
</bind>
</comp>

<comp id="1027" class="1004" name="store_ln85_access_fu_1027">
<pin_list>
<pin id="1028" dir="0" index="0" bw="4" slack="0"/>
<pin id="1029" dir="0" index="1" bw="7" slack="0"/>
<pin id="1030" dir="0" index="2" bw="0" slack="2147483647"/>
<pin id="1031" dir="1" index="3" bw="7" slack="2147483647"/>
</pin_list>
<bind>
<opcode="store(28) " fcode="store"/>
<opset="store_ln85/16 "/>
</bind>
</comp>

<comp id="1033" class="1004" name="store_ln85_access_fu_1033">
<pin_list>
<pin id="1034" dir="0" index="0" bw="4" slack="0"/>
<pin id="1035" dir="0" index="1" bw="7" slack="0"/>
<pin id="1036" dir="0" index="2" bw="0" slack="2147483647"/>
<pin id="1037" dir="1" index="3" bw="7" slack="2147483647"/>
</pin_list>
<bind>
<opcode="store(28) " fcode="store"/>
<opset="store_ln85/16 "/>
</bind>
</comp>

<comp id="1039" class="1004" name="store_ln85_access_fu_1039">
<pin_list>
<pin id="1040" dir="0" index="0" bw="4" slack="0"/>
<pin id="1041" dir="0" index="1" bw="7" slack="0"/>
<pin id="1042" dir="0" index="2" bw="0" slack="2147483647"/>
<pin id="1043" dir="1" index="3" bw="7" slack="2147483647"/>
</pin_list>
<bind>
<opcode="store(28) " fcode="store"/>
<opset="store_ln85/16 "/>
</bind>
</comp>

<comp id="1045" class="1004" name="store_ln85_access_fu_1045">
<pin_list>
<pin id="1046" dir="0" index="0" bw="4" slack="0"/>
<pin id="1047" dir="0" index="1" bw="7" slack="0"/>
<pin id="1048" dir="0" index="2" bw="0" slack="2147483647"/>
<pin id="1049" dir="1" index="3" bw="7" slack="2147483647"/>
</pin_list>
<bind>
<opcode="store(28) " fcode="store"/>
<opset="store_ln85/16 "/>
</bind>
</comp>

<comp id="1051" class="1004" name="store_ln85_access_fu_1051">
<pin_list>
<pin id="1052" dir="0" index="0" bw="4" slack="0"/>
<pin id="1053" dir="0" index="1" bw="7" slack="0"/>
<pin id="1054" dir="0" index="2" bw="0" slack="2147483647"/>
<pin id="1055" dir="1" index="3" bw="7" slack="2147483647"/>
</pin_list>
<bind>
<opcode="store(28) " fcode="store"/>
<opset="store_ln85/16 "/>
</bind>
</comp>

<comp id="1057" class="1004" name="store_ln85_access_fu_1057">
<pin_list>
<pin id="1058" dir="0" index="0" bw="4" slack="0"/>
<pin id="1059" dir="0" index="1" bw="7" slack="0"/>
<pin id="1060" dir="0" index="2" bw="0" slack="2147483647"/>
<pin id="1061" dir="1" index="3" bw="7" slack="2147483647"/>
</pin_list>
<bind>
<opcode="store(28) " fcode="store"/>
<opset="store_ln85/16 "/>
</bind>
</comp>

<comp id="1063" class="1004" name="store_ln85_access_fu_1063">
<pin_list>
<pin id="1064" dir="0" index="0" bw="4" slack="0"/>
<pin id="1065" dir="0" index="1" bw="7" slack="0"/>
<pin id="1066" dir="0" index="2" bw="0" slack="2147483647"/>
<pin id="1067" dir="1" index="3" bw="7" slack="2147483647"/>
</pin_list>
<bind>
<opcode="store(28) " fcode="store"/>
<opset="store_ln85/16 "/>
</bind>
</comp>

<comp id="1069" class="1004" name="store_ln85_access_fu_1069">
<pin_list>
<pin id="1070" dir="0" index="0" bw="4" slack="0"/>
<pin id="1071" dir="0" index="1" bw="7" slack="0"/>
<pin id="1072" dir="0" index="2" bw="0" slack="2147483647"/>
<pin id="1073" dir="1" index="3" bw="7" slack="2147483647"/>
</pin_list>
<bind>
<opcode="store(28) " fcode="store"/>
<opset="store_ln85/16 "/>
</bind>
</comp>

<comp id="1075" class="1004" name="store_ln85_access_fu_1075">
<pin_list>
<pin id="1076" dir="0" index="0" bw="4" slack="0"/>
<pin id="1077" dir="0" index="1" bw="7" slack="0"/>
<pin id="1078" dir="0" index="2" bw="0" slack="2147483647"/>
<pin id="1079" dir="1" index="3" bw="7" slack="2147483647"/>
</pin_list>
<bind>
<opcode="store(28) " fcode="store"/>
<opset="store_ln85/16 "/>
</bind>
</comp>

<comp id="1081" class="1004" name="acc64_fu_1081">
<pin_list>
<pin id="1082" dir="0" index="0" bw="19" slack="0"/>
<pin id="1083" dir="0" index="1" bw="30" slack="0"/>
<pin id="1084" dir="1" index="2" bw="49" slack="1"/>
</pin_list>
<bind>
<opcode="mul(12) " fcode="mul"/>
<opset="acc64/15 "/>
</bind>
</comp>

<comp id="1085" class="1004" name="mul_ln77_fu_1085">
<pin_list>
<pin id="1086" dir="0" index="0" bw="64" slack="0"/>
<pin id="1087" dir="0" index="1" bw="66" slack="0"/>
<pin id="1088" dir="1" index="2" bw="129" slack="0"/>
</pin_list>
<bind>
<opcode="mul(12) " fcode="mul"/>
<opset="mul_ln77/9 "/>
</bind>
</comp>

<comp id="1090" class="1004" name="mul_ln77_1_fu_1090">
<pin_list>
<pin id="1091" dir="0" index="0" bw="64" slack="0"/>
<pin id="1092" dir="0" index="1" bw="66" slack="0"/>
<pin id="1093" dir="1" index="2" bw="129" slack="0"/>
</pin_list>
<bind>
<opcode="mul(12) " fcode="mul"/>
<opset="mul_ln77_1/9 "/>
</bind>
</comp>

<comp id="1095" class="1004" name="grp_fu_1095">
<pin_list>
<pin id="1096" dir="0" index="0" bw="3" slack="0"/>
<pin id="1097" dir="0" index="1" bw="1" slack="0"/>
<pin id="1098" dir="0" index="2" bw="1" slack="0"/>
<pin id="1099" dir="0" index="3" bw="3" slack="0"/>
<pin id="1100" dir="0" index="4" bw="3" slack="0"/>
<pin id="1101" dir="1" index="5" bw="0" slack="2147483647"/>
</pin_list>
<bind>
<opcode="switch(3) " fcode="switch"/>
<opset="switch_ln85/10 switch_ln85/10 switch_ln85/10 switch_ln85/10 switch_ln85/10 switch_ln85/10 switch_ln85/10 switch_ln85/10 "/>
</bind>
</comp>

<comp id="1106" class="1004" name="store_ln0_store_fu_1106">
<pin_list>
<pin id="1107" dir="0" index="0" bw="1" slack="0"/>
<pin id="1108" dir="0" index="1" bw="9" slack="0"/>
<pin id="1109" dir="1" index="2" bw="0" slack="2147483647"/>
</pin_list>
<bind>
<opcode="store(28) " fcode="store"/>
<opset="store_ln0/1 "/>
</bind>
</comp>

<comp id="1111" class="1004" name="store_ln68_store_fu_1111">
<pin_list>
<pin id="1112" dir="0" index="0" bw="1" slack="0"/>
<pin id="1113" dir="0" index="1" bw="6" slack="0"/>
<pin id="1114" dir="1" index="2" bw="0" slack="2147483647"/>
</pin_list>
<bind>
<opcode="store(28) " fcode="store"/>
<opset="store_ln68/1 "/>
</bind>
</comp>

<comp id="1116" class="1004" name="store_ln69_store_fu_1116">
<pin_list>
<pin id="1117" dir="0" index="0" bw="1" slack="0"/>
<pin id="1118" dir="0" index="1" bw="4" slack="0"/>
<pin id="1119" dir="1" index="2" bw="0" slack="2147483647"/>
</pin_list>
<bind>
<opcode="store(28) " fcode="store"/>
<opset="store_ln69/1 "/>
</bind>
</comp>

<comp id="1121" class="1004" name="indvar_flatten_load_load_fu_1121">
<pin_list>
<pin id="1122" dir="0" index="0" bw="9" slack="0"/>
<pin id="1123" dir="1" index="1" bw="9" slack="0"/>
</pin_list>
<bind>
<opcode="load(27) " fcode="load"/>
<opset="indvar_flatten_load/1 "/>
</bind>
</comp>

<comp id="1124" class="1004" name="icmp_ln68_fu_1124">
<pin_list>
<pin id="1125" dir="0" index="0" bw="9" slack="0"/>
<pin id="1126" dir="0" index="1" bw="9" slack="0"/>
<pin id="1127" dir="1" index="2" bw="1" slack="14"/>
</pin_list>
<bind>
<opcode="icmp(45) " fcode="icmp"/>
<opset="icmp_ln68/1 "/>
</bind>
</comp>

<comp id="1130" class="1004" name="add_ln68_fu_1130">
<pin_list>
<pin id="1131" dir="0" index="0" bw="9" slack="0"/>
<pin id="1132" dir="0" index="1" bw="1" slack="0"/>
<pin id="1133" dir="1" index="2" bw="9" slack="0"/>
</pin_list>
<bind>
<opcode="add(8) " fcode="add"/>
<opset="add_ln68/1 "/>
</bind>
</comp>

<comp id="1136" class="1004" name="oc_load_load_fu_1136">
<pin_list>
<pin id="1137" dir="0" index="0" bw="4" slack="0"/>
<pin id="1138" dir="1" index="1" bw="4" slack="0"/>
</pin_list>
<bind>
<opcode="load(27) " fcode="load"/>
<opset="oc_load/1 "/>
</bind>
</comp>

<comp id="1139" class="1004" name="out_idx_load_load_fu_1139">
<pin_list>
<pin id="1140" dir="0" index="0" bw="6" slack="0"/>
<pin id="1141" dir="1" index="1" bw="6" slack="0"/>
</pin_list>
<bind>
<opcode="load(27) " fcode="load"/>
<opset="out_idx_load/1 "/>
</bind>
</comp>

<comp id="1142" class="1004" name="icmp_ln69_fu_1142">
<pin_list>
<pin id="1143" dir="0" index="0" bw="4" slack="0"/>
<pin id="1144" dir="0" index="1" bw="4" slack="0"/>
<pin id="1145" dir="1" index="2" bw="1" slack="0"/>
</pin_list>
<bind>
<opcode="icmp(45) " fcode="icmp"/>
<opset="icmp_ln69/1 "/>
</bind>
</comp>

<comp id="1148" class="1004" name="select_ln68_fu_1148">
<pin_list>
<pin id="1149" dir="0" index="0" bw="1" slack="0"/>
<pin id="1150" dir="0" index="1" bw="4" slack="0"/>
<pin id="1151" dir="0" index="2" bw="4" slack="0"/>
<pin id="1152" dir="1" index="3" bw="4" slack="0"/>
</pin_list>
<bind>
<opcode="select(49) " fcode="select"/>
<opset="select_ln68/1 "/>
</bind>
</comp>

<comp id="1156" class="1004" name="empty_fu_1156">
<pin_list>
<pin id="1157" dir="0" index="0" bw="1" slack="0"/>
<pin id="1158" dir="0" index="1" bw="6" slack="0"/>
<pin id="1159" dir="0" index="2" bw="6" slack="0"/>
<pin id="1160" dir="1" index="3" bw="6" slack="0"/>
</pin_list>
<bind>
<opcode="select(49) " fcode="select"/>
<opset="empty/1 "/>
</bind>
</comp>

<comp id="1164" class="1004" name="add_ln68_1_fu_1164">
<pin_list>
<pin id="1165" dir="0" index="0" bw="6" slack="0"/>
<pin id="1166" dir="0" index="1" bw="1" slack="0"/>
<pin id="1167" dir="1" index="2" bw="6" slack="0"/>
</pin_list>
<bind>
<opcode="add(8) " fcode="add"/>
<opset="add_ln68_1/1 "/>
</bind>
</comp>

<comp id="1170" class="1004" name="grp_fu_1170">
<pin_list>
<pin id="1171" dir="0" index="0" bw="6" slack="0"/>
<pin id="1172" dir="0" index="1" bw="4" slack="0"/>
<pin id="1173" dir="1" index="2" bw="3" slack="0"/>
</pin_list>
<bind>
<opcode="urem(17) " fcode="urem"/>
<opset="urem_ln68/1 "/>
</bind>
</comp>

<comp id="1176" class="1004" name="trunc_ln69_fu_1176">
<pin_list>
<pin id="1177" dir="0" index="0" bw="4" slack="0"/>
<pin id="1178" dir="1" index="1" bw="3" slack="0"/>
</pin_list>
<bind>
<opcode="trunc(33) " fcode="trunc"/>
<opset="trunc_ln69/1 "/>
</bind>
</comp>

<comp id="1180" class="1004" name="switch_ln85_fu_1180">
<pin_list>
<pin id="1181" dir="0" index="0" bw="3" slack="0"/>
<pin id="1182" dir="0" index="1" bw="1" slack="0"/>
<pin id="1183" dir="0" index="2" bw="1" slack="0"/>
<pin id="1184" dir="0" index="3" bw="3" slack="0"/>
<pin id="1185" dir="0" index="4" bw="3" slack="0"/>
<pin id="1186" dir="0" index="5" bw="3" slack="0"/>
<pin id="1187" dir="0" index="6" bw="3" slack="0"/>
<pin id="1188" dir="0" index="7" bw="2" slack="0"/>
<pin id="1189" dir="1" index="8" bw="0" slack="2147483647"/>
</pin_list>
<bind>
<opcode="switch(3) " fcode="switch"/>
<opset="switch_ln85/1 "/>
</bind>
</comp>

<comp id="1198" class="1004" name="add_ln69_fu_1198">
<pin_list>
<pin id="1199" dir="0" index="0" bw="4" slack="0"/>
<pin id="1200" dir="0" index="1" bw="1" slack="0"/>
<pin id="1201" dir="1" index="2" bw="4" slack="0"/>
</pin_list>
<bind>
<opcode="add(8) " fcode="add"/>
<opset="add_ln69/1 "/>
</bind>
</comp>

<comp id="1204" class="1004" name="store_ln68_store_fu_1204">
<pin_list>
<pin id="1205" dir="0" index="0" bw="9" slack="0"/>
<pin id="1206" dir="0" index="1" bw="9" slack="0"/>
<pin id="1207" dir="1" index="2" bw="0" slack="2147483647"/>
</pin_list>
<bind>
<opcode="store(28) " fcode="store"/>
<opset="store_ln68/1 "/>
</bind>
</comp>

<comp id="1209" class="1004" name="store_ln68_store_fu_1209">
<pin_list>
<pin id="1210" dir="0" index="0" bw="6" slack="0"/>
<pin id="1211" dir="0" index="1" bw="6" slack="0"/>
<pin id="1212" dir="1" index="2" bw="0" slack="2147483647"/>
</pin_list>
<bind>
<opcode="store(28) " fcode="store"/>
<opset="store_ln68/1 "/>
</bind>
</comp>

<comp id="1214" class="1004" name="store_ln69_store_fu_1214">
<pin_list>
<pin id="1215" dir="0" index="0" bw="4" slack="0"/>
<pin id="1216" dir="0" index="1" bw="4" slack="0"/>
<pin id="1217" dir="1" index="2" bw="0" slack="2147483647"/>
</pin_list>
<bind>
<opcode="store(28) " fcode="store"/>
<opset="store_ln69/1 "/>
</bind>
</comp>

<comp id="1219" class="1004" name="shl_ln_fu_1219">
<pin_list>
<pin id="1220" dir="0" index="0" bw="7" slack="0"/>
<pin id="1221" dir="0" index="1" bw="6" slack="7"/>
<pin id="1222" dir="0" index="2" bw="1" slack="0"/>
<pin id="1223" dir="1" index="3" bw="7" slack="0"/>
</pin_list>
<bind>
<opcode="bitconcatenate(1004) " fcode="bitconcatenate"/>
<opset="shl_ln/8 "/>
</bind>
</comp>

<comp id="1226" class="1004" name="zext_ln74_fu_1226">
<pin_list>
<pin id="1227" dir="0" index="0" bw="7" slack="0"/>
<pin id="1228" dir="1" index="1" bw="8" slack="0"/>
</pin_list>
<bind>
<opcode="zext(34) " fcode="zext"/>
<opset="zext_ln74/8 "/>
</bind>
</comp>

<comp id="1230" class="1004" name="add_ln74_fu_1230">
<pin_list>
<pin id="1231" dir="0" index="0" bw="7" slack="0"/>
<pin id="1232" dir="0" index="1" bw="2" slack="0"/>
<pin id="1233" dir="1" index="2" bw="8" slack="0"/>
</pin_list>
<bind>
<opcode="add(8) " fcode="add"/>
<opset="add_ln74/8 "/>
</bind>
</comp>

<comp id="1236" class="1004" name="icmp_ln77_fu_1236">
<pin_list>
<pin id="1237" dir="0" index="0" bw="8" slack="0"/>
<pin id="1238" dir="0" index="1" bw="8" slack="0"/>
<pin id="1239" dir="1" index="2" bw="1" slack="1"/>
</pin_list>
<bind>
<opcode="icmp(45) " fcode="icmp"/>
<opset="icmp_ln77/8 "/>
</bind>
</comp>

<comp id="1242" class="1004" name="add_ln74_1_fu_1242">
<pin_list>
<pin id="1243" dir="0" index="0" bw="7" slack="0"/>
<pin id="1244" dir="0" index="1" bw="1" slack="0"/>
<pin id="1245" dir="1" index="2" bw="8" slack="0"/>
</pin_list>
<bind>
<opcode="add(8) " fcode="add"/>
<opset="add_ln74_1/8 "/>
</bind>
</comp>

<comp id="1248" class="1004" name="icmp_ln77_1_fu_1248">
<pin_list>
<pin id="1249" dir="0" index="0" bw="8" slack="0"/>
<pin id="1250" dir="0" index="1" bw="8" slack="0"/>
<pin id="1251" dir="1" index="2" bw="1" slack="1"/>
</pin_list>
<bind>
<opcode="icmp(45) " fcode="icmp"/>
<opset="icmp_ln77_1/8 "/>
</bind>
</comp>

<comp id="1254" class="1004" name="zext_ln74_2_fu_1254">
<pin_list>
<pin id="1255" dir="0" index="0" bw="7" slack="1"/>
<pin id="1256" dir="1" index="1" bw="15" slack="0"/>
</pin_list>
<bind>
<opcode="zext(34) " fcode="zext"/>
<opset="zext_ln74_2/9 "/>
</bind>
</comp>

<comp id="1257" class="1004" name="mul_ln74_fu_1257">
<pin_list>
<pin id="1258" dir="0" index="0" bw="7" slack="0"/>
<pin id="1259" dir="0" index="1" bw="9" slack="0"/>
<pin id="1260" dir="1" index="2" bw="15" slack="0"/>
</pin_list>
<bind>
<opcode="mul(12) " fcode="mul"/>
<opset="mul_ln74/9 "/>
</bind>
</comp>

<comp id="1263" class="1004" name="tmp_8_fu_1263">
<pin_list>
<pin id="1264" dir="0" index="0" bw="5" slack="0"/>
<pin id="1265" dir="0" index="1" bw="15" slack="0"/>
<pin id="1266" dir="0" index="2" bw="5" slack="0"/>
<pin id="1267" dir="0" index="3" bw="5" slack="0"/>
<pin id="1268" dir="1" index="4" bw="5" slack="1"/>
</pin_list>
<bind>
<opcode="partselect(1002) " fcode="partselect"/>
<opset="tmp_8/9 "/>
</bind>
</comp>

<comp id="1273" class="1004" name="sext_ln77_fu_1273">
<pin_list>
<pin id="1274" dir="0" index="0" bw="8" slack="1"/>
<pin id="1275" dir="1" index="1" bw="64" slack="0"/>
</pin_list>
<bind>
<opcode="sext(35) " fcode="sext"/>
<opset="sext_ln77/9 "/>
</bind>
</comp>

<comp id="1276" class="1004" name="zext_ln77_1_fu_1276">
<pin_list>
<pin id="1277" dir="0" index="0" bw="8" slack="0"/>
<pin id="1278" dir="1" index="1" bw="129" slack="0"/>
</pin_list>
<bind>
<opcode="zext(34) " fcode="zext"/>
<opset="zext_ln77_1/9 "/>
</bind>
</comp>

<comp id="1281" class="1004" name="tmp_9_fu_1281">
<pin_list>
<pin id="1282" dir="0" index="0" bw="62" slack="0"/>
<pin id="1283" dir="0" index="1" bw="129" slack="0"/>
<pin id="1284" dir="0" index="2" bw="8" slack="0"/>
<pin id="1285" dir="0" index="3" bw="9" slack="0"/>
<pin id="1286" dir="1" index="4" bw="62" slack="1"/>
</pin_list>
<bind>
<opcode="partselect(1002) " fcode="partselect"/>
<opset="tmp_9/9 "/>
</bind>
</comp>

<comp id="1291" class="1004" name="sext_ln77_1_fu_1291">
<pin_list>
<pin id="1292" dir="0" index="0" bw="8" slack="1"/>
<pin id="1293" dir="1" index="1" bw="64" slack="0"/>
</pin_list>
<bind>
<opcode="sext(35) " fcode="sext"/>
<opset="sext_ln77_1/9 "/>
</bind>
</comp>

<comp id="1294" class="1004" name="zext_ln77_3_fu_1294">
<pin_list>
<pin id="1295" dir="0" index="0" bw="8" slack="0"/>
<pin id="1296" dir="1" index="1" bw="129" slack="0"/>
</pin_list>
<bind>
<opcode="zext(34) " fcode="zext"/>
<opset="zext_ln77_3/9 "/>
</bind>
</comp>

<comp id="1299" class="1004" name="tmp_10_fu_1299">
<pin_list>
<pin id="1300" dir="0" index="0" bw="62" slack="0"/>
<pin id="1301" dir="0" index="1" bw="129" slack="0"/>
<pin id="1302" dir="0" index="2" bw="8" slack="0"/>
<pin id="1303" dir="0" index="3" bw="9" slack="0"/>
<pin id="1304" dir="1" index="4" bw="62" slack="1"/>
</pin_list>
<bind>
<opcode="partselect(1002) " fcode="partselect"/>
<opset="tmp_10/9 "/>
</bind>
</comp>

<comp id="1309" class="1004" name="add_ln74_2_fu_1309">
<pin_list>
<pin id="1310" dir="0" index="0" bw="7" slack="1"/>
<pin id="1311" dir="0" index="1" bw="3" slack="0"/>
<pin id="1312" dir="1" index="2" bw="7" slack="0"/>
</pin_list>
<bind>
<opcode="add(8) " fcode="add"/>
<opset="add_ln74_2/9 "/>
</bind>
</comp>

<comp id="1314" class="1004" name="icmp_ln77_2_fu_1314">
<pin_list>
<pin id="1315" dir="0" index="0" bw="7" slack="0"/>
<pin id="1316" dir="0" index="1" bw="7" slack="0"/>
<pin id="1317" dir="1" index="2" bw="1" slack="1"/>
</pin_list>
<bind>
<opcode="icmp(45) " fcode="icmp"/>
<opset="icmp_ln77_2/9 "/>
</bind>
</comp>

<comp id="1320" class="1004" name="zext_ln68_fu_1320">
<pin_list>
<pin id="1321" dir="0" index="0" bw="6" slack="9"/>
<pin id="1322" dir="1" index="1" bw="13" slack="0"/>
</pin_list>
<bind>
<opcode="zext(34) " fcode="zext"/>
<opset="zext_ln68/10 "/>
</bind>
</comp>

<comp id="1323" class="1004" name="mul_ln68_fu_1323">
<pin_list>
<pin id="1324" dir="0" index="0" bw="6" slack="0"/>
<pin id="1325" dir="0" index="1" bw="8" slack="0"/>
<pin id="1326" dir="1" index="2" bw="13" slack="0"/>
</pin_list>
<bind>
<opcode="mul(12) " fcode="mul"/>
<opset="mul_ln68/10 "/>
</bind>
</comp>

<comp id="1329" class="1004" name="tmp_fu_1329">
<pin_list>
<pin id="1330" dir="0" index="0" bw="4" slack="0"/>
<pin id="1331" dir="0" index="1" bw="13" slack="0"/>
<pin id="1332" dir="0" index="2" bw="5" slack="0"/>
<pin id="1333" dir="0" index="3" bw="5" slack="0"/>
<pin id="1334" dir="1" index="4" bw="4" slack="6"/>
</pin_list>
<bind>
<opcode="partselect(1002) " fcode="partselect"/>
<opset="tmp/10 "/>
</bind>
</comp>

<comp id="1339" class="1004" name="trunc_ln68_fu_1339">
<pin_list>
<pin id="1340" dir="0" index="0" bw="3" slack="0"/>
<pin id="1341" dir="1" index="1" bw="3" slack="0"/>
</pin_list>
<bind>
<opcode="trunc(33) " fcode="trunc"/>
<opset="trunc_ln68/10 "/>
</bind>
</comp>

<comp id="1344" class="1004" name="zext_ln74_1_fu_1344">
<pin_list>
<pin id="1345" dir="0" index="0" bw="5" slack="1"/>
<pin id="1346" dir="1" index="1" bw="64" slack="0"/>
</pin_list>
<bind>
<opcode="zext(34) " fcode="zext"/>
<opset="zext_ln74_1/10 "/>
</bind>
</comp>

<comp id="1352" class="1004" name="zext_ln77_2_fu_1352">
<pin_list>
<pin id="1353" dir="0" index="0" bw="62" slack="1"/>
<pin id="1354" dir="1" index="1" bw="64" slack="0"/>
</pin_list>
<bind>
<opcode="zext(34) " fcode="zext"/>
<opset="zext_ln77_2/10 "/>
</bind>
</comp>

<comp id="1360" class="1004" name="zext_ln77_4_fu_1360">
<pin_list>
<pin id="1361" dir="0" index="0" bw="62" slack="1"/>
<pin id="1362" dir="1" index="1" bw="64" slack="0"/>
</pin_list>
<bind>
<opcode="zext(34) " fcode="zext"/>
<opset="zext_ln77_4/10 "/>
</bind>
</comp>

<comp id="1368" class="1004" name="or_ln_fu_1368">
<pin_list>
<pin id="1369" dir="0" index="0" bw="7" slack="0"/>
<pin id="1370" dir="0" index="1" bw="6" slack="9"/>
<pin id="1371" dir="0" index="2" bw="1" slack="0"/>
<pin id="1372" dir="1" index="3" bw="7" slack="0"/>
</pin_list>
<bind>
<opcode="bitconcatenate(1004) " fcode="bitconcatenate"/>
<opset="or_ln/10 "/>
</bind>
</comp>

<comp id="1375" class="1004" name="zext_ln79_1_fu_1375">
<pin_list>
<pin id="1376" dir="0" index="0" bw="7" slack="0"/>
<pin id="1377" dir="1" index="1" bw="15" slack="0"/>
</pin_list>
<bind>
<opcode="zext(34) " fcode="zext"/>
<opset="zext_ln79_1/10 "/>
</bind>
</comp>

<comp id="1379" class="1004" name="mul_ln79_fu_1379">
<pin_list>
<pin id="1380" dir="0" index="0" bw="7" slack="0"/>
<pin id="1381" dir="0" index="1" bw="9" slack="0"/>
<pin id="1382" dir="1" index="2" bw="15" slack="0"/>
</pin_list>
<bind>
<opcode="mul(12) " fcode="mul"/>
<opset="mul_ln79/10 "/>
</bind>
</comp>

<comp id="1385" class="1004" name="tmp_11_fu_1385">
<pin_list>
<pin id="1386" dir="0" index="0" bw="5" slack="0"/>
<pin id="1387" dir="0" index="1" bw="15" slack="0"/>
<pin id="1388" dir="0" index="2" bw="5" slack="0"/>
<pin id="1389" dir="0" index="3" bw="5" slack="0"/>
<pin id="1390" dir="1" index="4" bw="5" slack="0"/>
</pin_list>
<bind>
<opcode="partselect(1002) " fcode="partselect"/>
<opset="tmp_11/10 "/>
</bind>
</comp>

<comp id="1395" class="1004" name="zext_ln79_fu_1395">
<pin_list>
<pin id="1396" dir="0" index="0" bw="5" slack="0"/>
<pin id="1397" dir="1" index="1" bw="64" slack="0"/>
</pin_list>
<bind>
<opcode="zext(34) " fcode="zext"/>
<opset="zext_ln79/10 "/>
</bind>
</comp>

<comp id="1404" class="1004" name="zext_ln77_5_fu_1404">
<pin_list>
<pin id="1405" dir="0" index="0" bw="7" slack="1"/>
<pin id="1406" dir="1" index="1" bw="15" slack="0"/>
</pin_list>
<bind>
<opcode="zext(34) " fcode="zext"/>
<opset="zext_ln77_5/10 "/>
</bind>
</comp>

<comp id="1407" class="1004" name="mul_ln77_2_fu_1407">
<pin_list>
<pin id="1408" dir="0" index="0" bw="7" slack="0"/>
<pin id="1409" dir="0" index="1" bw="9" slack="0"/>
<pin id="1410" dir="1" index="2" bw="15" slack="0"/>
</pin_list>
<bind>
<opcode="mul(12) " fcode="mul"/>
<opset="mul_ln77_2/10 "/>
</bind>
</comp>

<comp id="1413" class="1004" name="tmp_12_fu_1413">
<pin_list>
<pin id="1414" dir="0" index="0" bw="5" slack="0"/>
<pin id="1415" dir="0" index="1" bw="15" slack="0"/>
<pin id="1416" dir="0" index="2" bw="5" slack="0"/>
<pin id="1417" dir="0" index="3" bw="5" slack="0"/>
<pin id="1418" dir="1" index="4" bw="5" slack="0"/>
</pin_list>
<bind>
<opcode="partselect(1002) " fcode="partselect"/>
<opset="tmp_12/10 "/>
</bind>
</comp>

<comp id="1423" class="1004" name="zext_ln77_fu_1423">
<pin_list>
<pin id="1424" dir="0" index="0" bw="5" slack="0"/>
<pin id="1425" dir="1" index="1" bw="64" slack="0"/>
</pin_list>
<bind>
<opcode="zext(34) " fcode="zext"/>
<opset="zext_ln77/10 "/>
</bind>
</comp>

<comp id="1432" class="1004" name="zext_ln69_fu_1432">
<pin_list>
<pin id="1433" dir="0" index="0" bw="4" slack="9"/>
<pin id="1434" dir="1" index="1" bw="64" slack="0"/>
</pin_list>
<bind>
<opcode="zext(34) " fcode="zext"/>
<opset="zext_ln69/10 "/>
</bind>
</comp>

<comp id="1437" class="1004" name="tmp_1_fu_1437">
<pin_list>
<pin id="1438" dir="0" index="0" bw="8" slack="0"/>
<pin id="1439" dir="0" index="1" bw="3" slack="0"/>
<pin id="1440" dir="0" index="2" bw="8" slack="0"/>
<pin id="1441" dir="0" index="3" bw="3" slack="0"/>
<pin id="1442" dir="0" index="4" bw="8" slack="0"/>
<pin id="1443" dir="0" index="5" bw="3" slack="0"/>
<pin id="1444" dir="0" index="6" bw="8" slack="0"/>
<pin id="1445" dir="0" index="7" bw="3" slack="0"/>
<pin id="1446" dir="0" index="8" bw="8" slack="0"/>
<pin id="1447" dir="0" index="9" bw="3" slack="0"/>
<pin id="1448" dir="0" index="10" bw="8" slack="0"/>
<pin id="1449" dir="0" index="11" bw="8" slack="0"/>
<pin id="1450" dir="0" index="12" bw="3" slack="1"/>
<pin id="1451" dir="1" index="13" bw="8" slack="1"/>
</pin_list>
<bind>
<opcode="sparsemux(1197) " fcode="sparsemux"/>
<opset="tmp_1/11 "/>
</bind>
</comp>

<comp id="1464" class="1004" name="tmp_2_fu_1464">
<pin_list>
<pin id="1465" dir="0" index="0" bw="8" slack="0"/>
<pin id="1466" dir="0" index="1" bw="3" slack="0"/>
<pin id="1467" dir="0" index="2" bw="8" slack="0"/>
<pin id="1468" dir="0" index="3" bw="3" slack="0"/>
<pin id="1469" dir="0" index="4" bw="8" slack="0"/>
<pin id="1470" dir="0" index="5" bw="3" slack="0"/>
<pin id="1471" dir="0" index="6" bw="8" slack="0"/>
<pin id="1472" dir="0" index="7" bw="3" slack="0"/>
<pin id="1473" dir="0" index="8" bw="8" slack="0"/>
<pin id="1474" dir="0" index="9" bw="3" slack="0"/>
<pin id="1475" dir="0" index="10" bw="8" slack="0"/>
<pin id="1476" dir="0" index="11" bw="8" slack="0"/>
<pin id="1477" dir="0" index="12" bw="3" slack="1"/>
<pin id="1478" dir="1" index="13" bw="8" slack="0"/>
</pin_list>
<bind>
<opcode="sparsemux(1197) " fcode="sparsemux"/>
<opset="tmp_2/11 "/>
</bind>
</comp>

<comp id="1491" class="1004" name="sext_ln79_2_fu_1491">
<pin_list>
<pin id="1492" dir="0" index="0" bw="8" slack="0"/>
<pin id="1493" dir="1" index="1" bw="9" slack="0"/>
</pin_list>
<bind>
<opcode="sext(35) " fcode="sext"/>
<opset="sext_ln79_2/11 "/>
</bind>
</comp>

<comp id="1495" class="1004" name="tmp_3_fu_1495">
<pin_list>
<pin id="1496" dir="0" index="0" bw="8" slack="0"/>
<pin id="1497" dir="0" index="1" bw="3" slack="0"/>
<pin id="1498" dir="0" index="2" bw="8" slack="0"/>
<pin id="1499" dir="0" index="3" bw="3" slack="0"/>
<pin id="1500" dir="0" index="4" bw="8" slack="0"/>
<pin id="1501" dir="0" index="5" bw="3" slack="0"/>
<pin id="1502" dir="0" index="6" bw="8" slack="0"/>
<pin id="1503" dir="0" index="7" bw="3" slack="0"/>
<pin id="1504" dir="0" index="8" bw="8" slack="0"/>
<pin id="1505" dir="0" index="9" bw="3" slack="0"/>
<pin id="1506" dir="0" index="10" bw="8" slack="0"/>
<pin id="1507" dir="0" index="11" bw="8" slack="0"/>
<pin id="1508" dir="0" index="12" bw="3" slack="1"/>
<pin id="1509" dir="1" index="13" bw="8" slack="2"/>
</pin_list>
<bind>
<opcode="sparsemux(1197) " fcode="sparsemux"/>
<opset="tmp_3/11 "/>
</bind>
</comp>

<comp id="1522" class="1004" name="tmp_4_fu_1522">
<pin_list>
<pin id="1523" dir="0" index="0" bw="8" slack="0"/>
<pin id="1524" dir="0" index="1" bw="3" slack="0"/>
<pin id="1525" dir="0" index="2" bw="8" slack="0"/>
<pin id="1526" dir="0" index="3" bw="3" slack="0"/>
<pin id="1527" dir="0" index="4" bw="8" slack="0"/>
<pin id="1528" dir="0" index="5" bw="3" slack="0"/>
<pin id="1529" dir="0" index="6" bw="8" slack="0"/>
<pin id="1530" dir="0" index="7" bw="3" slack="0"/>
<pin id="1531" dir="0" index="8" bw="8" slack="0"/>
<pin id="1532" dir="0" index="9" bw="3" slack="0"/>
<pin id="1533" dir="0" index="10" bw="8" slack="0"/>
<pin id="1534" dir="0" index="11" bw="8" slack="0"/>
<pin id="1535" dir="0" index="12" bw="3" slack="1"/>
<pin id="1536" dir="1" index="13" bw="8" slack="0"/>
</pin_list>
<bind>
<opcode="sparsemux(1197) " fcode="sparsemux"/>
<opset="tmp_4/11 "/>
</bind>
</comp>

<comp id="1549" class="1004" name="sext_ln79_4_fu_1549">
<pin_list>
<pin id="1550" dir="0" index="0" bw="8" slack="0"/>
<pin id="1551" dir="1" index="1" bw="9" slack="0"/>
</pin_list>
<bind>
<opcode="sext(35) " fcode="sext"/>
<opset="sext_ln79_4/11 "/>
</bind>
</comp>

<comp id="1553" class="1004" name="x_46_fu_1553">
<pin_list>
<pin id="1554" dir="0" index="0" bw="8" slack="0"/>
<pin id="1555" dir="0" index="1" bw="8" slack="0"/>
<pin id="1556" dir="1" index="2" bw="9" slack="0"/>
</pin_list>
<bind>
<opcode="add(8) " fcode="add"/>
<opset="x_46/11 "/>
</bind>
</comp>

<comp id="1559" class="1004" name="x_3_fu_1559">
<pin_list>
<pin id="1560" dir="0" index="0" bw="1" slack="3"/>
<pin id="1561" dir="0" index="1" bw="9" slack="0"/>
<pin id="1562" dir="0" index="2" bw="9" slack="0"/>
<pin id="1563" dir="1" index="3" bw="9" slack="0"/>
</pin_list>
<bind>
<opcode="select(49) " fcode="select"/>
<opset="x_3/11 "/>
</bind>
</comp>

<comp id="1566" class="1004" name="sext_ln75_1_fu_1566">
<pin_list>
<pin id="1567" dir="0" index="0" bw="9" slack="0"/>
<pin id="1568" dir="1" index="1" bw="17" slack="0"/>
</pin_list>
<bind>
<opcode="sext(35) " fcode="sext"/>
<opset="sext_ln75_1/11 "/>
</bind>
</comp>

<comp id="1570" class="1004" name="sext_ln75_2_fu_1570">
<pin_list>
<pin id="1571" dir="0" index="0" bw="8" slack="0"/>
<pin id="1572" dir="1" index="1" bw="17" slack="0"/>
</pin_list>
<bind>
<opcode="sext(35) " fcode="sext"/>
<opset="sext_ln75_2/11 "/>
</bind>
</comp>

<comp id="1574" class="1004" name="sext_ln82_1_fu_1574">
<pin_list>
<pin id="1575" dir="0" index="0" bw="8" slack="0"/>
<pin id="1576" dir="1" index="1" bw="17" slack="0"/>
</pin_list>
<bind>
<opcode="sext(35) " fcode="sext"/>
<opset="sext_ln82_1/11 "/>
</bind>
</comp>

<comp id="1578" class="1004" name="tmp_5_fu_1578">
<pin_list>
<pin id="1579" dir="0" index="0" bw="8" slack="0"/>
<pin id="1580" dir="0" index="1" bw="3" slack="0"/>
<pin id="1581" dir="0" index="2" bw="8" slack="0"/>
<pin id="1582" dir="0" index="3" bw="3" slack="0"/>
<pin id="1583" dir="0" index="4" bw="8" slack="0"/>
<pin id="1584" dir="0" index="5" bw="3" slack="0"/>
<pin id="1585" dir="0" index="6" bw="8" slack="0"/>
<pin id="1586" dir="0" index="7" bw="3" slack="0"/>
<pin id="1587" dir="0" index="8" bw="8" slack="0"/>
<pin id="1588" dir="0" index="9" bw="3" slack="0"/>
<pin id="1589" dir="0" index="10" bw="8" slack="0"/>
<pin id="1590" dir="0" index="11" bw="8" slack="0"/>
<pin id="1591" dir="0" index="12" bw="3" slack="1"/>
<pin id="1592" dir="1" index="13" bw="8" slack="2"/>
</pin_list>
<bind>
<opcode="sparsemux(1197) " fcode="sparsemux"/>
<opset="tmp_5/11 "/>
</bind>
</comp>

<comp id="1605" class="1004" name="sext_ln79_fu_1605">
<pin_list>
<pin id="1606" dir="0" index="0" bw="8" slack="1"/>
<pin id="1607" dir="1" index="1" bw="9" slack="0"/>
</pin_list>
<bind>
<opcode="sext(35) " fcode="sext"/>
<opset="sext_ln79/12 "/>
</bind>
</comp>

<comp id="1608" class="1004" name="sext_ln75_3_fu_1608">
<pin_list>
<pin id="1609" dir="0" index="0" bw="8" slack="0"/>
<pin id="1610" dir="1" index="1" bw="17" slack="0"/>
</pin_list>
<bind>
<opcode="sext(35) " fcode="sext"/>
<opset="sext_ln75_3/12 "/>
</bind>
</comp>

<comp id="1612" class="1004" name="sext_ln79_3_fu_1612">
<pin_list>
<pin id="1613" dir="0" index="0" bw="8" slack="2"/>
<pin id="1614" dir="1" index="1" bw="9" slack="0"/>
</pin_list>
<bind>
<opcode="sext(35) " fcode="sext"/>
<opset="sext_ln79_3/13 "/>
</bind>
</comp>

<comp id="1615" class="1004" name="x_fu_1615">
<pin_list>
<pin id="1616" dir="0" index="0" bw="8" slack="0"/>
<pin id="1617" dir="0" index="1" bw="8" slack="0"/>
<pin id="1618" dir="1" index="2" bw="9" slack="0"/>
</pin_list>
<bind>
<opcode="add(8) " fcode="add"/>
<opset="x/13 "/>
</bind>
</comp>

<comp id="1621" class="1004" name="x_1_fu_1621">
<pin_list>
<pin id="1622" dir="0" index="0" bw="1" slack="5"/>
<pin id="1623" dir="0" index="1" bw="9" slack="0"/>
<pin id="1624" dir="0" index="2" bw="9" slack="0"/>
<pin id="1625" dir="1" index="3" bw="9" slack="0"/>
</pin_list>
<bind>
<opcode="select(49) " fcode="select"/>
<opset="x_1/13 "/>
</bind>
</comp>

<comp id="1628" class="1004" name="sext_ln75_fu_1628">
<pin_list>
<pin id="1629" dir="0" index="0" bw="9" slack="0"/>
<pin id="1630" dir="1" index="1" bw="17" slack="0"/>
</pin_list>
<bind>
<opcode="sext(35) " fcode="sext"/>
<opset="sext_ln75/13 "/>
</bind>
</comp>

<comp id="1632" class="1004" name="sext_ln82_fu_1632">
<pin_list>
<pin id="1633" dir="0" index="0" bw="8" slack="0"/>
<pin id="1634" dir="1" index="1" bw="17" slack="0"/>
</pin_list>
<bind>
<opcode="sext(35) " fcode="sext"/>
<opset="sext_ln82/13 "/>
</bind>
</comp>

<comp id="1636" class="1004" name="mul_ln82_fu_1636">
<pin_list>
<pin id="1637" dir="0" index="0" bw="9" slack="0"/>
<pin id="1638" dir="0" index="1" bw="8" slack="0"/>
<pin id="1639" dir="1" index="2" bw="17" slack="0"/>
</pin_list>
<bind>
<opcode="mul(12) " fcode="mul"/>
<opset="mul_ln82/13 "/>
</bind>
</comp>

<comp id="1642" class="1004" name="sext_ln79_5_fu_1642">
<pin_list>
<pin id="1643" dir="0" index="0" bw="8" slack="2"/>
<pin id="1644" dir="1" index="1" bw="9" slack="0"/>
</pin_list>
<bind>
<opcode="sext(35) " fcode="sext"/>
<opset="sext_ln79_5/13 "/>
</bind>
</comp>

<comp id="1645" class="1004" name="x_47_fu_1645">
<pin_list>
<pin id="1646" dir="0" index="0" bw="8" slack="0"/>
<pin id="1647" dir="0" index="1" bw="8" slack="0"/>
<pin id="1648" dir="1" index="2" bw="9" slack="0"/>
</pin_list>
<bind>
<opcode="add(8) " fcode="add"/>
<opset="x_47/13 "/>
</bind>
</comp>

<comp id="1651" class="1004" name="x_7_fu_1651">
<pin_list>
<pin id="1652" dir="0" index="0" bw="1" slack="4"/>
<pin id="1653" dir="0" index="1" bw="9" slack="0"/>
<pin id="1654" dir="0" index="2" bw="9" slack="0"/>
<pin id="1655" dir="1" index="3" bw="9" slack="0"/>
</pin_list>
<bind>
<opcode="select(49) " fcode="select"/>
<opset="x_7/13 "/>
</bind>
</comp>

<comp id="1658" class="1004" name="sext_ln75_4_fu_1658">
<pin_list>
<pin id="1659" dir="0" index="0" bw="9" slack="0"/>
<pin id="1660" dir="1" index="1" bw="17" slack="0"/>
</pin_list>
<bind>
<opcode="sext(35) " fcode="sext"/>
<opset="sext_ln75_4/13 "/>
</bind>
</comp>

<comp id="1662" class="1004" name="sext_ln82_3_fu_1662">
<pin_list>
<pin id="1663" dir="0" index="0" bw="8" slack="0"/>
<pin id="1664" dir="1" index="1" bw="17" slack="0"/>
</pin_list>
<bind>
<opcode="sext(35) " fcode="sext"/>
<opset="sext_ln82_3/13 "/>
</bind>
</comp>

<comp id="1666" class="1004" name="mul_ln82_4_fu_1666">
<pin_list>
<pin id="1667" dir="0" index="0" bw="9" slack="0"/>
<pin id="1668" dir="0" index="1" bw="8" slack="0"/>
<pin id="1669" dir="1" index="2" bw="17" slack="0"/>
</pin_list>
<bind>
<opcode="mul(12) " fcode="mul"/>
<opset="mul_ln82_4/13 "/>
</bind>
</comp>

<comp id="1672" class="1004" name="sext_ln71_fu_1672">
<pin_list>
<pin id="1673" dir="0" index="0" bw="13" slack="1"/>
<pin id="1674" dir="1" index="1" bw="17" slack="0"/>
</pin_list>
<bind>
<opcode="sext(35) " fcode="sext"/>
<opset="sext_ln71/14 "/>
</bind>
</comp>

<comp id="1675" class="1004" name="add_ln82_1_fu_1675">
<pin_list>
<pin id="1676" dir="0" index="0" bw="17" slack="0"/>
<pin id="1677" dir="0" index="1" bw="13" slack="0"/>
<pin id="1678" dir="1" index="2" bw="17" slack="1"/>
</pin_list>
<bind>
<opcode="add(8) " fcode="add"/>
<opset="add_ln82_1/14 "/>
</bind>
</comp>

<comp id="1680" class="1004" name="sext_ln82_5_fu_1680">
<pin_list>
<pin id="1681" dir="0" index="0" bw="17" slack="0"/>
<pin id="1682" dir="1" index="1" bw="18" slack="0"/>
</pin_list>
<bind>
<opcode="sext(35) " fcode="sext"/>
<opset="sext_ln82_5/14 "/>
</bind>
</comp>

<comp id="1683" class="1004" name="sext_ln82_4_fu_1683">
<pin_list>
<pin id="1684" dir="0" index="0" bw="17" slack="1"/>
<pin id="1685" dir="1" index="1" bw="19" slack="0"/>
</pin_list>
<bind>
<opcode="sext(35) " fcode="sext"/>
<opset="sext_ln82_4/15 "/>
</bind>
</comp>

<comp id="1686" class="1004" name="sext_ln82_6_fu_1686">
<pin_list>
<pin id="1687" dir="0" index="0" bw="18" slack="0"/>
<pin id="1688" dir="1" index="1" bw="19" slack="0"/>
</pin_list>
<bind>
<opcode="sext(35) " fcode="sext"/>
<opset="sext_ln82_6/15 "/>
</bind>
</comp>

<comp id="1689" class="1004" name="acc_2_fu_1689">
<pin_list>
<pin id="1690" dir="0" index="0" bw="18" slack="0"/>
<pin id="1691" dir="0" index="1" bw="17" slack="0"/>
<pin id="1692" dir="1" index="2" bw="19" slack="0"/>
</pin_list>
<bind>
<opcode="add(8) " fcode="add"/>
<opset="acc_2/15 "/>
</bind>
</comp>

<comp id="1695" class="1004" name="sext_ln6_fu_1695">
<pin_list>
<pin id="1696" dir="0" index="0" bw="19" slack="0"/>
<pin id="1697" dir="1" index="1" bw="49" slack="0"/>
</pin_list>
<bind>
<opcode="sext(35) " fcode="sext"/>
<opset="sext_ln6/15 "/>
</bind>
</comp>

<comp id="1700" class="1004" name="zext_ln6_fu_1700">
<pin_list>
<pin id="1701" dir="0" index="0" bw="30" slack="2"/>
<pin id="1702" dir="1" index="1" bw="49" slack="0"/>
</pin_list>
<bind>
<opcode="zext(34) " fcode="zext"/>
<opset="zext_ln6/15 "/>
</bind>
</comp>

<comp id="1704" class="1004" name="add_ln10_fu_1704">
<pin_list>
<pin id="1705" dir="0" index="0" bw="6" slack="2"/>
<pin id="1706" dir="0" index="1" bw="1" slack="0"/>
<pin id="1707" dir="1" index="2" bw="6" slack="0"/>
</pin_list>
<bind>
<opcode="add(8) " fcode="add"/>
<opset="add_ln10/15 "/>
</bind>
</comp>

<comp id="1709" class="1004" name="zext_ln10_fu_1709">
<pin_list>
<pin id="1710" dir="0" index="0" bw="6" slack="0"/>
<pin id="1711" dir="1" index="1" bw="37" slack="0"/>
</pin_list>
<bind>
<opcode="zext(34) " fcode="zext"/>
<opset="zext_ln10/15 "/>
</bind>
</comp>

<comp id="1713" class="1004" name="shl_ln10_fu_1713">
<pin_list>
<pin id="1714" dir="0" index="0" bw="1" slack="0"/>
<pin id="1715" dir="0" index="1" bw="6" slack="0"/>
<pin id="1716" dir="1" index="2" bw="37" slack="1"/>
</pin_list>
<bind>
<opcode="shl(20) " fcode="shl"/>
<opset="shl_ln10/15 "/>
</bind>
</comp>

<comp id="1719" class="1004" name="zext_ln68_1_fu_1719">
<pin_list>
<pin id="1720" dir="0" index="0" bw="4" slack="6"/>
<pin id="1721" dir="1" index="1" bw="64" slack="0"/>
</pin_list>
<bind>
<opcode="zext(34) " fcode="zext"/>
<opset="zext_ln68_1/16 "/>
</bind>
</comp>

<comp id="1762" class="1004" name="zext_ln10_1_fu_1762">
<pin_list>
<pin id="1763" dir="0" index="0" bw="37" slack="1"/>
<pin id="1764" dir="1" index="1" bw="49" slack="0"/>
</pin_list>
<bind>
<opcode="zext(34) " fcode="zext"/>
<opset="zext_ln10_1/16 "/>
</bind>
</comp>

<comp id="1765" class="1004" name="acc64_2_fu_1765">
<pin_list>
<pin id="1766" dir="0" index="0" bw="37" slack="0"/>
<pin id="1767" dir="0" index="1" bw="49" slack="1"/>
<pin id="1768" dir="1" index="2" bw="49" slack="0"/>
</pin_list>
<bind>
<opcode="add(8) " fcode="add"/>
<opset="acc64_2/16 "/>
</bind>
</comp>

<comp id="1770" class="1004" name="zext_ln13_fu_1770">
<pin_list>
<pin id="1771" dir="0" index="0" bw="6" slack="3"/>
<pin id="1772" dir="1" index="1" bw="49" slack="0"/>
</pin_list>
<bind>
<opcode="zext(34) " fcode="zext"/>
<opset="zext_ln13/16 "/>
</bind>
</comp>

<comp id="1773" class="1004" name="res_fu_1773">
<pin_list>
<pin id="1774" dir="0" index="0" bw="49" slack="0"/>
<pin id="1775" dir="0" index="1" bw="6" slack="0"/>
<pin id="1776" dir="1" index="2" bw="49" slack="0"/>
</pin_list>
<bind>
<opcode="ashr(22) " fcode="ashr"/>
<opset="res/16 "/>
</bind>
</comp>

<comp id="1779" class="1004" name="trunc_ln13_fu_1779">
<pin_list>
<pin id="1780" dir="0" index="0" bw="49" slack="0"/>
<pin id="1781" dir="1" index="1" bw="13" slack="0"/>
</pin_list>
<bind>
<opcode="trunc(33) " fcode="trunc"/>
<opset="trunc_ln13/16 "/>
</bind>
</comp>

<comp id="1783" class="1004" name="tmp_13_fu_1783">
<pin_list>
<pin id="1784" dir="0" index="0" bw="1" slack="0"/>
<pin id="1785" dir="0" index="1" bw="49" slack="0"/>
<pin id="1786" dir="0" index="2" bw="5" slack="0"/>
<pin id="1787" dir="1" index="3" bw="1" slack="0"/>
</pin_list>
<bind>
<opcode="bitselect(1000) " fcode="bitselect"/>
<opset="tmp_13/16 "/>
</bind>
</comp>

<comp id="1791" class="1004" name="res_2_fu_1791">
<pin_list>
<pin id="1792" dir="0" index="0" bw="1" slack="0"/>
<pin id="1793" dir="0" index="1" bw="13" slack="0"/>
<pin id="1794" dir="0" index="2" bw="13" slack="0"/>
<pin id="1795" dir="1" index="3" bw="13" slack="0"/>
</pin_list>
<bind>
<opcode="select(49) " fcode="select"/>
<opset="res_2/16 "/>
</bind>
</comp>

<comp id="1799" class="1004" name="tmp_14_fu_1799">
<pin_list>
<pin id="1800" dir="0" index="0" bw="6" slack="0"/>
<pin id="1801" dir="0" index="1" bw="13" slack="0"/>
<pin id="1802" dir="0" index="2" bw="4" slack="0"/>
<pin id="1803" dir="0" index="3" bw="5" slack="0"/>
<pin id="1804" dir="1" index="4" bw="6" slack="0"/>
</pin_list>
<bind>
<opcode="partselect(1002) " fcode="partselect"/>
<opset="tmp_14/16 "/>
</bind>
</comp>

<comp id="1809" class="1004" name="icmp_ln20_fu_1809">
<pin_list>
<pin id="1810" dir="0" index="0" bw="6" slack="0"/>
<pin id="1811" dir="0" index="1" bw="6" slack="0"/>
<pin id="1812" dir="1" index="2" bw="1" slack="0"/>
</pin_list>
<bind>
<opcode="icmp(45) " fcode="icmp"/>
<opset="icmp_ln20/16 "/>
</bind>
</comp>

<comp id="1815" class="1004" name="trunc_ln22_fu_1815">
<pin_list>
<pin id="1816" dir="0" index="0" bw="13" slack="0"/>
<pin id="1817" dir="1" index="1" bw="7" slack="0"/>
</pin_list>
<bind>
<opcode="trunc(33) " fcode="trunc"/>
<opset="trunc_ln22/16 "/>
</bind>
</comp>

<comp id="1819" class="1004" name="select_ln20_fu_1819">
<pin_list>
<pin id="1820" dir="0" index="0" bw="1" slack="0"/>
<pin id="1821" dir="0" index="1" bw="7" slack="0"/>
<pin id="1822" dir="0" index="2" bw="7" slack="0"/>
<pin id="1823" dir="1" index="3" bw="7" slack="0"/>
</pin_list>
<bind>
<opcode="select(49) " fcode="select"/>
<opset="select_ln20/16 "/>
</bind>
</comp>

<comp id="1867" class="1007" name="grp_fu_1867">
<pin_list>
<pin id="1868" dir="0" index="0" bw="8" slack="0"/>
<pin id="1869" dir="0" index="1" bw="8" slack="0"/>
<pin id="1870" dir="0" index="2" bw="8" slack="0"/>
<pin id="1871" dir="0" index="3" bw="17" slack="0"/>
<pin id="1872" dir="1" index="4" bw="17" slack="0"/>
</pin_list>
<bind>
<opcode="addmuladd(1175) " fcode="addmuladd"/>
<opset="x_45/11 sext_ln85/11 mul_ln82_1/11 add_ln82_2/13 "/>
</bind>
</comp>

<comp id="1878" class="1007" name="grp_fu_1878">
<pin_list>
<pin id="1879" dir="0" index="0" bw="9" slack="0"/>
<pin id="1880" dir="0" index="1" bw="8" slack="0"/>
<pin id="1881" dir="0" index="2" bw="17" slack="0"/>
<pin id="1882" dir="1" index="3" bw="17" slack="0"/>
</pin_list>
<bind>
<opcode="muladd(1172) " fcode="muladd"/>
<opset="mul_ln82_3/11 add_ln82/13 "/>
</bind>
</comp>

<comp id="1887" class="1007" name="grp_fu_1887">
<pin_list>
<pin id="1888" dir="0" index="0" bw="8" slack="0"/>
<pin id="1889" dir="0" index="1" bw="8" slack="0"/>
<pin id="1890" dir="0" index="2" bw="8" slack="0"/>
<pin id="1891" dir="0" index="3" bw="17" slack="0"/>
<pin id="1892" dir="1" index="4" bw="18" slack="0"/>
</pin_list>
<bind>
<opcode="addmuladd(1175) " fcode="addmuladd"/>
<opset="x_44/12 sext_ln79_1/12 mul_ln82_2/12 sext_ln82_2/14 add_ln82_3/14 "/>
</bind>
</comp>

<comp id="1898" class="1005" name="oc_reg_1898">
<pin_list>
<pin id="1899" dir="0" index="0" bw="4" slack="0"/>
<pin id="1900" dir="1" index="1" bw="4" slack="0"/>
</pin_list>
<bind>
<opset="oc "/>
</bind>
</comp>

<comp id="1905" class="1005" name="out_idx_reg_1905">
<pin_list>
<pin id="1906" dir="0" index="0" bw="6" slack="0"/>
<pin id="1907" dir="1" index="1" bw="6" slack="0"/>
</pin_list>
<bind>
<opset="out_idx "/>
</bind>
</comp>

<comp id="1912" class="1005" name="indvar_flatten_reg_1912">
<pin_list>
<pin id="1913" dir="0" index="0" bw="9" slack="0"/>
<pin id="1914" dir="1" index="1" bw="9" slack="0"/>
</pin_list>
<bind>
<opset="indvar_flatten "/>
</bind>
</comp>

<comp id="1919" class="1005" name="icmp_ln68_reg_1919">
<pin_list>
<pin id="1920" dir="0" index="0" bw="1" slack="14"/>
<pin id="1921" dir="1" index="1" bw="1" slack="2147483647"/>
</pin_list>
<bind>
<opset="icmp_ln68 "/>
</bind>
</comp>

<comp id="1923" class="1005" name="select_ln68_reg_1923">
<pin_list>
<pin id="1924" dir="0" index="0" bw="4" slack="9"/>
<pin id="1925" dir="1" index="1" bw="4" slack="9"/>
</pin_list>
<bind>
<opset="select_ln68 "/>
</bind>
</comp>

<comp id="1928" class="1005" name="add_ln68_1_reg_1928">
<pin_list>
<pin id="1929" dir="0" index="0" bw="6" slack="1"/>
<pin id="1930" dir="1" index="1" bw="6" slack="1"/>
</pin_list>
<bind>
<opset="add_ln68_1 "/>
</bind>
</comp>

<comp id="1936" class="1005" name="trunc_ln69_reg_1936">
<pin_list>
<pin id="1937" dir="0" index="0" bw="3" slack="9"/>
<pin id="1938" dir="1" index="1" bw="3" slack="2147483647"/>
</pin_list>
<bind>
<opset="trunc_ln69 "/>
</bind>
</comp>

<comp id="1940" class="1005" name="shl_ln_reg_1940">
<pin_list>
<pin id="1941" dir="0" index="0" bw="7" slack="1"/>
<pin id="1942" dir="1" index="1" bw="7" slack="1"/>
</pin_list>
<bind>
<opset="shl_ln "/>
</bind>
</comp>

<comp id="1946" class="1005" name="add_ln74_reg_1946">
<pin_list>
<pin id="1947" dir="0" index="0" bw="8" slack="1"/>
<pin id="1948" dir="1" index="1" bw="8" slack="1"/>
</pin_list>
<bind>
<opset="add_ln74 "/>
</bind>
</comp>

<comp id="1951" class="1005" name="icmp_ln77_reg_1951">
<pin_list>
<pin id="1952" dir="0" index="0" bw="1" slack="1"/>
<pin id="1953" dir="1" index="1" bw="1" slack="5"/>
</pin_list>
<bind>
<opset="icmp_ln77 "/>
</bind>
</comp>

<comp id="1956" class="1005" name="add_ln74_1_reg_1956">
<pin_list>
<pin id="1957" dir="0" index="0" bw="8" slack="1"/>
<pin id="1958" dir="1" index="1" bw="8" slack="1"/>
</pin_list>
<bind>
<opset="add_ln74_1 "/>
</bind>
</comp>

<comp id="1961" class="1005" name="icmp_ln77_1_reg_1961">
<pin_list>
<pin id="1962" dir="0" index="0" bw="1" slack="1"/>
<pin id="1963" dir="1" index="1" bw="1" slack="3"/>
</pin_list>
<bind>
<opset="icmp_ln77_1 "/>
</bind>
</comp>

<comp id="1966" class="1005" name="tmp_8_reg_1966">
<pin_list>
<pin id="1967" dir="0" index="0" bw="5" slack="1"/>
<pin id="1968" dir="1" index="1" bw="5" slack="1"/>
</pin_list>
<bind>
<opset="tmp_8 "/>
</bind>
</comp>

<comp id="1971" class="1005" name="tmp_9_reg_1971">
<pin_list>
<pin id="1972" dir="0" index="0" bw="62" slack="1"/>
<pin id="1973" dir="1" index="1" bw="62" slack="1"/>
</pin_list>
<bind>
<opset="tmp_9 "/>
</bind>
</comp>

<comp id="1976" class="1005" name="tmp_10_reg_1976">
<pin_list>
<pin id="1977" dir="0" index="0" bw="62" slack="1"/>
<pin id="1978" dir="1" index="1" bw="62" slack="1"/>
</pin_list>
<bind>
<opset="tmp_10 "/>
</bind>
</comp>

<comp id="1981" class="1005" name="add_ln74_2_reg_1981">
<pin_list>
<pin id="1982" dir="0" index="0" bw="7" slack="1"/>
<pin id="1983" dir="1" index="1" bw="7" slack="1"/>
</pin_list>
<bind>
<opset="add_ln74_2 "/>
</bind>
</comp>

<comp id="1986" class="1005" name="icmp_ln77_2_reg_1986">
<pin_list>
<pin id="1987" dir="0" index="0" bw="1" slack="1"/>
<pin id="1988" dir="1" index="1" bw="1" slack="4"/>
</pin_list>
<bind>
<opset="icmp_ln77_2 "/>
</bind>
</comp>

<comp id="1991" class="1005" name="tmp_reg_1991">
<pin_list>
<pin id="1992" dir="0" index="0" bw="4" slack="6"/>
<pin id="1993" dir="1" index="1" bw="4" slack="6"/>
</pin_list>
<bind>
<opset="tmp "/>
</bind>
</comp>

<comp id="1996" class="1005" name="trunc_ln68_reg_1996">
<pin_list>
<pin id="1997" dir="0" index="0" bw="3" slack="1"/>
<pin id="1998" dir="1" index="1" bw="3" slack="1"/>
</pin_list>
<bind>
<opset="trunc_ln68 "/>
</bind>
</comp>

<comp id="2005" class="1005" name="local_ecg_addr_reg_2005">
<pin_list>
<pin id="2006" dir="0" index="0" bw="5" slack="1"/>
<pin id="2007" dir="1" index="1" bw="5" slack="1"/>
</pin_list>
<bind>
<opset="local_ecg_addr "/>
</bind>
</comp>

<comp id="2010" class="1005" name="local_ecg_1_addr_reg_2010">
<pin_list>
<pin id="2011" dir="0" index="0" bw="5" slack="1"/>
<pin id="2012" dir="1" index="1" bw="5" slack="1"/>
</pin_list>
<bind>
<opset="local_ecg_1_addr "/>
</bind>
</comp>

<comp id="2015" class="1005" name="local_ecg_2_addr_reg_2015">
<pin_list>
<pin id="2016" dir="0" index="0" bw="5" slack="1"/>
<pin id="2017" dir="1" index="1" bw="5" slack="1"/>
</pin_list>
<bind>
<opset="local_ecg_2_addr "/>
</bind>
</comp>

<comp id="2020" class="1005" name="local_ecg_3_addr_reg_2020">
<pin_list>
<pin id="2021" dir="0" index="0" bw="5" slack="1"/>
<pin id="2022" dir="1" index="1" bw="5" slack="1"/>
</pin_list>
<bind>
<opset="local_ecg_3_addr "/>
</bind>
</comp>

<comp id="2025" class="1005" name="local_ecg_4_addr_reg_2025">
<pin_list>
<pin id="2026" dir="0" index="0" bw="5" slack="1"/>
<pin id="2027" dir="1" index="1" bw="5" slack="1"/>
</pin_list>
<bind>
<opset="local_ecg_4_addr "/>
</bind>
</comp>

<comp id="2030" class="1005" name="local_ecg_addr_1_reg_2030">
<pin_list>
<pin id="2031" dir="0" index="0" bw="5" slack="1"/>
<pin id="2032" dir="1" index="1" bw="5" slack="1"/>
</pin_list>
<bind>
<opset="local_ecg_addr_1 "/>
</bind>
</comp>

<comp id="2035" class="1005" name="local_ecg_1_addr_1_reg_2035">
<pin_list>
<pin id="2036" dir="0" index="0" bw="5" slack="1"/>
<pin id="2037" dir="1" index="1" bw="5" slack="1"/>
</pin_list>
<bind>
<opset="local_ecg_1_addr_1 "/>
</bind>
</comp>

<comp id="2040" class="1005" name="local_ecg_2_addr_1_reg_2040">
<pin_list>
<pin id="2041" dir="0" index="0" bw="5" slack="1"/>
<pin id="2042" dir="1" index="1" bw="5" slack="1"/>
</pin_list>
<bind>
<opset="local_ecg_2_addr_1 "/>
</bind>
</comp>

<comp id="2045" class="1005" name="local_ecg_3_addr_1_reg_2045">
<pin_list>
<pin id="2046" dir="0" index="0" bw="5" slack="1"/>
<pin id="2047" dir="1" index="1" bw="5" slack="1"/>
</pin_list>
<bind>
<opset="local_ecg_3_addr_1 "/>
</bind>
</comp>

<comp id="2050" class="1005" name="local_ecg_4_addr_1_reg_2050">
<pin_list>
<pin id="2051" dir="0" index="0" bw="5" slack="1"/>
<pin id="2052" dir="1" index="1" bw="5" slack="1"/>
</pin_list>
<bind>
<opset="local_ecg_4_addr_1 "/>
</bind>
</comp>

<comp id="2055" class="1005" name="local_ecg_addr_2_reg_2055">
<pin_list>
<pin id="2056" dir="0" index="0" bw="5" slack="1"/>
<pin id="2057" dir="1" index="1" bw="5" slack="1"/>
</pin_list>
<bind>
<opset="local_ecg_addr_2 "/>
</bind>
</comp>

<comp id="2060" class="1005" name="local_ecg_1_addr_2_reg_2060">
<pin_list>
<pin id="2061" dir="0" index="0" bw="5" slack="1"/>
<pin id="2062" dir="1" index="1" bw="5" slack="1"/>
</pin_list>
<bind>
<opset="local_ecg_1_addr_2 "/>
</bind>
</comp>

<comp id="2065" class="1005" name="local_ecg_2_addr_2_reg_2065">
<pin_list>
<pin id="2066" dir="0" index="0" bw="5" slack="1"/>
<pin id="2067" dir="1" index="1" bw="5" slack="1"/>
</pin_list>
<bind>
<opset="local_ecg_2_addr_2 "/>
</bind>
</comp>

<comp id="2070" class="1005" name="local_ecg_3_addr_2_reg_2070">
<pin_list>
<pin id="2071" dir="0" index="0" bw="5" slack="1"/>
<pin id="2072" dir="1" index="1" bw="5" slack="1"/>
</pin_list>
<bind>
<opset="local_ecg_3_addr_2 "/>
</bind>
</comp>

<comp id="2075" class="1005" name="local_ecg_4_addr_2_reg_2075">
<pin_list>
<pin id="2076" dir="0" index="0" bw="5" slack="1"/>
<pin id="2077" dir="1" index="1" bw="5" slack="1"/>
</pin_list>
<bind>
<opset="local_ecg_4_addr_2 "/>
</bind>
</comp>

<comp id="2080" class="1005" name="local_ecg_addr_3_reg_2080">
<pin_list>
<pin id="2081" dir="0" index="0" bw="5" slack="1"/>
<pin id="2082" dir="1" index="1" bw="5" slack="1"/>
</pin_list>
<bind>
<opset="local_ecg_addr_3 "/>
</bind>
</comp>

<comp id="2085" class="1005" name="local_ecg_1_addr_3_reg_2085">
<pin_list>
<pin id="2086" dir="0" index="0" bw="5" slack="1"/>
<pin id="2087" dir="1" index="1" bw="5" slack="1"/>
</pin_list>
<bind>
<opset="local_ecg_1_addr_3 "/>
</bind>
</comp>

<comp id="2090" class="1005" name="local_ecg_2_addr_3_reg_2090">
<pin_list>
<pin id="2091" dir="0" index="0" bw="5" slack="1"/>
<pin id="2092" dir="1" index="1" bw="5" slack="1"/>
</pin_list>
<bind>
<opset="local_ecg_2_addr_3 "/>
</bind>
</comp>

<comp id="2095" class="1005" name="local_ecg_3_addr_3_reg_2095">
<pin_list>
<pin id="2096" dir="0" index="0" bw="5" slack="1"/>
<pin id="2097" dir="1" index="1" bw="5" slack="1"/>
</pin_list>
<bind>
<opset="local_ecg_3_addr_3 "/>
</bind>
</comp>

<comp id="2100" class="1005" name="local_ecg_4_addr_3_reg_2100">
<pin_list>
<pin id="2101" dir="0" index="0" bw="5" slack="1"/>
<pin id="2102" dir="1" index="1" bw="5" slack="1"/>
</pin_list>
<bind>
<opset="local_ecg_4_addr_3 "/>
</bind>
</comp>

<comp id="2105" class="1005" name="local_ecg_addr_4_reg_2105">
<pin_list>
<pin id="2106" dir="0" index="0" bw="5" slack="1"/>
<pin id="2107" dir="1" index="1" bw="5" slack="1"/>
</pin_list>
<bind>
<opset="local_ecg_addr_4 "/>
</bind>
</comp>

<comp id="2110" class="1005" name="local_ecg_1_addr_4_reg_2110">
<pin_list>
<pin id="2111" dir="0" index="0" bw="5" slack="1"/>
<pin id="2112" dir="1" index="1" bw="5" slack="1"/>
</pin_list>
<bind>
<opset="local_ecg_1_addr_4 "/>
</bind>
</comp>

<comp id="2115" class="1005" name="local_ecg_2_addr_4_reg_2115">
<pin_list>
<pin id="2116" dir="0" index="0" bw="5" slack="1"/>
<pin id="2117" dir="1" index="1" bw="5" slack="1"/>
</pin_list>
<bind>
<opset="local_ecg_2_addr_4 "/>
</bind>
</comp>

<comp id="2120" class="1005" name="local_ecg_3_addr_4_reg_2120">
<pin_list>
<pin id="2121" dir="0" index="0" bw="5" slack="1"/>
<pin id="2122" dir="1" index="1" bw="5" slack="1"/>
</pin_list>
<bind>
<opset="local_ecg_3_addr_4 "/>
</bind>
</comp>

<comp id="2125" class="1005" name="local_ecg_4_addr_4_reg_2125">
<pin_list>
<pin id="2126" dir="0" index="0" bw="5" slack="1"/>
<pin id="2127" dir="1" index="1" bw="5" slack="1"/>
</pin_list>
<bind>
<opset="local_ecg_4_addr_4 "/>
</bind>
</comp>

<comp id="2130" class="1005" name="zext_ln69_reg_2130">
<pin_list>
<pin id="2131" dir="0" index="0" bw="64" slack="1"/>
<pin id="2132" dir="1" index="1" bw="64" slack="1"/>
</pin_list>
<bind>
<opset="zext_ln69 "/>
</bind>
</comp>

<comp id="2140" class="1005" name="p_ZL12conv1_weight_1_addr_reg_2140">
<pin_list>
<pin id="2141" dir="0" index="0" bw="3" slack="1"/>
<pin id="2142" dir="1" index="1" bw="3" slack="1"/>
</pin_list>
<bind>
<opset="p_ZL12conv1_weight_1_addr "/>
</bind>
</comp>

<comp id="2145" class="1005" name="p_ZL12conv1_weight_3_addr_reg_2145">
<pin_list>
<pin id="2146" dir="0" index="0" bw="3" slack="1"/>
<pin id="2147" dir="1" index="1" bw="3" slack="1"/>
</pin_list>
<bind>
<opset="p_ZL12conv1_weight_3_addr "/>
</bind>
</comp>

<comp id="2150" class="1005" name="tmp_1_reg_2150">
<pin_list>
<pin id="2151" dir="0" index="0" bw="8" slack="1"/>
<pin id="2152" dir="1" index="1" bw="8" slack="1"/>
</pin_list>
<bind>
<opset="tmp_1 "/>
</bind>
</comp>

<comp id="2155" class="1005" name="tmp_3_reg_2155">
<pin_list>
<pin id="2156" dir="0" index="0" bw="8" slack="2"/>
<pin id="2157" dir="1" index="1" bw="8" slack="2"/>
</pin_list>
<bind>
<opset="tmp_3 "/>
</bind>
</comp>

<comp id="2160" class="1005" name="sext_ln75_1_reg_2160">
<pin_list>
<pin id="2161" dir="0" index="0" bw="17" slack="1"/>
<pin id="2162" dir="1" index="1" bw="17" slack="1"/>
</pin_list>
<bind>
<opset="sext_ln75_1 "/>
</bind>
</comp>

<comp id="2165" class="1005" name="sext_ln75_2_reg_2165">
<pin_list>
<pin id="2166" dir="0" index="0" bw="17" slack="1"/>
<pin id="2167" dir="1" index="1" bw="17" slack="1"/>
</pin_list>
<bind>
<opset="sext_ln75_2 "/>
</bind>
</comp>

<comp id="2170" class="1005" name="p_ZL12conv1_weight_2_addr_reg_2170">
<pin_list>
<pin id="2171" dir="0" index="0" bw="3" slack="1"/>
<pin id="2172" dir="1" index="1" bw="3" slack="1"/>
</pin_list>
<bind>
<opset="p_ZL12conv1_weight_2_addr "/>
</bind>
</comp>

<comp id="2175" class="1005" name="sext_ln82_1_reg_2175">
<pin_list>
<pin id="2176" dir="0" index="0" bw="17" slack="1"/>
<pin id="2177" dir="1" index="1" bw="17" slack="1"/>
</pin_list>
<bind>
<opset="sext_ln82_1 "/>
</bind>
</comp>

<comp id="2180" class="1005" name="tmp_5_reg_2180">
<pin_list>
<pin id="2181" dir="0" index="0" bw="8" slack="2"/>
<pin id="2182" dir="1" index="1" bw="8" slack="2"/>
</pin_list>
<bind>
<opset="tmp_5 "/>
</bind>
</comp>

<comp id="2185" class="1005" name="conv1_bias_addr_reg_2185">
<pin_list>
<pin id="2186" dir="0" index="0" bw="3" slack="1"/>
<pin id="2187" dir="1" index="1" bw="3" slack="1"/>
</pin_list>
<bind>
<opset="conv1_bias_addr "/>
</bind>
</comp>

<comp id="2190" class="1005" name="p_ZL12conv1_weight_0_addr_reg_2190">
<pin_list>
<pin id="2191" dir="0" index="0" bw="3" slack="1"/>
<pin id="2192" dir="1" index="1" bw="3" slack="1"/>
</pin_list>
<bind>
<opset="p_ZL12conv1_weight_0_addr "/>
</bind>
</comp>

<comp id="2195" class="1005" name="sext_ln75_3_reg_2195">
<pin_list>
<pin id="2196" dir="0" index="0" bw="17" slack="1"/>
<pin id="2197" dir="1" index="1" bw="17" slack="1"/>
</pin_list>
<bind>
<opset="sext_ln75_3 "/>
</bind>
</comp>

<comp id="2200" class="1005" name="p_ZL12conv1_weight_4_addr_reg_2200">
<pin_list>
<pin id="2201" dir="0" index="0" bw="3" slack="1"/>
<pin id="2202" dir="1" index="1" bw="3" slack="1"/>
</pin_list>
<bind>
<opset="p_ZL12conv1_weight_4_addr "/>
</bind>
</comp>

<comp id="2205" class="1005" name="conv1_multiplier_addr_reg_2205">
<pin_list>
<pin id="2206" dir="0" index="0" bw="3" slack="1"/>
<pin id="2207" dir="1" index="1" bw="3" slack="1"/>
</pin_list>
<bind>
<opset="conv1_multiplier_addr "/>
</bind>
</comp>

<comp id="2210" class="1005" name="conv1_shift_addr_reg_2210">
<pin_list>
<pin id="2211" dir="0" index="0" bw="3" slack="1"/>
<pin id="2212" dir="1" index="1" bw="3" slack="1"/>
</pin_list>
<bind>
<opset="conv1_shift_addr "/>
</bind>
</comp>

<comp id="2215" class="1005" name="acc_reg_2215">
<pin_list>
<pin id="2216" dir="0" index="0" bw="13" slack="1"/>
<pin id="2217" dir="1" index="1" bw="13" slack="1"/>
</pin_list>
<bind>
<opset="acc "/>
</bind>
</comp>

<comp id="2220" class="1005" name="mul_ln82_reg_2220">
<pin_list>
<pin id="2221" dir="0" index="0" bw="17" slack="1"/>
<pin id="2222" dir="1" index="1" bw="17" slack="1"/>
</pin_list>
<bind>
<opset="mul_ln82 "/>
</bind>
</comp>

<comp id="2225" class="1005" name="mul_ln82_4_reg_2225">
<pin_list>
<pin id="2226" dir="0" index="0" bw="17" slack="1"/>
<pin id="2227" dir="1" index="1" bw="17" slack="1"/>
</pin_list>
<bind>
<opset="mul_ln82_4 "/>
</bind>
</comp>

<comp id="2230" class="1005" name="conv1_multiplier_load_reg_2230">
<pin_list>
<pin id="2231" dir="0" index="0" bw="30" slack="2"/>
<pin id="2232" dir="1" index="1" bw="30" slack="2"/>
</pin_list>
<bind>
<opset="conv1_multiplier_load "/>
</bind>
</comp>

<comp id="2235" class="1005" name="conv1_shift_load_reg_2235">
<pin_list>
<pin id="2236" dir="0" index="0" bw="6" slack="2"/>
<pin id="2237" dir="1" index="1" bw="6" slack="2"/>
</pin_list>
<bind>
<opset="conv1_shift_load "/>
</bind>
</comp>

<comp id="2241" class="1005" name="add_ln82_1_reg_2241">
<pin_list>
<pin id="2242" dir="0" index="0" bw="17" slack="1"/>
<pin id="2243" dir="1" index="1" bw="17" slack="1"/>
</pin_list>
<bind>
<opset="add_ln82_1 "/>
</bind>
</comp>

<comp id="2246" class="1005" name="sext_ln82_5_reg_2246">
<pin_list>
<pin id="2247" dir="0" index="0" bw="18" slack="1"/>
<pin id="2248" dir="1" index="1" bw="18" slack="1"/>
</pin_list>
<bind>
<opset="sext_ln82_5 "/>
</bind>
</comp>

<comp id="2251" class="1005" name="acc64_reg_2251">
<pin_list>
<pin id="2252" dir="0" index="0" bw="49" slack="1"/>
<pin id="2253" dir="1" index="1" bw="49" slack="1"/>
</pin_list>
<bind>
<opset="acc64 "/>
</bind>
</comp>

<comp id="2256" class="1005" name="shl_ln10_reg_2256">
<pin_list>
<pin id="2257" dir="0" index="0" bw="37" slack="1"/>
<pin id="2258" dir="1" index="1" bw="37" slack="1"/>
</pin_list>
<bind>
<opset="shl_ln10 "/>
</bind>
</comp>

</comp_list>

<net_list>
<net id="223"><net_src comp="106" pin="0"/><net_sink comp="220" pin=0"/></net>

<net id="227"><net_src comp="106" pin="0"/><net_sink comp="224" pin=0"/></net>

<net id="231"><net_src comp="106" pin="0"/><net_sink comp="228" pin=0"/></net>

<net id="237"><net_src comp="0" pin="0"/><net_sink comp="232" pin=0"/></net>

<net id="238"><net_src comp="178" pin="0"/><net_sink comp="232" pin=1"/></net>

<net id="244"><net_src comp="2" pin="0"/><net_sink comp="239" pin=0"/></net>

<net id="245"><net_src comp="178" pin="0"/><net_sink comp="239" pin=1"/></net>

<net id="251"><net_src comp="4" pin="0"/><net_sink comp="246" pin=0"/></net>

<net id="252"><net_src comp="178" pin="0"/><net_sink comp="246" pin=1"/></net>

<net id="258"><net_src comp="6" pin="0"/><net_sink comp="253" pin=0"/></net>

<net id="259"><net_src comp="178" pin="0"/><net_sink comp="253" pin=1"/></net>

<net id="265"><net_src comp="8" pin="0"/><net_sink comp="260" pin=0"/></net>

<net id="266"><net_src comp="178" pin="0"/><net_sink comp="260" pin=1"/></net>

<net id="272"><net_src comp="0" pin="0"/><net_sink comp="267" pin=0"/></net>

<net id="273"><net_src comp="178" pin="0"/><net_sink comp="267" pin=1"/></net>

<net id="279"><net_src comp="2" pin="0"/><net_sink comp="274" pin=0"/></net>

<net id="280"><net_src comp="178" pin="0"/><net_sink comp="274" pin=1"/></net>

<net id="286"><net_src comp="4" pin="0"/><net_sink comp="281" pin=0"/></net>

<net id="287"><net_src comp="178" pin="0"/><net_sink comp="281" pin=1"/></net>

<net id="293"><net_src comp="6" pin="0"/><net_sink comp="288" pin=0"/></net>

<net id="294"><net_src comp="178" pin="0"/><net_sink comp="288" pin=1"/></net>

<net id="300"><net_src comp="8" pin="0"/><net_sink comp="295" pin=0"/></net>

<net id="301"><net_src comp="178" pin="0"/><net_sink comp="295" pin=1"/></net>

<net id="307"><net_src comp="0" pin="0"/><net_sink comp="302" pin=0"/></net>

<net id="308"><net_src comp="178" pin="0"/><net_sink comp="302" pin=1"/></net>

<net id="314"><net_src comp="2" pin="0"/><net_sink comp="309" pin=0"/></net>

<net id="315"><net_src comp="178" pin="0"/><net_sink comp="309" pin=1"/></net>

<net id="321"><net_src comp="4" pin="0"/><net_sink comp="316" pin=0"/></net>

<net id="322"><net_src comp="178" pin="0"/><net_sink comp="316" pin=1"/></net>

<net id="328"><net_src comp="6" pin="0"/><net_sink comp="323" pin=0"/></net>

<net id="329"><net_src comp="178" pin="0"/><net_sink comp="323" pin=1"/></net>

<net id="335"><net_src comp="8" pin="0"/><net_sink comp="330" pin=0"/></net>

<net id="336"><net_src comp="178" pin="0"/><net_sink comp="330" pin=1"/></net>

<net id="342"><net_src comp="0" pin="0"/><net_sink comp="337" pin=0"/></net>

<net id="343"><net_src comp="178" pin="0"/><net_sink comp="337" pin=1"/></net>

<net id="349"><net_src comp="2" pin="0"/><net_sink comp="344" pin=0"/></net>

<net id="350"><net_src comp="178" pin="0"/><net_sink comp="344" pin=1"/></net>

<net id="356"><net_src comp="4" pin="0"/><net_sink comp="351" pin=0"/></net>

<net id="357"><net_src comp="178" pin="0"/><net_sink comp="351" pin=1"/></net>

<net id="363"><net_src comp="6" pin="0"/><net_sink comp="358" pin=0"/></net>

<net id="364"><net_src comp="178" pin="0"/><net_sink comp="358" pin=1"/></net>

<net id="370"><net_src comp="8" pin="0"/><net_sink comp="365" pin=0"/></net>

<net id="371"><net_src comp="178" pin="0"/><net_sink comp="365" pin=1"/></net>

<net id="377"><net_src comp="0" pin="0"/><net_sink comp="372" pin=0"/></net>

<net id="378"><net_src comp="178" pin="0"/><net_sink comp="372" pin=1"/></net>

<net id="384"><net_src comp="2" pin="0"/><net_sink comp="379" pin=0"/></net>

<net id="385"><net_src comp="178" pin="0"/><net_sink comp="379" pin=1"/></net>

<net id="391"><net_src comp="4" pin="0"/><net_sink comp="386" pin=0"/></net>

<net id="392"><net_src comp="178" pin="0"/><net_sink comp="386" pin=1"/></net>

<net id="398"><net_src comp="6" pin="0"/><net_sink comp="393" pin=0"/></net>

<net id="399"><net_src comp="178" pin="0"/><net_sink comp="393" pin=1"/></net>

<net id="405"><net_src comp="8" pin="0"/><net_sink comp="400" pin=0"/></net>

<net id="406"><net_src comp="178" pin="0"/><net_sink comp="400" pin=1"/></net>

<net id="412"><net_src comp="302" pin="3"/><net_sink comp="407" pin=0"/></net>

<net id="418"><net_src comp="309" pin="3"/><net_sink comp="413" pin=0"/></net>

<net id="424"><net_src comp="316" pin="3"/><net_sink comp="419" pin=0"/></net>

<net id="430"><net_src comp="323" pin="3"/><net_sink comp="425" pin=0"/></net>

<net id="436"><net_src comp="330" pin="3"/><net_sink comp="431" pin=0"/></net>

<net id="437"><net_src comp="337" pin="3"/><net_sink comp="407" pin=0"/></net>

<net id="438"><net_src comp="344" pin="3"/><net_sink comp="413" pin=0"/></net>

<net id="439"><net_src comp="351" pin="3"/><net_sink comp="419" pin=0"/></net>

<net id="440"><net_src comp="358" pin="3"/><net_sink comp="425" pin=0"/></net>

<net id="441"><net_src comp="365" pin="3"/><net_sink comp="431" pin=0"/></net>

<net id="442"><net_src comp="232" pin="3"/><net_sink comp="407" pin=0"/></net>

<net id="443"><net_src comp="239" pin="3"/><net_sink comp="413" pin=0"/></net>

<net id="444"><net_src comp="246" pin="3"/><net_sink comp="419" pin=0"/></net>

<net id="445"><net_src comp="253" pin="3"/><net_sink comp="425" pin=0"/></net>

<net id="446"><net_src comp="260" pin="3"/><net_sink comp="431" pin=0"/></net>

<net id="447"><net_src comp="267" pin="3"/><net_sink comp="407" pin=0"/></net>

<net id="448"><net_src comp="274" pin="3"/><net_sink comp="413" pin=0"/></net>

<net id="449"><net_src comp="281" pin="3"/><net_sink comp="419" pin=0"/></net>

<net id="450"><net_src comp="288" pin="3"/><net_sink comp="425" pin=0"/></net>

<net id="451"><net_src comp="295" pin="3"/><net_sink comp="431" pin=0"/></net>

<net id="452"><net_src comp="372" pin="3"/><net_sink comp="407" pin=0"/></net>

<net id="453"><net_src comp="379" pin="3"/><net_sink comp="413" pin=0"/></net>

<net id="454"><net_src comp="386" pin="3"/><net_sink comp="419" pin=0"/></net>

<net id="455"><net_src comp="393" pin="3"/><net_sink comp="425" pin=0"/></net>

<net id="456"><net_src comp="400" pin="3"/><net_sink comp="431" pin=0"/></net>

<net id="462"><net_src comp="94" pin="0"/><net_sink comp="457" pin=0"/></net>

<net id="463"><net_src comp="178" pin="0"/><net_sink comp="457" pin=1"/></net>

<net id="469"><net_src comp="457" pin="3"/><net_sink comp="464" pin=0"/></net>

<net id="475"><net_src comp="98" pin="0"/><net_sink comp="470" pin=0"/></net>

<net id="476"><net_src comp="178" pin="0"/><net_sink comp="470" pin=1"/></net>

<net id="482"><net_src comp="470" pin="3"/><net_sink comp="477" pin=0"/></net>

<net id="488"><net_src comp="96" pin="0"/><net_sink comp="483" pin=0"/></net>

<net id="489"><net_src comp="178" pin="0"/><net_sink comp="483" pin=1"/></net>

<net id="495"><net_src comp="483" pin="3"/><net_sink comp="490" pin=0"/></net>

<net id="501"><net_src comp="90" pin="0"/><net_sink comp="496" pin=0"/></net>

<net id="502"><net_src comp="178" pin="0"/><net_sink comp="496" pin=1"/></net>

<net id="508"><net_src comp="496" pin="3"/><net_sink comp="503" pin=0"/></net>

<net id="514"><net_src comp="92" pin="0"/><net_sink comp="509" pin=0"/></net>

<net id="515"><net_src comp="178" pin="0"/><net_sink comp="509" pin=1"/></net>

<net id="521"><net_src comp="509" pin="3"/><net_sink comp="516" pin=0"/></net>

<net id="527"><net_src comp="100" pin="0"/><net_sink comp="522" pin=0"/></net>

<net id="528"><net_src comp="178" pin="0"/><net_sink comp="522" pin=1"/></net>

<net id="534"><net_src comp="522" pin="3"/><net_sink comp="529" pin=0"/></net>

<net id="540"><net_src comp="102" pin="0"/><net_sink comp="535" pin=0"/></net>

<net id="541"><net_src comp="178" pin="0"/><net_sink comp="535" pin=1"/></net>

<net id="547"><net_src comp="535" pin="3"/><net_sink comp="542" pin=0"/></net>

<net id="553"><net_src comp="104" pin="0"/><net_sink comp="548" pin=0"/></net>

<net id="554"><net_src comp="178" pin="0"/><net_sink comp="548" pin=1"/></net>

<net id="560"><net_src comp="548" pin="3"/><net_sink comp="555" pin=0"/></net>

<net id="566"><net_src comp="10" pin="0"/><net_sink comp="561" pin=0"/></net>

<net id="567"><net_src comp="178" pin="0"/><net_sink comp="561" pin=1"/></net>

<net id="573"><net_src comp="12" pin="0"/><net_sink comp="568" pin=0"/></net>

<net id="574"><net_src comp="178" pin="0"/><net_sink comp="568" pin=1"/></net>

<net id="580"><net_src comp="14" pin="0"/><net_sink comp="575" pin=0"/></net>

<net id="581"><net_src comp="178" pin="0"/><net_sink comp="575" pin=1"/></net>

<net id="587"><net_src comp="16" pin="0"/><net_sink comp="582" pin=0"/></net>

<net id="588"><net_src comp="178" pin="0"/><net_sink comp="582" pin=1"/></net>

<net id="594"><net_src comp="18" pin="0"/><net_sink comp="589" pin=0"/></net>

<net id="595"><net_src comp="178" pin="0"/><net_sink comp="589" pin=1"/></net>

<net id="601"><net_src comp="20" pin="0"/><net_sink comp="596" pin=0"/></net>

<net id="602"><net_src comp="178" pin="0"/><net_sink comp="596" pin=1"/></net>

<net id="608"><net_src comp="22" pin="0"/><net_sink comp="603" pin=0"/></net>

<net id="609"><net_src comp="178" pin="0"/><net_sink comp="603" pin=1"/></net>

<net id="615"><net_src comp="24" pin="0"/><net_sink comp="610" pin=0"/></net>

<net id="616"><net_src comp="178" pin="0"/><net_sink comp="610" pin=1"/></net>

<net id="622"><net_src comp="26" pin="0"/><net_sink comp="617" pin=0"/></net>

<net id="623"><net_src comp="178" pin="0"/><net_sink comp="617" pin=1"/></net>

<net id="629"><net_src comp="28" pin="0"/><net_sink comp="624" pin=0"/></net>

<net id="630"><net_src comp="178" pin="0"/><net_sink comp="624" pin=1"/></net>

<net id="636"><net_src comp="30" pin="0"/><net_sink comp="631" pin=0"/></net>

<net id="637"><net_src comp="178" pin="0"/><net_sink comp="631" pin=1"/></net>

<net id="643"><net_src comp="32" pin="0"/><net_sink comp="638" pin=0"/></net>

<net id="644"><net_src comp="178" pin="0"/><net_sink comp="638" pin=1"/></net>

<net id="650"><net_src comp="34" pin="0"/><net_sink comp="645" pin=0"/></net>

<net id="651"><net_src comp="178" pin="0"/><net_sink comp="645" pin=1"/></net>

<net id="657"><net_src comp="36" pin="0"/><net_sink comp="652" pin=0"/></net>

<net id="658"><net_src comp="178" pin="0"/><net_sink comp="652" pin=1"/></net>

<net id="664"><net_src comp="38" pin="0"/><net_sink comp="659" pin=0"/></net>

<net id="665"><net_src comp="178" pin="0"/><net_sink comp="659" pin=1"/></net>

<net id="671"><net_src comp="40" pin="0"/><net_sink comp="666" pin=0"/></net>

<net id="672"><net_src comp="178" pin="0"/><net_sink comp="666" pin=1"/></net>

<net id="678"><net_src comp="42" pin="0"/><net_sink comp="673" pin=0"/></net>

<net id="679"><net_src comp="178" pin="0"/><net_sink comp="673" pin=1"/></net>

<net id="685"><net_src comp="44" pin="0"/><net_sink comp="680" pin=0"/></net>

<net id="686"><net_src comp="178" pin="0"/><net_sink comp="680" pin=1"/></net>

<net id="692"><net_src comp="46" pin="0"/><net_sink comp="687" pin=0"/></net>

<net id="693"><net_src comp="178" pin="0"/><net_sink comp="687" pin=1"/></net>

<net id="699"><net_src comp="48" pin="0"/><net_sink comp="694" pin=0"/></net>

<net id="700"><net_src comp="178" pin="0"/><net_sink comp="694" pin=1"/></net>

<net id="706"><net_src comp="50" pin="0"/><net_sink comp="701" pin=0"/></net>

<net id="707"><net_src comp="178" pin="0"/><net_sink comp="701" pin=1"/></net>

<net id="713"><net_src comp="52" pin="0"/><net_sink comp="708" pin=0"/></net>

<net id="714"><net_src comp="178" pin="0"/><net_sink comp="708" pin=1"/></net>

<net id="720"><net_src comp="54" pin="0"/><net_sink comp="715" pin=0"/></net>

<net id="721"><net_src comp="178" pin="0"/><net_sink comp="715" pin=1"/></net>

<net id="727"><net_src comp="56" pin="0"/><net_sink comp="722" pin=0"/></net>

<net id="728"><net_src comp="178" pin="0"/><net_sink comp="722" pin=1"/></net>

<net id="734"><net_src comp="58" pin="0"/><net_sink comp="729" pin=0"/></net>

<net id="735"><net_src comp="178" pin="0"/><net_sink comp="729" pin=1"/></net>

<net id="741"><net_src comp="60" pin="0"/><net_sink comp="736" pin=0"/></net>

<net id="742"><net_src comp="178" pin="0"/><net_sink comp="736" pin=1"/></net>

<net id="748"><net_src comp="62" pin="0"/><net_sink comp="743" pin=0"/></net>

<net id="749"><net_src comp="178" pin="0"/><net_sink comp="743" pin=1"/></net>

<net id="755"><net_src comp="64" pin="0"/><net_sink comp="750" pin=0"/></net>

<net id="756"><net_src comp="178" pin="0"/><net_sink comp="750" pin=1"/></net>

<net id="762"><net_src comp="66" pin="0"/><net_sink comp="757" pin=0"/></net>

<net id="763"><net_src comp="178" pin="0"/><net_sink comp="757" pin=1"/></net>

<net id="769"><net_src comp="68" pin="0"/><net_sink comp="764" pin=0"/></net>

<net id="770"><net_src comp="178" pin="0"/><net_sink comp="764" pin=1"/></net>

<net id="776"><net_src comp="70" pin="0"/><net_sink comp="771" pin=0"/></net>

<net id="777"><net_src comp="178" pin="0"/><net_sink comp="771" pin=1"/></net>

<net id="783"><net_src comp="72" pin="0"/><net_sink comp="778" pin=0"/></net>

<net id="784"><net_src comp="178" pin="0"/><net_sink comp="778" pin=1"/></net>

<net id="790"><net_src comp="74" pin="0"/><net_sink comp="785" pin=0"/></net>

<net id="791"><net_src comp="178" pin="0"/><net_sink comp="785" pin=1"/></net>

<net id="797"><net_src comp="76" pin="0"/><net_sink comp="792" pin=0"/></net>

<net id="798"><net_src comp="178" pin="0"/><net_sink comp="792" pin=1"/></net>

<net id="804"><net_src comp="78" pin="0"/><net_sink comp="799" pin=0"/></net>

<net id="805"><net_src comp="178" pin="0"/><net_sink comp="799" pin=1"/></net>

<net id="811"><net_src comp="80" pin="0"/><net_sink comp="806" pin=0"/></net>

<net id="812"><net_src comp="178" pin="0"/><net_sink comp="806" pin=1"/></net>

<net id="818"><net_src comp="82" pin="0"/><net_sink comp="813" pin=0"/></net>

<net id="819"><net_src comp="178" pin="0"/><net_sink comp="813" pin=1"/></net>

<net id="825"><net_src comp="84" pin="0"/><net_sink comp="820" pin=0"/></net>

<net id="826"><net_src comp="178" pin="0"/><net_sink comp="820" pin=1"/></net>

<net id="832"><net_src comp="86" pin="0"/><net_sink comp="827" pin=0"/></net>

<net id="833"><net_src comp="178" pin="0"/><net_sink comp="827" pin=1"/></net>

<net id="839"><net_src comp="88" pin="0"/><net_sink comp="834" pin=0"/></net>

<net id="840"><net_src comp="178" pin="0"/><net_sink comp="834" pin=1"/></net>

<net id="846"><net_src comp="792" pin="3"/><net_sink comp="841" pin=0"/></net>

<net id="852"><net_src comp="785" pin="3"/><net_sink comp="847" pin=0"/></net>

<net id="858"><net_src comp="778" pin="3"/><net_sink comp="853" pin=0"/></net>

<net id="864"><net_src comp="771" pin="3"/><net_sink comp="859" pin=0"/></net>

<net id="870"><net_src comp="799" pin="3"/><net_sink comp="865" pin=0"/></net>

<net id="876"><net_src comp="757" pin="3"/><net_sink comp="871" pin=0"/></net>

<net id="882"><net_src comp="750" pin="3"/><net_sink comp="877" pin=0"/></net>

<net id="888"><net_src comp="743" pin="3"/><net_sink comp="883" pin=0"/></net>

<net id="894"><net_src comp="736" pin="3"/><net_sink comp="889" pin=0"/></net>

<net id="900"><net_src comp="764" pin="3"/><net_sink comp="895" pin=0"/></net>

<net id="906"><net_src comp="722" pin="3"/><net_sink comp="901" pin=0"/></net>

<net id="912"><net_src comp="715" pin="3"/><net_sink comp="907" pin=0"/></net>

<net id="918"><net_src comp="708" pin="3"/><net_sink comp="913" pin=0"/></net>

<net id="924"><net_src comp="701" pin="3"/><net_sink comp="919" pin=0"/></net>

<net id="930"><net_src comp="729" pin="3"/><net_sink comp="925" pin=0"/></net>

<net id="936"><net_src comp="687" pin="3"/><net_sink comp="931" pin=0"/></net>

<net id="942"><net_src comp="680" pin="3"/><net_sink comp="937" pin=0"/></net>

<net id="948"><net_src comp="673" pin="3"/><net_sink comp="943" pin=0"/></net>

<net id="954"><net_src comp="666" pin="3"/><net_sink comp="949" pin=0"/></net>

<net id="960"><net_src comp="694" pin="3"/><net_sink comp="955" pin=0"/></net>

<net id="966"><net_src comp="652" pin="3"/><net_sink comp="961" pin=0"/></net>

<net id="972"><net_src comp="645" pin="3"/><net_sink comp="967" pin=0"/></net>

<net id="978"><net_src comp="638" pin="3"/><net_sink comp="973" pin=0"/></net>

<net id="984"><net_src comp="631" pin="3"/><net_sink comp="979" pin=0"/></net>

<net id="990"><net_src comp="659" pin="3"/><net_sink comp="985" pin=0"/></net>

<net id="996"><net_src comp="617" pin="3"/><net_sink comp="991" pin=0"/></net>

<net id="1002"><net_src comp="610" pin="3"/><net_sink comp="997" pin=0"/></net>

<net id="1008"><net_src comp="603" pin="3"/><net_sink comp="1003" pin=0"/></net>

<net id="1014"><net_src comp="596" pin="3"/><net_sink comp="1009" pin=0"/></net>

<net id="1020"><net_src comp="624" pin="3"/><net_sink comp="1015" pin=0"/></net>

<net id="1026"><net_src comp="582" pin="3"/><net_sink comp="1021" pin=0"/></net>

<net id="1032"><net_src comp="575" pin="3"/><net_sink comp="1027" pin=0"/></net>

<net id="1038"><net_src comp="568" pin="3"/><net_sink comp="1033" pin=0"/></net>

<net id="1044"><net_src comp="561" pin="3"/><net_sink comp="1039" pin=0"/></net>

<net id="1050"><net_src comp="589" pin="3"/><net_sink comp="1045" pin=0"/></net>

<net id="1056"><net_src comp="827" pin="3"/><net_sink comp="1051" pin=0"/></net>

<net id="1062"><net_src comp="820" pin="3"/><net_sink comp="1057" pin=0"/></net>

<net id="1068"><net_src comp="813" pin="3"/><net_sink comp="1063" pin=0"/></net>

<net id="1074"><net_src comp="806" pin="3"/><net_sink comp="1069" pin=0"/></net>

<net id="1080"><net_src comp="834" pin="3"/><net_sink comp="1075" pin=0"/></net>

<net id="1089"><net_src comp="158" pin="0"/><net_sink comp="1085" pin=1"/></net>

<net id="1094"><net_src comp="158" pin="0"/><net_sink comp="1090" pin=1"/></net>

<net id="1102"><net_src comp="124" pin="0"/><net_sink comp="1095" pin=1"/></net>

<net id="1103"><net_src comp="126" pin="0"/><net_sink comp="1095" pin=2"/></net>

<net id="1104"><net_src comp="128" pin="0"/><net_sink comp="1095" pin=3"/></net>

<net id="1105"><net_src comp="130" pin="0"/><net_sink comp="1095" pin=4"/></net>

<net id="1110"><net_src comp="108" pin="0"/><net_sink comp="1106" pin=0"/></net>

<net id="1115"><net_src comp="110" pin="0"/><net_sink comp="1111" pin=0"/></net>

<net id="1120"><net_src comp="112" pin="0"/><net_sink comp="1116" pin=0"/></net>

<net id="1128"><net_src comp="1121" pin="1"/><net_sink comp="1124" pin=0"/></net>

<net id="1129"><net_src comp="114" pin="0"/><net_sink comp="1124" pin=1"/></net>

<net id="1134"><net_src comp="1121" pin="1"/><net_sink comp="1130" pin=0"/></net>

<net id="1135"><net_src comp="116" pin="0"/><net_sink comp="1130" pin=1"/></net>

<net id="1146"><net_src comp="1136" pin="1"/><net_sink comp="1142" pin=0"/></net>

<net id="1147"><net_src comp="118" pin="0"/><net_sink comp="1142" pin=1"/></net>

<net id="1153"><net_src comp="1142" pin="2"/><net_sink comp="1148" pin=0"/></net>

<net id="1154"><net_src comp="112" pin="0"/><net_sink comp="1148" pin=1"/></net>

<net id="1155"><net_src comp="1136" pin="1"/><net_sink comp="1148" pin=2"/></net>

<net id="1161"><net_src comp="1142" pin="2"/><net_sink comp="1156" pin=0"/></net>

<net id="1162"><net_src comp="120" pin="0"/><net_sink comp="1156" pin=1"/></net>

<net id="1163"><net_src comp="110" pin="0"/><net_sink comp="1156" pin=2"/></net>

<net id="1168"><net_src comp="1139" pin="1"/><net_sink comp="1164" pin=0"/></net>

<net id="1169"><net_src comp="1156" pin="3"/><net_sink comp="1164" pin=1"/></net>

<net id="1174"><net_src comp="1164" pin="2"/><net_sink comp="1170" pin=0"/></net>

<net id="1175"><net_src comp="122" pin="0"/><net_sink comp="1170" pin=1"/></net>

<net id="1179"><net_src comp="1148" pin="3"/><net_sink comp="1176" pin=0"/></net>

<net id="1190"><net_src comp="1176" pin="1"/><net_sink comp="1180" pin=0"/></net>

<net id="1191"><net_src comp="124" pin="0"/><net_sink comp="1180" pin=1"/></net>

<net id="1192"><net_src comp="126" pin="0"/><net_sink comp="1180" pin=2"/></net>

<net id="1193"><net_src comp="128" pin="0"/><net_sink comp="1180" pin=3"/></net>

<net id="1194"><net_src comp="130" pin="0"/><net_sink comp="1180" pin=4"/></net>

<net id="1195"><net_src comp="132" pin="0"/><net_sink comp="1180" pin=5"/></net>

<net id="1196"><net_src comp="134" pin="0"/><net_sink comp="1180" pin=6"/></net>

<net id="1197"><net_src comp="136" pin="0"/><net_sink comp="1180" pin=7"/></net>

<net id="1202"><net_src comp="1148" pin="3"/><net_sink comp="1198" pin=0"/></net>

<net id="1203"><net_src comp="138" pin="0"/><net_sink comp="1198" pin=1"/></net>

<net id="1208"><net_src comp="1130" pin="2"/><net_sink comp="1204" pin=0"/></net>

<net id="1213"><net_src comp="1164" pin="2"/><net_sink comp="1209" pin=0"/></net>

<net id="1218"><net_src comp="1198" pin="2"/><net_sink comp="1214" pin=0"/></net>

<net id="1224"><net_src comp="140" pin="0"/><net_sink comp="1219" pin=0"/></net>

<net id="1225"><net_src comp="142" pin="0"/><net_sink comp="1219" pin=2"/></net>

<net id="1229"><net_src comp="1219" pin="3"/><net_sink comp="1226" pin=0"/></net>

<net id="1234"><net_src comp="1226" pin="1"/><net_sink comp="1230" pin=0"/></net>

<net id="1235"><net_src comp="144" pin="0"/><net_sink comp="1230" pin=1"/></net>

<net id="1240"><net_src comp="1230" pin="2"/><net_sink comp="1236" pin=0"/></net>

<net id="1241"><net_src comp="146" pin="0"/><net_sink comp="1236" pin=1"/></net>

<net id="1246"><net_src comp="1226" pin="1"/><net_sink comp="1242" pin=0"/></net>

<net id="1247"><net_src comp="148" pin="0"/><net_sink comp="1242" pin=1"/></net>

<net id="1252"><net_src comp="1242" pin="2"/><net_sink comp="1248" pin=0"/></net>

<net id="1253"><net_src comp="146" pin="0"/><net_sink comp="1248" pin=1"/></net>

<net id="1261"><net_src comp="1254" pin="1"/><net_sink comp="1257" pin=0"/></net>

<net id="1262"><net_src comp="150" pin="0"/><net_sink comp="1257" pin=1"/></net>

<net id="1269"><net_src comp="152" pin="0"/><net_sink comp="1263" pin=0"/></net>

<net id="1270"><net_src comp="1257" pin="2"/><net_sink comp="1263" pin=1"/></net>

<net id="1271"><net_src comp="154" pin="0"/><net_sink comp="1263" pin=2"/></net>

<net id="1272"><net_src comp="156" pin="0"/><net_sink comp="1263" pin=3"/></net>

<net id="1279"><net_src comp="1273" pin="1"/><net_sink comp="1276" pin=0"/></net>

<net id="1280"><net_src comp="1276" pin="1"/><net_sink comp="1085" pin=0"/></net>

<net id="1287"><net_src comp="160" pin="0"/><net_sink comp="1281" pin=0"/></net>

<net id="1288"><net_src comp="1085" pin="2"/><net_sink comp="1281" pin=1"/></net>

<net id="1289"><net_src comp="162" pin="0"/><net_sink comp="1281" pin=2"/></net>

<net id="1290"><net_src comp="164" pin="0"/><net_sink comp="1281" pin=3"/></net>

<net id="1297"><net_src comp="1291" pin="1"/><net_sink comp="1294" pin=0"/></net>

<net id="1298"><net_src comp="1294" pin="1"/><net_sink comp="1090" pin=0"/></net>

<net id="1305"><net_src comp="160" pin="0"/><net_sink comp="1299" pin=0"/></net>

<net id="1306"><net_src comp="1090" pin="2"/><net_sink comp="1299" pin=1"/></net>

<net id="1307"><net_src comp="162" pin="0"/><net_sink comp="1299" pin=2"/></net>

<net id="1308"><net_src comp="164" pin="0"/><net_sink comp="1299" pin=3"/></net>

<net id="1313"><net_src comp="166" pin="0"/><net_sink comp="1309" pin=1"/></net>

<net id="1318"><net_src comp="1309" pin="2"/><net_sink comp="1314" pin=0"/></net>

<net id="1319"><net_src comp="168" pin="0"/><net_sink comp="1314" pin=1"/></net>

<net id="1327"><net_src comp="1320" pin="1"/><net_sink comp="1323" pin=0"/></net>

<net id="1328"><net_src comp="170" pin="0"/><net_sink comp="1323" pin=1"/></net>

<net id="1335"><net_src comp="172" pin="0"/><net_sink comp="1329" pin=0"/></net>

<net id="1336"><net_src comp="1323" pin="2"/><net_sink comp="1329" pin=1"/></net>

<net id="1337"><net_src comp="174" pin="0"/><net_sink comp="1329" pin=2"/></net>

<net id="1338"><net_src comp="176" pin="0"/><net_sink comp="1329" pin=3"/></net>

<net id="1342"><net_src comp="1170" pin="2"/><net_sink comp="1339" pin=0"/></net>

<net id="1343"><net_src comp="1339" pin="1"/><net_sink comp="1095" pin=0"/></net>

<net id="1347"><net_src comp="1344" pin="1"/><net_sink comp="302" pin=2"/></net>

<net id="1348"><net_src comp="1344" pin="1"/><net_sink comp="309" pin=2"/></net>

<net id="1349"><net_src comp="1344" pin="1"/><net_sink comp="316" pin=2"/></net>

<net id="1350"><net_src comp="1344" pin="1"/><net_sink comp="323" pin=2"/></net>

<net id="1351"><net_src comp="1344" pin="1"/><net_sink comp="330" pin=2"/></net>

<net id="1355"><net_src comp="1352" pin="1"/><net_sink comp="232" pin=2"/></net>

<net id="1356"><net_src comp="1352" pin="1"/><net_sink comp="239" pin=2"/></net>

<net id="1357"><net_src comp="1352" pin="1"/><net_sink comp="246" pin=2"/></net>

<net id="1358"><net_src comp="1352" pin="1"/><net_sink comp="253" pin=2"/></net>

<net id="1359"><net_src comp="1352" pin="1"/><net_sink comp="260" pin=2"/></net>

<net id="1363"><net_src comp="1360" pin="1"/><net_sink comp="267" pin=2"/></net>

<net id="1364"><net_src comp="1360" pin="1"/><net_sink comp="274" pin=2"/></net>

<net id="1365"><net_src comp="1360" pin="1"/><net_sink comp="281" pin=2"/></net>

<net id="1366"><net_src comp="1360" pin="1"/><net_sink comp="288" pin=2"/></net>

<net id="1367"><net_src comp="1360" pin="1"/><net_sink comp="295" pin=2"/></net>

<net id="1373"><net_src comp="140" pin="0"/><net_sink comp="1368" pin=0"/></net>

<net id="1374"><net_src comp="180" pin="0"/><net_sink comp="1368" pin=2"/></net>

<net id="1378"><net_src comp="1368" pin="3"/><net_sink comp="1375" pin=0"/></net>

<net id="1383"><net_src comp="1375" pin="1"/><net_sink comp="1379" pin=0"/></net>

<net id="1384"><net_src comp="150" pin="0"/><net_sink comp="1379" pin=1"/></net>

<net id="1391"><net_src comp="152" pin="0"/><net_sink comp="1385" pin=0"/></net>

<net id="1392"><net_src comp="1379" pin="2"/><net_sink comp="1385" pin=1"/></net>

<net id="1393"><net_src comp="154" pin="0"/><net_sink comp="1385" pin=2"/></net>

<net id="1394"><net_src comp="156" pin="0"/><net_sink comp="1385" pin=3"/></net>

<net id="1398"><net_src comp="1385" pin="4"/><net_sink comp="1395" pin=0"/></net>

<net id="1399"><net_src comp="1395" pin="1"/><net_sink comp="337" pin=2"/></net>

<net id="1400"><net_src comp="1395" pin="1"/><net_sink comp="344" pin=2"/></net>

<net id="1401"><net_src comp="1395" pin="1"/><net_sink comp="351" pin=2"/></net>

<net id="1402"><net_src comp="1395" pin="1"/><net_sink comp="358" pin=2"/></net>

<net id="1403"><net_src comp="1395" pin="1"/><net_sink comp="365" pin=2"/></net>

<net id="1411"><net_src comp="1404" pin="1"/><net_sink comp="1407" pin=0"/></net>

<net id="1412"><net_src comp="150" pin="0"/><net_sink comp="1407" pin=1"/></net>

<net id="1419"><net_src comp="152" pin="0"/><net_sink comp="1413" pin=0"/></net>

<net id="1420"><net_src comp="1407" pin="2"/><net_sink comp="1413" pin=1"/></net>

<net id="1421"><net_src comp="154" pin="0"/><net_sink comp="1413" pin=2"/></net>

<net id="1422"><net_src comp="156" pin="0"/><net_sink comp="1413" pin=3"/></net>

<net id="1426"><net_src comp="1413" pin="4"/><net_sink comp="1423" pin=0"/></net>

<net id="1427"><net_src comp="1423" pin="1"/><net_sink comp="372" pin=2"/></net>

<net id="1428"><net_src comp="1423" pin="1"/><net_sink comp="379" pin=2"/></net>

<net id="1429"><net_src comp="1423" pin="1"/><net_sink comp="386" pin=2"/></net>

<net id="1430"><net_src comp="1423" pin="1"/><net_sink comp="393" pin=2"/></net>

<net id="1431"><net_src comp="1423" pin="1"/><net_sink comp="400" pin=2"/></net>

<net id="1435"><net_src comp="1432" pin="1"/><net_sink comp="457" pin=2"/></net>

<net id="1436"><net_src comp="1432" pin="1"/><net_sink comp="470" pin=2"/></net>

<net id="1452"><net_src comp="182" pin="0"/><net_sink comp="1437" pin=0"/></net>

<net id="1453"><net_src comp="124" pin="0"/><net_sink comp="1437" pin=1"/></net>

<net id="1454"><net_src comp="407" pin="3"/><net_sink comp="1437" pin=2"/></net>

<net id="1455"><net_src comp="130" pin="0"/><net_sink comp="1437" pin=3"/></net>

<net id="1456"><net_src comp="413" pin="3"/><net_sink comp="1437" pin=4"/></net>

<net id="1457"><net_src comp="126" pin="0"/><net_sink comp="1437" pin=5"/></net>

<net id="1458"><net_src comp="419" pin="3"/><net_sink comp="1437" pin=6"/></net>

<net id="1459"><net_src comp="132" pin="0"/><net_sink comp="1437" pin=7"/></net>

<net id="1460"><net_src comp="425" pin="3"/><net_sink comp="1437" pin=8"/></net>

<net id="1461"><net_src comp="128" pin="0"/><net_sink comp="1437" pin=9"/></net>

<net id="1462"><net_src comp="431" pin="3"/><net_sink comp="1437" pin=10"/></net>

<net id="1463"><net_src comp="184" pin="0"/><net_sink comp="1437" pin=11"/></net>

<net id="1479"><net_src comp="182" pin="0"/><net_sink comp="1464" pin=0"/></net>

<net id="1480"><net_src comp="128" pin="0"/><net_sink comp="1464" pin=1"/></net>

<net id="1481"><net_src comp="407" pin="3"/><net_sink comp="1464" pin=2"/></net>

<net id="1482"><net_src comp="124" pin="0"/><net_sink comp="1464" pin=3"/></net>

<net id="1483"><net_src comp="413" pin="3"/><net_sink comp="1464" pin=4"/></net>

<net id="1484"><net_src comp="130" pin="0"/><net_sink comp="1464" pin=5"/></net>

<net id="1485"><net_src comp="419" pin="3"/><net_sink comp="1464" pin=6"/></net>

<net id="1486"><net_src comp="126" pin="0"/><net_sink comp="1464" pin=7"/></net>

<net id="1487"><net_src comp="425" pin="3"/><net_sink comp="1464" pin=8"/></net>

<net id="1488"><net_src comp="132" pin="0"/><net_sink comp="1464" pin=9"/></net>

<net id="1489"><net_src comp="431" pin="3"/><net_sink comp="1464" pin=10"/></net>

<net id="1490"><net_src comp="184" pin="0"/><net_sink comp="1464" pin=11"/></net>

<net id="1494"><net_src comp="1464" pin="13"/><net_sink comp="1491" pin=0"/></net>

<net id="1510"><net_src comp="182" pin="0"/><net_sink comp="1495" pin=0"/></net>

<net id="1511"><net_src comp="126" pin="0"/><net_sink comp="1495" pin=1"/></net>

<net id="1512"><net_src comp="407" pin="3"/><net_sink comp="1495" pin=2"/></net>

<net id="1513"><net_src comp="132" pin="0"/><net_sink comp="1495" pin=3"/></net>

<net id="1514"><net_src comp="413" pin="3"/><net_sink comp="1495" pin=4"/></net>

<net id="1515"><net_src comp="128" pin="0"/><net_sink comp="1495" pin=5"/></net>

<net id="1516"><net_src comp="419" pin="3"/><net_sink comp="1495" pin=6"/></net>

<net id="1517"><net_src comp="124" pin="0"/><net_sink comp="1495" pin=7"/></net>

<net id="1518"><net_src comp="425" pin="3"/><net_sink comp="1495" pin=8"/></net>

<net id="1519"><net_src comp="130" pin="0"/><net_sink comp="1495" pin=9"/></net>

<net id="1520"><net_src comp="431" pin="3"/><net_sink comp="1495" pin=10"/></net>

<net id="1521"><net_src comp="184" pin="0"/><net_sink comp="1495" pin=11"/></net>

<net id="1537"><net_src comp="182" pin="0"/><net_sink comp="1522" pin=0"/></net>

<net id="1538"><net_src comp="130" pin="0"/><net_sink comp="1522" pin=1"/></net>

<net id="1539"><net_src comp="407" pin="3"/><net_sink comp="1522" pin=2"/></net>

<net id="1540"><net_src comp="126" pin="0"/><net_sink comp="1522" pin=3"/></net>

<net id="1541"><net_src comp="413" pin="3"/><net_sink comp="1522" pin=4"/></net>

<net id="1542"><net_src comp="132" pin="0"/><net_sink comp="1522" pin=5"/></net>

<net id="1543"><net_src comp="419" pin="3"/><net_sink comp="1522" pin=6"/></net>

<net id="1544"><net_src comp="128" pin="0"/><net_sink comp="1522" pin=7"/></net>

<net id="1545"><net_src comp="425" pin="3"/><net_sink comp="1522" pin=8"/></net>

<net id="1546"><net_src comp="124" pin="0"/><net_sink comp="1522" pin=9"/></net>

<net id="1547"><net_src comp="431" pin="3"/><net_sink comp="1522" pin=10"/></net>

<net id="1548"><net_src comp="184" pin="0"/><net_sink comp="1522" pin=11"/></net>

<net id="1552"><net_src comp="1522" pin="13"/><net_sink comp="1549" pin=0"/></net>

<net id="1557"><net_src comp="1549" pin="1"/><net_sink comp="1553" pin=0"/></net>

<net id="1558"><net_src comp="186" pin="0"/><net_sink comp="1553" pin=1"/></net>

<net id="1564"><net_src comp="1553" pin="2"/><net_sink comp="1559" pin=1"/></net>

<net id="1565"><net_src comp="108" pin="0"/><net_sink comp="1559" pin=2"/></net>

<net id="1569"><net_src comp="1559" pin="3"/><net_sink comp="1566" pin=0"/></net>

<net id="1573"><net_src comp="464" pin="3"/><net_sink comp="1570" pin=0"/></net>

<net id="1577"><net_src comp="477" pin="3"/><net_sink comp="1574" pin=0"/></net>

<net id="1593"><net_src comp="182" pin="0"/><net_sink comp="1578" pin=0"/></net>

<net id="1594"><net_src comp="132" pin="0"/><net_sink comp="1578" pin=1"/></net>

<net id="1595"><net_src comp="407" pin="3"/><net_sink comp="1578" pin=2"/></net>

<net id="1596"><net_src comp="128" pin="0"/><net_sink comp="1578" pin=3"/></net>

<net id="1597"><net_src comp="413" pin="3"/><net_sink comp="1578" pin=4"/></net>

<net id="1598"><net_src comp="124" pin="0"/><net_sink comp="1578" pin=5"/></net>

<net id="1599"><net_src comp="419" pin="3"/><net_sink comp="1578" pin=6"/></net>

<net id="1600"><net_src comp="130" pin="0"/><net_sink comp="1578" pin=7"/></net>

<net id="1601"><net_src comp="425" pin="3"/><net_sink comp="1578" pin=8"/></net>

<net id="1602"><net_src comp="126" pin="0"/><net_sink comp="1578" pin=9"/></net>

<net id="1603"><net_src comp="431" pin="3"/><net_sink comp="1578" pin=10"/></net>

<net id="1604"><net_src comp="184" pin="0"/><net_sink comp="1578" pin=11"/></net>

<net id="1611"><net_src comp="490" pin="3"/><net_sink comp="1608" pin=0"/></net>

<net id="1619"><net_src comp="1612" pin="1"/><net_sink comp="1615" pin=0"/></net>

<net id="1620"><net_src comp="186" pin="0"/><net_sink comp="1615" pin=1"/></net>

<net id="1626"><net_src comp="1615" pin="2"/><net_sink comp="1621" pin=1"/></net>

<net id="1627"><net_src comp="108" pin="0"/><net_sink comp="1621" pin=2"/></net>

<net id="1631"><net_src comp="1621" pin="3"/><net_sink comp="1628" pin=0"/></net>

<net id="1635"><net_src comp="516" pin="3"/><net_sink comp="1632" pin=0"/></net>

<net id="1640"><net_src comp="1628" pin="1"/><net_sink comp="1636" pin=0"/></net>

<net id="1641"><net_src comp="1632" pin="1"/><net_sink comp="1636" pin=1"/></net>

<net id="1649"><net_src comp="1642" pin="1"/><net_sink comp="1645" pin=0"/></net>

<net id="1650"><net_src comp="186" pin="0"/><net_sink comp="1645" pin=1"/></net>

<net id="1656"><net_src comp="1645" pin="2"/><net_sink comp="1651" pin=1"/></net>

<net id="1657"><net_src comp="108" pin="0"/><net_sink comp="1651" pin=2"/></net>

<net id="1661"><net_src comp="1651" pin="3"/><net_sink comp="1658" pin=0"/></net>

<net id="1665"><net_src comp="529" pin="3"/><net_sink comp="1662" pin=0"/></net>

<net id="1670"><net_src comp="1658" pin="1"/><net_sink comp="1666" pin=0"/></net>

<net id="1671"><net_src comp="1662" pin="1"/><net_sink comp="1666" pin=1"/></net>

<net id="1679"><net_src comp="1672" pin="1"/><net_sink comp="1675" pin=1"/></net>

<net id="1693"><net_src comp="1686" pin="1"/><net_sink comp="1689" pin=0"/></net>

<net id="1694"><net_src comp="1683" pin="1"/><net_sink comp="1689" pin=1"/></net>

<net id="1698"><net_src comp="1689" pin="2"/><net_sink comp="1695" pin=0"/></net>

<net id="1699"><net_src comp="1695" pin="1"/><net_sink comp="1081" pin=0"/></net>

<net id="1703"><net_src comp="1700" pin="1"/><net_sink comp="1081" pin=1"/></net>

<net id="1708"><net_src comp="188" pin="0"/><net_sink comp="1704" pin=1"/></net>

<net id="1712"><net_src comp="1704" pin="2"/><net_sink comp="1709" pin=0"/></net>

<net id="1717"><net_src comp="190" pin="0"/><net_sink comp="1713" pin=0"/></net>

<net id="1718"><net_src comp="1709" pin="1"/><net_sink comp="1713" pin=1"/></net>

<net id="1722"><net_src comp="1719" pin="1"/><net_sink comp="561" pin=2"/></net>

<net id="1723"><net_src comp="1719" pin="1"/><net_sink comp="568" pin=2"/></net>

<net id="1724"><net_src comp="1719" pin="1"/><net_sink comp="575" pin=2"/></net>

<net id="1725"><net_src comp="1719" pin="1"/><net_sink comp="582" pin=2"/></net>

<net id="1726"><net_src comp="1719" pin="1"/><net_sink comp="589" pin=2"/></net>

<net id="1727"><net_src comp="1719" pin="1"/><net_sink comp="596" pin=2"/></net>

<net id="1728"><net_src comp="1719" pin="1"/><net_sink comp="603" pin=2"/></net>

<net id="1729"><net_src comp="1719" pin="1"/><net_sink comp="610" pin=2"/></net>

<net id="1730"><net_src comp="1719" pin="1"/><net_sink comp="617" pin=2"/></net>

<net id="1731"><net_src comp="1719" pin="1"/><net_sink comp="624" pin=2"/></net>

<net id="1732"><net_src comp="1719" pin="1"/><net_sink comp="631" pin=2"/></net>

<net id="1733"><net_src comp="1719" pin="1"/><net_sink comp="638" pin=2"/></net>

<net id="1734"><net_src comp="1719" pin="1"/><net_sink comp="645" pin=2"/></net>

<net id="1735"><net_src comp="1719" pin="1"/><net_sink comp="652" pin=2"/></net>

<net id="1736"><net_src comp="1719" pin="1"/><net_sink comp="659" pin=2"/></net>

<net id="1737"><net_src comp="1719" pin="1"/><net_sink comp="666" pin=2"/></net>

<net id="1738"><net_src comp="1719" pin="1"/><net_sink comp="673" pin=2"/></net>

<net id="1739"><net_src comp="1719" pin="1"/><net_sink comp="680" pin=2"/></net>

<net id="1740"><net_src comp="1719" pin="1"/><net_sink comp="687" pin=2"/></net>

<net id="1741"><net_src comp="1719" pin="1"/><net_sink comp="694" pin=2"/></net>

<net id="1742"><net_src comp="1719" pin="1"/><net_sink comp="701" pin=2"/></net>

<net id="1743"><net_src comp="1719" pin="1"/><net_sink comp="708" pin=2"/></net>

<net id="1744"><net_src comp="1719" pin="1"/><net_sink comp="715" pin=2"/></net>

<net id="1745"><net_src comp="1719" pin="1"/><net_sink comp="722" pin=2"/></net>

<net id="1746"><net_src comp="1719" pin="1"/><net_sink comp="729" pin=2"/></net>

<net id="1747"><net_src comp="1719" pin="1"/><net_sink comp="736" pin=2"/></net>

<net id="1748"><net_src comp="1719" pin="1"/><net_sink comp="743" pin=2"/></net>

<net id="1749"><net_src comp="1719" pin="1"/><net_sink comp="750" pin=2"/></net>

<net id="1750"><net_src comp="1719" pin="1"/><net_sink comp="757" pin=2"/></net>

<net id="1751"><net_src comp="1719" pin="1"/><net_sink comp="764" pin=2"/></net>

<net id="1752"><net_src comp="1719" pin="1"/><net_sink comp="771" pin=2"/></net>

<net id="1753"><net_src comp="1719" pin="1"/><net_sink comp="778" pin=2"/></net>

<net id="1754"><net_src comp="1719" pin="1"/><net_sink comp="785" pin=2"/></net>

<net id="1755"><net_src comp="1719" pin="1"/><net_sink comp="792" pin=2"/></net>

<net id="1756"><net_src comp="1719" pin="1"/><net_sink comp="799" pin=2"/></net>

<net id="1757"><net_src comp="1719" pin="1"/><net_sink comp="806" pin=2"/></net>

<net id="1758"><net_src comp="1719" pin="1"/><net_sink comp="813" pin=2"/></net>

<net id="1759"><net_src comp="1719" pin="1"/><net_sink comp="820" pin=2"/></net>

<net id="1760"><net_src comp="1719" pin="1"/><net_sink comp="827" pin=2"/></net>

<net id="1761"><net_src comp="1719" pin="1"/><net_sink comp="834" pin=2"/></net>

<net id="1769"><net_src comp="1762" pin="1"/><net_sink comp="1765" pin=0"/></net>

<net id="1777"><net_src comp="1765" pin="2"/><net_sink comp="1773" pin=0"/></net>

<net id="1778"><net_src comp="1770" pin="1"/><net_sink comp="1773" pin=1"/></net>

<net id="1782"><net_src comp="1773" pin="2"/><net_sink comp="1779" pin=0"/></net>

<net id="1788"><net_src comp="208" pin="0"/><net_sink comp="1783" pin=0"/></net>

<net id="1789"><net_src comp="1773" pin="2"/><net_sink comp="1783" pin=1"/></net>

<net id="1790"><net_src comp="210" pin="0"/><net_sink comp="1783" pin=2"/></net>

<net id="1796"><net_src comp="1783" pin="3"/><net_sink comp="1791" pin=0"/></net>

<net id="1797"><net_src comp="212" pin="0"/><net_sink comp="1791" pin=1"/></net>

<net id="1798"><net_src comp="1779" pin="1"/><net_sink comp="1791" pin=2"/></net>

<net id="1805"><net_src comp="214" pin="0"/><net_sink comp="1799" pin=0"/></net>

<net id="1806"><net_src comp="1791" pin="3"/><net_sink comp="1799" pin=1"/></net>

<net id="1807"><net_src comp="216" pin="0"/><net_sink comp="1799" pin=2"/></net>

<net id="1808"><net_src comp="176" pin="0"/><net_sink comp="1799" pin=3"/></net>

<net id="1813"><net_src comp="1799" pin="4"/><net_sink comp="1809" pin=0"/></net>

<net id="1814"><net_src comp="110" pin="0"/><net_sink comp="1809" pin=1"/></net>

<net id="1818"><net_src comp="1791" pin="3"/><net_sink comp="1815" pin=0"/></net>

<net id="1824"><net_src comp="1809" pin="2"/><net_sink comp="1819" pin=0"/></net>

<net id="1825"><net_src comp="218" pin="0"/><net_sink comp="1819" pin=1"/></net>

<net id="1826"><net_src comp="1815" pin="1"/><net_sink comp="1819" pin=2"/></net>

<net id="1827"><net_src comp="1819" pin="3"/><net_sink comp="841" pin=1"/></net>

<net id="1828"><net_src comp="1819" pin="3"/><net_sink comp="847" pin=1"/></net>

<net id="1829"><net_src comp="1819" pin="3"/><net_sink comp="853" pin=1"/></net>

<net id="1830"><net_src comp="1819" pin="3"/><net_sink comp="859" pin=1"/></net>

<net id="1831"><net_src comp="1819" pin="3"/><net_sink comp="865" pin=1"/></net>

<net id="1832"><net_src comp="1819" pin="3"/><net_sink comp="871" pin=1"/></net>

<net id="1833"><net_src comp="1819" pin="3"/><net_sink comp="877" pin=1"/></net>

<net id="1834"><net_src comp="1819" pin="3"/><net_sink comp="883" pin=1"/></net>

<net id="1835"><net_src comp="1819" pin="3"/><net_sink comp="889" pin=1"/></net>

<net id="1836"><net_src comp="1819" pin="3"/><net_sink comp="895" pin=1"/></net>

<net id="1837"><net_src comp="1819" pin="3"/><net_sink comp="901" pin=1"/></net>

<net id="1838"><net_src comp="1819" pin="3"/><net_sink comp="907" pin=1"/></net>

<net id="1839"><net_src comp="1819" pin="3"/><net_sink comp="913" pin=1"/></net>

<net id="1840"><net_src comp="1819" pin="3"/><net_sink comp="919" pin=1"/></net>

<net id="1841"><net_src comp="1819" pin="3"/><net_sink comp="925" pin=1"/></net>

<net id="1842"><net_src comp="1819" pin="3"/><net_sink comp="931" pin=1"/></net>

<net id="1843"><net_src comp="1819" pin="3"/><net_sink comp="937" pin=1"/></net>

<net id="1844"><net_src comp="1819" pin="3"/><net_sink comp="943" pin=1"/></net>

<net id="1845"><net_src comp="1819" pin="3"/><net_sink comp="949" pin=1"/></net>

<net id="1846"><net_src comp="1819" pin="3"/><net_sink comp="955" pin=1"/></net>

<net id="1847"><net_src comp="1819" pin="3"/><net_sink comp="961" pin=1"/></net>

<net id="1848"><net_src comp="1819" pin="3"/><net_sink comp="967" pin=1"/></net>

<net id="1849"><net_src comp="1819" pin="3"/><net_sink comp="973" pin=1"/></net>

<net id="1850"><net_src comp="1819" pin="3"/><net_sink comp="979" pin=1"/></net>

<net id="1851"><net_src comp="1819" pin="3"/><net_sink comp="985" pin=1"/></net>

<net id="1852"><net_src comp="1819" pin="3"/><net_sink comp="991" pin=1"/></net>

<net id="1853"><net_src comp="1819" pin="3"/><net_sink comp="997" pin=1"/></net>

<net id="1854"><net_src comp="1819" pin="3"/><net_sink comp="1003" pin=1"/></net>

<net id="1855"><net_src comp="1819" pin="3"/><net_sink comp="1009" pin=1"/></net>

<net id="1856"><net_src comp="1819" pin="3"/><net_sink comp="1015" pin=1"/></net>

<net id="1857"><net_src comp="1819" pin="3"/><net_sink comp="1021" pin=1"/></net>

<net id="1858"><net_src comp="1819" pin="3"/><net_sink comp="1027" pin=1"/></net>

<net id="1859"><net_src comp="1819" pin="3"/><net_sink comp="1033" pin=1"/></net>

<net id="1860"><net_src comp="1819" pin="3"/><net_sink comp="1039" pin=1"/></net>

<net id="1861"><net_src comp="1819" pin="3"/><net_sink comp="1045" pin=1"/></net>

<net id="1862"><net_src comp="1819" pin="3"/><net_sink comp="1051" pin=1"/></net>

<net id="1863"><net_src comp="1819" pin="3"/><net_sink comp="1057" pin=1"/></net>

<net id="1864"><net_src comp="1819" pin="3"/><net_sink comp="1063" pin=1"/></net>

<net id="1865"><net_src comp="1819" pin="3"/><net_sink comp="1069" pin=1"/></net>

<net id="1866"><net_src comp="1819" pin="3"/><net_sink comp="1075" pin=1"/></net>

<net id="1873"><net_src comp="1491" pin="1"/><net_sink comp="1867" pin=0"/></net>

<net id="1874"><net_src comp="186" pin="0"/><net_sink comp="1867" pin=1"/></net>

<net id="1875"><net_src comp="1574" pin="1"/><net_sink comp="1867" pin=2"/></net>

<net id="1876"><net_src comp="1666" pin="2"/><net_sink comp="1867" pin=3"/></net>

<net id="1877"><net_src comp="1867" pin="4"/><net_sink comp="1680" pin=0"/></net>

<net id="1883"><net_src comp="1566" pin="1"/><net_sink comp="1878" pin=0"/></net>

<net id="1884"><net_src comp="1570" pin="1"/><net_sink comp="1878" pin=1"/></net>

<net id="1885"><net_src comp="1636" pin="2"/><net_sink comp="1878" pin=2"/></net>

<net id="1886"><net_src comp="1878" pin="3"/><net_sink comp="1675" pin=0"/></net>

<net id="1893"><net_src comp="1605" pin="1"/><net_sink comp="1887" pin=0"/></net>

<net id="1894"><net_src comp="186" pin="0"/><net_sink comp="1887" pin=1"/></net>

<net id="1895"><net_src comp="1608" pin="1"/><net_sink comp="1887" pin=2"/></net>

<net id="1896"><net_src comp="1680" pin="1"/><net_sink comp="1887" pin=3"/></net>

<net id="1897"><net_src comp="1887" pin="4"/><net_sink comp="1686" pin=0"/></net>

<net id="1901"><net_src comp="220" pin="1"/><net_sink comp="1898" pin=0"/></net>

<net id="1902"><net_src comp="1898" pin="1"/><net_sink comp="1116" pin=1"/></net>

<net id="1903"><net_src comp="1898" pin="1"/><net_sink comp="1136" pin=0"/></net>

<net id="1904"><net_src comp="1898" pin="1"/><net_sink comp="1214" pin=1"/></net>

<net id="1908"><net_src comp="224" pin="1"/><net_sink comp="1905" pin=0"/></net>

<net id="1909"><net_src comp="1905" pin="1"/><net_sink comp="1111" pin=1"/></net>

<net id="1910"><net_src comp="1905" pin="1"/><net_sink comp="1139" pin=0"/></net>

<net id="1911"><net_src comp="1905" pin="1"/><net_sink comp="1209" pin=1"/></net>

<net id="1915"><net_src comp="228" pin="1"/><net_sink comp="1912" pin=0"/></net>

<net id="1916"><net_src comp="1912" pin="1"/><net_sink comp="1106" pin=1"/></net>

<net id="1917"><net_src comp="1912" pin="1"/><net_sink comp="1121" pin=0"/></net>

<net id="1918"><net_src comp="1912" pin="1"/><net_sink comp="1204" pin=1"/></net>

<net id="1922"><net_src comp="1124" pin="2"/><net_sink comp="1919" pin=0"/></net>

<net id="1926"><net_src comp="1148" pin="3"/><net_sink comp="1923" pin=0"/></net>

<net id="1927"><net_src comp="1923" pin="1"/><net_sink comp="1432" pin=0"/></net>

<net id="1931"><net_src comp="1164" pin="2"/><net_sink comp="1928" pin=0"/></net>

<net id="1932"><net_src comp="1928" pin="1"/><net_sink comp="1170" pin=0"/></net>

<net id="1933"><net_src comp="1928" pin="1"/><net_sink comp="1219" pin=1"/></net>

<net id="1934"><net_src comp="1928" pin="1"/><net_sink comp="1320" pin=0"/></net>

<net id="1935"><net_src comp="1928" pin="1"/><net_sink comp="1368" pin=1"/></net>

<net id="1939"><net_src comp="1176" pin="1"/><net_sink comp="1936" pin=0"/></net>

<net id="1943"><net_src comp="1219" pin="3"/><net_sink comp="1940" pin=0"/></net>

<net id="1944"><net_src comp="1940" pin="1"/><net_sink comp="1254" pin=0"/></net>

<net id="1945"><net_src comp="1940" pin="1"/><net_sink comp="1309" pin=0"/></net>

<net id="1949"><net_src comp="1230" pin="2"/><net_sink comp="1946" pin=0"/></net>

<net id="1950"><net_src comp="1946" pin="1"/><net_sink comp="1273" pin=0"/></net>

<net id="1954"><net_src comp="1236" pin="2"/><net_sink comp="1951" pin=0"/></net>

<net id="1955"><net_src comp="1951" pin="1"/><net_sink comp="1621" pin=0"/></net>

<net id="1959"><net_src comp="1242" pin="2"/><net_sink comp="1956" pin=0"/></net>

<net id="1960"><net_src comp="1956" pin="1"/><net_sink comp="1291" pin=0"/></net>

<net id="1964"><net_src comp="1248" pin="2"/><net_sink comp="1961" pin=0"/></net>

<net id="1965"><net_src comp="1961" pin="1"/><net_sink comp="1559" pin=0"/></net>

<net id="1969"><net_src comp="1263" pin="4"/><net_sink comp="1966" pin=0"/></net>

<net id="1970"><net_src comp="1966" pin="1"/><net_sink comp="1344" pin=0"/></net>

<net id="1974"><net_src comp="1281" pin="4"/><net_sink comp="1971" pin=0"/></net>

<net id="1975"><net_src comp="1971" pin="1"/><net_sink comp="1352" pin=0"/></net>

<net id="1979"><net_src comp="1299" pin="4"/><net_sink comp="1976" pin=0"/></net>

<net id="1980"><net_src comp="1976" pin="1"/><net_sink comp="1360" pin=0"/></net>

<net id="1984"><net_src comp="1309" pin="2"/><net_sink comp="1981" pin=0"/></net>

<net id="1985"><net_src comp="1981" pin="1"/><net_sink comp="1404" pin=0"/></net>

<net id="1989"><net_src comp="1314" pin="2"/><net_sink comp="1986" pin=0"/></net>

<net id="1990"><net_src comp="1986" pin="1"/><net_sink comp="1651" pin=0"/></net>

<net id="1994"><net_src comp="1329" pin="4"/><net_sink comp="1991" pin=0"/></net>

<net id="1995"><net_src comp="1991" pin="1"/><net_sink comp="1719" pin=0"/></net>

<net id="1999"><net_src comp="1339" pin="1"/><net_sink comp="1996" pin=0"/></net>

<net id="2000"><net_src comp="1996" pin="1"/><net_sink comp="1437" pin=12"/></net>

<net id="2001"><net_src comp="1996" pin="1"/><net_sink comp="1464" pin=12"/></net>

<net id="2002"><net_src comp="1996" pin="1"/><net_sink comp="1495" pin=12"/></net>

<net id="2003"><net_src comp="1996" pin="1"/><net_sink comp="1522" pin=12"/></net>

<net id="2004"><net_src comp="1996" pin="1"/><net_sink comp="1578" pin=12"/></net>

<net id="2008"><net_src comp="232" pin="3"/><net_sink comp="2005" pin=0"/></net>

<net id="2009"><net_src comp="2005" pin="1"/><net_sink comp="407" pin=0"/></net>

<net id="2013"><net_src comp="239" pin="3"/><net_sink comp="2010" pin=0"/></net>

<net id="2014"><net_src comp="2010" pin="1"/><net_sink comp="413" pin=0"/></net>

<net id="2018"><net_src comp="246" pin="3"/><net_sink comp="2015" pin=0"/></net>

<net id="2019"><net_src comp="2015" pin="1"/><net_sink comp="419" pin=0"/></net>

<net id="2023"><net_src comp="253" pin="3"/><net_sink comp="2020" pin=0"/></net>

<net id="2024"><net_src comp="2020" pin="1"/><net_sink comp="425" pin=0"/></net>

<net id="2028"><net_src comp="260" pin="3"/><net_sink comp="2025" pin=0"/></net>

<net id="2029"><net_src comp="2025" pin="1"/><net_sink comp="431" pin=0"/></net>

<net id="2033"><net_src comp="267" pin="3"/><net_sink comp="2030" pin=0"/></net>

<net id="2034"><net_src comp="2030" pin="1"/><net_sink comp="407" pin=0"/></net>

<net id="2038"><net_src comp="274" pin="3"/><net_sink comp="2035" pin=0"/></net>

<net id="2039"><net_src comp="2035" pin="1"/><net_sink comp="413" pin=0"/></net>

<net id="2043"><net_src comp="281" pin="3"/><net_sink comp="2040" pin=0"/></net>

<net id="2044"><net_src comp="2040" pin="1"/><net_sink comp="419" pin=0"/></net>

<net id="2048"><net_src comp="288" pin="3"/><net_sink comp="2045" pin=0"/></net>

<net id="2049"><net_src comp="2045" pin="1"/><net_sink comp="425" pin=0"/></net>

<net id="2053"><net_src comp="295" pin="3"/><net_sink comp="2050" pin=0"/></net>

<net id="2054"><net_src comp="2050" pin="1"/><net_sink comp="431" pin=0"/></net>

<net id="2058"><net_src comp="302" pin="3"/><net_sink comp="2055" pin=0"/></net>

<net id="2059"><net_src comp="2055" pin="1"/><net_sink comp="407" pin=0"/></net>

<net id="2063"><net_src comp="309" pin="3"/><net_sink comp="2060" pin=0"/></net>

<net id="2064"><net_src comp="2060" pin="1"/><net_sink comp="413" pin=0"/></net>

<net id="2068"><net_src comp="316" pin="3"/><net_sink comp="2065" pin=0"/></net>

<net id="2069"><net_src comp="2065" pin="1"/><net_sink comp="419" pin=0"/></net>

<net id="2073"><net_src comp="323" pin="3"/><net_sink comp="2070" pin=0"/></net>

<net id="2074"><net_src comp="2070" pin="1"/><net_sink comp="425" pin=0"/></net>

<net id="2078"><net_src comp="330" pin="3"/><net_sink comp="2075" pin=0"/></net>

<net id="2079"><net_src comp="2075" pin="1"/><net_sink comp="431" pin=0"/></net>

<net id="2083"><net_src comp="337" pin="3"/><net_sink comp="2080" pin=0"/></net>

<net id="2084"><net_src comp="2080" pin="1"/><net_sink comp="407" pin=0"/></net>

<net id="2088"><net_src comp="344" pin="3"/><net_sink comp="2085" pin=0"/></net>

<net id="2089"><net_src comp="2085" pin="1"/><net_sink comp="413" pin=0"/></net>

<net id="2093"><net_src comp="351" pin="3"/><net_sink comp="2090" pin=0"/></net>

<net id="2094"><net_src comp="2090" pin="1"/><net_sink comp="419" pin=0"/></net>

<net id="2098"><net_src comp="358" pin="3"/><net_sink comp="2095" pin=0"/></net>

<net id="2099"><net_src comp="2095" pin="1"/><net_sink comp="425" pin=0"/></net>

<net id="2103"><net_src comp="365" pin="3"/><net_sink comp="2100" pin=0"/></net>

<net id="2104"><net_src comp="2100" pin="1"/><net_sink comp="431" pin=0"/></net>

<net id="2108"><net_src comp="372" pin="3"/><net_sink comp="2105" pin=0"/></net>

<net id="2109"><net_src comp="2105" pin="1"/><net_sink comp="407" pin=0"/></net>

<net id="2113"><net_src comp="379" pin="3"/><net_sink comp="2110" pin=0"/></net>

<net id="2114"><net_src comp="2110" pin="1"/><net_sink comp="413" pin=0"/></net>

<net id="2118"><net_src comp="386" pin="3"/><net_sink comp="2115" pin=0"/></net>

<net id="2119"><net_src comp="2115" pin="1"/><net_sink comp="419" pin=0"/></net>

<net id="2123"><net_src comp="393" pin="3"/><net_sink comp="2120" pin=0"/></net>

<net id="2124"><net_src comp="2120" pin="1"/><net_sink comp="425" pin=0"/></net>

<net id="2128"><net_src comp="400" pin="3"/><net_sink comp="2125" pin=0"/></net>

<net id="2129"><net_src comp="2125" pin="1"/><net_sink comp="431" pin=0"/></net>

<net id="2133"><net_src comp="1432" pin="1"/><net_sink comp="2130" pin=0"/></net>

<net id="2134"><net_src comp="2130" pin="1"/><net_sink comp="483" pin=2"/></net>

<net id="2135"><net_src comp="2130" pin="1"/><net_sink comp="496" pin=2"/></net>

<net id="2136"><net_src comp="2130" pin="1"/><net_sink comp="509" pin=2"/></net>

<net id="2137"><net_src comp="2130" pin="1"/><net_sink comp="522" pin=2"/></net>

<net id="2138"><net_src comp="2130" pin="1"/><net_sink comp="535" pin=2"/></net>

<net id="2139"><net_src comp="2130" pin="1"/><net_sink comp="548" pin=2"/></net>

<net id="2143"><net_src comp="457" pin="3"/><net_sink comp="2140" pin=0"/></net>

<net id="2144"><net_src comp="2140" pin="1"/><net_sink comp="464" pin=0"/></net>

<net id="2148"><net_src comp="470" pin="3"/><net_sink comp="2145" pin=0"/></net>

<net id="2149"><net_src comp="2145" pin="1"/><net_sink comp="477" pin=0"/></net>

<net id="2153"><net_src comp="1437" pin="13"/><net_sink comp="2150" pin=0"/></net>

<net id="2154"><net_src comp="2150" pin="1"/><net_sink comp="1605" pin=0"/></net>

<net id="2158"><net_src comp="1495" pin="13"/><net_sink comp="2155" pin=0"/></net>

<net id="2159"><net_src comp="2155" pin="1"/><net_sink comp="1612" pin=0"/></net>

<net id="2163"><net_src comp="1566" pin="1"/><net_sink comp="2160" pin=0"/></net>

<net id="2164"><net_src comp="2160" pin="1"/><net_sink comp="1878" pin=0"/></net>

<net id="2168"><net_src comp="1570" pin="1"/><net_sink comp="2165" pin=0"/></net>

<net id="2169"><net_src comp="2165" pin="1"/><net_sink comp="1878" pin=1"/></net>

<net id="2173"><net_src comp="483" pin="3"/><net_sink comp="2170" pin=0"/></net>

<net id="2174"><net_src comp="2170" pin="1"/><net_sink comp="490" pin=0"/></net>

<net id="2178"><net_src comp="1574" pin="1"/><net_sink comp="2175" pin=0"/></net>

<net id="2179"><net_src comp="2175" pin="1"/><net_sink comp="1867" pin=1"/></net>

<net id="2183"><net_src comp="1578" pin="13"/><net_sink comp="2180" pin=0"/></net>

<net id="2184"><net_src comp="2180" pin="1"/><net_sink comp="1642" pin=0"/></net>

<net id="2188"><net_src comp="496" pin="3"/><net_sink comp="2185" pin=0"/></net>

<net id="2189"><net_src comp="2185" pin="1"/><net_sink comp="503" pin=0"/></net>

<net id="2193"><net_src comp="509" pin="3"/><net_sink comp="2190" pin=0"/></net>

<net id="2194"><net_src comp="2190" pin="1"/><net_sink comp="516" pin=0"/></net>

<net id="2198"><net_src comp="1608" pin="1"/><net_sink comp="2195" pin=0"/></net>

<net id="2199"><net_src comp="2195" pin="1"/><net_sink comp="1887" pin=1"/></net>

<net id="2203"><net_src comp="522" pin="3"/><net_sink comp="2200" pin=0"/></net>

<net id="2204"><net_src comp="2200" pin="1"/><net_sink comp="529" pin=0"/></net>

<net id="2208"><net_src comp="535" pin="3"/><net_sink comp="2205" pin=0"/></net>

<net id="2209"><net_src comp="2205" pin="1"/><net_sink comp="542" pin=0"/></net>

<net id="2213"><net_src comp="548" pin="3"/><net_sink comp="2210" pin=0"/></net>

<net id="2214"><net_src comp="2210" pin="1"/><net_sink comp="555" pin=0"/></net>

<net id="2218"><net_src comp="503" pin="3"/><net_sink comp="2215" pin=0"/></net>

<net id="2219"><net_src comp="2215" pin="1"/><net_sink comp="1672" pin=0"/></net>

<net id="2223"><net_src comp="1636" pin="2"/><net_sink comp="2220" pin=0"/></net>

<net id="2224"><net_src comp="2220" pin="1"/><net_sink comp="1878" pin=0"/></net>

<net id="2228"><net_src comp="1666" pin="2"/><net_sink comp="2225" pin=0"/></net>

<net id="2229"><net_src comp="2225" pin="1"/><net_sink comp="1867" pin=1"/></net>

<net id="2233"><net_src comp="542" pin="3"/><net_sink comp="2230" pin=0"/></net>

<net id="2234"><net_src comp="2230" pin="1"/><net_sink comp="1700" pin=0"/></net>

<net id="2238"><net_src comp="555" pin="3"/><net_sink comp="2235" pin=0"/></net>

<net id="2239"><net_src comp="2235" pin="1"/><net_sink comp="1704" pin=0"/></net>

<net id="2240"><net_src comp="2235" pin="1"/><net_sink comp="1770" pin=0"/></net>

<net id="2244"><net_src comp="1675" pin="2"/><net_sink comp="2241" pin=0"/></net>

<net id="2245"><net_src comp="2241" pin="1"/><net_sink comp="1683" pin=0"/></net>

<net id="2249"><net_src comp="1680" pin="1"/><net_sink comp="2246" pin=0"/></net>

<net id="2250"><net_src comp="2246" pin="1"/><net_sink comp="1887" pin=0"/></net>

<net id="2254"><net_src comp="1081" pin="2"/><net_sink comp="2251" pin=0"/></net>

<net id="2255"><net_src comp="2251" pin="1"/><net_sink comp="1765" pin=1"/></net>

<net id="2259"><net_src comp="1713" pin="2"/><net_sink comp="2256" pin=0"/></net>

<net id="2260"><net_src comp="2256" pin="1"/><net_sink comp="1762" pin=0"/></net>

</net_list>

</model> 
---------------- Datapath Model END ------------------

* FSMD analyzer results:
  - Output states:
	Port: buffer_c1 | {16 }
	Port: buffer_c1_1 | {16 }
	Port: buffer_c1_2 | {16 }
	Port: buffer_c1_3 | {16 }
	Port: buffer_c1_4 | {16 }
	Port: buffer_c1_5 | {16 }
	Port: buffer_c1_6 | {16 }
	Port: buffer_c1_7 | {16 }
	Port: buffer_c1_8 | {16 }
	Port: buffer_c1_9 | {16 }
	Port: buffer_c1_10 | {16 }
	Port: buffer_c1_11 | {16 }
	Port: buffer_c1_12 | {16 }
	Port: buffer_c1_13 | {16 }
	Port: buffer_c1_14 | {16 }
	Port: buffer_c1_15 | {16 }
	Port: buffer_c1_16 | {16 }
	Port: buffer_c1_17 | {16 }
	Port: buffer_c1_18 | {16 }
	Port: buffer_c1_19 | {16 }
	Port: buffer_c1_20 | {16 }
	Port: buffer_c1_21 | {16 }
	Port: buffer_c1_22 | {16 }
	Port: buffer_c1_23 | {16 }
	Port: buffer_c1_24 | {16 }
	Port: buffer_c1_25 | {16 }
	Port: buffer_c1_26 | {16 }
	Port: buffer_c1_27 | {16 }
	Port: buffer_c1_28 | {16 }
	Port: buffer_c1_29 | {16 }
	Port: buffer_c1_30 | {16 }
	Port: buffer_c1_31 | {16 }
	Port: buffer_c1_32 | {16 }
	Port: buffer_c1_33 | {16 }
	Port: buffer_c1_34 | {16 }
	Port: buffer_c1_35 | {16 }
	Port: buffer_c1_36 | {16 }
	Port: buffer_c1_37 | {16 }
	Port: buffer_c1_38 | {16 }
	Port: buffer_c1_39 | {16 }
	Port: conv1_bias | {}
	Port: p_ZL12conv1_weight_0 | {}
	Port: p_ZL12conv1_weight_1 | {}
	Port: p_ZL12conv1_weight_2 | {}
	Port: p_ZL12conv1_weight_3 | {}
	Port: p_ZL12conv1_weight_4 | {}
	Port: conv1_multiplier | {}
	Port: conv1_shift | {}
 - Input state : 
	Port: tiny_ecg_inference_Pipeline_VITIS_LOOP_68_2_VITIS_LOOP_69_3 : local_ecg | {10 11 }
	Port: tiny_ecg_inference_Pipeline_VITIS_LOOP_68_2_VITIS_LOOP_69_3 : local_ecg_1 | {10 11 }
	Port: tiny_ecg_inference_Pipeline_VITIS_LOOP_68_2_VITIS_LOOP_69_3 : local_ecg_2 | {10 11 }
	Port: tiny_ecg_inference_Pipeline_VITIS_LOOP_68_2_VITIS_LOOP_69_3 : local_ecg_3 | {10 11 }
	Port: tiny_ecg_inference_Pipeline_VITIS_LOOP_68_2_VITIS_LOOP_69_3 : local_ecg_4 | {10 11 }
	Port: tiny_ecg_inference_Pipeline_VITIS_LOOP_68_2_VITIS_LOOP_69_3 : conv1_bias | {12 13 }
	Port: tiny_ecg_inference_Pipeline_VITIS_LOOP_68_2_VITIS_LOOP_69_3 : p_ZL12conv1_weight_0 | {12 13 }
	Port: tiny_ecg_inference_Pipeline_VITIS_LOOP_68_2_VITIS_LOOP_69_3 : p_ZL12conv1_weight_1 | {10 11 }
	Port: tiny_ecg_inference_Pipeline_VITIS_LOOP_68_2_VITIS_LOOP_69_3 : p_ZL12conv1_weight_2 | {11 12 }
	Port: tiny_ecg_inference_Pipeline_VITIS_LOOP_68_2_VITIS_LOOP_69_3 : p_ZL12conv1_weight_3 | {10 11 }
	Port: tiny_ecg_inference_Pipeline_VITIS_LOOP_68_2_VITIS_LOOP_69_3 : p_ZL12conv1_weight_4 | {12 13 }
	Port: tiny_ecg_inference_Pipeline_VITIS_LOOP_68_2_VITIS_LOOP_69_3 : conv1_multiplier | {12 13 }
	Port: tiny_ecg_inference_Pipeline_VITIS_LOOP_68_2_VITIS_LOOP_69_3 : conv1_shift | {12 13 }
  - Chain level:
	State 1
		store_ln0 : 1
		store_ln68 : 1
		store_ln69 : 1
		indvar_flatten_load : 1
		icmp_ln68 : 2
		add_ln68 : 2
		br_ln68 : 3
		oc_load : 1
		out_idx_load : 1
		icmp_ln69 : 2
		select_ln68 : 3
		empty : 3
		add_ln68_1 : 4
		urem_ln68 : 5
		trunc_ln69 : 4
		switch_ln85 : 5
		add_ln69 : 4
		store_ln68 : 3
		store_ln68 : 5
		store_ln69 : 5
	State 2
	State 3
	State 4
	State 5
	State 6
	State 7
	State 8
		zext_ln74 : 1
		add_ln74 : 2
		icmp_ln77 : 3
		add_ln74_1 : 2
		icmp_ln77_1 : 3
	State 9
		mul_ln74 : 1
		tmp_8 : 2
		zext_ln77_1 : 1
		mul_ln77 : 2
		tmp_9 : 3
		zext_ln77_3 : 1
		mul_ln77_1 : 2
		tmp_10 : 3
		icmp_ln77_2 : 1
	State 10
		mul_ln68 : 1
		tmp : 2
		trunc_ln68 : 1
		local_ecg_addr : 1
		local_ecg_1_addr : 1
		local_ecg_2_addr : 1
		local_ecg_3_addr : 1
		local_ecg_4_addr : 1
		local_ecg_addr_1 : 1
		local_ecg_1_addr_1 : 1
		local_ecg_2_addr_1 : 1
		local_ecg_3_addr_1 : 1
		local_ecg_4_addr_1 : 1
		local_ecg_addr_2 : 1
		local_ecg_1_addr_2 : 1
		local_ecg_2_addr_2 : 1
		local_ecg_3_addr_2 : 1
		local_ecg_4_addr_2 : 1
		zext_ln79_1 : 1
		mul_ln79 : 2
		tmp_11 : 3
		zext_ln79 : 4
		local_ecg_addr_3 : 5
		local_ecg_1_addr_3 : 5
		local_ecg_2_addr_3 : 5
		local_ecg_3_addr_3 : 5
		local_ecg_4_addr_3 : 5
		mul_ln77_2 : 1
		tmp_12 : 2
		zext_ln77 : 3
		local_ecg_addr_4 : 4
		local_ecg_1_addr_4 : 4
		local_ecg_2_addr_4 : 4
		local_ecg_3_addr_4 : 4
		local_ecg_4_addr_4 : 4
		local_ecg_load : 2
		local_ecg_1_load : 2
		local_ecg_2_load : 2
		local_ecg_3_load : 2
		local_ecg_4_load : 2
		local_ecg_load_1 : 6
		local_ecg_1_load_1 : 6
		local_ecg_2_load_1 : 6
		local_ecg_3_load_1 : 6
		local_ecg_4_load_1 : 6
		local_ecg_load_2 : 2
		local_ecg_1_load_2 : 2
		local_ecg_2_load_2 : 2
		local_ecg_3_load_2 : 2
		local_ecg_4_load_2 : 2
		local_ecg_load_3 : 2
		local_ecg_1_load_3 : 2
		local_ecg_2_load_3 : 2
		local_ecg_3_load_3 : 2
		local_ecg_4_load_3 : 2
		local_ecg_load_4 : 5
		local_ecg_1_load_4 : 5
		local_ecg_2_load_4 : 5
		local_ecg_3_load_4 : 5
		local_ecg_4_load_4 : 5
		p_ZL12conv1_weight_1_addr : 1
		p_ZL12conv1_weight_1_load : 2
		p_ZL12conv1_weight_3_addr : 1
		p_ZL12conv1_weight_3_load : 2
		switch_ln85 : 2
		switch_ln85 : 2
		switch_ln85 : 2
		switch_ln85 : 2
		switch_ln85 : 2
		switch_ln85 : 2
		switch_ln85 : 2
		switch_ln85 : 2
	State 11
		tmp_1 : 1
		tmp_2 : 1
		sext_ln79_2 : 2
		x_45 : 3
		sext_ln85 : 4
		tmp_3 : 1
		tmp_4 : 1
		sext_ln79_4 : 2
		x_46 : 3
		x_3 : 4
		sext_ln75_1 : 5
		sext_ln75_2 : 1
		p_ZL12conv1_weight_2_load : 1
		sext_ln82_1 : 1
		mul_ln82_1 : 5
		mul_ln82_3 : 6
		tmp_5 : 1
	State 12
		x_44 : 1
		sext_ln79_1 : 2
		acc : 1
		p_ZL12conv1_weight_0_load : 1
		sext_ln75_3 : 1
		mul_ln82_2 : 3
		p_ZL12conv1_weight_4_load : 1
		conv1_multiplier_load : 1
		conv1_shift_load : 1
	State 13
		x : 1
		x_1 : 2
		sext_ln75 : 3
		sext_ln82 : 1
		mul_ln82 : 4
		x_47 : 1
		x_7 : 2
		sext_ln75_4 : 3
		sext_ln82_3 : 1
		mul_ln82_4 : 4
		add_ln82 : 5
		add_ln82_2 : 5
	State 14
		sext_ln82_2 : 1
		add_ln82_1 : 1
		sext_ln82_5 : 1
		add_ln82_3 : 2
	State 15
		sext_ln82_6 : 1
		acc_2 : 2
		sext_ln6 : 3
		acc64 : 4
		zext_ln10 : 1
		shl_ln10 : 2
	State 16
		buffer_c1_addr : 1
		buffer_c1_1_addr : 1
		buffer_c1_2_addr : 1
		buffer_c1_3_addr : 1
		buffer_c1_4_addr : 1
		buffer_c1_5_addr : 1
		buffer_c1_6_addr : 1
		buffer_c1_7_addr : 1
		buffer_c1_8_addr : 1
		buffer_c1_9_addr : 1
		buffer_c1_10_addr : 1
		buffer_c1_11_addr : 1
		buffer_c1_12_addr : 1
		buffer_c1_13_addr : 1
		buffer_c1_14_addr : 1
		buffer_c1_15_addr : 1
		buffer_c1_16_addr : 1
		buffer_c1_17_addr : 1
		buffer_c1_18_addr : 1
		buffer_c1_19_addr : 1
		buffer_c1_20_addr : 1
		buffer_c1_21_addr : 1
		buffer_c1_22_addr : 1
		buffer_c1_23_addr : 1
		buffer_c1_24_addr : 1
		buffer_c1_25_addr : 1
		buffer_c1_26_addr : 1
		buffer_c1_27_addr : 1
		buffer_c1_28_addr : 1
		buffer_c1_29_addr : 1
		buffer_c1_30_addr : 1
		buffer_c1_31_addr : 1
		buffer_c1_32_addr : 1
		buffer_c1_33_addr : 1
		buffer_c1_34_addr : 1
		buffer_c1_35_addr : 1
		buffer_c1_36_addr : 1
		buffer_c1_37_addr : 1
		buffer_c1_38_addr : 1
		buffer_c1_39_addr : 1
		acc64_2 : 1
		res : 2
		trunc_ln13 : 3
		tmp_13 : 3
		res_2 : 4
		tmp_14 : 5
		icmp_ln20 : 6
		trunc_ln22 : 5
		select_ln20 : 7
		store_ln85 : 8
		store_ln85 : 8
		store_ln85 : 8
		store_ln85 : 8
		store_ln85 : 8
		store_ln85 : 8
		store_ln85 : 8
		store_ln85 : 8
		store_ln85 : 8
		store_ln85 : 8
		store_ln85 : 8
		store_ln85 : 8
		store_ln85 : 8
		store_ln85 : 8
		store_ln85 : 8
		store_ln85 : 8
		store_ln85 : 8
		store_ln85 : 8
		store_ln85 : 8
		store_ln85 : 8
		store_ln85 : 8
		store_ln85 : 8
		store_ln85 : 8
		store_ln85 : 8
		store_ln85 : 8
		store_ln85 : 8
		store_ln85 : 8
		store_ln85 : 8
		store_ln85 : 8
		store_ln85 : 8
		store_ln85 : 8
		store_ln85 : 8
		store_ln85 : 8
		store_ln85 : 8
		store_ln85 : 8
		store_ln85 : 8
		store_ln85 : 8
		store_ln85 : 8
		store_ln85 : 8
		store_ln85 : 8


============================================================
+ Verbose Summary: Datapath Resource usage 
============================================================

* Functional unit list:
|----------|---------------------|---------|---------|---------|
| Operation|   Functional Unit   |   DSP   |    FF   |   LUT   |
|----------|---------------------|---------|---------|---------|
|          |    acc64_fu_1081    |    2    |    0    |    27   |
|          |   mul_ln77_fu_1085  |    16   |    0    |    52   |
|          |  mul_ln77_1_fu_1090 |    16   |    0    |    52   |
|          |   mul_ln74_fu_1257  |    0    |    0    |    51   |
|    mul   |   mul_ln68_fu_1323  |    0    |    0    |    41   |
|          |   mul_ln79_fu_1379  |    0    |    0    |    51   |
|          |  mul_ln77_2_fu_1407 |    0    |    0    |    51   |
|          |   mul_ln82_fu_1636  |    0    |    0    |    51   |
|          |  mul_ln82_4_fu_1666 |    0    |    0    |    51   |
|----------|---------------------|---------|---------|---------|
|          |   add_ln68_fu_1130  |    0    |    0    |    14   |
|          |  add_ln68_1_fu_1164 |    0    |    0    |    14   |
|          |   add_ln69_fu_1198  |    0    |    0    |    13   |
|          |   add_ln74_fu_1230  |    0    |    0    |    14   |
|          |  add_ln74_1_fu_1242 |    0    |    0    |    14   |
|          |  add_ln74_2_fu_1309 |    0    |    0    |    14   |
|    add   |     x_46_fu_1553    |    0    |    0    |    15   |
|          |      x_fu_1615      |    0    |    0    |    15   |
|          |     x_47_fu_1645    |    0    |    0    |    15   |
|          |  add_ln82_1_fu_1675 |    0    |    0    |    24   |
|          |    acc_2_fu_1689    |    0    |    0    |    25   |
|          |   add_ln10_fu_1704  |    0    |    0    |    14   |
|          |   acc64_2_fu_1765   |    0    |    0    |    56   |
|----------|---------------------|---------|---------|---------|
|   urem   |     grp_fu_1170     |    0    |   130   |    79   |
|----------|---------------------|---------|---------|---------|
|   ashr   |     res_fu_1773     |    0    |    0    |   151   |
|----------|---------------------|---------|---------|---------|
|          |    tmp_1_fu_1437    |    0    |    0    |    25   |
|          |    tmp_2_fu_1464    |    0    |    0    |    25   |
| sparsemux|    tmp_3_fu_1495    |    0    |    0    |    25   |
|          |    tmp_4_fu_1522    |    0    |    0    |    25   |
|          |    tmp_5_fu_1578    |    0    |    0    |    25   |
|----------|---------------------|---------|---------|---------|
|          |  icmp_ln68_fu_1124  |    0    |    0    |    14   |
|          |  icmp_ln69_fu_1142  |    0    |    0    |    13   |
|   icmp   |  icmp_ln77_fu_1236  |    0    |    0    |    15   |
|          | icmp_ln77_1_fu_1248 |    0    |    0    |    15   |
|          | icmp_ln77_2_fu_1314 |    0    |    0    |    14   |
|          |  icmp_ln20_fu_1809  |    0    |    0    |    14   |
|----------|---------------------|---------|---------|---------|
|          | select_ln68_fu_1148 |    0    |    0    |    4    |
|          |    empty_fu_1156    |    0    |    0    |    6    |
|          |     x_3_fu_1559     |    0    |    0    |    9    |
|  select  |     x_1_fu_1621     |    0    |    0    |    9    |
|          |     x_7_fu_1651     |    0    |    0    |    9    |
|          |    res_2_fu_1791    |    0    |    0    |    13   |
|          | select_ln20_fu_1819 |    0    |    0    |    7    |
|----------|---------------------|---------|---------|---------|
|    shl   |   shl_ln10_fu_1713  |    0    |    0    |    13   |
|----------|---------------------|---------|---------|---------|
| addmuladd|     grp_fu_1867     |    1    |    0    |    0    |
|          |     grp_fu_1887     |    1    |    0    |    0    |
|----------|---------------------|---------|---------|---------|
|  muladd  |     grp_fu_1878     |    1    |    0    |    0    |
|----------|---------------------|---------|---------|---------|
|  switch  |     grp_fu_1095     |    0    |    0    |    0    |
|          | switch_ln85_fu_1180 |    0    |    0    |    0    |
|----------|---------------------|---------|---------|---------|
|          |  trunc_ln69_fu_1176 |    0    |    0    |    0    |
|   trunc  |  trunc_ln68_fu_1339 |    0    |    0    |    0    |
|          |  trunc_ln13_fu_1779 |    0    |    0    |    0    |
|          |  trunc_ln22_fu_1815 |    0    |    0    |    0    |
|----------|---------------------|---------|---------|---------|
|bitconcatenate|    shl_ln_fu_1219   |    0    |    0    |    0    |
|          |    or_ln_fu_1368    |    0    |    0    |    0    |
|----------|---------------------|---------|---------|---------|
|          |  zext_ln74_fu_1226  |    0    |    0    |    0    |
|          | zext_ln74_2_fu_1254 |    0    |    0    |    0    |
|          | zext_ln77_1_fu_1276 |    0    |    0    |    0    |
|          | zext_ln77_3_fu_1294 |    0    |    0    |    0    |
|          |  zext_ln68_fu_1320  |    0    |    0    |    0    |
|          | zext_ln74_1_fu_1344 |    0    |    0    |    0    |
|          | zext_ln77_2_fu_1352 |    0    |    0    |    0    |
|          | zext_ln77_4_fu_1360 |    0    |    0    |    0    |
|   zext   | zext_ln79_1_fu_1375 |    0    |    0    |    0    |
|          |  zext_ln79_fu_1395  |    0    |    0    |    0    |
|          | zext_ln77_5_fu_1404 |    0    |    0    |    0    |
|          |  zext_ln77_fu_1423  |    0    |    0    |    0    |
|          |  zext_ln69_fu_1432  |    0    |    0    |    0    |
|          |   zext_ln6_fu_1700  |    0    |    0    |    0    |
|          |  zext_ln10_fu_1709  |    0    |    0    |    0    |
|          | zext_ln68_1_fu_1719 |    0    |    0    |    0    |
|          | zext_ln10_1_fu_1762 |    0    |    0    |    0    |
|          |  zext_ln13_fu_1770  |    0    |    0    |    0    |
|----------|---------------------|---------|---------|---------|
|          |    tmp_8_fu_1263    |    0    |    0    |    0    |
|          |    tmp_9_fu_1281    |    0    |    0    |    0    |
|          |    tmp_10_fu_1299   |    0    |    0    |    0    |
|partselect|     tmp_fu_1329     |    0    |    0    |    0    |
|          |    tmp_11_fu_1385   |    0    |    0    |    0    |
|          |    tmp_12_fu_1413   |    0    |    0    |    0    |
|          |    tmp_14_fu_1799   |    0    |    0    |    0    |
|----------|---------------------|---------|---------|---------|
|          |  sext_ln77_fu_1273  |    0    |    0    |    0    |
|          | sext_ln77_1_fu_1291 |    0    |    0    |    0    |
|          | sext_ln79_2_fu_1491 |    0    |    0    |    0    |
|          | sext_ln79_4_fu_1549 |    0    |    0    |    0    |
|          | sext_ln75_1_fu_1566 |    0    |    0    |    0    |
|          | sext_ln75_2_fu_1570 |    0    |    0    |    0    |
|          | sext_ln82_1_fu_1574 |    0    |    0    |    0    |
|          |  sext_ln79_fu_1605  |    0    |    0    |    0    |
|          | sext_ln75_3_fu_1608 |    0    |    0    |    0    |
|   sext   | sext_ln79_3_fu_1612 |    0    |    0    |    0    |
|          |  sext_ln75_fu_1628  |    0    |    0    |    0    |
|          |  sext_ln82_fu_1632  |    0    |    0    |    0    |
|          | sext_ln79_5_fu_1642 |    0    |    0    |    0    |
|          | sext_ln75_4_fu_1658 |    0    |    0    |    0    |
|          | sext_ln82_3_fu_1662 |    0    |    0    |    0    |
|          |  sext_ln71_fu_1672  |    0    |    0    |    0    |
|          | sext_ln82_5_fu_1680 |    0    |    0    |    0    |
|          | sext_ln82_4_fu_1683 |    0    |    0    |    0    |
|          | sext_ln82_6_fu_1686 |    0    |    0    |    0    |
|          |   sext_ln6_fu_1695  |    0    |    0    |    0    |
|----------|---------------------|---------|---------|---------|
| bitselect|    tmp_13_fu_1783   |    0    |    0    |    0    |
|----------|---------------------|---------|---------|---------|
|   Total  |                     |    37   |   130   |   1184  |
|----------|---------------------|---------|---------|---------|

Memories:
N/A

* Register list:
+----------------------------------+--------+
|                                  |   FF   |
+----------------------------------+--------+
|          acc64_reg_2251          |   49   |
|           acc_reg_2215           |   13   |
|        add_ln68_1_reg_1928       |    6   |
|        add_ln74_1_reg_1956       |    8   |
|        add_ln74_2_reg_1981       |    7   |
|         add_ln74_reg_1946        |    8   |
|        add_ln82_1_reg_2241       |   17   |
|     conv1_bias_addr_reg_2185     |    3   |
|  conv1_multiplier_addr_reg_2205  |    3   |
|  conv1_multiplier_load_reg_2230  |   30   |
|     conv1_shift_addr_reg_2210    |    3   |
|     conv1_shift_load_reg_2235    |    6   |
|        icmp_ln68_reg_1919        |    1   |
|       icmp_ln77_1_reg_1961       |    1   |
|       icmp_ln77_2_reg_1986       |    1   |
|        icmp_ln77_reg_1951        |    1   |
|      indvar_flatten_reg_1912     |    9   |
|    local_ecg_1_addr_1_reg_2035   |    5   |
|    local_ecg_1_addr_2_reg_2060   |    5   |
|    local_ecg_1_addr_3_reg_2085   |    5   |
|    local_ecg_1_addr_4_reg_2110   |    5   |
|     local_ecg_1_addr_reg_2010    |    5   |
|    local_ecg_2_addr_1_reg_2040   |    5   |
|    local_ecg_2_addr_2_reg_2065   |    5   |
|    local_ecg_2_addr_3_reg_2090   |    5   |
|    local_ecg_2_addr_4_reg_2115   |    5   |
|     local_ecg_2_addr_reg_2015    |    5   |
|    local_ecg_3_addr_1_reg_2045   |    5   |
|    local_ecg_3_addr_2_reg_2070   |    5   |
|    local_ecg_3_addr_3_reg_2095   |    5   |
|    local_ecg_3_addr_4_reg_2120   |    5   |
|     local_ecg_3_addr_reg_2020    |    5   |
|    local_ecg_4_addr_1_reg_2050   |    5   |
|    local_ecg_4_addr_2_reg_2075   |    5   |
|    local_ecg_4_addr_3_reg_2100   |    5   |
|    local_ecg_4_addr_4_reg_2125   |    5   |
|     local_ecg_4_addr_reg_2025    |    5   |
|     local_ecg_addr_1_reg_2030    |    5   |
|     local_ecg_addr_2_reg_2055    |    5   |
|     local_ecg_addr_3_reg_2080    |    5   |
|     local_ecg_addr_4_reg_2105    |    5   |
|      local_ecg_addr_reg_2005     |    5   |
|        mul_ln82_4_reg_2225       |   17   |
|         mul_ln82_reg_2220        |   17   |
|            oc_reg_1898           |    4   |
|         out_idx_reg_1905         |    6   |
|p_ZL12conv1_weight_0_addr_reg_2190|    3   |
|p_ZL12conv1_weight_1_addr_reg_2140|    3   |
|p_ZL12conv1_weight_2_addr_reg_2170|    3   |
|p_ZL12conv1_weight_3_addr_reg_2145|    3   |
|p_ZL12conv1_weight_4_addr_reg_2200|    3   |
|       select_ln68_reg_1923       |    4   |
|       sext_ln75_1_reg_2160       |   17   |
|       sext_ln75_2_reg_2165       |   17   |
|       sext_ln75_3_reg_2195       |   17   |
|       sext_ln82_1_reg_2175       |   17   |
|       sext_ln82_5_reg_2246       |   18   |
|         shl_ln10_reg_2256        |   37   |
|          shl_ln_reg_1940         |    7   |
|          tmp_10_reg_1976         |   62   |
|          tmp_1_reg_2150          |    8   |
|          tmp_3_reg_2155          |    8   |
|          tmp_5_reg_2180          |    8   |
|          tmp_8_reg_1966          |    5   |
|          tmp_9_reg_1971          |   62   |
|           tmp_reg_1991           |    4   |
|        trunc_ln68_reg_1996       |    3   |
|        trunc_ln69_reg_1936       |    3   |
|        zext_ln69_reg_2130        |   64   |
+----------------------------------+--------+
|               Total              |   711  |
+----------------------------------+--------+

* Multiplexer (MUX) list: 
|-------------------|------|------|------|--------||---------||---------||---------|
|        Comp       |  Pin | Size |  BW  | S x BW ||  Delay  ||    FF   ||   LUT   |
|-------------------|------|------|------|--------||---------||---------||---------|
| grp_access_fu_407 |  p0  |  10  |   5  |   50   ||    0    ||    53   |
| grp_access_fu_413 |  p0  |  10  |   5  |   50   ||    0    ||    53   |
| grp_access_fu_419 |  p0  |  10  |   5  |   50   ||    0    ||    53   |
| grp_access_fu_425 |  p0  |  10  |   5  |   50   ||    0    ||    53   |
| grp_access_fu_431 |  p0  |  10  |   5  |   50   ||    0    ||    53   |
| grp_access_fu_464 |  p0  |   2  |   3  |    6   ||    0    ||    9    |
| grp_access_fu_477 |  p0  |   2  |   3  |    6   ||    0    ||    9    |
| grp_access_fu_490 |  p0  |   2  |   3  |    6   ||    0    ||    9    |
| grp_access_fu_503 |  p0  |   2  |   3  |    6   ||    0    ||    9    |
| grp_access_fu_516 |  p0  |   2  |   3  |    6   ||    0    ||    9    |
| grp_access_fu_529 |  p0  |   2  |   3  |    6   ||    0    ||    9    |
| grp_access_fu_542 |  p0  |   2  |   3  |    6   ||    0    ||    9    |
| grp_access_fu_555 |  p0  |   2  |   3  |    6   ||    0    ||    9    |
|    grp_fu_1170    |  p0  |   2  |   6  |   12   ||    0    ||    9    |
|    grp_fu_1867    |  p1  |   3  |   8  |   24   ||    0    ||    14   |
|    grp_fu_1878    |  p0  |   3  |   9  |   27   ||    0    ||    14   |
|    grp_fu_1878    |  p1  |   2  |   8  |   16   ||    0    ||    9    |
|    grp_fu_1887    |  p0  |   2  |   8  |   16   ||    0    ||    9    |
|    grp_fu_1887    |  p1  |   2  |   8  |   16   ||    0    ||    9    |
|-------------------|------|------|------|--------||---------||---------||---------|
|       Total       |      |      |      |   409  || 35.1826 ||    0    ||   401   |
|-------------------|------|------|------|--------||---------||---------||---------|



* Summary:
+-----------+--------+--------+--------+--------+
|           |   DSP  |  Delay |   FF   |   LUT  |
+-----------+--------+--------+--------+--------+
|  Function |   37   |    -   |   130  |  1184  |
|   Memory  |    -   |    -   |    -   |    -   |
|Multiplexer|    -   |   35   |    0   |   401  |
|  Register |    -   |    -   |   711  |    -   |
+-----------+--------+--------+--------+--------+
|   Total   |   37   |   35   |   841  |  1585  |
+-----------+--------+--------+--------+--------+
