

================================================================
== Vitis HLS Report for 'tiny_ecg_inference_Pipeline_VITIS_LOOP_121_9_VITIS_LOOP_122_10'
================================================================
* Date:           Sat Sep  5 11:47:50 2026

* Version:        2026.1 (Build 6493734 on Jun 16 2026)
* Project:        tiny_ecg_hls
* Solution:       solution1 (Vivado IP Flow Target)
* Product family: zynq
* Target device:  xc7z020-clg484-1


================================================================
== Performance Estimates
================================================================
+ Timing: 
    * Summary: 
    +--------+----------+-----------+------------+
    |  Clock |  Target  | Estimated | Uncertainty|
    +--------+----------+-----------+------------+
    |ap_clk  |  20.00 ns|  14.335 ns|     5.40 ns|
    +--------+----------+-----------+------------+

+ Latency: 
    * Summary: 
    +---------+---------+----------+----------+-----+-----+-------------------+
    |  Latency (cycles) |  Latency (absolute) |  Interval |      Pipeline     |
    |   min   |   max   |    min   |    max   | min | max |        Type       |
    +---------+---------+----------+----------+-----+-----+-------------------+
    |      207|      207|  4.140 us|  4.140 us|    0|    0|  loop pipeline stp|
    +---------+---------+----------+----------+-----+-----+-------------------+

    + Detail: 
        * Instance: 
        N/A

        * Loop: 
        +--------------------------------------+---------+---------+----------+-----------+-----------+------+----------+
        |                                      |  Latency (cycles) | Iteration|  Initiation Interval  | Trip |          |
        |               Loop Name              |   min   |   max   |  Latency |  achieved |   target  | Count| Pipelined|
        +--------------------------------------+---------+---------+----------+-----------+-----------+------+----------+
        |- VITIS_LOOP_121_9_VITIS_LOOP_122_10  |      205|      205|        15|          1|          1|   192|       yes|
        +--------------------------------------+---------+---------+----------+-----------+-----------+------+----------+

============================================================
+ Verbose Summary: Synthesis Manager
============================================================
InlineROM: 1
ExposeGlobal: 0
============================================================
+ Verbose Summary: CDFG Model
============================================================
IsTopModel: 0
ResetActiveHigh: 1
IsCombinational: 0
IsDatapathOnly: 0
HasWiredReturn: 1
HasMFsm: 2
HasVarLatency: 1
IsPipeline: 0
IsRtlPipelined: 0
IsInstanceOverlapped: 0
IsDontTouch: 0
HasImplIP: 0
IsGatedGlobalClock: 0

+ Individual pipeline summary: 
  * Pipeline-0: initiation interval (II) = 1, depth = 15


============================================================
+ Verbose Summary: Schedule
============================================================
* Number of FSM states : 15
* Pipeline : 1
  Pipeline-0 : II = 1, D = 15, States = { 1 2 3 4 5 6 7 8 9 10 11 12 13 14 15 }
* Dataflow Pipeline: 0

* FSM state transitions: 
1 --> 2 
2 --> 3 
3 --> 4 
4 --> 5 
5 --> 6 
6 --> 7 
7 --> 8 
8 --> 9 
9 --> 10 
10 --> 11 
11 --> 12 
12 --> 13 
13 --> 14 
14 --> 15 
15 --> 

* FSM state operations: 

State 1 <SV = 0> <Delay = 7.95>
ST_1 : Operation 18 [1/1] (0.00ns)   --->   "%oc = alloca i32 1" [cnn_hls.cpp:122]   --->   Operation 18 'alloca' 'oc' <Predicate = true> <Delay = 0.00>
ST_1 : Operation 19 [1/1] (0.00ns)   --->   "%out_idx = alloca i32 1" [cnn_hls.cpp:121]   --->   Operation 19 'alloca' 'out_idx' <Predicate = true> <Delay = 0.00>
ST_1 : Operation 20 [1/1] (0.00ns)   --->   "%indvar_flatten13 = alloca i32 1"   --->   Operation 20 'alloca' 'indvar_flatten13' <Predicate = true> <Delay = 0.00>
ST_1 : Operation 21 [1/1] (1.58ns)   --->   "%store_ln0 = store i8 0, i8 %indvar_flatten13"   --->   Operation 21 'store' 'store_ln0' <Predicate = true> <Delay = 1.58>
ST_1 : Operation 22 [1/1] (1.58ns)   --->   "%store_ln121 = store i4 0, i4 %out_idx" [cnn_hls.cpp:121]   --->   Operation 22 'store' 'store_ln121' <Predicate = true> <Delay = 1.58>
ST_1 : Operation 23 [1/1] (1.58ns)   --->   "%store_ln122 = store i5 0, i5 %oc" [cnn_hls.cpp:122]   --->   Operation 23 'store' 'store_ln122' <Predicate = true> <Delay = 1.58>
ST_1 : Operation 24 [1/1] (0.00ns)   --->   "%br_ln0 = br void %VITIS_LOOP_126_11"   --->   Operation 24 'br' 'br_ln0' <Predicate = true> <Delay = 0.00>
ST_1 : Operation 25 [1/1] (0.00ns)   --->   "%indvar_flatten13_load = load i8 %indvar_flatten13" [cnn_hls.cpp:121]   --->   Operation 25 'load' 'indvar_flatten13_load' <Predicate = true> <Delay = 0.00>
ST_1 : Operation 26 [1/1] (1.91ns)   --->   "%icmp_ln121 = icmp_eq  i8 %indvar_flatten13_load, i8 192" [cnn_hls.cpp:121]   --->   Operation 26 'icmp' 'icmp_ln121' <Predicate = true> <Delay = 1.91> <CoreInst = "Cmp">   --->   Core 9 'Cmp' <Latency = 0> <II = 1> <Delay = 1.91> <FuncUnit> <Opcode : 'seteq' 'setne' 'setle' 'setge' 'setlt' 'setgt'> <InPorts = 2> <OutPorts = 1>
ST_1 : Operation 27 [1/1] (1.91ns)   --->   "%add_ln121 = add i8 %indvar_flatten13_load, i8 1" [cnn_hls.cpp:121]   --->   Operation 27 'add' 'add_ln121' <Predicate = true> <Delay = 1.91> <CoreInst = "Adder">   --->   Core 1 'Adder' <Latency = 0> <II = 1> <Delay = 1.91> <FuncUnit> <Opcode : 'add' 'sub'> <InPorts = 2> <OutPorts = 1>
ST_1 : Operation 28 [1/1] (0.00ns)   --->   "%br_ln121 = br i1 %icmp_ln121, void %for.inc180, void %for.inc200.preheader.exitStub" [cnn_hls.cpp:121]   --->   Operation 28 'br' 'br_ln121' <Predicate = true> <Delay = 0.00>
ST_1 : Operation 29 [1/1] (0.00ns)   --->   "%oc_load = load i5 %oc" [cnn_hls.cpp:122]   --->   Operation 29 'load' 'oc_load' <Predicate = (!icmp_ln121)> <Delay = 0.00>
ST_1 : Operation 30 [1/1] (0.00ns)   --->   "%out_idx_load = load i4 %out_idx" [cnn_hls.cpp:121]   --->   Operation 30 'load' 'out_idx_load' <Predicate = (!icmp_ln121)> <Delay = 0.00>
ST_1 : Operation 31 [1/1] (1.78ns)   --->   "%icmp_ln122 = icmp_eq  i5 %oc_load, i5 16" [cnn_hls.cpp:122]   --->   Operation 31 'icmp' 'icmp_ln122' <Predicate = (!icmp_ln121)> <Delay = 1.78> <CoreInst = "Cmp">   --->   Core 9 'Cmp' <Latency = 0> <II = 1> <Delay = 1.78> <FuncUnit> <Opcode : 'seteq' 'setne' 'setle' 'setge' 'setlt' 'setgt'> <InPorts = 2> <OutPorts = 1>
ST_1 : Operation 32 [1/1] (1.21ns)   --->   "%select_ln121 = select i1 %icmp_ln122, i5 0, i5 %oc_load" [cnn_hls.cpp:121]   --->   Operation 32 'select' 'select_ln121' <Predicate = (!icmp_ln121)> <Delay = 1.21> <CoreInst = "Sel">   --->   Core 73 'Sel' <Latency = 0> <II = 1> <Delay = 1.21> <FuncUnit> <Opcode : 'select'> <InPorts = 3> <OutPorts = 1>
ST_1 : Operation 33 [1/1] (0.00ns) (grouped into LUT with out node add_ln121_1)   --->   "%empty = select i1 %icmp_ln122, i4 1, i4 0" [cnn_hls.cpp:122]   --->   Operation 33 'select' 'empty' <Predicate = (!icmp_ln121)> <Delay = 0.00> <CoreInst = "Sel">   --->   Core 73 'Sel' <Latency = 0> <II = 1> <Delay = 0.99> <FuncUnit> <Opcode : 'select'> <InPorts = 3> <OutPorts = 1>
ST_1 : Operation 34 [1/1] (1.73ns) (out node of the LUT)   --->   "%add_ln121_1 = add i4 %out_idx_load, i4 %empty" [cnn_hls.cpp:121]   --->   Operation 34 'add' 'add_ln121_1' <Predicate = (!icmp_ln121)> <Delay = 1.73> <CoreInst = "Adder">   --->   Core 1 'Adder' <Latency = 0> <II = 1> <Delay = 1.73> <FuncUnit> <Opcode : 'add' 'sub'> <InPorts = 2> <OutPorts = 1>
ST_1 : Operation 35 [8/8] (2.36ns)   --->   "%urem_ln128 = urem i4 %add_ln121_1, i4 3" [cnn_hls.cpp:128]   --->   Operation 35 'urem' 'urem_ln128' <Predicate = (!icmp_ln121)> <Delay = 2.36> <CoreInst = "Divider">   --->   Core 6 'Divider' <Latency = 7> <II = 1> <Delay = 2.36> <FuncUnit> <Opcode : 'udiv' 'sdiv' 'urem' 'srem'> <InPorts = 2> <OutPorts = 1>
ST_1 : Operation 36 [1/1] (0.00ns)   --->   "%trunc_ln122 = trunc i5 %select_ln121" [cnn_hls.cpp:122]   --->   Operation 36 'trunc' 'trunc_ln122' <Predicate = (!icmp_ln121)> <Delay = 0.00>
ST_1 : Operation 37 [1/1] (1.73ns)   --->   "%switch_ln139 = switch i4 %trunc_ln122, void %arrayidx1762.case.15, i4 0, void %arrayidx1762.case.0, i4 1, void %arrayidx1762.case.1, i4 2, void %arrayidx1762.case.2, i4 3, void %arrayidx1762.case.3, i4 4, void %arrayidx1762.case.4, i4 5, void %arrayidx1762.case.5, i4 6, void %arrayidx1762.case.6, i4 7, void %arrayidx1762.case.7, i4 8, void %arrayidx1762.case.8, i4 9, void %arrayidx1762.case.9, i4 10, void %arrayidx1762.case.10, i4 11, void %arrayidx1762.case.11, i4 12, void %arrayidx1762.case.12, i4 13, void %arrayidx1762.case.13, i4 14, void %arrayidx1762.case.14" [cnn_hls.cpp:139]   --->   Operation 37 'switch' 'switch_ln139' <Predicate = (!icmp_ln121)> <Delay = 1.73>
ST_1 : Operation 38 [1/1] (1.78ns)   --->   "%add_ln122 = add i5 %select_ln121, i5 1" [cnn_hls.cpp:122]   --->   Operation 38 'add' 'add_ln122' <Predicate = (!icmp_ln121)> <Delay = 1.78> <CoreInst = "Adder">   --->   Core 1 'Adder' <Latency = 0> <II = 1> <Delay = 1.78> <FuncUnit> <Opcode : 'add' 'sub'> <InPorts = 2> <OutPorts = 1>
ST_1 : Operation 39 [1/1] (1.58ns)   --->   "%store_ln121 = store i8 %add_ln121, i8 %indvar_flatten13" [cnn_hls.cpp:121]   --->   Operation 39 'store' 'store_ln121' <Predicate = (!icmp_ln121)> <Delay = 1.58>
ST_1 : Operation 40 [1/1] (1.58ns)   --->   "%store_ln121 = store i4 %add_ln121_1, i4 %out_idx" [cnn_hls.cpp:121]   --->   Operation 40 'store' 'store_ln121' <Predicate = (!icmp_ln121)> <Delay = 1.58>
ST_1 : Operation 41 [1/1] (1.58ns)   --->   "%store_ln122 = store i5 %add_ln122, i5 %oc" [cnn_hls.cpp:122]   --->   Operation 41 'store' 'store_ln122' <Predicate = (!icmp_ln121)> <Delay = 1.58>
ST_1 : Operation 42 [1/1] (0.00ns)   --->   "%br_ln122 = br void %VITIS_LOOP_126_11" [cnn_hls.cpp:122]   --->   Operation 42 'br' 'br_ln122' <Predicate = (!icmp_ln121)> <Delay = 0.00>

State 2 <SV = 1> <Delay = 2.36>
ST_2 : Operation 43 [7/8] (2.36ns)   --->   "%urem_ln128 = urem i4 %add_ln121_1, i4 3" [cnn_hls.cpp:128]   --->   Operation 43 'urem' 'urem_ln128' <Predicate = true> <Delay = 2.36> <CoreInst = "Divider">   --->   Core 6 'Divider' <Latency = 7> <II = 1> <Delay = 2.36> <FuncUnit> <Opcode : 'udiv' 'sdiv' 'urem' 'srem'> <InPorts = 2> <OutPorts = 1>

State 3 <SV = 2> <Delay = 2.36>
ST_3 : Operation 44 [6/8] (2.36ns)   --->   "%urem_ln128 = urem i4 %add_ln121_1, i4 3" [cnn_hls.cpp:128]   --->   Operation 44 'urem' 'urem_ln128' <Predicate = true> <Delay = 2.36> <CoreInst = "Divider">   --->   Core 6 'Divider' <Latency = 7> <II = 1> <Delay = 2.36> <FuncUnit> <Opcode : 'udiv' 'sdiv' 'urem' 'srem'> <InPorts = 2> <OutPorts = 1>

State 4 <SV = 3> <Delay = 2.36>
ST_4 : Operation 45 [5/8] (2.36ns)   --->   "%urem_ln128 = urem i4 %add_ln121_1, i4 3" [cnn_hls.cpp:128]   --->   Operation 45 'urem' 'urem_ln128' <Predicate = true> <Delay = 2.36> <CoreInst = "Divider">   --->   Core 6 'Divider' <Latency = 7> <II = 1> <Delay = 2.36> <FuncUnit> <Opcode : 'udiv' 'sdiv' 'urem' 'srem'> <InPorts = 2> <OutPorts = 1>

State 5 <SV = 4> <Delay = 2.36>
ST_5 : Operation 46 [4/8] (2.36ns)   --->   "%urem_ln128 = urem i4 %add_ln121_1, i4 3" [cnn_hls.cpp:128]   --->   Operation 46 'urem' 'urem_ln128' <Predicate = true> <Delay = 2.36> <CoreInst = "Divider">   --->   Core 6 'Divider' <Latency = 7> <II = 1> <Delay = 2.36> <FuncUnit> <Opcode : 'udiv' 'sdiv' 'urem' 'srem'> <InPorts = 2> <OutPorts = 1>

State 6 <SV = 5> <Delay = 2.36>
ST_6 : Operation 47 [3/8] (2.36ns)   --->   "%urem_ln128 = urem i4 %add_ln121_1, i4 3" [cnn_hls.cpp:128]   --->   Operation 47 'urem' 'urem_ln128' <Predicate = true> <Delay = 2.36> <CoreInst = "Divider">   --->   Core 6 'Divider' <Latency = 7> <II = 1> <Delay = 2.36> <FuncUnit> <Opcode : 'udiv' 'sdiv' 'urem' 'srem'> <InPorts = 2> <OutPorts = 1>

State 7 <SV = 6> <Delay = 14.3>
ST_7 : Operation 48 [1/1] (0.00ns)   --->   "%shl_ln3 = bitconcatenate i5 @_ssdm_op_BitConcatenate.i5.i4.i1, i4 %add_ln121_1, i1 0" [cnn_hls.cpp:128]   --->   Operation 48 'bitconcatenate' 'shl_ln3' <Predicate = true> <Delay = 0.00>
ST_7 : Operation 49 [1/1] (0.00ns)   --->   "%zext_ln128 = zext i5 %shl_ln3" [cnn_hls.cpp:128]   --->   Operation 49 'zext' 'zext_ln128' <Predicate = true> <Delay = 0.00>
ST_7 : Operation 50 [1/1] (0.00ns)   --->   "%zext_ln128_2 = zext i5 %shl_ln3" [cnn_hls.cpp:128]   --->   Operation 50 'zext' 'zext_ln128_2' <Predicate = true> <Delay = 0.00>
ST_7 : Operation 51 [1/1] (3.74ns)   --->   "%mul_ln128 = mul i11 %zext_ln128_2, i11 43" [cnn_hls.cpp:128]   --->   Operation 51 'mul' 'mul_ln128' <Predicate = true> <Delay = 3.74> <CoreInst = "Multiplier">   --->   Core 3 'Multiplier' <Latency = 0> <II = 1> <Delay = 3.74> <FuncUnit> <Opcode : 'mul'> <InPorts = 2> <OutPorts = 1>
ST_7 : Operation 52 [1/1] (0.00ns)   --->   "%tmp = partselect i4 @_ssdm_op_PartSelect.i4.i11.i32.i32, i11 %mul_ln128, i32 7, i32 10" [cnn_hls.cpp:128]   --->   Operation 52 'partselect' 'tmp' <Predicate = true> <Delay = 0.00>
ST_7 : Operation 53 [2/8] (2.36ns)   --->   "%urem_ln128 = urem i4 %add_ln121_1, i4 3" [cnn_hls.cpp:128]   --->   Operation 53 'urem' 'urem_ln128' <Predicate = true> <Delay = 2.36> <CoreInst = "Divider">   --->   Core 6 'Divider' <Latency = 7> <II = 1> <Delay = 2.36> <FuncUnit> <Opcode : 'udiv' 'sdiv' 'urem' 'srem'> <InPorts = 2> <OutPorts = 1>
ST_7 : Operation 54 [1/1] (1.78ns)   --->   "%add_ln128 = add i6 %zext_ln128, i6 63" [cnn_hls.cpp:128]   --->   Operation 54 'add' 'add_ln128' <Predicate = true> <Delay = 1.78> <CoreInst = "Adder">   --->   Core 1 'Adder' <Latency = 0> <II = 1> <Delay = 1.78> <FuncUnit> <Opcode : 'add' 'sub'> <InPorts = 2> <OutPorts = 1>
ST_7 : Operation 55 [1/1] (0.00ns)   --->   "%sext_ln131 = sext i6 %add_ln128" [cnn_hls.cpp:131]   --->   Operation 55 'sext' 'sext_ln131' <Predicate = true> <Delay = 0.00>
ST_7 : Operation 56 [1/1] (0.00ns)   --->   "%zext_ln131_1 = zext i64 %sext_ln131" [cnn_hls.cpp:131]   --->   Operation 56 'zext' 'zext_ln131_1' <Predicate = true> <Delay = 0.00>
ST_7 : Operation 57 [1/1] (12.5ns)   --->   "%mul_ln131 = mul i129 %zext_ln131_1, i129 24595658764946068822" [cnn_hls.cpp:131]   --->   Operation 57 'mul' 'mul_ln131' <Predicate = true> <Delay = 12.5> <CoreInst = "Multiplier">   --->   Core 3 'Multiplier' <Latency = 0> <II = 1> <Delay = 12.5> <FuncUnit> <Opcode : 'mul'> <InPorts = 2> <OutPorts = 1>
ST_7 : Operation 58 [1/1] (0.00ns)   --->   "%tmp_27 = partselect i63 @_ssdm_op_PartSelect.i63.i129.i32.i32, i129 %mul_ln131, i32 66, i32 128" [cnn_hls.cpp:131]   --->   Operation 58 'partselect' 'tmp_27' <Predicate = true> <Delay = 0.00>
ST_7 : Operation 59 [1/1] (1.82ns)   --->   "%icmp_ln131 = icmp_ugt  i6 %add_ln128, i6 22" [cnn_hls.cpp:131]   --->   Operation 59 'icmp' 'icmp_ln131' <Predicate = true> <Delay = 1.82> <CoreInst = "Cmp">   --->   Core 9 'Cmp' <Latency = 0> <II = 1> <Delay = 1.82> <FuncUnit> <Opcode : 'seteq' 'setne' 'setle' 'setge' 'setlt' 'setgt'> <InPorts = 2> <OutPorts = 1>

State 8 <SV = 7> <Delay = 6.06>
ST_8 : Operation 60 [1/1] (0.00ns)   --->   "%zext_ln128_1 = zext i4 %tmp" [cnn_hls.cpp:128]   --->   Operation 60 'zext' 'zext_ln128_1' <Predicate = true> <Delay = 0.00>
ST_8 : Operation 61 [1/8] (2.36ns)   --->   "%urem_ln128 = urem i4 %add_ln121_1, i4 3" [cnn_hls.cpp:128]   --->   Operation 61 'urem' 'urem_ln128' <Predicate = true> <Delay = 2.36> <CoreInst = "Divider">   --->   Core 6 'Divider' <Latency = 7> <II = 1> <Delay = 2.36> <FuncUnit> <Opcode : 'udiv' 'sdiv' 'urem' 'srem'> <InPorts = 2> <OutPorts = 1>
ST_8 : Operation 62 [1/1] (0.00ns)   --->   "%trunc_ln128 = trunc i2 %urem_ln128" [cnn_hls.cpp:128]   --->   Operation 62 'trunc' 'trunc_ln128' <Predicate = true> <Delay = 0.00>
ST_8 : Operation 63 [1/1] (0.00ns)   --->   "%zext_ln131_2 = zext i63 %tmp_27" [cnn_hls.cpp:131]   --->   Operation 63 'zext' 'zext_ln131_2' <Predicate = true> <Delay = 0.00>
ST_8 : Operation 64 [1/1] (0.00ns)   --->   "%buffer_c2_addr = getelementptr i7 %buffer_c2, i64 0, i64 %zext_ln131_2" [cnn_hls.cpp:132]   --->   Operation 64 'getelementptr' 'buffer_c2_addr' <Predicate = (!icmp_ln131)> <Delay = 0.00>
ST_8 : Operation 65 [1/1] (0.00ns)   --->   "%buffer_c2_1_addr = getelementptr i7 %buffer_c2_1, i64 0, i64 %zext_ln131_2" [cnn_hls.cpp:132]   --->   Operation 65 'getelementptr' 'buffer_c2_1_addr' <Predicate = (!icmp_ln131)> <Delay = 0.00>
ST_8 : Operation 66 [1/1] (0.00ns)   --->   "%buffer_c2_2_addr = getelementptr i7 %buffer_c2_2, i64 0, i64 %zext_ln131_2" [cnn_hls.cpp:132]   --->   Operation 66 'getelementptr' 'buffer_c2_2_addr' <Predicate = (!icmp_ln131)> <Delay = 0.00>
ST_8 : Operation 67 [1/1] (0.00ns)   --->   "%buffer_c2_3_addr = getelementptr i7 %buffer_c2_3, i64 0, i64 %zext_ln131_2" [cnn_hls.cpp:132]   --->   Operation 67 'getelementptr' 'buffer_c2_3_addr' <Predicate = (!icmp_ln131)> <Delay = 0.00>
ST_8 : Operation 68 [1/1] (0.00ns)   --->   "%buffer_c2_4_addr = getelementptr i7 %buffer_c2_4, i64 0, i64 %zext_ln131_2" [cnn_hls.cpp:132]   --->   Operation 68 'getelementptr' 'buffer_c2_4_addr' <Predicate = (!icmp_ln131)> <Delay = 0.00>
ST_8 : Operation 69 [1/1] (0.00ns)   --->   "%buffer_c2_5_addr = getelementptr i7 %buffer_c2_5, i64 0, i64 %zext_ln131_2" [cnn_hls.cpp:132]   --->   Operation 69 'getelementptr' 'buffer_c2_5_addr' <Predicate = (!icmp_ln131)> <Delay = 0.00>
ST_8 : Operation 70 [1/1] (0.00ns)   --->   "%buffer_c2_6_addr = getelementptr i7 %buffer_c2_6, i64 0, i64 %zext_ln131_2" [cnn_hls.cpp:132]   --->   Operation 70 'getelementptr' 'buffer_c2_6_addr' <Predicate = (!icmp_ln131)> <Delay = 0.00>
ST_8 : Operation 71 [1/1] (0.00ns)   --->   "%buffer_c2_7_addr = getelementptr i7 %buffer_c2_7, i64 0, i64 %zext_ln131_2" [cnn_hls.cpp:132]   --->   Operation 71 'getelementptr' 'buffer_c2_7_addr' <Predicate = (!icmp_ln131)> <Delay = 0.00>
ST_8 : Operation 72 [1/1] (0.00ns)   --->   "%buffer_c2_8_addr = getelementptr i7 %buffer_c2_8, i64 0, i64 %zext_ln131_2" [cnn_hls.cpp:132]   --->   Operation 72 'getelementptr' 'buffer_c2_8_addr' <Predicate = (!icmp_ln131)> <Delay = 0.00>
ST_8 : Operation 73 [1/1] (0.00ns)   --->   "%buffer_c2_9_addr = getelementptr i7 %buffer_c2_9, i64 0, i64 %zext_ln131_2" [cnn_hls.cpp:132]   --->   Operation 73 'getelementptr' 'buffer_c2_9_addr' <Predicate = (!icmp_ln131)> <Delay = 0.00>
ST_8 : Operation 74 [1/1] (0.00ns)   --->   "%buffer_c2_10_addr = getelementptr i7 %buffer_c2_10, i64 0, i64 %zext_ln131_2" [cnn_hls.cpp:132]   --->   Operation 74 'getelementptr' 'buffer_c2_10_addr' <Predicate = (!icmp_ln131)> <Delay = 0.00>
ST_8 : Operation 75 [1/1] (0.00ns)   --->   "%buffer_c2_11_addr = getelementptr i7 %buffer_c2_11, i64 0, i64 %zext_ln131_2" [cnn_hls.cpp:132]   --->   Operation 75 'getelementptr' 'buffer_c2_11_addr' <Predicate = (!icmp_ln131)> <Delay = 0.00>
ST_8 : Operation 76 [1/1] (0.00ns)   --->   "%buffer_c2_12_addr = getelementptr i7 %buffer_c2_12, i64 0, i64 %zext_ln131_2" [cnn_hls.cpp:132]   --->   Operation 76 'getelementptr' 'buffer_c2_12_addr' <Predicate = (!icmp_ln131)> <Delay = 0.00>
ST_8 : Operation 77 [1/1] (0.00ns)   --->   "%buffer_c2_13_addr = getelementptr i7 %buffer_c2_13, i64 0, i64 %zext_ln131_2" [cnn_hls.cpp:132]   --->   Operation 77 'getelementptr' 'buffer_c2_13_addr' <Predicate = (!icmp_ln131)> <Delay = 0.00>
ST_8 : Operation 78 [1/1] (0.00ns)   --->   "%buffer_c2_14_addr = getelementptr i7 %buffer_c2_14, i64 0, i64 %zext_ln131_2" [cnn_hls.cpp:132]   --->   Operation 78 'getelementptr' 'buffer_c2_14_addr' <Predicate = (!icmp_ln131)> <Delay = 0.00>
ST_8 : Operation 79 [1/1] (0.00ns)   --->   "%buffer_c2_15_addr = getelementptr i7 %buffer_c2_15, i64 0, i64 %zext_ln131_2" [cnn_hls.cpp:132]   --->   Operation 79 'getelementptr' 'buffer_c2_15_addr' <Predicate = (!icmp_ln131)> <Delay = 0.00>
ST_8 : Operation 80 [1/1] (0.00ns)   --->   "%buffer_c2_16_addr = getelementptr i7 %buffer_c2_16, i64 0, i64 %zext_ln131_2" [cnn_hls.cpp:132]   --->   Operation 80 'getelementptr' 'buffer_c2_16_addr' <Predicate = (!icmp_ln131)> <Delay = 0.00>
ST_8 : Operation 81 [1/1] (0.00ns)   --->   "%buffer_c2_17_addr = getelementptr i7 %buffer_c2_17, i64 0, i64 %zext_ln131_2" [cnn_hls.cpp:132]   --->   Operation 81 'getelementptr' 'buffer_c2_17_addr' <Predicate = (!icmp_ln131)> <Delay = 0.00>
ST_8 : Operation 82 [1/1] (0.00ns)   --->   "%buffer_c2_18_addr = getelementptr i7 %buffer_c2_18, i64 0, i64 %zext_ln131_2" [cnn_hls.cpp:132]   --->   Operation 82 'getelementptr' 'buffer_c2_18_addr' <Predicate = (!icmp_ln131)> <Delay = 0.00>
ST_8 : Operation 83 [1/1] (0.00ns)   --->   "%buffer_c2_19_addr = getelementptr i7 %buffer_c2_19, i64 0, i64 %zext_ln131_2" [cnn_hls.cpp:132]   --->   Operation 83 'getelementptr' 'buffer_c2_19_addr' <Predicate = (!icmp_ln131)> <Delay = 0.00>
ST_8 : Operation 84 [1/1] (0.00ns)   --->   "%buffer_c2_20_addr = getelementptr i7 %buffer_c2_20, i64 0, i64 %zext_ln131_2" [cnn_hls.cpp:132]   --->   Operation 84 'getelementptr' 'buffer_c2_20_addr' <Predicate = (!icmp_ln131)> <Delay = 0.00>
ST_8 : Operation 85 [1/1] (0.00ns)   --->   "%buffer_c2_21_addr = getelementptr i7 %buffer_c2_21, i64 0, i64 %zext_ln131_2" [cnn_hls.cpp:132]   --->   Operation 85 'getelementptr' 'buffer_c2_21_addr' <Predicate = (!icmp_ln131)> <Delay = 0.00>
ST_8 : Operation 86 [1/1] (0.00ns)   --->   "%buffer_c2_22_addr = getelementptr i7 %buffer_c2_22, i64 0, i64 %zext_ln131_2" [cnn_hls.cpp:132]   --->   Operation 86 'getelementptr' 'buffer_c2_22_addr' <Predicate = (!icmp_ln131)> <Delay = 0.00>
ST_8 : Operation 87 [1/1] (0.00ns)   --->   "%buffer_c2_23_addr = getelementptr i7 %buffer_c2_23, i64 0, i64 %zext_ln131_2" [cnn_hls.cpp:132]   --->   Operation 87 'getelementptr' 'buffer_c2_23_addr' <Predicate = (!icmp_ln131)> <Delay = 0.00>
ST_8 : Operation 88 [1/1] (0.00ns)   --->   "%buffer_c2_24_addr = getelementptr i7 %buffer_c2_24, i64 0, i64 %zext_ln131_2" [cnn_hls.cpp:132]   --->   Operation 88 'getelementptr' 'buffer_c2_24_addr' <Predicate = (!icmp_ln131)> <Delay = 0.00>
ST_8 : Operation 89 [1/1] (0.00ns)   --->   "%buffer_c2_25_addr = getelementptr i7 %buffer_c2_25, i64 0, i64 %zext_ln131_2" [cnn_hls.cpp:132]   --->   Operation 89 'getelementptr' 'buffer_c2_25_addr' <Predicate = (!icmp_ln131)> <Delay = 0.00>
ST_8 : Operation 90 [1/1] (0.00ns)   --->   "%buffer_c2_26_addr = getelementptr i7 %buffer_c2_26, i64 0, i64 %zext_ln131_2" [cnn_hls.cpp:132]   --->   Operation 90 'getelementptr' 'buffer_c2_26_addr' <Predicate = (!icmp_ln131)> <Delay = 0.00>
ST_8 : Operation 91 [1/1] (0.00ns)   --->   "%buffer_c2_27_addr = getelementptr i7 %buffer_c2_27, i64 0, i64 %zext_ln131_2" [cnn_hls.cpp:132]   --->   Operation 91 'getelementptr' 'buffer_c2_27_addr' <Predicate = (!icmp_ln131)> <Delay = 0.00>
ST_8 : Operation 92 [1/1] (0.00ns)   --->   "%buffer_c2_28_addr = getelementptr i7 %buffer_c2_28, i64 0, i64 %zext_ln131_2" [cnn_hls.cpp:132]   --->   Operation 92 'getelementptr' 'buffer_c2_28_addr' <Predicate = (!icmp_ln131)> <Delay = 0.00>
ST_8 : Operation 93 [1/1] (0.00ns)   --->   "%buffer_c2_29_addr = getelementptr i7 %buffer_c2_29, i64 0, i64 %zext_ln131_2" [cnn_hls.cpp:132]   --->   Operation 93 'getelementptr' 'buffer_c2_29_addr' <Predicate = (!icmp_ln131)> <Delay = 0.00>
ST_8 : Operation 94 [1/1] (0.00ns)   --->   "%buffer_c2_30_addr = getelementptr i7 %buffer_c2_30, i64 0, i64 %zext_ln131_2" [cnn_hls.cpp:132]   --->   Operation 94 'getelementptr' 'buffer_c2_30_addr' <Predicate = (!icmp_ln131)> <Delay = 0.00>
ST_8 : Operation 95 [1/1] (0.00ns)   --->   "%buffer_c2_31_addr = getelementptr i7 %buffer_c2_31, i64 0, i64 %zext_ln131_2" [cnn_hls.cpp:132]   --->   Operation 95 'getelementptr' 'buffer_c2_31_addr' <Predicate = (!icmp_ln131)> <Delay = 0.00>
ST_8 : Operation 96 [1/1] (0.00ns)   --->   "%buffer_c2_32_addr = getelementptr i7 %buffer_c2_32, i64 0, i64 %zext_ln131_2" [cnn_hls.cpp:132]   --->   Operation 96 'getelementptr' 'buffer_c2_32_addr' <Predicate = (!icmp_ln131)> <Delay = 0.00>
ST_8 : Operation 97 [1/1] (0.00ns)   --->   "%buffer_c2_33_addr = getelementptr i7 %buffer_c2_33, i64 0, i64 %zext_ln131_2" [cnn_hls.cpp:132]   --->   Operation 97 'getelementptr' 'buffer_c2_33_addr' <Predicate = (!icmp_ln131)> <Delay = 0.00>
ST_8 : Operation 98 [1/1] (0.00ns)   --->   "%buffer_c2_34_addr = getelementptr i7 %buffer_c2_34, i64 0, i64 %zext_ln131_2" [cnn_hls.cpp:132]   --->   Operation 98 'getelementptr' 'buffer_c2_34_addr' <Predicate = (!icmp_ln131)> <Delay = 0.00>
ST_8 : Operation 99 [1/1] (0.00ns)   --->   "%buffer_c2_35_addr = getelementptr i7 %buffer_c2_35, i64 0, i64 %zext_ln131_2" [cnn_hls.cpp:132]   --->   Operation 99 'getelementptr' 'buffer_c2_35_addr' <Predicate = (!icmp_ln131)> <Delay = 0.00>
ST_8 : Operation 100 [1/1] (0.00ns)   --->   "%buffer_c2_36_addr = getelementptr i7 %buffer_c2_36, i64 0, i64 %zext_ln131_2" [cnn_hls.cpp:132]   --->   Operation 100 'getelementptr' 'buffer_c2_36_addr' <Predicate = (!icmp_ln131)> <Delay = 0.00>
ST_8 : Operation 101 [1/1] (0.00ns)   --->   "%buffer_c2_37_addr = getelementptr i7 %buffer_c2_37, i64 0, i64 %zext_ln131_2" [cnn_hls.cpp:132]   --->   Operation 101 'getelementptr' 'buffer_c2_37_addr' <Predicate = (!icmp_ln131)> <Delay = 0.00>
ST_8 : Operation 102 [1/1] (0.00ns)   --->   "%buffer_c2_38_addr = getelementptr i7 %buffer_c2_38, i64 0, i64 %zext_ln131_2" [cnn_hls.cpp:132]   --->   Operation 102 'getelementptr' 'buffer_c2_38_addr' <Predicate = (!icmp_ln131)> <Delay = 0.00>
ST_8 : Operation 103 [1/1] (0.00ns)   --->   "%buffer_c2_39_addr = getelementptr i7 %buffer_c2_39, i64 0, i64 %zext_ln131_2" [cnn_hls.cpp:132]   --->   Operation 103 'getelementptr' 'buffer_c2_39_addr' <Predicate = (!icmp_ln131)> <Delay = 0.00>
ST_8 : Operation 104 [1/1] (0.00ns)   --->   "%buffer_c2_40_addr = getelementptr i7 %buffer_c2_40, i64 0, i64 %zext_ln131_2" [cnn_hls.cpp:132]   --->   Operation 104 'getelementptr' 'buffer_c2_40_addr' <Predicate = (!icmp_ln131)> <Delay = 0.00>
ST_8 : Operation 105 [1/1] (0.00ns)   --->   "%buffer_c2_41_addr = getelementptr i7 %buffer_c2_41, i64 0, i64 %zext_ln131_2" [cnn_hls.cpp:132]   --->   Operation 105 'getelementptr' 'buffer_c2_41_addr' <Predicate = (!icmp_ln131)> <Delay = 0.00>
ST_8 : Operation 106 [1/1] (0.00ns)   --->   "%buffer_c2_42_addr = getelementptr i7 %buffer_c2_42, i64 0, i64 %zext_ln131_2" [cnn_hls.cpp:132]   --->   Operation 106 'getelementptr' 'buffer_c2_42_addr' <Predicate = (!icmp_ln131)> <Delay = 0.00>
ST_8 : Operation 107 [1/1] (0.00ns)   --->   "%buffer_c2_43_addr = getelementptr i7 %buffer_c2_43, i64 0, i64 %zext_ln131_2" [cnn_hls.cpp:132]   --->   Operation 107 'getelementptr' 'buffer_c2_43_addr' <Predicate = (!icmp_ln131)> <Delay = 0.00>
ST_8 : Operation 108 [1/1] (0.00ns)   --->   "%buffer_c2_44_addr = getelementptr i7 %buffer_c2_44, i64 0, i64 %zext_ln131_2" [cnn_hls.cpp:132]   --->   Operation 108 'getelementptr' 'buffer_c2_44_addr' <Predicate = (!icmp_ln131)> <Delay = 0.00>
ST_8 : Operation 109 [1/1] (0.00ns)   --->   "%buffer_c2_45_addr = getelementptr i7 %buffer_c2_45, i64 0, i64 %zext_ln131_2" [cnn_hls.cpp:132]   --->   Operation 109 'getelementptr' 'buffer_c2_45_addr' <Predicate = (!icmp_ln131)> <Delay = 0.00>
ST_8 : Operation 110 [1/1] (0.00ns)   --->   "%buffer_c2_46_addr = getelementptr i7 %buffer_c2_46, i64 0, i64 %zext_ln131_2" [cnn_hls.cpp:132]   --->   Operation 110 'getelementptr' 'buffer_c2_46_addr' <Predicate = (!icmp_ln131)> <Delay = 0.00>
ST_8 : Operation 111 [1/1] (0.00ns)   --->   "%buffer_c2_47_addr = getelementptr i7 %buffer_c2_47, i64 0, i64 %zext_ln131_2" [cnn_hls.cpp:132]   --->   Operation 111 'getelementptr' 'buffer_c2_47_addr' <Predicate = (!icmp_ln131)> <Delay = 0.00>
ST_8 : Operation 112 [1/1] (0.00ns)   --->   "%buffer_c2_addr_1 = getelementptr i7 %buffer_c2, i64 0, i64 %zext_ln128_1" [cnn_hls.cpp:132]   --->   Operation 112 'getelementptr' 'buffer_c2_addr_1' <Predicate = true> <Delay = 0.00>
ST_8 : Operation 113 [1/1] (0.00ns)   --->   "%buffer_c2_1_addr_1 = getelementptr i7 %buffer_c2_1, i64 0, i64 %zext_ln128_1" [cnn_hls.cpp:132]   --->   Operation 113 'getelementptr' 'buffer_c2_1_addr_1' <Predicate = true> <Delay = 0.00>
ST_8 : Operation 114 [1/1] (0.00ns)   --->   "%buffer_c2_2_addr_1 = getelementptr i7 %buffer_c2_2, i64 0, i64 %zext_ln128_1" [cnn_hls.cpp:132]   --->   Operation 114 'getelementptr' 'buffer_c2_2_addr_1' <Predicate = true> <Delay = 0.00>
ST_8 : Operation 115 [1/1] (0.00ns)   --->   "%buffer_c2_3_addr_1 = getelementptr i7 %buffer_c2_3, i64 0, i64 %zext_ln128_1" [cnn_hls.cpp:132]   --->   Operation 115 'getelementptr' 'buffer_c2_3_addr_1' <Predicate = true> <Delay = 0.00>
ST_8 : Operation 116 [1/1] (0.00ns)   --->   "%buffer_c2_4_addr_1 = getelementptr i7 %buffer_c2_4, i64 0, i64 %zext_ln128_1" [cnn_hls.cpp:132]   --->   Operation 116 'getelementptr' 'buffer_c2_4_addr_1' <Predicate = true> <Delay = 0.00>
ST_8 : Operation 117 [1/1] (0.00ns)   --->   "%buffer_c2_5_addr_1 = getelementptr i7 %buffer_c2_5, i64 0, i64 %zext_ln128_1" [cnn_hls.cpp:132]   --->   Operation 117 'getelementptr' 'buffer_c2_5_addr_1' <Predicate = true> <Delay = 0.00>
ST_8 : Operation 118 [1/1] (0.00ns)   --->   "%buffer_c2_6_addr_1 = getelementptr i7 %buffer_c2_6, i64 0, i64 %zext_ln128_1" [cnn_hls.cpp:132]   --->   Operation 118 'getelementptr' 'buffer_c2_6_addr_1' <Predicate = true> <Delay = 0.00>
ST_8 : Operation 119 [1/1] (0.00ns)   --->   "%buffer_c2_7_addr_1 = getelementptr i7 %buffer_c2_7, i64 0, i64 %zext_ln128_1" [cnn_hls.cpp:132]   --->   Operation 119 'getelementptr' 'buffer_c2_7_addr_1' <Predicate = true> <Delay = 0.00>
ST_8 : Operation 120 [1/1] (0.00ns)   --->   "%buffer_c2_8_addr_1 = getelementptr i7 %buffer_c2_8, i64 0, i64 %zext_ln128_1" [cnn_hls.cpp:132]   --->   Operation 120 'getelementptr' 'buffer_c2_8_addr_1' <Predicate = true> <Delay = 0.00>
ST_8 : Operation 121 [1/1] (0.00ns)   --->   "%buffer_c2_9_addr_1 = getelementptr i7 %buffer_c2_9, i64 0, i64 %zext_ln128_1" [cnn_hls.cpp:132]   --->   Operation 121 'getelementptr' 'buffer_c2_9_addr_1' <Predicate = true> <Delay = 0.00>
ST_8 : Operation 122 [1/1] (0.00ns)   --->   "%buffer_c2_10_addr_1 = getelementptr i7 %buffer_c2_10, i64 0, i64 %zext_ln128_1" [cnn_hls.cpp:132]   --->   Operation 122 'getelementptr' 'buffer_c2_10_addr_1' <Predicate = true> <Delay = 0.00>
ST_8 : Operation 123 [1/1] (0.00ns)   --->   "%buffer_c2_11_addr_1 = getelementptr i7 %buffer_c2_11, i64 0, i64 %zext_ln128_1" [cnn_hls.cpp:132]   --->   Operation 123 'getelementptr' 'buffer_c2_11_addr_1' <Predicate = true> <Delay = 0.00>
ST_8 : Operation 124 [1/1] (0.00ns)   --->   "%buffer_c2_12_addr_1 = getelementptr i7 %buffer_c2_12, i64 0, i64 %zext_ln128_1" [cnn_hls.cpp:132]   --->   Operation 124 'getelementptr' 'buffer_c2_12_addr_1' <Predicate = true> <Delay = 0.00>
ST_8 : Operation 125 [1/1] (0.00ns)   --->   "%buffer_c2_13_addr_1 = getelementptr i7 %buffer_c2_13, i64 0, i64 %zext_ln128_1" [cnn_hls.cpp:132]   --->   Operation 125 'getelementptr' 'buffer_c2_13_addr_1' <Predicate = true> <Delay = 0.00>
ST_8 : Operation 126 [1/1] (0.00ns)   --->   "%buffer_c2_14_addr_1 = getelementptr i7 %buffer_c2_14, i64 0, i64 %zext_ln128_1" [cnn_hls.cpp:132]   --->   Operation 126 'getelementptr' 'buffer_c2_14_addr_1' <Predicate = true> <Delay = 0.00>
ST_8 : Operation 127 [1/1] (0.00ns)   --->   "%buffer_c2_15_addr_1 = getelementptr i7 %buffer_c2_15, i64 0, i64 %zext_ln128_1" [cnn_hls.cpp:132]   --->   Operation 127 'getelementptr' 'buffer_c2_15_addr_1' <Predicate = true> <Delay = 0.00>
ST_8 : Operation 128 [1/1] (0.00ns)   --->   "%buffer_c2_16_addr_1 = getelementptr i7 %buffer_c2_16, i64 0, i64 %zext_ln128_1" [cnn_hls.cpp:132]   --->   Operation 128 'getelementptr' 'buffer_c2_16_addr_1' <Predicate = true> <Delay = 0.00>
ST_8 : Operation 129 [1/1] (0.00ns)   --->   "%buffer_c2_17_addr_1 = getelementptr i7 %buffer_c2_17, i64 0, i64 %zext_ln128_1" [cnn_hls.cpp:132]   --->   Operation 129 'getelementptr' 'buffer_c2_17_addr_1' <Predicate = true> <Delay = 0.00>
ST_8 : Operation 130 [1/1] (0.00ns)   --->   "%buffer_c2_18_addr_1 = getelementptr i7 %buffer_c2_18, i64 0, i64 %zext_ln128_1" [cnn_hls.cpp:132]   --->   Operation 130 'getelementptr' 'buffer_c2_18_addr_1' <Predicate = true> <Delay = 0.00>
ST_8 : Operation 131 [1/1] (0.00ns)   --->   "%buffer_c2_19_addr_1 = getelementptr i7 %buffer_c2_19, i64 0, i64 %zext_ln128_1" [cnn_hls.cpp:132]   --->   Operation 131 'getelementptr' 'buffer_c2_19_addr_1' <Predicate = true> <Delay = 0.00>
ST_8 : Operation 132 [1/1] (0.00ns)   --->   "%buffer_c2_20_addr_1 = getelementptr i7 %buffer_c2_20, i64 0, i64 %zext_ln128_1" [cnn_hls.cpp:132]   --->   Operation 132 'getelementptr' 'buffer_c2_20_addr_1' <Predicate = true> <Delay = 0.00>
ST_8 : Operation 133 [1/1] (0.00ns)   --->   "%buffer_c2_21_addr_1 = getelementptr i7 %buffer_c2_21, i64 0, i64 %zext_ln128_1" [cnn_hls.cpp:132]   --->   Operation 133 'getelementptr' 'buffer_c2_21_addr_1' <Predicate = true> <Delay = 0.00>
ST_8 : Operation 134 [1/1] (0.00ns)   --->   "%buffer_c2_22_addr_1 = getelementptr i7 %buffer_c2_22, i64 0, i64 %zext_ln128_1" [cnn_hls.cpp:132]   --->   Operation 134 'getelementptr' 'buffer_c2_22_addr_1' <Predicate = true> <Delay = 0.00>
ST_8 : Operation 135 [1/1] (0.00ns)   --->   "%buffer_c2_23_addr_1 = getelementptr i7 %buffer_c2_23, i64 0, i64 %zext_ln128_1" [cnn_hls.cpp:132]   --->   Operation 135 'getelementptr' 'buffer_c2_23_addr_1' <Predicate = true> <Delay = 0.00>
ST_8 : Operation 136 [1/1] (0.00ns)   --->   "%buffer_c2_24_addr_1 = getelementptr i7 %buffer_c2_24, i64 0, i64 %zext_ln128_1" [cnn_hls.cpp:132]   --->   Operation 136 'getelementptr' 'buffer_c2_24_addr_1' <Predicate = true> <Delay = 0.00>
ST_8 : Operation 137 [1/1] (0.00ns)   --->   "%buffer_c2_25_addr_1 = getelementptr i7 %buffer_c2_25, i64 0, i64 %zext_ln128_1" [cnn_hls.cpp:132]   --->   Operation 137 'getelementptr' 'buffer_c2_25_addr_1' <Predicate = true> <Delay = 0.00>
ST_8 : Operation 138 [1/1] (0.00ns)   --->   "%buffer_c2_26_addr_1 = getelementptr i7 %buffer_c2_26, i64 0, i64 %zext_ln128_1" [cnn_hls.cpp:132]   --->   Operation 138 'getelementptr' 'buffer_c2_26_addr_1' <Predicate = true> <Delay = 0.00>
ST_8 : Operation 139 [1/1] (0.00ns)   --->   "%buffer_c2_27_addr_1 = getelementptr i7 %buffer_c2_27, i64 0, i64 %zext_ln128_1" [cnn_hls.cpp:132]   --->   Operation 139 'getelementptr' 'buffer_c2_27_addr_1' <Predicate = true> <Delay = 0.00>
ST_8 : Operation 140 [1/1] (0.00ns)   --->   "%buffer_c2_28_addr_1 = getelementptr i7 %buffer_c2_28, i64 0, i64 %zext_ln128_1" [cnn_hls.cpp:132]   --->   Operation 140 'getelementptr' 'buffer_c2_28_addr_1' <Predicate = true> <Delay = 0.00>
ST_8 : Operation 141 [1/1] (0.00ns)   --->   "%buffer_c2_29_addr_1 = getelementptr i7 %buffer_c2_29, i64 0, i64 %zext_ln128_1" [cnn_hls.cpp:132]   --->   Operation 141 'getelementptr' 'buffer_c2_29_addr_1' <Predicate = true> <Delay = 0.00>
ST_8 : Operation 142 [1/1] (0.00ns)   --->   "%buffer_c2_30_addr_1 = getelementptr i7 %buffer_c2_30, i64 0, i64 %zext_ln128_1" [cnn_hls.cpp:132]   --->   Operation 142 'getelementptr' 'buffer_c2_30_addr_1' <Predicate = true> <Delay = 0.00>
ST_8 : Operation 143 [1/1] (0.00ns)   --->   "%buffer_c2_31_addr_1 = getelementptr i7 %buffer_c2_31, i64 0, i64 %zext_ln128_1" [cnn_hls.cpp:132]   --->   Operation 143 'getelementptr' 'buffer_c2_31_addr_1' <Predicate = true> <Delay = 0.00>
ST_8 : Operation 144 [1/1] (0.00ns)   --->   "%buffer_c2_32_addr_1 = getelementptr i7 %buffer_c2_32, i64 0, i64 %zext_ln128_1" [cnn_hls.cpp:132]   --->   Operation 144 'getelementptr' 'buffer_c2_32_addr_1' <Predicate = true> <Delay = 0.00>
ST_8 : Operation 145 [1/1] (0.00ns)   --->   "%buffer_c2_33_addr_1 = getelementptr i7 %buffer_c2_33, i64 0, i64 %zext_ln128_1" [cnn_hls.cpp:132]   --->   Operation 145 'getelementptr' 'buffer_c2_33_addr_1' <Predicate = true> <Delay = 0.00>
ST_8 : Operation 146 [1/1] (0.00ns)   --->   "%buffer_c2_34_addr_1 = getelementptr i7 %buffer_c2_34, i64 0, i64 %zext_ln128_1" [cnn_hls.cpp:132]   --->   Operation 146 'getelementptr' 'buffer_c2_34_addr_1' <Predicate = true> <Delay = 0.00>
ST_8 : Operation 147 [1/1] (0.00ns)   --->   "%buffer_c2_35_addr_1 = getelementptr i7 %buffer_c2_35, i64 0, i64 %zext_ln128_1" [cnn_hls.cpp:132]   --->   Operation 147 'getelementptr' 'buffer_c2_35_addr_1' <Predicate = true> <Delay = 0.00>
ST_8 : Operation 148 [1/1] (0.00ns)   --->   "%buffer_c2_36_addr_1 = getelementptr i7 %buffer_c2_36, i64 0, i64 %zext_ln128_1" [cnn_hls.cpp:132]   --->   Operation 148 'getelementptr' 'buffer_c2_36_addr_1' <Predicate = true> <Delay = 0.00>
ST_8 : Operation 149 [1/1] (0.00ns)   --->   "%buffer_c2_37_addr_1 = getelementptr i7 %buffer_c2_37, i64 0, i64 %zext_ln128_1" [cnn_hls.cpp:132]   --->   Operation 149 'getelementptr' 'buffer_c2_37_addr_1' <Predicate = true> <Delay = 0.00>
ST_8 : Operation 150 [1/1] (0.00ns)   --->   "%buffer_c2_38_addr_1 = getelementptr i7 %buffer_c2_38, i64 0, i64 %zext_ln128_1" [cnn_hls.cpp:132]   --->   Operation 150 'getelementptr' 'buffer_c2_38_addr_1' <Predicate = true> <Delay = 0.00>
ST_8 : Operation 151 [1/1] (0.00ns)   --->   "%buffer_c2_39_addr_1 = getelementptr i7 %buffer_c2_39, i64 0, i64 %zext_ln128_1" [cnn_hls.cpp:132]   --->   Operation 151 'getelementptr' 'buffer_c2_39_addr_1' <Predicate = true> <Delay = 0.00>
ST_8 : Operation 152 [1/1] (0.00ns)   --->   "%buffer_c2_40_addr_1 = getelementptr i7 %buffer_c2_40, i64 0, i64 %zext_ln128_1" [cnn_hls.cpp:132]   --->   Operation 152 'getelementptr' 'buffer_c2_40_addr_1' <Predicate = true> <Delay = 0.00>
ST_8 : Operation 153 [1/1] (0.00ns)   --->   "%buffer_c2_41_addr_1 = getelementptr i7 %buffer_c2_41, i64 0, i64 %zext_ln128_1" [cnn_hls.cpp:132]   --->   Operation 153 'getelementptr' 'buffer_c2_41_addr_1' <Predicate = true> <Delay = 0.00>
ST_8 : Operation 154 [1/1] (0.00ns)   --->   "%buffer_c2_42_addr_1 = getelementptr i7 %buffer_c2_42, i64 0, i64 %zext_ln128_1" [cnn_hls.cpp:132]   --->   Operation 154 'getelementptr' 'buffer_c2_42_addr_1' <Predicate = true> <Delay = 0.00>
ST_8 : Operation 155 [1/1] (0.00ns)   --->   "%buffer_c2_43_addr_1 = getelementptr i7 %buffer_c2_43, i64 0, i64 %zext_ln128_1" [cnn_hls.cpp:132]   --->   Operation 155 'getelementptr' 'buffer_c2_43_addr_1' <Predicate = true> <Delay = 0.00>
ST_8 : Operation 156 [1/1] (0.00ns)   --->   "%buffer_c2_44_addr_1 = getelementptr i7 %buffer_c2_44, i64 0, i64 %zext_ln128_1" [cnn_hls.cpp:132]   --->   Operation 156 'getelementptr' 'buffer_c2_44_addr_1' <Predicate = true> <Delay = 0.00>
ST_8 : Operation 157 [1/1] (0.00ns)   --->   "%buffer_c2_45_addr_1 = getelementptr i7 %buffer_c2_45, i64 0, i64 %zext_ln128_1" [cnn_hls.cpp:132]   --->   Operation 157 'getelementptr' 'buffer_c2_45_addr_1' <Predicate = true> <Delay = 0.00>
ST_8 : Operation 158 [1/1] (0.00ns)   --->   "%buffer_c2_46_addr_1 = getelementptr i7 %buffer_c2_46, i64 0, i64 %zext_ln128_1" [cnn_hls.cpp:132]   --->   Operation 158 'getelementptr' 'buffer_c2_46_addr_1' <Predicate = true> <Delay = 0.00>
ST_8 : Operation 159 [1/1] (0.00ns)   --->   "%buffer_c2_47_addr_1 = getelementptr i7 %buffer_c2_47, i64 0, i64 %zext_ln128_1" [cnn_hls.cpp:132]   --->   Operation 159 'getelementptr' 'buffer_c2_47_addr_1' <Predicate = true> <Delay = 0.00>
ST_8 : Operation 160 [1/1] (0.00ns)   --->   "%or_ln3 = bitconcatenate i5 @_ssdm_op_BitConcatenate.i5.i4.i1, i4 %add_ln121_1, i1 1" [cnn_hls.cpp:128]   --->   Operation 160 'bitconcatenate' 'or_ln3' <Predicate = true> <Delay = 0.00>
ST_8 : Operation 161 [1/1] (0.00ns)   --->   "%zext_ln131_3 = zext i5 %or_ln3" [cnn_hls.cpp:131]   --->   Operation 161 'zext' 'zext_ln131_3' <Predicate = true> <Delay = 0.00>
ST_8 : Operation 162 [1/1] (3.74ns)   --->   "%mul_ln131_1 = mul i11 %zext_ln131_3, i11 43" [cnn_hls.cpp:131]   --->   Operation 162 'mul' 'mul_ln131_1' <Predicate = true> <Delay = 3.74> <CoreInst = "Multiplier">   --->   Core 3 'Multiplier' <Latency = 0> <II = 1> <Delay = 3.74> <FuncUnit> <Opcode : 'mul'> <InPorts = 2> <OutPorts = 1>
ST_8 : Operation 163 [1/1] (0.00ns)   --->   "%tmp_28 = partselect i4 @_ssdm_op_PartSelect.i4.i11.i32.i32, i11 %mul_ln131_1, i32 7, i32 10" [cnn_hls.cpp:131]   --->   Operation 163 'partselect' 'tmp_28' <Predicate = true> <Delay = 0.00>
ST_8 : Operation 164 [1/1] (0.00ns)   --->   "%zext_ln131 = zext i4 %tmp_28" [cnn_hls.cpp:131]   --->   Operation 164 'zext' 'zext_ln131' <Predicate = true> <Delay = 0.00>
ST_8 : Operation 165 [1/1] (1.78ns)   --->   "%icmp_ln131_1 = icmp_ugt  i5 %or_ln3, i5 22" [cnn_hls.cpp:131]   --->   Operation 165 'icmp' 'icmp_ln131_1' <Predicate = true> <Delay = 1.78> <CoreInst = "Cmp">   --->   Core 9 'Cmp' <Latency = 0> <II = 1> <Delay = 1.78> <FuncUnit> <Opcode : 'seteq' 'setne' 'setle' 'setge' 'setlt' 'setgt'> <InPorts = 2> <OutPorts = 1>
ST_8 : Operation 166 [1/1] (0.00ns)   --->   "%buffer_c2_addr_2 = getelementptr i7 %buffer_c2, i64 0, i64 %zext_ln131" [cnn_hls.cpp:132]   --->   Operation 166 'getelementptr' 'buffer_c2_addr_2' <Predicate = true> <Delay = 0.00>
ST_8 : Operation 167 [1/1] (0.00ns)   --->   "%buffer_c2_1_addr_2 = getelementptr i7 %buffer_c2_1, i64 0, i64 %zext_ln131" [cnn_hls.cpp:132]   --->   Operation 167 'getelementptr' 'buffer_c2_1_addr_2' <Predicate = true> <Delay = 0.00>
ST_8 : Operation 168 [1/1] (0.00ns)   --->   "%buffer_c2_2_addr_2 = getelementptr i7 %buffer_c2_2, i64 0, i64 %zext_ln131" [cnn_hls.cpp:132]   --->   Operation 168 'getelementptr' 'buffer_c2_2_addr_2' <Predicate = true> <Delay = 0.00>
ST_8 : Operation 169 [1/1] (0.00ns)   --->   "%buffer_c2_3_addr_2 = getelementptr i7 %buffer_c2_3, i64 0, i64 %zext_ln131" [cnn_hls.cpp:132]   --->   Operation 169 'getelementptr' 'buffer_c2_3_addr_2' <Predicate = true> <Delay = 0.00>
ST_8 : Operation 170 [1/1] (0.00ns)   --->   "%buffer_c2_4_addr_2 = getelementptr i7 %buffer_c2_4, i64 0, i64 %zext_ln131" [cnn_hls.cpp:132]   --->   Operation 170 'getelementptr' 'buffer_c2_4_addr_2' <Predicate = true> <Delay = 0.00>
ST_8 : Operation 171 [1/1] (0.00ns)   --->   "%buffer_c2_5_addr_2 = getelementptr i7 %buffer_c2_5, i64 0, i64 %zext_ln131" [cnn_hls.cpp:132]   --->   Operation 171 'getelementptr' 'buffer_c2_5_addr_2' <Predicate = true> <Delay = 0.00>
ST_8 : Operation 172 [1/1] (0.00ns)   --->   "%buffer_c2_6_addr_2 = getelementptr i7 %buffer_c2_6, i64 0, i64 %zext_ln131" [cnn_hls.cpp:132]   --->   Operation 172 'getelementptr' 'buffer_c2_6_addr_2' <Predicate = true> <Delay = 0.00>
ST_8 : Operation 173 [1/1] (0.00ns)   --->   "%buffer_c2_7_addr_2 = getelementptr i7 %buffer_c2_7, i64 0, i64 %zext_ln131" [cnn_hls.cpp:132]   --->   Operation 173 'getelementptr' 'buffer_c2_7_addr_2' <Predicate = true> <Delay = 0.00>
ST_8 : Operation 174 [1/1] (0.00ns)   --->   "%buffer_c2_8_addr_2 = getelementptr i7 %buffer_c2_8, i64 0, i64 %zext_ln131" [cnn_hls.cpp:132]   --->   Operation 174 'getelementptr' 'buffer_c2_8_addr_2' <Predicate = true> <Delay = 0.00>
ST_8 : Operation 175 [1/1] (0.00ns)   --->   "%buffer_c2_9_addr_2 = getelementptr i7 %buffer_c2_9, i64 0, i64 %zext_ln131" [cnn_hls.cpp:132]   --->   Operation 175 'getelementptr' 'buffer_c2_9_addr_2' <Predicate = true> <Delay = 0.00>
ST_8 : Operation 176 [1/1] (0.00ns)   --->   "%buffer_c2_10_addr_2 = getelementptr i7 %buffer_c2_10, i64 0, i64 %zext_ln131" [cnn_hls.cpp:132]   --->   Operation 176 'getelementptr' 'buffer_c2_10_addr_2' <Predicate = true> <Delay = 0.00>
ST_8 : Operation 177 [1/1] (0.00ns)   --->   "%buffer_c2_11_addr_2 = getelementptr i7 %buffer_c2_11, i64 0, i64 %zext_ln131" [cnn_hls.cpp:132]   --->   Operation 177 'getelementptr' 'buffer_c2_11_addr_2' <Predicate = true> <Delay = 0.00>
ST_8 : Operation 178 [1/1] (0.00ns)   --->   "%buffer_c2_12_addr_2 = getelementptr i7 %buffer_c2_12, i64 0, i64 %zext_ln131" [cnn_hls.cpp:132]   --->   Operation 178 'getelementptr' 'buffer_c2_12_addr_2' <Predicate = true> <Delay = 0.00>
ST_8 : Operation 179 [1/1] (0.00ns)   --->   "%buffer_c2_13_addr_2 = getelementptr i7 %buffer_c2_13, i64 0, i64 %zext_ln131" [cnn_hls.cpp:132]   --->   Operation 179 'getelementptr' 'buffer_c2_13_addr_2' <Predicate = true> <Delay = 0.00>
ST_8 : Operation 180 [1/1] (0.00ns)   --->   "%buffer_c2_14_addr_2 = getelementptr i7 %buffer_c2_14, i64 0, i64 %zext_ln131" [cnn_hls.cpp:132]   --->   Operation 180 'getelementptr' 'buffer_c2_14_addr_2' <Predicate = true> <Delay = 0.00>
ST_8 : Operation 181 [1/1] (0.00ns)   --->   "%buffer_c2_15_addr_2 = getelementptr i7 %buffer_c2_15, i64 0, i64 %zext_ln131" [cnn_hls.cpp:132]   --->   Operation 181 'getelementptr' 'buffer_c2_15_addr_2' <Predicate = true> <Delay = 0.00>
ST_8 : Operation 182 [1/1] (0.00ns)   --->   "%buffer_c2_16_addr_2 = getelementptr i7 %buffer_c2_16, i64 0, i64 %zext_ln131" [cnn_hls.cpp:132]   --->   Operation 182 'getelementptr' 'buffer_c2_16_addr_2' <Predicate = true> <Delay = 0.00>
ST_8 : Operation 183 [1/1] (0.00ns)   --->   "%buffer_c2_17_addr_2 = getelementptr i7 %buffer_c2_17, i64 0, i64 %zext_ln131" [cnn_hls.cpp:132]   --->   Operation 183 'getelementptr' 'buffer_c2_17_addr_2' <Predicate = true> <Delay = 0.00>
ST_8 : Operation 184 [1/1] (0.00ns)   --->   "%buffer_c2_18_addr_2 = getelementptr i7 %buffer_c2_18, i64 0, i64 %zext_ln131" [cnn_hls.cpp:132]   --->   Operation 184 'getelementptr' 'buffer_c2_18_addr_2' <Predicate = true> <Delay = 0.00>
ST_8 : Operation 185 [1/1] (0.00ns)   --->   "%buffer_c2_19_addr_2 = getelementptr i7 %buffer_c2_19, i64 0, i64 %zext_ln131" [cnn_hls.cpp:132]   --->   Operation 185 'getelementptr' 'buffer_c2_19_addr_2' <Predicate = true> <Delay = 0.00>
ST_8 : Operation 186 [1/1] (0.00ns)   --->   "%buffer_c2_20_addr_2 = getelementptr i7 %buffer_c2_20, i64 0, i64 %zext_ln131" [cnn_hls.cpp:132]   --->   Operation 186 'getelementptr' 'buffer_c2_20_addr_2' <Predicate = true> <Delay = 0.00>
ST_8 : Operation 187 [1/1] (0.00ns)   --->   "%buffer_c2_21_addr_2 = getelementptr i7 %buffer_c2_21, i64 0, i64 %zext_ln131" [cnn_hls.cpp:132]   --->   Operation 187 'getelementptr' 'buffer_c2_21_addr_2' <Predicate = true> <Delay = 0.00>
ST_8 : Operation 188 [1/1] (0.00ns)   --->   "%buffer_c2_22_addr_2 = getelementptr i7 %buffer_c2_22, i64 0, i64 %zext_ln131" [cnn_hls.cpp:132]   --->   Operation 188 'getelementptr' 'buffer_c2_22_addr_2' <Predicate = true> <Delay = 0.00>
ST_8 : Operation 189 [1/1] (0.00ns)   --->   "%buffer_c2_23_addr_2 = getelementptr i7 %buffer_c2_23, i64 0, i64 %zext_ln131" [cnn_hls.cpp:132]   --->   Operation 189 'getelementptr' 'buffer_c2_23_addr_2' <Predicate = true> <Delay = 0.00>
ST_8 : Operation 190 [1/1] (0.00ns)   --->   "%buffer_c2_24_addr_2 = getelementptr i7 %buffer_c2_24, i64 0, i64 %zext_ln131" [cnn_hls.cpp:132]   --->   Operation 190 'getelementptr' 'buffer_c2_24_addr_2' <Predicate = true> <Delay = 0.00>
ST_8 : Operation 191 [1/1] (0.00ns)   --->   "%buffer_c2_25_addr_2 = getelementptr i7 %buffer_c2_25, i64 0, i64 %zext_ln131" [cnn_hls.cpp:132]   --->   Operation 191 'getelementptr' 'buffer_c2_25_addr_2' <Predicate = true> <Delay = 0.00>
ST_8 : Operation 192 [1/1] (0.00ns)   --->   "%buffer_c2_26_addr_2 = getelementptr i7 %buffer_c2_26, i64 0, i64 %zext_ln131" [cnn_hls.cpp:132]   --->   Operation 192 'getelementptr' 'buffer_c2_26_addr_2' <Predicate = true> <Delay = 0.00>
ST_8 : Operation 193 [1/1] (0.00ns)   --->   "%buffer_c2_27_addr_2 = getelementptr i7 %buffer_c2_27, i64 0, i64 %zext_ln131" [cnn_hls.cpp:132]   --->   Operation 193 'getelementptr' 'buffer_c2_27_addr_2' <Predicate = true> <Delay = 0.00>
ST_8 : Operation 194 [1/1] (0.00ns)   --->   "%buffer_c2_28_addr_2 = getelementptr i7 %buffer_c2_28, i64 0, i64 %zext_ln131" [cnn_hls.cpp:132]   --->   Operation 194 'getelementptr' 'buffer_c2_28_addr_2' <Predicate = true> <Delay = 0.00>
ST_8 : Operation 195 [1/1] (0.00ns)   --->   "%buffer_c2_29_addr_2 = getelementptr i7 %buffer_c2_29, i64 0, i64 %zext_ln131" [cnn_hls.cpp:132]   --->   Operation 195 'getelementptr' 'buffer_c2_29_addr_2' <Predicate = true> <Delay = 0.00>
ST_8 : Operation 196 [1/1] (0.00ns)   --->   "%buffer_c2_30_addr_2 = getelementptr i7 %buffer_c2_30, i64 0, i64 %zext_ln131" [cnn_hls.cpp:132]   --->   Operation 196 'getelementptr' 'buffer_c2_30_addr_2' <Predicate = true> <Delay = 0.00>
ST_8 : Operation 197 [1/1] (0.00ns)   --->   "%buffer_c2_31_addr_2 = getelementptr i7 %buffer_c2_31, i64 0, i64 %zext_ln131" [cnn_hls.cpp:132]   --->   Operation 197 'getelementptr' 'buffer_c2_31_addr_2' <Predicate = true> <Delay = 0.00>
ST_8 : Operation 198 [1/1] (0.00ns)   --->   "%buffer_c2_32_addr_2 = getelementptr i7 %buffer_c2_32, i64 0, i64 %zext_ln131" [cnn_hls.cpp:132]   --->   Operation 198 'getelementptr' 'buffer_c2_32_addr_2' <Predicate = true> <Delay = 0.00>
ST_8 : Operation 199 [1/1] (0.00ns)   --->   "%buffer_c2_33_addr_2 = getelementptr i7 %buffer_c2_33, i64 0, i64 %zext_ln131" [cnn_hls.cpp:132]   --->   Operation 199 'getelementptr' 'buffer_c2_33_addr_2' <Predicate = true> <Delay = 0.00>
ST_8 : Operation 200 [1/1] (0.00ns)   --->   "%buffer_c2_34_addr_2 = getelementptr i7 %buffer_c2_34, i64 0, i64 %zext_ln131" [cnn_hls.cpp:132]   --->   Operation 200 'getelementptr' 'buffer_c2_34_addr_2' <Predicate = true> <Delay = 0.00>
ST_8 : Operation 201 [1/1] (0.00ns)   --->   "%buffer_c2_35_addr_2 = getelementptr i7 %buffer_c2_35, i64 0, i64 %zext_ln131" [cnn_hls.cpp:132]   --->   Operation 201 'getelementptr' 'buffer_c2_35_addr_2' <Predicate = true> <Delay = 0.00>
ST_8 : Operation 202 [1/1] (0.00ns)   --->   "%buffer_c2_36_addr_2 = getelementptr i7 %buffer_c2_36, i64 0, i64 %zext_ln131" [cnn_hls.cpp:132]   --->   Operation 202 'getelementptr' 'buffer_c2_36_addr_2' <Predicate = true> <Delay = 0.00>
ST_8 : Operation 203 [1/1] (0.00ns)   --->   "%buffer_c2_37_addr_2 = getelementptr i7 %buffer_c2_37, i64 0, i64 %zext_ln131" [cnn_hls.cpp:132]   --->   Operation 203 'getelementptr' 'buffer_c2_37_addr_2' <Predicate = true> <Delay = 0.00>
ST_8 : Operation 204 [1/1] (0.00ns)   --->   "%buffer_c2_38_addr_2 = getelementptr i7 %buffer_c2_38, i64 0, i64 %zext_ln131" [cnn_hls.cpp:132]   --->   Operation 204 'getelementptr' 'buffer_c2_38_addr_2' <Predicate = true> <Delay = 0.00>
ST_8 : Operation 205 [1/1] (0.00ns)   --->   "%buffer_c2_39_addr_2 = getelementptr i7 %buffer_c2_39, i64 0, i64 %zext_ln131" [cnn_hls.cpp:132]   --->   Operation 205 'getelementptr' 'buffer_c2_39_addr_2' <Predicate = true> <Delay = 0.00>
ST_8 : Operation 206 [1/1] (0.00ns)   --->   "%buffer_c2_40_addr_2 = getelementptr i7 %buffer_c2_40, i64 0, i64 %zext_ln131" [cnn_hls.cpp:132]   --->   Operation 206 'getelementptr' 'buffer_c2_40_addr_2' <Predicate = true> <Delay = 0.00>
ST_8 : Operation 207 [1/1] (0.00ns)   --->   "%buffer_c2_41_addr_2 = getelementptr i7 %buffer_c2_41, i64 0, i64 %zext_ln131" [cnn_hls.cpp:132]   --->   Operation 207 'getelementptr' 'buffer_c2_41_addr_2' <Predicate = true> <Delay = 0.00>
ST_8 : Operation 208 [1/1] (0.00ns)   --->   "%buffer_c2_42_addr_2 = getelementptr i7 %buffer_c2_42, i64 0, i64 %zext_ln131" [cnn_hls.cpp:132]   --->   Operation 208 'getelementptr' 'buffer_c2_42_addr_2' <Predicate = true> <Delay = 0.00>
ST_8 : Operation 209 [1/1] (0.00ns)   --->   "%buffer_c2_43_addr_2 = getelementptr i7 %buffer_c2_43, i64 0, i64 %zext_ln131" [cnn_hls.cpp:132]   --->   Operation 209 'getelementptr' 'buffer_c2_43_addr_2' <Predicate = true> <Delay = 0.00>
ST_8 : Operation 210 [1/1] (0.00ns)   --->   "%buffer_c2_44_addr_2 = getelementptr i7 %buffer_c2_44, i64 0, i64 %zext_ln131" [cnn_hls.cpp:132]   --->   Operation 210 'getelementptr' 'buffer_c2_44_addr_2' <Predicate = true> <Delay = 0.00>
ST_8 : Operation 211 [1/1] (0.00ns)   --->   "%buffer_c2_45_addr_2 = getelementptr i7 %buffer_c2_45, i64 0, i64 %zext_ln131" [cnn_hls.cpp:132]   --->   Operation 211 'getelementptr' 'buffer_c2_45_addr_2' <Predicate = true> <Delay = 0.00>
ST_8 : Operation 212 [1/1] (0.00ns)   --->   "%buffer_c2_46_addr_2 = getelementptr i7 %buffer_c2_46, i64 0, i64 %zext_ln131" [cnn_hls.cpp:132]   --->   Operation 212 'getelementptr' 'buffer_c2_46_addr_2' <Predicate = true> <Delay = 0.00>
ST_8 : Operation 213 [1/1] (0.00ns)   --->   "%buffer_c2_47_addr_2 = getelementptr i7 %buffer_c2_47, i64 0, i64 %zext_ln131" [cnn_hls.cpp:132]   --->   Operation 213 'getelementptr' 'buffer_c2_47_addr_2' <Predicate = true> <Delay = 0.00>
ST_8 : Operation 214 [2/2] (2.32ns)   --->   "%buffer_c2_load = load i3 %buffer_c2_addr_1" [cnn_hls.cpp:132]   --->   Operation 214 'load' 'buffer_c2_load' <Predicate = (trunc_ln128 == 0)> <Delay = 2.32> <CoreInst = "RAM">   --->   Core 81 'RAM' <Latency = 1> <II = 1> <Delay = 2.32> <Storage> <Opcode : 'load' 'store'> <Ports = 2> <Width = 7> <Depth = 8> <RAM>
ST_8 : Operation 215 [2/2] (2.32ns)   --->   "%buffer_c2_1_load = load i3 %buffer_c2_1_addr_1" [cnn_hls.cpp:132]   --->   Operation 215 'load' 'buffer_c2_1_load' <Predicate = (trunc_ln128 == 2)> <Delay = 2.32> <CoreInst = "RAM">   --->   Core 81 'RAM' <Latency = 1> <II = 1> <Delay = 2.32> <Storage> <Opcode : 'load' 'store'> <Ports = 2> <Width = 7> <Depth = 8> <RAM>
ST_8 : Operation 216 [2/2] (2.32ns)   --->   "%buffer_c2_2_load = load i3 %buffer_c2_2_addr_1" [cnn_hls.cpp:132]   --->   Operation 216 'load' 'buffer_c2_2_load' <Predicate = (trunc_ln128 == 1)> <Delay = 2.32> <CoreInst = "RAM">   --->   Core 81 'RAM' <Latency = 1> <II = 1> <Delay = 2.32> <Storage> <Opcode : 'load' 'store'> <Ports = 2> <Width = 7> <Depth = 8> <RAM>
ST_8 : Operation 217 [2/2] (2.32ns)   --->   "%buffer_c2_3_load = load i3 %buffer_c2_3_addr_1" [cnn_hls.cpp:132]   --->   Operation 217 'load' 'buffer_c2_3_load' <Predicate = (trunc_ln128 == 0)> <Delay = 2.32> <CoreInst = "RAM">   --->   Core 81 'RAM' <Latency = 1> <II = 1> <Delay = 2.32> <Storage> <Opcode : 'load' 'store'> <Ports = 2> <Width = 7> <Depth = 8> <RAM>
ST_8 : Operation 218 [2/2] (2.32ns)   --->   "%buffer_c2_4_load = load i3 %buffer_c2_4_addr_1" [cnn_hls.cpp:132]   --->   Operation 218 'load' 'buffer_c2_4_load' <Predicate = (trunc_ln128 == 2)> <Delay = 2.32> <CoreInst = "RAM">   --->   Core 81 'RAM' <Latency = 1> <II = 1> <Delay = 2.32> <Storage> <Opcode : 'load' 'store'> <Ports = 2> <Width = 7> <Depth = 8> <RAM>
ST_8 : Operation 219 [2/2] (2.32ns)   --->   "%buffer_c2_5_load = load i3 %buffer_c2_5_addr_1" [cnn_hls.cpp:132]   --->   Operation 219 'load' 'buffer_c2_5_load' <Predicate = (trunc_ln128 == 1)> <Delay = 2.32> <CoreInst = "RAM">   --->   Core 81 'RAM' <Latency = 1> <II = 1> <Delay = 2.32> <Storage> <Opcode : 'load' 'store'> <Ports = 2> <Width = 7> <Depth = 8> <RAM>
ST_8 : Operation 220 [2/2] (2.32ns)   --->   "%buffer_c2_6_load = load i3 %buffer_c2_6_addr_1" [cnn_hls.cpp:132]   --->   Operation 220 'load' 'buffer_c2_6_load' <Predicate = (trunc_ln128 == 0)> <Delay = 2.32> <CoreInst = "RAM">   --->   Core 81 'RAM' <Latency = 1> <II = 1> <Delay = 2.32> <Storage> <Opcode : 'load' 'store'> <Ports = 2> <Width = 7> <Depth = 8> <RAM>
ST_8 : Operation 221 [2/2] (2.32ns)   --->   "%buffer_c2_7_load = load i3 %buffer_c2_7_addr_1" [cnn_hls.cpp:132]   --->   Operation 221 'load' 'buffer_c2_7_load' <Predicate = (trunc_ln128 == 2)> <Delay = 2.32> <CoreInst = "RAM">   --->   Core 81 'RAM' <Latency = 1> <II = 1> <Delay = 2.32> <Storage> <Opcode : 'load' 'store'> <Ports = 2> <Width = 7> <Depth = 8> <RAM>
ST_8 : Operation 222 [2/2] (2.32ns)   --->   "%buffer_c2_8_load = load i3 %buffer_c2_8_addr_1" [cnn_hls.cpp:132]   --->   Operation 222 'load' 'buffer_c2_8_load' <Predicate = (trunc_ln128 == 1)> <Delay = 2.32> <CoreInst = "RAM">   --->   Core 81 'RAM' <Latency = 1> <II = 1> <Delay = 2.32> <Storage> <Opcode : 'load' 'store'> <Ports = 2> <Width = 7> <Depth = 8> <RAM>
ST_8 : Operation 223 [2/2] (2.32ns)   --->   "%buffer_c2_9_load = load i3 %buffer_c2_9_addr_1" [cnn_hls.cpp:132]   --->   Operation 223 'load' 'buffer_c2_9_load' <Predicate = (trunc_ln128 == 0)> <Delay = 2.32> <CoreInst = "RAM">   --->   Core 81 'RAM' <Latency = 1> <II = 1> <Delay = 2.32> <Storage> <Opcode : 'load' 'store'> <Ports = 2> <Width = 7> <Depth = 8> <RAM>
ST_8 : Operation 224 [2/2] (2.32ns)   --->   "%buffer_c2_10_load = load i3 %buffer_c2_10_addr_1" [cnn_hls.cpp:132]   --->   Operation 224 'load' 'buffer_c2_10_load' <Predicate = (trunc_ln128 == 2)> <Delay = 2.32> <CoreInst = "RAM">   --->   Core 81 'RAM' <Latency = 1> <II = 1> <Delay = 2.32> <Storage> <Opcode : 'load' 'store'> <Ports = 2> <Width = 7> <Depth = 8> <RAM>
ST_8 : Operation 225 [2/2] (2.32ns)   --->   "%buffer_c2_11_load = load i3 %buffer_c2_11_addr_1" [cnn_hls.cpp:132]   --->   Operation 225 'load' 'buffer_c2_11_load' <Predicate = (trunc_ln128 == 1)> <Delay = 2.32> <CoreInst = "RAM">   --->   Core 81 'RAM' <Latency = 1> <II = 1> <Delay = 2.32> <Storage> <Opcode : 'load' 'store'> <Ports = 2> <Width = 7> <Depth = 8> <RAM>
ST_8 : Operation 226 [2/2] (2.32ns)   --->   "%buffer_c2_12_load = load i3 %buffer_c2_12_addr_1" [cnn_hls.cpp:132]   --->   Operation 226 'load' 'buffer_c2_12_load' <Predicate = (trunc_ln128 == 0)> <Delay = 2.32> <CoreInst = "RAM">   --->   Core 81 'RAM' <Latency = 1> <II = 1> <Delay = 2.32> <Storage> <Opcode : 'load' 'store'> <Ports = 2> <Width = 7> <Depth = 8> <RAM>
ST_8 : Operation 227 [2/2] (2.32ns)   --->   "%buffer_c2_13_load = load i3 %buffer_c2_13_addr_1" [cnn_hls.cpp:132]   --->   Operation 227 'load' 'buffer_c2_13_load' <Predicate = (trunc_ln128 == 2)> <Delay = 2.32> <CoreInst = "RAM">   --->   Core 81 'RAM' <Latency = 1> <II = 1> <Delay = 2.32> <Storage> <Opcode : 'load' 'store'> <Ports = 2> <Width = 7> <Depth = 8> <RAM>
ST_8 : Operation 228 [2/2] (2.32ns)   --->   "%buffer_c2_14_load = load i3 %buffer_c2_14_addr_1" [cnn_hls.cpp:132]   --->   Operation 228 'load' 'buffer_c2_14_load' <Predicate = (trunc_ln128 == 1)> <Delay = 2.32> <CoreInst = "RAM">   --->   Core 81 'RAM' <Latency = 1> <II = 1> <Delay = 2.32> <Storage> <Opcode : 'load' 'store'> <Ports = 2> <Width = 7> <Depth = 8> <RAM>
ST_8 : Operation 229 [2/2] (2.32ns)   --->   "%buffer_c2_15_load = load i3 %buffer_c2_15_addr_1" [cnn_hls.cpp:132]   --->   Operation 229 'load' 'buffer_c2_15_load' <Predicate = (trunc_ln128 == 0)> <Delay = 2.32> <CoreInst = "RAM">   --->   Core 81 'RAM' <Latency = 1> <II = 1> <Delay = 2.32> <Storage> <Opcode : 'load' 'store'> <Ports = 2> <Width = 7> <Depth = 8> <RAM>
ST_8 : Operation 230 [2/2] (2.32ns)   --->   "%buffer_c2_16_load = load i3 %buffer_c2_16_addr_1" [cnn_hls.cpp:132]   --->   Operation 230 'load' 'buffer_c2_16_load' <Predicate = (trunc_ln128 == 2)> <Delay = 2.32> <CoreInst = "RAM">   --->   Core 81 'RAM' <Latency = 1> <II = 1> <Delay = 2.32> <Storage> <Opcode : 'load' 'store'> <Ports = 2> <Width = 7> <Depth = 8> <RAM>
ST_8 : Operation 231 [2/2] (2.32ns)   --->   "%buffer_c2_17_load = load i3 %buffer_c2_17_addr_1" [cnn_hls.cpp:132]   --->   Operation 231 'load' 'buffer_c2_17_load' <Predicate = (trunc_ln128 == 1)> <Delay = 2.32> <CoreInst = "RAM">   --->   Core 81 'RAM' <Latency = 1> <II = 1> <Delay = 2.32> <Storage> <Opcode : 'load' 'store'> <Ports = 2> <Width = 7> <Depth = 8> <RAM>
ST_8 : Operation 232 [2/2] (2.32ns)   --->   "%buffer_c2_18_load = load i3 %buffer_c2_18_addr_1" [cnn_hls.cpp:132]   --->   Operation 232 'load' 'buffer_c2_18_load' <Predicate = (trunc_ln128 == 0)> <Delay = 2.32> <CoreInst = "RAM">   --->   Core 81 'RAM' <Latency = 1> <II = 1> <Delay = 2.32> <Storage> <Opcode : 'load' 'store'> <Ports = 2> <Width = 7> <Depth = 8> <RAM>
ST_8 : Operation 233 [2/2] (2.32ns)   --->   "%buffer_c2_19_load = load i3 %buffer_c2_19_addr_1" [cnn_hls.cpp:132]   --->   Operation 233 'load' 'buffer_c2_19_load' <Predicate = (trunc_ln128 == 2)> <Delay = 2.32> <CoreInst = "RAM">   --->   Core 81 'RAM' <Latency = 1> <II = 1> <Delay = 2.32> <Storage> <Opcode : 'load' 'store'> <Ports = 2> <Width = 7> <Depth = 8> <RAM>
ST_8 : Operation 234 [2/2] (2.32ns)   --->   "%buffer_c2_20_load = load i3 %buffer_c2_20_addr_1" [cnn_hls.cpp:132]   --->   Operation 234 'load' 'buffer_c2_20_load' <Predicate = (trunc_ln128 == 1)> <Delay = 2.32> <CoreInst = "RAM">   --->   Core 81 'RAM' <Latency = 1> <II = 1> <Delay = 2.32> <Storage> <Opcode : 'load' 'store'> <Ports = 2> <Width = 7> <Depth = 8> <RAM>
ST_8 : Operation 235 [2/2] (2.32ns)   --->   "%buffer_c2_21_load = load i3 %buffer_c2_21_addr_1" [cnn_hls.cpp:132]   --->   Operation 235 'load' 'buffer_c2_21_load' <Predicate = (trunc_ln128 == 0)> <Delay = 2.32> <CoreInst = "RAM">   --->   Core 81 'RAM' <Latency = 1> <II = 1> <Delay = 2.32> <Storage> <Opcode : 'load' 'store'> <Ports = 2> <Width = 7> <Depth = 8> <RAM>
ST_8 : Operation 236 [2/2] (2.32ns)   --->   "%buffer_c2_22_load = load i3 %buffer_c2_22_addr_1" [cnn_hls.cpp:132]   --->   Operation 236 'load' 'buffer_c2_22_load' <Predicate = (trunc_ln128 == 2)> <Delay = 2.32> <CoreInst = "RAM">   --->   Core 81 'RAM' <Latency = 1> <II = 1> <Delay = 2.32> <Storage> <Opcode : 'load' 'store'> <Ports = 2> <Width = 7> <Depth = 8> <RAM>
ST_8 : Operation 237 [2/2] (2.32ns)   --->   "%buffer_c2_23_load = load i3 %buffer_c2_23_addr_1" [cnn_hls.cpp:132]   --->   Operation 237 'load' 'buffer_c2_23_load' <Predicate = (trunc_ln128 == 1)> <Delay = 2.32> <CoreInst = "RAM">   --->   Core 81 'RAM' <Latency = 1> <II = 1> <Delay = 2.32> <Storage> <Opcode : 'load' 'store'> <Ports = 2> <Width = 7> <Depth = 8> <RAM>
ST_8 : Operation 238 [2/2] (2.32ns)   --->   "%buffer_c2_24_load = load i3 %buffer_c2_24_addr_1" [cnn_hls.cpp:132]   --->   Operation 238 'load' 'buffer_c2_24_load' <Predicate = (trunc_ln128 == 0)> <Delay = 2.32> <CoreInst = "RAM">   --->   Core 81 'RAM' <Latency = 1> <II = 1> <Delay = 2.32> <Storage> <Opcode : 'load' 'store'> <Ports = 2> <Width = 7> <Depth = 8> <RAM>
ST_8 : Operation 239 [2/2] (2.32ns)   --->   "%buffer_c2_25_load = load i3 %buffer_c2_25_addr_1" [cnn_hls.cpp:132]   --->   Operation 239 'load' 'buffer_c2_25_load' <Predicate = (trunc_ln128 == 2)> <Delay = 2.32> <CoreInst = "RAM">   --->   Core 81 'RAM' <Latency = 1> <II = 1> <Delay = 2.32> <Storage> <Opcode : 'load' 'store'> <Ports = 2> <Width = 7> <Depth = 8> <RAM>
ST_8 : Operation 240 [2/2] (2.32ns)   --->   "%buffer_c2_26_load = load i3 %buffer_c2_26_addr_1" [cnn_hls.cpp:132]   --->   Operation 240 'load' 'buffer_c2_26_load' <Predicate = (trunc_ln128 == 1)> <Delay = 2.32> <CoreInst = "RAM">   --->   Core 81 'RAM' <Latency = 1> <II = 1> <Delay = 2.32> <Storage> <Opcode : 'load' 'store'> <Ports = 2> <Width = 7> <Depth = 8> <RAM>
ST_8 : Operation 241 [2/2] (2.32ns)   --->   "%buffer_c2_27_load = load i3 %buffer_c2_27_addr_1" [cnn_hls.cpp:132]   --->   Operation 241 'load' 'buffer_c2_27_load' <Predicate = (trunc_ln128 == 0)> <Delay = 2.32> <CoreInst = "RAM">   --->   Core 81 'RAM' <Latency = 1> <II = 1> <Delay = 2.32> <Storage> <Opcode : 'load' 'store'> <Ports = 2> <Width = 7> <Depth = 8> <RAM>
ST_8 : Operation 242 [2/2] (2.32ns)   --->   "%buffer_c2_28_load = load i3 %buffer_c2_28_addr_1" [cnn_hls.cpp:132]   --->   Operation 242 'load' 'buffer_c2_28_load' <Predicate = (trunc_ln128 == 2)> <Delay = 2.32> <CoreInst = "RAM">   --->   Core 81 'RAM' <Latency = 1> <II = 1> <Delay = 2.32> <Storage> <Opcode : 'load' 'store'> <Ports = 2> <Width = 7> <Depth = 8> <RAM>
ST_8 : Operation 243 [2/2] (2.32ns)   --->   "%buffer_c2_29_load = load i3 %buffer_c2_29_addr_1" [cnn_hls.cpp:132]   --->   Operation 243 'load' 'buffer_c2_29_load' <Predicate = (trunc_ln128 == 1)> <Delay = 2.32> <CoreInst = "RAM">   --->   Core 81 'RAM' <Latency = 1> <II = 1> <Delay = 2.32> <Storage> <Opcode : 'load' 'store'> <Ports = 2> <Width = 7> <Depth = 8> <RAM>
ST_8 : Operation 244 [2/2] (2.32ns)   --->   "%buffer_c2_30_load = load i3 %buffer_c2_30_addr_1" [cnn_hls.cpp:132]   --->   Operation 244 'load' 'buffer_c2_30_load' <Predicate = (trunc_ln128 == 0)> <Delay = 2.32> <CoreInst = "RAM">   --->   Core 81 'RAM' <Latency = 1> <II = 1> <Delay = 2.32> <Storage> <Opcode : 'load' 'store'> <Ports = 2> <Width = 7> <Depth = 8> <RAM>
ST_8 : Operation 245 [2/2] (2.32ns)   --->   "%buffer_c2_31_load = load i3 %buffer_c2_31_addr_1" [cnn_hls.cpp:132]   --->   Operation 245 'load' 'buffer_c2_31_load' <Predicate = (trunc_ln128 == 2)> <Delay = 2.32> <CoreInst = "RAM">   --->   Core 81 'RAM' <Latency = 1> <II = 1> <Delay = 2.32> <Storage> <Opcode : 'load' 'store'> <Ports = 2> <Width = 7> <Depth = 8> <RAM>
ST_8 : Operation 246 [2/2] (2.32ns)   --->   "%buffer_c2_32_load = load i3 %buffer_c2_32_addr_1" [cnn_hls.cpp:132]   --->   Operation 246 'load' 'buffer_c2_32_load' <Predicate = (trunc_ln128 == 1)> <Delay = 2.32> <CoreInst = "RAM">   --->   Core 81 'RAM' <Latency = 1> <II = 1> <Delay = 2.32> <Storage> <Opcode : 'load' 'store'> <Ports = 2> <Width = 7> <Depth = 8> <RAM>
ST_8 : Operation 247 [2/2] (2.32ns)   --->   "%buffer_c2_33_load = load i3 %buffer_c2_33_addr_1" [cnn_hls.cpp:132]   --->   Operation 247 'load' 'buffer_c2_33_load' <Predicate = (trunc_ln128 == 0)> <Delay = 2.32> <CoreInst = "RAM">   --->   Core 81 'RAM' <Latency = 1> <II = 1> <Delay = 2.32> <Storage> <Opcode : 'load' 'store'> <Ports = 2> <Width = 7> <Depth = 8> <RAM>
ST_8 : Operation 248 [2/2] (2.32ns)   --->   "%buffer_c2_34_load = load i3 %buffer_c2_34_addr_1" [cnn_hls.cpp:132]   --->   Operation 248 'load' 'buffer_c2_34_load' <Predicate = (trunc_ln128 == 2)> <Delay = 2.32> <CoreInst = "RAM">   --->   Core 81 'RAM' <Latency = 1> <II = 1> <Delay = 2.32> <Storage> <Opcode : 'load' 'store'> <Ports = 2> <Width = 7> <Depth = 8> <RAM>
ST_8 : Operation 249 [2/2] (2.32ns)   --->   "%buffer_c2_35_load = load i3 %buffer_c2_35_addr_1" [cnn_hls.cpp:132]   --->   Operation 249 'load' 'buffer_c2_35_load' <Predicate = (trunc_ln128 == 1)> <Delay = 2.32> <CoreInst = "RAM">   --->   Core 81 'RAM' <Latency = 1> <II = 1> <Delay = 2.32> <Storage> <Opcode : 'load' 'store'> <Ports = 2> <Width = 7> <Depth = 8> <RAM>
ST_8 : Operation 250 [2/2] (2.32ns)   --->   "%buffer_c2_36_load = load i3 %buffer_c2_36_addr_1" [cnn_hls.cpp:132]   --->   Operation 250 'load' 'buffer_c2_36_load' <Predicate = (trunc_ln128 == 0)> <Delay = 2.32> <CoreInst = "RAM">   --->   Core 81 'RAM' <Latency = 1> <II = 1> <Delay = 2.32> <Storage> <Opcode : 'load' 'store'> <Ports = 2> <Width = 7> <Depth = 8> <RAM>
ST_8 : Operation 251 [2/2] (2.32ns)   --->   "%buffer_c2_37_load = load i3 %buffer_c2_37_addr_1" [cnn_hls.cpp:132]   --->   Operation 251 'load' 'buffer_c2_37_load' <Predicate = (trunc_ln128 == 2)> <Delay = 2.32> <CoreInst = "RAM">   --->   Core 81 'RAM' <Latency = 1> <II = 1> <Delay = 2.32> <Storage> <Opcode : 'load' 'store'> <Ports = 2> <Width = 7> <Depth = 8> <RAM>
ST_8 : Operation 252 [2/2] (2.32ns)   --->   "%buffer_c2_38_load = load i3 %buffer_c2_38_addr_1" [cnn_hls.cpp:132]   --->   Operation 252 'load' 'buffer_c2_38_load' <Predicate = (trunc_ln128 == 1)> <Delay = 2.32> <CoreInst = "RAM">   --->   Core 81 'RAM' <Latency = 1> <II = 1> <Delay = 2.32> <Storage> <Opcode : 'load' 'store'> <Ports = 2> <Width = 7> <Depth = 8> <RAM>
ST_8 : Operation 253 [2/2] (2.32ns)   --->   "%buffer_c2_39_load = load i3 %buffer_c2_39_addr_1" [cnn_hls.cpp:132]   --->   Operation 253 'load' 'buffer_c2_39_load' <Predicate = (trunc_ln128 == 0)> <Delay = 2.32> <CoreInst = "RAM">   --->   Core 81 'RAM' <Latency = 1> <II = 1> <Delay = 2.32> <Storage> <Opcode : 'load' 'store'> <Ports = 2> <Width = 7> <Depth = 8> <RAM>
ST_8 : Operation 254 [2/2] (2.32ns)   --->   "%buffer_c2_40_load = load i3 %buffer_c2_40_addr_1" [cnn_hls.cpp:132]   --->   Operation 254 'load' 'buffer_c2_40_load' <Predicate = (trunc_ln128 == 2)> <Delay = 2.32> <CoreInst = "RAM">   --->   Core 81 'RAM' <Latency = 1> <II = 1> <Delay = 2.32> <Storage> <Opcode : 'load' 'store'> <Ports = 2> <Width = 7> <Depth = 8> <RAM>
ST_8 : Operation 255 [2/2] (2.32ns)   --->   "%buffer_c2_41_load = load i3 %buffer_c2_41_addr_1" [cnn_hls.cpp:132]   --->   Operation 255 'load' 'buffer_c2_41_load' <Predicate = (trunc_ln128 == 1)> <Delay = 2.32> <CoreInst = "RAM">   --->   Core 81 'RAM' <Latency = 1> <II = 1> <Delay = 2.32> <Storage> <Opcode : 'load' 'store'> <Ports = 2> <Width = 7> <Depth = 8> <RAM>
ST_8 : Operation 256 [2/2] (2.32ns)   --->   "%buffer_c2_42_load = load i3 %buffer_c2_42_addr_1" [cnn_hls.cpp:132]   --->   Operation 256 'load' 'buffer_c2_42_load' <Predicate = (trunc_ln128 == 0)> <Delay = 2.32> <CoreInst = "RAM">   --->   Core 81 'RAM' <Latency = 1> <II = 1> <Delay = 2.32> <Storage> <Opcode : 'load' 'store'> <Ports = 2> <Width = 7> <Depth = 8> <RAM>
ST_8 : Operation 257 [2/2] (2.32ns)   --->   "%buffer_c2_43_load = load i3 %buffer_c2_43_addr_1" [cnn_hls.cpp:132]   --->   Operation 257 'load' 'buffer_c2_43_load' <Predicate = (trunc_ln128 == 2)> <Delay = 2.32> <CoreInst = "RAM">   --->   Core 81 'RAM' <Latency = 1> <II = 1> <Delay = 2.32> <Storage> <Opcode : 'load' 'store'> <Ports = 2> <Width = 7> <Depth = 8> <RAM>
ST_8 : Operation 258 [2/2] (2.32ns)   --->   "%buffer_c2_44_load = load i3 %buffer_c2_44_addr_1" [cnn_hls.cpp:132]   --->   Operation 258 'load' 'buffer_c2_44_load' <Predicate = (trunc_ln128 == 1)> <Delay = 2.32> <CoreInst = "RAM">   --->   Core 81 'RAM' <Latency = 1> <II = 1> <Delay = 2.32> <Storage> <Opcode : 'load' 'store'> <Ports = 2> <Width = 7> <Depth = 8> <RAM>
ST_8 : Operation 259 [2/2] (2.32ns)   --->   "%buffer_c2_45_load = load i3 %buffer_c2_45_addr_1" [cnn_hls.cpp:132]   --->   Operation 259 'load' 'buffer_c2_45_load' <Predicate = (trunc_ln128 == 0)> <Delay = 2.32> <CoreInst = "RAM">   --->   Core 81 'RAM' <Latency = 1> <II = 1> <Delay = 2.32> <Storage> <Opcode : 'load' 'store'> <Ports = 2> <Width = 7> <Depth = 8> <RAM>
ST_8 : Operation 260 [2/2] (2.32ns)   --->   "%buffer_c2_46_load = load i3 %buffer_c2_46_addr_1" [cnn_hls.cpp:132]   --->   Operation 260 'load' 'buffer_c2_46_load' <Predicate = (trunc_ln128 == 2)> <Delay = 2.32> <CoreInst = "RAM">   --->   Core 81 'RAM' <Latency = 1> <II = 1> <Delay = 2.32> <Storage> <Opcode : 'load' 'store'> <Ports = 2> <Width = 7> <Depth = 8> <RAM>
ST_8 : Operation 261 [2/2] (2.32ns)   --->   "%buffer_c2_47_load = load i3 %buffer_c2_47_addr_1" [cnn_hls.cpp:132]   --->   Operation 261 'load' 'buffer_c2_47_load' <Predicate = (trunc_ln128 == 1)> <Delay = 2.32> <CoreInst = "RAM">   --->   Core 81 'RAM' <Latency = 1> <II = 1> <Delay = 2.32> <Storage> <Opcode : 'load' 'store'> <Ports = 2> <Width = 7> <Depth = 8> <RAM>
ST_8 : Operation 262 [2/2] (2.32ns)   --->   "%buffer_c2_load_1 = load i3 %buffer_c2_addr" [cnn_hls.cpp:132]   --->   Operation 262 'load' 'buffer_c2_load_1' <Predicate = (trunc_ln128 == 2 & !icmp_ln131)> <Delay = 2.32> <CoreInst = "RAM">   --->   Core 81 'RAM' <Latency = 1> <II = 1> <Delay = 2.32> <Storage> <Opcode : 'load' 'store'> <Ports = 2> <Width = 7> <Depth = 8> <RAM>
ST_8 : Operation 263 [2/2] (2.32ns)   --->   "%buffer_c2_1_load_1 = load i3 %buffer_c2_1_addr" [cnn_hls.cpp:132]   --->   Operation 263 'load' 'buffer_c2_1_load_1' <Predicate = (trunc_ln128 == 1 & !icmp_ln131)> <Delay = 2.32> <CoreInst = "RAM">   --->   Core 81 'RAM' <Latency = 1> <II = 1> <Delay = 2.32> <Storage> <Opcode : 'load' 'store'> <Ports = 2> <Width = 7> <Depth = 8> <RAM>
ST_8 : Operation 264 [2/2] (2.32ns)   --->   "%buffer_c2_2_load_1 = load i3 %buffer_c2_2_addr" [cnn_hls.cpp:132]   --->   Operation 264 'load' 'buffer_c2_2_load_1' <Predicate = (trunc_ln128 == 0 & !icmp_ln131)> <Delay = 2.32> <CoreInst = "RAM">   --->   Core 81 'RAM' <Latency = 1> <II = 1> <Delay = 2.32> <Storage> <Opcode : 'load' 'store'> <Ports = 2> <Width = 7> <Depth = 8> <RAM>
ST_8 : Operation 265 [2/2] (2.32ns)   --->   "%buffer_c2_3_load_1 = load i3 %buffer_c2_3_addr" [cnn_hls.cpp:132]   --->   Operation 265 'load' 'buffer_c2_3_load_1' <Predicate = (trunc_ln128 == 2 & !icmp_ln131)> <Delay = 2.32> <CoreInst = "RAM">   --->   Core 81 'RAM' <Latency = 1> <II = 1> <Delay = 2.32> <Storage> <Opcode : 'load' 'store'> <Ports = 2> <Width = 7> <Depth = 8> <RAM>
ST_8 : Operation 266 [2/2] (2.32ns)   --->   "%buffer_c2_4_load_1 = load i3 %buffer_c2_4_addr" [cnn_hls.cpp:132]   --->   Operation 266 'load' 'buffer_c2_4_load_1' <Predicate = (trunc_ln128 == 1 & !icmp_ln131)> <Delay = 2.32> <CoreInst = "RAM">   --->   Core 81 'RAM' <Latency = 1> <II = 1> <Delay = 2.32> <Storage> <Opcode : 'load' 'store'> <Ports = 2> <Width = 7> <Depth = 8> <RAM>
ST_8 : Operation 267 [2/2] (2.32ns)   --->   "%buffer_c2_5_load_1 = load i3 %buffer_c2_5_addr" [cnn_hls.cpp:132]   --->   Operation 267 'load' 'buffer_c2_5_load_1' <Predicate = (trunc_ln128 == 0 & !icmp_ln131)> <Delay = 2.32> <CoreInst = "RAM">   --->   Core 81 'RAM' <Latency = 1> <II = 1> <Delay = 2.32> <Storage> <Opcode : 'load' 'store'> <Ports = 2> <Width = 7> <Depth = 8> <RAM>
ST_8 : Operation 268 [2/2] (2.32ns)   --->   "%buffer_c2_6_load_1 = load i3 %buffer_c2_6_addr" [cnn_hls.cpp:132]   --->   Operation 268 'load' 'buffer_c2_6_load_1' <Predicate = (trunc_ln128 == 2 & !icmp_ln131)> <Delay = 2.32> <CoreInst = "RAM">   --->   Core 81 'RAM' <Latency = 1> <II = 1> <Delay = 2.32> <Storage> <Opcode : 'load' 'store'> <Ports = 2> <Width = 7> <Depth = 8> <RAM>
ST_8 : Operation 269 [2/2] (2.32ns)   --->   "%buffer_c2_7_load_1 = load i3 %buffer_c2_7_addr" [cnn_hls.cpp:132]   --->   Operation 269 'load' 'buffer_c2_7_load_1' <Predicate = (trunc_ln128 == 1 & !icmp_ln131)> <Delay = 2.32> <CoreInst = "RAM">   --->   Core 81 'RAM' <Latency = 1> <II = 1> <Delay = 2.32> <Storage> <Opcode : 'load' 'store'> <Ports = 2> <Width = 7> <Depth = 8> <RAM>
ST_8 : Operation 270 [2/2] (2.32ns)   --->   "%buffer_c2_8_load_1 = load i3 %buffer_c2_8_addr" [cnn_hls.cpp:132]   --->   Operation 270 'load' 'buffer_c2_8_load_1' <Predicate = (trunc_ln128 == 0 & !icmp_ln131)> <Delay = 2.32> <CoreInst = "RAM">   --->   Core 81 'RAM' <Latency = 1> <II = 1> <Delay = 2.32> <Storage> <Opcode : 'load' 'store'> <Ports = 2> <Width = 7> <Depth = 8> <RAM>
ST_8 : Operation 271 [2/2] (2.32ns)   --->   "%buffer_c2_9_load_1 = load i3 %buffer_c2_9_addr" [cnn_hls.cpp:132]   --->   Operation 271 'load' 'buffer_c2_9_load_1' <Predicate = (trunc_ln128 == 2 & !icmp_ln131)> <Delay = 2.32> <CoreInst = "RAM">   --->   Core 81 'RAM' <Latency = 1> <II = 1> <Delay = 2.32> <Storage> <Opcode : 'load' 'store'> <Ports = 2> <Width = 7> <Depth = 8> <RAM>
ST_8 : Operation 272 [2/2] (2.32ns)   --->   "%buffer_c2_10_load_1 = load i3 %buffer_c2_10_addr" [cnn_hls.cpp:132]   --->   Operation 272 'load' 'buffer_c2_10_load_1' <Predicate = (trunc_ln128 == 1 & !icmp_ln131)> <Delay = 2.32> <CoreInst = "RAM">   --->   Core 81 'RAM' <Latency = 1> <II = 1> <Delay = 2.32> <Storage> <Opcode : 'load' 'store'> <Ports = 2> <Width = 7> <Depth = 8> <RAM>
ST_8 : Operation 273 [2/2] (2.32ns)   --->   "%buffer_c2_11_load_1 = load i3 %buffer_c2_11_addr" [cnn_hls.cpp:132]   --->   Operation 273 'load' 'buffer_c2_11_load_1' <Predicate = (trunc_ln128 == 0 & !icmp_ln131)> <Delay = 2.32> <CoreInst = "RAM">   --->   Core 81 'RAM' <Latency = 1> <II = 1> <Delay = 2.32> <Storage> <Opcode : 'load' 'store'> <Ports = 2> <Width = 7> <Depth = 8> <RAM>
ST_8 : Operation 274 [2/2] (2.32ns)   --->   "%buffer_c2_12_load_1 = load i3 %buffer_c2_12_addr" [cnn_hls.cpp:132]   --->   Operation 274 'load' 'buffer_c2_12_load_1' <Predicate = (trunc_ln128 == 2 & !icmp_ln131)> <Delay = 2.32> <CoreInst = "RAM">   --->   Core 81 'RAM' <Latency = 1> <II = 1> <Delay = 2.32> <Storage> <Opcode : 'load' 'store'> <Ports = 2> <Width = 7> <Depth = 8> <RAM>
ST_8 : Operation 275 [2/2] (2.32ns)   --->   "%buffer_c2_13_load_1 = load i3 %buffer_c2_13_addr" [cnn_hls.cpp:132]   --->   Operation 275 'load' 'buffer_c2_13_load_1' <Predicate = (trunc_ln128 == 1 & !icmp_ln131)> <Delay = 2.32> <CoreInst = "RAM">   --->   Core 81 'RAM' <Latency = 1> <II = 1> <Delay = 2.32> <Storage> <Opcode : 'load' 'store'> <Ports = 2> <Width = 7> <Depth = 8> <RAM>
ST_8 : Operation 276 [2/2] (2.32ns)   --->   "%buffer_c2_14_load_1 = load i3 %buffer_c2_14_addr" [cnn_hls.cpp:132]   --->   Operation 276 'load' 'buffer_c2_14_load_1' <Predicate = (trunc_ln128 == 0 & !icmp_ln131)> <Delay = 2.32> <CoreInst = "RAM">   --->   Core 81 'RAM' <Latency = 1> <II = 1> <Delay = 2.32> <Storage> <Opcode : 'load' 'store'> <Ports = 2> <Width = 7> <Depth = 8> <RAM>
ST_8 : Operation 277 [2/2] (2.32ns)   --->   "%buffer_c2_15_load_1 = load i3 %buffer_c2_15_addr" [cnn_hls.cpp:132]   --->   Operation 277 'load' 'buffer_c2_15_load_1' <Predicate = (trunc_ln128 == 2 & !icmp_ln131)> <Delay = 2.32> <CoreInst = "RAM">   --->   Core 81 'RAM' <Latency = 1> <II = 1> <Delay = 2.32> <Storage> <Opcode : 'load' 'store'> <Ports = 2> <Width = 7> <Depth = 8> <RAM>
ST_8 : Operation 278 [2/2] (2.32ns)   --->   "%buffer_c2_16_load_1 = load i3 %buffer_c2_16_addr" [cnn_hls.cpp:132]   --->   Operation 278 'load' 'buffer_c2_16_load_1' <Predicate = (trunc_ln128 == 1 & !icmp_ln131)> <Delay = 2.32> <CoreInst = "RAM">   --->   Core 81 'RAM' <Latency = 1> <II = 1> <Delay = 2.32> <Storage> <Opcode : 'load' 'store'> <Ports = 2> <Width = 7> <Depth = 8> <RAM>
ST_8 : Operation 279 [2/2] (2.32ns)   --->   "%buffer_c2_17_load_1 = load i3 %buffer_c2_17_addr" [cnn_hls.cpp:132]   --->   Operation 279 'load' 'buffer_c2_17_load_1' <Predicate = (trunc_ln128 == 0 & !icmp_ln131)> <Delay = 2.32> <CoreInst = "RAM">   --->   Core 81 'RAM' <Latency = 1> <II = 1> <Delay = 2.32> <Storage> <Opcode : 'load' 'store'> <Ports = 2> <Width = 7> <Depth = 8> <RAM>
ST_8 : Operation 280 [2/2] (2.32ns)   --->   "%buffer_c2_18_load_1 = load i3 %buffer_c2_18_addr" [cnn_hls.cpp:132]   --->   Operation 280 'load' 'buffer_c2_18_load_1' <Predicate = (trunc_ln128 == 2 & !icmp_ln131)> <Delay = 2.32> <CoreInst = "RAM">   --->   Core 81 'RAM' <Latency = 1> <II = 1> <Delay = 2.32> <Storage> <Opcode : 'load' 'store'> <Ports = 2> <Width = 7> <Depth = 8> <RAM>
ST_8 : Operation 281 [2/2] (2.32ns)   --->   "%buffer_c2_19_load_1 = load i3 %buffer_c2_19_addr" [cnn_hls.cpp:132]   --->   Operation 281 'load' 'buffer_c2_19_load_1' <Predicate = (trunc_ln128 == 1 & !icmp_ln131)> <Delay = 2.32> <CoreInst = "RAM">   --->   Core 81 'RAM' <Latency = 1> <II = 1> <Delay = 2.32> <Storage> <Opcode : 'load' 'store'> <Ports = 2> <Width = 7> <Depth = 8> <RAM>
ST_8 : Operation 282 [2/2] (2.32ns)   --->   "%buffer_c2_20_load_1 = load i3 %buffer_c2_20_addr" [cnn_hls.cpp:132]   --->   Operation 282 'load' 'buffer_c2_20_load_1' <Predicate = (trunc_ln128 == 0 & !icmp_ln131)> <Delay = 2.32> <CoreInst = "RAM">   --->   Core 81 'RAM' <Latency = 1> <II = 1> <Delay = 2.32> <Storage> <Opcode : 'load' 'store'> <Ports = 2> <Width = 7> <Depth = 8> <RAM>
ST_8 : Operation 283 [2/2] (2.32ns)   --->   "%buffer_c2_21_load_1 = load i3 %buffer_c2_21_addr" [cnn_hls.cpp:132]   --->   Operation 283 'load' 'buffer_c2_21_load_1' <Predicate = (trunc_ln128 == 2 & !icmp_ln131)> <Delay = 2.32> <CoreInst = "RAM">   --->   Core 81 'RAM' <Latency = 1> <II = 1> <Delay = 2.32> <Storage> <Opcode : 'load' 'store'> <Ports = 2> <Width = 7> <Depth = 8> <RAM>
ST_8 : Operation 284 [2/2] (2.32ns)   --->   "%buffer_c2_22_load_1 = load i3 %buffer_c2_22_addr" [cnn_hls.cpp:132]   --->   Operation 284 'load' 'buffer_c2_22_load_1' <Predicate = (trunc_ln128 == 1 & !icmp_ln131)> <Delay = 2.32> <CoreInst = "RAM">   --->   Core 81 'RAM' <Latency = 1> <II = 1> <Delay = 2.32> <Storage> <Opcode : 'load' 'store'> <Ports = 2> <Width = 7> <Depth = 8> <RAM>
ST_8 : Operation 285 [2/2] (2.32ns)   --->   "%buffer_c2_23_load_1 = load i3 %buffer_c2_23_addr" [cnn_hls.cpp:132]   --->   Operation 285 'load' 'buffer_c2_23_load_1' <Predicate = (trunc_ln128 == 0 & !icmp_ln131)> <Delay = 2.32> <CoreInst = "RAM">   --->   Core 81 'RAM' <Latency = 1> <II = 1> <Delay = 2.32> <Storage> <Opcode : 'load' 'store'> <Ports = 2> <Width = 7> <Depth = 8> <RAM>
ST_8 : Operation 286 [2/2] (2.32ns)   --->   "%buffer_c2_24_load_1 = load i3 %buffer_c2_24_addr" [cnn_hls.cpp:132]   --->   Operation 286 'load' 'buffer_c2_24_load_1' <Predicate = (trunc_ln128 == 2 & !icmp_ln131)> <Delay = 2.32> <CoreInst = "RAM">   --->   Core 81 'RAM' <Latency = 1> <II = 1> <Delay = 2.32> <Storage> <Opcode : 'load' 'store'> <Ports = 2> <Width = 7> <Depth = 8> <RAM>
ST_8 : Operation 287 [2/2] (2.32ns)   --->   "%buffer_c2_25_load_1 = load i3 %buffer_c2_25_addr" [cnn_hls.cpp:132]   --->   Operation 287 'load' 'buffer_c2_25_load_1' <Predicate = (trunc_ln128 == 1 & !icmp_ln131)> <Delay = 2.32> <CoreInst = "RAM">   --->   Core 81 'RAM' <Latency = 1> <II = 1> <Delay = 2.32> <Storage> <Opcode : 'load' 'store'> <Ports = 2> <Width = 7> <Depth = 8> <RAM>
ST_8 : Operation 288 [2/2] (2.32ns)   --->   "%buffer_c2_26_load_1 = load i3 %buffer_c2_26_addr" [cnn_hls.cpp:132]   --->   Operation 288 'load' 'buffer_c2_26_load_1' <Predicate = (trunc_ln128 == 0 & !icmp_ln131)> <Delay = 2.32> <CoreInst = "RAM">   --->   Core 81 'RAM' <Latency = 1> <II = 1> <Delay = 2.32> <Storage> <Opcode : 'load' 'store'> <Ports = 2> <Width = 7> <Depth = 8> <RAM>
ST_8 : Operation 289 [2/2] (2.32ns)   --->   "%buffer_c2_27_load_1 = load i3 %buffer_c2_27_addr" [cnn_hls.cpp:132]   --->   Operation 289 'load' 'buffer_c2_27_load_1' <Predicate = (trunc_ln128 == 2 & !icmp_ln131)> <Delay = 2.32> <CoreInst = "RAM">   --->   Core 81 'RAM' <Latency = 1> <II = 1> <Delay = 2.32> <Storage> <Opcode : 'load' 'store'> <Ports = 2> <Width = 7> <Depth = 8> <RAM>
ST_8 : Operation 290 [2/2] (2.32ns)   --->   "%buffer_c2_28_load_1 = load i3 %buffer_c2_28_addr" [cnn_hls.cpp:132]   --->   Operation 290 'load' 'buffer_c2_28_load_1' <Predicate = (trunc_ln128 == 1 & !icmp_ln131)> <Delay = 2.32> <CoreInst = "RAM">   --->   Core 81 'RAM' <Latency = 1> <II = 1> <Delay = 2.32> <Storage> <Opcode : 'load' 'store'> <Ports = 2> <Width = 7> <Depth = 8> <RAM>
ST_8 : Operation 291 [2/2] (2.32ns)   --->   "%buffer_c2_29_load_1 = load i3 %buffer_c2_29_addr" [cnn_hls.cpp:132]   --->   Operation 291 'load' 'buffer_c2_29_load_1' <Predicate = (trunc_ln128 == 0 & !icmp_ln131)> <Delay = 2.32> <CoreInst = "RAM">   --->   Core 81 'RAM' <Latency = 1> <II = 1> <Delay = 2.32> <Storage> <Opcode : 'load' 'store'> <Ports = 2> <Width = 7> <Depth = 8> <RAM>
ST_8 : Operation 292 [2/2] (2.32ns)   --->   "%buffer_c2_30_load_1 = load i3 %buffer_c2_30_addr" [cnn_hls.cpp:132]   --->   Operation 292 'load' 'buffer_c2_30_load_1' <Predicate = (trunc_ln128 == 2 & !icmp_ln131)> <Delay = 2.32> <CoreInst = "RAM">   --->   Core 81 'RAM' <Latency = 1> <II = 1> <Delay = 2.32> <Storage> <Opcode : 'load' 'store'> <Ports = 2> <Width = 7> <Depth = 8> <RAM>
ST_8 : Operation 293 [2/2] (2.32ns)   --->   "%buffer_c2_31_load_1 = load i3 %buffer_c2_31_addr" [cnn_hls.cpp:132]   --->   Operation 293 'load' 'buffer_c2_31_load_1' <Predicate = (trunc_ln128 == 1 & !icmp_ln131)> <Delay = 2.32> <CoreInst = "RAM">   --->   Core 81 'RAM' <Latency = 1> <II = 1> <Delay = 2.32> <Storage> <Opcode : 'load' 'store'> <Ports = 2> <Width = 7> <Depth = 8> <RAM>
ST_8 : Operation 294 [2/2] (2.32ns)   --->   "%buffer_c2_32_load_1 = load i3 %buffer_c2_32_addr" [cnn_hls.cpp:132]   --->   Operation 294 'load' 'buffer_c2_32_load_1' <Predicate = (trunc_ln128 == 0 & !icmp_ln131)> <Delay = 2.32> <CoreInst = "RAM">   --->   Core 81 'RAM' <Latency = 1> <II = 1> <Delay = 2.32> <Storage> <Opcode : 'load' 'store'> <Ports = 2> <Width = 7> <Depth = 8> <RAM>
ST_8 : Operation 295 [2/2] (2.32ns)   --->   "%buffer_c2_33_load_1 = load i3 %buffer_c2_33_addr" [cnn_hls.cpp:132]   --->   Operation 295 'load' 'buffer_c2_33_load_1' <Predicate = (trunc_ln128 == 2 & !icmp_ln131)> <Delay = 2.32> <CoreInst = "RAM">   --->   Core 81 'RAM' <Latency = 1> <II = 1> <Delay = 2.32> <Storage> <Opcode : 'load' 'store'> <Ports = 2> <Width = 7> <Depth = 8> <RAM>
ST_8 : Operation 296 [2/2] (2.32ns)   --->   "%buffer_c2_34_load_1 = load i3 %buffer_c2_34_addr" [cnn_hls.cpp:132]   --->   Operation 296 'load' 'buffer_c2_34_load_1' <Predicate = (trunc_ln128 == 1 & !icmp_ln131)> <Delay = 2.32> <CoreInst = "RAM">   --->   Core 81 'RAM' <Latency = 1> <II = 1> <Delay = 2.32> <Storage> <Opcode : 'load' 'store'> <Ports = 2> <Width = 7> <Depth = 8> <RAM>
ST_8 : Operation 297 [2/2] (2.32ns)   --->   "%buffer_c2_35_load_1 = load i3 %buffer_c2_35_addr" [cnn_hls.cpp:132]   --->   Operation 297 'load' 'buffer_c2_35_load_1' <Predicate = (trunc_ln128 == 0 & !icmp_ln131)> <Delay = 2.32> <CoreInst = "RAM">   --->   Core 81 'RAM' <Latency = 1> <II = 1> <Delay = 2.32> <Storage> <Opcode : 'load' 'store'> <Ports = 2> <Width = 7> <Depth = 8> <RAM>
ST_8 : Operation 298 [2/2] (2.32ns)   --->   "%buffer_c2_36_load_1 = load i3 %buffer_c2_36_addr" [cnn_hls.cpp:132]   --->   Operation 298 'load' 'buffer_c2_36_load_1' <Predicate = (trunc_ln128 == 2 & !icmp_ln131)> <Delay = 2.32> <CoreInst = "RAM">   --->   Core 81 'RAM' <Latency = 1> <II = 1> <Delay = 2.32> <Storage> <Opcode : 'load' 'store'> <Ports = 2> <Width = 7> <Depth = 8> <RAM>
ST_8 : Operation 299 [2/2] (2.32ns)   --->   "%buffer_c2_37_load_1 = load i3 %buffer_c2_37_addr" [cnn_hls.cpp:132]   --->   Operation 299 'load' 'buffer_c2_37_load_1' <Predicate = (trunc_ln128 == 1 & !icmp_ln131)> <Delay = 2.32> <CoreInst = "RAM">   --->   Core 81 'RAM' <Latency = 1> <II = 1> <Delay = 2.32> <Storage> <Opcode : 'load' 'store'> <Ports = 2> <Width = 7> <Depth = 8> <RAM>
ST_8 : Operation 300 [2/2] (2.32ns)   --->   "%buffer_c2_38_load_1 = load i3 %buffer_c2_38_addr" [cnn_hls.cpp:132]   --->   Operation 300 'load' 'buffer_c2_38_load_1' <Predicate = (trunc_ln128 == 0 & !icmp_ln131)> <Delay = 2.32> <CoreInst = "RAM">   --->   Core 81 'RAM' <Latency = 1> <II = 1> <Delay = 2.32> <Storage> <Opcode : 'load' 'store'> <Ports = 2> <Width = 7> <Depth = 8> <RAM>
ST_8 : Operation 301 [2/2] (2.32ns)   --->   "%buffer_c2_39_load_1 = load i3 %buffer_c2_39_addr" [cnn_hls.cpp:132]   --->   Operation 301 'load' 'buffer_c2_39_load_1' <Predicate = (trunc_ln128 == 2 & !icmp_ln131)> <Delay = 2.32> <CoreInst = "RAM">   --->   Core 81 'RAM' <Latency = 1> <II = 1> <Delay = 2.32> <Storage> <Opcode : 'load' 'store'> <Ports = 2> <Width = 7> <Depth = 8> <RAM>
ST_8 : Operation 302 [2/2] (2.32ns)   --->   "%buffer_c2_40_load_1 = load i3 %buffer_c2_40_addr" [cnn_hls.cpp:132]   --->   Operation 302 'load' 'buffer_c2_40_load_1' <Predicate = (trunc_ln128 == 1 & !icmp_ln131)> <Delay = 2.32> <CoreInst = "RAM">   --->   Core 81 'RAM' <Latency = 1> <II = 1> <Delay = 2.32> <Storage> <Opcode : 'load' 'store'> <Ports = 2> <Width = 7> <Depth = 8> <RAM>
ST_8 : Operation 303 [2/2] (2.32ns)   --->   "%buffer_c2_41_load_1 = load i3 %buffer_c2_41_addr" [cnn_hls.cpp:132]   --->   Operation 303 'load' 'buffer_c2_41_load_1' <Predicate = (trunc_ln128 == 0 & !icmp_ln131)> <Delay = 2.32> <CoreInst = "RAM">   --->   Core 81 'RAM' <Latency = 1> <II = 1> <Delay = 2.32> <Storage> <Opcode : 'load' 'store'> <Ports = 2> <Width = 7> <Depth = 8> <RAM>
ST_8 : Operation 304 [2/2] (2.32ns)   --->   "%buffer_c2_42_load_1 = load i3 %buffer_c2_42_addr" [cnn_hls.cpp:132]   --->   Operation 304 'load' 'buffer_c2_42_load_1' <Predicate = (trunc_ln128 == 2 & !icmp_ln131)> <Delay = 2.32> <CoreInst = "RAM">   --->   Core 81 'RAM' <Latency = 1> <II = 1> <Delay = 2.32> <Storage> <Opcode : 'load' 'store'> <Ports = 2> <Width = 7> <Depth = 8> <RAM>
ST_8 : Operation 305 [2/2] (2.32ns)   --->   "%buffer_c2_43_load_1 = load i3 %buffer_c2_43_addr" [cnn_hls.cpp:132]   --->   Operation 305 'load' 'buffer_c2_43_load_1' <Predicate = (trunc_ln128 == 1 & !icmp_ln131)> <Delay = 2.32> <CoreInst = "RAM">   --->   Core 81 'RAM' <Latency = 1> <II = 1> <Delay = 2.32> <Storage> <Opcode : 'load' 'store'> <Ports = 2> <Width = 7> <Depth = 8> <RAM>
ST_8 : Operation 306 [2/2] (2.32ns)   --->   "%buffer_c2_44_load_1 = load i3 %buffer_c2_44_addr" [cnn_hls.cpp:132]   --->   Operation 306 'load' 'buffer_c2_44_load_1' <Predicate = (trunc_ln128 == 0 & !icmp_ln131)> <Delay = 2.32> <CoreInst = "RAM">   --->   Core 81 'RAM' <Latency = 1> <II = 1> <Delay = 2.32> <Storage> <Opcode : 'load' 'store'> <Ports = 2> <Width = 7> <Depth = 8> <RAM>
ST_8 : Operation 307 [2/2] (2.32ns)   --->   "%buffer_c2_45_load_1 = load i3 %buffer_c2_45_addr" [cnn_hls.cpp:132]   --->   Operation 307 'load' 'buffer_c2_45_load_1' <Predicate = (trunc_ln128 == 2 & !icmp_ln131)> <Delay = 2.32> <CoreInst = "RAM">   --->   Core 81 'RAM' <Latency = 1> <II = 1> <Delay = 2.32> <Storage> <Opcode : 'load' 'store'> <Ports = 2> <Width = 7> <Depth = 8> <RAM>
ST_8 : Operation 308 [2/2] (2.32ns)   --->   "%buffer_c2_46_load_1 = load i3 %buffer_c2_46_addr" [cnn_hls.cpp:132]   --->   Operation 308 'load' 'buffer_c2_46_load_1' <Predicate = (trunc_ln128 == 1 & !icmp_ln131)> <Delay = 2.32> <CoreInst = "RAM">   --->   Core 81 'RAM' <Latency = 1> <II = 1> <Delay = 2.32> <Storage> <Opcode : 'load' 'store'> <Ports = 2> <Width = 7> <Depth = 8> <RAM>
ST_8 : Operation 309 [2/2] (2.32ns)   --->   "%buffer_c2_47_load_1 = load i3 %buffer_c2_47_addr" [cnn_hls.cpp:132]   --->   Operation 309 'load' 'buffer_c2_47_load_1' <Predicate = (trunc_ln128 == 0 & !icmp_ln131)> <Delay = 2.32> <CoreInst = "RAM">   --->   Core 81 'RAM' <Latency = 1> <II = 1> <Delay = 2.32> <Storage> <Opcode : 'load' 'store'> <Ports = 2> <Width = 7> <Depth = 8> <RAM>
ST_8 : Operation 310 [2/2] (2.32ns)   --->   "%buffer_c2_load_2 = load i3 %buffer_c2_addr_2" [cnn_hls.cpp:132]   --->   Operation 310 'load' 'buffer_c2_load_2' <Predicate = (trunc_ln128 == 1 & !icmp_ln131_1)> <Delay = 2.32> <CoreInst = "RAM">   --->   Core 81 'RAM' <Latency = 1> <II = 1> <Delay = 2.32> <Storage> <Opcode : 'load' 'store'> <Ports = 2> <Width = 7> <Depth = 8> <RAM>
ST_8 : Operation 311 [2/2] (2.32ns)   --->   "%buffer_c2_1_load_2 = load i3 %buffer_c2_1_addr_2" [cnn_hls.cpp:132]   --->   Operation 311 'load' 'buffer_c2_1_load_2' <Predicate = (trunc_ln128 == 0 & !icmp_ln131_1)> <Delay = 2.32> <CoreInst = "RAM">   --->   Core 81 'RAM' <Latency = 1> <II = 1> <Delay = 2.32> <Storage> <Opcode : 'load' 'store'> <Ports = 2> <Width = 7> <Depth = 8> <RAM>
ST_8 : Operation 312 [2/2] (2.32ns)   --->   "%buffer_c2_2_load_2 = load i3 %buffer_c2_2_addr_2" [cnn_hls.cpp:132]   --->   Operation 312 'load' 'buffer_c2_2_load_2' <Predicate = (trunc_ln128 == 2 & !icmp_ln131_1)> <Delay = 2.32> <CoreInst = "RAM">   --->   Core 81 'RAM' <Latency = 1> <II = 1> <Delay = 2.32> <Storage> <Opcode : 'load' 'store'> <Ports = 2> <Width = 7> <Depth = 8> <RAM>
ST_8 : Operation 313 [2/2] (2.32ns)   --->   "%buffer_c2_3_load_2 = load i3 %buffer_c2_3_addr_2" [cnn_hls.cpp:132]   --->   Operation 313 'load' 'buffer_c2_3_load_2' <Predicate = (trunc_ln128 == 1 & !icmp_ln131_1)> <Delay = 2.32> <CoreInst = "RAM">   --->   Core 81 'RAM' <Latency = 1> <II = 1> <Delay = 2.32> <Storage> <Opcode : 'load' 'store'> <Ports = 2> <Width = 7> <Depth = 8> <RAM>
ST_8 : Operation 314 [2/2] (2.32ns)   --->   "%buffer_c2_4_load_2 = load i3 %buffer_c2_4_addr_2" [cnn_hls.cpp:132]   --->   Operation 314 'load' 'buffer_c2_4_load_2' <Predicate = (trunc_ln128 == 0 & !icmp_ln131_1)> <Delay = 2.32> <CoreInst = "RAM">   --->   Core 81 'RAM' <Latency = 1> <II = 1> <Delay = 2.32> <Storage> <Opcode : 'load' 'store'> <Ports = 2> <Width = 7> <Depth = 8> <RAM>
ST_8 : Operation 315 [2/2] (2.32ns)   --->   "%buffer_c2_5_load_2 = load i3 %buffer_c2_5_addr_2" [cnn_hls.cpp:132]   --->   Operation 315 'load' 'buffer_c2_5_load_2' <Predicate = (trunc_ln128 == 2 & !icmp_ln131_1)> <Delay = 2.32> <CoreInst = "RAM">   --->   Core 81 'RAM' <Latency = 1> <II = 1> <Delay = 2.32> <Storage> <Opcode : 'load' 'store'> <Ports = 2> <Width = 7> <Depth = 8> <RAM>
ST_8 : Operation 316 [2/2] (2.32ns)   --->   "%buffer_c2_6_load_2 = load i3 %buffer_c2_6_addr_2" [cnn_hls.cpp:132]   --->   Operation 316 'load' 'buffer_c2_6_load_2' <Predicate = (trunc_ln128 == 1 & !icmp_ln131_1)> <Delay = 2.32> <CoreInst = "RAM">   --->   Core 81 'RAM' <Latency = 1> <II = 1> <Delay = 2.32> <Storage> <Opcode : 'load' 'store'> <Ports = 2> <Width = 7> <Depth = 8> <RAM>
ST_8 : Operation 317 [2/2] (2.32ns)   --->   "%buffer_c2_7_load_2 = load i3 %buffer_c2_7_addr_2" [cnn_hls.cpp:132]   --->   Operation 317 'load' 'buffer_c2_7_load_2' <Predicate = (trunc_ln128 == 0 & !icmp_ln131_1)> <Delay = 2.32> <CoreInst = "RAM">   --->   Core 81 'RAM' <Latency = 1> <II = 1> <Delay = 2.32> <Storage> <Opcode : 'load' 'store'> <Ports = 2> <Width = 7> <Depth = 8> <RAM>
ST_8 : Operation 318 [2/2] (2.32ns)   --->   "%buffer_c2_8_load_2 = load i3 %buffer_c2_8_addr_2" [cnn_hls.cpp:132]   --->   Operation 318 'load' 'buffer_c2_8_load_2' <Predicate = (trunc_ln128 == 2 & !icmp_ln131_1)> <Delay = 2.32> <CoreInst = "RAM">   --->   Core 81 'RAM' <Latency = 1> <II = 1> <Delay = 2.32> <Storage> <Opcode : 'load' 'store'> <Ports = 2> <Width = 7> <Depth = 8> <RAM>
ST_8 : Operation 319 [2/2] (2.32ns)   --->   "%buffer_c2_9_load_2 = load i3 %buffer_c2_9_addr_2" [cnn_hls.cpp:132]   --->   Operation 319 'load' 'buffer_c2_9_load_2' <Predicate = (trunc_ln128 == 1 & !icmp_ln131_1)> <Delay = 2.32> <CoreInst = "RAM">   --->   Core 81 'RAM' <Latency = 1> <II = 1> <Delay = 2.32> <Storage> <Opcode : 'load' 'store'> <Ports = 2> <Width = 7> <Depth = 8> <RAM>
ST_8 : Operation 320 [2/2] (2.32ns)   --->   "%buffer_c2_10_load_2 = load i3 %buffer_c2_10_addr_2" [cnn_hls.cpp:132]   --->   Operation 320 'load' 'buffer_c2_10_load_2' <Predicate = (trunc_ln128 == 0 & !icmp_ln131_1)> <Delay = 2.32> <CoreInst = "RAM">   --->   Core 81 'RAM' <Latency = 1> <II = 1> <Delay = 2.32> <Storage> <Opcode : 'load' 'store'> <Ports = 2> <Width = 7> <Depth = 8> <RAM>
ST_8 : Operation 321 [2/2] (2.32ns)   --->   "%buffer_c2_11_load_2 = load i3 %buffer_c2_11_addr_2" [cnn_hls.cpp:132]   --->   Operation 321 'load' 'buffer_c2_11_load_2' <Predicate = (trunc_ln128 == 2 & !icmp_ln131_1)> <Delay = 2.32> <CoreInst = "RAM">   --->   Core 81 'RAM' <Latency = 1> <II = 1> <Delay = 2.32> <Storage> <Opcode : 'load' 'store'> <Ports = 2> <Width = 7> <Depth = 8> <RAM>
ST_8 : Operation 322 [2/2] (2.32ns)   --->   "%buffer_c2_12_load_2 = load i3 %buffer_c2_12_addr_2" [cnn_hls.cpp:132]   --->   Operation 322 'load' 'buffer_c2_12_load_2' <Predicate = (trunc_ln128 == 1 & !icmp_ln131_1)> <Delay = 2.32> <CoreInst = "RAM">   --->   Core 81 'RAM' <Latency = 1> <II = 1> <Delay = 2.32> <Storage> <Opcode : 'load' 'store'> <Ports = 2> <Width = 7> <Depth = 8> <RAM>
ST_8 : Operation 323 [2/2] (2.32ns)   --->   "%buffer_c2_13_load_2 = load i3 %buffer_c2_13_addr_2" [cnn_hls.cpp:132]   --->   Operation 323 'load' 'buffer_c2_13_load_2' <Predicate = (trunc_ln128 == 0 & !icmp_ln131_1)> <Delay = 2.32> <CoreInst = "RAM">   --->   Core 81 'RAM' <Latency = 1> <II = 1> <Delay = 2.32> <Storage> <Opcode : 'load' 'store'> <Ports = 2> <Width = 7> <Depth = 8> <RAM>
ST_8 : Operation 324 [2/2] (2.32ns)   --->   "%buffer_c2_14_load_2 = load i3 %buffer_c2_14_addr_2" [cnn_hls.cpp:132]   --->   Operation 324 'load' 'buffer_c2_14_load_2' <Predicate = (trunc_ln128 == 2 & !icmp_ln131_1)> <Delay = 2.32> <CoreInst = "RAM">   --->   Core 81 'RAM' <Latency = 1> <II = 1> <Delay = 2.32> <Storage> <Opcode : 'load' 'store'> <Ports = 2> <Width = 7> <Depth = 8> <RAM>
ST_8 : Operation 325 [2/2] (2.32ns)   --->   "%buffer_c2_15_load_2 = load i3 %buffer_c2_15_addr_2" [cnn_hls.cpp:132]   --->   Operation 325 'load' 'buffer_c2_15_load_2' <Predicate = (trunc_ln128 == 1 & !icmp_ln131_1)> <Delay = 2.32> <CoreInst = "RAM">   --->   Core 81 'RAM' <Latency = 1> <II = 1> <Delay = 2.32> <Storage> <Opcode : 'load' 'store'> <Ports = 2> <Width = 7> <Depth = 8> <RAM>
ST_8 : Operation 326 [2/2] (2.32ns)   --->   "%buffer_c2_16_load_2 = load i3 %buffer_c2_16_addr_2" [cnn_hls.cpp:132]   --->   Operation 326 'load' 'buffer_c2_16_load_2' <Predicate = (trunc_ln128 == 0 & !icmp_ln131_1)> <Delay = 2.32> <CoreInst = "RAM">   --->   Core 81 'RAM' <Latency = 1> <II = 1> <Delay = 2.32> <Storage> <Opcode : 'load' 'store'> <Ports = 2> <Width = 7> <Depth = 8> <RAM>
ST_8 : Operation 327 [2/2] (2.32ns)   --->   "%buffer_c2_17_load_2 = load i3 %buffer_c2_17_addr_2" [cnn_hls.cpp:132]   --->   Operation 327 'load' 'buffer_c2_17_load_2' <Predicate = (trunc_ln128 == 2 & !icmp_ln131_1)> <Delay = 2.32> <CoreInst = "RAM">   --->   Core 81 'RAM' <Latency = 1> <II = 1> <Delay = 2.32> <Storage> <Opcode : 'load' 'store'> <Ports = 2> <Width = 7> <Depth = 8> <RAM>
ST_8 : Operation 328 [2/2] (2.32ns)   --->   "%buffer_c2_18_load_2 = load i3 %buffer_c2_18_addr_2" [cnn_hls.cpp:132]   --->   Operation 328 'load' 'buffer_c2_18_load_2' <Predicate = (trunc_ln128 == 1 & !icmp_ln131_1)> <Delay = 2.32> <CoreInst = "RAM">   --->   Core 81 'RAM' <Latency = 1> <II = 1> <Delay = 2.32> <Storage> <Opcode : 'load' 'store'> <Ports = 2> <Width = 7> <Depth = 8> <RAM>
ST_8 : Operation 329 [2/2] (2.32ns)   --->   "%buffer_c2_19_load_2 = load i3 %buffer_c2_19_addr_2" [cnn_hls.cpp:132]   --->   Operation 329 'load' 'buffer_c2_19_load_2' <Predicate = (trunc_ln128 == 0 & !icmp_ln131_1)> <Delay = 2.32> <CoreInst = "RAM">   --->   Core 81 'RAM' <Latency = 1> <II = 1> <Delay = 2.32> <Storage> <Opcode : 'load' 'store'> <Ports = 2> <Width = 7> <Depth = 8> <RAM>
ST_8 : Operation 330 [2/2] (2.32ns)   --->   "%buffer_c2_20_load_2 = load i3 %buffer_c2_20_addr_2" [cnn_hls.cpp:132]   --->   Operation 330 'load' 'buffer_c2_20_load_2' <Predicate = (trunc_ln128 == 2 & !icmp_ln131_1)> <Delay = 2.32> <CoreInst = "RAM">   --->   Core 81 'RAM' <Latency = 1> <II = 1> <Delay = 2.32> <Storage> <Opcode : 'load' 'store'> <Ports = 2> <Width = 7> <Depth = 8> <RAM>
ST_8 : Operation 331 [2/2] (2.32ns)   --->   "%buffer_c2_21_load_2 = load i3 %buffer_c2_21_addr_2" [cnn_hls.cpp:132]   --->   Operation 331 'load' 'buffer_c2_21_load_2' <Predicate = (trunc_ln128 == 1 & !icmp_ln131_1)> <Delay = 2.32> <CoreInst = "RAM">   --->   Core 81 'RAM' <Latency = 1> <II = 1> <Delay = 2.32> <Storage> <Opcode : 'load' 'store'> <Ports = 2> <Width = 7> <Depth = 8> <RAM>
ST_8 : Operation 332 [2/2] (2.32ns)   --->   "%buffer_c2_22_load_2 = load i3 %buffer_c2_22_addr_2" [cnn_hls.cpp:132]   --->   Operation 332 'load' 'buffer_c2_22_load_2' <Predicate = (trunc_ln128 == 0 & !icmp_ln131_1)> <Delay = 2.32> <CoreInst = "RAM">   --->   Core 81 'RAM' <Latency = 1> <II = 1> <Delay = 2.32> <Storage> <Opcode : 'load' 'store'> <Ports = 2> <Width = 7> <Depth = 8> <RAM>
ST_8 : Operation 333 [2/2] (2.32ns)   --->   "%buffer_c2_23_load_2 = load i3 %buffer_c2_23_addr_2" [cnn_hls.cpp:132]   --->   Operation 333 'load' 'buffer_c2_23_load_2' <Predicate = (trunc_ln128 == 2 & !icmp_ln131_1)> <Delay = 2.32> <CoreInst = "RAM">   --->   Core 81 'RAM' <Latency = 1> <II = 1> <Delay = 2.32> <Storage> <Opcode : 'load' 'store'> <Ports = 2> <Width = 7> <Depth = 8> <RAM>
ST_8 : Operation 334 [2/2] (2.32ns)   --->   "%buffer_c2_24_load_2 = load i3 %buffer_c2_24_addr_2" [cnn_hls.cpp:132]   --->   Operation 334 'load' 'buffer_c2_24_load_2' <Predicate = (trunc_ln128 == 1 & !icmp_ln131_1)> <Delay = 2.32> <CoreInst = "RAM">   --->   Core 81 'RAM' <Latency = 1> <II = 1> <Delay = 2.32> <Storage> <Opcode : 'load' 'store'> <Ports = 2> <Width = 7> <Depth = 8> <RAM>
ST_8 : Operation 335 [2/2] (2.32ns)   --->   "%buffer_c2_25_load_2 = load i3 %buffer_c2_25_addr_2" [cnn_hls.cpp:132]   --->   Operation 335 'load' 'buffer_c2_25_load_2' <Predicate = (trunc_ln128 == 0 & !icmp_ln131_1)> <Delay = 2.32> <CoreInst = "RAM">   --->   Core 81 'RAM' <Latency = 1> <II = 1> <Delay = 2.32> <Storage> <Opcode : 'load' 'store'> <Ports = 2> <Width = 7> <Depth = 8> <RAM>
ST_8 : Operation 336 [2/2] (2.32ns)   --->   "%buffer_c2_26_load_2 = load i3 %buffer_c2_26_addr_2" [cnn_hls.cpp:132]   --->   Operation 336 'load' 'buffer_c2_26_load_2' <Predicate = (trunc_ln128 == 2 & !icmp_ln131_1)> <Delay = 2.32> <CoreInst = "RAM">   --->   Core 81 'RAM' <Latency = 1> <II = 1> <Delay = 2.32> <Storage> <Opcode : 'load' 'store'> <Ports = 2> <Width = 7> <Depth = 8> <RAM>
ST_8 : Operation 337 [2/2] (2.32ns)   --->   "%buffer_c2_27_load_2 = load i3 %buffer_c2_27_addr_2" [cnn_hls.cpp:132]   --->   Operation 337 'load' 'buffer_c2_27_load_2' <Predicate = (trunc_ln128 == 1 & !icmp_ln131_1)> <Delay = 2.32> <CoreInst = "RAM">   --->   Core 81 'RAM' <Latency = 1> <II = 1> <Delay = 2.32> <Storage> <Opcode : 'load' 'store'> <Ports = 2> <Width = 7> <Depth = 8> <RAM>
ST_8 : Operation 338 [2/2] (2.32ns)   --->   "%buffer_c2_28_load_2 = load i3 %buffer_c2_28_addr_2" [cnn_hls.cpp:132]   --->   Operation 338 'load' 'buffer_c2_28_load_2' <Predicate = (trunc_ln128 == 0 & !icmp_ln131_1)> <Delay = 2.32> <CoreInst = "RAM">   --->   Core 81 'RAM' <Latency = 1> <II = 1> <Delay = 2.32> <Storage> <Opcode : 'load' 'store'> <Ports = 2> <Width = 7> <Depth = 8> <RAM>
ST_8 : Operation 339 [2/2] (2.32ns)   --->   "%buffer_c2_29_load_2 = load i3 %buffer_c2_29_addr_2" [cnn_hls.cpp:132]   --->   Operation 339 'load' 'buffer_c2_29_load_2' <Predicate = (trunc_ln128 == 2 & !icmp_ln131_1)> <Delay = 2.32> <CoreInst = "RAM">   --->   Core 81 'RAM' <Latency = 1> <II = 1> <Delay = 2.32> <Storage> <Opcode : 'load' 'store'> <Ports = 2> <Width = 7> <Depth = 8> <RAM>
ST_8 : Operation 340 [2/2] (2.32ns)   --->   "%buffer_c2_30_load_2 = load i3 %buffer_c2_30_addr_2" [cnn_hls.cpp:132]   --->   Operation 340 'load' 'buffer_c2_30_load_2' <Predicate = (trunc_ln128 == 1 & !icmp_ln131_1)> <Delay = 2.32> <CoreInst = "RAM">   --->   Core 81 'RAM' <Latency = 1> <II = 1> <Delay = 2.32> <Storage> <Opcode : 'load' 'store'> <Ports = 2> <Width = 7> <Depth = 8> <RAM>
ST_8 : Operation 341 [2/2] (2.32ns)   --->   "%buffer_c2_31_load_2 = load i3 %buffer_c2_31_addr_2" [cnn_hls.cpp:132]   --->   Operation 341 'load' 'buffer_c2_31_load_2' <Predicate = (trunc_ln128 == 0 & !icmp_ln131_1)> <Delay = 2.32> <CoreInst = "RAM">   --->   Core 81 'RAM' <Latency = 1> <II = 1> <Delay = 2.32> <Storage> <Opcode : 'load' 'store'> <Ports = 2> <Width = 7> <Depth = 8> <RAM>
ST_8 : Operation 342 [2/2] (2.32ns)   --->   "%buffer_c2_32_load_2 = load i3 %buffer_c2_32_addr_2" [cnn_hls.cpp:132]   --->   Operation 342 'load' 'buffer_c2_32_load_2' <Predicate = (trunc_ln128 == 2 & !icmp_ln131_1)> <Delay = 2.32> <CoreInst = "RAM">   --->   Core 81 'RAM' <Latency = 1> <II = 1> <Delay = 2.32> <Storage> <Opcode : 'load' 'store'> <Ports = 2> <Width = 7> <Depth = 8> <RAM>
ST_8 : Operation 343 [2/2] (2.32ns)   --->   "%buffer_c2_33_load_2 = load i3 %buffer_c2_33_addr_2" [cnn_hls.cpp:132]   --->   Operation 343 'load' 'buffer_c2_33_load_2' <Predicate = (trunc_ln128 == 1 & !icmp_ln131_1)> <Delay = 2.32> <CoreInst = "RAM">   --->   Core 81 'RAM' <Latency = 1> <II = 1> <Delay = 2.32> <Storage> <Opcode : 'load' 'store'> <Ports = 2> <Width = 7> <Depth = 8> <RAM>
ST_8 : Operation 344 [2/2] (2.32ns)   --->   "%buffer_c2_34_load_2 = load i3 %buffer_c2_34_addr_2" [cnn_hls.cpp:132]   --->   Operation 344 'load' 'buffer_c2_34_load_2' <Predicate = (trunc_ln128 == 0 & !icmp_ln131_1)> <Delay = 2.32> <CoreInst = "RAM">   --->   Core 81 'RAM' <Latency = 1> <II = 1> <Delay = 2.32> <Storage> <Opcode : 'load' 'store'> <Ports = 2> <Width = 7> <Depth = 8> <RAM>
ST_8 : Operation 345 [2/2] (2.32ns)   --->   "%buffer_c2_35_load_2 = load i3 %buffer_c2_35_addr_2" [cnn_hls.cpp:132]   --->   Operation 345 'load' 'buffer_c2_35_load_2' <Predicate = (trunc_ln128 == 2 & !icmp_ln131_1)> <Delay = 2.32> <CoreInst = "RAM">   --->   Core 81 'RAM' <Latency = 1> <II = 1> <Delay = 2.32> <Storage> <Opcode : 'load' 'store'> <Ports = 2> <Width = 7> <Depth = 8> <RAM>
ST_8 : Operation 346 [2/2] (2.32ns)   --->   "%buffer_c2_36_load_2 = load i3 %buffer_c2_36_addr_2" [cnn_hls.cpp:132]   --->   Operation 346 'load' 'buffer_c2_36_load_2' <Predicate = (trunc_ln128 == 1 & !icmp_ln131_1)> <Delay = 2.32> <CoreInst = "RAM">   --->   Core 81 'RAM' <Latency = 1> <II = 1> <Delay = 2.32> <Storage> <Opcode : 'load' 'store'> <Ports = 2> <Width = 7> <Depth = 8> <RAM>
ST_8 : Operation 347 [2/2] (2.32ns)   --->   "%buffer_c2_37_load_2 = load i3 %buffer_c2_37_addr_2" [cnn_hls.cpp:132]   --->   Operation 347 'load' 'buffer_c2_37_load_2' <Predicate = (trunc_ln128 == 0 & !icmp_ln131_1)> <Delay = 2.32> <CoreInst = "RAM">   --->   Core 81 'RAM' <Latency = 1> <II = 1> <Delay = 2.32> <Storage> <Opcode : 'load' 'store'> <Ports = 2> <Width = 7> <Depth = 8> <RAM>
ST_8 : Operation 348 [2/2] (2.32ns)   --->   "%buffer_c2_38_load_2 = load i3 %buffer_c2_38_addr_2" [cnn_hls.cpp:132]   --->   Operation 348 'load' 'buffer_c2_38_load_2' <Predicate = (trunc_ln128 == 2 & !icmp_ln131_1)> <Delay = 2.32> <CoreInst = "RAM">   --->   Core 81 'RAM' <Latency = 1> <II = 1> <Delay = 2.32> <Storage> <Opcode : 'load' 'store'> <Ports = 2> <Width = 7> <Depth = 8> <RAM>
ST_8 : Operation 349 [2/2] (2.32ns)   --->   "%buffer_c2_39_load_2 = load i3 %buffer_c2_39_addr_2" [cnn_hls.cpp:132]   --->   Operation 349 'load' 'buffer_c2_39_load_2' <Predicate = (trunc_ln128 == 1 & !icmp_ln131_1)> <Delay = 2.32> <CoreInst = "RAM">   --->   Core 81 'RAM' <Latency = 1> <II = 1> <Delay = 2.32> <Storage> <Opcode : 'load' 'store'> <Ports = 2> <Width = 7> <Depth = 8> <RAM>
ST_8 : Operation 350 [2/2] (2.32ns)   --->   "%buffer_c2_40_load_2 = load i3 %buffer_c2_40_addr_2" [cnn_hls.cpp:132]   --->   Operation 350 'load' 'buffer_c2_40_load_2' <Predicate = (trunc_ln128 == 0 & !icmp_ln131_1)> <Delay = 2.32> <CoreInst = "RAM">   --->   Core 81 'RAM' <Latency = 1> <II = 1> <Delay = 2.32> <Storage> <Opcode : 'load' 'store'> <Ports = 2> <Width = 7> <Depth = 8> <RAM>
ST_8 : Operation 351 [2/2] (2.32ns)   --->   "%buffer_c2_41_load_2 = load i3 %buffer_c2_41_addr_2" [cnn_hls.cpp:132]   --->   Operation 351 'load' 'buffer_c2_41_load_2' <Predicate = (trunc_ln128 == 2 & !icmp_ln131_1)> <Delay = 2.32> <CoreInst = "RAM">   --->   Core 81 'RAM' <Latency = 1> <II = 1> <Delay = 2.32> <Storage> <Opcode : 'load' 'store'> <Ports = 2> <Width = 7> <Depth = 8> <RAM>
ST_8 : Operation 352 [2/2] (2.32ns)   --->   "%buffer_c2_42_load_2 = load i3 %buffer_c2_42_addr_2" [cnn_hls.cpp:132]   --->   Operation 352 'load' 'buffer_c2_42_load_2' <Predicate = (trunc_ln128 == 1 & !icmp_ln131_1)> <Delay = 2.32> <CoreInst = "RAM">   --->   Core 81 'RAM' <Latency = 1> <II = 1> <Delay = 2.32> <Storage> <Opcode : 'load' 'store'> <Ports = 2> <Width = 7> <Depth = 8> <RAM>
ST_8 : Operation 353 [2/2] (2.32ns)   --->   "%buffer_c2_43_load_2 = load i3 %buffer_c2_43_addr_2" [cnn_hls.cpp:132]   --->   Operation 353 'load' 'buffer_c2_43_load_2' <Predicate = (trunc_ln128 == 0 & !icmp_ln131_1)> <Delay = 2.32> <CoreInst = "RAM">   --->   Core 81 'RAM' <Latency = 1> <II = 1> <Delay = 2.32> <Storage> <Opcode : 'load' 'store'> <Ports = 2> <Width = 7> <Depth = 8> <RAM>
ST_8 : Operation 354 [2/2] (2.32ns)   --->   "%buffer_c2_44_load_2 = load i3 %buffer_c2_44_addr_2" [cnn_hls.cpp:132]   --->   Operation 354 'load' 'buffer_c2_44_load_2' <Predicate = (trunc_ln128 == 2 & !icmp_ln131_1)> <Delay = 2.32> <CoreInst = "RAM">   --->   Core 81 'RAM' <Latency = 1> <II = 1> <Delay = 2.32> <Storage> <Opcode : 'load' 'store'> <Ports = 2> <Width = 7> <Depth = 8> <RAM>
ST_8 : Operation 355 [2/2] (2.32ns)   --->   "%buffer_c2_45_load_2 = load i3 %buffer_c2_45_addr_2" [cnn_hls.cpp:132]   --->   Operation 355 'load' 'buffer_c2_45_load_2' <Predicate = (trunc_ln128 == 1 & !icmp_ln131_1)> <Delay = 2.32> <CoreInst = "RAM">   --->   Core 81 'RAM' <Latency = 1> <II = 1> <Delay = 2.32> <Storage> <Opcode : 'load' 'store'> <Ports = 2> <Width = 7> <Depth = 8> <RAM>
ST_8 : Operation 356 [2/2] (2.32ns)   --->   "%buffer_c2_46_load_2 = load i3 %buffer_c2_46_addr_2" [cnn_hls.cpp:132]   --->   Operation 356 'load' 'buffer_c2_46_load_2' <Predicate = (trunc_ln128 == 0 & !icmp_ln131_1)> <Delay = 2.32> <CoreInst = "RAM">   --->   Core 81 'RAM' <Latency = 1> <II = 1> <Delay = 2.32> <Storage> <Opcode : 'load' 'store'> <Ports = 2> <Width = 7> <Depth = 8> <RAM>
ST_8 : Operation 357 [2/2] (2.32ns)   --->   "%buffer_c2_47_load_2 = load i3 %buffer_c2_47_addr_2" [cnn_hls.cpp:132]   --->   Operation 357 'load' 'buffer_c2_47_load_2' <Predicate = (trunc_ln128 == 2 & !icmp_ln131_1)> <Delay = 2.32> <CoreInst = "RAM">   --->   Core 81 'RAM' <Latency = 1> <II = 1> <Delay = 2.32> <Storage> <Opcode : 'load' 'store'> <Ports = 2> <Width = 7> <Depth = 8> <RAM>
ST_8 : Operation 358 [1/1] (0.00ns)   --->   "%shl_ln135 = shl i5 %select_ln121, i5 1" [cnn_hls.cpp:135]   --->   Operation 358 'shl' 'shl_ln135' <Predicate = true> <Delay = 0.00>
ST_8 : Operation 359 [1/1] (0.00ns)   --->   "%zext_ln135 = zext i5 %shl_ln135" [cnn_hls.cpp:135]   --->   Operation 359 'zext' 'zext_ln135' <Predicate = true> <Delay = 0.00>
ST_8 : Operation 360 [1/1] (0.00ns)   --->   "%p_ZL12conv3_weight_0_addr = getelementptr i8 %p_ZL12conv3_weight_0, i64 0, i64 %zext_ln135" [cnn_hls.cpp:135]   --->   Operation 360 'getelementptr' 'p_ZL12conv3_weight_0_addr' <Predicate = true> <Delay = 0.00>
ST_8 : Operation 361 [2/2] (2.32ns)   --->   "%p_ZL12conv3_weight_0_load = load i5 %p_ZL12conv3_weight_0_addr" [cnn_hls.cpp:135]   --->   Operation 361 'load' 'p_ZL12conv3_weight_0_load' <Predicate = true> <Delay = 2.32> <CoreInst = "ROM">   --->   Core 94 'ROM' <Latency = 1> <II = 1> <Delay = 2.32> <Storage> <Opcode : 'load'> <Ports = 0> <Width = 8> <Depth = 32> <ROM>
ST_8 : Operation 362 [1/1] (0.00ns)   --->   "%p_ZL12conv3_weight_15_addr = getelementptr i8 %p_ZL12conv3_weight_15, i64 0, i64 %zext_ln135" [cnn_hls.cpp:135]   --->   Operation 362 'getelementptr' 'p_ZL12conv3_weight_15_addr' <Predicate = true> <Delay = 0.00>
ST_8 : Operation 363 [2/2] (2.32ns)   --->   "%p_ZL12conv3_weight_15_load = load i5 %p_ZL12conv3_weight_15_addr" [cnn_hls.cpp:135]   --->   Operation 363 'load' 'p_ZL12conv3_weight_15_load' <Predicate = true> <Delay = 2.32> <CoreInst = "ROM">   --->   Core 94 'ROM' <Latency = 1> <II = 1> <Delay = 2.32> <Storage> <Opcode : 'load'> <Ports = 0> <Width = 8> <Depth = 32> <ROM>
ST_8 : Operation 364 [1/1] (0.00ns)   --->   "%p_ZL12conv3_weight_18_addr = getelementptr i8 %p_ZL12conv3_weight_18, i64 0, i64 %zext_ln135" [cnn_hls.cpp:135]   --->   Operation 364 'getelementptr' 'p_ZL12conv3_weight_18_addr' <Predicate = true> <Delay = 0.00>
ST_8 : Operation 365 [2/2] (2.32ns)   --->   "%p_ZL12conv3_weight_18_load = load i5 %p_ZL12conv3_weight_18_addr" [cnn_hls.cpp:135]   --->   Operation 365 'load' 'p_ZL12conv3_weight_18_load' <Predicate = true> <Delay = 2.32> <CoreInst = "ROM">   --->   Core 94 'ROM' <Latency = 1> <II = 1> <Delay = 2.32> <Storage> <Opcode : 'load'> <Ports = 0> <Width = 8> <Depth = 32> <ROM>
ST_8 : Operation 366 [1/1] (0.00ns)   --->   "%or_ln4 = bitconcatenate i5 @_ssdm_op_BitConcatenate.i5.i4.i1, i4 %trunc_ln122, i1 1" [cnn_hls.cpp:135]   --->   Operation 366 'bitconcatenate' 'or_ln4' <Predicate = true> <Delay = 0.00>
ST_8 : Operation 367 [1/1] (0.00ns)   --->   "%zext_ln135_1 = zext i5 %or_ln4" [cnn_hls.cpp:135]   --->   Operation 367 'zext' 'zext_ln135_1' <Predicate = true> <Delay = 0.00>
ST_8 : Operation 368 [1/1] (0.00ns)   --->   "%p_ZL12conv3_weight_9_addr_1 = getelementptr i8 %p_ZL12conv3_weight_9, i64 0, i64 %zext_ln135_1" [cnn_hls.cpp:135]   --->   Operation 368 'getelementptr' 'p_ZL12conv3_weight_9_addr_1' <Predicate = true> <Delay = 0.00>
ST_8 : Operation 369 [2/2] (2.32ns)   --->   "%p_ZL12conv3_weight_9_load_1 = load i5 %p_ZL12conv3_weight_9_addr_1" [cnn_hls.cpp:135]   --->   Operation 369 'load' 'p_ZL12conv3_weight_9_load_1' <Predicate = true> <Delay = 2.32> <CoreInst = "ROM">   --->   Core 94 'ROM' <Latency = 1> <II = 1> <Delay = 2.32> <Storage> <Opcode : 'load'> <Ports = 0> <Width = 8> <Depth = 32> <ROM>
ST_8 : Operation 370 [1/1] (0.00ns)   --->   "%p_ZL12conv3_weight_12_addr_1 = getelementptr i8 %p_ZL12conv3_weight_12, i64 0, i64 %zext_ln135_1" [cnn_hls.cpp:135]   --->   Operation 370 'getelementptr' 'p_ZL12conv3_weight_12_addr_1' <Predicate = true> <Delay = 0.00>
ST_8 : Operation 371 [2/2] (2.32ns)   --->   "%p_ZL12conv3_weight_12_load_1 = load i5 %p_ZL12conv3_weight_12_addr_1" [cnn_hls.cpp:135]   --->   Operation 371 'load' 'p_ZL12conv3_weight_12_load_1' <Predicate = true> <Delay = 2.32> <CoreInst = "ROM">   --->   Core 94 'ROM' <Latency = 1> <II = 1> <Delay = 2.32> <Storage> <Opcode : 'load'> <Ports = 0> <Width = 8> <Depth = 32> <ROM>
ST_8 : Operation 372 [1/1] (0.00ns)   --->   "%p_ZL12conv3_weight_1_addr = getelementptr i8 %p_ZL12conv3_weight_1, i64 0, i64 %zext_ln135" [cnn_hls.cpp:135]   --->   Operation 372 'getelementptr' 'p_ZL12conv3_weight_1_addr' <Predicate = true> <Delay = 0.00>
ST_8 : Operation 373 [2/2] (2.32ns)   --->   "%p_ZL12conv3_weight_1_load = load i5 %p_ZL12conv3_weight_1_addr" [cnn_hls.cpp:135]   --->   Operation 373 'load' 'p_ZL12conv3_weight_1_load' <Predicate = true> <Delay = 2.32> <CoreInst = "ROM">   --->   Core 94 'ROM' <Latency = 1> <II = 1> <Delay = 2.32> <Storage> <Opcode : 'load'> <Ports = 0> <Width = 8> <Depth = 32> <ROM>
ST_8 : Operation 374 [1/1] (0.00ns)   --->   "%p_ZL12conv3_weight_10_addr = getelementptr i8 %p_ZL12conv3_weight_10, i64 0, i64 %zext_ln135" [cnn_hls.cpp:135]   --->   Operation 374 'getelementptr' 'p_ZL12conv3_weight_10_addr' <Predicate = true> <Delay = 0.00>
ST_8 : Operation 375 [2/2] (2.32ns)   --->   "%p_ZL12conv3_weight_10_load = load i5 %p_ZL12conv3_weight_10_addr" [cnn_hls.cpp:135]   --->   Operation 375 'load' 'p_ZL12conv3_weight_10_load' <Predicate = true> <Delay = 2.32> <CoreInst = "ROM">   --->   Core 94 'ROM' <Latency = 1> <II = 1> <Delay = 2.32> <Storage> <Opcode : 'load'> <Ports = 0> <Width = 8> <Depth = 32> <ROM>
ST_8 : Operation 376 [1/1] (0.00ns)   --->   "%p_ZL12conv3_weight_19_addr = getelementptr i8 %p_ZL12conv3_weight_19, i64 0, i64 %zext_ln135" [cnn_hls.cpp:135]   --->   Operation 376 'getelementptr' 'p_ZL12conv3_weight_19_addr' <Predicate = true> <Delay = 0.00>
ST_8 : Operation 377 [2/2] (2.32ns)   --->   "%p_ZL12conv3_weight_19_load = load i5 %p_ZL12conv3_weight_19_addr" [cnn_hls.cpp:135]   --->   Operation 377 'load' 'p_ZL12conv3_weight_19_load' <Predicate = true> <Delay = 2.32> <CoreInst = "ROM">   --->   Core 94 'ROM' <Latency = 1> <II = 1> <Delay = 2.32> <Storage> <Opcode : 'load'> <Ports = 0> <Width = 8> <Depth = 32> <ROM>
ST_8 : Operation 378 [1/1] (0.00ns)   --->   "%p_ZL12conv3_weight_4_addr_1 = getelementptr i8 %p_ZL12conv3_weight_4, i64 0, i64 %zext_ln135_1" [cnn_hls.cpp:135]   --->   Operation 378 'getelementptr' 'p_ZL12conv3_weight_4_addr_1' <Predicate = true> <Delay = 0.00>
ST_8 : Operation 379 [2/2] (2.32ns)   --->   "%p_ZL12conv3_weight_4_load_1 = load i5 %p_ZL12conv3_weight_4_addr_1" [cnn_hls.cpp:135]   --->   Operation 379 'load' 'p_ZL12conv3_weight_4_load_1' <Predicate = true> <Delay = 2.32> <CoreInst = "ROM">   --->   Core 94 'ROM' <Latency = 1> <II = 1> <Delay = 2.32> <Storage> <Opcode : 'load'> <Ports = 0> <Width = 8> <Depth = 32> <ROM>
ST_8 : Operation 380 [1/1] (0.00ns)   --->   "%p_ZL12conv3_weight_13_addr_1 = getelementptr i8 %p_ZL12conv3_weight_13, i64 0, i64 %zext_ln135_1" [cnn_hls.cpp:135]   --->   Operation 380 'getelementptr' 'p_ZL12conv3_weight_13_addr_1' <Predicate = true> <Delay = 0.00>
ST_8 : Operation 381 [2/2] (2.32ns)   --->   "%p_ZL12conv3_weight_13_load_1 = load i5 %p_ZL12conv3_weight_13_addr_1" [cnn_hls.cpp:135]   --->   Operation 381 'load' 'p_ZL12conv3_weight_13_load_1' <Predicate = true> <Delay = 2.32> <CoreInst = "ROM">   --->   Core 94 'ROM' <Latency = 1> <II = 1> <Delay = 2.32> <Storage> <Opcode : 'load'> <Ports = 0> <Width = 8> <Depth = 32> <ROM>
ST_8 : Operation 382 [1/1] (0.00ns)   --->   "%p_ZL12conv3_weight_22_addr_1 = getelementptr i8 %p_ZL12conv3_weight_22, i64 0, i64 %zext_ln135_1" [cnn_hls.cpp:135]   --->   Operation 382 'getelementptr' 'p_ZL12conv3_weight_22_addr_1' <Predicate = true> <Delay = 0.00>
ST_8 : Operation 383 [2/2] (2.32ns)   --->   "%p_ZL12conv3_weight_22_load_1 = load i5 %p_ZL12conv3_weight_22_addr_1" [cnn_hls.cpp:135]   --->   Operation 383 'load' 'p_ZL12conv3_weight_22_load_1' <Predicate = true> <Delay = 2.32> <CoreInst = "ROM">   --->   Core 94 'ROM' <Latency = 1> <II = 1> <Delay = 2.32> <Storage> <Opcode : 'load'> <Ports = 0> <Width = 8> <Depth = 32> <ROM>
ST_8 : Operation 384 [1/1] (0.00ns)   --->   "%p_ZL12conv3_weight_5_addr = getelementptr i8 %p_ZL12conv3_weight_5, i64 0, i64 %zext_ln135" [cnn_hls.cpp:135]   --->   Operation 384 'getelementptr' 'p_ZL12conv3_weight_5_addr' <Predicate = true> <Delay = 0.00>
ST_8 : Operation 385 [2/2] (2.32ns)   --->   "%p_ZL12conv3_weight_5_load = load i5 %p_ZL12conv3_weight_5_addr" [cnn_hls.cpp:135]   --->   Operation 385 'load' 'p_ZL12conv3_weight_5_load' <Predicate = true> <Delay = 2.32> <CoreInst = "ROM">   --->   Core 94 'ROM' <Latency = 1> <II = 1> <Delay = 2.32> <Storage> <Opcode : 'load'> <Ports = 0> <Width = 8> <Depth = 32> <ROM>
ST_8 : Operation 386 [1/1] (0.00ns)   --->   "%p_ZL12conv3_weight_14_addr = getelementptr i8 %p_ZL12conv3_weight_14, i64 0, i64 %zext_ln135" [cnn_hls.cpp:135]   --->   Operation 386 'getelementptr' 'p_ZL12conv3_weight_14_addr' <Predicate = true> <Delay = 0.00>
ST_8 : Operation 387 [2/2] (2.32ns)   --->   "%p_ZL12conv3_weight_14_load = load i5 %p_ZL12conv3_weight_14_addr" [cnn_hls.cpp:135]   --->   Operation 387 'load' 'p_ZL12conv3_weight_14_load' <Predicate = true> <Delay = 2.32> <CoreInst = "ROM">   --->   Core 94 'ROM' <Latency = 1> <II = 1> <Delay = 2.32> <Storage> <Opcode : 'load'> <Ports = 0> <Width = 8> <Depth = 32> <ROM>
ST_8 : Operation 388 [1/1] (0.00ns)   --->   "%p_ZL12conv3_weight_23_addr = getelementptr i8 %p_ZL12conv3_weight_23, i64 0, i64 %zext_ln135" [cnn_hls.cpp:135]   --->   Operation 388 'getelementptr' 'p_ZL12conv3_weight_23_addr' <Predicate = true> <Delay = 0.00>
ST_8 : Operation 389 [2/2] (2.32ns)   --->   "%p_ZL12conv3_weight_23_load = load i5 %p_ZL12conv3_weight_23_addr" [cnn_hls.cpp:135]   --->   Operation 389 'load' 'p_ZL12conv3_weight_23_load' <Predicate = true> <Delay = 2.32> <CoreInst = "ROM">   --->   Core 94 'ROM' <Latency = 1> <II = 1> <Delay = 2.32> <Storage> <Opcode : 'load'> <Ports = 0> <Width = 8> <Depth = 32> <ROM>
ST_8 : Operation 390 [1/1] (0.00ns)   --->   "%p_ZL12conv3_weight_8_addr_1 = getelementptr i8 %p_ZL12conv3_weight_8, i64 0, i64 %zext_ln135_1" [cnn_hls.cpp:135]   --->   Operation 390 'getelementptr' 'p_ZL12conv3_weight_8_addr_1' <Predicate = true> <Delay = 0.00>
ST_8 : Operation 391 [2/2] (2.32ns)   --->   "%p_ZL12conv3_weight_8_load_1 = load i5 %p_ZL12conv3_weight_8_addr_1" [cnn_hls.cpp:135]   --->   Operation 391 'load' 'p_ZL12conv3_weight_8_load_1' <Predicate = true> <Delay = 2.32> <CoreInst = "ROM">   --->   Core 94 'ROM' <Latency = 1> <II = 1> <Delay = 2.32> <Storage> <Opcode : 'load'> <Ports = 0> <Width = 8> <Depth = 32> <ROM>
ST_8 : Operation 392 [1/1] (0.00ns)   --->   "%p_ZL12conv3_weight_11_addr_1 = getelementptr i8 %p_ZL12conv3_weight_11, i64 0, i64 %zext_ln135_1" [cnn_hls.cpp:135]   --->   Operation 392 'getelementptr' 'p_ZL12conv3_weight_11_addr_1' <Predicate = true> <Delay = 0.00>
ST_8 : Operation 393 [2/2] (2.32ns)   --->   "%p_ZL12conv3_weight_11_load_1 = load i5 %p_ZL12conv3_weight_11_addr_1" [cnn_hls.cpp:135]   --->   Operation 393 'load' 'p_ZL12conv3_weight_11_load_1' <Predicate = true> <Delay = 2.32> <CoreInst = "ROM">   --->   Core 94 'ROM' <Latency = 1> <II = 1> <Delay = 2.32> <Storage> <Opcode : 'load'> <Ports = 0> <Width = 8> <Depth = 32> <ROM>
ST_8 : Operation 394 [1/1] (0.00ns)   --->   "%p_ZL12conv3_weight_23_addr_1 = getelementptr i8 %p_ZL12conv3_weight_23, i64 0, i64 %zext_ln135_1" [cnn_hls.cpp:135]   --->   Operation 394 'getelementptr' 'p_ZL12conv3_weight_23_addr_1' <Predicate = true> <Delay = 0.00>
ST_8 : Operation 395 [2/2] (2.32ns)   --->   "%p_ZL12conv3_weight_23_load_1 = load i5 %p_ZL12conv3_weight_23_addr_1" [cnn_hls.cpp:135]   --->   Operation 395 'load' 'p_ZL12conv3_weight_23_load_1' <Predicate = true> <Delay = 2.32> <CoreInst = "ROM">   --->   Core 94 'ROM' <Latency = 1> <II = 1> <Delay = 2.32> <Storage> <Opcode : 'load'> <Ports = 0> <Width = 8> <Depth = 32> <ROM>

State 9 <SV = 8> <Delay = 5.95>
ST_9 : Operation 396 [1/2] ( I:2.32ns O:2.32ns )   --->   "%buffer_c2_load = load i3 %buffer_c2_addr_1" [cnn_hls.cpp:132]   --->   Operation 396 'load' 'buffer_c2_load' <Predicate = (trunc_ln128 == 0)> <Delay = 2.32> <CoreInst = "RAM">   --->   Core 81 'RAM' <Latency = 1> <II = 1> <Delay = 2.32> <Storage> <Opcode : 'load' 'store'> <Ports = 2> <Width = 7> <Depth = 8> <RAM>
ST_9 : Operation 397 [1/2] ( I:2.32ns O:2.32ns )   --->   "%buffer_c2_1_load = load i3 %buffer_c2_1_addr_1" [cnn_hls.cpp:132]   --->   Operation 397 'load' 'buffer_c2_1_load' <Predicate = (trunc_ln128 == 2)> <Delay = 2.32> <CoreInst = "RAM">   --->   Core 81 'RAM' <Latency = 1> <II = 1> <Delay = 2.32> <Storage> <Opcode : 'load' 'store'> <Ports = 2> <Width = 7> <Depth = 8> <RAM>
ST_9 : Operation 398 [1/2] ( I:2.32ns O:2.32ns )   --->   "%buffer_c2_2_load = load i3 %buffer_c2_2_addr_1" [cnn_hls.cpp:132]   --->   Operation 398 'load' 'buffer_c2_2_load' <Predicate = (trunc_ln128 == 1)> <Delay = 2.32> <CoreInst = "RAM">   --->   Core 81 'RAM' <Latency = 1> <II = 1> <Delay = 2.32> <Storage> <Opcode : 'load' 'store'> <Ports = 2> <Width = 7> <Depth = 8> <RAM>
ST_9 : Operation 399 [1/1] (1.58ns)   --->   "%x = sparsemux i7 @_ssdm_op_SparseMux.ap_auto.3i7.i7.i2, i2 0, i7 %buffer_c2_load, i2 2, i7 %buffer_c2_1_load, i2 1, i7 %buffer_c2_2_load, i7 0, i2 %trunc_ln128" [cnn_hls.cpp:132]   --->   Operation 399 'sparsemux' 'x' <Predicate = true> <Delay = 1.58> <CoreInst = "OneHotSparseMux_HasDef">   --->   Core 140 'OneHotSparseMux_HasDef' <Latency = 0> <II = 1> <Delay = 1.58> <FuncUnit> <Opcode : 'sparsemux'> <InPorts = 2> <OutPorts = 1>
ST_9 : Operation 400 [1/1] (0.00ns)   --->   "%zext_ln132 = zext i7 %x" [cnn_hls.cpp:132]   --->   Operation 400 'zext' 'zext_ln132' <Predicate = true> <Delay = 0.00>
ST_9 : Operation 401 [1/2] ( I:2.32ns O:2.32ns )   --->   "%buffer_c2_3_load = load i3 %buffer_c2_3_addr_1" [cnn_hls.cpp:132]   --->   Operation 401 'load' 'buffer_c2_3_load' <Predicate = (trunc_ln128 == 0)> <Delay = 2.32> <CoreInst = "RAM">   --->   Core 81 'RAM' <Latency = 1> <II = 1> <Delay = 2.32> <Storage> <Opcode : 'load' 'store'> <Ports = 2> <Width = 7> <Depth = 8> <RAM>
ST_9 : Operation 402 [1/2] ( I:2.32ns O:2.32ns )   --->   "%buffer_c2_4_load = load i3 %buffer_c2_4_addr_1" [cnn_hls.cpp:132]   --->   Operation 402 'load' 'buffer_c2_4_load' <Predicate = (trunc_ln128 == 2)> <Delay = 2.32> <CoreInst = "RAM">   --->   Core 81 'RAM' <Latency = 1> <II = 1> <Delay = 2.32> <Storage> <Opcode : 'load' 'store'> <Ports = 2> <Width = 7> <Depth = 8> <RAM>
ST_9 : Operation 403 [1/2] ( I:2.32ns O:2.32ns )   --->   "%buffer_c2_5_load = load i3 %buffer_c2_5_addr_1" [cnn_hls.cpp:132]   --->   Operation 403 'load' 'buffer_c2_5_load' <Predicate = (trunc_ln128 == 1)> <Delay = 2.32> <CoreInst = "RAM">   --->   Core 81 'RAM' <Latency = 1> <II = 1> <Delay = 2.32> <Storage> <Opcode : 'load' 'store'> <Ports = 2> <Width = 7> <Depth = 8> <RAM>
ST_9 : Operation 404 [1/1] (1.58ns)   --->   "%x_48 = sparsemux i7 @_ssdm_op_SparseMux.ap_auto.3i7.i7.i2, i2 0, i7 %buffer_c2_3_load, i2 2, i7 %buffer_c2_4_load, i2 1, i7 %buffer_c2_5_load, i7 0, i2 %trunc_ln128" [cnn_hls.cpp:132]   --->   Operation 404 'sparsemux' 'x_48' <Predicate = true> <Delay = 1.58> <CoreInst = "OneHotSparseMux_HasDef">   --->   Core 140 'OneHotSparseMux_HasDef' <Latency = 0> <II = 1> <Delay = 1.58> <FuncUnit> <Opcode : 'sparsemux'> <InPorts = 2> <OutPorts = 1>
ST_9 : Operation 405 [1/2] ( I:2.32ns O:2.32ns )   --->   "%buffer_c2_6_load = load i3 %buffer_c2_6_addr_1" [cnn_hls.cpp:132]   --->   Operation 405 'load' 'buffer_c2_6_load' <Predicate = (trunc_ln128 == 0)> <Delay = 2.32> <CoreInst = "RAM">   --->   Core 81 'RAM' <Latency = 1> <II = 1> <Delay = 2.32> <Storage> <Opcode : 'load' 'store'> <Ports = 2> <Width = 7> <Depth = 8> <RAM>
ST_9 : Operation 406 [1/2] ( I:2.32ns O:2.32ns )   --->   "%buffer_c2_7_load = load i3 %buffer_c2_7_addr_1" [cnn_hls.cpp:132]   --->   Operation 406 'load' 'buffer_c2_7_load' <Predicate = (trunc_ln128 == 2)> <Delay = 2.32> <CoreInst = "RAM">   --->   Core 81 'RAM' <Latency = 1> <II = 1> <Delay = 2.32> <Storage> <Opcode : 'load' 'store'> <Ports = 2> <Width = 7> <Depth = 8> <RAM>
ST_9 : Operation 407 [1/2] ( I:2.32ns O:2.32ns )   --->   "%buffer_c2_8_load = load i3 %buffer_c2_8_addr_1" [cnn_hls.cpp:132]   --->   Operation 407 'load' 'buffer_c2_8_load' <Predicate = (trunc_ln128 == 1)> <Delay = 2.32> <CoreInst = "RAM">   --->   Core 81 'RAM' <Latency = 1> <II = 1> <Delay = 2.32> <Storage> <Opcode : 'load' 'store'> <Ports = 2> <Width = 7> <Depth = 8> <RAM>
ST_9 : Operation 408 [1/1] (1.58ns)   --->   "%x_49 = sparsemux i7 @_ssdm_op_SparseMux.ap_auto.3i7.i7.i2, i2 0, i7 %buffer_c2_6_load, i2 2, i7 %buffer_c2_7_load, i2 1, i7 %buffer_c2_8_load, i7 0, i2 %trunc_ln128" [cnn_hls.cpp:132]   --->   Operation 408 'sparsemux' 'x_49' <Predicate = true> <Delay = 1.58> <CoreInst = "OneHotSparseMux_HasDef">   --->   Core 140 'OneHotSparseMux_HasDef' <Latency = 0> <II = 1> <Delay = 1.58> <FuncUnit> <Opcode : 'sparsemux'> <InPorts = 2> <OutPorts = 1>
ST_9 : Operation 409 [1/2] ( I:2.32ns O:2.32ns )   --->   "%buffer_c2_9_load = load i3 %buffer_c2_9_addr_1" [cnn_hls.cpp:132]   --->   Operation 409 'load' 'buffer_c2_9_load' <Predicate = (trunc_ln128 == 0)> <Delay = 2.32> <CoreInst = "RAM">   --->   Core 81 'RAM' <Latency = 1> <II = 1> <Delay = 2.32> <Storage> <Opcode : 'load' 'store'> <Ports = 2> <Width = 7> <Depth = 8> <RAM>
ST_9 : Operation 410 [1/2] ( I:2.32ns O:2.32ns )   --->   "%buffer_c2_10_load = load i3 %buffer_c2_10_addr_1" [cnn_hls.cpp:132]   --->   Operation 410 'load' 'buffer_c2_10_load' <Predicate = (trunc_ln128 == 2)> <Delay = 2.32> <CoreInst = "RAM">   --->   Core 81 'RAM' <Latency = 1> <II = 1> <Delay = 2.32> <Storage> <Opcode : 'load' 'store'> <Ports = 2> <Width = 7> <Depth = 8> <RAM>
ST_9 : Operation 411 [1/2] ( I:2.32ns O:2.32ns )   --->   "%buffer_c2_11_load = load i3 %buffer_c2_11_addr_1" [cnn_hls.cpp:132]   --->   Operation 411 'load' 'buffer_c2_11_load' <Predicate = (trunc_ln128 == 1)> <Delay = 2.32> <CoreInst = "RAM">   --->   Core 81 'RAM' <Latency = 1> <II = 1> <Delay = 2.32> <Storage> <Opcode : 'load' 'store'> <Ports = 2> <Width = 7> <Depth = 8> <RAM>
ST_9 : Operation 412 [1/1] (1.58ns)   --->   "%x_50 = sparsemux i7 @_ssdm_op_SparseMux.ap_auto.3i7.i7.i2, i2 0, i7 %buffer_c2_9_load, i2 2, i7 %buffer_c2_10_load, i2 1, i7 %buffer_c2_11_load, i7 0, i2 %trunc_ln128" [cnn_hls.cpp:132]   --->   Operation 412 'sparsemux' 'x_50' <Predicate = true> <Delay = 1.58> <CoreInst = "OneHotSparseMux_HasDef">   --->   Core 140 'OneHotSparseMux_HasDef' <Latency = 0> <II = 1> <Delay = 1.58> <FuncUnit> <Opcode : 'sparsemux'> <InPorts = 2> <OutPorts = 1>
ST_9 : Operation 413 [1/1] (0.00ns)   --->   "%zext_ln132_3 = zext i7 %x_50" [cnn_hls.cpp:132]   --->   Operation 413 'zext' 'zext_ln132_3' <Predicate = true> <Delay = 0.00>
ST_9 : Operation 414 [1/2] ( I:2.32ns O:2.32ns )   --->   "%buffer_c2_12_load = load i3 %buffer_c2_12_addr_1" [cnn_hls.cpp:132]   --->   Operation 414 'load' 'buffer_c2_12_load' <Predicate = (trunc_ln128 == 0)> <Delay = 2.32> <CoreInst = "RAM">   --->   Core 81 'RAM' <Latency = 1> <II = 1> <Delay = 2.32> <Storage> <Opcode : 'load' 'store'> <Ports = 2> <Width = 7> <Depth = 8> <RAM>
ST_9 : Operation 415 [1/2] ( I:2.32ns O:2.32ns )   --->   "%buffer_c2_13_load = load i3 %buffer_c2_13_addr_1" [cnn_hls.cpp:132]   --->   Operation 415 'load' 'buffer_c2_13_load' <Predicate = (trunc_ln128 == 2)> <Delay = 2.32> <CoreInst = "RAM">   --->   Core 81 'RAM' <Latency = 1> <II = 1> <Delay = 2.32> <Storage> <Opcode : 'load' 'store'> <Ports = 2> <Width = 7> <Depth = 8> <RAM>
ST_9 : Operation 416 [1/2] ( I:2.32ns O:2.32ns )   --->   "%buffer_c2_14_load = load i3 %buffer_c2_14_addr_1" [cnn_hls.cpp:132]   --->   Operation 416 'load' 'buffer_c2_14_load' <Predicate = (trunc_ln128 == 1)> <Delay = 2.32> <CoreInst = "RAM">   --->   Core 81 'RAM' <Latency = 1> <II = 1> <Delay = 2.32> <Storage> <Opcode : 'load' 'store'> <Ports = 2> <Width = 7> <Depth = 8> <RAM>
ST_9 : Operation 417 [1/1] (1.58ns)   --->   "%x_51 = sparsemux i7 @_ssdm_op_SparseMux.ap_auto.3i7.i7.i2, i2 0, i7 %buffer_c2_12_load, i2 2, i7 %buffer_c2_13_load, i2 1, i7 %buffer_c2_14_load, i7 0, i2 %trunc_ln128" [cnn_hls.cpp:132]   --->   Operation 417 'sparsemux' 'x_51' <Predicate = true> <Delay = 1.58> <CoreInst = "OneHotSparseMux_HasDef">   --->   Core 140 'OneHotSparseMux_HasDef' <Latency = 0> <II = 1> <Delay = 1.58> <FuncUnit> <Opcode : 'sparsemux'> <InPorts = 2> <OutPorts = 1>
ST_9 : Operation 418 [1/2] ( I:2.32ns O:2.32ns )   --->   "%buffer_c2_15_load = load i3 %buffer_c2_15_addr_1" [cnn_hls.cpp:132]   --->   Operation 418 'load' 'buffer_c2_15_load' <Predicate = (trunc_ln128 == 0)> <Delay = 2.32> <CoreInst = "RAM">   --->   Core 81 'RAM' <Latency = 1> <II = 1> <Delay = 2.32> <Storage> <Opcode : 'load' 'store'> <Ports = 2> <Width = 7> <Depth = 8> <RAM>
ST_9 : Operation 419 [1/2] ( I:2.32ns O:2.32ns )   --->   "%buffer_c2_16_load = load i3 %buffer_c2_16_addr_1" [cnn_hls.cpp:132]   --->   Operation 419 'load' 'buffer_c2_16_load' <Predicate = (trunc_ln128 == 2)> <Delay = 2.32> <CoreInst = "RAM">   --->   Core 81 'RAM' <Latency = 1> <II = 1> <Delay = 2.32> <Storage> <Opcode : 'load' 'store'> <Ports = 2> <Width = 7> <Depth = 8> <RAM>
ST_9 : Operation 420 [1/2] ( I:2.32ns O:2.32ns )   --->   "%buffer_c2_17_load = load i3 %buffer_c2_17_addr_1" [cnn_hls.cpp:132]   --->   Operation 420 'load' 'buffer_c2_17_load' <Predicate = (trunc_ln128 == 1)> <Delay = 2.32> <CoreInst = "RAM">   --->   Core 81 'RAM' <Latency = 1> <II = 1> <Delay = 2.32> <Storage> <Opcode : 'load' 'store'> <Ports = 2> <Width = 7> <Depth = 8> <RAM>
ST_9 : Operation 421 [1/1] (1.58ns)   --->   "%x_52 = sparsemux i7 @_ssdm_op_SparseMux.ap_auto.3i7.i7.i2, i2 0, i7 %buffer_c2_15_load, i2 2, i7 %buffer_c2_16_load, i2 1, i7 %buffer_c2_17_load, i7 0, i2 %trunc_ln128" [cnn_hls.cpp:132]   --->   Operation 421 'sparsemux' 'x_52' <Predicate = true> <Delay = 1.58> <CoreInst = "OneHotSparseMux_HasDef">   --->   Core 140 'OneHotSparseMux_HasDef' <Latency = 0> <II = 1> <Delay = 1.58> <FuncUnit> <Opcode : 'sparsemux'> <InPorts = 2> <OutPorts = 1>
ST_9 : Operation 422 [1/2] ( I:2.32ns O:2.32ns )   --->   "%buffer_c2_18_load = load i3 %buffer_c2_18_addr_1" [cnn_hls.cpp:132]   --->   Operation 422 'load' 'buffer_c2_18_load' <Predicate = (trunc_ln128 == 0)> <Delay = 2.32> <CoreInst = "RAM">   --->   Core 81 'RAM' <Latency = 1> <II = 1> <Delay = 2.32> <Storage> <Opcode : 'load' 'store'> <Ports = 2> <Width = 7> <Depth = 8> <RAM>
ST_9 : Operation 423 [1/2] ( I:2.32ns O:2.32ns )   --->   "%buffer_c2_19_load = load i3 %buffer_c2_19_addr_1" [cnn_hls.cpp:132]   --->   Operation 423 'load' 'buffer_c2_19_load' <Predicate = (trunc_ln128 == 2)> <Delay = 2.32> <CoreInst = "RAM">   --->   Core 81 'RAM' <Latency = 1> <II = 1> <Delay = 2.32> <Storage> <Opcode : 'load' 'store'> <Ports = 2> <Width = 7> <Depth = 8> <RAM>
ST_9 : Operation 424 [1/2] ( I:2.32ns O:2.32ns )   --->   "%buffer_c2_20_load = load i3 %buffer_c2_20_addr_1" [cnn_hls.cpp:132]   --->   Operation 424 'load' 'buffer_c2_20_load' <Predicate = (trunc_ln128 == 1)> <Delay = 2.32> <CoreInst = "RAM">   --->   Core 81 'RAM' <Latency = 1> <II = 1> <Delay = 2.32> <Storage> <Opcode : 'load' 'store'> <Ports = 2> <Width = 7> <Depth = 8> <RAM>
ST_9 : Operation 425 [1/1] (1.58ns)   --->   "%x_53 = sparsemux i7 @_ssdm_op_SparseMux.ap_auto.3i7.i7.i2, i2 0, i7 %buffer_c2_18_load, i2 2, i7 %buffer_c2_19_load, i2 1, i7 %buffer_c2_20_load, i7 0, i2 %trunc_ln128" [cnn_hls.cpp:132]   --->   Operation 425 'sparsemux' 'x_53' <Predicate = true> <Delay = 1.58> <CoreInst = "OneHotSparseMux_HasDef">   --->   Core 140 'OneHotSparseMux_HasDef' <Latency = 0> <II = 1> <Delay = 1.58> <FuncUnit> <Opcode : 'sparsemux'> <InPorts = 2> <OutPorts = 1>
ST_9 : Operation 426 [1/1] (0.00ns)   --->   "%zext_ln132_6 = zext i7 %x_53" [cnn_hls.cpp:132]   --->   Operation 426 'zext' 'zext_ln132_6' <Predicate = true> <Delay = 0.00>
ST_9 : Operation 427 [1/2] ( I:2.32ns O:2.32ns )   --->   "%buffer_c2_21_load = load i3 %buffer_c2_21_addr_1" [cnn_hls.cpp:132]   --->   Operation 427 'load' 'buffer_c2_21_load' <Predicate = (trunc_ln128 == 0)> <Delay = 2.32> <CoreInst = "RAM">   --->   Core 81 'RAM' <Latency = 1> <II = 1> <Delay = 2.32> <Storage> <Opcode : 'load' 'store'> <Ports = 2> <Width = 7> <Depth = 8> <RAM>
ST_9 : Operation 428 [1/2] ( I:2.32ns O:2.32ns )   --->   "%buffer_c2_22_load = load i3 %buffer_c2_22_addr_1" [cnn_hls.cpp:132]   --->   Operation 428 'load' 'buffer_c2_22_load' <Predicate = (trunc_ln128 == 2)> <Delay = 2.32> <CoreInst = "RAM">   --->   Core 81 'RAM' <Latency = 1> <II = 1> <Delay = 2.32> <Storage> <Opcode : 'load' 'store'> <Ports = 2> <Width = 7> <Depth = 8> <RAM>
ST_9 : Operation 429 [1/2] ( I:2.32ns O:2.32ns )   --->   "%buffer_c2_23_load = load i3 %buffer_c2_23_addr_1" [cnn_hls.cpp:132]   --->   Operation 429 'load' 'buffer_c2_23_load' <Predicate = (trunc_ln128 == 1)> <Delay = 2.32> <CoreInst = "RAM">   --->   Core 81 'RAM' <Latency = 1> <II = 1> <Delay = 2.32> <Storage> <Opcode : 'load' 'store'> <Ports = 2> <Width = 7> <Depth = 8> <RAM>
ST_9 : Operation 430 [1/1] (1.58ns)   --->   "%x_54 = sparsemux i7 @_ssdm_op_SparseMux.ap_auto.3i7.i7.i2, i2 0, i7 %buffer_c2_21_load, i2 2, i7 %buffer_c2_22_load, i2 1, i7 %buffer_c2_23_load, i7 0, i2 %trunc_ln128" [cnn_hls.cpp:132]   --->   Operation 430 'sparsemux' 'x_54' <Predicate = true> <Delay = 1.58> <CoreInst = "OneHotSparseMux_HasDef">   --->   Core 140 'OneHotSparseMux_HasDef' <Latency = 0> <II = 1> <Delay = 1.58> <FuncUnit> <Opcode : 'sparsemux'> <InPorts = 2> <OutPorts = 1>
ST_9 : Operation 431 [1/2] ( I:2.32ns O:2.32ns )   --->   "%buffer_c2_24_load = load i3 %buffer_c2_24_addr_1" [cnn_hls.cpp:132]   --->   Operation 431 'load' 'buffer_c2_24_load' <Predicate = (trunc_ln128 == 0)> <Delay = 2.32> <CoreInst = "RAM">   --->   Core 81 'RAM' <Latency = 1> <II = 1> <Delay = 2.32> <Storage> <Opcode : 'load' 'store'> <Ports = 2> <Width = 7> <Depth = 8> <RAM>
ST_9 : Operation 432 [1/2] ( I:2.32ns O:2.32ns )   --->   "%buffer_c2_25_load = load i3 %buffer_c2_25_addr_1" [cnn_hls.cpp:132]   --->   Operation 432 'load' 'buffer_c2_25_load' <Predicate = (trunc_ln128 == 2)> <Delay = 2.32> <CoreInst = "RAM">   --->   Core 81 'RAM' <Latency = 1> <II = 1> <Delay = 2.32> <Storage> <Opcode : 'load' 'store'> <Ports = 2> <Width = 7> <Depth = 8> <RAM>
ST_9 : Operation 433 [1/2] ( I:2.32ns O:2.32ns )   --->   "%buffer_c2_26_load = load i3 %buffer_c2_26_addr_1" [cnn_hls.cpp:132]   --->   Operation 433 'load' 'buffer_c2_26_load' <Predicate = (trunc_ln128 == 1)> <Delay = 2.32> <CoreInst = "RAM">   --->   Core 81 'RAM' <Latency = 1> <II = 1> <Delay = 2.32> <Storage> <Opcode : 'load' 'store'> <Ports = 2> <Width = 7> <Depth = 8> <RAM>
ST_9 : Operation 434 [1/1] (1.58ns)   --->   "%x_55 = sparsemux i7 @_ssdm_op_SparseMux.ap_auto.3i7.i7.i2, i2 0, i7 %buffer_c2_24_load, i2 2, i7 %buffer_c2_25_load, i2 1, i7 %buffer_c2_26_load, i7 0, i2 %trunc_ln128" [cnn_hls.cpp:132]   --->   Operation 434 'sparsemux' 'x_55' <Predicate = true> <Delay = 1.58> <CoreInst = "OneHotSparseMux_HasDef">   --->   Core 140 'OneHotSparseMux_HasDef' <Latency = 0> <II = 1> <Delay = 1.58> <FuncUnit> <Opcode : 'sparsemux'> <InPorts = 2> <OutPorts = 1>
ST_9 : Operation 435 [1/2] ( I:2.32ns O:2.32ns )   --->   "%buffer_c2_27_load = load i3 %buffer_c2_27_addr_1" [cnn_hls.cpp:132]   --->   Operation 435 'load' 'buffer_c2_27_load' <Predicate = (trunc_ln128 == 0)> <Delay = 2.32> <CoreInst = "RAM">   --->   Core 81 'RAM' <Latency = 1> <II = 1> <Delay = 2.32> <Storage> <Opcode : 'load' 'store'> <Ports = 2> <Width = 7> <Depth = 8> <RAM>
ST_9 : Operation 436 [1/2] ( I:2.32ns O:2.32ns )   --->   "%buffer_c2_28_load = load i3 %buffer_c2_28_addr_1" [cnn_hls.cpp:132]   --->   Operation 436 'load' 'buffer_c2_28_load' <Predicate = (trunc_ln128 == 2)> <Delay = 2.32> <CoreInst = "RAM">   --->   Core 81 'RAM' <Latency = 1> <II = 1> <Delay = 2.32> <Storage> <Opcode : 'load' 'store'> <Ports = 2> <Width = 7> <Depth = 8> <RAM>
ST_9 : Operation 437 [1/2] ( I:2.32ns O:2.32ns )   --->   "%buffer_c2_29_load = load i3 %buffer_c2_29_addr_1" [cnn_hls.cpp:132]   --->   Operation 437 'load' 'buffer_c2_29_load' <Predicate = (trunc_ln128 == 1)> <Delay = 2.32> <CoreInst = "RAM">   --->   Core 81 'RAM' <Latency = 1> <II = 1> <Delay = 2.32> <Storage> <Opcode : 'load' 'store'> <Ports = 2> <Width = 7> <Depth = 8> <RAM>
ST_9 : Operation 438 [1/1] (1.58ns)   --->   "%x_56 = sparsemux i7 @_ssdm_op_SparseMux.ap_auto.3i7.i7.i2, i2 0, i7 %buffer_c2_27_load, i2 2, i7 %buffer_c2_28_load, i2 1, i7 %buffer_c2_29_load, i7 0, i2 %trunc_ln128" [cnn_hls.cpp:132]   --->   Operation 438 'sparsemux' 'x_56' <Predicate = true> <Delay = 1.58> <CoreInst = "OneHotSparseMux_HasDef">   --->   Core 140 'OneHotSparseMux_HasDef' <Latency = 0> <II = 1> <Delay = 1.58> <FuncUnit> <Opcode : 'sparsemux'> <InPorts = 2> <OutPorts = 1>
ST_9 : Operation 439 [1/1] (0.00ns)   --->   "%zext_ln132_9 = zext i7 %x_56" [cnn_hls.cpp:132]   --->   Operation 439 'zext' 'zext_ln132_9' <Predicate = true> <Delay = 0.00>
ST_9 : Operation 440 [1/2] ( I:2.32ns O:2.32ns )   --->   "%buffer_c2_30_load = load i3 %buffer_c2_30_addr_1" [cnn_hls.cpp:132]   --->   Operation 440 'load' 'buffer_c2_30_load' <Predicate = (trunc_ln128 == 0)> <Delay = 2.32> <CoreInst = "RAM">   --->   Core 81 'RAM' <Latency = 1> <II = 1> <Delay = 2.32> <Storage> <Opcode : 'load' 'store'> <Ports = 2> <Width = 7> <Depth = 8> <RAM>
ST_9 : Operation 441 [1/2] ( I:2.32ns O:2.32ns )   --->   "%buffer_c2_31_load = load i3 %buffer_c2_31_addr_1" [cnn_hls.cpp:132]   --->   Operation 441 'load' 'buffer_c2_31_load' <Predicate = (trunc_ln128 == 2)> <Delay = 2.32> <CoreInst = "RAM">   --->   Core 81 'RAM' <Latency = 1> <II = 1> <Delay = 2.32> <Storage> <Opcode : 'load' 'store'> <Ports = 2> <Width = 7> <Depth = 8> <RAM>
ST_9 : Operation 442 [1/2] ( I:2.32ns O:2.32ns )   --->   "%buffer_c2_32_load = load i3 %buffer_c2_32_addr_1" [cnn_hls.cpp:132]   --->   Operation 442 'load' 'buffer_c2_32_load' <Predicate = (trunc_ln128 == 1)> <Delay = 2.32> <CoreInst = "RAM">   --->   Core 81 'RAM' <Latency = 1> <II = 1> <Delay = 2.32> <Storage> <Opcode : 'load' 'store'> <Ports = 2> <Width = 7> <Depth = 8> <RAM>
ST_9 : Operation 443 [1/1] (1.58ns)   --->   "%x_57 = sparsemux i7 @_ssdm_op_SparseMux.ap_auto.3i7.i7.i2, i2 0, i7 %buffer_c2_30_load, i2 2, i7 %buffer_c2_31_load, i2 1, i7 %buffer_c2_32_load, i7 0, i2 %trunc_ln128" [cnn_hls.cpp:132]   --->   Operation 443 'sparsemux' 'x_57' <Predicate = true> <Delay = 1.58> <CoreInst = "OneHotSparseMux_HasDef">   --->   Core 140 'OneHotSparseMux_HasDef' <Latency = 0> <II = 1> <Delay = 1.58> <FuncUnit> <Opcode : 'sparsemux'> <InPorts = 2> <OutPorts = 1>
ST_9 : Operation 444 [1/2] ( I:2.32ns O:2.32ns )   --->   "%buffer_c2_33_load = load i3 %buffer_c2_33_addr_1" [cnn_hls.cpp:132]   --->   Operation 444 'load' 'buffer_c2_33_load' <Predicate = (trunc_ln128 == 0)> <Delay = 2.32> <CoreInst = "RAM">   --->   Core 81 'RAM' <Latency = 1> <II = 1> <Delay = 2.32> <Storage> <Opcode : 'load' 'store'> <Ports = 2> <Width = 7> <Depth = 8> <RAM>
ST_9 : Operation 445 [1/2] ( I:2.32ns O:2.32ns )   --->   "%buffer_c2_34_load = load i3 %buffer_c2_34_addr_1" [cnn_hls.cpp:132]   --->   Operation 445 'load' 'buffer_c2_34_load' <Predicate = (trunc_ln128 == 2)> <Delay = 2.32> <CoreInst = "RAM">   --->   Core 81 'RAM' <Latency = 1> <II = 1> <Delay = 2.32> <Storage> <Opcode : 'load' 'store'> <Ports = 2> <Width = 7> <Depth = 8> <RAM>
ST_9 : Operation 446 [1/2] ( I:2.32ns O:2.32ns )   --->   "%buffer_c2_35_load = load i3 %buffer_c2_35_addr_1" [cnn_hls.cpp:132]   --->   Operation 446 'load' 'buffer_c2_35_load' <Predicate = (trunc_ln128 == 1)> <Delay = 2.32> <CoreInst = "RAM">   --->   Core 81 'RAM' <Latency = 1> <II = 1> <Delay = 2.32> <Storage> <Opcode : 'load' 'store'> <Ports = 2> <Width = 7> <Depth = 8> <RAM>
ST_9 : Operation 447 [1/1] (1.58ns)   --->   "%x_58 = sparsemux i7 @_ssdm_op_SparseMux.ap_auto.3i7.i7.i2, i2 0, i7 %buffer_c2_33_load, i2 2, i7 %buffer_c2_34_load, i2 1, i7 %buffer_c2_35_load, i7 0, i2 %trunc_ln128" [cnn_hls.cpp:132]   --->   Operation 447 'sparsemux' 'x_58' <Predicate = true> <Delay = 1.58> <CoreInst = "OneHotSparseMux_HasDef">   --->   Core 140 'OneHotSparseMux_HasDef' <Latency = 0> <II = 1> <Delay = 1.58> <FuncUnit> <Opcode : 'sparsemux'> <InPorts = 2> <OutPorts = 1>
ST_9 : Operation 448 [1/2] ( I:2.32ns O:2.32ns )   --->   "%buffer_c2_36_load = load i3 %buffer_c2_36_addr_1" [cnn_hls.cpp:132]   --->   Operation 448 'load' 'buffer_c2_36_load' <Predicate = (trunc_ln128 == 0)> <Delay = 2.32> <CoreInst = "RAM">   --->   Core 81 'RAM' <Latency = 1> <II = 1> <Delay = 2.32> <Storage> <Opcode : 'load' 'store'> <Ports = 2> <Width = 7> <Depth = 8> <RAM>
ST_9 : Operation 449 [1/2] ( I:2.32ns O:2.32ns )   --->   "%buffer_c2_37_load = load i3 %buffer_c2_37_addr_1" [cnn_hls.cpp:132]   --->   Operation 449 'load' 'buffer_c2_37_load' <Predicate = (trunc_ln128 == 2)> <Delay = 2.32> <CoreInst = "RAM">   --->   Core 81 'RAM' <Latency = 1> <II = 1> <Delay = 2.32> <Storage> <Opcode : 'load' 'store'> <Ports = 2> <Width = 7> <Depth = 8> <RAM>
ST_9 : Operation 450 [1/2] ( I:2.32ns O:2.32ns )   --->   "%buffer_c2_38_load = load i3 %buffer_c2_38_addr_1" [cnn_hls.cpp:132]   --->   Operation 450 'load' 'buffer_c2_38_load' <Predicate = (trunc_ln128 == 1)> <Delay = 2.32> <CoreInst = "RAM">   --->   Core 81 'RAM' <Latency = 1> <II = 1> <Delay = 2.32> <Storage> <Opcode : 'load' 'store'> <Ports = 2> <Width = 7> <Depth = 8> <RAM>
ST_9 : Operation 451 [1/1] (1.58ns)   --->   "%x_59 = sparsemux i7 @_ssdm_op_SparseMux.ap_auto.3i7.i7.i2, i2 0, i7 %buffer_c2_36_load, i2 2, i7 %buffer_c2_37_load, i2 1, i7 %buffer_c2_38_load, i7 0, i2 %trunc_ln128" [cnn_hls.cpp:132]   --->   Operation 451 'sparsemux' 'x_59' <Predicate = true> <Delay = 1.58> <CoreInst = "OneHotSparseMux_HasDef">   --->   Core 140 'OneHotSparseMux_HasDef' <Latency = 0> <II = 1> <Delay = 1.58> <FuncUnit> <Opcode : 'sparsemux'> <InPorts = 2> <OutPorts = 1>
ST_9 : Operation 452 [1/1] (0.00ns)   --->   "%zext_ln132_12 = zext i7 %x_59" [cnn_hls.cpp:132]   --->   Operation 452 'zext' 'zext_ln132_12' <Predicate = true> <Delay = 0.00>
ST_9 : Operation 453 [1/2] ( I:2.32ns O:2.32ns )   --->   "%buffer_c2_39_load = load i3 %buffer_c2_39_addr_1" [cnn_hls.cpp:132]   --->   Operation 453 'load' 'buffer_c2_39_load' <Predicate = (trunc_ln128 == 0)> <Delay = 2.32> <CoreInst = "RAM">   --->   Core 81 'RAM' <Latency = 1> <II = 1> <Delay = 2.32> <Storage> <Opcode : 'load' 'store'> <Ports = 2> <Width = 7> <Depth = 8> <RAM>
ST_9 : Operation 454 [1/2] ( I:2.32ns O:2.32ns )   --->   "%buffer_c2_40_load = load i3 %buffer_c2_40_addr_1" [cnn_hls.cpp:132]   --->   Operation 454 'load' 'buffer_c2_40_load' <Predicate = (trunc_ln128 == 2)> <Delay = 2.32> <CoreInst = "RAM">   --->   Core 81 'RAM' <Latency = 1> <II = 1> <Delay = 2.32> <Storage> <Opcode : 'load' 'store'> <Ports = 2> <Width = 7> <Depth = 8> <RAM>
ST_9 : Operation 455 [1/2] ( I:2.32ns O:2.32ns )   --->   "%buffer_c2_41_load = load i3 %buffer_c2_41_addr_1" [cnn_hls.cpp:132]   --->   Operation 455 'load' 'buffer_c2_41_load' <Predicate = (trunc_ln128 == 1)> <Delay = 2.32> <CoreInst = "RAM">   --->   Core 81 'RAM' <Latency = 1> <II = 1> <Delay = 2.32> <Storage> <Opcode : 'load' 'store'> <Ports = 2> <Width = 7> <Depth = 8> <RAM>
ST_9 : Operation 456 [1/1] (1.58ns)   --->   "%x_60 = sparsemux i7 @_ssdm_op_SparseMux.ap_auto.3i7.i7.i2, i2 0, i7 %buffer_c2_39_load, i2 2, i7 %buffer_c2_40_load, i2 1, i7 %buffer_c2_41_load, i7 0, i2 %trunc_ln128" [cnn_hls.cpp:132]   --->   Operation 456 'sparsemux' 'x_60' <Predicate = true> <Delay = 1.58> <CoreInst = "OneHotSparseMux_HasDef">   --->   Core 140 'OneHotSparseMux_HasDef' <Latency = 0> <II = 1> <Delay = 1.58> <FuncUnit> <Opcode : 'sparsemux'> <InPorts = 2> <OutPorts = 1>
ST_9 : Operation 457 [1/2] ( I:2.32ns O:2.32ns )   --->   "%buffer_c2_42_load = load i3 %buffer_c2_42_addr_1" [cnn_hls.cpp:132]   --->   Operation 457 'load' 'buffer_c2_42_load' <Predicate = (trunc_ln128 == 0)> <Delay = 2.32> <CoreInst = "RAM">   --->   Core 81 'RAM' <Latency = 1> <II = 1> <Delay = 2.32> <Storage> <Opcode : 'load' 'store'> <Ports = 2> <Width = 7> <Depth = 8> <RAM>
ST_9 : Operation 458 [1/2] ( I:2.32ns O:2.32ns )   --->   "%buffer_c2_43_load = load i3 %buffer_c2_43_addr_1" [cnn_hls.cpp:132]   --->   Operation 458 'load' 'buffer_c2_43_load' <Predicate = (trunc_ln128 == 2)> <Delay = 2.32> <CoreInst = "RAM">   --->   Core 81 'RAM' <Latency = 1> <II = 1> <Delay = 2.32> <Storage> <Opcode : 'load' 'store'> <Ports = 2> <Width = 7> <Depth = 8> <RAM>
ST_9 : Operation 459 [1/2] ( I:2.32ns O:2.32ns )   --->   "%buffer_c2_44_load = load i3 %buffer_c2_44_addr_1" [cnn_hls.cpp:132]   --->   Operation 459 'load' 'buffer_c2_44_load' <Predicate = (trunc_ln128 == 1)> <Delay = 2.32> <CoreInst = "RAM">   --->   Core 81 'RAM' <Latency = 1> <II = 1> <Delay = 2.32> <Storage> <Opcode : 'load' 'store'> <Ports = 2> <Width = 7> <Depth = 8> <RAM>
ST_9 : Operation 460 [1/1] (1.58ns)   --->   "%x_61 = sparsemux i7 @_ssdm_op_SparseMux.ap_auto.3i7.i7.i2, i2 0, i7 %buffer_c2_42_load, i2 2, i7 %buffer_c2_43_load, i2 1, i7 %buffer_c2_44_load, i7 0, i2 %trunc_ln128" [cnn_hls.cpp:132]   --->   Operation 460 'sparsemux' 'x_61' <Predicate = true> <Delay = 1.58> <CoreInst = "OneHotSparseMux_HasDef">   --->   Core 140 'OneHotSparseMux_HasDef' <Latency = 0> <II = 1> <Delay = 1.58> <FuncUnit> <Opcode : 'sparsemux'> <InPorts = 2> <OutPorts = 1>
ST_9 : Operation 461 [1/2] ( I:2.32ns O:2.32ns )   --->   "%buffer_c2_45_load = load i3 %buffer_c2_45_addr_1" [cnn_hls.cpp:132]   --->   Operation 461 'load' 'buffer_c2_45_load' <Predicate = (trunc_ln128 == 0)> <Delay = 2.32> <CoreInst = "RAM">   --->   Core 81 'RAM' <Latency = 1> <II = 1> <Delay = 2.32> <Storage> <Opcode : 'load' 'store'> <Ports = 2> <Width = 7> <Depth = 8> <RAM>
ST_9 : Operation 462 [1/2] ( I:2.32ns O:2.32ns )   --->   "%buffer_c2_46_load = load i3 %buffer_c2_46_addr_1" [cnn_hls.cpp:132]   --->   Operation 462 'load' 'buffer_c2_46_load' <Predicate = (trunc_ln128 == 2)> <Delay = 2.32> <CoreInst = "RAM">   --->   Core 81 'RAM' <Latency = 1> <II = 1> <Delay = 2.32> <Storage> <Opcode : 'load' 'store'> <Ports = 2> <Width = 7> <Depth = 8> <RAM>
ST_9 : Operation 463 [1/2] ( I:2.32ns O:2.32ns )   --->   "%buffer_c2_47_load = load i3 %buffer_c2_47_addr_1" [cnn_hls.cpp:132]   --->   Operation 463 'load' 'buffer_c2_47_load' <Predicate = (trunc_ln128 == 1)> <Delay = 2.32> <CoreInst = "RAM">   --->   Core 81 'RAM' <Latency = 1> <II = 1> <Delay = 2.32> <Storage> <Opcode : 'load' 'store'> <Ports = 2> <Width = 7> <Depth = 8> <RAM>
ST_9 : Operation 464 [1/1] (1.58ns)   --->   "%x_62 = sparsemux i7 @_ssdm_op_SparseMux.ap_auto.3i7.i7.i2, i2 0, i7 %buffer_c2_45_load, i2 2, i7 %buffer_c2_46_load, i2 1, i7 %buffer_c2_47_load, i7 0, i2 %trunc_ln128" [cnn_hls.cpp:132]   --->   Operation 464 'sparsemux' 'x_62' <Predicate = true> <Delay = 1.58> <CoreInst = "OneHotSparseMux_HasDef">   --->   Core 140 'OneHotSparseMux_HasDef' <Latency = 0> <II = 1> <Delay = 1.58> <FuncUnit> <Opcode : 'sparsemux'> <InPorts = 2> <OutPorts = 1>
ST_9 : Operation 465 [1/1] (0.00ns)   --->   "%zext_ln139 = zext i7 %x_62" [cnn_hls.cpp:139]   --->   Operation 465 'zext' 'zext_ln139' <Predicate = true> <Delay = 0.00>
ST_9 : Operation 466 [1/2] ( I:2.32ns O:2.32ns )   --->   "%buffer_c2_load_1 = load i3 %buffer_c2_addr" [cnn_hls.cpp:132]   --->   Operation 466 'load' 'buffer_c2_load_1' <Predicate = (trunc_ln128 == 2 & !icmp_ln131)> <Delay = 2.32> <CoreInst = "RAM">   --->   Core 81 'RAM' <Latency = 1> <II = 1> <Delay = 2.32> <Storage> <Opcode : 'load' 'store'> <Ports = 2> <Width = 7> <Depth = 8> <RAM>
ST_9 : Operation 467 [1/2] ( I:2.32ns O:2.32ns )   --->   "%buffer_c2_1_load_1 = load i3 %buffer_c2_1_addr" [cnn_hls.cpp:132]   --->   Operation 467 'load' 'buffer_c2_1_load_1' <Predicate = (trunc_ln128 == 1 & !icmp_ln131)> <Delay = 2.32> <CoreInst = "RAM">   --->   Core 81 'RAM' <Latency = 1> <II = 1> <Delay = 2.32> <Storage> <Opcode : 'load' 'store'> <Ports = 2> <Width = 7> <Depth = 8> <RAM>
ST_9 : Operation 468 [1/2] ( I:2.32ns O:2.32ns )   --->   "%buffer_c2_2_load_1 = load i3 %buffer_c2_2_addr" [cnn_hls.cpp:132]   --->   Operation 468 'load' 'buffer_c2_2_load_1' <Predicate = (trunc_ln128 == 0 & !icmp_ln131)> <Delay = 2.32> <CoreInst = "RAM">   --->   Core 81 'RAM' <Latency = 1> <II = 1> <Delay = 2.32> <Storage> <Opcode : 'load' 'store'> <Ports = 2> <Width = 7> <Depth = 8> <RAM>
ST_9 : Operation 469 [1/2] ( I:2.32ns O:2.32ns )   --->   "%buffer_c2_3_load_1 = load i3 %buffer_c2_3_addr" [cnn_hls.cpp:132]   --->   Operation 469 'load' 'buffer_c2_3_load_1' <Predicate = (trunc_ln128 == 2 & !icmp_ln131)> <Delay = 2.32> <CoreInst = "RAM">   --->   Core 81 'RAM' <Latency = 1> <II = 1> <Delay = 2.32> <Storage> <Opcode : 'load' 'store'> <Ports = 2> <Width = 7> <Depth = 8> <RAM>
ST_9 : Operation 470 [1/2] ( I:2.32ns O:2.32ns )   --->   "%buffer_c2_4_load_1 = load i3 %buffer_c2_4_addr" [cnn_hls.cpp:132]   --->   Operation 470 'load' 'buffer_c2_4_load_1' <Predicate = (trunc_ln128 == 1 & !icmp_ln131)> <Delay = 2.32> <CoreInst = "RAM">   --->   Core 81 'RAM' <Latency = 1> <II = 1> <Delay = 2.32> <Storage> <Opcode : 'load' 'store'> <Ports = 2> <Width = 7> <Depth = 8> <RAM>
ST_9 : Operation 471 [1/2] ( I:2.32ns O:2.32ns )   --->   "%buffer_c2_5_load_1 = load i3 %buffer_c2_5_addr" [cnn_hls.cpp:132]   --->   Operation 471 'load' 'buffer_c2_5_load_1' <Predicate = (trunc_ln128 == 0 & !icmp_ln131)> <Delay = 2.32> <CoreInst = "RAM">   --->   Core 81 'RAM' <Latency = 1> <II = 1> <Delay = 2.32> <Storage> <Opcode : 'load' 'store'> <Ports = 2> <Width = 7> <Depth = 8> <RAM>
ST_9 : Operation 472 [1/2] ( I:2.32ns O:2.32ns )   --->   "%buffer_c2_6_load_1 = load i3 %buffer_c2_6_addr" [cnn_hls.cpp:132]   --->   Operation 472 'load' 'buffer_c2_6_load_1' <Predicate = (trunc_ln128 == 2 & !icmp_ln131)> <Delay = 2.32> <CoreInst = "RAM">   --->   Core 81 'RAM' <Latency = 1> <II = 1> <Delay = 2.32> <Storage> <Opcode : 'load' 'store'> <Ports = 2> <Width = 7> <Depth = 8> <RAM>
ST_9 : Operation 473 [1/2] ( I:2.32ns O:2.32ns )   --->   "%buffer_c2_7_load_1 = load i3 %buffer_c2_7_addr" [cnn_hls.cpp:132]   --->   Operation 473 'load' 'buffer_c2_7_load_1' <Predicate = (trunc_ln128 == 1 & !icmp_ln131)> <Delay = 2.32> <CoreInst = "RAM">   --->   Core 81 'RAM' <Latency = 1> <II = 1> <Delay = 2.32> <Storage> <Opcode : 'load' 'store'> <Ports = 2> <Width = 7> <Depth = 8> <RAM>
ST_9 : Operation 474 [1/2] ( I:2.32ns O:2.32ns )   --->   "%buffer_c2_8_load_1 = load i3 %buffer_c2_8_addr" [cnn_hls.cpp:132]   --->   Operation 474 'load' 'buffer_c2_8_load_1' <Predicate = (trunc_ln128 == 0 & !icmp_ln131)> <Delay = 2.32> <CoreInst = "RAM">   --->   Core 81 'RAM' <Latency = 1> <II = 1> <Delay = 2.32> <Storage> <Opcode : 'load' 'store'> <Ports = 2> <Width = 7> <Depth = 8> <RAM>
ST_9 : Operation 475 [1/2] ( I:2.32ns O:2.32ns )   --->   "%buffer_c2_9_load_1 = load i3 %buffer_c2_9_addr" [cnn_hls.cpp:132]   --->   Operation 475 'load' 'buffer_c2_9_load_1' <Predicate = (trunc_ln128 == 2 & !icmp_ln131)> <Delay = 2.32> <CoreInst = "RAM">   --->   Core 81 'RAM' <Latency = 1> <II = 1> <Delay = 2.32> <Storage> <Opcode : 'load' 'store'> <Ports = 2> <Width = 7> <Depth = 8> <RAM>
ST_9 : Operation 476 [1/2] ( I:2.32ns O:2.32ns )   --->   "%buffer_c2_10_load_1 = load i3 %buffer_c2_10_addr" [cnn_hls.cpp:132]   --->   Operation 476 'load' 'buffer_c2_10_load_1' <Predicate = (trunc_ln128 == 1 & !icmp_ln131)> <Delay = 2.32> <CoreInst = "RAM">   --->   Core 81 'RAM' <Latency = 1> <II = 1> <Delay = 2.32> <Storage> <Opcode : 'load' 'store'> <Ports = 2> <Width = 7> <Depth = 8> <RAM>
ST_9 : Operation 477 [1/2] ( I:2.32ns O:2.32ns )   --->   "%buffer_c2_11_load_1 = load i3 %buffer_c2_11_addr" [cnn_hls.cpp:132]   --->   Operation 477 'load' 'buffer_c2_11_load_1' <Predicate = (trunc_ln128 == 0 & !icmp_ln131)> <Delay = 2.32> <CoreInst = "RAM">   --->   Core 81 'RAM' <Latency = 1> <II = 1> <Delay = 2.32> <Storage> <Opcode : 'load' 'store'> <Ports = 2> <Width = 7> <Depth = 8> <RAM>
ST_9 : Operation 478 [1/2] ( I:2.32ns O:2.32ns )   --->   "%buffer_c2_12_load_1 = load i3 %buffer_c2_12_addr" [cnn_hls.cpp:132]   --->   Operation 478 'load' 'buffer_c2_12_load_1' <Predicate = (trunc_ln128 == 2 & !icmp_ln131)> <Delay = 2.32> <CoreInst = "RAM">   --->   Core 81 'RAM' <Latency = 1> <II = 1> <Delay = 2.32> <Storage> <Opcode : 'load' 'store'> <Ports = 2> <Width = 7> <Depth = 8> <RAM>
ST_9 : Operation 479 [1/2] ( I:2.32ns O:2.32ns )   --->   "%buffer_c2_13_load_1 = load i3 %buffer_c2_13_addr" [cnn_hls.cpp:132]   --->   Operation 479 'load' 'buffer_c2_13_load_1' <Predicate = (trunc_ln128 == 1 & !icmp_ln131)> <Delay = 2.32> <CoreInst = "RAM">   --->   Core 81 'RAM' <Latency = 1> <II = 1> <Delay = 2.32> <Storage> <Opcode : 'load' 'store'> <Ports = 2> <Width = 7> <Depth = 8> <RAM>
ST_9 : Operation 480 [1/2] ( I:2.32ns O:2.32ns )   --->   "%buffer_c2_14_load_1 = load i3 %buffer_c2_14_addr" [cnn_hls.cpp:132]   --->   Operation 480 'load' 'buffer_c2_14_load_1' <Predicate = (trunc_ln128 == 0 & !icmp_ln131)> <Delay = 2.32> <CoreInst = "RAM">   --->   Core 81 'RAM' <Latency = 1> <II = 1> <Delay = 2.32> <Storage> <Opcode : 'load' 'store'> <Ports = 2> <Width = 7> <Depth = 8> <RAM>
ST_9 : Operation 481 [1/2] ( I:2.32ns O:2.32ns )   --->   "%buffer_c2_15_load_1 = load i3 %buffer_c2_15_addr" [cnn_hls.cpp:132]   --->   Operation 481 'load' 'buffer_c2_15_load_1' <Predicate = (trunc_ln128 == 2 & !icmp_ln131)> <Delay = 2.32> <CoreInst = "RAM">   --->   Core 81 'RAM' <Latency = 1> <II = 1> <Delay = 2.32> <Storage> <Opcode : 'load' 'store'> <Ports = 2> <Width = 7> <Depth = 8> <RAM>
ST_9 : Operation 482 [1/2] ( I:2.32ns O:2.32ns )   --->   "%buffer_c2_16_load_1 = load i3 %buffer_c2_16_addr" [cnn_hls.cpp:132]   --->   Operation 482 'load' 'buffer_c2_16_load_1' <Predicate = (trunc_ln128 == 1 & !icmp_ln131)> <Delay = 2.32> <CoreInst = "RAM">   --->   Core 81 'RAM' <Latency = 1> <II = 1> <Delay = 2.32> <Storage> <Opcode : 'load' 'store'> <Ports = 2> <Width = 7> <Depth = 8> <RAM>
ST_9 : Operation 483 [1/2] ( I:2.32ns O:2.32ns )   --->   "%buffer_c2_17_load_1 = load i3 %buffer_c2_17_addr" [cnn_hls.cpp:132]   --->   Operation 483 'load' 'buffer_c2_17_load_1' <Predicate = (trunc_ln128 == 0 & !icmp_ln131)> <Delay = 2.32> <CoreInst = "RAM">   --->   Core 81 'RAM' <Latency = 1> <II = 1> <Delay = 2.32> <Storage> <Opcode : 'load' 'store'> <Ports = 2> <Width = 7> <Depth = 8> <RAM>
ST_9 : Operation 484 [1/2] ( I:2.32ns O:2.32ns )   --->   "%buffer_c2_18_load_1 = load i3 %buffer_c2_18_addr" [cnn_hls.cpp:132]   --->   Operation 484 'load' 'buffer_c2_18_load_1' <Predicate = (trunc_ln128 == 2 & !icmp_ln131)> <Delay = 2.32> <CoreInst = "RAM">   --->   Core 81 'RAM' <Latency = 1> <II = 1> <Delay = 2.32> <Storage> <Opcode : 'load' 'store'> <Ports = 2> <Width = 7> <Depth = 8> <RAM>
ST_9 : Operation 485 [1/2] ( I:2.32ns O:2.32ns )   --->   "%buffer_c2_19_load_1 = load i3 %buffer_c2_19_addr" [cnn_hls.cpp:132]   --->   Operation 485 'load' 'buffer_c2_19_load_1' <Predicate = (trunc_ln128 == 1 & !icmp_ln131)> <Delay = 2.32> <CoreInst = "RAM">   --->   Core 81 'RAM' <Latency = 1> <II = 1> <Delay = 2.32> <Storage> <Opcode : 'load' 'store'> <Ports = 2> <Width = 7> <Depth = 8> <RAM>
ST_9 : Operation 486 [1/2] ( I:2.32ns O:2.32ns )   --->   "%buffer_c2_20_load_1 = load i3 %buffer_c2_20_addr" [cnn_hls.cpp:132]   --->   Operation 486 'load' 'buffer_c2_20_load_1' <Predicate = (trunc_ln128 == 0 & !icmp_ln131)> <Delay = 2.32> <CoreInst = "RAM">   --->   Core 81 'RAM' <Latency = 1> <II = 1> <Delay = 2.32> <Storage> <Opcode : 'load' 'store'> <Ports = 2> <Width = 7> <Depth = 8> <RAM>
ST_9 : Operation 487 [1/2] ( I:2.32ns O:2.32ns )   --->   "%buffer_c2_21_load_1 = load i3 %buffer_c2_21_addr" [cnn_hls.cpp:132]   --->   Operation 487 'load' 'buffer_c2_21_load_1' <Predicate = (trunc_ln128 == 2 & !icmp_ln131)> <Delay = 2.32> <CoreInst = "RAM">   --->   Core 81 'RAM' <Latency = 1> <II = 1> <Delay = 2.32> <Storage> <Opcode : 'load' 'store'> <Ports = 2> <Width = 7> <Depth = 8> <RAM>
ST_9 : Operation 488 [1/2] ( I:2.32ns O:2.32ns )   --->   "%buffer_c2_22_load_1 = load i3 %buffer_c2_22_addr" [cnn_hls.cpp:132]   --->   Operation 488 'load' 'buffer_c2_22_load_1' <Predicate = (trunc_ln128 == 1 & !icmp_ln131)> <Delay = 2.32> <CoreInst = "RAM">   --->   Core 81 'RAM' <Latency = 1> <II = 1> <Delay = 2.32> <Storage> <Opcode : 'load' 'store'> <Ports = 2> <Width = 7> <Depth = 8> <RAM>
ST_9 : Operation 489 [1/2] ( I:2.32ns O:2.32ns )   --->   "%buffer_c2_23_load_1 = load i3 %buffer_c2_23_addr" [cnn_hls.cpp:132]   --->   Operation 489 'load' 'buffer_c2_23_load_1' <Predicate = (trunc_ln128 == 0 & !icmp_ln131)> <Delay = 2.32> <CoreInst = "RAM">   --->   Core 81 'RAM' <Latency = 1> <II = 1> <Delay = 2.32> <Storage> <Opcode : 'load' 'store'> <Ports = 2> <Width = 7> <Depth = 8> <RAM>
ST_9 : Operation 490 [1/2] ( I:2.32ns O:2.32ns )   --->   "%buffer_c2_24_load_1 = load i3 %buffer_c2_24_addr" [cnn_hls.cpp:132]   --->   Operation 490 'load' 'buffer_c2_24_load_1' <Predicate = (trunc_ln128 == 2 & !icmp_ln131)> <Delay = 2.32> <CoreInst = "RAM">   --->   Core 81 'RAM' <Latency = 1> <II = 1> <Delay = 2.32> <Storage> <Opcode : 'load' 'store'> <Ports = 2> <Width = 7> <Depth = 8> <RAM>
ST_9 : Operation 491 [1/2] ( I:2.32ns O:2.32ns )   --->   "%buffer_c2_25_load_1 = load i3 %buffer_c2_25_addr" [cnn_hls.cpp:132]   --->   Operation 491 'load' 'buffer_c2_25_load_1' <Predicate = (trunc_ln128 == 1 & !icmp_ln131)> <Delay = 2.32> <CoreInst = "RAM">   --->   Core 81 'RAM' <Latency = 1> <II = 1> <Delay = 2.32> <Storage> <Opcode : 'load' 'store'> <Ports = 2> <Width = 7> <Depth = 8> <RAM>
ST_9 : Operation 492 [1/2] ( I:2.32ns O:2.32ns )   --->   "%buffer_c2_26_load_1 = load i3 %buffer_c2_26_addr" [cnn_hls.cpp:132]   --->   Operation 492 'load' 'buffer_c2_26_load_1' <Predicate = (trunc_ln128 == 0 & !icmp_ln131)> <Delay = 2.32> <CoreInst = "RAM">   --->   Core 81 'RAM' <Latency = 1> <II = 1> <Delay = 2.32> <Storage> <Opcode : 'load' 'store'> <Ports = 2> <Width = 7> <Depth = 8> <RAM>
ST_9 : Operation 493 [1/2] ( I:2.32ns O:2.32ns )   --->   "%buffer_c2_27_load_1 = load i3 %buffer_c2_27_addr" [cnn_hls.cpp:132]   --->   Operation 493 'load' 'buffer_c2_27_load_1' <Predicate = (trunc_ln128 == 2 & !icmp_ln131)> <Delay = 2.32> <CoreInst = "RAM">   --->   Core 81 'RAM' <Latency = 1> <II = 1> <Delay = 2.32> <Storage> <Opcode : 'load' 'store'> <Ports = 2> <Width = 7> <Depth = 8> <RAM>
ST_9 : Operation 494 [1/2] ( I:2.32ns O:2.32ns )   --->   "%buffer_c2_28_load_1 = load i3 %buffer_c2_28_addr" [cnn_hls.cpp:132]   --->   Operation 494 'load' 'buffer_c2_28_load_1' <Predicate = (trunc_ln128 == 1 & !icmp_ln131)> <Delay = 2.32> <CoreInst = "RAM">   --->   Core 81 'RAM' <Latency = 1> <II = 1> <Delay = 2.32> <Storage> <Opcode : 'load' 'store'> <Ports = 2> <Width = 7> <Depth = 8> <RAM>
ST_9 : Operation 495 [1/2] ( I:2.32ns O:2.32ns )   --->   "%buffer_c2_29_load_1 = load i3 %buffer_c2_29_addr" [cnn_hls.cpp:132]   --->   Operation 495 'load' 'buffer_c2_29_load_1' <Predicate = (trunc_ln128 == 0 & !icmp_ln131)> <Delay = 2.32> <CoreInst = "RAM">   --->   Core 81 'RAM' <Latency = 1> <II = 1> <Delay = 2.32> <Storage> <Opcode : 'load' 'store'> <Ports = 2> <Width = 7> <Depth = 8> <RAM>
ST_9 : Operation 496 [1/2] ( I:2.32ns O:2.32ns )   --->   "%buffer_c2_30_load_1 = load i3 %buffer_c2_30_addr" [cnn_hls.cpp:132]   --->   Operation 496 'load' 'buffer_c2_30_load_1' <Predicate = (trunc_ln128 == 2 & !icmp_ln131)> <Delay = 2.32> <CoreInst = "RAM">   --->   Core 81 'RAM' <Latency = 1> <II = 1> <Delay = 2.32> <Storage> <Opcode : 'load' 'store'> <Ports = 2> <Width = 7> <Depth = 8> <RAM>
ST_9 : Operation 497 [1/2] ( I:2.32ns O:2.32ns )   --->   "%buffer_c2_31_load_1 = load i3 %buffer_c2_31_addr" [cnn_hls.cpp:132]   --->   Operation 497 'load' 'buffer_c2_31_load_1' <Predicate = (trunc_ln128 == 1 & !icmp_ln131)> <Delay = 2.32> <CoreInst = "RAM">   --->   Core 81 'RAM' <Latency = 1> <II = 1> <Delay = 2.32> <Storage> <Opcode : 'load' 'store'> <Ports = 2> <Width = 7> <Depth = 8> <RAM>
ST_9 : Operation 498 [1/2] ( I:2.32ns O:2.32ns )   --->   "%buffer_c2_32_load_1 = load i3 %buffer_c2_32_addr" [cnn_hls.cpp:132]   --->   Operation 498 'load' 'buffer_c2_32_load_1' <Predicate = (trunc_ln128 == 0 & !icmp_ln131)> <Delay = 2.32> <CoreInst = "RAM">   --->   Core 81 'RAM' <Latency = 1> <II = 1> <Delay = 2.32> <Storage> <Opcode : 'load' 'store'> <Ports = 2> <Width = 7> <Depth = 8> <RAM>
ST_9 : Operation 499 [1/2] ( I:2.32ns O:2.32ns )   --->   "%buffer_c2_33_load_1 = load i3 %buffer_c2_33_addr" [cnn_hls.cpp:132]   --->   Operation 499 'load' 'buffer_c2_33_load_1' <Predicate = (trunc_ln128 == 2 & !icmp_ln131)> <Delay = 2.32> <CoreInst = "RAM">   --->   Core 81 'RAM' <Latency = 1> <II = 1> <Delay = 2.32> <Storage> <Opcode : 'load' 'store'> <Ports = 2> <Width = 7> <Depth = 8> <RAM>
ST_9 : Operation 500 [1/2] ( I:2.32ns O:2.32ns )   --->   "%buffer_c2_34_load_1 = load i3 %buffer_c2_34_addr" [cnn_hls.cpp:132]   --->   Operation 500 'load' 'buffer_c2_34_load_1' <Predicate = (trunc_ln128 == 1 & !icmp_ln131)> <Delay = 2.32> <CoreInst = "RAM">   --->   Core 81 'RAM' <Latency = 1> <II = 1> <Delay = 2.32> <Storage> <Opcode : 'load' 'store'> <Ports = 2> <Width = 7> <Depth = 8> <RAM>
ST_9 : Operation 501 [1/2] ( I:2.32ns O:2.32ns )   --->   "%buffer_c2_35_load_1 = load i3 %buffer_c2_35_addr" [cnn_hls.cpp:132]   --->   Operation 501 'load' 'buffer_c2_35_load_1' <Predicate = (trunc_ln128 == 0 & !icmp_ln131)> <Delay = 2.32> <CoreInst = "RAM">   --->   Core 81 'RAM' <Latency = 1> <II = 1> <Delay = 2.32> <Storage> <Opcode : 'load' 'store'> <Ports = 2> <Width = 7> <Depth = 8> <RAM>
ST_9 : Operation 502 [1/2] ( I:2.32ns O:2.32ns )   --->   "%buffer_c2_36_load_1 = load i3 %buffer_c2_36_addr" [cnn_hls.cpp:132]   --->   Operation 502 'load' 'buffer_c2_36_load_1' <Predicate = (trunc_ln128 == 2 & !icmp_ln131)> <Delay = 2.32> <CoreInst = "RAM">   --->   Core 81 'RAM' <Latency = 1> <II = 1> <Delay = 2.32> <Storage> <Opcode : 'load' 'store'> <Ports = 2> <Width = 7> <Depth = 8> <RAM>
ST_9 : Operation 503 [1/2] ( I:2.32ns O:2.32ns )   --->   "%buffer_c2_37_load_1 = load i3 %buffer_c2_37_addr" [cnn_hls.cpp:132]   --->   Operation 503 'load' 'buffer_c2_37_load_1' <Predicate = (trunc_ln128 == 1 & !icmp_ln131)> <Delay = 2.32> <CoreInst = "RAM">   --->   Core 81 'RAM' <Latency = 1> <II = 1> <Delay = 2.32> <Storage> <Opcode : 'load' 'store'> <Ports = 2> <Width = 7> <Depth = 8> <RAM>
ST_9 : Operation 504 [1/2] ( I:2.32ns O:2.32ns )   --->   "%buffer_c2_38_load_1 = load i3 %buffer_c2_38_addr" [cnn_hls.cpp:132]   --->   Operation 504 'load' 'buffer_c2_38_load_1' <Predicate = (trunc_ln128 == 0 & !icmp_ln131)> <Delay = 2.32> <CoreInst = "RAM">   --->   Core 81 'RAM' <Latency = 1> <II = 1> <Delay = 2.32> <Storage> <Opcode : 'load' 'store'> <Ports = 2> <Width = 7> <Depth = 8> <RAM>
ST_9 : Operation 505 [1/2] ( I:2.32ns O:2.32ns )   --->   "%buffer_c2_39_load_1 = load i3 %buffer_c2_39_addr" [cnn_hls.cpp:132]   --->   Operation 505 'load' 'buffer_c2_39_load_1' <Predicate = (trunc_ln128 == 2 & !icmp_ln131)> <Delay = 2.32> <CoreInst = "RAM">   --->   Core 81 'RAM' <Latency = 1> <II = 1> <Delay = 2.32> <Storage> <Opcode : 'load' 'store'> <Ports = 2> <Width = 7> <Depth = 8> <RAM>
ST_9 : Operation 506 [1/2] ( I:2.32ns O:2.32ns )   --->   "%buffer_c2_40_load_1 = load i3 %buffer_c2_40_addr" [cnn_hls.cpp:132]   --->   Operation 506 'load' 'buffer_c2_40_load_1' <Predicate = (trunc_ln128 == 1 & !icmp_ln131)> <Delay = 2.32> <CoreInst = "RAM">   --->   Core 81 'RAM' <Latency = 1> <II = 1> <Delay = 2.32> <Storage> <Opcode : 'load' 'store'> <Ports = 2> <Width = 7> <Depth = 8> <RAM>
ST_9 : Operation 507 [1/2] ( I:2.32ns O:2.32ns )   --->   "%buffer_c2_41_load_1 = load i3 %buffer_c2_41_addr" [cnn_hls.cpp:132]   --->   Operation 507 'load' 'buffer_c2_41_load_1' <Predicate = (trunc_ln128 == 0 & !icmp_ln131)> <Delay = 2.32> <CoreInst = "RAM">   --->   Core 81 'RAM' <Latency = 1> <II = 1> <Delay = 2.32> <Storage> <Opcode : 'load' 'store'> <Ports = 2> <Width = 7> <Depth = 8> <RAM>
ST_9 : Operation 508 [1/2] ( I:2.32ns O:2.32ns )   --->   "%buffer_c2_42_load_1 = load i3 %buffer_c2_42_addr" [cnn_hls.cpp:132]   --->   Operation 508 'load' 'buffer_c2_42_load_1' <Predicate = (trunc_ln128 == 2 & !icmp_ln131)> <Delay = 2.32> <CoreInst = "RAM">   --->   Core 81 'RAM' <Latency = 1> <II = 1> <Delay = 2.32> <Storage> <Opcode : 'load' 'store'> <Ports = 2> <Width = 7> <Depth = 8> <RAM>
ST_9 : Operation 509 [1/2] ( I:2.32ns O:2.32ns )   --->   "%buffer_c2_43_load_1 = load i3 %buffer_c2_43_addr" [cnn_hls.cpp:132]   --->   Operation 509 'load' 'buffer_c2_43_load_1' <Predicate = (trunc_ln128 == 1 & !icmp_ln131)> <Delay = 2.32> <CoreInst = "RAM">   --->   Core 81 'RAM' <Latency = 1> <II = 1> <Delay = 2.32> <Storage> <Opcode : 'load' 'store'> <Ports = 2> <Width = 7> <Depth = 8> <RAM>
ST_9 : Operation 510 [1/2] ( I:2.32ns O:2.32ns )   --->   "%buffer_c2_44_load_1 = load i3 %buffer_c2_44_addr" [cnn_hls.cpp:132]   --->   Operation 510 'load' 'buffer_c2_44_load_1' <Predicate = (trunc_ln128 == 0 & !icmp_ln131)> <Delay = 2.32> <CoreInst = "RAM">   --->   Core 81 'RAM' <Latency = 1> <II = 1> <Delay = 2.32> <Storage> <Opcode : 'load' 'store'> <Ports = 2> <Width = 7> <Depth = 8> <RAM>
ST_9 : Operation 511 [1/2] ( I:2.32ns O:2.32ns )   --->   "%buffer_c2_45_load_1 = load i3 %buffer_c2_45_addr" [cnn_hls.cpp:132]   --->   Operation 511 'load' 'buffer_c2_45_load_1' <Predicate = (trunc_ln128 == 2 & !icmp_ln131)> <Delay = 2.32> <CoreInst = "RAM">   --->   Core 81 'RAM' <Latency = 1> <II = 1> <Delay = 2.32> <Storage> <Opcode : 'load' 'store'> <Ports = 2> <Width = 7> <Depth = 8> <RAM>
ST_9 : Operation 512 [1/2] ( I:2.32ns O:2.32ns )   --->   "%buffer_c2_46_load_1 = load i3 %buffer_c2_46_addr" [cnn_hls.cpp:132]   --->   Operation 512 'load' 'buffer_c2_46_load_1' <Predicate = (trunc_ln128 == 1 & !icmp_ln131)> <Delay = 2.32> <CoreInst = "RAM">   --->   Core 81 'RAM' <Latency = 1> <II = 1> <Delay = 2.32> <Storage> <Opcode : 'load' 'store'> <Ports = 2> <Width = 7> <Depth = 8> <RAM>
ST_9 : Operation 513 [1/2] ( I:2.32ns O:2.32ns )   --->   "%buffer_c2_47_load_1 = load i3 %buffer_c2_47_addr" [cnn_hls.cpp:132]   --->   Operation 513 'load' 'buffer_c2_47_load_1' <Predicate = (trunc_ln128 == 0 & !icmp_ln131)> <Delay = 2.32> <CoreInst = "RAM">   --->   Core 81 'RAM' <Latency = 1> <II = 1> <Delay = 2.32> <Storage> <Opcode : 'load' 'store'> <Ports = 2> <Width = 7> <Depth = 8> <RAM>
ST_9 : Operation 514 [1/2] ( I:2.32ns O:2.32ns )   --->   "%buffer_c2_load_2 = load i3 %buffer_c2_addr_2" [cnn_hls.cpp:132]   --->   Operation 514 'load' 'buffer_c2_load_2' <Predicate = (trunc_ln128 == 1 & !icmp_ln131_1)> <Delay = 2.32> <CoreInst = "RAM">   --->   Core 81 'RAM' <Latency = 1> <II = 1> <Delay = 2.32> <Storage> <Opcode : 'load' 'store'> <Ports = 2> <Width = 7> <Depth = 8> <RAM>
ST_9 : Operation 515 [1/2] ( I:2.32ns O:2.32ns )   --->   "%buffer_c2_1_load_2 = load i3 %buffer_c2_1_addr_2" [cnn_hls.cpp:132]   --->   Operation 515 'load' 'buffer_c2_1_load_2' <Predicate = (trunc_ln128 == 0 & !icmp_ln131_1)> <Delay = 2.32> <CoreInst = "RAM">   --->   Core 81 'RAM' <Latency = 1> <II = 1> <Delay = 2.32> <Storage> <Opcode : 'load' 'store'> <Ports = 2> <Width = 7> <Depth = 8> <RAM>
ST_9 : Operation 516 [1/2] ( I:2.32ns O:2.32ns )   --->   "%buffer_c2_2_load_2 = load i3 %buffer_c2_2_addr_2" [cnn_hls.cpp:132]   --->   Operation 516 'load' 'buffer_c2_2_load_2' <Predicate = (trunc_ln128 == 2 & !icmp_ln131_1)> <Delay = 2.32> <CoreInst = "RAM">   --->   Core 81 'RAM' <Latency = 1> <II = 1> <Delay = 2.32> <Storage> <Opcode : 'load' 'store'> <Ports = 2> <Width = 7> <Depth = 8> <RAM>
ST_9 : Operation 517 [1/2] ( I:2.32ns O:2.32ns )   --->   "%buffer_c2_3_load_2 = load i3 %buffer_c2_3_addr_2" [cnn_hls.cpp:132]   --->   Operation 517 'load' 'buffer_c2_3_load_2' <Predicate = (trunc_ln128 == 1 & !icmp_ln131_1)> <Delay = 2.32> <CoreInst = "RAM">   --->   Core 81 'RAM' <Latency = 1> <II = 1> <Delay = 2.32> <Storage> <Opcode : 'load' 'store'> <Ports = 2> <Width = 7> <Depth = 8> <RAM>
ST_9 : Operation 518 [1/2] ( I:2.32ns O:2.32ns )   --->   "%buffer_c2_4_load_2 = load i3 %buffer_c2_4_addr_2" [cnn_hls.cpp:132]   --->   Operation 518 'load' 'buffer_c2_4_load_2' <Predicate = (trunc_ln128 == 0 & !icmp_ln131_1)> <Delay = 2.32> <CoreInst = "RAM">   --->   Core 81 'RAM' <Latency = 1> <II = 1> <Delay = 2.32> <Storage> <Opcode : 'load' 'store'> <Ports = 2> <Width = 7> <Depth = 8> <RAM>
ST_9 : Operation 519 [1/2] ( I:2.32ns O:2.32ns )   --->   "%buffer_c2_5_load_2 = load i3 %buffer_c2_5_addr_2" [cnn_hls.cpp:132]   --->   Operation 519 'load' 'buffer_c2_5_load_2' <Predicate = (trunc_ln128 == 2 & !icmp_ln131_1)> <Delay = 2.32> <CoreInst = "RAM">   --->   Core 81 'RAM' <Latency = 1> <II = 1> <Delay = 2.32> <Storage> <Opcode : 'load' 'store'> <Ports = 2> <Width = 7> <Depth = 8> <RAM>
ST_9 : Operation 520 [1/2] ( I:2.32ns O:2.32ns )   --->   "%buffer_c2_6_load_2 = load i3 %buffer_c2_6_addr_2" [cnn_hls.cpp:132]   --->   Operation 520 'load' 'buffer_c2_6_load_2' <Predicate = (trunc_ln128 == 1 & !icmp_ln131_1)> <Delay = 2.32> <CoreInst = "RAM">   --->   Core 81 'RAM' <Latency = 1> <II = 1> <Delay = 2.32> <Storage> <Opcode : 'load' 'store'> <Ports = 2> <Width = 7> <Depth = 8> <RAM>
ST_9 : Operation 521 [1/2] ( I:2.32ns O:2.32ns )   --->   "%buffer_c2_7_load_2 = load i3 %buffer_c2_7_addr_2" [cnn_hls.cpp:132]   --->   Operation 521 'load' 'buffer_c2_7_load_2' <Predicate = (trunc_ln128 == 0 & !icmp_ln131_1)> <Delay = 2.32> <CoreInst = "RAM">   --->   Core 81 'RAM' <Latency = 1> <II = 1> <Delay = 2.32> <Storage> <Opcode : 'load' 'store'> <Ports = 2> <Width = 7> <Depth = 8> <RAM>
ST_9 : Operation 522 [1/2] ( I:2.32ns O:2.32ns )   --->   "%buffer_c2_8_load_2 = load i3 %buffer_c2_8_addr_2" [cnn_hls.cpp:132]   --->   Operation 522 'load' 'buffer_c2_8_load_2' <Predicate = (trunc_ln128 == 2 & !icmp_ln131_1)> <Delay = 2.32> <CoreInst = "RAM">   --->   Core 81 'RAM' <Latency = 1> <II = 1> <Delay = 2.32> <Storage> <Opcode : 'load' 'store'> <Ports = 2> <Width = 7> <Depth = 8> <RAM>
ST_9 : Operation 523 [1/2] ( I:2.32ns O:2.32ns )   --->   "%buffer_c2_9_load_2 = load i3 %buffer_c2_9_addr_2" [cnn_hls.cpp:132]   --->   Operation 523 'load' 'buffer_c2_9_load_2' <Predicate = (trunc_ln128 == 1 & !icmp_ln131_1)> <Delay = 2.32> <CoreInst = "RAM">   --->   Core 81 'RAM' <Latency = 1> <II = 1> <Delay = 2.32> <Storage> <Opcode : 'load' 'store'> <Ports = 2> <Width = 7> <Depth = 8> <RAM>
ST_9 : Operation 524 [1/2] ( I:2.32ns O:2.32ns )   --->   "%buffer_c2_10_load_2 = load i3 %buffer_c2_10_addr_2" [cnn_hls.cpp:132]   --->   Operation 524 'load' 'buffer_c2_10_load_2' <Predicate = (trunc_ln128 == 0 & !icmp_ln131_1)> <Delay = 2.32> <CoreInst = "RAM">   --->   Core 81 'RAM' <Latency = 1> <II = 1> <Delay = 2.32> <Storage> <Opcode : 'load' 'store'> <Ports = 2> <Width = 7> <Depth = 8> <RAM>
ST_9 : Operation 525 [1/2] ( I:2.32ns O:2.32ns )   --->   "%buffer_c2_11_load_2 = load i3 %buffer_c2_11_addr_2" [cnn_hls.cpp:132]   --->   Operation 525 'load' 'buffer_c2_11_load_2' <Predicate = (trunc_ln128 == 2 & !icmp_ln131_1)> <Delay = 2.32> <CoreInst = "RAM">   --->   Core 81 'RAM' <Latency = 1> <II = 1> <Delay = 2.32> <Storage> <Opcode : 'load' 'store'> <Ports = 2> <Width = 7> <Depth = 8> <RAM>
ST_9 : Operation 526 [1/2] ( I:2.32ns O:2.32ns )   --->   "%buffer_c2_12_load_2 = load i3 %buffer_c2_12_addr_2" [cnn_hls.cpp:132]   --->   Operation 526 'load' 'buffer_c2_12_load_2' <Predicate = (trunc_ln128 == 1 & !icmp_ln131_1)> <Delay = 2.32> <CoreInst = "RAM">   --->   Core 81 'RAM' <Latency = 1> <II = 1> <Delay = 2.32> <Storage> <Opcode : 'load' 'store'> <Ports = 2> <Width = 7> <Depth = 8> <RAM>
ST_9 : Operation 527 [1/2] ( I:2.32ns O:2.32ns )   --->   "%buffer_c2_13_load_2 = load i3 %buffer_c2_13_addr_2" [cnn_hls.cpp:132]   --->   Operation 527 'load' 'buffer_c2_13_load_2' <Predicate = (trunc_ln128 == 0 & !icmp_ln131_1)> <Delay = 2.32> <CoreInst = "RAM">   --->   Core 81 'RAM' <Latency = 1> <II = 1> <Delay = 2.32> <Storage> <Opcode : 'load' 'store'> <Ports = 2> <Width = 7> <Depth = 8> <RAM>
ST_9 : Operation 528 [1/2] ( I:2.32ns O:2.32ns )   --->   "%buffer_c2_14_load_2 = load i3 %buffer_c2_14_addr_2" [cnn_hls.cpp:132]   --->   Operation 528 'load' 'buffer_c2_14_load_2' <Predicate = (trunc_ln128 == 2 & !icmp_ln131_1)> <Delay = 2.32> <CoreInst = "RAM">   --->   Core 81 'RAM' <Latency = 1> <II = 1> <Delay = 2.32> <Storage> <Opcode : 'load' 'store'> <Ports = 2> <Width = 7> <Depth = 8> <RAM>
ST_9 : Operation 529 [1/2] ( I:2.32ns O:2.32ns )   --->   "%buffer_c2_15_load_2 = load i3 %buffer_c2_15_addr_2" [cnn_hls.cpp:132]   --->   Operation 529 'load' 'buffer_c2_15_load_2' <Predicate = (trunc_ln128 == 1 & !icmp_ln131_1)> <Delay = 2.32> <CoreInst = "RAM">   --->   Core 81 'RAM' <Latency = 1> <II = 1> <Delay = 2.32> <Storage> <Opcode : 'load' 'store'> <Ports = 2> <Width = 7> <Depth = 8> <RAM>
ST_9 : Operation 530 [1/2] ( I:2.32ns O:2.32ns )   --->   "%buffer_c2_16_load_2 = load i3 %buffer_c2_16_addr_2" [cnn_hls.cpp:132]   --->   Operation 530 'load' 'buffer_c2_16_load_2' <Predicate = (trunc_ln128 == 0 & !icmp_ln131_1)> <Delay = 2.32> <CoreInst = "RAM">   --->   Core 81 'RAM' <Latency = 1> <II = 1> <Delay = 2.32> <Storage> <Opcode : 'load' 'store'> <Ports = 2> <Width = 7> <Depth = 8> <RAM>
ST_9 : Operation 531 [1/2] ( I:2.32ns O:2.32ns )   --->   "%buffer_c2_17_load_2 = load i3 %buffer_c2_17_addr_2" [cnn_hls.cpp:132]   --->   Operation 531 'load' 'buffer_c2_17_load_2' <Predicate = (trunc_ln128 == 2 & !icmp_ln131_1)> <Delay = 2.32> <CoreInst = "RAM">   --->   Core 81 'RAM' <Latency = 1> <II = 1> <Delay = 2.32> <Storage> <Opcode : 'load' 'store'> <Ports = 2> <Width = 7> <Depth = 8> <RAM>
ST_9 : Operation 532 [1/2] ( I:2.32ns O:2.32ns )   --->   "%buffer_c2_18_load_2 = load i3 %buffer_c2_18_addr_2" [cnn_hls.cpp:132]   --->   Operation 532 'load' 'buffer_c2_18_load_2' <Predicate = (trunc_ln128 == 1 & !icmp_ln131_1)> <Delay = 2.32> <CoreInst = "RAM">   --->   Core 81 'RAM' <Latency = 1> <II = 1> <Delay = 2.32> <Storage> <Opcode : 'load' 'store'> <Ports = 2> <Width = 7> <Depth = 8> <RAM>
ST_9 : Operation 533 [1/2] ( I:2.32ns O:2.32ns )   --->   "%buffer_c2_19_load_2 = load i3 %buffer_c2_19_addr_2" [cnn_hls.cpp:132]   --->   Operation 533 'load' 'buffer_c2_19_load_2' <Predicate = (trunc_ln128 == 0 & !icmp_ln131_1)> <Delay = 2.32> <CoreInst = "RAM">   --->   Core 81 'RAM' <Latency = 1> <II = 1> <Delay = 2.32> <Storage> <Opcode : 'load' 'store'> <Ports = 2> <Width = 7> <Depth = 8> <RAM>
ST_9 : Operation 534 [1/2] ( I:2.32ns O:2.32ns )   --->   "%buffer_c2_20_load_2 = load i3 %buffer_c2_20_addr_2" [cnn_hls.cpp:132]   --->   Operation 534 'load' 'buffer_c2_20_load_2' <Predicate = (trunc_ln128 == 2 & !icmp_ln131_1)> <Delay = 2.32> <CoreInst = "RAM">   --->   Core 81 'RAM' <Latency = 1> <II = 1> <Delay = 2.32> <Storage> <Opcode : 'load' 'store'> <Ports = 2> <Width = 7> <Depth = 8> <RAM>
ST_9 : Operation 535 [1/2] ( I:2.32ns O:2.32ns )   --->   "%buffer_c2_21_load_2 = load i3 %buffer_c2_21_addr_2" [cnn_hls.cpp:132]   --->   Operation 535 'load' 'buffer_c2_21_load_2' <Predicate = (trunc_ln128 == 1 & !icmp_ln131_1)> <Delay = 2.32> <CoreInst = "RAM">   --->   Core 81 'RAM' <Latency = 1> <II = 1> <Delay = 2.32> <Storage> <Opcode : 'load' 'store'> <Ports = 2> <Width = 7> <Depth = 8> <RAM>
ST_9 : Operation 536 [1/2] ( I:2.32ns O:2.32ns )   --->   "%buffer_c2_22_load_2 = load i3 %buffer_c2_22_addr_2" [cnn_hls.cpp:132]   --->   Operation 536 'load' 'buffer_c2_22_load_2' <Predicate = (trunc_ln128 == 0 & !icmp_ln131_1)> <Delay = 2.32> <CoreInst = "RAM">   --->   Core 81 'RAM' <Latency = 1> <II = 1> <Delay = 2.32> <Storage> <Opcode : 'load' 'store'> <Ports = 2> <Width = 7> <Depth = 8> <RAM>
ST_9 : Operation 537 [1/2] ( I:2.32ns O:2.32ns )   --->   "%buffer_c2_23_load_2 = load i3 %buffer_c2_23_addr_2" [cnn_hls.cpp:132]   --->   Operation 537 'load' 'buffer_c2_23_load_2' <Predicate = (trunc_ln128 == 2 & !icmp_ln131_1)> <Delay = 2.32> <CoreInst = "RAM">   --->   Core 81 'RAM' <Latency = 1> <II = 1> <Delay = 2.32> <Storage> <Opcode : 'load' 'store'> <Ports = 2> <Width = 7> <Depth = 8> <RAM>
ST_9 : Operation 538 [1/2] ( I:2.32ns O:2.32ns )   --->   "%buffer_c2_24_load_2 = load i3 %buffer_c2_24_addr_2" [cnn_hls.cpp:132]   --->   Operation 538 'load' 'buffer_c2_24_load_2' <Predicate = (trunc_ln128 == 1 & !icmp_ln131_1)> <Delay = 2.32> <CoreInst = "RAM">   --->   Core 81 'RAM' <Latency = 1> <II = 1> <Delay = 2.32> <Storage> <Opcode : 'load' 'store'> <Ports = 2> <Width = 7> <Depth = 8> <RAM>
ST_9 : Operation 539 [1/2] ( I:2.32ns O:2.32ns )   --->   "%buffer_c2_25_load_2 = load i3 %buffer_c2_25_addr_2" [cnn_hls.cpp:132]   --->   Operation 539 'load' 'buffer_c2_25_load_2' <Predicate = (trunc_ln128 == 0 & !icmp_ln131_1)> <Delay = 2.32> <CoreInst = "RAM">   --->   Core 81 'RAM' <Latency = 1> <II = 1> <Delay = 2.32> <Storage> <Opcode : 'load' 'store'> <Ports = 2> <Width = 7> <Depth = 8> <RAM>
ST_9 : Operation 540 [1/2] ( I:2.32ns O:2.32ns )   --->   "%buffer_c2_26_load_2 = load i3 %buffer_c2_26_addr_2" [cnn_hls.cpp:132]   --->   Operation 540 'load' 'buffer_c2_26_load_2' <Predicate = (trunc_ln128 == 2 & !icmp_ln131_1)> <Delay = 2.32> <CoreInst = "RAM">   --->   Core 81 'RAM' <Latency = 1> <II = 1> <Delay = 2.32> <Storage> <Opcode : 'load' 'store'> <Ports = 2> <Width = 7> <Depth = 8> <RAM>
ST_9 : Operation 541 [1/2] ( I:2.32ns O:2.32ns )   --->   "%buffer_c2_27_load_2 = load i3 %buffer_c2_27_addr_2" [cnn_hls.cpp:132]   --->   Operation 541 'load' 'buffer_c2_27_load_2' <Predicate = (trunc_ln128 == 1 & !icmp_ln131_1)> <Delay = 2.32> <CoreInst = "RAM">   --->   Core 81 'RAM' <Latency = 1> <II = 1> <Delay = 2.32> <Storage> <Opcode : 'load' 'store'> <Ports = 2> <Width = 7> <Depth = 8> <RAM>
ST_9 : Operation 542 [1/2] ( I:2.32ns O:2.32ns )   --->   "%buffer_c2_28_load_2 = load i3 %buffer_c2_28_addr_2" [cnn_hls.cpp:132]   --->   Operation 542 'load' 'buffer_c2_28_load_2' <Predicate = (trunc_ln128 == 0 & !icmp_ln131_1)> <Delay = 2.32> <CoreInst = "RAM">   --->   Core 81 'RAM' <Latency = 1> <II = 1> <Delay = 2.32> <Storage> <Opcode : 'load' 'store'> <Ports = 2> <Width = 7> <Depth = 8> <RAM>
ST_9 : Operation 543 [1/2] ( I:2.32ns O:2.32ns )   --->   "%buffer_c2_29_load_2 = load i3 %buffer_c2_29_addr_2" [cnn_hls.cpp:132]   --->   Operation 543 'load' 'buffer_c2_29_load_2' <Predicate = (trunc_ln128 == 2 & !icmp_ln131_1)> <Delay = 2.32> <CoreInst = "RAM">   --->   Core 81 'RAM' <Latency = 1> <II = 1> <Delay = 2.32> <Storage> <Opcode : 'load' 'store'> <Ports = 2> <Width = 7> <Depth = 8> <RAM>
ST_9 : Operation 544 [1/2] ( I:2.32ns O:2.32ns )   --->   "%buffer_c2_30_load_2 = load i3 %buffer_c2_30_addr_2" [cnn_hls.cpp:132]   --->   Operation 544 'load' 'buffer_c2_30_load_2' <Predicate = (trunc_ln128 == 1 & !icmp_ln131_1)> <Delay = 2.32> <CoreInst = "RAM">   --->   Core 81 'RAM' <Latency = 1> <II = 1> <Delay = 2.32> <Storage> <Opcode : 'load' 'store'> <Ports = 2> <Width = 7> <Depth = 8> <RAM>
ST_9 : Operation 545 [1/2] ( I:2.32ns O:2.32ns )   --->   "%buffer_c2_31_load_2 = load i3 %buffer_c2_31_addr_2" [cnn_hls.cpp:132]   --->   Operation 545 'load' 'buffer_c2_31_load_2' <Predicate = (trunc_ln128 == 0 & !icmp_ln131_1)> <Delay = 2.32> <CoreInst = "RAM">   --->   Core 81 'RAM' <Latency = 1> <II = 1> <Delay = 2.32> <Storage> <Opcode : 'load' 'store'> <Ports = 2> <Width = 7> <Depth = 8> <RAM>
ST_9 : Operation 546 [1/2] ( I:2.32ns O:2.32ns )   --->   "%buffer_c2_32_load_2 = load i3 %buffer_c2_32_addr_2" [cnn_hls.cpp:132]   --->   Operation 546 'load' 'buffer_c2_32_load_2' <Predicate = (trunc_ln128 == 2 & !icmp_ln131_1)> <Delay = 2.32> <CoreInst = "RAM">   --->   Core 81 'RAM' <Latency = 1> <II = 1> <Delay = 2.32> <Storage> <Opcode : 'load' 'store'> <Ports = 2> <Width = 7> <Depth = 8> <RAM>
ST_9 : Operation 547 [1/2] ( I:2.32ns O:2.32ns )   --->   "%buffer_c2_33_load_2 = load i3 %buffer_c2_33_addr_2" [cnn_hls.cpp:132]   --->   Operation 547 'load' 'buffer_c2_33_load_2' <Predicate = (trunc_ln128 == 1 & !icmp_ln131_1)> <Delay = 2.32> <CoreInst = "RAM">   --->   Core 81 'RAM' <Latency = 1> <II = 1> <Delay = 2.32> <Storage> <Opcode : 'load' 'store'> <Ports = 2> <Width = 7> <Depth = 8> <RAM>
ST_9 : Operation 548 [1/2] ( I:2.32ns O:2.32ns )   --->   "%buffer_c2_34_load_2 = load i3 %buffer_c2_34_addr_2" [cnn_hls.cpp:132]   --->   Operation 548 'load' 'buffer_c2_34_load_2' <Predicate = (trunc_ln128 == 0 & !icmp_ln131_1)> <Delay = 2.32> <CoreInst = "RAM">   --->   Core 81 'RAM' <Latency = 1> <II = 1> <Delay = 2.32> <Storage> <Opcode : 'load' 'store'> <Ports = 2> <Width = 7> <Depth = 8> <RAM>
ST_9 : Operation 549 [1/2] ( I:2.32ns O:2.32ns )   --->   "%buffer_c2_35_load_2 = load i3 %buffer_c2_35_addr_2" [cnn_hls.cpp:132]   --->   Operation 549 'load' 'buffer_c2_35_load_2' <Predicate = (trunc_ln128 == 2 & !icmp_ln131_1)> <Delay = 2.32> <CoreInst = "RAM">   --->   Core 81 'RAM' <Latency = 1> <II = 1> <Delay = 2.32> <Storage> <Opcode : 'load' 'store'> <Ports = 2> <Width = 7> <Depth = 8> <RAM>
ST_9 : Operation 550 [1/2] ( I:2.32ns O:2.32ns )   --->   "%buffer_c2_36_load_2 = load i3 %buffer_c2_36_addr_2" [cnn_hls.cpp:132]   --->   Operation 550 'load' 'buffer_c2_36_load_2' <Predicate = (trunc_ln128 == 1 & !icmp_ln131_1)> <Delay = 2.32> <CoreInst = "RAM">   --->   Core 81 'RAM' <Latency = 1> <II = 1> <Delay = 2.32> <Storage> <Opcode : 'load' 'store'> <Ports = 2> <Width = 7> <Depth = 8> <RAM>
ST_9 : Operation 551 [1/2] ( I:2.32ns O:2.32ns )   --->   "%buffer_c2_37_load_2 = load i3 %buffer_c2_37_addr_2" [cnn_hls.cpp:132]   --->   Operation 551 'load' 'buffer_c2_37_load_2' <Predicate = (trunc_ln128 == 0 & !icmp_ln131_1)> <Delay = 2.32> <CoreInst = "RAM">   --->   Core 81 'RAM' <Latency = 1> <II = 1> <Delay = 2.32> <Storage> <Opcode : 'load' 'store'> <Ports = 2> <Width = 7> <Depth = 8> <RAM>
ST_9 : Operation 552 [1/2] ( I:2.32ns O:2.32ns )   --->   "%buffer_c2_38_load_2 = load i3 %buffer_c2_38_addr_2" [cnn_hls.cpp:132]   --->   Operation 552 'load' 'buffer_c2_38_load_2' <Predicate = (trunc_ln128 == 2 & !icmp_ln131_1)> <Delay = 2.32> <CoreInst = "RAM">   --->   Core 81 'RAM' <Latency = 1> <II = 1> <Delay = 2.32> <Storage> <Opcode : 'load' 'store'> <Ports = 2> <Width = 7> <Depth = 8> <RAM>
ST_9 : Operation 553 [1/2] ( I:2.32ns O:2.32ns )   --->   "%buffer_c2_39_load_2 = load i3 %buffer_c2_39_addr_2" [cnn_hls.cpp:132]   --->   Operation 553 'load' 'buffer_c2_39_load_2' <Predicate = (trunc_ln128 == 1 & !icmp_ln131_1)> <Delay = 2.32> <CoreInst = "RAM">   --->   Core 81 'RAM' <Latency = 1> <II = 1> <Delay = 2.32> <Storage> <Opcode : 'load' 'store'> <Ports = 2> <Width = 7> <Depth = 8> <RAM>
ST_9 : Operation 554 [1/2] ( I:2.32ns O:2.32ns )   --->   "%buffer_c2_40_load_2 = load i3 %buffer_c2_40_addr_2" [cnn_hls.cpp:132]   --->   Operation 554 'load' 'buffer_c2_40_load_2' <Predicate = (trunc_ln128 == 0 & !icmp_ln131_1)> <Delay = 2.32> <CoreInst = "RAM">   --->   Core 81 'RAM' <Latency = 1> <II = 1> <Delay = 2.32> <Storage> <Opcode : 'load' 'store'> <Ports = 2> <Width = 7> <Depth = 8> <RAM>
ST_9 : Operation 555 [1/2] ( I:2.32ns O:2.32ns )   --->   "%buffer_c2_41_load_2 = load i3 %buffer_c2_41_addr_2" [cnn_hls.cpp:132]   --->   Operation 555 'load' 'buffer_c2_41_load_2' <Predicate = (trunc_ln128 == 2 & !icmp_ln131_1)> <Delay = 2.32> <CoreInst = "RAM">   --->   Core 81 'RAM' <Latency = 1> <II = 1> <Delay = 2.32> <Storage> <Opcode : 'load' 'store'> <Ports = 2> <Width = 7> <Depth = 8> <RAM>
ST_9 : Operation 556 [1/2] ( I:2.32ns O:2.32ns )   --->   "%buffer_c2_42_load_2 = load i3 %buffer_c2_42_addr_2" [cnn_hls.cpp:132]   --->   Operation 556 'load' 'buffer_c2_42_load_2' <Predicate = (trunc_ln128 == 1 & !icmp_ln131_1)> <Delay = 2.32> <CoreInst = "RAM">   --->   Core 81 'RAM' <Latency = 1> <II = 1> <Delay = 2.32> <Storage> <Opcode : 'load' 'store'> <Ports = 2> <Width = 7> <Depth = 8> <RAM>
ST_9 : Operation 557 [1/2] ( I:2.32ns O:2.32ns )   --->   "%buffer_c2_43_load_2 = load i3 %buffer_c2_43_addr_2" [cnn_hls.cpp:132]   --->   Operation 557 'load' 'buffer_c2_43_load_2' <Predicate = (trunc_ln128 == 0 & !icmp_ln131_1)> <Delay = 2.32> <CoreInst = "RAM">   --->   Core 81 'RAM' <Latency = 1> <II = 1> <Delay = 2.32> <Storage> <Opcode : 'load' 'store'> <Ports = 2> <Width = 7> <Depth = 8> <RAM>
ST_9 : Operation 558 [1/2] ( I:2.32ns O:2.32ns )   --->   "%buffer_c2_44_load_2 = load i3 %buffer_c2_44_addr_2" [cnn_hls.cpp:132]   --->   Operation 558 'load' 'buffer_c2_44_load_2' <Predicate = (trunc_ln128 == 2 & !icmp_ln131_1)> <Delay = 2.32> <CoreInst = "RAM">   --->   Core 81 'RAM' <Latency = 1> <II = 1> <Delay = 2.32> <Storage> <Opcode : 'load' 'store'> <Ports = 2> <Width = 7> <Depth = 8> <RAM>
ST_9 : Operation 559 [1/2] ( I:2.32ns O:2.32ns )   --->   "%buffer_c2_45_load_2 = load i3 %buffer_c2_45_addr_2" [cnn_hls.cpp:132]   --->   Operation 559 'load' 'buffer_c2_45_load_2' <Predicate = (trunc_ln128 == 1 & !icmp_ln131_1)> <Delay = 2.32> <CoreInst = "RAM">   --->   Core 81 'RAM' <Latency = 1> <II = 1> <Delay = 2.32> <Storage> <Opcode : 'load' 'store'> <Ports = 2> <Width = 7> <Depth = 8> <RAM>
ST_9 : Operation 560 [1/2] ( I:2.32ns O:2.32ns )   --->   "%buffer_c2_46_load_2 = load i3 %buffer_c2_46_addr_2" [cnn_hls.cpp:132]   --->   Operation 560 'load' 'buffer_c2_46_load_2' <Predicate = (trunc_ln128 == 0 & !icmp_ln131_1)> <Delay = 2.32> <CoreInst = "RAM">   --->   Core 81 'RAM' <Latency = 1> <II = 1> <Delay = 2.32> <Storage> <Opcode : 'load' 'store'> <Ports = 2> <Width = 7> <Depth = 8> <RAM>
ST_9 : Operation 561 [1/2] ( I:2.32ns O:2.32ns )   --->   "%buffer_c2_47_load_2 = load i3 %buffer_c2_47_addr_2" [cnn_hls.cpp:132]   --->   Operation 561 'load' 'buffer_c2_47_load_2' <Predicate = (trunc_ln128 == 2 & !icmp_ln131_1)> <Delay = 2.32> <CoreInst = "RAM">   --->   Core 81 'RAM' <Latency = 1> <II = 1> <Delay = 2.32> <Storage> <Opcode : 'load' 'store'> <Ports = 2> <Width = 7> <Depth = 8> <RAM>
ST_9 : Operation 562 [1/2] ( I:2.32ns O:2.32ns )   --->   "%p_ZL12conv3_weight_0_load = load i5 %p_ZL12conv3_weight_0_addr" [cnn_hls.cpp:135]   --->   Operation 562 'load' 'p_ZL12conv3_weight_0_load' <Predicate = true> <Delay = 2.32> <CoreInst = "ROM">   --->   Core 94 'ROM' <Latency = 1> <II = 1> <Delay = 2.32> <Storage> <Opcode : 'load'> <Ports = 0> <Width = 8> <Depth = 32> <ROM>
ST_9 : Operation 563 [1/1] (0.00ns)   --->   "%sext_ln135 = sext i8 %p_ZL12conv3_weight_0_load" [cnn_hls.cpp:135]   --->   Operation 563 'sext' 'sext_ln135' <Predicate = true> <Delay = 0.00>
ST_9 : Operation 564 [1/1] (0.00ns)   --->   "%p_ZL12conv3_weight_3_addr = getelementptr i8 %p_ZL12conv3_weight_3, i64 0, i64 %zext_ln135" [cnn_hls.cpp:135]   --->   Operation 564 'getelementptr' 'p_ZL12conv3_weight_3_addr' <Predicate = true> <Delay = 0.00>
ST_9 : Operation 565 [2/2] (2.32ns)   --->   "%p_ZL12conv3_weight_3_load = load i5 %p_ZL12conv3_weight_3_addr" [cnn_hls.cpp:135]   --->   Operation 565 'load' 'p_ZL12conv3_weight_3_load' <Predicate = true> <Delay = 2.32> <CoreInst = "ROM">   --->   Core 94 'ROM' <Latency = 1> <II = 1> <Delay = 2.32> <Storage> <Opcode : 'load'> <Ports = 0> <Width = 8> <Depth = 32> <ROM>
ST_9 : Operation 566 [1/1] (0.00ns)   --->   "%p_ZL12conv3_weight_6_addr = getelementptr i8 %p_ZL12conv3_weight_6, i64 0, i64 %zext_ln135" [cnn_hls.cpp:135]   --->   Operation 566 'getelementptr' 'p_ZL12conv3_weight_6_addr' <Predicate = true> <Delay = 0.00>
ST_9 : Operation 567 [2/2] (2.32ns)   --->   "%p_ZL12conv3_weight_6_load = load i5 %p_ZL12conv3_weight_6_addr" [cnn_hls.cpp:135]   --->   Operation 567 'load' 'p_ZL12conv3_weight_6_load' <Predicate = true> <Delay = 2.32> <CoreInst = "ROM">   --->   Core 94 'ROM' <Latency = 1> <II = 1> <Delay = 2.32> <Storage> <Opcode : 'load'> <Ports = 0> <Width = 8> <Depth = 32> <ROM>
ST_9 : Operation 568 [1/1] (0.00ns)   --->   "%p_ZL12conv3_weight_9_addr = getelementptr i8 %p_ZL12conv3_weight_9, i64 0, i64 %zext_ln135" [cnn_hls.cpp:135]   --->   Operation 568 'getelementptr' 'p_ZL12conv3_weight_9_addr' <Predicate = true> <Delay = 0.00>
ST_9 : Operation 569 [2/2] (2.32ns)   --->   "%p_ZL12conv3_weight_9_load = load i5 %p_ZL12conv3_weight_9_addr" [cnn_hls.cpp:135]   --->   Operation 569 'load' 'p_ZL12conv3_weight_9_load' <Predicate = true> <Delay = 2.32> <CoreInst = "ROM">   --->   Core 94 'ROM' <Latency = 1> <II = 1> <Delay = 2.32> <Storage> <Opcode : 'load'> <Ports = 0> <Width = 8> <Depth = 32> <ROM>
ST_9 : Operation 570 [1/1] (0.00ns)   --->   "%p_ZL12conv3_weight_12_addr = getelementptr i8 %p_ZL12conv3_weight_12, i64 0, i64 %zext_ln135" [cnn_hls.cpp:135]   --->   Operation 570 'getelementptr' 'p_ZL12conv3_weight_12_addr' <Predicate = true> <Delay = 0.00>
ST_9 : Operation 571 [2/2] (2.32ns)   --->   "%p_ZL12conv3_weight_12_load = load i5 %p_ZL12conv3_weight_12_addr" [cnn_hls.cpp:135]   --->   Operation 571 'load' 'p_ZL12conv3_weight_12_load' <Predicate = true> <Delay = 2.32> <CoreInst = "ROM">   --->   Core 94 'ROM' <Latency = 1> <II = 1> <Delay = 2.32> <Storage> <Opcode : 'load'> <Ports = 0> <Width = 8> <Depth = 32> <ROM>
ST_9 : Operation 572 [1/2] ( I:2.32ns O:2.32ns )   --->   "%p_ZL12conv3_weight_15_load = load i5 %p_ZL12conv3_weight_15_addr" [cnn_hls.cpp:135]   --->   Operation 572 'load' 'p_ZL12conv3_weight_15_load' <Predicate = true> <Delay = 2.32> <CoreInst = "ROM">   --->   Core 94 'ROM' <Latency = 1> <II = 1> <Delay = 2.32> <Storage> <Opcode : 'load'> <Ports = 0> <Width = 8> <Depth = 32> <ROM>
ST_9 : Operation 573 [1/1] (0.00ns)   --->   "%sext_ln135_5 = sext i8 %p_ZL12conv3_weight_15_load" [cnn_hls.cpp:135]   --->   Operation 573 'sext' 'sext_ln135_5' <Predicate = true> <Delay = 0.00>
ST_9 : Operation 574 [1/2] ( I:2.32ns O:2.32ns )   --->   "%p_ZL12conv3_weight_18_load = load i5 %p_ZL12conv3_weight_18_addr" [cnn_hls.cpp:135]   --->   Operation 574 'load' 'p_ZL12conv3_weight_18_load' <Predicate = true> <Delay = 2.32> <CoreInst = "ROM">   --->   Core 94 'ROM' <Latency = 1> <II = 1> <Delay = 2.32> <Storage> <Opcode : 'load'> <Ports = 0> <Width = 8> <Depth = 32> <ROM>
ST_9 : Operation 575 [1/1] (0.00ns)   --->   "%sext_ln135_6 = sext i8 %p_ZL12conv3_weight_18_load" [cnn_hls.cpp:135]   --->   Operation 575 'sext' 'sext_ln135_6' <Predicate = true> <Delay = 0.00>
ST_9 : Operation 576 [1/1] (0.00ns)   --->   "%p_ZL12conv3_weight_21_addr = getelementptr i8 %p_ZL12conv3_weight_21, i64 0, i64 %zext_ln135" [cnn_hls.cpp:135]   --->   Operation 576 'getelementptr' 'p_ZL12conv3_weight_21_addr' <Predicate = true> <Delay = 0.00>
ST_9 : Operation 577 [2/2] (2.32ns)   --->   "%p_ZL12conv3_weight_21_load = load i5 %p_ZL12conv3_weight_21_addr" [cnn_hls.cpp:135]   --->   Operation 577 'load' 'p_ZL12conv3_weight_21_load' <Predicate = true> <Delay = 2.32> <CoreInst = "ROM">   --->   Core 94 'ROM' <Latency = 1> <II = 1> <Delay = 2.32> <Storage> <Opcode : 'load'> <Ports = 0> <Width = 8> <Depth = 32> <ROM>
ST_9 : Operation 578 [1/1] (0.00ns)   --->   "%p_ZL12conv3_weight_6_addr_1 = getelementptr i8 %p_ZL12conv3_weight_6, i64 0, i64 %zext_ln135_1" [cnn_hls.cpp:135]   --->   Operation 578 'getelementptr' 'p_ZL12conv3_weight_6_addr_1' <Predicate = true> <Delay = 0.00>
ST_9 : Operation 579 [2/2] (2.32ns)   --->   "%p_ZL12conv3_weight_6_load_1 = load i5 %p_ZL12conv3_weight_6_addr_1" [cnn_hls.cpp:135]   --->   Operation 579 'load' 'p_ZL12conv3_weight_6_load_1' <Predicate = true> <Delay = 2.32> <CoreInst = "ROM">   --->   Core 94 'ROM' <Latency = 1> <II = 1> <Delay = 2.32> <Storage> <Opcode : 'load'> <Ports = 0> <Width = 8> <Depth = 32> <ROM>
ST_9 : Operation 580 [1/2] ( I:2.32ns O:2.32ns )   --->   "%p_ZL12conv3_weight_9_load_1 = load i5 %p_ZL12conv3_weight_9_addr_1" [cnn_hls.cpp:135]   --->   Operation 580 'load' 'p_ZL12conv3_weight_9_load_1' <Predicate = true> <Delay = 2.32> <CoreInst = "ROM">   --->   Core 94 'ROM' <Latency = 1> <II = 1> <Delay = 2.32> <Storage> <Opcode : 'load'> <Ports = 0> <Width = 8> <Depth = 32> <ROM>
ST_9 : Operation 581 [1/1] (0.00ns)   --->   "%sext_ln135_11 = sext i8 %p_ZL12conv3_weight_9_load_1" [cnn_hls.cpp:135]   --->   Operation 581 'sext' 'sext_ln135_11' <Predicate = true> <Delay = 0.00>
ST_9 : Operation 582 [1/2] ( I:2.32ns O:2.32ns )   --->   "%p_ZL12conv3_weight_12_load_1 = load i5 %p_ZL12conv3_weight_12_addr_1" [cnn_hls.cpp:135]   --->   Operation 582 'load' 'p_ZL12conv3_weight_12_load_1' <Predicate = true> <Delay = 2.32> <CoreInst = "ROM">   --->   Core 94 'ROM' <Latency = 1> <II = 1> <Delay = 2.32> <Storage> <Opcode : 'load'> <Ports = 0> <Width = 8> <Depth = 32> <ROM>
ST_9 : Operation 583 [1/1] (0.00ns)   --->   "%sext_ln135_12 = sext i8 %p_ZL12conv3_weight_12_load_1" [cnn_hls.cpp:135]   --->   Operation 583 'sext' 'sext_ln135_12' <Predicate = true> <Delay = 0.00>
ST_9 : Operation 584 [1/1] (0.00ns)   --->   "%p_ZL12conv3_weight_15_addr_1 = getelementptr i8 %p_ZL12conv3_weight_15, i64 0, i64 %zext_ln135_1" [cnn_hls.cpp:135]   --->   Operation 584 'getelementptr' 'p_ZL12conv3_weight_15_addr_1' <Predicate = true> <Delay = 0.00>
ST_9 : Operation 585 [2/2] (2.32ns)   --->   "%p_ZL12conv3_weight_15_load_1 = load i5 %p_ZL12conv3_weight_15_addr_1" [cnn_hls.cpp:135]   --->   Operation 585 'load' 'p_ZL12conv3_weight_15_load_1' <Predicate = true> <Delay = 2.32> <CoreInst = "ROM">   --->   Core 94 'ROM' <Latency = 1> <II = 1> <Delay = 2.32> <Storage> <Opcode : 'load'> <Ports = 0> <Width = 8> <Depth = 32> <ROM>
ST_9 : Operation 586 [1/1] (1.58ns)   --->   "%x_63 = sparsemux i7 @_ssdm_op_SparseMux.ap_auto.3i7.i7.i2, i2 2, i7 %buffer_c2_load_1, i2 1, i7 %buffer_c2_1_load_1, i2 0, i7 %buffer_c2_2_load_1, i7 0, i2 %trunc_ln128" [cnn_hls.cpp:132]   --->   Operation 586 'sparsemux' 'x_63' <Predicate = (!icmp_ln131)> <Delay = 1.58> <CoreInst = "OneHotSparseMux_HasDef">   --->   Core 140 'OneHotSparseMux_HasDef' <Latency = 0> <II = 1> <Delay = 1.58> <FuncUnit> <Opcode : 'sparsemux'> <InPorts = 2> <OutPorts = 1>
ST_9 : Operation 587 [1/1] (1.58ns)   --->   "%x_64 = sparsemux i7 @_ssdm_op_SparseMux.ap_auto.3i7.i7.i2, i2 2, i7 %buffer_c2_3_load_1, i2 1, i7 %buffer_c2_4_load_1, i2 0, i7 %buffer_c2_5_load_1, i7 0, i2 %trunc_ln128" [cnn_hls.cpp:132]   --->   Operation 587 'sparsemux' 'x_64' <Predicate = (!icmp_ln131)> <Delay = 1.58> <CoreInst = "OneHotSparseMux_HasDef">   --->   Core 140 'OneHotSparseMux_HasDef' <Latency = 0> <II = 1> <Delay = 1.58> <FuncUnit> <Opcode : 'sparsemux'> <InPorts = 2> <OutPorts = 1>
ST_9 : Operation 588 [1/1] (1.58ns)   --->   "%x_65 = sparsemux i7 @_ssdm_op_SparseMux.ap_auto.3i7.i7.i2, i2 2, i7 %buffer_c2_6_load_1, i2 1, i7 %buffer_c2_7_load_1, i2 0, i7 %buffer_c2_8_load_1, i7 0, i2 %trunc_ln128" [cnn_hls.cpp:132]   --->   Operation 588 'sparsemux' 'x_65' <Predicate = (!icmp_ln131)> <Delay = 1.58> <CoreInst = "OneHotSparseMux_HasDef">   --->   Core 140 'OneHotSparseMux_HasDef' <Latency = 0> <II = 1> <Delay = 1.58> <FuncUnit> <Opcode : 'sparsemux'> <InPorts = 2> <OutPorts = 1>
ST_9 : Operation 589 [1/1] (1.58ns)   --->   "%x_66 = sparsemux i7 @_ssdm_op_SparseMux.ap_auto.3i7.i7.i2, i2 2, i7 %buffer_c2_9_load_1, i2 1, i7 %buffer_c2_10_load_1, i2 0, i7 %buffer_c2_11_load_1, i7 0, i2 %trunc_ln128" [cnn_hls.cpp:132]   --->   Operation 589 'sparsemux' 'x_66' <Predicate = (!icmp_ln131)> <Delay = 1.58> <CoreInst = "OneHotSparseMux_HasDef">   --->   Core 140 'OneHotSparseMux_HasDef' <Latency = 0> <II = 1> <Delay = 1.58> <FuncUnit> <Opcode : 'sparsemux'> <InPorts = 2> <OutPorts = 1>
ST_9 : Operation 590 [1/1] (1.58ns)   --->   "%x_67 = sparsemux i7 @_ssdm_op_SparseMux.ap_auto.3i7.i7.i2, i2 2, i7 %buffer_c2_12_load_1, i2 1, i7 %buffer_c2_13_load_1, i2 0, i7 %buffer_c2_14_load_1, i7 0, i2 %trunc_ln128" [cnn_hls.cpp:132]   --->   Operation 590 'sparsemux' 'x_67' <Predicate = (!icmp_ln131)> <Delay = 1.58> <CoreInst = "OneHotSparseMux_HasDef">   --->   Core 140 'OneHotSparseMux_HasDef' <Latency = 0> <II = 1> <Delay = 1.58> <FuncUnit> <Opcode : 'sparsemux'> <InPorts = 2> <OutPorts = 1>
ST_9 : Operation 591 [1/1] (1.58ns)   --->   "%x_68 = sparsemux i7 @_ssdm_op_SparseMux.ap_auto.3i7.i7.i2, i2 2, i7 %buffer_c2_15_load_1, i2 1, i7 %buffer_c2_16_load_1, i2 0, i7 %buffer_c2_17_load_1, i7 0, i2 %trunc_ln128" [cnn_hls.cpp:132]   --->   Operation 591 'sparsemux' 'x_68' <Predicate = (!icmp_ln131)> <Delay = 1.58> <CoreInst = "OneHotSparseMux_HasDef">   --->   Core 140 'OneHotSparseMux_HasDef' <Latency = 0> <II = 1> <Delay = 1.58> <FuncUnit> <Opcode : 'sparsemux'> <InPorts = 2> <OutPorts = 1>
ST_9 : Operation 592 [1/1] (1.58ns)   --->   "%x_69 = sparsemux i7 @_ssdm_op_SparseMux.ap_auto.3i7.i7.i2, i2 2, i7 %buffer_c2_18_load_1, i2 1, i7 %buffer_c2_19_load_1, i2 0, i7 %buffer_c2_20_load_1, i7 0, i2 %trunc_ln128" [cnn_hls.cpp:132]   --->   Operation 592 'sparsemux' 'x_69' <Predicate = (!icmp_ln131)> <Delay = 1.58> <CoreInst = "OneHotSparseMux_HasDef">   --->   Core 140 'OneHotSparseMux_HasDef' <Latency = 0> <II = 1> <Delay = 1.58> <FuncUnit> <Opcode : 'sparsemux'> <InPorts = 2> <OutPorts = 1>
ST_9 : Operation 593 [1/1] (1.58ns)   --->   "%x_70 = sparsemux i7 @_ssdm_op_SparseMux.ap_auto.3i7.i7.i2, i2 2, i7 %buffer_c2_21_load_1, i2 1, i7 %buffer_c2_22_load_1, i2 0, i7 %buffer_c2_23_load_1, i7 0, i2 %trunc_ln128" [cnn_hls.cpp:132]   --->   Operation 593 'sparsemux' 'x_70' <Predicate = (!icmp_ln131)> <Delay = 1.58> <CoreInst = "OneHotSparseMux_HasDef">   --->   Core 140 'OneHotSparseMux_HasDef' <Latency = 0> <II = 1> <Delay = 1.58> <FuncUnit> <Opcode : 'sparsemux'> <InPorts = 2> <OutPorts = 1>
ST_9 : Operation 594 [1/1] (1.58ns)   --->   "%x_71 = sparsemux i7 @_ssdm_op_SparseMux.ap_auto.3i7.i7.i2, i2 2, i7 %buffer_c2_24_load_1, i2 1, i7 %buffer_c2_25_load_1, i2 0, i7 %buffer_c2_26_load_1, i7 0, i2 %trunc_ln128" [cnn_hls.cpp:132]   --->   Operation 594 'sparsemux' 'x_71' <Predicate = (!icmp_ln131)> <Delay = 1.58> <CoreInst = "OneHotSparseMux_HasDef">   --->   Core 140 'OneHotSparseMux_HasDef' <Latency = 0> <II = 1> <Delay = 1.58> <FuncUnit> <Opcode : 'sparsemux'> <InPorts = 2> <OutPorts = 1>
ST_9 : Operation 595 [1/1] (1.58ns)   --->   "%x_72 = sparsemux i7 @_ssdm_op_SparseMux.ap_auto.3i7.i7.i2, i2 2, i7 %buffer_c2_27_load_1, i2 1, i7 %buffer_c2_28_load_1, i2 0, i7 %buffer_c2_29_load_1, i7 0, i2 %trunc_ln128" [cnn_hls.cpp:132]   --->   Operation 595 'sparsemux' 'x_72' <Predicate = (!icmp_ln131)> <Delay = 1.58> <CoreInst = "OneHotSparseMux_HasDef">   --->   Core 140 'OneHotSparseMux_HasDef' <Latency = 0> <II = 1> <Delay = 1.58> <FuncUnit> <Opcode : 'sparsemux'> <InPorts = 2> <OutPorts = 1>
ST_9 : Operation 596 [1/1] (1.58ns)   --->   "%x_73 = sparsemux i7 @_ssdm_op_SparseMux.ap_auto.3i7.i7.i2, i2 2, i7 %buffer_c2_30_load_1, i2 1, i7 %buffer_c2_31_load_1, i2 0, i7 %buffer_c2_32_load_1, i7 0, i2 %trunc_ln128" [cnn_hls.cpp:132]   --->   Operation 596 'sparsemux' 'x_73' <Predicate = (!icmp_ln131)> <Delay = 1.58> <CoreInst = "OneHotSparseMux_HasDef">   --->   Core 140 'OneHotSparseMux_HasDef' <Latency = 0> <II = 1> <Delay = 1.58> <FuncUnit> <Opcode : 'sparsemux'> <InPorts = 2> <OutPorts = 1>
ST_9 : Operation 597 [1/1] (1.58ns)   --->   "%x_74 = sparsemux i7 @_ssdm_op_SparseMux.ap_auto.3i7.i7.i2, i2 2, i7 %buffer_c2_33_load_1, i2 1, i7 %buffer_c2_34_load_1, i2 0, i7 %buffer_c2_35_load_1, i7 0, i2 %trunc_ln128" [cnn_hls.cpp:132]   --->   Operation 597 'sparsemux' 'x_74' <Predicate = (!icmp_ln131)> <Delay = 1.58> <CoreInst = "OneHotSparseMux_HasDef">   --->   Core 140 'OneHotSparseMux_HasDef' <Latency = 0> <II = 1> <Delay = 1.58> <FuncUnit> <Opcode : 'sparsemux'> <InPorts = 2> <OutPorts = 1>
ST_9 : Operation 598 [1/1] (1.58ns)   --->   "%x_75 = sparsemux i7 @_ssdm_op_SparseMux.ap_auto.3i7.i7.i2, i2 2, i7 %buffer_c2_36_load_1, i2 1, i7 %buffer_c2_37_load_1, i2 0, i7 %buffer_c2_38_load_1, i7 0, i2 %trunc_ln128" [cnn_hls.cpp:132]   --->   Operation 598 'sparsemux' 'x_75' <Predicate = (!icmp_ln131)> <Delay = 1.58> <CoreInst = "OneHotSparseMux_HasDef">   --->   Core 140 'OneHotSparseMux_HasDef' <Latency = 0> <II = 1> <Delay = 1.58> <FuncUnit> <Opcode : 'sparsemux'> <InPorts = 2> <OutPorts = 1>
ST_9 : Operation 599 [1/1] (1.58ns)   --->   "%x_76 = sparsemux i7 @_ssdm_op_SparseMux.ap_auto.3i7.i7.i2, i2 2, i7 %buffer_c2_39_load_1, i2 1, i7 %buffer_c2_40_load_1, i2 0, i7 %buffer_c2_41_load_1, i7 0, i2 %trunc_ln128" [cnn_hls.cpp:132]   --->   Operation 599 'sparsemux' 'x_76' <Predicate = (!icmp_ln131)> <Delay = 1.58> <CoreInst = "OneHotSparseMux_HasDef">   --->   Core 140 'OneHotSparseMux_HasDef' <Latency = 0> <II = 1> <Delay = 1.58> <FuncUnit> <Opcode : 'sparsemux'> <InPorts = 2> <OutPorts = 1>
ST_9 : Operation 600 [1/1] (1.58ns)   --->   "%x_77 = sparsemux i7 @_ssdm_op_SparseMux.ap_auto.3i7.i7.i2, i2 2, i7 %buffer_c2_42_load_1, i2 1, i7 %buffer_c2_43_load_1, i2 0, i7 %buffer_c2_44_load_1, i7 0, i2 %trunc_ln128" [cnn_hls.cpp:132]   --->   Operation 600 'sparsemux' 'x_77' <Predicate = (!icmp_ln131)> <Delay = 1.58> <CoreInst = "OneHotSparseMux_HasDef">   --->   Core 140 'OneHotSparseMux_HasDef' <Latency = 0> <II = 1> <Delay = 1.58> <FuncUnit> <Opcode : 'sparsemux'> <InPorts = 2> <OutPorts = 1>
ST_9 : Operation 601 [1/1] (1.58ns)   --->   "%x_78 = sparsemux i7 @_ssdm_op_SparseMux.ap_auto.3i7.i7.i2, i2 2, i7 %buffer_c2_45_load_1, i2 1, i7 %buffer_c2_46_load_1, i2 0, i7 %buffer_c2_47_load_1, i7 0, i2 %trunc_ln128" [cnn_hls.cpp:132]   --->   Operation 601 'sparsemux' 'x_78' <Predicate = (!icmp_ln131)> <Delay = 1.58> <CoreInst = "OneHotSparseMux_HasDef">   --->   Core 140 'OneHotSparseMux_HasDef' <Latency = 0> <II = 1> <Delay = 1.58> <FuncUnit> <Opcode : 'sparsemux'> <InPorts = 2> <OutPorts = 1>
ST_9 : Operation 602 [1/1] (0.99ns)   --->   "%x141_0_14933 = select i1 %icmp_ln131, i7 0, i7 %x_77" [cnn_hls.cpp:131]   --->   Operation 602 'select' 'x141_0_14933' <Predicate = true> <Delay = 0.99> <CoreInst = "Sel">   --->   Core 73 'Sel' <Latency = 0> <II = 1> <Delay = 0.99> <FuncUnit> <Opcode : 'select'> <InPorts = 3> <OutPorts = 1>
ST_9 : Operation 603 [1/1] (0.99ns)   --->   "%x141_0_12904905932 = select i1 %icmp_ln131, i7 0, i7 %x_75" [cnn_hls.cpp:131]   --->   Operation 603 'select' 'x141_0_12904905932' <Predicate = true> <Delay = 0.99> <CoreInst = "Sel">   --->   Core 73 'Sel' <Latency = 0> <II = 1> <Delay = 0.99> <FuncUnit> <Opcode : 'select'> <InPorts = 3> <OutPorts = 1>
ST_9 : Operation 604 [1/1] (0.00ns)   --->   "%x141_0_12904905932_cast = zext i7 %x141_0_12904905932" [cnn_hls.cpp:131]   --->   Operation 604 'zext' 'x141_0_12904905932_cast' <Predicate = true> <Delay = 0.00>
ST_9 : Operation 605 [1/1] (0.99ns)   --->   "%x141_0_10879880903906931 = select i1 %icmp_ln131, i7 0, i7 %x_73" [cnn_hls.cpp:131]   --->   Operation 605 'select' 'x141_0_10879880903906931' <Predicate = true> <Delay = 0.99> <CoreInst = "Sel">   --->   Core 73 'Sel' <Latency = 0> <II = 1> <Delay = 0.99> <FuncUnit> <Opcode : 'select'> <InPorts = 3> <OutPorts = 1>
ST_9 : Operation 606 [1/1] (0.99ns)   --->   "%x141_0_8858859878881902907930 = select i1 %icmp_ln131, i7 0, i7 %x_71" [cnn_hls.cpp:131]   --->   Operation 606 'select' 'x141_0_8858859878881902907930' <Predicate = true> <Delay = 0.99> <CoreInst = "Sel">   --->   Core 73 'Sel' <Latency = 0> <II = 1> <Delay = 0.99> <FuncUnit> <Opcode : 'select'> <InPorts = 3> <OutPorts = 1>
ST_9 : Operation 607 [1/1] (0.99ns)   --->   "%x141_0_6841842857860877882901908929 = select i1 %icmp_ln131, i7 0, i7 %x_69" [cnn_hls.cpp:131]   --->   Operation 607 'select' 'x141_0_6841842857860877882901908929' <Predicate = true> <Delay = 0.99> <CoreInst = "Sel">   --->   Core 73 'Sel' <Latency = 0> <II = 1> <Delay = 0.99> <FuncUnit> <Opcode : 'select'> <InPorts = 3> <OutPorts = 1>
ST_9 : Operation 608 [1/1] (0.00ns)   --->   "%x141_0_6841842857860877882901908929_cast = zext i7 %x141_0_6841842857860877882901908929" [cnn_hls.cpp:131]   --->   Operation 608 'zext' 'x141_0_6841842857860877882901908929_cast' <Predicate = true> <Delay = 0.00>
ST_9 : Operation 609 [1/1] (0.99ns)   --->   "%x141_0_4828829840843856861876883900909928 = select i1 %icmp_ln131, i7 0, i7 %x_67" [cnn_hls.cpp:131]   --->   Operation 609 'select' 'x141_0_4828829840843856861876883900909928' <Predicate = true> <Delay = 0.99> <CoreInst = "Sel">   --->   Core 73 'Sel' <Latency = 0> <II = 1> <Delay = 0.99> <FuncUnit> <Opcode : 'select'> <InPorts = 3> <OutPorts = 1>
ST_9 : Operation 610 [1/1] (0.99ns)   --->   "%x141_0_247819820827830839844855862875884899910927 = select i1 %icmp_ln131, i7 0, i7 %x_65" [cnn_hls.cpp:131]   --->   Operation 610 'select' 'x141_0_247819820827830839844855862875884899910927' <Predicate = true> <Delay = 0.99> <CoreInst = "Sel">   --->   Core 73 'Sel' <Latency = 0> <II = 1> <Delay = 0.99> <FuncUnit> <Opcode : 'select'> <InPorts = 3> <OutPorts = 1>
ST_9 : Operation 611 [1/1] (0.99ns)   --->   "%x141_0694815818821826831838845854863874885898911926 = select i1 %icmp_ln131, i7 0, i7 %x_63" [cnn_hls.cpp:131]   --->   Operation 611 'select' 'x141_0694815818821826831838845854863874885898911926' <Predicate = true> <Delay = 0.99> <CoreInst = "Sel">   --->   Core 73 'Sel' <Latency = 0> <II = 1> <Delay = 0.99> <FuncUnit> <Opcode : 'select'> <InPorts = 3> <OutPorts = 1>
ST_9 : Operation 612 [1/1] (0.00ns)   --->   "%x141_0694815818821826831838845854863874885898911926_cast = zext i7 %x141_0694815818821826831838845854863874885898911926" [cnn_hls.cpp:131]   --->   Operation 612 'zext' 'x141_0694815818821826831838845854863874885898911926_cast' <Predicate = true> <Delay = 0.00>
ST_9 : Operation 613 [1/1] (0.99ns)   --->   "%x141_0_134816817822825832837846853864873886897912925 = select i1 %icmp_ln131, i7 0, i7 %x_64" [cnn_hls.cpp:131]   --->   Operation 613 'select' 'x141_0_134816817822825832837846853864873886897912925' <Predicate = true> <Delay = 0.99> <CoreInst = "Sel">   --->   Core 73 'Sel' <Latency = 0> <II = 1> <Delay = 0.99> <FuncUnit> <Opcode : 'select'> <InPorts = 3> <OutPorts = 1>
ST_9 : Operation 614 [1/1] (0.99ns)   --->   "%x141_0_3823824833836847852865872887896913924 = select i1 %icmp_ln131, i7 0, i7 %x_66" [cnn_hls.cpp:131]   --->   Operation 614 'select' 'x141_0_3823824833836847852865872887896913924' <Predicate = true> <Delay = 0.99> <CoreInst = "Sel">   --->   Core 73 'Sel' <Latency = 0> <II = 1> <Delay = 0.99> <FuncUnit> <Opcode : 'select'> <InPorts = 3> <OutPorts = 1>
ST_9 : Operation 615 [1/1] (0.99ns)   --->   "%x141_0_5834835848851866871888895914923 = select i1 %icmp_ln131, i7 0, i7 %x_68" [cnn_hls.cpp:131]   --->   Operation 615 'select' 'x141_0_5834835848851866871888895914923' <Predicate = true> <Delay = 0.99> <CoreInst = "Sel">   --->   Core 73 'Sel' <Latency = 0> <II = 1> <Delay = 0.99> <FuncUnit> <Opcode : 'select'> <InPorts = 3> <OutPorts = 1>
ST_9 : Operation 616 [1/1] (0.00ns)   --->   "%x141_0_5834835848851866871888895914923_cast = zext i7 %x141_0_5834835848851866871888895914923" [cnn_hls.cpp:131]   --->   Operation 616 'zext' 'x141_0_5834835848851866871888895914923_cast' <Predicate = true> <Delay = 0.00>
ST_9 : Operation 617 [1/1] (0.99ns)   --->   "%x141_0_7849850867870889894915922 = select i1 %icmp_ln131, i7 0, i7 %x_70" [cnn_hls.cpp:131]   --->   Operation 617 'select' 'x141_0_7849850867870889894915922' <Predicate = true> <Delay = 0.99> <CoreInst = "Sel">   --->   Core 73 'Sel' <Latency = 0> <II = 1> <Delay = 0.99> <FuncUnit> <Opcode : 'select'> <InPorts = 3> <OutPorts = 1>
ST_9 : Operation 618 [1/1] (0.99ns)   --->   "%x141_0_9868869890893916921 = select i1 %icmp_ln131, i7 0, i7 %x_72" [cnn_hls.cpp:131]   --->   Operation 618 'select' 'x141_0_9868869890893916921' <Predicate = true> <Delay = 0.99> <CoreInst = "Sel">   --->   Core 73 'Sel' <Latency = 0> <II = 1> <Delay = 0.99> <FuncUnit> <Opcode : 'select'> <InPorts = 3> <OutPorts = 1>
ST_9 : Operation 619 [1/1] (0.99ns)   --->   "%x141_0_11891892917920 = select i1 %icmp_ln131, i7 0, i7 %x_74" [cnn_hls.cpp:131]   --->   Operation 619 'select' 'x141_0_11891892917920' <Predicate = true> <Delay = 0.99> <CoreInst = "Sel">   --->   Core 73 'Sel' <Latency = 0> <II = 1> <Delay = 0.99> <FuncUnit> <Opcode : 'select'> <InPorts = 3> <OutPorts = 1>
ST_9 : Operation 620 [1/1] (0.00ns)   --->   "%x141_0_11891892917920_cast = zext i7 %x141_0_11891892917920" [cnn_hls.cpp:131]   --->   Operation 620 'zext' 'x141_0_11891892917920_cast' <Predicate = true> <Delay = 0.00>
ST_9 : Operation 621 [1/1] (0.99ns)   --->   "%x141_0_13918919 = select i1 %icmp_ln131, i7 0, i7 %x_76" [cnn_hls.cpp:131]   --->   Operation 621 'select' 'x141_0_13918919' <Predicate = true> <Delay = 0.99> <CoreInst = "Sel">   --->   Core 73 'Sel' <Latency = 0> <II = 1> <Delay = 0.99> <FuncUnit> <Opcode : 'select'> <InPorts = 3> <OutPorts = 1>
ST_9 : Operation 622 [1/1] (0.99ns)   --->   "%x_79 = select i1 %icmp_ln131, i7 0, i7 %x_78" [cnn_hls.cpp:131]   --->   Operation 622 'select' 'x_79' <Predicate = true> <Delay = 0.99> <CoreInst = "Sel">   --->   Core 73 'Sel' <Latency = 0> <II = 1> <Delay = 0.99> <FuncUnit> <Opcode : 'select'> <InPorts = 3> <OutPorts = 1>
ST_9 : Operation 623 [1/2] ( I:2.32ns O:2.32ns )   --->   "%p_ZL12conv3_weight_1_load = load i5 %p_ZL12conv3_weight_1_addr" [cnn_hls.cpp:135]   --->   Operation 623 'load' 'p_ZL12conv3_weight_1_load' <Predicate = true> <Delay = 2.32> <CoreInst = "ROM">   --->   Core 94 'ROM' <Latency = 1> <II = 1> <Delay = 2.32> <Storage> <Opcode : 'load'> <Ports = 0> <Width = 8> <Depth = 32> <ROM>
ST_9 : Operation 624 [1/1] (0.00ns)   --->   "%sext_ln129_1 = sext i8 %p_ZL12conv3_weight_1_load" [cnn_hls.cpp:129]   --->   Operation 624 'sext' 'sext_ln129_1' <Predicate = true> <Delay = 0.00>
ST_9 : Operation 625 [1/1] (0.00ns)   --->   "%p_ZL12conv3_weight_4_addr = getelementptr i8 %p_ZL12conv3_weight_4, i64 0, i64 %zext_ln135" [cnn_hls.cpp:135]   --->   Operation 625 'getelementptr' 'p_ZL12conv3_weight_4_addr' <Predicate = true> <Delay = 0.00>
ST_9 : Operation 626 [2/2] (2.32ns)   --->   "%p_ZL12conv3_weight_4_load = load i5 %p_ZL12conv3_weight_4_addr" [cnn_hls.cpp:135]   --->   Operation 626 'load' 'p_ZL12conv3_weight_4_load' <Predicate = true> <Delay = 2.32> <CoreInst = "ROM">   --->   Core 94 'ROM' <Latency = 1> <II = 1> <Delay = 2.32> <Storage> <Opcode : 'load'> <Ports = 0> <Width = 8> <Depth = 32> <ROM>
ST_9 : Operation 627 [1/1] (0.00ns)   --->   "%p_ZL12conv3_weight_7_addr = getelementptr i8 %p_ZL12conv3_weight_7, i64 0, i64 %zext_ln135" [cnn_hls.cpp:135]   --->   Operation 627 'getelementptr' 'p_ZL12conv3_weight_7_addr' <Predicate = true> <Delay = 0.00>
ST_9 : Operation 628 [2/2] (2.32ns)   --->   "%p_ZL12conv3_weight_7_load = load i5 %p_ZL12conv3_weight_7_addr" [cnn_hls.cpp:135]   --->   Operation 628 'load' 'p_ZL12conv3_weight_7_load' <Predicate = true> <Delay = 2.32> <CoreInst = "ROM">   --->   Core 94 'ROM' <Latency = 1> <II = 1> <Delay = 2.32> <Storage> <Opcode : 'load'> <Ports = 0> <Width = 8> <Depth = 32> <ROM>
ST_9 : Operation 629 [1/2] ( I:2.32ns O:2.32ns )   --->   "%p_ZL12conv3_weight_10_load = load i5 %p_ZL12conv3_weight_10_addr" [cnn_hls.cpp:135]   --->   Operation 629 'load' 'p_ZL12conv3_weight_10_load' <Predicate = true> <Delay = 2.32> <CoreInst = "ROM">   --->   Core 94 'ROM' <Latency = 1> <II = 1> <Delay = 2.32> <Storage> <Opcode : 'load'> <Ports = 0> <Width = 8> <Depth = 32> <ROM>
ST_9 : Operation 630 [1/1] (0.00ns)   --->   "%sext_ln129_4 = sext i8 %p_ZL12conv3_weight_10_load" [cnn_hls.cpp:129]   --->   Operation 630 'sext' 'sext_ln129_4' <Predicate = true> <Delay = 0.00>
ST_9 : Operation 631 [1/1] (0.00ns)   --->   "%p_ZL12conv3_weight_13_addr = getelementptr i8 %p_ZL12conv3_weight_13, i64 0, i64 %zext_ln135" [cnn_hls.cpp:135]   --->   Operation 631 'getelementptr' 'p_ZL12conv3_weight_13_addr' <Predicate = true> <Delay = 0.00>
ST_9 : Operation 632 [2/2] (2.32ns)   --->   "%p_ZL12conv3_weight_13_load = load i5 %p_ZL12conv3_weight_13_addr" [cnn_hls.cpp:135]   --->   Operation 632 'load' 'p_ZL12conv3_weight_13_load' <Predicate = true> <Delay = 2.32> <CoreInst = "ROM">   --->   Core 94 'ROM' <Latency = 1> <II = 1> <Delay = 2.32> <Storage> <Opcode : 'load'> <Ports = 0> <Width = 8> <Depth = 32> <ROM>
ST_9 : Operation 633 [1/1] (0.00ns)   --->   "%p_ZL12conv3_weight_16_addr = getelementptr i8 %p_ZL12conv3_weight_16, i64 0, i64 %zext_ln135" [cnn_hls.cpp:135]   --->   Operation 633 'getelementptr' 'p_ZL12conv3_weight_16_addr' <Predicate = true> <Delay = 0.00>
ST_9 : Operation 634 [2/2] (2.32ns)   --->   "%p_ZL12conv3_weight_16_load = load i5 %p_ZL12conv3_weight_16_addr" [cnn_hls.cpp:135]   --->   Operation 634 'load' 'p_ZL12conv3_weight_16_load' <Predicate = true> <Delay = 2.32> <CoreInst = "ROM">   --->   Core 94 'ROM' <Latency = 1> <II = 1> <Delay = 2.32> <Storage> <Opcode : 'load'> <Ports = 0> <Width = 8> <Depth = 32> <ROM>
ST_9 : Operation 635 [1/2] ( I:2.32ns O:2.32ns )   --->   "%p_ZL12conv3_weight_19_load = load i5 %p_ZL12conv3_weight_19_addr" [cnn_hls.cpp:135]   --->   Operation 635 'load' 'p_ZL12conv3_weight_19_load' <Predicate = true> <Delay = 2.32> <CoreInst = "ROM">   --->   Core 94 'ROM' <Latency = 1> <II = 1> <Delay = 2.32> <Storage> <Opcode : 'load'> <Ports = 0> <Width = 8> <Depth = 32> <ROM>
ST_9 : Operation 636 [1/1] (0.00ns)   --->   "%sext_ln129_7 = sext i8 %p_ZL12conv3_weight_19_load" [cnn_hls.cpp:129]   --->   Operation 636 'sext' 'sext_ln129_7' <Predicate = true> <Delay = 0.00>
ST_9 : Operation 637 [1/1] (0.00ns)   --->   "%p_ZL12conv3_weight_22_addr = getelementptr i8 %p_ZL12conv3_weight_22, i64 0, i64 %zext_ln135" [cnn_hls.cpp:135]   --->   Operation 637 'getelementptr' 'p_ZL12conv3_weight_22_addr' <Predicate = true> <Delay = 0.00>
ST_9 : Operation 638 [2/2] (2.32ns)   --->   "%p_ZL12conv3_weight_22_load = load i5 %p_ZL12conv3_weight_22_addr" [cnn_hls.cpp:135]   --->   Operation 638 'load' 'p_ZL12conv3_weight_22_load' <Predicate = true> <Delay = 2.32> <CoreInst = "ROM">   --->   Core 94 'ROM' <Latency = 1> <II = 1> <Delay = 2.32> <Storage> <Opcode : 'load'> <Ports = 0> <Width = 8> <Depth = 32> <ROM>
ST_9 : Operation 639 [1/2] ( I:2.32ns O:2.32ns )   --->   "%p_ZL12conv3_weight_4_load_1 = load i5 %p_ZL12conv3_weight_4_addr_1" [cnn_hls.cpp:135]   --->   Operation 639 'load' 'p_ZL12conv3_weight_4_load_1' <Predicate = true> <Delay = 2.32> <CoreInst = "ROM">   --->   Core 94 'ROM' <Latency = 1> <II = 1> <Delay = 2.32> <Storage> <Opcode : 'load'> <Ports = 0> <Width = 8> <Depth = 32> <ROM>
ST_9 : Operation 640 [1/1] (0.00ns)   --->   "%sext_ln129_10 = sext i8 %p_ZL12conv3_weight_4_load_1" [cnn_hls.cpp:129]   --->   Operation 640 'sext' 'sext_ln129_10' <Predicate = true> <Delay = 0.00>
ST_9 : Operation 641 [1/1] (0.00ns)   --->   "%p_ZL12conv3_weight_7_addr_1 = getelementptr i8 %p_ZL12conv3_weight_7, i64 0, i64 %zext_ln135_1" [cnn_hls.cpp:135]   --->   Operation 641 'getelementptr' 'p_ZL12conv3_weight_7_addr_1' <Predicate = true> <Delay = 0.00>
ST_9 : Operation 642 [2/2] (2.32ns)   --->   "%p_ZL12conv3_weight_7_load_1 = load i5 %p_ZL12conv3_weight_7_addr_1" [cnn_hls.cpp:135]   --->   Operation 642 'load' 'p_ZL12conv3_weight_7_load_1' <Predicate = true> <Delay = 2.32> <CoreInst = "ROM">   --->   Core 94 'ROM' <Latency = 1> <II = 1> <Delay = 2.32> <Storage> <Opcode : 'load'> <Ports = 0> <Width = 8> <Depth = 32> <ROM>
ST_9 : Operation 643 [1/2] ( I:2.32ns O:2.32ns )   --->   "%p_ZL12conv3_weight_13_load_1 = load i5 %p_ZL12conv3_weight_13_addr_1" [cnn_hls.cpp:135]   --->   Operation 643 'load' 'p_ZL12conv3_weight_13_load_1' <Predicate = true> <Delay = 2.32> <CoreInst = "ROM">   --->   Core 94 'ROM' <Latency = 1> <II = 1> <Delay = 2.32> <Storage> <Opcode : 'load'> <Ports = 0> <Width = 8> <Depth = 32> <ROM>
ST_9 : Operation 644 [1/1] (0.00ns)   --->   "%sext_ln129_13 = sext i8 %p_ZL12conv3_weight_13_load_1" [cnn_hls.cpp:129]   --->   Operation 644 'sext' 'sext_ln129_13' <Predicate = true> <Delay = 0.00>
ST_9 : Operation 645 [1/1] (0.00ns)   --->   "%p_ZL12conv3_weight_16_addr_1 = getelementptr i8 %p_ZL12conv3_weight_16, i64 0, i64 %zext_ln135_1" [cnn_hls.cpp:135]   --->   Operation 645 'getelementptr' 'p_ZL12conv3_weight_16_addr_1' <Predicate = true> <Delay = 0.00>
ST_9 : Operation 646 [2/2] (2.32ns)   --->   "%p_ZL12conv3_weight_16_load_1 = load i5 %p_ZL12conv3_weight_16_addr_1" [cnn_hls.cpp:135]   --->   Operation 646 'load' 'p_ZL12conv3_weight_16_load_1' <Predicate = true> <Delay = 2.32> <CoreInst = "ROM">   --->   Core 94 'ROM' <Latency = 1> <II = 1> <Delay = 2.32> <Storage> <Opcode : 'load'> <Ports = 0> <Width = 8> <Depth = 32> <ROM>
ST_9 : Operation 647 [1/2] ( I:2.32ns O:2.32ns )   --->   "%p_ZL12conv3_weight_22_load_1 = load i5 %p_ZL12conv3_weight_22_addr_1" [cnn_hls.cpp:135]   --->   Operation 647 'load' 'p_ZL12conv3_weight_22_load_1' <Predicate = true> <Delay = 2.32> <CoreInst = "ROM">   --->   Core 94 'ROM' <Latency = 1> <II = 1> <Delay = 2.32> <Storage> <Opcode : 'load'> <Ports = 0> <Width = 8> <Depth = 32> <ROM>
ST_9 : Operation 648 [1/1] (0.00ns)   --->   "%sext_ln135_14 = sext i8 %p_ZL12conv3_weight_22_load_1" [cnn_hls.cpp:135]   --->   Operation 648 'sext' 'sext_ln135_14' <Predicate = true> <Delay = 0.00>
ST_9 : Operation 649 [3/3] (1.05ns) (grouped into DSP with root node add_ln135_5)   --->   "%mul_ln135 = mul i15 %x141_0694815818821826831838845854863874885898911926_cast, i15 %sext_ln135" [cnn_hls.cpp:135]   --->   Operation 649 'mul' 'mul_ln135' <Predicate = true> <Delay = 1.05> <CoreInst = "DSP48">   --->   Core 116 'DSP48' <Latency = 3> <II = 1> <Delay = 2.15> <IPBlock> <Opcode : 'add' 'sub' 'mul' 'select'> <InPorts = 0> <OutPorts = 1> <Sync> <CReg>
ST_9 : Operation 650 [3/3] (1.05ns) (grouped into DSP with root node add_ln135_28)   --->   "%mul_ln135_1 = mul i15 %sext_ln135_14, i15 %zext_ln139" [cnn_hls.cpp:135]   --->   Operation 650 'mul' 'mul_ln135_1' <Predicate = true> <Delay = 1.05> <CoreInst = "DSP48">   --->   Core 116 'DSP48' <Latency = 3> <II = 1> <Delay = 2.15> <IPBlock> <Opcode : 'add' 'sub' 'mul' 'select'> <InPorts = 0> <OutPorts = 1> <Sync> <CReg>
ST_9 : Operation 651 [3/3] (1.05ns) (grouped into DSP with root node add_ln135_25)   --->   "%mul_ln135_4 = mul i15 %sext_ln129_13, i15 %zext_ln132_12" [cnn_hls.cpp:135]   --->   Operation 651 'mul' 'mul_ln135_4' <Predicate = true> <Delay = 1.05> <CoreInst = "DSP48">   --->   Core 116 'DSP48' <Latency = 3> <II = 1> <Delay = 2.15> <IPBlock> <Opcode : 'add' 'sub' 'mul' 'select'> <InPorts = 0> <OutPorts = 1> <Sync> <CReg>
ST_9 : Operation 652 [3/3] (1.05ns) (grouped into DSP with root node add_ln135_23)   --->   "%mul_ln135_7 = mul i15 %sext_ln129_10, i15 %zext_ln132_9" [cnn_hls.cpp:135]   --->   Operation 652 'mul' 'mul_ln135_7' <Predicate = true> <Delay = 1.05> <CoreInst = "DSP48">   --->   Core 116 'DSP48' <Latency = 3> <II = 1> <Delay = 2.15> <IPBlock> <Opcode : 'add' 'sub' 'mul' 'select'> <InPorts = 0> <OutPorts = 1> <Sync> <CReg>
ST_9 : Operation 653 [3/3] (1.05ns) (grouped into DSP with root node add_ln135_18)   --->   "%mul_ln135_10 = mul i15 %sext_ln129_7, i15 %zext_ln132_6" [cnn_hls.cpp:135]   --->   Operation 653 'mul' 'mul_ln135_10' <Predicate = true> <Delay = 1.05> <CoreInst = "DSP48">   --->   Core 116 'DSP48' <Latency = 3> <II = 1> <Delay = 2.15> <IPBlock> <Opcode : 'add' 'sub' 'mul' 'select'> <InPorts = 0> <OutPorts = 1> <Sync> <CReg>
ST_9 : Operation 654 [3/3] (1.05ns) (grouped into DSP with root node add_ln135_16)   --->   "%mul_ln135_13 = mul i15 %sext_ln129_4, i15 %zext_ln132_3" [cnn_hls.cpp:135]   --->   Operation 654 'mul' 'mul_ln135_13' <Predicate = true> <Delay = 1.05> <CoreInst = "DSP48">   --->   Core 116 'DSP48' <Latency = 3> <II = 1> <Delay = 2.15> <IPBlock> <Opcode : 'add' 'sub' 'mul' 'select'> <InPorts = 0> <OutPorts = 1> <Sync> <CReg>
ST_9 : Operation 655 [3/3] (1.05ns) (grouped into DSP with root node add_ln135_13)   --->   "%mul_ln135_16 = mul i15 %sext_ln129_1, i15 %zext_ln132" [cnn_hls.cpp:135]   --->   Operation 655 'mul' 'mul_ln135_16' <Predicate = true> <Delay = 1.05> <CoreInst = "DSP48">   --->   Core 116 'DSP48' <Latency = 3> <II = 1> <Delay = 2.15> <IPBlock> <Opcode : 'add' 'sub' 'mul' 'select'> <InPorts = 0> <OutPorts = 1> <Sync> <CReg>
ST_9 : Operation 656 [3/3] (1.05ns) (grouped into DSP with root node add_ln135)   --->   "%mul_ln135_20 = mul i15 %x141_0_12904905932_cast, i15 %sext_ln135_12" [cnn_hls.cpp:135]   --->   Operation 656 'mul' 'mul_ln135_20' <Predicate = true> <Delay = 1.05> <CoreInst = "DSP48">   --->   Core 116 'DSP48' <Latency = 3> <II = 1> <Delay = 2.15> <IPBlock> <Opcode : 'add' 'sub' 'mul' 'select'> <InPorts = 0> <OutPorts = 1> <Sync> <CReg>
ST_9 : Operation 657 [3/3] (1.05ns) (grouped into DSP with root node add_ln135_11)   --->   "%mul_ln135_21 = mul i15 %x141_0_11891892917920_cast, i15 %sext_ln135_11" [cnn_hls.cpp:135]   --->   Operation 657 'mul' 'mul_ln135_21' <Predicate = true> <Delay = 1.05> <CoreInst = "DSP48">   --->   Core 116 'DSP48' <Latency = 3> <II = 1> <Delay = 2.15> <IPBlock> <Opcode : 'add' 'sub' 'mul' 'select'> <InPorts = 0> <OutPorts = 1> <Sync> <CReg>
ST_9 : Operation 658 [3/3] (1.05ns) (grouped into DSP with root node add_ln135_2)   --->   "%mul_ln135_26 = mul i15 %x141_0_6841842857860877882901908929_cast, i15 %sext_ln135_6" [cnn_hls.cpp:135]   --->   Operation 658 'mul' 'mul_ln135_26' <Predicate = true> <Delay = 1.05> <CoreInst = "DSP48">   --->   Core 116 'DSP48' <Latency = 3> <II = 1> <Delay = 2.15> <IPBlock> <Opcode : 'add' 'sub' 'mul' 'select'> <InPorts = 0> <OutPorts = 1> <Sync> <CReg>
ST_9 : Operation 659 [3/3] (1.05ns) (grouped into DSP with root node add_ln135_7)   --->   "%mul_ln135_27 = mul i15 %x141_0_5834835848851866871888895914923_cast, i15 %sext_ln135_5" [cnn_hls.cpp:135]   --->   Operation 659 'mul' 'mul_ln135_27' <Predicate = true> <Delay = 1.05> <CoreInst = "DSP48">   --->   Core 116 'DSP48' <Latency = 3> <II = 1> <Delay = 2.15> <IPBlock> <Opcode : 'add' 'sub' 'mul' 'select'> <InPorts = 0> <OutPorts = 1> <Sync> <CReg>
ST_9 : Operation 660 [1/1] (0.00ns)   --->   "%p_ZL12conv3_weight_2_addr = getelementptr i8 %p_ZL12conv3_weight_2, i64 0, i64 %zext_ln135" [cnn_hls.cpp:135]   --->   Operation 660 'getelementptr' 'p_ZL12conv3_weight_2_addr' <Predicate = true> <Delay = 0.00>
ST_9 : Operation 661 [2/2] (2.32ns)   --->   "%p_ZL12conv3_weight_2_load = load i5 %p_ZL12conv3_weight_2_addr" [cnn_hls.cpp:135]   --->   Operation 661 'load' 'p_ZL12conv3_weight_2_load' <Predicate = true> <Delay = 2.32> <CoreInst = "ROM">   --->   Core 94 'ROM' <Latency = 1> <II = 1> <Delay = 2.32> <Storage> <Opcode : 'load'> <Ports = 0> <Width = 8> <Depth = 32> <ROM>
ST_9 : Operation 662 [1/2] ( I:2.32ns O:2.32ns )   --->   "%p_ZL12conv3_weight_5_load = load i5 %p_ZL12conv3_weight_5_addr" [cnn_hls.cpp:135]   --->   Operation 662 'load' 'p_ZL12conv3_weight_5_load' <Predicate = true> <Delay = 2.32> <CoreInst = "ROM">   --->   Core 94 'ROM' <Latency = 1> <II = 1> <Delay = 2.32> <Storage> <Opcode : 'load'> <Ports = 0> <Width = 8> <Depth = 32> <ROM>
ST_9 : Operation 663 [1/1] (0.00ns)   --->   "%sext_ln135_48 = sext i8 %p_ZL12conv3_weight_5_load" [cnn_hls.cpp:135]   --->   Operation 663 'sext' 'sext_ln135_48' <Predicate = true> <Delay = 0.00>
ST_9 : Operation 664 [1/1] (0.00ns)   --->   "%p_ZL12conv3_weight_8_addr = getelementptr i8 %p_ZL12conv3_weight_8, i64 0, i64 %zext_ln135" [cnn_hls.cpp:135]   --->   Operation 664 'getelementptr' 'p_ZL12conv3_weight_8_addr' <Predicate = true> <Delay = 0.00>
ST_9 : Operation 665 [2/2] (2.32ns)   --->   "%p_ZL12conv3_weight_8_load = load i5 %p_ZL12conv3_weight_8_addr" [cnn_hls.cpp:135]   --->   Operation 665 'load' 'p_ZL12conv3_weight_8_load' <Predicate = true> <Delay = 2.32> <CoreInst = "ROM">   --->   Core 94 'ROM' <Latency = 1> <II = 1> <Delay = 2.32> <Storage> <Opcode : 'load'> <Ports = 0> <Width = 8> <Depth = 32> <ROM>
ST_9 : Operation 666 [1/1] (0.00ns)   --->   "%p_ZL12conv3_weight_11_addr = getelementptr i8 %p_ZL12conv3_weight_11, i64 0, i64 %zext_ln135" [cnn_hls.cpp:135]   --->   Operation 666 'getelementptr' 'p_ZL12conv3_weight_11_addr' <Predicate = true> <Delay = 0.00>
ST_9 : Operation 667 [2/2] (2.32ns)   --->   "%p_ZL12conv3_weight_11_load = load i5 %p_ZL12conv3_weight_11_addr" [cnn_hls.cpp:135]   --->   Operation 667 'load' 'p_ZL12conv3_weight_11_load' <Predicate = true> <Delay = 2.32> <CoreInst = "ROM">   --->   Core 94 'ROM' <Latency = 1> <II = 1> <Delay = 2.32> <Storage> <Opcode : 'load'> <Ports = 0> <Width = 8> <Depth = 32> <ROM>
ST_9 : Operation 668 [1/2] ( I:2.32ns O:2.32ns )   --->   "%p_ZL12conv3_weight_14_load = load i5 %p_ZL12conv3_weight_14_addr" [cnn_hls.cpp:135]   --->   Operation 668 'load' 'p_ZL12conv3_weight_14_load' <Predicate = true> <Delay = 2.32> <CoreInst = "ROM">   --->   Core 94 'ROM' <Latency = 1> <II = 1> <Delay = 2.32> <Storage> <Opcode : 'load'> <Ports = 0> <Width = 8> <Depth = 32> <ROM>
ST_9 : Operation 669 [1/1] (0.00ns)   --->   "%sext_ln135_51 = sext i8 %p_ZL12conv3_weight_14_load" [cnn_hls.cpp:135]   --->   Operation 669 'sext' 'sext_ln135_51' <Predicate = true> <Delay = 0.00>
ST_9 : Operation 670 [1/1] (0.00ns)   --->   "%p_ZL12conv3_weight_17_addr = getelementptr i8 %p_ZL12conv3_weight_17, i64 0, i64 %zext_ln135" [cnn_hls.cpp:135]   --->   Operation 670 'getelementptr' 'p_ZL12conv3_weight_17_addr' <Predicate = true> <Delay = 0.00>
ST_9 : Operation 671 [2/2] (2.32ns)   --->   "%p_ZL12conv3_weight_17_load = load i5 %p_ZL12conv3_weight_17_addr" [cnn_hls.cpp:135]   --->   Operation 671 'load' 'p_ZL12conv3_weight_17_load' <Predicate = true> <Delay = 2.32> <CoreInst = "ROM">   --->   Core 94 'ROM' <Latency = 1> <II = 1> <Delay = 2.32> <Storage> <Opcode : 'load'> <Ports = 0> <Width = 8> <Depth = 32> <ROM>
ST_9 : Operation 672 [1/1] (0.00ns)   --->   "%p_ZL12conv3_weight_20_addr = getelementptr i8 %p_ZL12conv3_weight_20, i64 0, i64 %zext_ln135" [cnn_hls.cpp:135]   --->   Operation 672 'getelementptr' 'p_ZL12conv3_weight_20_addr' <Predicate = true> <Delay = 0.00>
ST_9 : Operation 673 [2/2] (2.32ns)   --->   "%p_ZL12conv3_weight_20_load = load i5 %p_ZL12conv3_weight_20_addr" [cnn_hls.cpp:135]   --->   Operation 673 'load' 'p_ZL12conv3_weight_20_load' <Predicate = true> <Delay = 2.32> <CoreInst = "ROM">   --->   Core 94 'ROM' <Latency = 1> <II = 1> <Delay = 2.32> <Storage> <Opcode : 'load'> <Ports = 0> <Width = 8> <Depth = 32> <ROM>
ST_9 : Operation 674 [1/2] ( I:2.32ns O:2.32ns )   --->   "%p_ZL12conv3_weight_23_load = load i5 %p_ZL12conv3_weight_23_addr" [cnn_hls.cpp:135]   --->   Operation 674 'load' 'p_ZL12conv3_weight_23_load' <Predicate = true> <Delay = 2.32> <CoreInst = "ROM">   --->   Core 94 'ROM' <Latency = 1> <II = 1> <Delay = 2.32> <Storage> <Opcode : 'load'> <Ports = 0> <Width = 8> <Depth = 32> <ROM>
ST_9 : Operation 675 [1/1] (0.00ns)   --->   "%sext_ln135_54 = sext i8 %p_ZL12conv3_weight_23_load" [cnn_hls.cpp:135]   --->   Operation 675 'sext' 'sext_ln135_54' <Predicate = true> <Delay = 0.00>
ST_9 : Operation 676 [1/1] (0.00ns)   --->   "%p_ZL12conv3_weight_2_addr_1 = getelementptr i8 %p_ZL12conv3_weight_2, i64 0, i64 %zext_ln135_1" [cnn_hls.cpp:135]   --->   Operation 676 'getelementptr' 'p_ZL12conv3_weight_2_addr_1' <Predicate = true> <Delay = 0.00>
ST_9 : Operation 677 [2/2] (2.32ns)   --->   "%p_ZL12conv3_weight_2_load_1 = load i5 %p_ZL12conv3_weight_2_addr_1" [cnn_hls.cpp:135]   --->   Operation 677 'load' 'p_ZL12conv3_weight_2_load_1' <Predicate = true> <Delay = 2.32> <CoreInst = "ROM">   --->   Core 94 'ROM' <Latency = 1> <II = 1> <Delay = 2.32> <Storage> <Opcode : 'load'> <Ports = 0> <Width = 8> <Depth = 32> <ROM>
ST_9 : Operation 678 [1/2] ( I:2.32ns O:2.32ns )   --->   "%p_ZL12conv3_weight_8_load_1 = load i5 %p_ZL12conv3_weight_8_addr_1" [cnn_hls.cpp:135]   --->   Operation 678 'load' 'p_ZL12conv3_weight_8_load_1' <Predicate = true> <Delay = 2.32> <CoreInst = "ROM">   --->   Core 94 'ROM' <Latency = 1> <II = 1> <Delay = 2.32> <Storage> <Opcode : 'load'> <Ports = 0> <Width = 8> <Depth = 32> <ROM>
ST_9 : Operation 679 [1/1] (0.00ns)   --->   "%sext_ln135_57 = sext i8 %p_ZL12conv3_weight_8_load_1" [cnn_hls.cpp:135]   --->   Operation 679 'sext' 'sext_ln135_57' <Predicate = true> <Delay = 0.00>
ST_9 : Operation 680 [1/2] ( I:2.32ns O:2.32ns )   --->   "%p_ZL12conv3_weight_11_load_1 = load i5 %p_ZL12conv3_weight_11_addr_1" [cnn_hls.cpp:135]   --->   Operation 680 'load' 'p_ZL12conv3_weight_11_load_1' <Predicate = true> <Delay = 2.32> <CoreInst = "ROM">   --->   Core 94 'ROM' <Latency = 1> <II = 1> <Delay = 2.32> <Storage> <Opcode : 'load'> <Ports = 0> <Width = 8> <Depth = 32> <ROM>
ST_9 : Operation 681 [1/1] (0.00ns)   --->   "%sext_ln135_58 = sext i8 %p_ZL12conv3_weight_11_load_1" [cnn_hls.cpp:135]   --->   Operation 681 'sext' 'sext_ln135_58' <Predicate = true> <Delay = 0.00>
ST_9 : Operation 682 [1/1] (0.00ns)   --->   "%p_ZL12conv3_weight_20_addr_1 = getelementptr i8 %p_ZL12conv3_weight_20, i64 0, i64 %zext_ln135_1" [cnn_hls.cpp:135]   --->   Operation 682 'getelementptr' 'p_ZL12conv3_weight_20_addr_1' <Predicate = true> <Delay = 0.00>
ST_9 : Operation 683 [2/2] (2.32ns)   --->   "%p_ZL12conv3_weight_20_load_1 = load i5 %p_ZL12conv3_weight_20_addr_1" [cnn_hls.cpp:135]   --->   Operation 683 'load' 'p_ZL12conv3_weight_20_load_1' <Predicate = true> <Delay = 2.32> <CoreInst = "ROM">   --->   Core 94 'ROM' <Latency = 1> <II = 1> <Delay = 2.32> <Storage> <Opcode : 'load'> <Ports = 0> <Width = 8> <Depth = 32> <ROM>
ST_9 : Operation 684 [1/1] (1.58ns)   --->   "%x_80 = sparsemux i7 @_ssdm_op_SparseMux.ap_auto.3i7.i7.i2, i2 1, i7 %buffer_c2_load_2, i2 0, i7 %buffer_c2_1_load_2, i2 2, i7 %buffer_c2_2_load_2, i7 0, i2 %trunc_ln128" [cnn_hls.cpp:132]   --->   Operation 684 'sparsemux' 'x_80' <Predicate = (!icmp_ln131_1)> <Delay = 1.58> <CoreInst = "OneHotSparseMux_HasDef">   --->   Core 140 'OneHotSparseMux_HasDef' <Latency = 0> <II = 1> <Delay = 1.58> <FuncUnit> <Opcode : 'sparsemux'> <InPorts = 2> <OutPorts = 1>
ST_9 : Operation 685 [1/1] (1.58ns)   --->   "%x_81 = sparsemux i7 @_ssdm_op_SparseMux.ap_auto.3i7.i7.i2, i2 1, i7 %buffer_c2_3_load_2, i2 0, i7 %buffer_c2_4_load_2, i2 2, i7 %buffer_c2_5_load_2, i7 0, i2 %trunc_ln128" [cnn_hls.cpp:132]   --->   Operation 685 'sparsemux' 'x_81' <Predicate = (!icmp_ln131_1)> <Delay = 1.58> <CoreInst = "OneHotSparseMux_HasDef">   --->   Core 140 'OneHotSparseMux_HasDef' <Latency = 0> <II = 1> <Delay = 1.58> <FuncUnit> <Opcode : 'sparsemux'> <InPorts = 2> <OutPorts = 1>
ST_9 : Operation 686 [1/1] (1.58ns)   --->   "%x_82 = sparsemux i7 @_ssdm_op_SparseMux.ap_auto.3i7.i7.i2, i2 1, i7 %buffer_c2_6_load_2, i2 0, i7 %buffer_c2_7_load_2, i2 2, i7 %buffer_c2_8_load_2, i7 0, i2 %trunc_ln128" [cnn_hls.cpp:132]   --->   Operation 686 'sparsemux' 'x_82' <Predicate = (!icmp_ln131_1)> <Delay = 1.58> <CoreInst = "OneHotSparseMux_HasDef">   --->   Core 140 'OneHotSparseMux_HasDef' <Latency = 0> <II = 1> <Delay = 1.58> <FuncUnit> <Opcode : 'sparsemux'> <InPorts = 2> <OutPorts = 1>
ST_9 : Operation 687 [1/1] (1.58ns)   --->   "%x_83 = sparsemux i7 @_ssdm_op_SparseMux.ap_auto.3i7.i7.i2, i2 1, i7 %buffer_c2_9_load_2, i2 0, i7 %buffer_c2_10_load_2, i2 2, i7 %buffer_c2_11_load_2, i7 0, i2 %trunc_ln128" [cnn_hls.cpp:132]   --->   Operation 687 'sparsemux' 'x_83' <Predicate = (!icmp_ln131_1)> <Delay = 1.58> <CoreInst = "OneHotSparseMux_HasDef">   --->   Core 140 'OneHotSparseMux_HasDef' <Latency = 0> <II = 1> <Delay = 1.58> <FuncUnit> <Opcode : 'sparsemux'> <InPorts = 2> <OutPorts = 1>
ST_9 : Operation 688 [1/1] (1.58ns)   --->   "%x_84 = sparsemux i7 @_ssdm_op_SparseMux.ap_auto.3i7.i7.i2, i2 1, i7 %buffer_c2_12_load_2, i2 0, i7 %buffer_c2_13_load_2, i2 2, i7 %buffer_c2_14_load_2, i7 0, i2 %trunc_ln128" [cnn_hls.cpp:132]   --->   Operation 688 'sparsemux' 'x_84' <Predicate = (!icmp_ln131_1)> <Delay = 1.58> <CoreInst = "OneHotSparseMux_HasDef">   --->   Core 140 'OneHotSparseMux_HasDef' <Latency = 0> <II = 1> <Delay = 1.58> <FuncUnit> <Opcode : 'sparsemux'> <InPorts = 2> <OutPorts = 1>
ST_9 : Operation 689 [1/1] (1.58ns)   --->   "%x_85 = sparsemux i7 @_ssdm_op_SparseMux.ap_auto.3i7.i7.i2, i2 1, i7 %buffer_c2_15_load_2, i2 0, i7 %buffer_c2_16_load_2, i2 2, i7 %buffer_c2_17_load_2, i7 0, i2 %trunc_ln128" [cnn_hls.cpp:132]   --->   Operation 689 'sparsemux' 'x_85' <Predicate = (!icmp_ln131_1)> <Delay = 1.58> <CoreInst = "OneHotSparseMux_HasDef">   --->   Core 140 'OneHotSparseMux_HasDef' <Latency = 0> <II = 1> <Delay = 1.58> <FuncUnit> <Opcode : 'sparsemux'> <InPorts = 2> <OutPorts = 1>
ST_9 : Operation 690 [1/1] (1.58ns)   --->   "%x_86 = sparsemux i7 @_ssdm_op_SparseMux.ap_auto.3i7.i7.i2, i2 1, i7 %buffer_c2_18_load_2, i2 0, i7 %buffer_c2_19_load_2, i2 2, i7 %buffer_c2_20_load_2, i7 0, i2 %trunc_ln128" [cnn_hls.cpp:132]   --->   Operation 690 'sparsemux' 'x_86' <Predicate = (!icmp_ln131_1)> <Delay = 1.58> <CoreInst = "OneHotSparseMux_HasDef">   --->   Core 140 'OneHotSparseMux_HasDef' <Latency = 0> <II = 1> <Delay = 1.58> <FuncUnit> <Opcode : 'sparsemux'> <InPorts = 2> <OutPorts = 1>
ST_9 : Operation 691 [1/1] (1.58ns)   --->   "%x_87 = sparsemux i7 @_ssdm_op_SparseMux.ap_auto.3i7.i7.i2, i2 1, i7 %buffer_c2_21_load_2, i2 0, i7 %buffer_c2_22_load_2, i2 2, i7 %buffer_c2_23_load_2, i7 0, i2 %trunc_ln128" [cnn_hls.cpp:132]   --->   Operation 691 'sparsemux' 'x_87' <Predicate = (!icmp_ln131_1)> <Delay = 1.58> <CoreInst = "OneHotSparseMux_HasDef">   --->   Core 140 'OneHotSparseMux_HasDef' <Latency = 0> <II = 1> <Delay = 1.58> <FuncUnit> <Opcode : 'sparsemux'> <InPorts = 2> <OutPorts = 1>
ST_9 : Operation 692 [1/1] (1.58ns)   --->   "%x_88 = sparsemux i7 @_ssdm_op_SparseMux.ap_auto.3i7.i7.i2, i2 1, i7 %buffer_c2_24_load_2, i2 0, i7 %buffer_c2_25_load_2, i2 2, i7 %buffer_c2_26_load_2, i7 0, i2 %trunc_ln128" [cnn_hls.cpp:132]   --->   Operation 692 'sparsemux' 'x_88' <Predicate = (!icmp_ln131_1)> <Delay = 1.58> <CoreInst = "OneHotSparseMux_HasDef">   --->   Core 140 'OneHotSparseMux_HasDef' <Latency = 0> <II = 1> <Delay = 1.58> <FuncUnit> <Opcode : 'sparsemux'> <InPorts = 2> <OutPorts = 1>
ST_9 : Operation 693 [1/1] (1.58ns)   --->   "%x_89 = sparsemux i7 @_ssdm_op_SparseMux.ap_auto.3i7.i7.i2, i2 1, i7 %buffer_c2_27_load_2, i2 0, i7 %buffer_c2_28_load_2, i2 2, i7 %buffer_c2_29_load_2, i7 0, i2 %trunc_ln128" [cnn_hls.cpp:132]   --->   Operation 693 'sparsemux' 'x_89' <Predicate = (!icmp_ln131_1)> <Delay = 1.58> <CoreInst = "OneHotSparseMux_HasDef">   --->   Core 140 'OneHotSparseMux_HasDef' <Latency = 0> <II = 1> <Delay = 1.58> <FuncUnit> <Opcode : 'sparsemux'> <InPorts = 2> <OutPorts = 1>
ST_9 : Operation 694 [1/1] (1.58ns)   --->   "%x_90 = sparsemux i7 @_ssdm_op_SparseMux.ap_auto.3i7.i7.i2, i2 1, i7 %buffer_c2_30_load_2, i2 0, i7 %buffer_c2_31_load_2, i2 2, i7 %buffer_c2_32_load_2, i7 0, i2 %trunc_ln128" [cnn_hls.cpp:132]   --->   Operation 694 'sparsemux' 'x_90' <Predicate = (!icmp_ln131_1)> <Delay = 1.58> <CoreInst = "OneHotSparseMux_HasDef">   --->   Core 140 'OneHotSparseMux_HasDef' <Latency = 0> <II = 1> <Delay = 1.58> <FuncUnit> <Opcode : 'sparsemux'> <InPorts = 2> <OutPorts = 1>
ST_9 : Operation 695 [1/1] (1.58ns)   --->   "%x_91 = sparsemux i7 @_ssdm_op_SparseMux.ap_auto.3i7.i7.i2, i2 1, i7 %buffer_c2_33_load_2, i2 0, i7 %buffer_c2_34_load_2, i2 2, i7 %buffer_c2_35_load_2, i7 0, i2 %trunc_ln128" [cnn_hls.cpp:132]   --->   Operation 695 'sparsemux' 'x_91' <Predicate = (!icmp_ln131_1)> <Delay = 1.58> <CoreInst = "OneHotSparseMux_HasDef">   --->   Core 140 'OneHotSparseMux_HasDef' <Latency = 0> <II = 1> <Delay = 1.58> <FuncUnit> <Opcode : 'sparsemux'> <InPorts = 2> <OutPorts = 1>
ST_9 : Operation 696 [1/1] (1.58ns)   --->   "%x_92 = sparsemux i7 @_ssdm_op_SparseMux.ap_auto.3i7.i7.i2, i2 1, i7 %buffer_c2_36_load_2, i2 0, i7 %buffer_c2_37_load_2, i2 2, i7 %buffer_c2_38_load_2, i7 0, i2 %trunc_ln128" [cnn_hls.cpp:132]   --->   Operation 696 'sparsemux' 'x_92' <Predicate = (!icmp_ln131_1)> <Delay = 1.58> <CoreInst = "OneHotSparseMux_HasDef">   --->   Core 140 'OneHotSparseMux_HasDef' <Latency = 0> <II = 1> <Delay = 1.58> <FuncUnit> <Opcode : 'sparsemux'> <InPorts = 2> <OutPorts = 1>
ST_9 : Operation 697 [1/1] (1.58ns)   --->   "%x_93 = sparsemux i7 @_ssdm_op_SparseMux.ap_auto.3i7.i7.i2, i2 1, i7 %buffer_c2_39_load_2, i2 0, i7 %buffer_c2_40_load_2, i2 2, i7 %buffer_c2_41_load_2, i7 0, i2 %trunc_ln128" [cnn_hls.cpp:132]   --->   Operation 697 'sparsemux' 'x_93' <Predicate = (!icmp_ln131_1)> <Delay = 1.58> <CoreInst = "OneHotSparseMux_HasDef">   --->   Core 140 'OneHotSparseMux_HasDef' <Latency = 0> <II = 1> <Delay = 1.58> <FuncUnit> <Opcode : 'sparsemux'> <InPorts = 2> <OutPorts = 1>
ST_9 : Operation 698 [1/1] (1.58ns)   --->   "%x_94 = sparsemux i7 @_ssdm_op_SparseMux.ap_auto.3i7.i7.i2, i2 1, i7 %buffer_c2_42_load_2, i2 0, i7 %buffer_c2_43_load_2, i2 2, i7 %buffer_c2_44_load_2, i7 0, i2 %trunc_ln128" [cnn_hls.cpp:132]   --->   Operation 698 'sparsemux' 'x_94' <Predicate = (!icmp_ln131_1)> <Delay = 1.58> <CoreInst = "OneHotSparseMux_HasDef">   --->   Core 140 'OneHotSparseMux_HasDef' <Latency = 0> <II = 1> <Delay = 1.58> <FuncUnit> <Opcode : 'sparsemux'> <InPorts = 2> <OutPorts = 1>
ST_9 : Operation 699 [1/1] (1.58ns)   --->   "%x_95 = sparsemux i7 @_ssdm_op_SparseMux.ap_auto.3i7.i7.i2, i2 1, i7 %buffer_c2_45_load_2, i2 0, i7 %buffer_c2_46_load_2, i2 2, i7 %buffer_c2_47_load_2, i7 0, i2 %trunc_ln128" [cnn_hls.cpp:132]   --->   Operation 699 'sparsemux' 'x_95' <Predicate = (!icmp_ln131_1)> <Delay = 1.58> <CoreInst = "OneHotSparseMux_HasDef">   --->   Core 140 'OneHotSparseMux_HasDef' <Latency = 0> <II = 1> <Delay = 1.58> <FuncUnit> <Opcode : 'sparsemux'> <InPorts = 2> <OutPorts = 1>
ST_9 : Operation 700 [1/1] (0.99ns)   --->   "%x141_0_2_14814 = select i1 %icmp_ln131_1, i7 0, i7 %x_94" [cnn_hls.cpp:131]   --->   Operation 700 'select' 'x141_0_2_14814' <Predicate = true> <Delay = 0.99> <CoreInst = "Sel">   --->   Core 73 'Sel' <Latency = 0> <II = 1> <Delay = 0.99> <FuncUnit> <Opcode : 'select'> <InPorts = 3> <OutPorts = 1>
ST_9 : Operation 701 [1/1] (0.99ns)   --->   "%x141_0_2_12785786813 = select i1 %icmp_ln131_1, i7 0, i7 %x_92" [cnn_hls.cpp:131]   --->   Operation 701 'select' 'x141_0_2_12785786813' <Predicate = true> <Delay = 0.99> <CoreInst = "Sel">   --->   Core 73 'Sel' <Latency = 0> <II = 1> <Delay = 0.99> <FuncUnit> <Opcode : 'select'> <InPorts = 3> <OutPorts = 1>
ST_9 : Operation 702 [1/1] (0.99ns)   --->   "%x141_0_2_10760761784787812 = select i1 %icmp_ln131_1, i7 0, i7 %x_90" [cnn_hls.cpp:131]   --->   Operation 702 'select' 'x141_0_2_10760761784787812' <Predicate = true> <Delay = 0.99> <CoreInst = "Sel">   --->   Core 73 'Sel' <Latency = 0> <II = 1> <Delay = 0.99> <FuncUnit> <Opcode : 'select'> <InPorts = 3> <OutPorts = 1>
ST_9 : Operation 703 [1/1] (0.00ns)   --->   "%x141_0_2_10760761784787812_cast = zext i7 %x141_0_2_10760761784787812" [cnn_hls.cpp:131]   --->   Operation 703 'zext' 'x141_0_2_10760761784787812_cast' <Predicate = true> <Delay = 0.00>
ST_9 : Operation 704 [1/1] (0.99ns)   --->   "%x141_0_2_8739740759762783788811 = select i1 %icmp_ln131_1, i7 0, i7 %x_88" [cnn_hls.cpp:131]   --->   Operation 704 'select' 'x141_0_2_8739740759762783788811' <Predicate = true> <Delay = 0.99> <CoreInst = "Sel">   --->   Core 73 'Sel' <Latency = 0> <II = 1> <Delay = 0.99> <FuncUnit> <Opcode : 'select'> <InPorts = 3> <OutPorts = 1>
ST_9 : Operation 705 [1/1] (0.99ns)   --->   "%x141_0_2_6722723738741758763782789810 = select i1 %icmp_ln131_1, i7 0, i7 %x_86" [cnn_hls.cpp:131]   --->   Operation 705 'select' 'x141_0_2_6722723738741758763782789810' <Predicate = true> <Delay = 0.99> <CoreInst = "Sel">   --->   Core 73 'Sel' <Latency = 0> <II = 1> <Delay = 0.99> <FuncUnit> <Opcode : 'select'> <InPorts = 3> <OutPorts = 1>
ST_9 : Operation 706 [1/1] (0.99ns)   --->   "%x141_0_2_4709710721724737742757764781790809 = select i1 %icmp_ln131_1, i7 0, i7 %x_84" [cnn_hls.cpp:131]   --->   Operation 706 'select' 'x141_0_2_4709710721724737742757764781790809' <Predicate = true> <Delay = 0.99> <CoreInst = "Sel">   --->   Core 73 'Sel' <Latency = 0> <II = 1> <Delay = 0.99> <FuncUnit> <Opcode : 'select'> <InPorts = 3> <OutPorts = 1>
ST_9 : Operation 707 [1/1] (0.00ns)   --->   "%x141_0_2_4709710721724737742757764781790809_cast = zext i7 %x141_0_2_4709710721724737742757764781790809" [cnn_hls.cpp:131]   --->   Operation 707 'zext' 'x141_0_2_4709710721724737742757764781790809_cast' <Predicate = true> <Delay = 0.00>
ST_9 : Operation 708 [1/1] (0.99ns)   --->   "%x141_0_2_2700701708711720725736743756765780791808 = select i1 %icmp_ln131_1, i7 0, i7 %x_82" [cnn_hls.cpp:131]   --->   Operation 708 'select' 'x141_0_2_2700701708711720725736743756765780791808' <Predicate = true> <Delay = 0.99> <CoreInst = "Sel">   --->   Core 73 'Sel' <Latency = 0> <II = 1> <Delay = 0.99> <FuncUnit> <Opcode : 'select'> <InPorts = 3> <OutPorts = 1>
ST_9 : Operation 709 [1/1] (0.99ns)   --->   "%x141_0_2695696699702707712719726735744755766779792807 = select i1 %icmp_ln131_1, i7 0, i7 %x_80" [cnn_hls.cpp:131]   --->   Operation 709 'select' 'x141_0_2695696699702707712719726735744755766779792807' <Predicate = true> <Delay = 0.99> <CoreInst = "Sel">   --->   Core 73 'Sel' <Latency = 0> <II = 1> <Delay = 0.99> <FuncUnit> <Opcode : 'select'> <InPorts = 3> <OutPorts = 1>
ST_9 : Operation 710 [1/1] (0.99ns)   --->   "%x141_0_2_1697698703706713718727734745754767778793806 = select i1 %icmp_ln131_1, i7 0, i7 %x_81" [cnn_hls.cpp:131]   --->   Operation 710 'select' 'x141_0_2_1697698703706713718727734745754767778793806' <Predicate = true> <Delay = 0.99> <CoreInst = "Sel">   --->   Core 73 'Sel' <Latency = 0> <II = 1> <Delay = 0.99> <FuncUnit> <Opcode : 'select'> <InPorts = 3> <OutPorts = 1>
ST_9 : Operation 711 [1/1] (0.00ns)   --->   "%x141_0_2_1697698703706713718727734745754767778793806_cast = zext i7 %x141_0_2_1697698703706713718727734745754767778793806" [cnn_hls.cpp:131]   --->   Operation 711 'zext' 'x141_0_2_1697698703706713718727734745754767778793806_cast' <Predicate = true> <Delay = 0.00>
ST_9 : Operation 712 [1/1] (0.99ns)   --->   "%x141_0_2_3704705714717728733746753768777794805 = select i1 %icmp_ln131_1, i7 0, i7 %x_83" [cnn_hls.cpp:131]   --->   Operation 712 'select' 'x141_0_2_3704705714717728733746753768777794805' <Predicate = true> <Delay = 0.99> <CoreInst = "Sel">   --->   Core 73 'Sel' <Latency = 0> <II = 1> <Delay = 0.99> <FuncUnit> <Opcode : 'select'> <InPorts = 3> <OutPorts = 1>
ST_9 : Operation 713 [1/1] (0.99ns)   --->   "%x141_0_2_5715716729732747752769776795804 = select i1 %icmp_ln131_1, i7 0, i7 %x_85" [cnn_hls.cpp:131]   --->   Operation 713 'select' 'x141_0_2_5715716729732747752769776795804' <Predicate = true> <Delay = 0.99> <CoreInst = "Sel">   --->   Core 73 'Sel' <Latency = 0> <II = 1> <Delay = 0.99> <FuncUnit> <Opcode : 'select'> <InPorts = 3> <OutPorts = 1>
ST_9 : Operation 714 [1/1] (0.99ns)   --->   "%x141_0_2_7730731748751770775796803 = select i1 %icmp_ln131_1, i7 0, i7 %x_87" [cnn_hls.cpp:131]   --->   Operation 714 'select' 'x141_0_2_7730731748751770775796803' <Predicate = true> <Delay = 0.99> <CoreInst = "Sel">   --->   Core 73 'Sel' <Latency = 0> <II = 1> <Delay = 0.99> <FuncUnit> <Opcode : 'select'> <InPorts = 3> <OutPorts = 1>
ST_9 : Operation 715 [1/1] (0.00ns)   --->   "%x141_0_2_7730731748751770775796803_cast = zext i7 %x141_0_2_7730731748751770775796803" [cnn_hls.cpp:131]   --->   Operation 715 'zext' 'x141_0_2_7730731748751770775796803_cast' <Predicate = true> <Delay = 0.00>
ST_9 : Operation 716 [1/1] (0.99ns)   --->   "%x141_0_2_9749750771774797802 = select i1 %icmp_ln131_1, i7 0, i7 %x_89" [cnn_hls.cpp:131]   --->   Operation 716 'select' 'x141_0_2_9749750771774797802' <Predicate = true> <Delay = 0.99> <CoreInst = "Sel">   --->   Core 73 'Sel' <Latency = 0> <II = 1> <Delay = 0.99> <FuncUnit> <Opcode : 'select'> <InPorts = 3> <OutPorts = 1>
ST_9 : Operation 717 [1/1] (0.99ns)   --->   "%x141_0_2_11772773798801 = select i1 %icmp_ln131_1, i7 0, i7 %x_91" [cnn_hls.cpp:131]   --->   Operation 717 'select' 'x141_0_2_11772773798801' <Predicate = true> <Delay = 0.99> <CoreInst = "Sel">   --->   Core 73 'Sel' <Latency = 0> <II = 1> <Delay = 0.99> <FuncUnit> <Opcode : 'select'> <InPorts = 3> <OutPorts = 1>
ST_9 : Operation 718 [1/1] (0.00ns)   --->   "%x141_0_2_11772773798801_cast = zext i7 %x141_0_2_11772773798801" [cnn_hls.cpp:131]   --->   Operation 718 'zext' 'x141_0_2_11772773798801_cast' <Predicate = true> <Delay = 0.00>
ST_9 : Operation 719 [1/1] (0.99ns)   --->   "%x141_0_2_13799800 = select i1 %icmp_ln131_1, i7 0, i7 %x_93" [cnn_hls.cpp:131]   --->   Operation 719 'select' 'x141_0_2_13799800' <Predicate = true> <Delay = 0.99> <CoreInst = "Sel">   --->   Core 73 'Sel' <Latency = 0> <II = 1> <Delay = 0.99> <FuncUnit> <Opcode : 'select'> <InPorts = 3> <OutPorts = 1>
ST_9 : Operation 720 [1/1] (0.99ns)   --->   "%x_96 = select i1 %icmp_ln131_1, i7 0, i7 %x_95" [cnn_hls.cpp:131]   --->   Operation 720 'select' 'x_96' <Predicate = true> <Delay = 0.99> <CoreInst = "Sel">   --->   Core 73 'Sel' <Latency = 0> <II = 1> <Delay = 0.99> <FuncUnit> <Opcode : 'select'> <InPorts = 3> <OutPorts = 1>
ST_9 : Operation 721 [1/1] (0.00ns)   --->   "%zext_ln129_1 = zext i7 %x_96" [cnn_hls.cpp:129]   --->   Operation 721 'zext' 'zext_ln129_1' <Predicate = true> <Delay = 0.00>
ST_9 : Operation 722 [1/2] ( I:2.32ns O:2.32ns )   --->   "%p_ZL12conv3_weight_23_load_1 = load i5 %p_ZL12conv3_weight_23_addr_1" [cnn_hls.cpp:135]   --->   Operation 722 'load' 'p_ZL12conv3_weight_23_load_1' <Predicate = true> <Delay = 2.32> <CoreInst = "ROM">   --->   Core 94 'ROM' <Latency = 1> <II = 1> <Delay = 2.32> <Storage> <Opcode : 'load'> <Ports = 0> <Width = 8> <Depth = 32> <ROM>
ST_9 : Operation 723 [1/1] (0.00ns)   --->   "%sext_ln135_61 = sext i8 %p_ZL12conv3_weight_23_load_1" [cnn_hls.cpp:135]   --->   Operation 723 'sext' 'sext_ln135_61' <Predicate = true> <Delay = 0.00>
ST_9 : Operation 724 [3/3] (1.05ns) (grouped into DSP with root node add_ln135_42)   --->   "%mul_ln135_33 = mul i15 %zext_ln129_1, i15 %sext_ln135_61" [cnn_hls.cpp:135]   --->   Operation 724 'mul' 'mul_ln135_33' <Predicate = true> <Delay = 1.05> <CoreInst = "DSP48">   --->   Core 116 'DSP48' <Latency = 3> <II = 1> <Delay = 2.15> <IPBlock> <Opcode : 'add' 'sub' 'mul' 'select'> <InPorts = 0> <OutPorts = 1> <Sync> <CReg>
ST_9 : Operation 725 [3/3] (1.05ns) (grouped into DSP with root node add_ln135_41)   --->   "%mul_ln135_37 = mul i15 %x141_0_2_11772773798801_cast, i15 %sext_ln135_58" [cnn_hls.cpp:135]   --->   Operation 725 'mul' 'mul_ln135_37' <Predicate = true> <Delay = 1.05> <CoreInst = "DSP48">   --->   Core 116 'DSP48' <Latency = 3> <II = 1> <Delay = 2.15> <IPBlock> <Opcode : 'add' 'sub' 'mul' 'select'> <InPorts = 0> <OutPorts = 1> <Sync> <CReg>
ST_9 : Operation 726 [3/3] (1.05ns) (grouped into DSP with root node add_ln135_30)   --->   "%mul_ln135_38 = mul i15 %x141_0_2_10760761784787812_cast, i15 %sext_ln135_57" [cnn_hls.cpp:135]   --->   Operation 726 'mul' 'mul_ln135_38' <Predicate = true> <Delay = 1.05> <CoreInst = "DSP48">   --->   Core 116 'DSP48' <Latency = 3> <II = 1> <Delay = 2.15> <IPBlock> <Opcode : 'add' 'sub' 'mul' 'select'> <InPorts = 0> <OutPorts = 1> <Sync> <CReg>
ST_9 : Operation 727 [3/3] (1.05ns) (grouped into DSP with root node add_ln135_39)   --->   "%mul_ln135_41 = mul i15 %x141_0_2_7730731748751770775796803_cast, i15 %sext_ln135_54" [cnn_hls.cpp:135]   --->   Operation 727 'mul' 'mul_ln135_41' <Predicate = true> <Delay = 1.05> <CoreInst = "DSP48">   --->   Core 116 'DSP48' <Latency = 3> <II = 1> <Delay = 2.15> <IPBlock> <Opcode : 'add' 'sub' 'mul' 'select'> <InPorts = 0> <OutPorts = 1> <Sync> <CReg>
ST_9 : Operation 728 [3/3] (1.05ns) (grouped into DSP with root node add_ln135_34)   --->   "%mul_ln135_44 = mul i15 %x141_0_2_4709710721724737742757764781790809_cast, i15 %sext_ln135_51" [cnn_hls.cpp:135]   --->   Operation 728 'mul' 'mul_ln135_44' <Predicate = true> <Delay = 1.05> <CoreInst = "DSP48">   --->   Core 116 'DSP48' <Latency = 3> <II = 1> <Delay = 2.15> <IPBlock> <Opcode : 'add' 'sub' 'mul' 'select'> <InPorts = 0> <OutPorts = 1> <Sync> <CReg>
ST_9 : Operation 729 [3/3] (1.05ns) (grouped into DSP with root node add_ln135_36)   --->   "%mul_ln135_47 = mul i15 %x141_0_2_1697698703706713718727734745754767778793806_cast, i15 %sext_ln135_48" [cnn_hls.cpp:135]   --->   Operation 729 'mul' 'mul_ln135_47' <Predicate = true> <Delay = 1.05> <CoreInst = "DSP48">   --->   Core 116 'DSP48' <Latency = 3> <II = 1> <Delay = 2.15> <IPBlock> <Opcode : 'add' 'sub' 'mul' 'select'> <InPorts = 0> <OutPorts = 1> <Sync> <CReg>

State 10 <SV = 9> <Delay = 3.37>
ST_10 : Operation 730 [1/1] (0.00ns)   --->   "%zext_ln132_1 = zext i7 %x_48" [cnn_hls.cpp:132]   --->   Operation 730 'zext' 'zext_ln132_1' <Predicate = true> <Delay = 0.00>
ST_10 : Operation 731 [1/1] (0.00ns)   --->   "%zext_ln132_4 = zext i7 %x_51" [cnn_hls.cpp:132]   --->   Operation 731 'zext' 'zext_ln132_4' <Predicate = true> <Delay = 0.00>
ST_10 : Operation 732 [1/1] (0.00ns)   --->   "%zext_ln132_7 = zext i7 %x_54" [cnn_hls.cpp:132]   --->   Operation 732 'zext' 'zext_ln132_7' <Predicate = true> <Delay = 0.00>
ST_10 : Operation 733 [1/1] (0.00ns)   --->   "%zext_ln132_10 = zext i7 %x_57" [cnn_hls.cpp:132]   --->   Operation 733 'zext' 'zext_ln132_10' <Predicate = true> <Delay = 0.00>
ST_10 : Operation 734 [1/1] (0.00ns)   --->   "%zext_ln132_13 = zext i7 %x_60" [cnn_hls.cpp:132]   --->   Operation 734 'zext' 'zext_ln132_13' <Predicate = true> <Delay = 0.00>
ST_10 : Operation 735 [1/2] ( I:2.32ns O:2.32ns )   --->   "%p_ZL12conv3_weight_3_load = load i5 %p_ZL12conv3_weight_3_addr" [cnn_hls.cpp:135]   --->   Operation 735 'load' 'p_ZL12conv3_weight_3_load' <Predicate = true> <Delay = 2.32> <CoreInst = "ROM">   --->   Core 94 'ROM' <Latency = 1> <II = 1> <Delay = 2.32> <Storage> <Opcode : 'load'> <Ports = 0> <Width = 8> <Depth = 32> <ROM>
ST_10 : Operation 736 [1/1] (0.00ns)   --->   "%sext_ln135_1 = sext i8 %p_ZL12conv3_weight_3_load" [cnn_hls.cpp:135]   --->   Operation 736 'sext' 'sext_ln135_1' <Predicate = true> <Delay = 0.00>
ST_10 : Operation 737 [1/2] ( I:2.32ns O:2.32ns )   --->   "%p_ZL12conv3_weight_6_load = load i5 %p_ZL12conv3_weight_6_addr" [cnn_hls.cpp:135]   --->   Operation 737 'load' 'p_ZL12conv3_weight_6_load' <Predicate = true> <Delay = 2.32> <CoreInst = "ROM">   --->   Core 94 'ROM' <Latency = 1> <II = 1> <Delay = 2.32> <Storage> <Opcode : 'load'> <Ports = 0> <Width = 8> <Depth = 32> <ROM>
ST_10 : Operation 738 [1/2] ( I:2.32ns O:2.32ns )   --->   "%p_ZL12conv3_weight_9_load = load i5 %p_ZL12conv3_weight_9_addr" [cnn_hls.cpp:135]   --->   Operation 738 'load' 'p_ZL12conv3_weight_9_load' <Predicate = true> <Delay = 2.32> <CoreInst = "ROM">   --->   Core 94 'ROM' <Latency = 1> <II = 1> <Delay = 2.32> <Storage> <Opcode : 'load'> <Ports = 0> <Width = 8> <Depth = 32> <ROM>
ST_10 : Operation 739 [1/2] ( I:2.32ns O:2.32ns )   --->   "%p_ZL12conv3_weight_12_load = load i5 %p_ZL12conv3_weight_12_addr" [cnn_hls.cpp:135]   --->   Operation 739 'load' 'p_ZL12conv3_weight_12_load' <Predicate = true> <Delay = 2.32> <CoreInst = "ROM">   --->   Core 94 'ROM' <Latency = 1> <II = 1> <Delay = 2.32> <Storage> <Opcode : 'load'> <Ports = 0> <Width = 8> <Depth = 32> <ROM>
ST_10 : Operation 740 [1/1] (0.00ns)   --->   "%sext_ln135_4 = sext i8 %p_ZL12conv3_weight_12_load" [cnn_hls.cpp:135]   --->   Operation 740 'sext' 'sext_ln135_4' <Predicate = true> <Delay = 0.00>
ST_10 : Operation 741 [1/2] ( I:2.32ns O:2.32ns )   --->   "%p_ZL12conv3_weight_21_load = load i5 %p_ZL12conv3_weight_21_addr" [cnn_hls.cpp:135]   --->   Operation 741 'load' 'p_ZL12conv3_weight_21_load' <Predicate = true> <Delay = 2.32> <CoreInst = "ROM">   --->   Core 94 'ROM' <Latency = 1> <II = 1> <Delay = 2.32> <Storage> <Opcode : 'load'> <Ports = 0> <Width = 8> <Depth = 32> <ROM>
ST_10 : Operation 742 [1/1] (0.00ns)   --->   "%sext_ln135_7 = sext i8 %p_ZL12conv3_weight_21_load" [cnn_hls.cpp:135]   --->   Operation 742 'sext' 'sext_ln135_7' <Predicate = true> <Delay = 0.00>
ST_10 : Operation 743 [1/1] (0.00ns)   --->   "%p_ZL12conv3_weight_0_addr_1 = getelementptr i8 %p_ZL12conv3_weight_0, i64 0, i64 %zext_ln135_1" [cnn_hls.cpp:135]   --->   Operation 743 'getelementptr' 'p_ZL12conv3_weight_0_addr_1' <Predicate = true> <Delay = 0.00>
ST_10 : Operation 744 [2/2] (2.32ns)   --->   "%p_ZL12conv3_weight_0_load_1 = load i5 %p_ZL12conv3_weight_0_addr_1" [cnn_hls.cpp:135]   --->   Operation 744 'load' 'p_ZL12conv3_weight_0_load_1' <Predicate = true> <Delay = 2.32> <CoreInst = "ROM">   --->   Core 94 'ROM' <Latency = 1> <II = 1> <Delay = 2.32> <Storage> <Opcode : 'load'> <Ports = 0> <Width = 8> <Depth = 32> <ROM>
ST_10 : Operation 745 [1/1] (0.00ns)   --->   "%p_ZL12conv3_weight_3_addr_1 = getelementptr i8 %p_ZL12conv3_weight_3, i64 0, i64 %zext_ln135_1" [cnn_hls.cpp:135]   --->   Operation 745 'getelementptr' 'p_ZL12conv3_weight_3_addr_1' <Predicate = true> <Delay = 0.00>
ST_10 : Operation 746 [2/2] (2.32ns)   --->   "%p_ZL12conv3_weight_3_load_1 = load i5 %p_ZL12conv3_weight_3_addr_1" [cnn_hls.cpp:135]   --->   Operation 746 'load' 'p_ZL12conv3_weight_3_load_1' <Predicate = true> <Delay = 2.32> <CoreInst = "ROM">   --->   Core 94 'ROM' <Latency = 1> <II = 1> <Delay = 2.32> <Storage> <Opcode : 'load'> <Ports = 0> <Width = 8> <Depth = 32> <ROM>
ST_10 : Operation 747 [1/2] ( I:2.32ns O:2.32ns )   --->   "%p_ZL12conv3_weight_6_load_1 = load i5 %p_ZL12conv3_weight_6_addr_1" [cnn_hls.cpp:135]   --->   Operation 747 'load' 'p_ZL12conv3_weight_6_load_1' <Predicate = true> <Delay = 2.32> <CoreInst = "ROM">   --->   Core 94 'ROM' <Latency = 1> <II = 1> <Delay = 2.32> <Storage> <Opcode : 'load'> <Ports = 0> <Width = 8> <Depth = 32> <ROM>
ST_10 : Operation 748 [1/1] (0.00ns)   --->   "%sext_ln135_10 = sext i8 %p_ZL12conv3_weight_6_load_1" [cnn_hls.cpp:135]   --->   Operation 748 'sext' 'sext_ln135_10' <Predicate = true> <Delay = 0.00>
ST_10 : Operation 749 [1/2] ( I:2.32ns O:2.32ns )   --->   "%p_ZL12conv3_weight_15_load_1 = load i5 %p_ZL12conv3_weight_15_addr_1" [cnn_hls.cpp:135]   --->   Operation 749 'load' 'p_ZL12conv3_weight_15_load_1' <Predicate = true> <Delay = 2.32> <CoreInst = "ROM">   --->   Core 94 'ROM' <Latency = 1> <II = 1> <Delay = 2.32> <Storage> <Opcode : 'load'> <Ports = 0> <Width = 8> <Depth = 32> <ROM>
ST_10 : Operation 750 [1/1] (0.00ns)   --->   "%sext_ln135_13 = sext i8 %p_ZL12conv3_weight_15_load_1" [cnn_hls.cpp:135]   --->   Operation 750 'sext' 'sext_ln135_13' <Predicate = true> <Delay = 0.00>
ST_10 : Operation 751 [1/1] (0.00ns)   --->   "%p_ZL12conv3_weight_18_addr_1 = getelementptr i8 %p_ZL12conv3_weight_18, i64 0, i64 %zext_ln135_1" [cnn_hls.cpp:135]   --->   Operation 751 'getelementptr' 'p_ZL12conv3_weight_18_addr_1' <Predicate = true> <Delay = 0.00>
ST_10 : Operation 752 [2/2] (2.32ns)   --->   "%p_ZL12conv3_weight_18_load_1 = load i5 %p_ZL12conv3_weight_18_addr_1" [cnn_hls.cpp:135]   --->   Operation 752 'load' 'p_ZL12conv3_weight_18_load_1' <Predicate = true> <Delay = 2.32> <CoreInst = "ROM">   --->   Core 94 'ROM' <Latency = 1> <II = 1> <Delay = 2.32> <Storage> <Opcode : 'load'> <Ports = 0> <Width = 8> <Depth = 32> <ROM>
ST_10 : Operation 753 [1/1] (0.00ns)   --->   "%x141_0_10879880903906931_cast = zext i7 %x141_0_10879880903906931" [cnn_hls.cpp:131]   --->   Operation 753 'zext' 'x141_0_10879880903906931_cast' <Predicate = true> <Delay = 0.00>
ST_10 : Operation 754 [1/1] (0.00ns)   --->   "%x141_0_4828829840843856861876883900909928_cast = zext i7 %x141_0_4828829840843856861876883900909928" [cnn_hls.cpp:131]   --->   Operation 754 'zext' 'x141_0_4828829840843856861876883900909928_cast' <Predicate = true> <Delay = 0.00>
ST_10 : Operation 755 [1/1] (0.00ns)   --->   "%x141_0_134816817822825832837846853864873886897912925_cast = zext i7 %x141_0_134816817822825832837846853864873886897912925" [cnn_hls.cpp:131]   --->   Operation 755 'zext' 'x141_0_134816817822825832837846853864873886897912925_cast' <Predicate = true> <Delay = 0.00>
ST_10 : Operation 756 [1/1] (0.00ns)   --->   "%x141_0_7849850867870889894915922_cast = zext i7 %x141_0_7849850867870889894915922" [cnn_hls.cpp:131]   --->   Operation 756 'zext' 'x141_0_7849850867870889894915922_cast' <Predicate = true> <Delay = 0.00>
ST_10 : Operation 757 [1/1] (0.00ns)   --->   "%x141_0_13918919_cast = zext i7 %x141_0_13918919" [cnn_hls.cpp:131]   --->   Operation 757 'zext' 'x141_0_13918919_cast' <Predicate = true> <Delay = 0.00>
ST_10 : Operation 758 [1/1] (0.00ns)   --->   "%p_ZL12conv3_weight_21_addr_1 = getelementptr i8 %p_ZL12conv3_weight_21, i64 0, i64 %zext_ln135_1" [cnn_hls.cpp:135]   --->   Operation 758 'getelementptr' 'p_ZL12conv3_weight_21_addr_1' <Predicate = true> <Delay = 0.00>
ST_10 : Operation 759 [2/2] (2.32ns)   --->   "%p_ZL12conv3_weight_21_load_1 = load i5 %p_ZL12conv3_weight_21_addr_1" [cnn_hls.cpp:135]   --->   Operation 759 'load' 'p_ZL12conv3_weight_21_load_1' <Predicate = true> <Delay = 2.32> <CoreInst = "ROM">   --->   Core 94 'ROM' <Latency = 1> <II = 1> <Delay = 2.32> <Storage> <Opcode : 'load'> <Ports = 0> <Width = 8> <Depth = 32> <ROM>
ST_10 : Operation 760 [1/2] ( I:2.32ns O:2.32ns )   --->   "%p_ZL12conv3_weight_4_load = load i5 %p_ZL12conv3_weight_4_addr" [cnn_hls.cpp:135]   --->   Operation 760 'load' 'p_ZL12conv3_weight_4_load' <Predicate = true> <Delay = 2.32> <CoreInst = "ROM">   --->   Core 94 'ROM' <Latency = 1> <II = 1> <Delay = 2.32> <Storage> <Opcode : 'load'> <Ports = 0> <Width = 8> <Depth = 32> <ROM>
ST_10 : Operation 761 [1/1] (0.00ns)   --->   "%sext_ln129_2 = sext i8 %p_ZL12conv3_weight_4_load" [cnn_hls.cpp:129]   --->   Operation 761 'sext' 'sext_ln129_2' <Predicate = true> <Delay = 0.00>
ST_10 : Operation 762 [1/2] ( I:2.32ns O:2.32ns )   --->   "%p_ZL12conv3_weight_7_load = load i5 %p_ZL12conv3_weight_7_addr" [cnn_hls.cpp:135]   --->   Operation 762 'load' 'p_ZL12conv3_weight_7_load' <Predicate = true> <Delay = 2.32> <CoreInst = "ROM">   --->   Core 94 'ROM' <Latency = 1> <II = 1> <Delay = 2.32> <Storage> <Opcode : 'load'> <Ports = 0> <Width = 8> <Depth = 32> <ROM>
ST_10 : Operation 763 [1/2] ( I:2.32ns O:2.32ns )   --->   "%p_ZL12conv3_weight_13_load = load i5 %p_ZL12conv3_weight_13_addr" [cnn_hls.cpp:135]   --->   Operation 763 'load' 'p_ZL12conv3_weight_13_load' <Predicate = true> <Delay = 2.32> <CoreInst = "ROM">   --->   Core 94 'ROM' <Latency = 1> <II = 1> <Delay = 2.32> <Storage> <Opcode : 'load'> <Ports = 0> <Width = 8> <Depth = 32> <ROM>
ST_10 : Operation 764 [1/1] (0.00ns)   --->   "%sext_ln129_5 = sext i8 %p_ZL12conv3_weight_13_load" [cnn_hls.cpp:129]   --->   Operation 764 'sext' 'sext_ln129_5' <Predicate = true> <Delay = 0.00>
ST_10 : Operation 765 [1/2] ( I:2.32ns O:2.32ns )   --->   "%p_ZL12conv3_weight_16_load = load i5 %p_ZL12conv3_weight_16_addr" [cnn_hls.cpp:135]   --->   Operation 765 'load' 'p_ZL12conv3_weight_16_load' <Predicate = true> <Delay = 2.32> <CoreInst = "ROM">   --->   Core 94 'ROM' <Latency = 1> <II = 1> <Delay = 2.32> <Storage> <Opcode : 'load'> <Ports = 0> <Width = 8> <Depth = 32> <ROM>
ST_10 : Operation 766 [1/2] ( I:2.32ns O:2.32ns )   --->   "%p_ZL12conv3_weight_22_load = load i5 %p_ZL12conv3_weight_22_addr" [cnn_hls.cpp:135]   --->   Operation 766 'load' 'p_ZL12conv3_weight_22_load' <Predicate = true> <Delay = 2.32> <CoreInst = "ROM">   --->   Core 94 'ROM' <Latency = 1> <II = 1> <Delay = 2.32> <Storage> <Opcode : 'load'> <Ports = 0> <Width = 8> <Depth = 32> <ROM>
ST_10 : Operation 767 [1/1] (0.00ns)   --->   "%sext_ln129_8 = sext i8 %p_ZL12conv3_weight_22_load" [cnn_hls.cpp:129]   --->   Operation 767 'sext' 'sext_ln129_8' <Predicate = true> <Delay = 0.00>
ST_10 : Operation 768 [1/1] (0.00ns)   --->   "%p_ZL12conv3_weight_1_addr_1 = getelementptr i8 %p_ZL12conv3_weight_1, i64 0, i64 %zext_ln135_1" [cnn_hls.cpp:135]   --->   Operation 768 'getelementptr' 'p_ZL12conv3_weight_1_addr_1' <Predicate = true> <Delay = 0.00>
ST_10 : Operation 769 [2/2] (2.32ns)   --->   "%p_ZL12conv3_weight_1_load_1 = load i5 %p_ZL12conv3_weight_1_addr_1" [cnn_hls.cpp:135]   --->   Operation 769 'load' 'p_ZL12conv3_weight_1_load_1' <Predicate = true> <Delay = 2.32> <CoreInst = "ROM">   --->   Core 94 'ROM' <Latency = 1> <II = 1> <Delay = 2.32> <Storage> <Opcode : 'load'> <Ports = 0> <Width = 8> <Depth = 32> <ROM>
ST_10 : Operation 770 [1/2] ( I:2.32ns O:2.32ns )   --->   "%p_ZL12conv3_weight_7_load_1 = load i5 %p_ZL12conv3_weight_7_addr_1" [cnn_hls.cpp:135]   --->   Operation 770 'load' 'p_ZL12conv3_weight_7_load_1' <Predicate = true> <Delay = 2.32> <CoreInst = "ROM">   --->   Core 94 'ROM' <Latency = 1> <II = 1> <Delay = 2.32> <Storage> <Opcode : 'load'> <Ports = 0> <Width = 8> <Depth = 32> <ROM>
ST_10 : Operation 771 [1/1] (0.00ns)   --->   "%sext_ln129_11 = sext i8 %p_ZL12conv3_weight_7_load_1" [cnn_hls.cpp:129]   --->   Operation 771 'sext' 'sext_ln129_11' <Predicate = true> <Delay = 0.00>
ST_10 : Operation 772 [1/1] (0.00ns)   --->   "%p_ZL12conv3_weight_10_addr_1 = getelementptr i8 %p_ZL12conv3_weight_10, i64 0, i64 %zext_ln135_1" [cnn_hls.cpp:135]   --->   Operation 772 'getelementptr' 'p_ZL12conv3_weight_10_addr_1' <Predicate = true> <Delay = 0.00>
ST_10 : Operation 773 [2/2] (2.32ns)   --->   "%p_ZL12conv3_weight_10_load_1 = load i5 %p_ZL12conv3_weight_10_addr_1" [cnn_hls.cpp:135]   --->   Operation 773 'load' 'p_ZL12conv3_weight_10_load_1' <Predicate = true> <Delay = 2.32> <CoreInst = "ROM">   --->   Core 94 'ROM' <Latency = 1> <II = 1> <Delay = 2.32> <Storage> <Opcode : 'load'> <Ports = 0> <Width = 8> <Depth = 32> <ROM>
ST_10 : Operation 774 [1/2] ( I:2.32ns O:2.32ns )   --->   "%p_ZL12conv3_weight_16_load_1 = load i5 %p_ZL12conv3_weight_16_addr_1" [cnn_hls.cpp:135]   --->   Operation 774 'load' 'p_ZL12conv3_weight_16_load_1' <Predicate = true> <Delay = 2.32> <CoreInst = "ROM">   --->   Core 94 'ROM' <Latency = 1> <II = 1> <Delay = 2.32> <Storage> <Opcode : 'load'> <Ports = 0> <Width = 8> <Depth = 32> <ROM>
ST_10 : Operation 775 [1/1] (0.00ns)   --->   "%sext_ln129_14 = sext i8 %p_ZL12conv3_weight_16_load_1" [cnn_hls.cpp:129]   --->   Operation 775 'sext' 'sext_ln129_14' <Predicate = true> <Delay = 0.00>
ST_10 : Operation 776 [1/1] (0.00ns)   --->   "%p_ZL12conv3_weight_19_addr_1 = getelementptr i8 %p_ZL12conv3_weight_19, i64 0, i64 %zext_ln135_1" [cnn_hls.cpp:135]   --->   Operation 776 'getelementptr' 'p_ZL12conv3_weight_19_addr_1' <Predicate = true> <Delay = 0.00>
ST_10 : Operation 777 [2/2] (2.32ns)   --->   "%p_ZL12conv3_weight_19_load_1 = load i5 %p_ZL12conv3_weight_19_addr_1" [cnn_hls.cpp:135]   --->   Operation 777 'load' 'p_ZL12conv3_weight_19_load_1' <Predicate = true> <Delay = 2.32> <CoreInst = "ROM">   --->   Core 94 'ROM' <Latency = 1> <II = 1> <Delay = 2.32> <Storage> <Opcode : 'load'> <Ports = 0> <Width = 8> <Depth = 32> <ROM>
ST_10 : Operation 778 [2/3] (1.05ns) (grouped into DSP with root node add_ln135_5)   --->   "%mul_ln135 = mul i15 %x141_0694815818821826831838845854863874885898911926_cast, i15 %sext_ln135" [cnn_hls.cpp:135]   --->   Operation 778 'mul' 'mul_ln135' <Predicate = true> <Delay = 1.05> <CoreInst = "DSP48">   --->   Core 116 'DSP48' <Latency = 3> <II = 1> <Delay = 2.15> <IPBlock> <Opcode : 'add' 'sub' 'mul' 'select'> <InPorts = 0> <OutPorts = 1> <Sync> <CReg>
ST_10 : Operation 779 [2/3] (1.05ns) (grouped into DSP with root node add_ln135_28)   --->   "%mul_ln135_1 = mul i15 %sext_ln135_14, i15 %zext_ln139" [cnn_hls.cpp:135]   --->   Operation 779 'mul' 'mul_ln135_1' <Predicate = true> <Delay = 1.05> <CoreInst = "DSP48">   --->   Core 116 'DSP48' <Latency = 3> <II = 1> <Delay = 2.15> <IPBlock> <Opcode : 'add' 'sub' 'mul' 'select'> <InPorts = 0> <OutPorts = 1> <Sync> <CReg>
ST_10 : Operation 780 [3/3] (1.05ns) (grouped into DSP with root node add_ln135_29)   --->   "%mul_ln135_3 = mul i15 %sext_ln129_14, i15 %zext_ln132_13" [cnn_hls.cpp:135]   --->   Operation 780 'mul' 'mul_ln135_3' <Predicate = true> <Delay = 1.05> <CoreInst = "DSP48">   --->   Core 116 'DSP48' <Latency = 3> <II = 1> <Delay = 2.15> <IPBlock> <Opcode : 'add' 'sub' 'mul' 'select'> <InPorts = 0> <OutPorts = 1> <Sync> <CReg>
ST_10 : Operation 781 [2/3] (1.05ns) (grouped into DSP with root node add_ln135_25)   --->   "%mul_ln135_4 = mul i15 %sext_ln129_13, i15 %zext_ln132_12" [cnn_hls.cpp:135]   --->   Operation 781 'mul' 'mul_ln135_4' <Predicate = true> <Delay = 1.05> <CoreInst = "DSP48">   --->   Core 116 'DSP48' <Latency = 3> <II = 1> <Delay = 2.15> <IPBlock> <Opcode : 'add' 'sub' 'mul' 'select'> <InPorts = 0> <OutPorts = 1> <Sync> <CReg>
ST_10 : Operation 782 [3/3] (1.05ns) (grouped into DSP with root node add_ln135_26)   --->   "%mul_ln135_6 = mul i15 %sext_ln129_11, i15 %zext_ln132_10" [cnn_hls.cpp:135]   --->   Operation 782 'mul' 'mul_ln135_6' <Predicate = true> <Delay = 1.05> <CoreInst = "DSP48">   --->   Core 116 'DSP48' <Latency = 3> <II = 1> <Delay = 2.15> <IPBlock> <Opcode : 'add' 'sub' 'mul' 'select'> <InPorts = 0> <OutPorts = 1> <Sync> <CReg>
ST_10 : Operation 783 [2/3] (1.05ns) (grouped into DSP with root node add_ln135_23)   --->   "%mul_ln135_7 = mul i15 %sext_ln129_10, i15 %zext_ln132_9" [cnn_hls.cpp:135]   --->   Operation 783 'mul' 'mul_ln135_7' <Predicate = true> <Delay = 1.05> <CoreInst = "DSP48">   --->   Core 116 'DSP48' <Latency = 3> <II = 1> <Delay = 2.15> <IPBlock> <Opcode : 'add' 'sub' 'mul' 'select'> <InPorts = 0> <OutPorts = 1> <Sync> <CReg>
ST_10 : Operation 784 [3/3] (1.05ns) (grouped into DSP with root node add_ln135_24)   --->   "%mul_ln135_9 = mul i15 %sext_ln129_8, i15 %zext_ln132_7" [cnn_hls.cpp:135]   --->   Operation 784 'mul' 'mul_ln135_9' <Predicate = true> <Delay = 1.05> <CoreInst = "DSP48">   --->   Core 116 'DSP48' <Latency = 3> <II = 1> <Delay = 2.15> <IPBlock> <Opcode : 'add' 'sub' 'mul' 'select'> <InPorts = 0> <OutPorts = 1> <Sync> <CReg>
ST_10 : Operation 785 [2/3] (1.05ns) (grouped into DSP with root node add_ln135_18)   --->   "%mul_ln135_10 = mul i15 %sext_ln129_7, i15 %zext_ln132_6" [cnn_hls.cpp:135]   --->   Operation 785 'mul' 'mul_ln135_10' <Predicate = true> <Delay = 1.05> <CoreInst = "DSP48">   --->   Core 116 'DSP48' <Latency = 3> <II = 1> <Delay = 2.15> <IPBlock> <Opcode : 'add' 'sub' 'mul' 'select'> <InPorts = 0> <OutPorts = 1> <Sync> <CReg>
ST_10 : Operation 786 [3/3] (1.05ns) (grouped into DSP with root node add_ln135_19)   --->   "%mul_ln135_12 = mul i15 %sext_ln129_5, i15 %zext_ln132_4" [cnn_hls.cpp:135]   --->   Operation 786 'mul' 'mul_ln135_12' <Predicate = true> <Delay = 1.05> <CoreInst = "DSP48">   --->   Core 116 'DSP48' <Latency = 3> <II = 1> <Delay = 2.15> <IPBlock> <Opcode : 'add' 'sub' 'mul' 'select'> <InPorts = 0> <OutPorts = 1> <Sync> <CReg>
ST_10 : Operation 787 [2/3] (1.05ns) (grouped into DSP with root node add_ln135_16)   --->   "%mul_ln135_13 = mul i15 %sext_ln129_4, i15 %zext_ln132_3" [cnn_hls.cpp:135]   --->   Operation 787 'mul' 'mul_ln135_13' <Predicate = true> <Delay = 1.05> <CoreInst = "DSP48">   --->   Core 116 'DSP48' <Latency = 3> <II = 1> <Delay = 2.15> <IPBlock> <Opcode : 'add' 'sub' 'mul' 'select'> <InPorts = 0> <OutPorts = 1> <Sync> <CReg>
ST_10 : Operation 788 [3/3] (1.05ns) (grouped into DSP with root node add_ln135_17)   --->   "%mul_ln135_15 = mul i15 %sext_ln129_2, i15 %zext_ln132_1" [cnn_hls.cpp:135]   --->   Operation 788 'mul' 'mul_ln135_15' <Predicate = true> <Delay = 1.05> <CoreInst = "DSP48">   --->   Core 116 'DSP48' <Latency = 3> <II = 1> <Delay = 2.15> <IPBlock> <Opcode : 'add' 'sub' 'mul' 'select'> <InPorts = 0> <OutPorts = 1> <Sync> <CReg>
ST_10 : Operation 789 [2/3] (1.05ns) (grouped into DSP with root node add_ln135_13)   --->   "%mul_ln135_16 = mul i15 %sext_ln129_1, i15 %zext_ln132" [cnn_hls.cpp:135]   --->   Operation 789 'mul' 'mul_ln135_16' <Predicate = true> <Delay = 1.05> <CoreInst = "DSP48">   --->   Core 116 'DSP48' <Latency = 3> <II = 1> <Delay = 2.15> <IPBlock> <Opcode : 'add' 'sub' 'mul' 'select'> <InPorts = 0> <OutPorts = 1> <Sync> <CReg>
ST_10 : Operation 790 [3/3] (1.05ns) (grouped into DSP with root node add_ln135_14)   --->   "%mul_ln135_19 = mul i15 %x141_0_13918919_cast, i15 %sext_ln135_13" [cnn_hls.cpp:135]   --->   Operation 790 'mul' 'mul_ln135_19' <Predicate = true> <Delay = 1.05> <CoreInst = "DSP48">   --->   Core 116 'DSP48' <Latency = 3> <II = 1> <Delay = 2.15> <IPBlock> <Opcode : 'add' 'sub' 'mul' 'select'> <InPorts = 0> <OutPorts = 1> <Sync> <CReg>
ST_10 : Operation 791 [2/3] (1.05ns) (grouped into DSP with root node add_ln135)   --->   "%mul_ln135_20 = mul i15 %x141_0_12904905932_cast, i15 %sext_ln135_12" [cnn_hls.cpp:135]   --->   Operation 791 'mul' 'mul_ln135_20' <Predicate = true> <Delay = 1.05> <CoreInst = "DSP48">   --->   Core 116 'DSP48' <Latency = 3> <II = 1> <Delay = 2.15> <IPBlock> <Opcode : 'add' 'sub' 'mul' 'select'> <InPorts = 0> <OutPorts = 1> <Sync> <CReg>
ST_10 : Operation 792 [2/3] (1.05ns) (grouped into DSP with root node add_ln135_11)   --->   "%mul_ln135_21 = mul i15 %x141_0_11891892917920_cast, i15 %sext_ln135_11" [cnn_hls.cpp:135]   --->   Operation 792 'mul' 'mul_ln135_21' <Predicate = true> <Delay = 1.05> <CoreInst = "DSP48">   --->   Core 116 'DSP48' <Latency = 3> <II = 1> <Delay = 2.15> <IPBlock> <Opcode : 'add' 'sub' 'mul' 'select'> <InPorts = 0> <OutPorts = 1> <Sync> <CReg>
ST_10 : Operation 793 [3/3] (1.05ns) (grouped into DSP with root node add_ln135_3)   --->   "%mul_ln135_22 = mul i15 %x141_0_10879880903906931_cast, i15 %sext_ln135_10" [cnn_hls.cpp:135]   --->   Operation 793 'mul' 'mul_ln135_22' <Predicate = true> <Delay = 1.05> <CoreInst = "DSP48">   --->   Core 116 'DSP48' <Latency = 3> <II = 1> <Delay = 2.15> <IPBlock> <Opcode : 'add' 'sub' 'mul' 'select'> <InPorts = 0> <OutPorts = 1> <Sync> <CReg>
ST_10 : Operation 794 [3/3] (1.05ns) (grouped into DSP with root node add_ln135_12)   --->   "%mul_ln135_25 = mul i15 %x141_0_7849850867870889894915922_cast, i15 %sext_ln135_7" [cnn_hls.cpp:135]   --->   Operation 794 'mul' 'mul_ln135_25' <Predicate = true> <Delay = 1.05> <CoreInst = "DSP48">   --->   Core 116 'DSP48' <Latency = 3> <II = 1> <Delay = 2.15> <IPBlock> <Opcode : 'add' 'sub' 'mul' 'select'> <InPorts = 0> <OutPorts = 1> <Sync> <CReg>
ST_10 : Operation 795 [2/3] (1.05ns) (grouped into DSP with root node add_ln135_2)   --->   "%mul_ln135_26 = mul i15 %x141_0_6841842857860877882901908929_cast, i15 %sext_ln135_6" [cnn_hls.cpp:135]   --->   Operation 795 'mul' 'mul_ln135_26' <Predicate = true> <Delay = 1.05> <CoreInst = "DSP48">   --->   Core 116 'DSP48' <Latency = 3> <II = 1> <Delay = 2.15> <IPBlock> <Opcode : 'add' 'sub' 'mul' 'select'> <InPorts = 0> <OutPorts = 1> <Sync> <CReg>
ST_10 : Operation 796 [2/3] (1.05ns) (grouped into DSP with root node add_ln135_7)   --->   "%mul_ln135_27 = mul i15 %x141_0_5834835848851866871888895914923_cast, i15 %sext_ln135_5" [cnn_hls.cpp:135]   --->   Operation 796 'mul' 'mul_ln135_27' <Predicate = true> <Delay = 1.05> <CoreInst = "DSP48">   --->   Core 116 'DSP48' <Latency = 3> <II = 1> <Delay = 2.15> <IPBlock> <Opcode : 'add' 'sub' 'mul' 'select'> <InPorts = 0> <OutPorts = 1> <Sync> <CReg>
ST_10 : Operation 797 [3/3] (1.05ns) (grouped into DSP with root node add_ln135_6)   --->   "%mul_ln135_28 = mul i15 %x141_0_4828829840843856861876883900909928_cast, i15 %sext_ln135_4" [cnn_hls.cpp:135]   --->   Operation 797 'mul' 'mul_ln135_28' <Predicate = true> <Delay = 1.05> <CoreInst = "DSP48">   --->   Core 116 'DSP48' <Latency = 3> <II = 1> <Delay = 2.15> <IPBlock> <Opcode : 'add' 'sub' 'mul' 'select'> <InPorts = 0> <OutPorts = 1> <Sync> <CReg>
ST_10 : Operation 798 [3/3] (1.05ns) (grouped into DSP with root node add_ln135_8)   --->   "%mul_ln135_31 = mul i15 %x141_0_134816817822825832837846853864873886897912925_cast, i15 %sext_ln135_1" [cnn_hls.cpp:135]   --->   Operation 798 'mul' 'mul_ln135_31' <Predicate = true> <Delay = 1.05> <CoreInst = "DSP48">   --->   Core 116 'DSP48' <Latency = 3> <II = 1> <Delay = 2.15> <IPBlock> <Opcode : 'add' 'sub' 'mul' 'select'> <InPorts = 0> <OutPorts = 1> <Sync> <CReg>
ST_10 : Operation 799 [1/2] ( I:2.32ns O:2.32ns )   --->   "%p_ZL12conv3_weight_2_load = load i5 %p_ZL12conv3_weight_2_addr" [cnn_hls.cpp:135]   --->   Operation 799 'load' 'p_ZL12conv3_weight_2_load' <Predicate = true> <Delay = 2.32> <CoreInst = "ROM">   --->   Core 94 'ROM' <Latency = 1> <II = 1> <Delay = 2.32> <Storage> <Opcode : 'load'> <Ports = 0> <Width = 8> <Depth = 32> <ROM>
ST_10 : Operation 800 [1/2] ( I:2.32ns O:2.32ns )   --->   "%p_ZL12conv3_weight_8_load = load i5 %p_ZL12conv3_weight_8_addr" [cnn_hls.cpp:135]   --->   Operation 800 'load' 'p_ZL12conv3_weight_8_load' <Predicate = true> <Delay = 2.32> <CoreInst = "ROM">   --->   Core 94 'ROM' <Latency = 1> <II = 1> <Delay = 2.32> <Storage> <Opcode : 'load'> <Ports = 0> <Width = 8> <Depth = 32> <ROM>
ST_10 : Operation 801 [1/1] (0.00ns)   --->   "%sext_ln135_49 = sext i8 %p_ZL12conv3_weight_8_load" [cnn_hls.cpp:135]   --->   Operation 801 'sext' 'sext_ln135_49' <Predicate = true> <Delay = 0.00>
ST_10 : Operation 802 [1/2] ( I:2.32ns O:2.32ns )   --->   "%p_ZL12conv3_weight_11_load = load i5 %p_ZL12conv3_weight_11_addr" [cnn_hls.cpp:135]   --->   Operation 802 'load' 'p_ZL12conv3_weight_11_load' <Predicate = true> <Delay = 2.32> <CoreInst = "ROM">   --->   Core 94 'ROM' <Latency = 1> <II = 1> <Delay = 2.32> <Storage> <Opcode : 'load'> <Ports = 0> <Width = 8> <Depth = 32> <ROM>
ST_10 : Operation 803 [1/1] (0.00ns)   --->   "%sext_ln135_50 = sext i8 %p_ZL12conv3_weight_11_load" [cnn_hls.cpp:135]   --->   Operation 803 'sext' 'sext_ln135_50' <Predicate = true> <Delay = 0.00>
ST_10 : Operation 804 [1/2] ( I:2.32ns O:2.32ns )   --->   "%p_ZL12conv3_weight_17_load = load i5 %p_ZL12conv3_weight_17_addr" [cnn_hls.cpp:135]   --->   Operation 804 'load' 'p_ZL12conv3_weight_17_load' <Predicate = true> <Delay = 2.32> <CoreInst = "ROM">   --->   Core 94 'ROM' <Latency = 1> <II = 1> <Delay = 2.32> <Storage> <Opcode : 'load'> <Ports = 0> <Width = 8> <Depth = 32> <ROM>
ST_10 : Operation 805 [1/2] ( I:2.32ns O:2.32ns )   --->   "%p_ZL12conv3_weight_20_load = load i5 %p_ZL12conv3_weight_20_addr" [cnn_hls.cpp:135]   --->   Operation 805 'load' 'p_ZL12conv3_weight_20_load' <Predicate = true> <Delay = 2.32> <CoreInst = "ROM">   --->   Core 94 'ROM' <Latency = 1> <II = 1> <Delay = 2.32> <Storage> <Opcode : 'load'> <Ports = 0> <Width = 8> <Depth = 32> <ROM>
ST_10 : Operation 806 [1/2] ( I:2.32ns O:2.32ns )   --->   "%p_ZL12conv3_weight_2_load_1 = load i5 %p_ZL12conv3_weight_2_addr_1" [cnn_hls.cpp:135]   --->   Operation 806 'load' 'p_ZL12conv3_weight_2_load_1' <Predicate = true> <Delay = 2.32> <CoreInst = "ROM">   --->   Core 94 'ROM' <Latency = 1> <II = 1> <Delay = 2.32> <Storage> <Opcode : 'load'> <Ports = 0> <Width = 8> <Depth = 32> <ROM>
ST_10 : Operation 807 [1/1] (0.00ns)   --->   "%sext_ln135_55 = sext i8 %p_ZL12conv3_weight_2_load_1" [cnn_hls.cpp:135]   --->   Operation 807 'sext' 'sext_ln135_55' <Predicate = true> <Delay = 0.00>
ST_10 : Operation 808 [1/1] (0.00ns)   --->   "%p_ZL12conv3_weight_5_addr_1 = getelementptr i8 %p_ZL12conv3_weight_5, i64 0, i64 %zext_ln135_1" [cnn_hls.cpp:135]   --->   Operation 808 'getelementptr' 'p_ZL12conv3_weight_5_addr_1' <Predicate = true> <Delay = 0.00>
ST_10 : Operation 809 [2/2] (2.32ns)   --->   "%p_ZL12conv3_weight_5_load_1 = load i5 %p_ZL12conv3_weight_5_addr_1" [cnn_hls.cpp:135]   --->   Operation 809 'load' 'p_ZL12conv3_weight_5_load_1' <Predicate = true> <Delay = 2.32> <CoreInst = "ROM">   --->   Core 94 'ROM' <Latency = 1> <II = 1> <Delay = 2.32> <Storage> <Opcode : 'load'> <Ports = 0> <Width = 8> <Depth = 32> <ROM>
ST_10 : Operation 810 [1/1] (0.00ns)   --->   "%p_ZL12conv3_weight_14_addr_1 = getelementptr i8 %p_ZL12conv3_weight_14, i64 0, i64 %zext_ln135_1" [cnn_hls.cpp:135]   --->   Operation 810 'getelementptr' 'p_ZL12conv3_weight_14_addr_1' <Predicate = true> <Delay = 0.00>
ST_10 : Operation 811 [2/2] (2.32ns)   --->   "%p_ZL12conv3_weight_14_load_1 = load i5 %p_ZL12conv3_weight_14_addr_1" [cnn_hls.cpp:135]   --->   Operation 811 'load' 'p_ZL12conv3_weight_14_load_1' <Predicate = true> <Delay = 2.32> <CoreInst = "ROM">   --->   Core 94 'ROM' <Latency = 1> <II = 1> <Delay = 2.32> <Storage> <Opcode : 'load'> <Ports = 0> <Width = 8> <Depth = 32> <ROM>
ST_10 : Operation 812 [1/1] (0.00ns)   --->   "%p_ZL12conv3_weight_17_addr_1 = getelementptr i8 %p_ZL12conv3_weight_17, i64 0, i64 %zext_ln135_1" [cnn_hls.cpp:135]   --->   Operation 812 'getelementptr' 'p_ZL12conv3_weight_17_addr_1' <Predicate = true> <Delay = 0.00>
ST_10 : Operation 813 [2/2] (2.32ns)   --->   "%p_ZL12conv3_weight_17_load_1 = load i5 %p_ZL12conv3_weight_17_addr_1" [cnn_hls.cpp:135]   --->   Operation 813 'load' 'p_ZL12conv3_weight_17_load_1' <Predicate = true> <Delay = 2.32> <CoreInst = "ROM">   --->   Core 94 'ROM' <Latency = 1> <II = 1> <Delay = 2.32> <Storage> <Opcode : 'load'> <Ports = 0> <Width = 8> <Depth = 32> <ROM>
ST_10 : Operation 814 [1/2] ( I:2.32ns O:2.32ns )   --->   "%p_ZL12conv3_weight_20_load_1 = load i5 %p_ZL12conv3_weight_20_addr_1" [cnn_hls.cpp:135]   --->   Operation 814 'load' 'p_ZL12conv3_weight_20_load_1' <Predicate = true> <Delay = 2.32> <CoreInst = "ROM">   --->   Core 94 'ROM' <Latency = 1> <II = 1> <Delay = 2.32> <Storage> <Opcode : 'load'> <Ports = 0> <Width = 8> <Depth = 32> <ROM>
ST_10 : Operation 815 [1/1] (0.00ns)   --->   "%sext_ln132_1 = sext i8 %p_ZL12conv3_weight_20_load_1" [cnn_hls.cpp:132]   --->   Operation 815 'sext' 'sext_ln132_1' <Predicate = true> <Delay = 0.00>
ST_10 : Operation 816 [1/1] (0.00ns)   --->   "%x141_0_2_14814_cast = zext i7 %x141_0_2_14814" [cnn_hls.cpp:131]   --->   Operation 816 'zext' 'x141_0_2_14814_cast' <Predicate = true> <Delay = 0.00>
ST_10 : Operation 817 [1/1] (0.00ns)   --->   "%x141_0_2_8739740759762783788811_cast = zext i7 %x141_0_2_8739740759762783788811" [cnn_hls.cpp:131]   --->   Operation 817 'zext' 'x141_0_2_8739740759762783788811_cast' <Predicate = true> <Delay = 0.00>
ST_10 : Operation 818 [1/1] (0.00ns)   --->   "%x141_0_2_2700701708711720725736743756765780791808_cast = zext i7 %x141_0_2_2700701708711720725736743756765780791808" [cnn_hls.cpp:131]   --->   Operation 818 'zext' 'x141_0_2_2700701708711720725736743756765780791808_cast' <Predicate = true> <Delay = 0.00>
ST_10 : Operation 819 [1/1] (0.00ns)   --->   "%x141_0_2_3704705714717728733746753768777794805_cast = zext i7 %x141_0_2_3704705714717728733746753768777794805" [cnn_hls.cpp:131]   --->   Operation 819 'zext' 'x141_0_2_3704705714717728733746753768777794805_cast' <Predicate = true> <Delay = 0.00>
ST_10 : Operation 820 [2/3] (1.05ns) (grouped into DSP with root node add_ln135_42)   --->   "%mul_ln135_33 = mul i15 %zext_ln129_1, i15 %sext_ln135_61" [cnn_hls.cpp:135]   --->   Operation 820 'mul' 'mul_ln135_33' <Predicate = true> <Delay = 1.05> <CoreInst = "DSP48">   --->   Core 116 'DSP48' <Latency = 3> <II = 1> <Delay = 2.15> <IPBlock> <Opcode : 'add' 'sub' 'mul' 'select'> <InPorts = 0> <OutPorts = 1> <Sync> <CReg>
ST_10 : Operation 821 [3/3] (1.05ns) (grouped into DSP with root node add_ln135_31)   --->   "%mul_ln135_34 = mul i15 %x141_0_2_14814_cast, i15 %sext_ln132_1" [cnn_hls.cpp:135]   --->   Operation 821 'mul' 'mul_ln135_34' <Predicate = true> <Delay = 1.05> <CoreInst = "DSP48">   --->   Core 116 'DSP48' <Latency = 3> <II = 1> <Delay = 2.15> <IPBlock> <Opcode : 'add' 'sub' 'mul' 'select'> <InPorts = 0> <OutPorts = 1> <Sync> <CReg>
ST_10 : Operation 822 [2/3] (1.05ns) (grouped into DSP with root node add_ln135_41)   --->   "%mul_ln135_37 = mul i15 %x141_0_2_11772773798801_cast, i15 %sext_ln135_58" [cnn_hls.cpp:135]   --->   Operation 822 'mul' 'mul_ln135_37' <Predicate = true> <Delay = 1.05> <CoreInst = "DSP48">   --->   Core 116 'DSP48' <Latency = 3> <II = 1> <Delay = 2.15> <IPBlock> <Opcode : 'add' 'sub' 'mul' 'select'> <InPorts = 0> <OutPorts = 1> <Sync> <CReg>
ST_10 : Operation 823 [2/3] (1.05ns) (grouped into DSP with root node add_ln135_30)   --->   "%mul_ln135_38 = mul i15 %x141_0_2_10760761784787812_cast, i15 %sext_ln135_57" [cnn_hls.cpp:135]   --->   Operation 823 'mul' 'mul_ln135_38' <Predicate = true> <Delay = 1.05> <CoreInst = "DSP48">   --->   Core 116 'DSP48' <Latency = 3> <II = 1> <Delay = 2.15> <IPBlock> <Opcode : 'add' 'sub' 'mul' 'select'> <InPorts = 0> <OutPorts = 1> <Sync> <CReg>
ST_10 : Operation 824 [3/3] (1.05ns) (grouped into DSP with root node add_ln135_35)   --->   "%mul_ln135_40 = mul i15 %x141_0_2_8739740759762783788811_cast, i15 %sext_ln135_55" [cnn_hls.cpp:135]   --->   Operation 824 'mul' 'mul_ln135_40' <Predicate = true> <Delay = 1.05> <CoreInst = "DSP48">   --->   Core 116 'DSP48' <Latency = 3> <II = 1> <Delay = 2.15> <IPBlock> <Opcode : 'add' 'sub' 'mul' 'select'> <InPorts = 0> <OutPorts = 1> <Sync> <CReg>
ST_10 : Operation 825 [2/3] (1.05ns) (grouped into DSP with root node add_ln135_39)   --->   "%mul_ln135_41 = mul i15 %x141_0_2_7730731748751770775796803_cast, i15 %sext_ln135_54" [cnn_hls.cpp:135]   --->   Operation 825 'mul' 'mul_ln135_41' <Predicate = true> <Delay = 1.05> <CoreInst = "DSP48">   --->   Core 116 'DSP48' <Latency = 3> <II = 1> <Delay = 2.15> <IPBlock> <Opcode : 'add' 'sub' 'mul' 'select'> <InPorts = 0> <OutPorts = 1> <Sync> <CReg>
ST_10 : Operation 826 [2/3] (1.05ns) (grouped into DSP with root node add_ln135_34)   --->   "%mul_ln135_44 = mul i15 %x141_0_2_4709710721724737742757764781790809_cast, i15 %sext_ln135_51" [cnn_hls.cpp:135]   --->   Operation 826 'mul' 'mul_ln135_44' <Predicate = true> <Delay = 1.05> <CoreInst = "DSP48">   --->   Core 116 'DSP48' <Latency = 3> <II = 1> <Delay = 2.15> <IPBlock> <Opcode : 'add' 'sub' 'mul' 'select'> <InPorts = 0> <OutPorts = 1> <Sync> <CReg>
ST_10 : Operation 827 [3/3] (1.05ns) (grouped into DSP with root node add_ln135_40)   --->   "%mul_ln135_45 = mul i15 %x141_0_2_3704705714717728733746753768777794805_cast, i15 %sext_ln135_50" [cnn_hls.cpp:135]   --->   Operation 827 'mul' 'mul_ln135_45' <Predicate = true> <Delay = 1.05> <CoreInst = "DSP48">   --->   Core 116 'DSP48' <Latency = 3> <II = 1> <Delay = 2.15> <IPBlock> <Opcode : 'add' 'sub' 'mul' 'select'> <InPorts = 0> <OutPorts = 1> <Sync> <CReg>
ST_10 : Operation 828 [3/3] (1.05ns) (grouped into DSP with root node add_ln135_37)   --->   "%mul_ln135_46 = mul i15 %x141_0_2_2700701708711720725736743756765780791808_cast, i15 %sext_ln135_49" [cnn_hls.cpp:135]   --->   Operation 828 'mul' 'mul_ln135_46' <Predicate = true> <Delay = 1.05> <CoreInst = "DSP48">   --->   Core 116 'DSP48' <Latency = 3> <II = 1> <Delay = 2.15> <IPBlock> <Opcode : 'add' 'sub' 'mul' 'select'> <InPorts = 0> <OutPorts = 1> <Sync> <CReg>
ST_10 : Operation 829 [2/3] (1.05ns) (grouped into DSP with root node add_ln135_36)   --->   "%mul_ln135_47 = mul i15 %x141_0_2_1697698703706713718727734745754767778793806_cast, i15 %sext_ln135_48" [cnn_hls.cpp:135]   --->   Operation 829 'mul' 'mul_ln135_47' <Predicate = true> <Delay = 1.05> <CoreInst = "DSP48">   --->   Core 116 'DSP48' <Latency = 3> <II = 1> <Delay = 2.15> <IPBlock> <Opcode : 'add' 'sub' 'mul' 'select'> <InPorts = 0> <OutPorts = 1> <Sync> <CReg>

State 11 <SV = 10> <Delay = 8.59>
ST_11 : Operation 830 [1/1] (0.00ns)   --->   "%zext_ln132_2 = zext i7 %x_49" [cnn_hls.cpp:132]   --->   Operation 830 'zext' 'zext_ln132_2' <Predicate = true> <Delay = 0.00>
ST_11 : Operation 831 [1/1] (0.00ns)   --->   "%zext_ln132_5 = zext i7 %x_52" [cnn_hls.cpp:132]   --->   Operation 831 'zext' 'zext_ln132_5' <Predicate = true> <Delay = 0.00>
ST_11 : Operation 832 [1/1] (0.00ns)   --->   "%zext_ln132_8 = zext i7 %x_55" [cnn_hls.cpp:132]   --->   Operation 832 'zext' 'zext_ln132_8' <Predicate = true> <Delay = 0.00>
ST_11 : Operation 833 [1/1] (0.00ns)   --->   "%zext_ln132_11 = zext i7 %x_58" [cnn_hls.cpp:132]   --->   Operation 833 'zext' 'zext_ln132_11' <Predicate = true> <Delay = 0.00>
ST_11 : Operation 834 [1/1] (0.00ns)   --->   "%zext_ln132_14 = zext i7 %x_61" [cnn_hls.cpp:132]   --->   Operation 834 'zext' 'zext_ln132_14' <Predicate = true> <Delay = 0.00>
ST_11 : Operation 835 [1/1] (0.00ns)   --->   "%sext_ln135_2 = sext i8 %p_ZL12conv3_weight_6_load" [cnn_hls.cpp:135]   --->   Operation 835 'sext' 'sext_ln135_2' <Predicate = true> <Delay = 0.00>
ST_11 : Operation 836 [1/1] (0.00ns)   --->   "%sext_ln135_3 = sext i8 %p_ZL12conv3_weight_9_load" [cnn_hls.cpp:135]   --->   Operation 836 'sext' 'sext_ln135_3' <Predicate = true> <Delay = 0.00>
ST_11 : Operation 837 [1/2] ( I:2.32ns O:2.32ns )   --->   "%p_ZL12conv3_weight_0_load_1 = load i5 %p_ZL12conv3_weight_0_addr_1" [cnn_hls.cpp:135]   --->   Operation 837 'load' 'p_ZL12conv3_weight_0_load_1' <Predicate = true> <Delay = 2.32> <CoreInst = "ROM">   --->   Core 94 'ROM' <Latency = 1> <II = 1> <Delay = 2.32> <Storage> <Opcode : 'load'> <Ports = 0> <Width = 8> <Depth = 32> <ROM>
ST_11 : Operation 838 [1/1] (0.00ns)   --->   "%sext_ln135_8 = sext i8 %p_ZL12conv3_weight_0_load_1" [cnn_hls.cpp:135]   --->   Operation 838 'sext' 'sext_ln135_8' <Predicate = true> <Delay = 0.00>
ST_11 : Operation 839 [1/2] ( I:2.32ns O:2.32ns )   --->   "%p_ZL12conv3_weight_3_load_1 = load i5 %p_ZL12conv3_weight_3_addr_1" [cnn_hls.cpp:135]   --->   Operation 839 'load' 'p_ZL12conv3_weight_3_load_1' <Predicate = true> <Delay = 2.32> <CoreInst = "ROM">   --->   Core 94 'ROM' <Latency = 1> <II = 1> <Delay = 2.32> <Storage> <Opcode : 'load'> <Ports = 0> <Width = 8> <Depth = 32> <ROM>
ST_11 : Operation 840 [1/1] (0.00ns)   --->   "%sext_ln135_9 = sext i8 %p_ZL12conv3_weight_3_load_1" [cnn_hls.cpp:135]   --->   Operation 840 'sext' 'sext_ln135_9' <Predicate = true> <Delay = 0.00>
ST_11 : Operation 841 [1/2] ( I:2.32ns O:2.32ns )   --->   "%p_ZL12conv3_weight_18_load_1 = load i5 %p_ZL12conv3_weight_18_addr_1" [cnn_hls.cpp:135]   --->   Operation 841 'load' 'p_ZL12conv3_weight_18_load_1' <Predicate = true> <Delay = 2.32> <CoreInst = "ROM">   --->   Core 94 'ROM' <Latency = 1> <II = 1> <Delay = 2.32> <Storage> <Opcode : 'load'> <Ports = 0> <Width = 8> <Depth = 32> <ROM>
ST_11 : Operation 842 [1/1] (0.00ns)   --->   "%sext_ln132 = sext i8 %p_ZL12conv3_weight_18_load_1" [cnn_hls.cpp:132]   --->   Operation 842 'sext' 'sext_ln132' <Predicate = true> <Delay = 0.00>
ST_11 : Operation 843 [1/1] (0.00ns)   --->   "%x141_0_14933_cast = zext i7 %x141_0_14933" [cnn_hls.cpp:131]   --->   Operation 843 'zext' 'x141_0_14933_cast' <Predicate = true> <Delay = 0.00>
ST_11 : Operation 844 [1/1] (0.00ns)   --->   "%x141_0_8858859878881902907930_cast = zext i7 %x141_0_8858859878881902907930" [cnn_hls.cpp:131]   --->   Operation 844 'zext' 'x141_0_8858859878881902907930_cast' <Predicate = true> <Delay = 0.00>
ST_11 : Operation 845 [1/1] (0.00ns)   --->   "%x141_0_247819820827830839844855862875884899910927_cast = zext i7 %x141_0_247819820827830839844855862875884899910927" [cnn_hls.cpp:131]   --->   Operation 845 'zext' 'x141_0_247819820827830839844855862875884899910927_cast' <Predicate = true> <Delay = 0.00>
ST_11 : Operation 846 [1/1] (0.00ns)   --->   "%x141_0_3823824833836847852865872887896913924_cast = zext i7 %x141_0_3823824833836847852865872887896913924" [cnn_hls.cpp:131]   --->   Operation 846 'zext' 'x141_0_3823824833836847852865872887896913924_cast' <Predicate = true> <Delay = 0.00>
ST_11 : Operation 847 [1/1] (0.00ns)   --->   "%x141_0_9868869890893916921_cast = zext i7 %x141_0_9868869890893916921" [cnn_hls.cpp:131]   --->   Operation 847 'zext' 'x141_0_9868869890893916921_cast' <Predicate = true> <Delay = 0.00>
ST_11 : Operation 848 [1/1] (0.00ns)   --->   "%zext_ln129 = zext i7 %x_79" [cnn_hls.cpp:129]   --->   Operation 848 'zext' 'zext_ln129' <Predicate = true> <Delay = 0.00>
ST_11 : Operation 849 [1/2] ( I:2.32ns O:2.32ns )   --->   "%p_ZL12conv3_weight_21_load_1 = load i5 %p_ZL12conv3_weight_21_addr_1" [cnn_hls.cpp:135]   --->   Operation 849 'load' 'p_ZL12conv3_weight_21_load_1' <Predicate = true> <Delay = 2.32> <CoreInst = "ROM">   --->   Core 94 'ROM' <Latency = 1> <II = 1> <Delay = 2.32> <Storage> <Opcode : 'load'> <Ports = 0> <Width = 8> <Depth = 32> <ROM>
ST_11 : Operation 850 [1/1] (0.00ns)   --->   "%sext_ln129 = sext i8 %p_ZL12conv3_weight_21_load_1" [cnn_hls.cpp:129]   --->   Operation 850 'sext' 'sext_ln129' <Predicate = true> <Delay = 0.00>
ST_11 : Operation 851 [1/1] (0.00ns)   --->   "%sext_ln129_3 = sext i8 %p_ZL12conv3_weight_7_load" [cnn_hls.cpp:129]   --->   Operation 851 'sext' 'sext_ln129_3' <Predicate = true> <Delay = 0.00>
ST_11 : Operation 852 [1/1] (0.00ns)   --->   "%sext_ln129_6 = sext i8 %p_ZL12conv3_weight_16_load" [cnn_hls.cpp:129]   --->   Operation 852 'sext' 'sext_ln129_6' <Predicate = true> <Delay = 0.00>
ST_11 : Operation 853 [1/2] ( I:2.32ns O:2.32ns )   --->   "%p_ZL12conv3_weight_1_load_1 = load i5 %p_ZL12conv3_weight_1_addr_1" [cnn_hls.cpp:135]   --->   Operation 853 'load' 'p_ZL12conv3_weight_1_load_1' <Predicate = true> <Delay = 2.32> <CoreInst = "ROM">   --->   Core 94 'ROM' <Latency = 1> <II = 1> <Delay = 2.32> <Storage> <Opcode : 'load'> <Ports = 0> <Width = 8> <Depth = 32> <ROM>
ST_11 : Operation 854 [1/1] (0.00ns)   --->   "%sext_ln129_9 = sext i8 %p_ZL12conv3_weight_1_load_1" [cnn_hls.cpp:129]   --->   Operation 854 'sext' 'sext_ln129_9' <Predicate = true> <Delay = 0.00>
ST_11 : Operation 855 [1/2] ( I:2.32ns O:2.32ns )   --->   "%p_ZL12conv3_weight_10_load_1 = load i5 %p_ZL12conv3_weight_10_addr_1" [cnn_hls.cpp:135]   --->   Operation 855 'load' 'p_ZL12conv3_weight_10_load_1' <Predicate = true> <Delay = 2.32> <CoreInst = "ROM">   --->   Core 94 'ROM' <Latency = 1> <II = 1> <Delay = 2.32> <Storage> <Opcode : 'load'> <Ports = 0> <Width = 8> <Depth = 32> <ROM>
ST_11 : Operation 856 [1/1] (0.00ns)   --->   "%sext_ln129_12 = sext i8 %p_ZL12conv3_weight_10_load_1" [cnn_hls.cpp:129]   --->   Operation 856 'sext' 'sext_ln129_12' <Predicate = true> <Delay = 0.00>
ST_11 : Operation 857 [1/2] ( I:2.32ns O:2.32ns )   --->   "%p_ZL12conv3_weight_19_load_1 = load i5 %p_ZL12conv3_weight_19_addr_1" [cnn_hls.cpp:135]   --->   Operation 857 'load' 'p_ZL12conv3_weight_19_load_1' <Predicate = true> <Delay = 2.32> <CoreInst = "ROM">   --->   Core 94 'ROM' <Latency = 1> <II = 1> <Delay = 2.32> <Storage> <Opcode : 'load'> <Ports = 0> <Width = 8> <Depth = 32> <ROM>
ST_11 : Operation 858 [1/1] (0.00ns)   --->   "%sext_ln129_15 = sext i8 %p_ZL12conv3_weight_19_load_1" [cnn_hls.cpp:129]   --->   Operation 858 'sext' 'sext_ln129_15' <Predicate = true> <Delay = 0.00>
ST_11 : Operation 859 [1/3] (0.00ns) (grouped into DSP with root node add_ln135_5)   --->   "%mul_ln135 = mul i15 %x141_0694815818821826831838845854863874885898911926_cast, i15 %sext_ln135" [cnn_hls.cpp:135]   --->   Operation 859 'mul' 'mul_ln135' <Predicate = true> <Delay = 0.00> <CoreInst = "DSP48">   --->   Core 116 'DSP48' <Latency = 3> <II = 1> <Delay = 2.15> <IPBlock> <Opcode : 'add' 'sub' 'mul' 'select'> <InPorts = 0> <OutPorts = 1> <Sync> <CReg>
ST_11 : Operation 860 [1/1] (0.00ns) (grouped into DSP with root node add_ln135_5)   --->   "%sext_ln135_15 = sext i15 %mul_ln135" [cnn_hls.cpp:135]   --->   Operation 860 'sext' 'sext_ln135_15' <Predicate = true> <Delay = 0.00>
ST_11 : Operation 861 [1/3] (0.00ns) (grouped into DSP with root node add_ln135_28)   --->   "%mul_ln135_1 = mul i15 %sext_ln135_14, i15 %zext_ln139" [cnn_hls.cpp:135]   --->   Operation 861 'mul' 'mul_ln135_1' <Predicate = true> <Delay = 0.00> <CoreInst = "DSP48">   --->   Core 116 'DSP48' <Latency = 3> <II = 1> <Delay = 2.15> <IPBlock> <Opcode : 'add' 'sub' 'mul' 'select'> <InPorts = 0> <OutPorts = 1> <Sync> <CReg>
ST_11 : Operation 862 [1/1] (0.00ns) (grouped into DSP with root node add_ln135_28)   --->   "%sext_ln135_16 = sext i15 %mul_ln135_1" [cnn_hls.cpp:135]   --->   Operation 862 'sext' 'sext_ln135_16' <Predicate = true> <Delay = 0.00>
ST_11 : Operation 863 [1/1] (4.17ns)   --->   "%mul_ln135_2 = mul i15 %sext_ln129_15, i15 %zext_ln132_14" [cnn_hls.cpp:135]   --->   Operation 863 'mul' 'mul_ln135_2' <Predicate = true> <Delay = 4.17> <CoreInst = "Multiplier">   --->   Core 3 'Multiplier' <Latency = 0> <II = 1> <Delay = 4.17> <FuncUnit> <Opcode : 'mul'> <InPorts = 2> <OutPorts = 1>
ST_11 : Operation 864 [1/1] (0.00ns)   --->   "%sext_ln135_17 = sext i15 %mul_ln135_2" [cnn_hls.cpp:135]   --->   Operation 864 'sext' 'sext_ln135_17' <Predicate = true> <Delay = 0.00>
ST_11 : Operation 865 [2/3] (1.05ns) (grouped into DSP with root node add_ln135_29)   --->   "%mul_ln135_3 = mul i15 %sext_ln129_14, i15 %zext_ln132_13" [cnn_hls.cpp:135]   --->   Operation 865 'mul' 'mul_ln135_3' <Predicate = true> <Delay = 1.05> <CoreInst = "DSP48">   --->   Core 116 'DSP48' <Latency = 3> <II = 1> <Delay = 2.15> <IPBlock> <Opcode : 'add' 'sub' 'mul' 'select'> <InPorts = 0> <OutPorts = 1> <Sync> <CReg>
ST_11 : Operation 866 [1/3] (0.00ns) (grouped into DSP with root node add_ln135_25)   --->   "%mul_ln135_4 = mul i15 %sext_ln129_13, i15 %zext_ln132_12" [cnn_hls.cpp:135]   --->   Operation 866 'mul' 'mul_ln135_4' <Predicate = true> <Delay = 0.00> <CoreInst = "DSP48">   --->   Core 116 'DSP48' <Latency = 3> <II = 1> <Delay = 2.15> <IPBlock> <Opcode : 'add' 'sub' 'mul' 'select'> <InPorts = 0> <OutPorts = 1> <Sync> <CReg>
ST_11 : Operation 867 [1/1] (0.00ns) (grouped into DSP with root node add_ln135_25)   --->   "%sext_ln135_19 = sext i15 %mul_ln135_4" [cnn_hls.cpp:135]   --->   Operation 867 'sext' 'sext_ln135_19' <Predicate = true> <Delay = 0.00>
ST_11 : Operation 868 [1/1] (4.17ns)   --->   "%mul_ln135_5 = mul i15 %sext_ln129_12, i15 %zext_ln132_11" [cnn_hls.cpp:135]   --->   Operation 868 'mul' 'mul_ln135_5' <Predicate = true> <Delay = 4.17> <CoreInst = "Multiplier">   --->   Core 3 'Multiplier' <Latency = 0> <II = 1> <Delay = 4.17> <FuncUnit> <Opcode : 'mul'> <InPorts = 2> <OutPorts = 1>
ST_11 : Operation 869 [1/1] (0.00ns)   --->   "%sext_ln135_20 = sext i15 %mul_ln135_5" [cnn_hls.cpp:135]   --->   Operation 869 'sext' 'sext_ln135_20' <Predicate = true> <Delay = 0.00>
ST_11 : Operation 870 [2/3] (1.05ns) (grouped into DSP with root node add_ln135_26)   --->   "%mul_ln135_6 = mul i15 %sext_ln129_11, i15 %zext_ln132_10" [cnn_hls.cpp:135]   --->   Operation 870 'mul' 'mul_ln135_6' <Predicate = true> <Delay = 1.05> <CoreInst = "DSP48">   --->   Core 116 'DSP48' <Latency = 3> <II = 1> <Delay = 2.15> <IPBlock> <Opcode : 'add' 'sub' 'mul' 'select'> <InPorts = 0> <OutPorts = 1> <Sync> <CReg>
ST_11 : Operation 871 [1/3] (0.00ns) (grouped into DSP with root node add_ln135_23)   --->   "%mul_ln135_7 = mul i15 %sext_ln129_10, i15 %zext_ln132_9" [cnn_hls.cpp:135]   --->   Operation 871 'mul' 'mul_ln135_7' <Predicate = true> <Delay = 0.00> <CoreInst = "DSP48">   --->   Core 116 'DSP48' <Latency = 3> <II = 1> <Delay = 2.15> <IPBlock> <Opcode : 'add' 'sub' 'mul' 'select'> <InPorts = 0> <OutPorts = 1> <Sync> <CReg>
ST_11 : Operation 872 [1/1] (0.00ns) (grouped into DSP with root node add_ln135_23)   --->   "%sext_ln135_22 = sext i15 %mul_ln135_7" [cnn_hls.cpp:135]   --->   Operation 872 'sext' 'sext_ln135_22' <Predicate = true> <Delay = 0.00>
ST_11 : Operation 873 [1/1] (4.17ns)   --->   "%mul_ln135_8 = mul i15 %sext_ln129_9, i15 %zext_ln132_8" [cnn_hls.cpp:135]   --->   Operation 873 'mul' 'mul_ln135_8' <Predicate = true> <Delay = 4.17> <CoreInst = "Multiplier">   --->   Core 3 'Multiplier' <Latency = 0> <II = 1> <Delay = 4.17> <FuncUnit> <Opcode : 'mul'> <InPorts = 2> <OutPorts = 1>
ST_11 : Operation 874 [1/1] (0.00ns)   --->   "%sext_ln135_23 = sext i15 %mul_ln135_8" [cnn_hls.cpp:135]   --->   Operation 874 'sext' 'sext_ln135_23' <Predicate = true> <Delay = 0.00>
ST_11 : Operation 875 [2/3] (1.05ns) (grouped into DSP with root node add_ln135_24)   --->   "%mul_ln135_9 = mul i15 %sext_ln129_8, i15 %zext_ln132_7" [cnn_hls.cpp:135]   --->   Operation 875 'mul' 'mul_ln135_9' <Predicate = true> <Delay = 1.05> <CoreInst = "DSP48">   --->   Core 116 'DSP48' <Latency = 3> <II = 1> <Delay = 2.15> <IPBlock> <Opcode : 'add' 'sub' 'mul' 'select'> <InPorts = 0> <OutPorts = 1> <Sync> <CReg>
ST_11 : Operation 876 [1/3] (0.00ns) (grouped into DSP with root node add_ln135_18)   --->   "%mul_ln135_10 = mul i15 %sext_ln129_7, i15 %zext_ln132_6" [cnn_hls.cpp:135]   --->   Operation 876 'mul' 'mul_ln135_10' <Predicate = true> <Delay = 0.00> <CoreInst = "DSP48">   --->   Core 116 'DSP48' <Latency = 3> <II = 1> <Delay = 2.15> <IPBlock> <Opcode : 'add' 'sub' 'mul' 'select'> <InPorts = 0> <OutPorts = 1> <Sync> <CReg>
ST_11 : Operation 877 [1/1] (0.00ns) (grouped into DSP with root node add_ln135_18)   --->   "%sext_ln135_25 = sext i15 %mul_ln135_10" [cnn_hls.cpp:135]   --->   Operation 877 'sext' 'sext_ln135_25' <Predicate = true> <Delay = 0.00>
ST_11 : Operation 878 [1/1] (4.17ns)   --->   "%mul_ln135_11 = mul i15 %sext_ln129_6, i15 %zext_ln132_5" [cnn_hls.cpp:135]   --->   Operation 878 'mul' 'mul_ln135_11' <Predicate = true> <Delay = 4.17> <CoreInst = "Multiplier">   --->   Core 3 'Multiplier' <Latency = 0> <II = 1> <Delay = 4.17> <FuncUnit> <Opcode : 'mul'> <InPorts = 2> <OutPorts = 1>
ST_11 : Operation 879 [1/1] (0.00ns)   --->   "%sext_ln135_26 = sext i15 %mul_ln135_11" [cnn_hls.cpp:135]   --->   Operation 879 'sext' 'sext_ln135_26' <Predicate = true> <Delay = 0.00>
ST_11 : Operation 880 [2/3] (1.05ns) (grouped into DSP with root node add_ln135_19)   --->   "%mul_ln135_12 = mul i15 %sext_ln129_5, i15 %zext_ln132_4" [cnn_hls.cpp:135]   --->   Operation 880 'mul' 'mul_ln135_12' <Predicate = true> <Delay = 1.05> <CoreInst = "DSP48">   --->   Core 116 'DSP48' <Latency = 3> <II = 1> <Delay = 2.15> <IPBlock> <Opcode : 'add' 'sub' 'mul' 'select'> <InPorts = 0> <OutPorts = 1> <Sync> <CReg>
ST_11 : Operation 881 [1/3] (0.00ns) (grouped into DSP with root node add_ln135_16)   --->   "%mul_ln135_13 = mul i15 %sext_ln129_4, i15 %zext_ln132_3" [cnn_hls.cpp:135]   --->   Operation 881 'mul' 'mul_ln135_13' <Predicate = true> <Delay = 0.00> <CoreInst = "DSP48">   --->   Core 116 'DSP48' <Latency = 3> <II = 1> <Delay = 2.15> <IPBlock> <Opcode : 'add' 'sub' 'mul' 'select'> <InPorts = 0> <OutPorts = 1> <Sync> <CReg>
ST_11 : Operation 882 [1/1] (0.00ns) (grouped into DSP with root node add_ln135_16)   --->   "%sext_ln135_28 = sext i15 %mul_ln135_13" [cnn_hls.cpp:135]   --->   Operation 882 'sext' 'sext_ln135_28' <Predicate = true> <Delay = 0.00>
ST_11 : Operation 883 [1/1] (4.17ns)   --->   "%mul_ln135_14 = mul i15 %sext_ln129_3, i15 %zext_ln132_2" [cnn_hls.cpp:135]   --->   Operation 883 'mul' 'mul_ln135_14' <Predicate = true> <Delay = 4.17> <CoreInst = "Multiplier">   --->   Core 3 'Multiplier' <Latency = 0> <II = 1> <Delay = 4.17> <FuncUnit> <Opcode : 'mul'> <InPorts = 2> <OutPorts = 1>
ST_11 : Operation 884 [1/1] (0.00ns)   --->   "%sext_ln135_29 = sext i15 %mul_ln135_14" [cnn_hls.cpp:135]   --->   Operation 884 'sext' 'sext_ln135_29' <Predicate = true> <Delay = 0.00>
ST_11 : Operation 885 [2/3] (1.05ns) (grouped into DSP with root node add_ln135_17)   --->   "%mul_ln135_15 = mul i15 %sext_ln129_2, i15 %zext_ln132_1" [cnn_hls.cpp:135]   --->   Operation 885 'mul' 'mul_ln135_15' <Predicate = true> <Delay = 1.05> <CoreInst = "DSP48">   --->   Core 116 'DSP48' <Latency = 3> <II = 1> <Delay = 2.15> <IPBlock> <Opcode : 'add' 'sub' 'mul' 'select'> <InPorts = 0> <OutPorts = 1> <Sync> <CReg>
ST_11 : Operation 886 [1/3] (0.00ns) (grouped into DSP with root node add_ln135_13)   --->   "%mul_ln135_16 = mul i15 %sext_ln129_1, i15 %zext_ln132" [cnn_hls.cpp:135]   --->   Operation 886 'mul' 'mul_ln135_16' <Predicate = true> <Delay = 0.00> <CoreInst = "DSP48">   --->   Core 116 'DSP48' <Latency = 3> <II = 1> <Delay = 2.15> <IPBlock> <Opcode : 'add' 'sub' 'mul' 'select'> <InPorts = 0> <OutPorts = 1> <Sync> <CReg>
ST_11 : Operation 887 [1/1] (0.00ns) (grouped into DSP with root node add_ln135_13)   --->   "%sext_ln135_31 = sext i15 %mul_ln135_16" [cnn_hls.cpp:135]   --->   Operation 887 'sext' 'sext_ln135_31' <Predicate = true> <Delay = 0.00>
ST_11 : Operation 888 [1/1] (4.17ns)   --->   "%mul_ln135_17 = mul i15 %zext_ln129, i15 %sext_ln129" [cnn_hls.cpp:135]   --->   Operation 888 'mul' 'mul_ln135_17' <Predicate = true> <Delay = 4.17> <CoreInst = "Multiplier">   --->   Core 3 'Multiplier' <Latency = 0> <II = 1> <Delay = 4.17> <FuncUnit> <Opcode : 'mul'> <InPorts = 2> <OutPorts = 1>
ST_11 : Operation 889 [1/1] (0.00ns)   --->   "%sext_ln135_32 = sext i15 %mul_ln135_17" [cnn_hls.cpp:135]   --->   Operation 889 'sext' 'sext_ln135_32' <Predicate = true> <Delay = 0.00>
ST_11 : Operation 890 [1/1] (4.17ns)   --->   "%mul_ln135_18 = mul i15 %x141_0_14933_cast, i15 %sext_ln132" [cnn_hls.cpp:135]   --->   Operation 890 'mul' 'mul_ln135_18' <Predicate = true> <Delay = 4.17> <CoreInst = "Multiplier">   --->   Core 3 'Multiplier' <Latency = 0> <II = 1> <Delay = 4.17> <FuncUnit> <Opcode : 'mul'> <InPorts = 2> <OutPorts = 1>
ST_11 : Operation 891 [1/1] (0.00ns)   --->   "%sext_ln135_33 = sext i15 %mul_ln135_18" [cnn_hls.cpp:135]   --->   Operation 891 'sext' 'sext_ln135_33' <Predicate = true> <Delay = 0.00>
ST_11 : Operation 892 [2/3] (1.05ns) (grouped into DSP with root node add_ln135_14)   --->   "%mul_ln135_19 = mul i15 %x141_0_13918919_cast, i15 %sext_ln135_13" [cnn_hls.cpp:135]   --->   Operation 892 'mul' 'mul_ln135_19' <Predicate = true> <Delay = 1.05> <CoreInst = "DSP48">   --->   Core 116 'DSP48' <Latency = 3> <II = 1> <Delay = 2.15> <IPBlock> <Opcode : 'add' 'sub' 'mul' 'select'> <InPorts = 0> <OutPorts = 1> <Sync> <CReg>
ST_11 : Operation 893 [1/3] (0.00ns) (grouped into DSP with root node add_ln135)   --->   "%mul_ln135_20 = mul i15 %x141_0_12904905932_cast, i15 %sext_ln135_12" [cnn_hls.cpp:135]   --->   Operation 893 'mul' 'mul_ln135_20' <Predicate = true> <Delay = 0.00> <CoreInst = "DSP48">   --->   Core 116 'DSP48' <Latency = 3> <II = 1> <Delay = 2.15> <IPBlock> <Opcode : 'add' 'sub' 'mul' 'select'> <InPorts = 0> <OutPorts = 1> <Sync> <CReg>
ST_11 : Operation 894 [1/1] (0.00ns) (grouped into DSP with root node add_ln135)   --->   "%sext_ln135_35 = sext i15 %mul_ln135_20" [cnn_hls.cpp:135]   --->   Operation 894 'sext' 'sext_ln135_35' <Predicate = true> <Delay = 0.00>
ST_11 : Operation 895 [1/3] (0.00ns) (grouped into DSP with root node add_ln135_11)   --->   "%mul_ln135_21 = mul i15 %x141_0_11891892917920_cast, i15 %sext_ln135_11" [cnn_hls.cpp:135]   --->   Operation 895 'mul' 'mul_ln135_21' <Predicate = true> <Delay = 0.00> <CoreInst = "DSP48">   --->   Core 116 'DSP48' <Latency = 3> <II = 1> <Delay = 2.15> <IPBlock> <Opcode : 'add' 'sub' 'mul' 'select'> <InPorts = 0> <OutPorts = 1> <Sync> <CReg>
ST_11 : Operation 896 [1/1] (0.00ns) (grouped into DSP with root node add_ln135_11)   --->   "%sext_ln135_36 = sext i15 %mul_ln135_21" [cnn_hls.cpp:135]   --->   Operation 896 'sext' 'sext_ln135_36' <Predicate = true> <Delay = 0.00>
ST_11 : Operation 897 [2/3] (1.05ns) (grouped into DSP with root node add_ln135_3)   --->   "%mul_ln135_22 = mul i15 %x141_0_10879880903906931_cast, i15 %sext_ln135_10" [cnn_hls.cpp:135]   --->   Operation 897 'mul' 'mul_ln135_22' <Predicate = true> <Delay = 1.05> <CoreInst = "DSP48">   --->   Core 116 'DSP48' <Latency = 3> <II = 1> <Delay = 2.15> <IPBlock> <Opcode : 'add' 'sub' 'mul' 'select'> <InPorts = 0> <OutPorts = 1> <Sync> <CReg>
ST_11 : Operation 898 [1/1] (4.17ns)   --->   "%mul_ln135_23 = mul i15 %x141_0_9868869890893916921_cast, i15 %sext_ln135_9" [cnn_hls.cpp:135]   --->   Operation 898 'mul' 'mul_ln135_23' <Predicate = true> <Delay = 4.17> <CoreInst = "Multiplier">   --->   Core 3 'Multiplier' <Latency = 0> <II = 1> <Delay = 4.17> <FuncUnit> <Opcode : 'mul'> <InPorts = 2> <OutPorts = 1>
ST_11 : Operation 899 [1/1] (0.00ns)   --->   "%sext_ln135_38 = sext i15 %mul_ln135_23" [cnn_hls.cpp:135]   --->   Operation 899 'sext' 'sext_ln135_38' <Predicate = true> <Delay = 0.00>
ST_11 : Operation 900 [1/1] (4.17ns)   --->   "%mul_ln135_24 = mul i15 %x141_0_8858859878881902907930_cast, i15 %sext_ln135_8" [cnn_hls.cpp:135]   --->   Operation 900 'mul' 'mul_ln135_24' <Predicate = true> <Delay = 4.17> <CoreInst = "Multiplier">   --->   Core 3 'Multiplier' <Latency = 0> <II = 1> <Delay = 4.17> <FuncUnit> <Opcode : 'mul'> <InPorts = 2> <OutPorts = 1>
ST_11 : Operation 901 [1/1] (0.00ns)   --->   "%sext_ln135_39 = sext i15 %mul_ln135_24" [cnn_hls.cpp:135]   --->   Operation 901 'sext' 'sext_ln135_39' <Predicate = true> <Delay = 0.00>
ST_11 : Operation 902 [2/3] (1.05ns) (grouped into DSP with root node add_ln135_12)   --->   "%mul_ln135_25 = mul i15 %x141_0_7849850867870889894915922_cast, i15 %sext_ln135_7" [cnn_hls.cpp:135]   --->   Operation 902 'mul' 'mul_ln135_25' <Predicate = true> <Delay = 1.05> <CoreInst = "DSP48">   --->   Core 116 'DSP48' <Latency = 3> <II = 1> <Delay = 2.15> <IPBlock> <Opcode : 'add' 'sub' 'mul' 'select'> <InPorts = 0> <OutPorts = 1> <Sync> <CReg>
ST_11 : Operation 903 [1/3] (0.00ns) (grouped into DSP with root node add_ln135_2)   --->   "%mul_ln135_26 = mul i15 %x141_0_6841842857860877882901908929_cast, i15 %sext_ln135_6" [cnn_hls.cpp:135]   --->   Operation 903 'mul' 'mul_ln135_26' <Predicate = true> <Delay = 0.00> <CoreInst = "DSP48">   --->   Core 116 'DSP48' <Latency = 3> <II = 1> <Delay = 2.15> <IPBlock> <Opcode : 'add' 'sub' 'mul' 'select'> <InPorts = 0> <OutPorts = 1> <Sync> <CReg>
ST_11 : Operation 904 [1/1] (0.00ns) (grouped into DSP with root node add_ln135_2)   --->   "%sext_ln135_41 = sext i15 %mul_ln135_26" [cnn_hls.cpp:135]   --->   Operation 904 'sext' 'sext_ln135_41' <Predicate = true> <Delay = 0.00>
ST_11 : Operation 905 [1/3] (0.00ns) (grouped into DSP with root node add_ln135_7)   --->   "%mul_ln135_27 = mul i15 %x141_0_5834835848851866871888895914923_cast, i15 %sext_ln135_5" [cnn_hls.cpp:135]   --->   Operation 905 'mul' 'mul_ln135_27' <Predicate = true> <Delay = 0.00> <CoreInst = "DSP48">   --->   Core 116 'DSP48' <Latency = 3> <II = 1> <Delay = 2.15> <IPBlock> <Opcode : 'add' 'sub' 'mul' 'select'> <InPorts = 0> <OutPorts = 1> <Sync> <CReg>
ST_11 : Operation 906 [1/1] (0.00ns) (grouped into DSP with root node add_ln135_7)   --->   "%sext_ln135_42 = sext i15 %mul_ln135_27" [cnn_hls.cpp:135]   --->   Operation 906 'sext' 'sext_ln135_42' <Predicate = true> <Delay = 0.00>
ST_11 : Operation 907 [2/3] (1.05ns) (grouped into DSP with root node add_ln135_6)   --->   "%mul_ln135_28 = mul i15 %x141_0_4828829840843856861876883900909928_cast, i15 %sext_ln135_4" [cnn_hls.cpp:135]   --->   Operation 907 'mul' 'mul_ln135_28' <Predicate = true> <Delay = 1.05> <CoreInst = "DSP48">   --->   Core 116 'DSP48' <Latency = 3> <II = 1> <Delay = 2.15> <IPBlock> <Opcode : 'add' 'sub' 'mul' 'select'> <InPorts = 0> <OutPorts = 1> <Sync> <CReg>
ST_11 : Operation 908 [1/1] (4.17ns)   --->   "%mul_ln135_29 = mul i15 %x141_0_3823824833836847852865872887896913924_cast, i15 %sext_ln135_3" [cnn_hls.cpp:135]   --->   Operation 908 'mul' 'mul_ln135_29' <Predicate = true> <Delay = 4.17> <CoreInst = "Multiplier">   --->   Core 3 'Multiplier' <Latency = 0> <II = 1> <Delay = 4.17> <FuncUnit> <Opcode : 'mul'> <InPorts = 2> <OutPorts = 1>
ST_11 : Operation 909 [1/1] (0.00ns)   --->   "%sext_ln135_44 = sext i15 %mul_ln135_29" [cnn_hls.cpp:135]   --->   Operation 909 'sext' 'sext_ln135_44' <Predicate = true> <Delay = 0.00>
ST_11 : Operation 910 [1/1] (4.17ns)   --->   "%mul_ln135_30 = mul i15 %x141_0_247819820827830839844855862875884899910927_cast, i15 %sext_ln135_2" [cnn_hls.cpp:135]   --->   Operation 910 'mul' 'mul_ln135_30' <Predicate = true> <Delay = 4.17> <CoreInst = "Multiplier">   --->   Core 3 'Multiplier' <Latency = 0> <II = 1> <Delay = 4.17> <FuncUnit> <Opcode : 'mul'> <InPorts = 2> <OutPorts = 1>
ST_11 : Operation 911 [1/1] (0.00ns)   --->   "%sext_ln135_45 = sext i15 %mul_ln135_30" [cnn_hls.cpp:135]   --->   Operation 911 'sext' 'sext_ln135_45' <Predicate = true> <Delay = 0.00>
ST_11 : Operation 912 [2/3] (1.05ns) (grouped into DSP with root node add_ln135_8)   --->   "%mul_ln135_31 = mul i15 %x141_0_134816817822825832837846853864873886897912925_cast, i15 %sext_ln135_1" [cnn_hls.cpp:135]   --->   Operation 912 'mul' 'mul_ln135_31' <Predicate = true> <Delay = 1.05> <CoreInst = "DSP48">   --->   Core 116 'DSP48' <Latency = 3> <II = 1> <Delay = 2.15> <IPBlock> <Opcode : 'add' 'sub' 'mul' 'select'> <InPorts = 0> <OutPorts = 1> <Sync> <CReg>
ST_11 : Operation 913 [1/1] (0.00ns)   --->   "%sext_ln135_47 = sext i8 %p_ZL12conv3_weight_2_load" [cnn_hls.cpp:135]   --->   Operation 913 'sext' 'sext_ln135_47' <Predicate = true> <Delay = 0.00>
ST_11 : Operation 914 [1/1] (0.00ns)   --->   "%sext_ln135_52 = sext i8 %p_ZL12conv3_weight_17_load" [cnn_hls.cpp:135]   --->   Operation 914 'sext' 'sext_ln135_52' <Predicate = true> <Delay = 0.00>
ST_11 : Operation 915 [1/1] (0.00ns)   --->   "%sext_ln135_53 = sext i8 %p_ZL12conv3_weight_20_load" [cnn_hls.cpp:135]   --->   Operation 915 'sext' 'sext_ln135_53' <Predicate = true> <Delay = 0.00>
ST_11 : Operation 916 [1/2] ( I:2.32ns O:2.32ns )   --->   "%p_ZL12conv3_weight_5_load_1 = load i5 %p_ZL12conv3_weight_5_addr_1" [cnn_hls.cpp:135]   --->   Operation 916 'load' 'p_ZL12conv3_weight_5_load_1' <Predicate = true> <Delay = 2.32> <CoreInst = "ROM">   --->   Core 94 'ROM' <Latency = 1> <II = 1> <Delay = 2.32> <Storage> <Opcode : 'load'> <Ports = 0> <Width = 8> <Depth = 32> <ROM>
ST_11 : Operation 917 [1/1] (0.00ns)   --->   "%sext_ln135_56 = sext i8 %p_ZL12conv3_weight_5_load_1" [cnn_hls.cpp:135]   --->   Operation 917 'sext' 'sext_ln135_56' <Predicate = true> <Delay = 0.00>
ST_11 : Operation 918 [1/2] ( I:2.32ns O:2.32ns )   --->   "%p_ZL12conv3_weight_14_load_1 = load i5 %p_ZL12conv3_weight_14_addr_1" [cnn_hls.cpp:135]   --->   Operation 918 'load' 'p_ZL12conv3_weight_14_load_1' <Predicate = true> <Delay = 2.32> <CoreInst = "ROM">   --->   Core 94 'ROM' <Latency = 1> <II = 1> <Delay = 2.32> <Storage> <Opcode : 'load'> <Ports = 0> <Width = 8> <Depth = 32> <ROM>
ST_11 : Operation 919 [1/1] (0.00ns)   --->   "%sext_ln135_59 = sext i8 %p_ZL12conv3_weight_14_load_1" [cnn_hls.cpp:135]   --->   Operation 919 'sext' 'sext_ln135_59' <Predicate = true> <Delay = 0.00>
ST_11 : Operation 920 [1/2] ( I:2.32ns O:2.32ns )   --->   "%p_ZL12conv3_weight_17_load_1 = load i5 %p_ZL12conv3_weight_17_addr_1" [cnn_hls.cpp:135]   --->   Operation 920 'load' 'p_ZL12conv3_weight_17_load_1' <Predicate = true> <Delay = 2.32> <CoreInst = "ROM">   --->   Core 94 'ROM' <Latency = 1> <II = 1> <Delay = 2.32> <Storage> <Opcode : 'load'> <Ports = 0> <Width = 8> <Depth = 32> <ROM>
ST_11 : Operation 921 [1/1] (0.00ns)   --->   "%sext_ln135_60 = sext i8 %p_ZL12conv3_weight_17_load_1" [cnn_hls.cpp:135]   --->   Operation 921 'sext' 'sext_ln135_60' <Predicate = true> <Delay = 0.00>
ST_11 : Operation 922 [1/1] (0.00ns)   --->   "%x141_0_2_12785786813_cast = zext i7 %x141_0_2_12785786813" [cnn_hls.cpp:131]   --->   Operation 922 'zext' 'x141_0_2_12785786813_cast' <Predicate = true> <Delay = 0.00>
ST_11 : Operation 923 [1/1] (0.00ns)   --->   "%x141_0_2_6722723738741758763782789810_cast = zext i7 %x141_0_2_6722723738741758763782789810" [cnn_hls.cpp:131]   --->   Operation 923 'zext' 'x141_0_2_6722723738741758763782789810_cast' <Predicate = true> <Delay = 0.00>
ST_11 : Operation 924 [1/1] (0.00ns)   --->   "%x141_0_2695696699702707712719726735744755766779792807_cast = zext i7 %x141_0_2695696699702707712719726735744755766779792807" [cnn_hls.cpp:131]   --->   Operation 924 'zext' 'x141_0_2695696699702707712719726735744755766779792807_cast' <Predicate = true> <Delay = 0.00>
ST_11 : Operation 925 [1/1] (0.00ns)   --->   "%x141_0_2_5715716729732747752769776795804_cast = zext i7 %x141_0_2_5715716729732747752769776795804" [cnn_hls.cpp:131]   --->   Operation 925 'zext' 'x141_0_2_5715716729732747752769776795804_cast' <Predicate = true> <Delay = 0.00>
ST_11 : Operation 926 [1/1] (0.00ns)   --->   "%x141_0_2_9749750771774797802_cast = zext i7 %x141_0_2_9749750771774797802" [cnn_hls.cpp:131]   --->   Operation 926 'zext' 'x141_0_2_9749750771774797802_cast' <Predicate = true> <Delay = 0.00>
ST_11 : Operation 927 [1/1] (0.00ns)   --->   "%x141_0_2_13799800_cast = zext i7 %x141_0_2_13799800" [cnn_hls.cpp:131]   --->   Operation 927 'zext' 'x141_0_2_13799800_cast' <Predicate = true> <Delay = 0.00>
ST_11 : Operation 928 [1/1] (4.17ns)   --->   "%mul_ln135_32 = mul i15 %x141_0_2695696699702707712719726735744755766779792807_cast, i15 %sext_ln135_47" [cnn_hls.cpp:135]   --->   Operation 928 'mul' 'mul_ln135_32' <Predicate = true> <Delay = 4.17> <CoreInst = "Multiplier">   --->   Core 3 'Multiplier' <Latency = 0> <II = 1> <Delay = 4.17> <FuncUnit> <Opcode : 'mul'> <InPorts = 2> <OutPorts = 1>
ST_11 : Operation 929 [1/1] (0.00ns)   --->   "%sext_ln135_62 = sext i15 %mul_ln135_32" [cnn_hls.cpp:135]   --->   Operation 929 'sext' 'sext_ln135_62' <Predicate = true> <Delay = 0.00>
ST_11 : Operation 930 [1/3] (0.00ns) (grouped into DSP with root node add_ln135_42)   --->   "%mul_ln135_33 = mul i15 %zext_ln129_1, i15 %sext_ln135_61" [cnn_hls.cpp:135]   --->   Operation 930 'mul' 'mul_ln135_33' <Predicate = true> <Delay = 0.00> <CoreInst = "DSP48">   --->   Core 116 'DSP48' <Latency = 3> <II = 1> <Delay = 2.15> <IPBlock> <Opcode : 'add' 'sub' 'mul' 'select'> <InPorts = 0> <OutPorts = 1> <Sync> <CReg>
ST_11 : Operation 931 [1/1] (0.00ns) (grouped into DSP with root node add_ln135_42)   --->   "%sext_ln135_63 = sext i15 %mul_ln135_33" [cnn_hls.cpp:135]   --->   Operation 931 'sext' 'sext_ln135_63' <Predicate = true> <Delay = 0.00>
ST_11 : Operation 932 [2/3] (1.05ns) (grouped into DSP with root node add_ln135_31)   --->   "%mul_ln135_34 = mul i15 %x141_0_2_14814_cast, i15 %sext_ln132_1" [cnn_hls.cpp:135]   --->   Operation 932 'mul' 'mul_ln135_34' <Predicate = true> <Delay = 1.05> <CoreInst = "DSP48">   --->   Core 116 'DSP48' <Latency = 3> <II = 1> <Delay = 2.15> <IPBlock> <Opcode : 'add' 'sub' 'mul' 'select'> <InPorts = 0> <OutPorts = 1> <Sync> <CReg>
ST_11 : Operation 933 [1/1] (4.17ns)   --->   "%mul_ln135_35 = mul i15 %x141_0_2_13799800_cast, i15 %sext_ln135_60" [cnn_hls.cpp:135]   --->   Operation 933 'mul' 'mul_ln135_35' <Predicate = true> <Delay = 4.17> <CoreInst = "Multiplier">   --->   Core 3 'Multiplier' <Latency = 0> <II = 1> <Delay = 4.17> <FuncUnit> <Opcode : 'mul'> <InPorts = 2> <OutPorts = 1>
ST_11 : Operation 934 [1/1] (0.00ns)   --->   "%sext_ln135_65 = sext i15 %mul_ln135_35" [cnn_hls.cpp:135]   --->   Operation 934 'sext' 'sext_ln135_65' <Predicate = true> <Delay = 0.00>
ST_11 : Operation 935 [1/1] (4.17ns)   --->   "%mul_ln135_36 = mul i15 %x141_0_2_12785786813_cast, i15 %sext_ln135_59" [cnn_hls.cpp:135]   --->   Operation 935 'mul' 'mul_ln135_36' <Predicate = true> <Delay = 4.17> <CoreInst = "Multiplier">   --->   Core 3 'Multiplier' <Latency = 0> <II = 1> <Delay = 4.17> <FuncUnit> <Opcode : 'mul'> <InPorts = 2> <OutPorts = 1>
ST_11 : Operation 936 [1/1] (0.00ns)   --->   "%sext_ln135_66 = sext i15 %mul_ln135_36" [cnn_hls.cpp:135]   --->   Operation 936 'sext' 'sext_ln135_66' <Predicate = true> <Delay = 0.00>
ST_11 : Operation 937 [1/3] (0.00ns) (grouped into DSP with root node add_ln135_41)   --->   "%mul_ln135_37 = mul i15 %x141_0_2_11772773798801_cast, i15 %sext_ln135_58" [cnn_hls.cpp:135]   --->   Operation 937 'mul' 'mul_ln135_37' <Predicate = true> <Delay = 0.00> <CoreInst = "DSP48">   --->   Core 116 'DSP48' <Latency = 3> <II = 1> <Delay = 2.15> <IPBlock> <Opcode : 'add' 'sub' 'mul' 'select'> <InPorts = 0> <OutPorts = 1> <Sync> <CReg>
ST_11 : Operation 938 [1/1] (0.00ns) (grouped into DSP with root node add_ln135_41)   --->   "%sext_ln135_67 = sext i15 %mul_ln135_37" [cnn_hls.cpp:135]   --->   Operation 938 'sext' 'sext_ln135_67' <Predicate = true> <Delay = 0.00>
ST_11 : Operation 939 [1/3] (0.00ns) (grouped into DSP with root node add_ln135_30)   --->   "%mul_ln135_38 = mul i15 %x141_0_2_10760761784787812_cast, i15 %sext_ln135_57" [cnn_hls.cpp:135]   --->   Operation 939 'mul' 'mul_ln135_38' <Predicate = true> <Delay = 0.00> <CoreInst = "DSP48">   --->   Core 116 'DSP48' <Latency = 3> <II = 1> <Delay = 2.15> <IPBlock> <Opcode : 'add' 'sub' 'mul' 'select'> <InPorts = 0> <OutPorts = 1> <Sync> <CReg>
ST_11 : Operation 940 [1/1] (0.00ns) (grouped into DSP with root node add_ln135_30)   --->   "%sext_ln135_68 = sext i15 %mul_ln135_38" [cnn_hls.cpp:135]   --->   Operation 940 'sext' 'sext_ln135_68' <Predicate = true> <Delay = 0.00>
ST_11 : Operation 941 [1/1] (4.17ns)   --->   "%mul_ln135_39 = mul i15 %x141_0_2_9749750771774797802_cast, i15 %sext_ln135_56" [cnn_hls.cpp:135]   --->   Operation 941 'mul' 'mul_ln135_39' <Predicate = true> <Delay = 4.17> <CoreInst = "Multiplier">   --->   Core 3 'Multiplier' <Latency = 0> <II = 1> <Delay = 4.17> <FuncUnit> <Opcode : 'mul'> <InPorts = 2> <OutPorts = 1>
ST_11 : Operation 942 [1/1] (0.00ns)   --->   "%sext_ln135_69 = sext i15 %mul_ln135_39" [cnn_hls.cpp:135]   --->   Operation 942 'sext' 'sext_ln135_69' <Predicate = true> <Delay = 0.00>
ST_11 : Operation 943 [2/3] (1.05ns) (grouped into DSP with root node add_ln135_35)   --->   "%mul_ln135_40 = mul i15 %x141_0_2_8739740759762783788811_cast, i15 %sext_ln135_55" [cnn_hls.cpp:135]   --->   Operation 943 'mul' 'mul_ln135_40' <Predicate = true> <Delay = 1.05> <CoreInst = "DSP48">   --->   Core 116 'DSP48' <Latency = 3> <II = 1> <Delay = 2.15> <IPBlock> <Opcode : 'add' 'sub' 'mul' 'select'> <InPorts = 0> <OutPorts = 1> <Sync> <CReg>
ST_11 : Operation 944 [1/3] (0.00ns) (grouped into DSP with root node add_ln135_39)   --->   "%mul_ln135_41 = mul i15 %x141_0_2_7730731748751770775796803_cast, i15 %sext_ln135_54" [cnn_hls.cpp:135]   --->   Operation 944 'mul' 'mul_ln135_41' <Predicate = true> <Delay = 0.00> <CoreInst = "DSP48">   --->   Core 116 'DSP48' <Latency = 3> <II = 1> <Delay = 2.15> <IPBlock> <Opcode : 'add' 'sub' 'mul' 'select'> <InPorts = 0> <OutPorts = 1> <Sync> <CReg>
ST_11 : Operation 945 [1/1] (0.00ns) (grouped into DSP with root node add_ln135_39)   --->   "%sext_ln135_71 = sext i15 %mul_ln135_41" [cnn_hls.cpp:135]   --->   Operation 945 'sext' 'sext_ln135_71' <Predicate = true> <Delay = 0.00>
ST_11 : Operation 946 [1/1] (4.17ns)   --->   "%mul_ln135_42 = mul i15 %x141_0_2_6722723738741758763782789810_cast, i15 %sext_ln135_53" [cnn_hls.cpp:135]   --->   Operation 946 'mul' 'mul_ln135_42' <Predicate = true> <Delay = 4.17> <CoreInst = "Multiplier">   --->   Core 3 'Multiplier' <Latency = 0> <II = 1> <Delay = 4.17> <FuncUnit> <Opcode : 'mul'> <InPorts = 2> <OutPorts = 1>
ST_11 : Operation 947 [1/1] (0.00ns)   --->   "%sext_ln135_72 = sext i15 %mul_ln135_42" [cnn_hls.cpp:135]   --->   Operation 947 'sext' 'sext_ln135_72' <Predicate = true> <Delay = 0.00>
ST_11 : Operation 948 [1/1] (4.17ns)   --->   "%mul_ln135_43 = mul i15 %x141_0_2_5715716729732747752769776795804_cast, i15 %sext_ln135_52" [cnn_hls.cpp:135]   --->   Operation 948 'mul' 'mul_ln135_43' <Predicate = true> <Delay = 4.17> <CoreInst = "Multiplier">   --->   Core 3 'Multiplier' <Latency = 0> <II = 1> <Delay = 4.17> <FuncUnit> <Opcode : 'mul'> <InPorts = 2> <OutPorts = 1>
ST_11 : Operation 949 [1/1] (0.00ns)   --->   "%sext_ln135_73 = sext i15 %mul_ln135_43" [cnn_hls.cpp:135]   --->   Operation 949 'sext' 'sext_ln135_73' <Predicate = true> <Delay = 0.00>
ST_11 : Operation 950 [1/3] (0.00ns) (grouped into DSP with root node add_ln135_34)   --->   "%mul_ln135_44 = mul i15 %x141_0_2_4709710721724737742757764781790809_cast, i15 %sext_ln135_51" [cnn_hls.cpp:135]   --->   Operation 950 'mul' 'mul_ln135_44' <Predicate = true> <Delay = 0.00> <CoreInst = "DSP48">   --->   Core 116 'DSP48' <Latency = 3> <II = 1> <Delay = 2.15> <IPBlock> <Opcode : 'add' 'sub' 'mul' 'select'> <InPorts = 0> <OutPorts = 1> <Sync> <CReg>
ST_11 : Operation 951 [1/1] (0.00ns) (grouped into DSP with root node add_ln135_34)   --->   "%sext_ln135_74 = sext i15 %mul_ln135_44" [cnn_hls.cpp:135]   --->   Operation 951 'sext' 'sext_ln135_74' <Predicate = true> <Delay = 0.00>
ST_11 : Operation 952 [2/3] (1.05ns) (grouped into DSP with root node add_ln135_40)   --->   "%mul_ln135_45 = mul i15 %x141_0_2_3704705714717728733746753768777794805_cast, i15 %sext_ln135_50" [cnn_hls.cpp:135]   --->   Operation 952 'mul' 'mul_ln135_45' <Predicate = true> <Delay = 1.05> <CoreInst = "DSP48">   --->   Core 116 'DSP48' <Latency = 3> <II = 1> <Delay = 2.15> <IPBlock> <Opcode : 'add' 'sub' 'mul' 'select'> <InPorts = 0> <OutPorts = 1> <Sync> <CReg>
ST_11 : Operation 953 [2/3] (1.05ns) (grouped into DSP with root node add_ln135_37)   --->   "%mul_ln135_46 = mul i15 %x141_0_2_2700701708711720725736743756765780791808_cast, i15 %sext_ln135_49" [cnn_hls.cpp:135]   --->   Operation 953 'mul' 'mul_ln135_46' <Predicate = true> <Delay = 1.05> <CoreInst = "DSP48">   --->   Core 116 'DSP48' <Latency = 3> <II = 1> <Delay = 2.15> <IPBlock> <Opcode : 'add' 'sub' 'mul' 'select'> <InPorts = 0> <OutPorts = 1> <Sync> <CReg>
ST_11 : Operation 954 [1/3] (0.00ns) (grouped into DSP with root node add_ln135_36)   --->   "%mul_ln135_47 = mul i15 %x141_0_2_1697698703706713718727734745754767778793806_cast, i15 %sext_ln135_48" [cnn_hls.cpp:135]   --->   Operation 954 'mul' 'mul_ln135_47' <Predicate = true> <Delay = 0.00> <CoreInst = "DSP48">   --->   Core 116 'DSP48' <Latency = 3> <II = 1> <Delay = 2.15> <IPBlock> <Opcode : 'add' 'sub' 'mul' 'select'> <InPorts = 0> <OutPorts = 1> <Sync> <CReg>
ST_11 : Operation 955 [1/1] (0.00ns) (grouped into DSP with root node add_ln135_36)   --->   "%sext_ln135_77 = sext i15 %mul_ln135_47" [cnn_hls.cpp:135]   --->   Operation 955 'sext' 'sext_ln135_77' <Predicate = true> <Delay = 0.00>
ST_11 : Operation 956 [2/2] (2.10ns) (root node of the DSP)   --->   "%add_ln135 = add i16 %sext_ln135_33, i16 %sext_ln135_35" [cnn_hls.cpp:135]   --->   Operation 956 'add' 'add_ln135' <Predicate = true> <Delay = 2.10> <CoreInst = "DSP48">   --->   Core 116 'DSP48' <Latency = 3> <II = 1> <Delay = 2.15> <IPBlock> <Opcode : 'add' 'sub' 'mul' 'select'> <InPorts = 0> <OutPorts = 1> <Sync> <CReg>
ST_11 : Operation 957 [2/2] (2.10ns) (root node of the DSP)   --->   "%add_ln135_2 = add i16 %sext_ln135_39, i16 %sext_ln135_41" [cnn_hls.cpp:135]   --->   Operation 957 'add' 'add_ln135_2' <Predicate = true> <Delay = 2.10> <CoreInst = "DSP48">   --->   Core 116 'DSP48' <Latency = 3> <II = 1> <Delay = 2.15> <IPBlock> <Opcode : 'add' 'sub' 'mul' 'select'> <InPorts = 0> <OutPorts = 1> <Sync> <CReg>
ST_11 : Operation 958 [2/2] (2.10ns) (root node of the DSP)   --->   "%add_ln135_5 = add i16 %sext_ln135_45, i16 %sext_ln135_15" [cnn_hls.cpp:135]   --->   Operation 958 'add' 'add_ln135_5' <Predicate = true> <Delay = 2.10> <CoreInst = "DSP48">   --->   Core 116 'DSP48' <Latency = 3> <II = 1> <Delay = 2.15> <IPBlock> <Opcode : 'add' 'sub' 'mul' 'select'> <InPorts = 0> <OutPorts = 1> <Sync> <CReg>
ST_11 : Operation 959 [2/2] (2.10ns) (root node of the DSP)   --->   "%add_ln135_7 = add i16 %sext_ln135_44, i16 %sext_ln135_42" [cnn_hls.cpp:135]   --->   Operation 959 'add' 'add_ln135_7' <Predicate = true> <Delay = 2.10> <CoreInst = "DSP48">   --->   Core 116 'DSP48' <Latency = 3> <II = 1> <Delay = 2.15> <IPBlock> <Opcode : 'add' 'sub' 'mul' 'select'> <InPorts = 0> <OutPorts = 1> <Sync> <CReg>
ST_11 : Operation 960 [2/2] (2.10ns) (root node of the DSP)   --->   "%add_ln135_11 = add i16 %sext_ln135_38, i16 %sext_ln135_36" [cnn_hls.cpp:135]   --->   Operation 960 'add' 'add_ln135_11' <Predicate = true> <Delay = 2.10> <CoreInst = "DSP48">   --->   Core 116 'DSP48' <Latency = 3> <II = 1> <Delay = 2.15> <IPBlock> <Opcode : 'add' 'sub' 'mul' 'select'> <InPorts = 0> <OutPorts = 1> <Sync> <CReg>
ST_11 : Operation 961 [2/2] (2.10ns) (root node of the DSP)   --->   "%add_ln135_13 = add i16 %sext_ln135_32, i16 %sext_ln135_31" [cnn_hls.cpp:135]   --->   Operation 961 'add' 'add_ln135_13' <Predicate = true> <Delay = 2.10> <CoreInst = "DSP48">   --->   Core 116 'DSP48' <Latency = 3> <II = 1> <Delay = 2.15> <IPBlock> <Opcode : 'add' 'sub' 'mul' 'select'> <InPorts = 0> <OutPorts = 1> <Sync> <CReg>
ST_11 : Operation 962 [2/2] (2.10ns) (root node of the DSP)   --->   "%add_ln135_16 = add i16 %sext_ln135_29, i16 %sext_ln135_28" [cnn_hls.cpp:135]   --->   Operation 962 'add' 'add_ln135_16' <Predicate = true> <Delay = 2.10> <CoreInst = "DSP48">   --->   Core 116 'DSP48' <Latency = 3> <II = 1> <Delay = 2.15> <IPBlock> <Opcode : 'add' 'sub' 'mul' 'select'> <InPorts = 0> <OutPorts = 1> <Sync> <CReg>
ST_11 : Operation 963 [2/2] (2.10ns) (root node of the DSP)   --->   "%add_ln135_18 = add i16 %sext_ln135_26, i16 %sext_ln135_25" [cnn_hls.cpp:135]   --->   Operation 963 'add' 'add_ln135_18' <Predicate = true> <Delay = 2.10> <CoreInst = "DSP48">   --->   Core 116 'DSP48' <Latency = 3> <II = 1> <Delay = 2.15> <IPBlock> <Opcode : 'add' 'sub' 'mul' 'select'> <InPorts = 0> <OutPorts = 1> <Sync> <CReg>
ST_11 : Operation 964 [2/2] (2.10ns) (root node of the DSP)   --->   "%add_ln135_23 = add i16 %sext_ln135_23, i16 %sext_ln135_22" [cnn_hls.cpp:135]   --->   Operation 964 'add' 'add_ln135_23' <Predicate = true> <Delay = 2.10> <CoreInst = "DSP48">   --->   Core 116 'DSP48' <Latency = 3> <II = 1> <Delay = 2.15> <IPBlock> <Opcode : 'add' 'sub' 'mul' 'select'> <InPorts = 0> <OutPorts = 1> <Sync> <CReg>
ST_11 : Operation 965 [2/2] (2.10ns) (root node of the DSP)   --->   "%add_ln135_25 = add i16 %sext_ln135_20, i16 %sext_ln135_19" [cnn_hls.cpp:135]   --->   Operation 965 'add' 'add_ln135_25' <Predicate = true> <Delay = 2.10> <CoreInst = "DSP48">   --->   Core 116 'DSP48' <Latency = 3> <II = 1> <Delay = 2.15> <IPBlock> <Opcode : 'add' 'sub' 'mul' 'select'> <InPorts = 0> <OutPorts = 1> <Sync> <CReg>
ST_11 : Operation 966 [2/2] (2.10ns) (root node of the DSP)   --->   "%add_ln135_28 = add i16 %sext_ln135_17, i16 %sext_ln135_16" [cnn_hls.cpp:135]   --->   Operation 966 'add' 'add_ln135_28' <Predicate = true> <Delay = 2.10> <CoreInst = "DSP48">   --->   Core 116 'DSP48' <Latency = 3> <II = 1> <Delay = 2.15> <IPBlock> <Opcode : 'add' 'sub' 'mul' 'select'> <InPorts = 0> <OutPorts = 1> <Sync> <CReg>
ST_11 : Operation 967 [2/2] (2.10ns) (root node of the DSP)   --->   "%add_ln135_30 = add i16 %sext_ln135_66, i16 %sext_ln135_68" [cnn_hls.cpp:135]   --->   Operation 967 'add' 'add_ln135_30' <Predicate = true> <Delay = 2.10> <CoreInst = "DSP48">   --->   Core 116 'DSP48' <Latency = 3> <II = 1> <Delay = 2.15> <IPBlock> <Opcode : 'add' 'sub' 'mul' 'select'> <InPorts = 0> <OutPorts = 1> <Sync> <CReg>
ST_11 : Operation 968 [2/2] (2.10ns) (root node of the DSP)   --->   "%add_ln135_34 = add i16 %sext_ln135_72, i16 %sext_ln135_74" [cnn_hls.cpp:135]   --->   Operation 968 'add' 'add_ln135_34' <Predicate = true> <Delay = 2.10> <CoreInst = "DSP48">   --->   Core 116 'DSP48' <Latency = 3> <II = 1> <Delay = 2.15> <IPBlock> <Opcode : 'add' 'sub' 'mul' 'select'> <InPorts = 0> <OutPorts = 1> <Sync> <CReg>
ST_11 : Operation 969 [2/2] (2.10ns) (root node of the DSP)   --->   "%add_ln135_36 = add i16 %sext_ln135_62, i16 %sext_ln135_77" [cnn_hls.cpp:135]   --->   Operation 969 'add' 'add_ln135_36' <Predicate = true> <Delay = 2.10> <CoreInst = "DSP48">   --->   Core 116 'DSP48' <Latency = 3> <II = 1> <Delay = 2.15> <IPBlock> <Opcode : 'add' 'sub' 'mul' 'select'> <InPorts = 0> <OutPorts = 1> <Sync> <CReg>
ST_11 : Operation 970 [2/2] (2.10ns) (root node of the DSP)   --->   "%add_ln135_39 = add i16 %sext_ln135_73, i16 %sext_ln135_71" [cnn_hls.cpp:135]   --->   Operation 970 'add' 'add_ln135_39' <Predicate = true> <Delay = 2.10> <CoreInst = "DSP48">   --->   Core 116 'DSP48' <Latency = 3> <II = 1> <Delay = 2.15> <IPBlock> <Opcode : 'add' 'sub' 'mul' 'select'> <InPorts = 0> <OutPorts = 1> <Sync> <CReg>
ST_11 : Operation 971 [2/2] (2.10ns) (root node of the DSP)   --->   "%add_ln135_41 = add i16 %sext_ln135_69, i16 %sext_ln135_67" [cnn_hls.cpp:135]   --->   Operation 971 'add' 'add_ln135_41' <Predicate = true> <Delay = 2.10> <CoreInst = "DSP48">   --->   Core 116 'DSP48' <Latency = 3> <II = 1> <Delay = 2.15> <IPBlock> <Opcode : 'add' 'sub' 'mul' 'select'> <InPorts = 0> <OutPorts = 1> <Sync> <CReg>
ST_11 : Operation 972 [2/2] (2.10ns) (root node of the DSP)   --->   "%add_ln135_42 = add i16 %sext_ln135_65, i16 %sext_ln135_63" [cnn_hls.cpp:135]   --->   Operation 972 'add' 'add_ln135_42' <Predicate = true> <Delay = 2.10> <CoreInst = "DSP48">   --->   Core 116 'DSP48' <Latency = 3> <II = 1> <Delay = 2.15> <IPBlock> <Opcode : 'add' 'sub' 'mul' 'select'> <InPorts = 0> <OutPorts = 1> <Sync> <CReg>

State 12 <SV = 11> <Delay = 4.20>
ST_12 : Operation 973 [1/1] (0.00ns)   --->   "%zext_ln122 = zext i5 %select_ln121" [cnn_hls.cpp:122]   --->   Operation 973 'zext' 'zext_ln122' <Predicate = true> <Delay = 0.00>
ST_12 : Operation 974 [1/1] (0.00ns)   --->   "%conv3_bias_addr = getelementptr i16 %conv3_bias, i64 0, i64 %zext_ln122" [cnn_hls.cpp:124]   --->   Operation 974 'getelementptr' 'conv3_bias_addr' <Predicate = true> <Delay = 0.00>
ST_12 : Operation 975 [2/2] (2.32ns)   --->   "%acc = load i4 %conv3_bias_addr" [cnn_hls.cpp:124]   --->   Operation 975 'load' 'acc' <Predicate = true> <Delay = 2.32> <CoreInst = "ROM">   --->   Core 94 'ROM' <Latency = 1> <II = 1> <Delay = 2.32> <Storage> <Opcode : 'load'> <Ports = 0> <Width = 16> <Depth = 16> <ROM>
ST_12 : Operation 976 [1/3] (0.00ns) (grouped into DSP with root node add_ln135_29)   --->   "%mul_ln135_3 = mul i15 %sext_ln129_14, i15 %zext_ln132_13" [cnn_hls.cpp:135]   --->   Operation 976 'mul' 'mul_ln135_3' <Predicate = true> <Delay = 0.00> <CoreInst = "DSP48">   --->   Core 116 'DSP48' <Latency = 3> <II = 1> <Delay = 2.15> <IPBlock> <Opcode : 'add' 'sub' 'mul' 'select'> <InPorts = 0> <OutPorts = 1> <Sync> <CReg>
ST_12 : Operation 977 [1/1] (0.00ns) (grouped into DSP with root node add_ln135_29)   --->   "%sext_ln135_18 = sext i15 %mul_ln135_3" [cnn_hls.cpp:135]   --->   Operation 977 'sext' 'sext_ln135_18' <Predicate = true> <Delay = 0.00>
ST_12 : Operation 978 [1/3] (0.00ns) (grouped into DSP with root node add_ln135_26)   --->   "%mul_ln135_6 = mul i15 %sext_ln129_11, i15 %zext_ln132_10" [cnn_hls.cpp:135]   --->   Operation 978 'mul' 'mul_ln135_6' <Predicate = true> <Delay = 0.00> <CoreInst = "DSP48">   --->   Core 116 'DSP48' <Latency = 3> <II = 1> <Delay = 2.15> <IPBlock> <Opcode : 'add' 'sub' 'mul' 'select'> <InPorts = 0> <OutPorts = 1> <Sync> <CReg>
ST_12 : Operation 979 [1/1] (0.00ns) (grouped into DSP with root node add_ln135_26)   --->   "%sext_ln135_21 = sext i15 %mul_ln135_6" [cnn_hls.cpp:135]   --->   Operation 979 'sext' 'sext_ln135_21' <Predicate = true> <Delay = 0.00>
ST_12 : Operation 980 [1/3] (0.00ns) (grouped into DSP with root node add_ln135_24)   --->   "%mul_ln135_9 = mul i15 %sext_ln129_8, i15 %zext_ln132_7" [cnn_hls.cpp:135]   --->   Operation 980 'mul' 'mul_ln135_9' <Predicate = true> <Delay = 0.00> <CoreInst = "DSP48">   --->   Core 116 'DSP48' <Latency = 3> <II = 1> <Delay = 2.15> <IPBlock> <Opcode : 'add' 'sub' 'mul' 'select'> <InPorts = 0> <OutPorts = 1> <Sync> <CReg>
ST_12 : Operation 981 [1/1] (0.00ns) (grouped into DSP with root node add_ln135_24)   --->   "%sext_ln135_24 = sext i15 %mul_ln135_9" [cnn_hls.cpp:135]   --->   Operation 981 'sext' 'sext_ln135_24' <Predicate = true> <Delay = 0.00>
ST_12 : Operation 982 [1/3] (0.00ns) (grouped into DSP with root node add_ln135_19)   --->   "%mul_ln135_12 = mul i15 %sext_ln129_5, i15 %zext_ln132_4" [cnn_hls.cpp:135]   --->   Operation 982 'mul' 'mul_ln135_12' <Predicate = true> <Delay = 0.00> <CoreInst = "DSP48">   --->   Core 116 'DSP48' <Latency = 3> <II = 1> <Delay = 2.15> <IPBlock> <Opcode : 'add' 'sub' 'mul' 'select'> <InPorts = 0> <OutPorts = 1> <Sync> <CReg>
ST_12 : Operation 983 [1/1] (0.00ns) (grouped into DSP with root node add_ln135_19)   --->   "%sext_ln135_27 = sext i15 %mul_ln135_12" [cnn_hls.cpp:135]   --->   Operation 983 'sext' 'sext_ln135_27' <Predicate = true> <Delay = 0.00>
ST_12 : Operation 984 [1/3] (0.00ns) (grouped into DSP with root node add_ln135_17)   --->   "%mul_ln135_15 = mul i15 %sext_ln129_2, i15 %zext_ln132_1" [cnn_hls.cpp:135]   --->   Operation 984 'mul' 'mul_ln135_15' <Predicate = true> <Delay = 0.00> <CoreInst = "DSP48">   --->   Core 116 'DSP48' <Latency = 3> <II = 1> <Delay = 2.15> <IPBlock> <Opcode : 'add' 'sub' 'mul' 'select'> <InPorts = 0> <OutPorts = 1> <Sync> <CReg>
ST_12 : Operation 985 [1/1] (0.00ns) (grouped into DSP with root node add_ln135_17)   --->   "%sext_ln135_30 = sext i15 %mul_ln135_15" [cnn_hls.cpp:135]   --->   Operation 985 'sext' 'sext_ln135_30' <Predicate = true> <Delay = 0.00>
ST_12 : Operation 986 [1/3] (0.00ns) (grouped into DSP with root node add_ln135_14)   --->   "%mul_ln135_19 = mul i15 %x141_0_13918919_cast, i15 %sext_ln135_13" [cnn_hls.cpp:135]   --->   Operation 986 'mul' 'mul_ln135_19' <Predicate = true> <Delay = 0.00> <CoreInst = "DSP48">   --->   Core 116 'DSP48' <Latency = 3> <II = 1> <Delay = 2.15> <IPBlock> <Opcode : 'add' 'sub' 'mul' 'select'> <InPorts = 0> <OutPorts = 1> <Sync> <CReg>
ST_12 : Operation 987 [1/1] (0.00ns) (grouped into DSP with root node add_ln135_14)   --->   "%sext_ln135_34 = sext i15 %mul_ln135_19" [cnn_hls.cpp:135]   --->   Operation 987 'sext' 'sext_ln135_34' <Predicate = true> <Delay = 0.00>
ST_12 : Operation 988 [1/3] (0.00ns) (grouped into DSP with root node add_ln135_3)   --->   "%mul_ln135_22 = mul i15 %x141_0_10879880903906931_cast, i15 %sext_ln135_10" [cnn_hls.cpp:135]   --->   Operation 988 'mul' 'mul_ln135_22' <Predicate = true> <Delay = 0.00> <CoreInst = "DSP48">   --->   Core 116 'DSP48' <Latency = 3> <II = 1> <Delay = 2.15> <IPBlock> <Opcode : 'add' 'sub' 'mul' 'select'> <InPorts = 0> <OutPorts = 1> <Sync> <CReg>
ST_12 : Operation 989 [1/1] (0.00ns) (grouped into DSP with root node add_ln135_3)   --->   "%sext_ln135_37 = sext i15 %mul_ln135_22" [cnn_hls.cpp:135]   --->   Operation 989 'sext' 'sext_ln135_37' <Predicate = true> <Delay = 0.00>
ST_12 : Operation 990 [1/3] (0.00ns) (grouped into DSP with root node add_ln135_12)   --->   "%mul_ln135_25 = mul i15 %x141_0_7849850867870889894915922_cast, i15 %sext_ln135_7" [cnn_hls.cpp:135]   --->   Operation 990 'mul' 'mul_ln135_25' <Predicate = true> <Delay = 0.00> <CoreInst = "DSP48">   --->   Core 116 'DSP48' <Latency = 3> <II = 1> <Delay = 2.15> <IPBlock> <Opcode : 'add' 'sub' 'mul' 'select'> <InPorts = 0> <OutPorts = 1> <Sync> <CReg>
ST_12 : Operation 991 [1/1] (0.00ns) (grouped into DSP with root node add_ln135_12)   --->   "%sext_ln135_40 = sext i15 %mul_ln135_25" [cnn_hls.cpp:135]   --->   Operation 991 'sext' 'sext_ln135_40' <Predicate = true> <Delay = 0.00>
ST_12 : Operation 992 [1/3] (0.00ns) (grouped into DSP with root node add_ln135_6)   --->   "%mul_ln135_28 = mul i15 %x141_0_4828829840843856861876883900909928_cast, i15 %sext_ln135_4" [cnn_hls.cpp:135]   --->   Operation 992 'mul' 'mul_ln135_28' <Predicate = true> <Delay = 0.00> <CoreInst = "DSP48">   --->   Core 116 'DSP48' <Latency = 3> <II = 1> <Delay = 2.15> <IPBlock> <Opcode : 'add' 'sub' 'mul' 'select'> <InPorts = 0> <OutPorts = 1> <Sync> <CReg>
ST_12 : Operation 993 [1/1] (0.00ns) (grouped into DSP with root node add_ln135_6)   --->   "%sext_ln135_43 = sext i15 %mul_ln135_28" [cnn_hls.cpp:135]   --->   Operation 993 'sext' 'sext_ln135_43' <Predicate = true> <Delay = 0.00>
ST_12 : Operation 994 [1/3] (0.00ns) (grouped into DSP with root node add_ln135_8)   --->   "%mul_ln135_31 = mul i15 %x141_0_134816817822825832837846853864873886897912925_cast, i15 %sext_ln135_1" [cnn_hls.cpp:135]   --->   Operation 994 'mul' 'mul_ln135_31' <Predicate = true> <Delay = 0.00> <CoreInst = "DSP48">   --->   Core 116 'DSP48' <Latency = 3> <II = 1> <Delay = 2.15> <IPBlock> <Opcode : 'add' 'sub' 'mul' 'select'> <InPorts = 0> <OutPorts = 1> <Sync> <CReg>
ST_12 : Operation 995 [1/1] (0.00ns) (grouped into DSP with root node add_ln135_8)   --->   "%sext_ln135_46 = sext i15 %mul_ln135_31" [cnn_hls.cpp:135]   --->   Operation 995 'sext' 'sext_ln135_46' <Predicate = true> <Delay = 0.00>
ST_12 : Operation 996 [1/3] (0.00ns) (grouped into DSP with root node add_ln135_31)   --->   "%mul_ln135_34 = mul i15 %x141_0_2_14814_cast, i15 %sext_ln132_1" [cnn_hls.cpp:135]   --->   Operation 996 'mul' 'mul_ln135_34' <Predicate = true> <Delay = 0.00> <CoreInst = "DSP48">   --->   Core 116 'DSP48' <Latency = 3> <II = 1> <Delay = 2.15> <IPBlock> <Opcode : 'add' 'sub' 'mul' 'select'> <InPorts = 0> <OutPorts = 1> <Sync> <CReg>
ST_12 : Operation 997 [1/1] (0.00ns) (grouped into DSP with root node add_ln135_31)   --->   "%sext_ln135_64 = sext i15 %mul_ln135_34" [cnn_hls.cpp:135]   --->   Operation 997 'sext' 'sext_ln135_64' <Predicate = true> <Delay = 0.00>
ST_12 : Operation 998 [1/3] (0.00ns) (grouped into DSP with root node add_ln135_35)   --->   "%mul_ln135_40 = mul i15 %x141_0_2_8739740759762783788811_cast, i15 %sext_ln135_55" [cnn_hls.cpp:135]   --->   Operation 998 'mul' 'mul_ln135_40' <Predicate = true> <Delay = 0.00> <CoreInst = "DSP48">   --->   Core 116 'DSP48' <Latency = 3> <II = 1> <Delay = 2.15> <IPBlock> <Opcode : 'add' 'sub' 'mul' 'select'> <InPorts = 0> <OutPorts = 1> <Sync> <CReg>
ST_12 : Operation 999 [1/1] (0.00ns) (grouped into DSP with root node add_ln135_35)   --->   "%sext_ln135_70 = sext i15 %mul_ln135_40" [cnn_hls.cpp:135]   --->   Operation 999 'sext' 'sext_ln135_70' <Predicate = true> <Delay = 0.00>
ST_12 : Operation 1000 [1/3] (0.00ns) (grouped into DSP with root node add_ln135_40)   --->   "%mul_ln135_45 = mul i15 %x141_0_2_3704705714717728733746753768777794805_cast, i15 %sext_ln135_50" [cnn_hls.cpp:135]   --->   Operation 1000 'mul' 'mul_ln135_45' <Predicate = true> <Delay = 0.00> <CoreInst = "DSP48">   --->   Core 116 'DSP48' <Latency = 3> <II = 1> <Delay = 2.15> <IPBlock> <Opcode : 'add' 'sub' 'mul' 'select'> <InPorts = 0> <OutPorts = 1> <Sync> <CReg>
ST_12 : Operation 1001 [1/1] (0.00ns) (grouped into DSP with root node add_ln135_40)   --->   "%sext_ln135_75 = sext i15 %mul_ln135_45" [cnn_hls.cpp:135]   --->   Operation 1001 'sext' 'sext_ln135_75' <Predicate = true> <Delay = 0.00>
ST_12 : Operation 1002 [1/3] (0.00ns) (grouped into DSP with root node add_ln135_37)   --->   "%mul_ln135_46 = mul i15 %x141_0_2_2700701708711720725736743756765780791808_cast, i15 %sext_ln135_49" [cnn_hls.cpp:135]   --->   Operation 1002 'mul' 'mul_ln135_46' <Predicate = true> <Delay = 0.00> <CoreInst = "DSP48">   --->   Core 116 'DSP48' <Latency = 3> <II = 1> <Delay = 2.15> <IPBlock> <Opcode : 'add' 'sub' 'mul' 'select'> <InPorts = 0> <OutPorts = 1> <Sync> <CReg>
ST_12 : Operation 1003 [1/1] (0.00ns) (grouped into DSP with root node add_ln135_37)   --->   "%sext_ln135_76 = sext i15 %mul_ln135_46" [cnn_hls.cpp:135]   --->   Operation 1003 'sext' 'sext_ln135_76' <Predicate = true> <Delay = 0.00>
ST_12 : Operation 1004 [1/2] (2.10ns) (root node of the DSP)   --->   "%add_ln135 = add i16 %sext_ln135_33, i16 %sext_ln135_35" [cnn_hls.cpp:135]   --->   Operation 1004 'add' 'add_ln135' <Predicate = true> <Delay = 2.10> <CoreInst = "DSP48">   --->   Core 116 'DSP48' <Latency = 3> <II = 1> <Delay = 2.15> <IPBlock> <Opcode : 'add' 'sub' 'mul' 'select'> <InPorts = 0> <OutPorts = 1> <Sync> <CReg>
ST_12 : Operation 1005 [1/2] (2.10ns) (root node of the DSP)   --->   "%add_ln135_2 = add i16 %sext_ln135_39, i16 %sext_ln135_41" [cnn_hls.cpp:135]   --->   Operation 1005 'add' 'add_ln135_2' <Predicate = true> <Delay = 2.10> <CoreInst = "DSP48">   --->   Core 116 'DSP48' <Latency = 3> <II = 1> <Delay = 2.15> <IPBlock> <Opcode : 'add' 'sub' 'mul' 'select'> <InPorts = 0> <OutPorts = 1> <Sync> <CReg>
ST_12 : Operation 1006 [1/1] (0.00ns)   --->   "%sext_ln135_80 = sext i16 %add_ln135_2" [cnn_hls.cpp:135]   --->   Operation 1006 'sext' 'sext_ln135_80' <Predicate = true> <Delay = 0.00>
ST_12 : Operation 1007 [2/2] (2.10ns) (root node of the DSP)   --->   "%add_ln135_3 = add i17 %sext_ln135_80, i17 %sext_ln135_37" [cnn_hls.cpp:135]   --->   Operation 1007 'add' 'add_ln135_3' <Predicate = true> <Delay = 2.10> <CoreInst = "DSP48">   --->   Core 116 'DSP48' <Latency = 3> <II = 1> <Delay = 2.15> <IPBlock> <Opcode : 'add' 'sub' 'mul' 'select'> <InPorts = 0> <OutPorts = 1> <Sync> <CReg>
ST_12 : Operation 1008 [1/2] (2.10ns) (root node of the DSP)   --->   "%add_ln135_5 = add i16 %sext_ln135_45, i16 %sext_ln135_15" [cnn_hls.cpp:135]   --->   Operation 1008 'add' 'add_ln135_5' <Predicate = true> <Delay = 2.10> <CoreInst = "DSP48">   --->   Core 116 'DSP48' <Latency = 3> <II = 1> <Delay = 2.15> <IPBlock> <Opcode : 'add' 'sub' 'mul' 'select'> <InPorts = 0> <OutPorts = 1> <Sync> <CReg>
ST_12 : Operation 1009 [1/1] (0.00ns)   --->   "%sext_ln135_83 = sext i16 %add_ln135_5" [cnn_hls.cpp:135]   --->   Operation 1009 'sext' 'sext_ln135_83' <Predicate = true> <Delay = 0.00>
ST_12 : Operation 1010 [2/2] (2.10ns) (root node of the DSP)   --->   "%add_ln135_6 = add i17 %sext_ln135_83, i17 %sext_ln135_43" [cnn_hls.cpp:135]   --->   Operation 1010 'add' 'add_ln135_6' <Predicate = true> <Delay = 2.10> <CoreInst = "DSP48">   --->   Core 116 'DSP48' <Latency = 3> <II = 1> <Delay = 2.15> <IPBlock> <Opcode : 'add' 'sub' 'mul' 'select'> <InPorts = 0> <OutPorts = 1> <Sync> <CReg>
ST_12 : Operation 1011 [1/2] (2.10ns) (root node of the DSP)   --->   "%add_ln135_7 = add i16 %sext_ln135_44, i16 %sext_ln135_42" [cnn_hls.cpp:135]   --->   Operation 1011 'add' 'add_ln135_7' <Predicate = true> <Delay = 2.10> <CoreInst = "DSP48">   --->   Core 116 'DSP48' <Latency = 3> <II = 1> <Delay = 2.15> <IPBlock> <Opcode : 'add' 'sub' 'mul' 'select'> <InPorts = 0> <OutPorts = 1> <Sync> <CReg>
ST_12 : Operation 1012 [1/1] (0.00ns)   --->   "%sext_ln135_85 = sext i16 %add_ln135_7" [cnn_hls.cpp:135]   --->   Operation 1012 'sext' 'sext_ln135_85' <Predicate = true> <Delay = 0.00>
ST_12 : Operation 1013 [2/2] (2.10ns) (root node of the DSP)   --->   "%add_ln135_8 = add i17 %sext_ln135_85, i17 %sext_ln135_46" [cnn_hls.cpp:135]   --->   Operation 1013 'add' 'add_ln135_8' <Predicate = true> <Delay = 2.10> <CoreInst = "DSP48">   --->   Core 116 'DSP48' <Latency = 3> <II = 1> <Delay = 2.15> <IPBlock> <Opcode : 'add' 'sub' 'mul' 'select'> <InPorts = 0> <OutPorts = 1> <Sync> <CReg>
ST_12 : Operation 1014 [1/2] (2.10ns) (root node of the DSP)   --->   "%add_ln135_11 = add i16 %sext_ln135_38, i16 %sext_ln135_36" [cnn_hls.cpp:135]   --->   Operation 1014 'add' 'add_ln135_11' <Predicate = true> <Delay = 2.10> <CoreInst = "DSP48">   --->   Core 116 'DSP48' <Latency = 3> <II = 1> <Delay = 2.15> <IPBlock> <Opcode : 'add' 'sub' 'mul' 'select'> <InPorts = 0> <OutPorts = 1> <Sync> <CReg>
ST_12 : Operation 1015 [1/1] (0.00ns)   --->   "%sext_ln135_89 = sext i16 %add_ln135_11" [cnn_hls.cpp:135]   --->   Operation 1015 'sext' 'sext_ln135_89' <Predicate = true> <Delay = 0.00>
ST_12 : Operation 1016 [2/2] (2.10ns) (root node of the DSP)   --->   "%add_ln135_12 = add i17 %sext_ln135_89, i17 %sext_ln135_40" [cnn_hls.cpp:135]   --->   Operation 1016 'add' 'add_ln135_12' <Predicate = true> <Delay = 2.10> <CoreInst = "DSP48">   --->   Core 116 'DSP48' <Latency = 3> <II = 1> <Delay = 2.15> <IPBlock> <Opcode : 'add' 'sub' 'mul' 'select'> <InPorts = 0> <OutPorts = 1> <Sync> <CReg>
ST_12 : Operation 1017 [1/2] (2.10ns) (root node of the DSP)   --->   "%add_ln135_13 = add i16 %sext_ln135_32, i16 %sext_ln135_31" [cnn_hls.cpp:135]   --->   Operation 1017 'add' 'add_ln135_13' <Predicate = true> <Delay = 2.10> <CoreInst = "DSP48">   --->   Core 116 'DSP48' <Latency = 3> <II = 1> <Delay = 2.15> <IPBlock> <Opcode : 'add' 'sub' 'mul' 'select'> <InPorts = 0> <OutPorts = 1> <Sync> <CReg>
ST_12 : Operation 1018 [1/1] (0.00ns)   --->   "%sext_ln135_91 = sext i16 %add_ln135_13" [cnn_hls.cpp:135]   --->   Operation 1018 'sext' 'sext_ln135_91' <Predicate = true> <Delay = 0.00>
ST_12 : Operation 1019 [2/2] (2.10ns) (root node of the DSP)   --->   "%add_ln135_14 = add i17 %sext_ln135_91, i17 %sext_ln135_34" [cnn_hls.cpp:135]   --->   Operation 1019 'add' 'add_ln135_14' <Predicate = true> <Delay = 2.10> <CoreInst = "DSP48">   --->   Core 116 'DSP48' <Latency = 3> <II = 1> <Delay = 2.15> <IPBlock> <Opcode : 'add' 'sub' 'mul' 'select'> <InPorts = 0> <OutPorts = 1> <Sync> <CReg>
ST_12 : Operation 1020 [1/2] (2.10ns) (root node of the DSP)   --->   "%add_ln135_16 = add i16 %sext_ln135_29, i16 %sext_ln135_28" [cnn_hls.cpp:135]   --->   Operation 1020 'add' 'add_ln135_16' <Predicate = true> <Delay = 2.10> <CoreInst = "DSP48">   --->   Core 116 'DSP48' <Latency = 3> <II = 1> <Delay = 2.15> <IPBlock> <Opcode : 'add' 'sub' 'mul' 'select'> <InPorts = 0> <OutPorts = 1> <Sync> <CReg>
ST_12 : Operation 1021 [1/1] (0.00ns)   --->   "%sext_ln135_94 = sext i16 %add_ln135_16" [cnn_hls.cpp:135]   --->   Operation 1021 'sext' 'sext_ln135_94' <Predicate = true> <Delay = 0.00>
ST_12 : Operation 1022 [2/2] (2.10ns) (root node of the DSP)   --->   "%add_ln135_17 = add i17 %sext_ln135_94, i17 %sext_ln135_30" [cnn_hls.cpp:135]   --->   Operation 1022 'add' 'add_ln135_17' <Predicate = true> <Delay = 2.10> <CoreInst = "DSP48">   --->   Core 116 'DSP48' <Latency = 3> <II = 1> <Delay = 2.15> <IPBlock> <Opcode : 'add' 'sub' 'mul' 'select'> <InPorts = 0> <OutPorts = 1> <Sync> <CReg>
ST_12 : Operation 1023 [1/2] (2.10ns) (root node of the DSP)   --->   "%add_ln135_18 = add i16 %sext_ln135_26, i16 %sext_ln135_25" [cnn_hls.cpp:135]   --->   Operation 1023 'add' 'add_ln135_18' <Predicate = true> <Delay = 2.10> <CoreInst = "DSP48">   --->   Core 116 'DSP48' <Latency = 3> <II = 1> <Delay = 2.15> <IPBlock> <Opcode : 'add' 'sub' 'mul' 'select'> <InPorts = 0> <OutPorts = 1> <Sync> <CReg>
ST_12 : Operation 1024 [1/1] (0.00ns)   --->   "%sext_ln135_96 = sext i16 %add_ln135_18" [cnn_hls.cpp:135]   --->   Operation 1024 'sext' 'sext_ln135_96' <Predicate = true> <Delay = 0.00>
ST_12 : Operation 1025 [2/2] (2.10ns) (root node of the DSP)   --->   "%add_ln135_19 = add i17 %sext_ln135_96, i17 %sext_ln135_27" [cnn_hls.cpp:135]   --->   Operation 1025 'add' 'add_ln135_19' <Predicate = true> <Delay = 2.10> <CoreInst = "DSP48">   --->   Core 116 'DSP48' <Latency = 3> <II = 1> <Delay = 2.15> <IPBlock> <Opcode : 'add' 'sub' 'mul' 'select'> <InPorts = 0> <OutPorts = 1> <Sync> <CReg>
ST_12 : Operation 1026 [1/2] (2.10ns) (root node of the DSP)   --->   "%add_ln135_23 = add i16 %sext_ln135_23, i16 %sext_ln135_22" [cnn_hls.cpp:135]   --->   Operation 1026 'add' 'add_ln135_23' <Predicate = true> <Delay = 2.10> <CoreInst = "DSP48">   --->   Core 116 'DSP48' <Latency = 3> <II = 1> <Delay = 2.15> <IPBlock> <Opcode : 'add' 'sub' 'mul' 'select'> <InPorts = 0> <OutPorts = 1> <Sync> <CReg>
ST_12 : Operation 1027 [1/1] (0.00ns)   --->   "%sext_ln135_101 = sext i16 %add_ln135_23" [cnn_hls.cpp:135]   --->   Operation 1027 'sext' 'sext_ln135_101' <Predicate = true> <Delay = 0.00>
ST_12 : Operation 1028 [2/2] (2.10ns) (root node of the DSP)   --->   "%add_ln135_24 = add i17 %sext_ln135_101, i17 %sext_ln135_24" [cnn_hls.cpp:135]   --->   Operation 1028 'add' 'add_ln135_24' <Predicate = true> <Delay = 2.10> <CoreInst = "DSP48">   --->   Core 116 'DSP48' <Latency = 3> <II = 1> <Delay = 2.15> <IPBlock> <Opcode : 'add' 'sub' 'mul' 'select'> <InPorts = 0> <OutPorts = 1> <Sync> <CReg>
ST_12 : Operation 1029 [1/2] (2.10ns) (root node of the DSP)   --->   "%add_ln135_25 = add i16 %sext_ln135_20, i16 %sext_ln135_19" [cnn_hls.cpp:135]   --->   Operation 1029 'add' 'add_ln135_25' <Predicate = true> <Delay = 2.10> <CoreInst = "DSP48">   --->   Core 116 'DSP48' <Latency = 3> <II = 1> <Delay = 2.15> <IPBlock> <Opcode : 'add' 'sub' 'mul' 'select'> <InPorts = 0> <OutPorts = 1> <Sync> <CReg>
ST_12 : Operation 1030 [1/1] (0.00ns)   --->   "%sext_ln135_103 = sext i16 %add_ln135_25" [cnn_hls.cpp:135]   --->   Operation 1030 'sext' 'sext_ln135_103' <Predicate = true> <Delay = 0.00>
ST_12 : Operation 1031 [2/2] (2.10ns) (root node of the DSP)   --->   "%add_ln135_26 = add i17 %sext_ln135_103, i17 %sext_ln135_21" [cnn_hls.cpp:135]   --->   Operation 1031 'add' 'add_ln135_26' <Predicate = true> <Delay = 2.10> <CoreInst = "DSP48">   --->   Core 116 'DSP48' <Latency = 3> <II = 1> <Delay = 2.15> <IPBlock> <Opcode : 'add' 'sub' 'mul' 'select'> <InPorts = 0> <OutPorts = 1> <Sync> <CReg>
ST_12 : Operation 1032 [1/2] (2.10ns) (root node of the DSP)   --->   "%add_ln135_28 = add i16 %sext_ln135_17, i16 %sext_ln135_16" [cnn_hls.cpp:135]   --->   Operation 1032 'add' 'add_ln135_28' <Predicate = true> <Delay = 2.10> <CoreInst = "DSP48">   --->   Core 116 'DSP48' <Latency = 3> <II = 1> <Delay = 2.15> <IPBlock> <Opcode : 'add' 'sub' 'mul' 'select'> <InPorts = 0> <OutPorts = 1> <Sync> <CReg>
ST_12 : Operation 1033 [1/1] (0.00ns)   --->   "%sext_ln135_106 = sext i16 %add_ln135_28" [cnn_hls.cpp:135]   --->   Operation 1033 'sext' 'sext_ln135_106' <Predicate = true> <Delay = 0.00>
ST_12 : Operation 1034 [2/2] (2.10ns) (root node of the DSP)   --->   "%add_ln135_29 = add i17 %sext_ln135_106, i17 %sext_ln135_18" [cnn_hls.cpp:135]   --->   Operation 1034 'add' 'add_ln135_29' <Predicate = true> <Delay = 2.10> <CoreInst = "DSP48">   --->   Core 116 'DSP48' <Latency = 3> <II = 1> <Delay = 2.15> <IPBlock> <Opcode : 'add' 'sub' 'mul' 'select'> <InPorts = 0> <OutPorts = 1> <Sync> <CReg>
ST_12 : Operation 1035 [1/2] (2.10ns) (root node of the DSP)   --->   "%add_ln135_30 = add i16 %sext_ln135_66, i16 %sext_ln135_68" [cnn_hls.cpp:135]   --->   Operation 1035 'add' 'add_ln135_30' <Predicate = true> <Delay = 2.10> <CoreInst = "DSP48">   --->   Core 116 'DSP48' <Latency = 3> <II = 1> <Delay = 2.15> <IPBlock> <Opcode : 'add' 'sub' 'mul' 'select'> <InPorts = 0> <OutPorts = 1> <Sync> <CReg>
ST_12 : Operation 1036 [1/1] (0.00ns)   --->   "%sext_ln135_108 = sext i16 %add_ln135_30" [cnn_hls.cpp:135]   --->   Operation 1036 'sext' 'sext_ln135_108' <Predicate = true> <Delay = 0.00>
ST_12 : Operation 1037 [2/2] (2.10ns) (root node of the DSP)   --->   "%add_ln135_31 = add i17 %sext_ln135_108, i17 %sext_ln135_64" [cnn_hls.cpp:135]   --->   Operation 1037 'add' 'add_ln135_31' <Predicate = true> <Delay = 2.10> <CoreInst = "DSP48">   --->   Core 116 'DSP48' <Latency = 3> <II = 1> <Delay = 2.15> <IPBlock> <Opcode : 'add' 'sub' 'mul' 'select'> <InPorts = 0> <OutPorts = 1> <Sync> <CReg>
ST_12 : Operation 1038 [1/2] (2.10ns) (root node of the DSP)   --->   "%add_ln135_34 = add i16 %sext_ln135_72, i16 %sext_ln135_74" [cnn_hls.cpp:135]   --->   Operation 1038 'add' 'add_ln135_34' <Predicate = true> <Delay = 2.10> <CoreInst = "DSP48">   --->   Core 116 'DSP48' <Latency = 3> <II = 1> <Delay = 2.15> <IPBlock> <Opcode : 'add' 'sub' 'mul' 'select'> <InPorts = 0> <OutPorts = 1> <Sync> <CReg>
ST_12 : Operation 1039 [1/1] (0.00ns)   --->   "%sext_ln135_112 = sext i16 %add_ln135_34" [cnn_hls.cpp:135]   --->   Operation 1039 'sext' 'sext_ln135_112' <Predicate = true> <Delay = 0.00>
ST_12 : Operation 1040 [2/2] (2.10ns) (root node of the DSP)   --->   "%add_ln135_35 = add i17 %sext_ln135_112, i17 %sext_ln135_70" [cnn_hls.cpp:135]   --->   Operation 1040 'add' 'add_ln135_35' <Predicate = true> <Delay = 2.10> <CoreInst = "DSP48">   --->   Core 116 'DSP48' <Latency = 3> <II = 1> <Delay = 2.15> <IPBlock> <Opcode : 'add' 'sub' 'mul' 'select'> <InPorts = 0> <OutPorts = 1> <Sync> <CReg>
ST_12 : Operation 1041 [1/2] (2.10ns) (root node of the DSP)   --->   "%add_ln135_36 = add i16 %sext_ln135_62, i16 %sext_ln135_77" [cnn_hls.cpp:135]   --->   Operation 1041 'add' 'add_ln135_36' <Predicate = true> <Delay = 2.10> <CoreInst = "DSP48">   --->   Core 116 'DSP48' <Latency = 3> <II = 1> <Delay = 2.15> <IPBlock> <Opcode : 'add' 'sub' 'mul' 'select'> <InPorts = 0> <OutPorts = 1> <Sync> <CReg>
ST_12 : Operation 1042 [1/1] (0.00ns)   --->   "%sext_ln135_114 = sext i16 %add_ln135_36" [cnn_hls.cpp:135]   --->   Operation 1042 'sext' 'sext_ln135_114' <Predicate = true> <Delay = 0.00>
ST_12 : Operation 1043 [2/2] (2.10ns) (root node of the DSP)   --->   "%add_ln135_37 = add i17 %sext_ln135_114, i17 %sext_ln135_76" [cnn_hls.cpp:135]   --->   Operation 1043 'add' 'add_ln135_37' <Predicate = true> <Delay = 2.10> <CoreInst = "DSP48">   --->   Core 116 'DSP48' <Latency = 3> <II = 1> <Delay = 2.15> <IPBlock> <Opcode : 'add' 'sub' 'mul' 'select'> <InPorts = 0> <OutPorts = 1> <Sync> <CReg>
ST_12 : Operation 1044 [1/2] (2.10ns) (root node of the DSP)   --->   "%add_ln135_39 = add i16 %sext_ln135_73, i16 %sext_ln135_71" [cnn_hls.cpp:135]   --->   Operation 1044 'add' 'add_ln135_39' <Predicate = true> <Delay = 2.10> <CoreInst = "DSP48">   --->   Core 116 'DSP48' <Latency = 3> <II = 1> <Delay = 2.15> <IPBlock> <Opcode : 'add' 'sub' 'mul' 'select'> <InPorts = 0> <OutPorts = 1> <Sync> <CReg>
ST_12 : Operation 1045 [1/1] (0.00ns)   --->   "%sext_ln135_117 = sext i16 %add_ln135_39" [cnn_hls.cpp:135]   --->   Operation 1045 'sext' 'sext_ln135_117' <Predicate = true> <Delay = 0.00>
ST_12 : Operation 1046 [2/2] (2.10ns) (root node of the DSP)   --->   "%add_ln135_40 = add i17 %sext_ln135_117, i17 %sext_ln135_75" [cnn_hls.cpp:135]   --->   Operation 1046 'add' 'add_ln135_40' <Predicate = true> <Delay = 2.10> <CoreInst = "DSP48">   --->   Core 116 'DSP48' <Latency = 3> <II = 1> <Delay = 2.15> <IPBlock> <Opcode : 'add' 'sub' 'mul' 'select'> <InPorts = 0> <OutPorts = 1> <Sync> <CReg>
ST_12 : Operation 1047 [1/2] (2.10ns) (root node of the DSP)   --->   "%add_ln135_41 = add i16 %sext_ln135_69, i16 %sext_ln135_67" [cnn_hls.cpp:135]   --->   Operation 1047 'add' 'add_ln135_41' <Predicate = true> <Delay = 2.10> <CoreInst = "DSP48">   --->   Core 116 'DSP48' <Latency = 3> <II = 1> <Delay = 2.15> <IPBlock> <Opcode : 'add' 'sub' 'mul' 'select'> <InPorts = 0> <OutPorts = 1> <Sync> <CReg>
ST_12 : Operation 1048 [1/1] (0.00ns)   --->   "%sext_ln135_119 = sext i16 %add_ln135_41" [cnn_hls.cpp:135]   --->   Operation 1048 'sext' 'sext_ln135_119' <Predicate = true> <Delay = 0.00>
ST_12 : Operation 1049 [1/2] (2.10ns) (root node of the DSP)   --->   "%add_ln135_42 = add i16 %sext_ln135_65, i16 %sext_ln135_63" [cnn_hls.cpp:135]   --->   Operation 1049 'add' 'add_ln135_42' <Predicate = true> <Delay = 2.10> <CoreInst = "DSP48">   --->   Core 116 'DSP48' <Latency = 3> <II = 1> <Delay = 2.15> <IPBlock> <Opcode : 'add' 'sub' 'mul' 'select'> <InPorts = 0> <OutPorts = 1> <Sync> <CReg>
ST_12 : Operation 1050 [1/1] (0.00ns)   --->   "%sext_ln135_120 = sext i16 %add_ln135_42" [cnn_hls.cpp:135]   --->   Operation 1050 'sext' 'sext_ln135_120' <Predicate = true> <Delay = 0.00>
ST_12 : Operation 1051 [1/1] (2.07ns)   --->   "%add_ln135_43 = add i17 %sext_ln135_120, i17 %sext_ln135_119" [cnn_hls.cpp:135]   --->   Operation 1051 'add' 'add_ln135_43' <Predicate = true> <Delay = 2.07> <CoreInst = "Adder">   --->   Core 1 'Adder' <Latency = 0> <II = 1> <Delay = 2.07> <FuncUnit> <Opcode : 'add' 'sub'> <InPorts = 2> <OutPorts = 1>
ST_12 : Operation 1052 [1/1] (0.00ns)   --->   "%conv3_multiplier_addr = getelementptr i30 %conv3_multiplier, i64 0, i64 %zext_ln122" [cnn_hls.cpp:139]   --->   Operation 1052 'getelementptr' 'conv3_multiplier_addr' <Predicate = true> <Delay = 0.00>
ST_12 : Operation 1053 [2/2] (2.32ns)   --->   "%conv3_multiplier_load = load i4 %conv3_multiplier_addr" [cnn_hls.cpp:139]   --->   Operation 1053 'load' 'conv3_multiplier_load' <Predicate = true> <Delay = 2.32> <CoreInst = "ROM">   --->   Core 94 'ROM' <Latency = 1> <II = 1> <Delay = 2.32> <Storage> <Opcode : 'load'> <Ports = 0> <Width = 30> <Depth = 16> <ROM>
ST_12 : Operation 1054 [1/1] (0.00ns)   --->   "%conv3_shift_addr = getelementptr i6 %conv3_shift, i64 0, i64 %zext_ln122" [cnn_hls.cpp:139]   --->   Operation 1054 'getelementptr' 'conv3_shift_addr' <Predicate = true> <Delay = 0.00>
ST_12 : Operation 1055 [2/2] (2.32ns)   --->   "%conv3_shift_load = load i4 %conv3_shift_addr" [cnn_hls.cpp:139]   --->   Operation 1055 'load' 'conv3_shift_load' <Predicate = true> <Delay = 2.32> <CoreInst = "ROM">   --->   Core 94 'ROM' <Latency = 1> <II = 1> <Delay = 2.32> <Storage> <Opcode : 'load'> <Ports = 0> <Width = 6> <Depth = 16> <ROM>

State 13 <SV = 12> <Delay = 13.0>
ST_13 : Operation 1056 [1/2] ( I:2.32ns O:2.32ns )   --->   "%acc = load i4 %conv3_bias_addr" [cnn_hls.cpp:124]   --->   Operation 1056 'load' 'acc' <Predicate = true> <Delay = 2.32> <CoreInst = "ROM">   --->   Core 94 'ROM' <Latency = 1> <II = 1> <Delay = 2.32> <Storage> <Opcode : 'load'> <Ports = 0> <Width = 16> <Depth = 16> <ROM>
ST_13 : Operation 1057 [1/1] (0.00ns)   --->   "%sext_ln124 = sext i16 %acc" [cnn_hls.cpp:124]   --->   Operation 1057 'sext' 'sext_ln124' <Predicate = true> <Delay = 0.00>
ST_13 : Operation 1058 [1/1] (0.00ns)   --->   "%sext_ln135_78 = sext i16 %add_ln135" [cnn_hls.cpp:135]   --->   Operation 1058 'sext' 'sext_ln135_78' <Predicate = true> <Delay = 0.00>
ST_13 : Operation 1059 [1/1] (2.07ns)   --->   "%add_ln135_1 = add i17 %sext_ln135_78, i17 %sext_ln124" [cnn_hls.cpp:135]   --->   Operation 1059 'add' 'add_ln135_1' <Predicate = true> <Delay = 2.07> <CoreInst = "Adder">   --->   Core 1 'Adder' <Latency = 0> <II = 1> <Delay = 2.07> <FuncUnit> <Opcode : 'add' 'sub'> <InPorts = 2> <OutPorts = 1>
ST_13 : Operation 1060 [1/1] (0.00ns)   --->   "%sext_ln135_79 = sext i17 %add_ln135_1" [cnn_hls.cpp:135]   --->   Operation 1060 'sext' 'sext_ln135_79' <Predicate = true> <Delay = 0.00>
ST_13 : Operation 1061 [1/2] (2.10ns) (root node of the DSP)   --->   "%add_ln135_3 = add i17 %sext_ln135_80, i17 %sext_ln135_37" [cnn_hls.cpp:135]   --->   Operation 1061 'add' 'add_ln135_3' <Predicate = true> <Delay = 2.10> <CoreInst = "DSP48">   --->   Core 116 'DSP48' <Latency = 3> <II = 1> <Delay = 2.15> <IPBlock> <Opcode : 'add' 'sub' 'mul' 'select'> <InPorts = 0> <OutPorts = 1> <Sync> <CReg>
ST_13 : Operation 1062 [1/1] (0.00ns)   --->   "%sext_ln135_81 = sext i17 %add_ln135_3" [cnn_hls.cpp:135]   --->   Operation 1062 'sext' 'sext_ln135_81' <Predicate = true> <Delay = 0.00>
ST_13 : Operation 1063 [1/1] (2.10ns)   --->   "%add_ln135_4 = add i18 %sext_ln135_81, i18 %sext_ln135_79" [cnn_hls.cpp:135]   --->   Operation 1063 'add' 'add_ln135_4' <Predicate = true> <Delay = 2.10> <CoreInst = "Adder">   --->   Core 1 'Adder' <Latency = 0> <II = 1> <Delay = 2.10> <FuncUnit> <Opcode : 'add' 'sub'> <InPorts = 2> <OutPorts = 1>
ST_13 : Operation 1064 [1/1] (0.00ns)   --->   "%sext_ln135_82 = sext i18 %add_ln135_4" [cnn_hls.cpp:135]   --->   Operation 1064 'sext' 'sext_ln135_82' <Predicate = true> <Delay = 0.00>
ST_13 : Operation 1065 [1/2] (2.10ns) (root node of the DSP)   --->   "%add_ln135_6 = add i17 %sext_ln135_83, i17 %sext_ln135_43" [cnn_hls.cpp:135]   --->   Operation 1065 'add' 'add_ln135_6' <Predicate = true> <Delay = 2.10> <CoreInst = "DSP48">   --->   Core 116 'DSP48' <Latency = 3> <II = 1> <Delay = 2.15> <IPBlock> <Opcode : 'add' 'sub' 'mul' 'select'> <InPorts = 0> <OutPorts = 1> <Sync> <CReg>
ST_13 : Operation 1066 [1/1] (0.00ns)   --->   "%sext_ln135_84 = sext i17 %add_ln135_6" [cnn_hls.cpp:135]   --->   Operation 1066 'sext' 'sext_ln135_84' <Predicate = true> <Delay = 0.00>
ST_13 : Operation 1067 [1/2] (2.10ns) (root node of the DSP)   --->   "%add_ln135_8 = add i17 %sext_ln135_85, i17 %sext_ln135_46" [cnn_hls.cpp:135]   --->   Operation 1067 'add' 'add_ln135_8' <Predicate = true> <Delay = 2.10> <CoreInst = "DSP48">   --->   Core 116 'DSP48' <Latency = 3> <II = 1> <Delay = 2.15> <IPBlock> <Opcode : 'add' 'sub' 'mul' 'select'> <InPorts = 0> <OutPorts = 1> <Sync> <CReg>
ST_13 : Operation 1068 [1/1] (0.00ns)   --->   "%sext_ln135_86 = sext i17 %add_ln135_8" [cnn_hls.cpp:135]   --->   Operation 1068 'sext' 'sext_ln135_86' <Predicate = true> <Delay = 0.00>
ST_13 : Operation 1069 [1/1] (2.10ns)   --->   "%add_ln135_9 = add i18 %sext_ln135_86, i18 %sext_ln135_84" [cnn_hls.cpp:135]   --->   Operation 1069 'add' 'add_ln135_9' <Predicate = true> <Delay = 2.10> <CoreInst = "Adder">   --->   Core 1 'Adder' <Latency = 0> <II = 1> <Delay = 2.10> <FuncUnit> <Opcode : 'add' 'sub'> <InPorts = 2> <OutPorts = 1>
ST_13 : Operation 1070 [1/1] (0.00ns)   --->   "%sext_ln135_87 = sext i18 %add_ln135_9" [cnn_hls.cpp:135]   --->   Operation 1070 'sext' 'sext_ln135_87' <Predicate = true> <Delay = 0.00>
ST_13 : Operation 1071 [1/1] (2.13ns)   --->   "%add_ln135_10 = add i19 %sext_ln135_87, i19 %sext_ln135_82" [cnn_hls.cpp:135]   --->   Operation 1071 'add' 'add_ln135_10' <Predicate = true> <Delay = 2.13> <CoreInst = "Adder">   --->   Core 1 'Adder' <Latency = 0> <II = 1> <Delay = 2.13> <FuncUnit> <Opcode : 'add' 'sub'> <InPorts = 2> <OutPorts = 1>
ST_13 : Operation 1072 [1/1] (0.00ns)   --->   "%sext_ln135_88 = sext i19 %add_ln135_10" [cnn_hls.cpp:135]   --->   Operation 1072 'sext' 'sext_ln135_88' <Predicate = true> <Delay = 0.00>
ST_13 : Operation 1073 [1/2] (2.10ns) (root node of the DSP)   --->   "%add_ln135_12 = add i17 %sext_ln135_89, i17 %sext_ln135_40" [cnn_hls.cpp:135]   --->   Operation 1073 'add' 'add_ln135_12' <Predicate = true> <Delay = 2.10> <CoreInst = "DSP48">   --->   Core 116 'DSP48' <Latency = 3> <II = 1> <Delay = 2.15> <IPBlock> <Opcode : 'add' 'sub' 'mul' 'select'> <InPorts = 0> <OutPorts = 1> <Sync> <CReg>
ST_13 : Operation 1074 [1/1] (0.00ns)   --->   "%sext_ln135_90 = sext i17 %add_ln135_12" [cnn_hls.cpp:135]   --->   Operation 1074 'sext' 'sext_ln135_90' <Predicate = true> <Delay = 0.00>
ST_13 : Operation 1075 [1/2] (2.10ns) (root node of the DSP)   --->   "%add_ln135_14 = add i17 %sext_ln135_91, i17 %sext_ln135_34" [cnn_hls.cpp:135]   --->   Operation 1075 'add' 'add_ln135_14' <Predicate = true> <Delay = 2.10> <CoreInst = "DSP48">   --->   Core 116 'DSP48' <Latency = 3> <II = 1> <Delay = 2.15> <IPBlock> <Opcode : 'add' 'sub' 'mul' 'select'> <InPorts = 0> <OutPorts = 1> <Sync> <CReg>
ST_13 : Operation 1076 [1/1] (0.00ns)   --->   "%sext_ln135_92 = sext i17 %add_ln135_14" [cnn_hls.cpp:135]   --->   Operation 1076 'sext' 'sext_ln135_92' <Predicate = true> <Delay = 0.00>
ST_13 : Operation 1077 [1/1] (2.10ns)   --->   "%add_ln135_15 = add i18 %sext_ln135_92, i18 %sext_ln135_90" [cnn_hls.cpp:135]   --->   Operation 1077 'add' 'add_ln135_15' <Predicate = true> <Delay = 2.10> <CoreInst = "Adder">   --->   Core 1 'Adder' <Latency = 0> <II = 1> <Delay = 2.10> <FuncUnit> <Opcode : 'add' 'sub'> <InPorts = 2> <OutPorts = 1>
ST_13 : Operation 1078 [1/1] (0.00ns)   --->   "%sext_ln135_93 = sext i18 %add_ln135_15" [cnn_hls.cpp:135]   --->   Operation 1078 'sext' 'sext_ln135_93' <Predicate = true> <Delay = 0.00>
ST_13 : Operation 1079 [1/2] (2.10ns) (root node of the DSP)   --->   "%add_ln135_17 = add i17 %sext_ln135_94, i17 %sext_ln135_30" [cnn_hls.cpp:135]   --->   Operation 1079 'add' 'add_ln135_17' <Predicate = true> <Delay = 2.10> <CoreInst = "DSP48">   --->   Core 116 'DSP48' <Latency = 3> <II = 1> <Delay = 2.15> <IPBlock> <Opcode : 'add' 'sub' 'mul' 'select'> <InPorts = 0> <OutPorts = 1> <Sync> <CReg>
ST_13 : Operation 1080 [1/1] (0.00ns)   --->   "%sext_ln135_95 = sext i17 %add_ln135_17" [cnn_hls.cpp:135]   --->   Operation 1080 'sext' 'sext_ln135_95' <Predicate = true> <Delay = 0.00>
ST_13 : Operation 1081 [1/2] (2.10ns) (root node of the DSP)   --->   "%add_ln135_19 = add i17 %sext_ln135_96, i17 %sext_ln135_27" [cnn_hls.cpp:135]   --->   Operation 1081 'add' 'add_ln135_19' <Predicate = true> <Delay = 2.10> <CoreInst = "DSP48">   --->   Core 116 'DSP48' <Latency = 3> <II = 1> <Delay = 2.15> <IPBlock> <Opcode : 'add' 'sub' 'mul' 'select'> <InPorts = 0> <OutPorts = 1> <Sync> <CReg>
ST_13 : Operation 1082 [1/1] (0.00ns)   --->   "%sext_ln135_97 = sext i17 %add_ln135_19" [cnn_hls.cpp:135]   --->   Operation 1082 'sext' 'sext_ln135_97' <Predicate = true> <Delay = 0.00>
ST_13 : Operation 1083 [1/1] (2.10ns)   --->   "%add_ln135_20 = add i18 %sext_ln135_97, i18 %sext_ln135_95" [cnn_hls.cpp:135]   --->   Operation 1083 'add' 'add_ln135_20' <Predicate = true> <Delay = 2.10> <CoreInst = "Adder">   --->   Core 1 'Adder' <Latency = 0> <II = 1> <Delay = 2.10> <FuncUnit> <Opcode : 'add' 'sub'> <InPorts = 2> <OutPorts = 1>
ST_13 : Operation 1084 [1/1] (0.00ns)   --->   "%sext_ln135_98 = sext i18 %add_ln135_20" [cnn_hls.cpp:135]   --->   Operation 1084 'sext' 'sext_ln135_98' <Predicate = true> <Delay = 0.00>
ST_13 : Operation 1085 [1/1] (2.13ns)   --->   "%add_ln135_21 = add i19 %sext_ln135_98, i19 %sext_ln135_93" [cnn_hls.cpp:135]   --->   Operation 1085 'add' 'add_ln135_21' <Predicate = true> <Delay = 2.13> <CoreInst = "Adder">   --->   Core 1 'Adder' <Latency = 0> <II = 1> <Delay = 2.13> <FuncUnit> <Opcode : 'add' 'sub'> <InPorts = 2> <OutPorts = 1>
ST_13 : Operation 1086 [1/1] (0.00ns)   --->   "%sext_ln135_99 = sext i19 %add_ln135_21" [cnn_hls.cpp:135]   --->   Operation 1086 'sext' 'sext_ln135_99' <Predicate = true> <Delay = 0.00>
ST_13 : Operation 1087 [1/1] (2.16ns)   --->   "%add_ln135_22 = add i20 %sext_ln135_99, i20 %sext_ln135_88" [cnn_hls.cpp:135]   --->   Operation 1087 'add' 'add_ln135_22' <Predicate = true> <Delay = 2.16> <CoreInst = "Adder">   --->   Core 1 'Adder' <Latency = 0> <II = 1> <Delay = 2.16> <FuncUnit> <Opcode : 'add' 'sub'> <InPorts = 2> <OutPorts = 1>
ST_13 : Operation 1088 [1/1] (0.00ns)   --->   "%sext_ln135_100 = sext i20 %add_ln135_22" [cnn_hls.cpp:135]   --->   Operation 1088 'sext' 'sext_ln135_100' <Predicate = true> <Delay = 0.00>
ST_13 : Operation 1089 [1/2] (2.10ns) (root node of the DSP)   --->   "%add_ln135_24 = add i17 %sext_ln135_101, i17 %sext_ln135_24" [cnn_hls.cpp:135]   --->   Operation 1089 'add' 'add_ln135_24' <Predicate = true> <Delay = 2.10> <CoreInst = "DSP48">   --->   Core 116 'DSP48' <Latency = 3> <II = 1> <Delay = 2.15> <IPBlock> <Opcode : 'add' 'sub' 'mul' 'select'> <InPorts = 0> <OutPorts = 1> <Sync> <CReg>
ST_13 : Operation 1090 [1/1] (0.00ns)   --->   "%sext_ln135_102 = sext i17 %add_ln135_24" [cnn_hls.cpp:135]   --->   Operation 1090 'sext' 'sext_ln135_102' <Predicate = true> <Delay = 0.00>
ST_13 : Operation 1091 [1/2] (2.10ns) (root node of the DSP)   --->   "%add_ln135_26 = add i17 %sext_ln135_103, i17 %sext_ln135_21" [cnn_hls.cpp:135]   --->   Operation 1091 'add' 'add_ln135_26' <Predicate = true> <Delay = 2.10> <CoreInst = "DSP48">   --->   Core 116 'DSP48' <Latency = 3> <II = 1> <Delay = 2.15> <IPBlock> <Opcode : 'add' 'sub' 'mul' 'select'> <InPorts = 0> <OutPorts = 1> <Sync> <CReg>
ST_13 : Operation 1092 [1/1] (0.00ns)   --->   "%sext_ln135_104 = sext i17 %add_ln135_26" [cnn_hls.cpp:135]   --->   Operation 1092 'sext' 'sext_ln135_104' <Predicate = true> <Delay = 0.00>
ST_13 : Operation 1093 [1/1] (2.10ns)   --->   "%add_ln135_27 = add i18 %sext_ln135_104, i18 %sext_ln135_102" [cnn_hls.cpp:135]   --->   Operation 1093 'add' 'add_ln135_27' <Predicate = true> <Delay = 2.10> <CoreInst = "Adder">   --->   Core 1 'Adder' <Latency = 0> <II = 1> <Delay = 2.10> <FuncUnit> <Opcode : 'add' 'sub'> <InPorts = 2> <OutPorts = 1>
ST_13 : Operation 1094 [1/1] (0.00ns)   --->   "%sext_ln135_105 = sext i18 %add_ln135_27" [cnn_hls.cpp:135]   --->   Operation 1094 'sext' 'sext_ln135_105' <Predicate = true> <Delay = 0.00>
ST_13 : Operation 1095 [1/2] (2.10ns) (root node of the DSP)   --->   "%add_ln135_29 = add i17 %sext_ln135_106, i17 %sext_ln135_18" [cnn_hls.cpp:135]   --->   Operation 1095 'add' 'add_ln135_29' <Predicate = true> <Delay = 2.10> <CoreInst = "DSP48">   --->   Core 116 'DSP48' <Latency = 3> <II = 1> <Delay = 2.15> <IPBlock> <Opcode : 'add' 'sub' 'mul' 'select'> <InPorts = 0> <OutPorts = 1> <Sync> <CReg>
ST_13 : Operation 1096 [1/1] (0.00ns)   --->   "%sext_ln135_107 = sext i17 %add_ln135_29" [cnn_hls.cpp:135]   --->   Operation 1096 'sext' 'sext_ln135_107' <Predicate = true> <Delay = 0.00>
ST_13 : Operation 1097 [1/2] (2.10ns) (root node of the DSP)   --->   "%add_ln135_31 = add i17 %sext_ln135_108, i17 %sext_ln135_64" [cnn_hls.cpp:135]   --->   Operation 1097 'add' 'add_ln135_31' <Predicate = true> <Delay = 2.10> <CoreInst = "DSP48">   --->   Core 116 'DSP48' <Latency = 3> <II = 1> <Delay = 2.15> <IPBlock> <Opcode : 'add' 'sub' 'mul' 'select'> <InPorts = 0> <OutPorts = 1> <Sync> <CReg>
ST_13 : Operation 1098 [1/1] (0.00ns)   --->   "%sext_ln135_109 = sext i17 %add_ln135_31" [cnn_hls.cpp:135]   --->   Operation 1098 'sext' 'sext_ln135_109' <Predicate = true> <Delay = 0.00>
ST_13 : Operation 1099 [1/1] (2.10ns)   --->   "%add_ln135_32 = add i18 %sext_ln135_109, i18 %sext_ln135_107" [cnn_hls.cpp:135]   --->   Operation 1099 'add' 'add_ln135_32' <Predicate = true> <Delay = 2.10> <CoreInst = "Adder">   --->   Core 1 'Adder' <Latency = 0> <II = 1> <Delay = 2.10> <FuncUnit> <Opcode : 'add' 'sub'> <InPorts = 2> <OutPorts = 1>
ST_13 : Operation 1100 [1/1] (0.00ns)   --->   "%sext_ln135_110 = sext i18 %add_ln135_32" [cnn_hls.cpp:135]   --->   Operation 1100 'sext' 'sext_ln135_110' <Predicate = true> <Delay = 0.00>
ST_13 : Operation 1101 [1/1] (2.13ns)   --->   "%add_ln135_33 = add i19 %sext_ln135_110, i19 %sext_ln135_105" [cnn_hls.cpp:135]   --->   Operation 1101 'add' 'add_ln135_33' <Predicate = true> <Delay = 2.13> <CoreInst = "Adder">   --->   Core 1 'Adder' <Latency = 0> <II = 1> <Delay = 2.13> <FuncUnit> <Opcode : 'add' 'sub'> <InPorts = 2> <OutPorts = 1>
ST_13 : Operation 1102 [1/1] (0.00ns)   --->   "%sext_ln135_111 = sext i19 %add_ln135_33" [cnn_hls.cpp:135]   --->   Operation 1102 'sext' 'sext_ln135_111' <Predicate = true> <Delay = 0.00>
ST_13 : Operation 1103 [1/2] (2.10ns) (root node of the DSP)   --->   "%add_ln135_35 = add i17 %sext_ln135_112, i17 %sext_ln135_70" [cnn_hls.cpp:135]   --->   Operation 1103 'add' 'add_ln135_35' <Predicate = true> <Delay = 2.10> <CoreInst = "DSP48">   --->   Core 116 'DSP48' <Latency = 3> <II = 1> <Delay = 2.15> <IPBlock> <Opcode : 'add' 'sub' 'mul' 'select'> <InPorts = 0> <OutPorts = 1> <Sync> <CReg>
ST_13 : Operation 1104 [1/1] (0.00ns)   --->   "%sext_ln135_113 = sext i17 %add_ln135_35" [cnn_hls.cpp:135]   --->   Operation 1104 'sext' 'sext_ln135_113' <Predicate = true> <Delay = 0.00>
ST_13 : Operation 1105 [1/2] (2.10ns) (root node of the DSP)   --->   "%add_ln135_37 = add i17 %sext_ln135_114, i17 %sext_ln135_76" [cnn_hls.cpp:135]   --->   Operation 1105 'add' 'add_ln135_37' <Predicate = true> <Delay = 2.10> <CoreInst = "DSP48">   --->   Core 116 'DSP48' <Latency = 3> <II = 1> <Delay = 2.15> <IPBlock> <Opcode : 'add' 'sub' 'mul' 'select'> <InPorts = 0> <OutPorts = 1> <Sync> <CReg>
ST_13 : Operation 1106 [1/1] (0.00ns)   --->   "%sext_ln135_115 = sext i17 %add_ln135_37" [cnn_hls.cpp:135]   --->   Operation 1106 'sext' 'sext_ln135_115' <Predicate = true> <Delay = 0.00>
ST_13 : Operation 1107 [1/1] (2.10ns)   --->   "%add_ln135_38 = add i18 %sext_ln135_115, i18 %sext_ln135_113" [cnn_hls.cpp:135]   --->   Operation 1107 'add' 'add_ln135_38' <Predicate = true> <Delay = 2.10> <CoreInst = "Adder">   --->   Core 1 'Adder' <Latency = 0> <II = 1> <Delay = 2.10> <FuncUnit> <Opcode : 'add' 'sub'> <InPorts = 2> <OutPorts = 1>
ST_13 : Operation 1108 [1/1] (0.00ns)   --->   "%sext_ln135_116 = sext i18 %add_ln135_38" [cnn_hls.cpp:135]   --->   Operation 1108 'sext' 'sext_ln135_116' <Predicate = true> <Delay = 0.00>
ST_13 : Operation 1109 [1/2] (2.10ns) (root node of the DSP)   --->   "%add_ln135_40 = add i17 %sext_ln135_117, i17 %sext_ln135_75" [cnn_hls.cpp:135]   --->   Operation 1109 'add' 'add_ln135_40' <Predicate = true> <Delay = 2.10> <CoreInst = "DSP48">   --->   Core 116 'DSP48' <Latency = 3> <II = 1> <Delay = 2.15> <IPBlock> <Opcode : 'add' 'sub' 'mul' 'select'> <InPorts = 0> <OutPorts = 1> <Sync> <CReg>
ST_13 : Operation 1110 [1/1] (0.00ns)   --->   "%sext_ln135_118 = sext i17 %add_ln135_40" [cnn_hls.cpp:135]   --->   Operation 1110 'sext' 'sext_ln135_118' <Predicate = true> <Delay = 0.00>
ST_13 : Operation 1111 [1/1] (0.00ns)   --->   "%sext_ln135_121 = sext i17 %add_ln135_43" [cnn_hls.cpp:135]   --->   Operation 1111 'sext' 'sext_ln135_121' <Predicate = true> <Delay = 0.00>
ST_13 : Operation 1112 [1/1] (2.10ns)   --->   "%add_ln135_44 = add i18 %sext_ln135_121, i18 %sext_ln135_118" [cnn_hls.cpp:135]   --->   Operation 1112 'add' 'add_ln135_44' <Predicate = true> <Delay = 2.10> <CoreInst = "Adder">   --->   Core 1 'Adder' <Latency = 0> <II = 1> <Delay = 2.10> <FuncUnit> <Opcode : 'add' 'sub'> <InPorts = 2> <OutPorts = 1>
ST_13 : Operation 1113 [1/1] (0.00ns)   --->   "%sext_ln135_122 = sext i18 %add_ln135_44" [cnn_hls.cpp:135]   --->   Operation 1113 'sext' 'sext_ln135_122' <Predicate = true> <Delay = 0.00>
ST_13 : Operation 1114 [1/1] (2.13ns)   --->   "%add_ln135_45 = add i19 %sext_ln135_122, i19 %sext_ln135_116" [cnn_hls.cpp:135]   --->   Operation 1114 'add' 'add_ln135_45' <Predicate = true> <Delay = 2.13> <CoreInst = "Adder">   --->   Core 1 'Adder' <Latency = 0> <II = 1> <Delay = 2.13> <FuncUnit> <Opcode : 'add' 'sub'> <InPorts = 2> <OutPorts = 1>
ST_13 : Operation 1115 [1/1] (0.00ns)   --->   "%sext_ln135_123 = sext i19 %add_ln135_45" [cnn_hls.cpp:135]   --->   Operation 1115 'sext' 'sext_ln135_123' <Predicate = true> <Delay = 0.00>
ST_13 : Operation 1116 [1/1] (2.16ns)   --->   "%add_ln135_46 = add i20 %sext_ln135_123, i20 %sext_ln135_111" [cnn_hls.cpp:135]   --->   Operation 1116 'add' 'add_ln135_46' <Predicate = true> <Delay = 2.16> <CoreInst = "Adder">   --->   Core 1 'Adder' <Latency = 0> <II = 1> <Delay = 2.16> <FuncUnit> <Opcode : 'add' 'sub'> <InPorts = 2> <OutPorts = 1>
ST_13 : Operation 1117 [1/1] (0.00ns)   --->   "%sext_ln135_124 = sext i20 %add_ln135_46" [cnn_hls.cpp:135]   --->   Operation 1117 'sext' 'sext_ln135_124' <Predicate = true> <Delay = 0.00>
ST_13 : Operation 1118 [1/1] (2.19ns)   --->   "%acc_3 = add i21 %sext_ln135_124, i21 %sext_ln135_100" [cnn_hls.cpp:135]   --->   Operation 1118 'add' 'acc_3' <Predicate = true> <Delay = 2.19> <CoreInst = "Adder">   --->   Core 1 'Adder' <Latency = 0> <II = 1> <Delay = 2.19> <FuncUnit> <Opcode : 'add' 'sub'> <InPorts = 2> <OutPorts = 1>
ST_13 : Operation 1119 [1/2] ( I:2.32ns O:2.32ns )   --->   "%conv3_multiplier_load = load i4 %conv3_multiplier_addr" [cnn_hls.cpp:139]   --->   Operation 1119 'load' 'conv3_multiplier_load' <Predicate = true> <Delay = 2.32> <CoreInst = "ROM">   --->   Core 94 'ROM' <Latency = 1> <II = 1> <Delay = 2.32> <Storage> <Opcode : 'load'> <Ports = 0> <Width = 30> <Depth = 16> <ROM>
ST_13 : Operation 1120 [1/2] ( I:2.32ns O:2.32ns )   --->   "%conv3_shift_load = load i4 %conv3_shift_addr" [cnn_hls.cpp:139]   --->   Operation 1120 'load' 'conv3_shift_load' <Predicate = true> <Delay = 2.32> <CoreInst = "ROM">   --->   Core 94 'ROM' <Latency = 1> <II = 1> <Delay = 2.32> <Storage> <Opcode : 'load'> <Ports = 0> <Width = 6> <Depth = 16> <ROM>

State 14 <SV = 13> <Delay = 11.1>
ST_14 : Operation 1121 [1/1] (0.00ns)   --->   "%sext_ln6 = sext i21 %acc_3" [cnn_hls.cpp:6->cnn_hls.cpp:139]   --->   Operation 1121 'sext' 'sext_ln6' <Predicate = true> <Delay = 0.00>
ST_14 : Operation 1122 [1/1] (0.00ns)   --->   "%zext_ln6 = zext i30 %conv3_multiplier_load" [cnn_hls.cpp:6->cnn_hls.cpp:139]   --->   Operation 1122 'zext' 'zext_ln6' <Predicate = true> <Delay = 0.00>
ST_14 : Operation 1123 [1/1] (7.97ns)   --->   "%acc64 = mul i51 %sext_ln6, i51 %zext_ln6" [cnn_hls.cpp:6->cnn_hls.cpp:139]   --->   Operation 1123 'mul' 'acc64' <Predicate = true> <Delay = 7.97> <CoreInst = "Multiplier">   --->   Core 3 'Multiplier' <Latency = 0> <II = 1> <Delay = 7.97> <FuncUnit> <Opcode : 'mul'> <InPorts = 2> <OutPorts = 1>
ST_14 : Operation 1124 [1/1] (1.82ns)   --->   "%add_ln10_2 = add i6 %conv3_shift_load, i6 63" [cnn_hls.cpp:10->cnn_hls.cpp:139]   --->   Operation 1124 'add' 'add_ln10_2' <Predicate = true> <Delay = 1.82> <CoreInst = "Adder">   --->   Core 1 'Adder' <Latency = 0> <II = 1> <Delay = 1.82> <FuncUnit> <Opcode : 'add' 'sub'> <InPorts = 2> <OutPorts = 1>
ST_14 : Operation 1125 [1/1] (0.00ns)   --->   "%zext_ln10 = zext i6 %add_ln10_2" [cnn_hls.cpp:10->cnn_hls.cpp:139]   --->   Operation 1125 'zext' 'zext_ln10' <Predicate = true> <Delay = 0.00>
ST_14 : Operation 1126 [1/1] (2.94ns)   --->   "%shl_ln10 = shl i38 1, i38 %zext_ln10" [cnn_hls.cpp:10->cnn_hls.cpp:139]   --->   Operation 1126 'shl' 'shl_ln10' <Predicate = true> <Delay = 2.94> <CoreInst = "Shifter">   --->   Core 75 'Shifter' <Latency = 0> <II = 1> <Delay = 2.94> <FuncUnit> <Opcode : 'shl' 'lshr' 'ashr'> <InPorts = 2> <OutPorts = 1>
ST_14 : Operation 1127 [1/1] (0.00ns)   --->   "%zext_ln10_2 = zext i38 %shl_ln10" [cnn_hls.cpp:10->cnn_hls.cpp:139]   --->   Operation 1127 'zext' 'zext_ln10_2' <Predicate = true> <Delay = 0.00>
ST_14 : Operation 1128 [1/1] (3.18ns)   --->   "%acc64_4 = add i51 %zext_ln10_2, i51 %acc64" [cnn_hls.cpp:10->cnn_hls.cpp:139]   --->   Operation 1128 'add' 'acc64_4' <Predicate = true> <Delay = 3.18> <CoreInst = "Adder">   --->   Core 1 'Adder' <Latency = 0> <II = 1> <Delay = 3.18> <FuncUnit> <Opcode : 'add' 'sub'> <InPorts = 2> <OutPorts = 1>
ST_14 : Operation 1190 [1/1] (1.58ns)   --->   "%ret_ln0 = ret"   --->   Operation 1190 'ret' 'ret_ln0' <Predicate = (icmp_ln121)> <Delay = 1.58>

State 15 <SV = 14> <Delay = 10.4>
ST_15 : Operation 1129 [1/1] (0.00ns)   --->   "%specloopname_ln0 = specloopname void @_ssdm_op_SpecLoopName, void @VITIS_LOOP_121_9_VITIS_LOOP_122_10_str"   --->   Operation 1129 'specloopname' 'specloopname_ln0' <Predicate = true> <Delay = 0.00>
ST_15 : Operation 1130 [1/1] (0.00ns)   --->   "%speclooptripcount_ln0 = speclooptripcount void @_ssdm_op_SpecLoopTripCount, i64 192, i64 192, i64 192"   --->   Operation 1130 'speclooptripcount' 'speclooptripcount_ln0' <Predicate = true> <Delay = 0.00>
ST_15 : Operation 1131 [1/1] (0.00ns)   --->   "%zext_ln121 = zext i4 %add_ln121_1" [cnn_hls.cpp:121]   --->   Operation 1131 'zext' 'zext_ln121' <Predicate = true> <Delay = 0.00>
ST_15 : Operation 1132 [1/1] (0.00ns)   --->   "%buffer_c3_addr = getelementptr i7 %buffer_c3, i64 0, i64 %zext_ln121" [cnn_hls.cpp:139]   --->   Operation 1132 'getelementptr' 'buffer_c3_addr' <Predicate = true> <Delay = 0.00>
ST_15 : Operation 1133 [1/1] (0.00ns)   --->   "%buffer_c3_1_addr = getelementptr i7 %buffer_c3_1, i64 0, i64 %zext_ln121" [cnn_hls.cpp:139]   --->   Operation 1133 'getelementptr' 'buffer_c3_1_addr' <Predicate = true> <Delay = 0.00>
ST_15 : Operation 1134 [1/1] (0.00ns)   --->   "%buffer_c3_2_addr = getelementptr i7 %buffer_c3_2, i64 0, i64 %zext_ln121" [cnn_hls.cpp:139]   --->   Operation 1134 'getelementptr' 'buffer_c3_2_addr' <Predicate = true> <Delay = 0.00>
ST_15 : Operation 1135 [1/1] (0.00ns)   --->   "%buffer_c3_3_addr = getelementptr i7 %buffer_c3_3, i64 0, i64 %zext_ln121" [cnn_hls.cpp:139]   --->   Operation 1135 'getelementptr' 'buffer_c3_3_addr' <Predicate = true> <Delay = 0.00>
ST_15 : Operation 1136 [1/1] (0.00ns)   --->   "%buffer_c3_4_addr = getelementptr i7 %buffer_c3_4, i64 0, i64 %zext_ln121" [cnn_hls.cpp:139]   --->   Operation 1136 'getelementptr' 'buffer_c3_4_addr' <Predicate = true> <Delay = 0.00>
ST_15 : Operation 1137 [1/1] (0.00ns)   --->   "%buffer_c3_5_addr = getelementptr i7 %buffer_c3_5, i64 0, i64 %zext_ln121" [cnn_hls.cpp:139]   --->   Operation 1137 'getelementptr' 'buffer_c3_5_addr' <Predicate = true> <Delay = 0.00>
ST_15 : Operation 1138 [1/1] (0.00ns)   --->   "%buffer_c3_6_addr = getelementptr i7 %buffer_c3_6, i64 0, i64 %zext_ln121" [cnn_hls.cpp:139]   --->   Operation 1138 'getelementptr' 'buffer_c3_6_addr' <Predicate = true> <Delay = 0.00>
ST_15 : Operation 1139 [1/1] (0.00ns)   --->   "%buffer_c3_7_addr = getelementptr i7 %buffer_c3_7, i64 0, i64 %zext_ln121" [cnn_hls.cpp:139]   --->   Operation 1139 'getelementptr' 'buffer_c3_7_addr' <Predicate = true> <Delay = 0.00>
ST_15 : Operation 1140 [1/1] (0.00ns)   --->   "%buffer_c3_8_addr = getelementptr i7 %buffer_c3_8, i64 0, i64 %zext_ln121" [cnn_hls.cpp:139]   --->   Operation 1140 'getelementptr' 'buffer_c3_8_addr' <Predicate = true> <Delay = 0.00>
ST_15 : Operation 1141 [1/1] (0.00ns)   --->   "%buffer_c3_9_addr = getelementptr i7 %buffer_c3_9, i64 0, i64 %zext_ln121" [cnn_hls.cpp:139]   --->   Operation 1141 'getelementptr' 'buffer_c3_9_addr' <Predicate = true> <Delay = 0.00>
ST_15 : Operation 1142 [1/1] (0.00ns)   --->   "%buffer_c3_10_addr = getelementptr i7 %buffer_c3_10, i64 0, i64 %zext_ln121" [cnn_hls.cpp:139]   --->   Operation 1142 'getelementptr' 'buffer_c3_10_addr' <Predicate = true> <Delay = 0.00>
ST_15 : Operation 1143 [1/1] (0.00ns)   --->   "%buffer_c3_11_addr = getelementptr i7 %buffer_c3_11, i64 0, i64 %zext_ln121" [cnn_hls.cpp:139]   --->   Operation 1143 'getelementptr' 'buffer_c3_11_addr' <Predicate = true> <Delay = 0.00>
ST_15 : Operation 1144 [1/1] (0.00ns)   --->   "%buffer_c3_12_addr = getelementptr i7 %buffer_c3_12, i64 0, i64 %zext_ln121" [cnn_hls.cpp:139]   --->   Operation 1144 'getelementptr' 'buffer_c3_12_addr' <Predicate = true> <Delay = 0.00>
ST_15 : Operation 1145 [1/1] (0.00ns)   --->   "%buffer_c3_13_addr = getelementptr i7 %buffer_c3_13, i64 0, i64 %zext_ln121" [cnn_hls.cpp:139]   --->   Operation 1145 'getelementptr' 'buffer_c3_13_addr' <Predicate = true> <Delay = 0.00>
ST_15 : Operation 1146 [1/1] (0.00ns)   --->   "%buffer_c3_14_addr = getelementptr i7 %buffer_c3_14, i64 0, i64 %zext_ln121" [cnn_hls.cpp:139]   --->   Operation 1146 'getelementptr' 'buffer_c3_14_addr' <Predicate = true> <Delay = 0.00>
ST_15 : Operation 1147 [1/1] (0.00ns)   --->   "%buffer_c3_15_addr = getelementptr i7 %buffer_c3_15, i64 0, i64 %zext_ln121" [cnn_hls.cpp:139]   --->   Operation 1147 'getelementptr' 'buffer_c3_15_addr' <Predicate = true> <Delay = 0.00>
ST_15 : Operation 1148 [1/1] (0.00ns)   --->   "%specpipeline_ln123 = specpipeline void @_ssdm_op_SpecPipeline, i32 1, i32 0, i32 0, i32 0, i32 4294967295, void @empty_4" [cnn_hls.cpp:123]   --->   Operation 1148 'specpipeline' 'specpipeline_ln123' <Predicate = true> <Delay = 0.00>
ST_15 : Operation 1149 [1/1] (0.00ns)   --->   "%zext_ln13 = zext i6 %conv3_shift_load" [cnn_hls.cpp:13->cnn_hls.cpp:139]   --->   Operation 1149 'zext' 'zext_ln13' <Predicate = true> <Delay = 0.00>
ST_15 : Operation 1150 [1/1] (4.61ns)   --->   "%res = ashr i51 %acc64_4, i51 %zext_ln13" [cnn_hls.cpp:13->cnn_hls.cpp:139]   --->   Operation 1150 'ashr' 'res' <Predicate = true> <Delay = 4.61> <CoreInst = "Shifter">   --->   Core 75 'Shifter' <Latency = 0> <II = 1> <Delay = 4.61> <FuncUnit> <Opcode : 'shl' 'lshr' 'ashr'> <InPorts = 2> <OutPorts = 1>
ST_15 : Operation 1151 [1/1] (0.00ns)   --->   "%trunc_ln13 = trunc i51 %res" [cnn_hls.cpp:13->cnn_hls.cpp:139]   --->   Operation 1151 'trunc' 'trunc_ln13' <Predicate = true> <Delay = 0.00>
ST_15 : Operation 1152 [1/1] (0.00ns)   --->   "%tmp_29 = bitselect i1 @_ssdm_op_BitSelect.i1.i51.i32, i51 %res, i32 13" [cnn_hls.cpp:17->cnn_hls.cpp:139]   --->   Operation 1152 'bitselect' 'tmp_29' <Predicate = true> <Delay = 0.00>
ST_15 : Operation 1153 [1/1] (0.69ns)   --->   "%res_3 = select i1 %tmp_29, i13 0, i13 %trunc_ln13" [cnn_hls.cpp:17->cnn_hls.cpp:139]   --->   Operation 1153 'select' 'res_3' <Predicate = true> <Delay = 0.69> <CoreInst = "Sel">   --->   Core 73 'Sel' <Latency = 0> <II = 1> <Delay = 0.69> <FuncUnit> <Opcode : 'select'> <InPorts = 3> <OutPorts = 1>
ST_15 : Operation 1154 [1/1] (0.00ns)   --->   "%tmp_30 = partselect i6 @_ssdm_op_PartSelect.i6.i13.i32.i32, i13 %res_3, i32 7, i32 12" [cnn_hls.cpp:20->cnn_hls.cpp:139]   --->   Operation 1154 'partselect' 'tmp_30' <Predicate = true> <Delay = 0.00>
ST_15 : Operation 1155 [1/1] (1.82ns)   --->   "%icmp_ln20 = icmp_ne  i6 %tmp_30, i6 0" [cnn_hls.cpp:20->cnn_hls.cpp:139]   --->   Operation 1155 'icmp' 'icmp_ln20' <Predicate = true> <Delay = 1.82> <CoreInst = "Cmp">   --->   Core 9 'Cmp' <Latency = 0> <II = 1> <Delay = 1.82> <FuncUnit> <Opcode : 'seteq' 'setne' 'setle' 'setge' 'setlt' 'setgt'> <InPorts = 2> <OutPorts = 1>
ST_15 : Operation 1156 [1/1] (0.00ns)   --->   "%trunc_ln22 = trunc i13 %res_3" [cnn_hls.cpp:22->cnn_hls.cpp:139]   --->   Operation 1156 'trunc' 'trunc_ln22' <Predicate = true> <Delay = 0.00>
ST_15 : Operation 1157 [1/1] (0.99ns)   --->   "%select_ln20 = select i1 %icmp_ln20, i7 127, i7 %trunc_ln22" [cnn_hls.cpp:20->cnn_hls.cpp:139]   --->   Operation 1157 'select' 'select_ln20' <Predicate = true> <Delay = 0.99> <CoreInst = "Sel">   --->   Core 73 'Sel' <Latency = 0> <II = 1> <Delay = 0.99> <FuncUnit> <Opcode : 'select'> <InPorts = 3> <OutPorts = 1>
ST_15 : Operation 1158 [1/1] ( I:2.32ns O:2.32ns )   --->   "%store_ln139 = store i7 %select_ln20, i4 %buffer_c3_14_addr" [cnn_hls.cpp:139]   --->   Operation 1158 'store' 'store_ln139' <Predicate = (trunc_ln122 == 14)> <Delay = 2.32> <CoreInst = "RAM">   --->   Core 81 'RAM' <Latency = 1> <II = 1> <Delay = 2.32> <Storage> <Opcode : 'load' 'store'> <Ports = 2> <Width = 7> <Depth = 12> <RAM>
ST_15 : Operation 1159 [1/1] (0.00ns)   --->   "%br_ln139 = br void %arrayidx1762.exit" [cnn_hls.cpp:139]   --->   Operation 1159 'br' 'br_ln139' <Predicate = (trunc_ln122 == 14)> <Delay = 0.00>
ST_15 : Operation 1160 [1/1] ( I:2.32ns O:2.32ns )   --->   "%store_ln139 = store i7 %select_ln20, i4 %buffer_c3_13_addr" [cnn_hls.cpp:139]   --->   Operation 1160 'store' 'store_ln139' <Predicate = (trunc_ln122 == 13)> <Delay = 2.32> <CoreInst = "RAM">   --->   Core 81 'RAM' <Latency = 1> <II = 1> <Delay = 2.32> <Storage> <Opcode : 'load' 'store'> <Ports = 2> <Width = 7> <Depth = 12> <RAM>
ST_15 : Operation 1161 [1/1] (0.00ns)   --->   "%br_ln139 = br void %arrayidx1762.exit" [cnn_hls.cpp:139]   --->   Operation 1161 'br' 'br_ln139' <Predicate = (trunc_ln122 == 13)> <Delay = 0.00>
ST_15 : Operation 1162 [1/1] ( I:2.32ns O:2.32ns )   --->   "%store_ln139 = store i7 %select_ln20, i4 %buffer_c3_12_addr" [cnn_hls.cpp:139]   --->   Operation 1162 'store' 'store_ln139' <Predicate = (trunc_ln122 == 12)> <Delay = 2.32> <CoreInst = "RAM">   --->   Core 81 'RAM' <Latency = 1> <II = 1> <Delay = 2.32> <Storage> <Opcode : 'load' 'store'> <Ports = 2> <Width = 7> <Depth = 12> <RAM>
ST_15 : Operation 1163 [1/1] (0.00ns)   --->   "%br_ln139 = br void %arrayidx1762.exit" [cnn_hls.cpp:139]   --->   Operation 1163 'br' 'br_ln139' <Predicate = (trunc_ln122 == 12)> <Delay = 0.00>
ST_15 : Operation 1164 [1/1] ( I:2.32ns O:2.32ns )   --->   "%store_ln139 = store i7 %select_ln20, i4 %buffer_c3_11_addr" [cnn_hls.cpp:139]   --->   Operation 1164 'store' 'store_ln139' <Predicate = (trunc_ln122 == 11)> <Delay = 2.32> <CoreInst = "RAM">   --->   Core 81 'RAM' <Latency = 1> <II = 1> <Delay = 2.32> <Storage> <Opcode : 'load' 'store'> <Ports = 2> <Width = 7> <Depth = 12> <RAM>
ST_15 : Operation 1165 [1/1] (0.00ns)   --->   "%br_ln139 = br void %arrayidx1762.exit" [cnn_hls.cpp:139]   --->   Operation 1165 'br' 'br_ln139' <Predicate = (trunc_ln122 == 11)> <Delay = 0.00>
ST_15 : Operation 1166 [1/1] ( I:2.32ns O:2.32ns )   --->   "%store_ln139 = store i7 %select_ln20, i4 %buffer_c3_10_addr" [cnn_hls.cpp:139]   --->   Operation 1166 'store' 'store_ln139' <Predicate = (trunc_ln122 == 10)> <Delay = 2.32> <CoreInst = "RAM">   --->   Core 81 'RAM' <Latency = 1> <II = 1> <Delay = 2.32> <Storage> <Opcode : 'load' 'store'> <Ports = 2> <Width = 7> <Depth = 12> <RAM>
ST_15 : Operation 1167 [1/1] (0.00ns)   --->   "%br_ln139 = br void %arrayidx1762.exit" [cnn_hls.cpp:139]   --->   Operation 1167 'br' 'br_ln139' <Predicate = (trunc_ln122 == 10)> <Delay = 0.00>
ST_15 : Operation 1168 [1/1] ( I:2.32ns O:2.32ns )   --->   "%store_ln139 = store i7 %select_ln20, i4 %buffer_c3_9_addr" [cnn_hls.cpp:139]   --->   Operation 1168 'store' 'store_ln139' <Predicate = (trunc_ln122 == 9)> <Delay = 2.32> <CoreInst = "RAM">   --->   Core 81 'RAM' <Latency = 1> <II = 1> <Delay = 2.32> <Storage> <Opcode : 'load' 'store'> <Ports = 2> <Width = 7> <Depth = 12> <RAM>
ST_15 : Operation 1169 [1/1] (0.00ns)   --->   "%br_ln139 = br void %arrayidx1762.exit" [cnn_hls.cpp:139]   --->   Operation 1169 'br' 'br_ln139' <Predicate = (trunc_ln122 == 9)> <Delay = 0.00>
ST_15 : Operation 1170 [1/1] ( I:2.32ns O:2.32ns )   --->   "%store_ln139 = store i7 %select_ln20, i4 %buffer_c3_8_addr" [cnn_hls.cpp:139]   --->   Operation 1170 'store' 'store_ln139' <Predicate = (trunc_ln122 == 8)> <Delay = 2.32> <CoreInst = "RAM">   --->   Core 81 'RAM' <Latency = 1> <II = 1> <Delay = 2.32> <Storage> <Opcode : 'load' 'store'> <Ports = 2> <Width = 7> <Depth = 12> <RAM>
ST_15 : Operation 1171 [1/1] (0.00ns)   --->   "%br_ln139 = br void %arrayidx1762.exit" [cnn_hls.cpp:139]   --->   Operation 1171 'br' 'br_ln139' <Predicate = (trunc_ln122 == 8)> <Delay = 0.00>
ST_15 : Operation 1172 [1/1] ( I:2.32ns O:2.32ns )   --->   "%store_ln139 = store i7 %select_ln20, i4 %buffer_c3_7_addr" [cnn_hls.cpp:139]   --->   Operation 1172 'store' 'store_ln139' <Predicate = (trunc_ln122 == 7)> <Delay = 2.32> <CoreInst = "RAM">   --->   Core 81 'RAM' <Latency = 1> <II = 1> <Delay = 2.32> <Storage> <Opcode : 'load' 'store'> <Ports = 2> <Width = 7> <Depth = 12> <RAM>
ST_15 : Operation 1173 [1/1] (0.00ns)   --->   "%br_ln139 = br void %arrayidx1762.exit" [cnn_hls.cpp:139]   --->   Operation 1173 'br' 'br_ln139' <Predicate = (trunc_ln122 == 7)> <Delay = 0.00>
ST_15 : Operation 1174 [1/1] ( I:2.32ns O:2.32ns )   --->   "%store_ln139 = store i7 %select_ln20, i4 %buffer_c3_6_addr" [cnn_hls.cpp:139]   --->   Operation 1174 'store' 'store_ln139' <Predicate = (trunc_ln122 == 6)> <Delay = 2.32> <CoreInst = "RAM">   --->   Core 81 'RAM' <Latency = 1> <II = 1> <Delay = 2.32> <Storage> <Opcode : 'load' 'store'> <Ports = 2> <Width = 7> <Depth = 12> <RAM>
ST_15 : Operation 1175 [1/1] (0.00ns)   --->   "%br_ln139 = br void %arrayidx1762.exit" [cnn_hls.cpp:139]   --->   Operation 1175 'br' 'br_ln139' <Predicate = (trunc_ln122 == 6)> <Delay = 0.00>
ST_15 : Operation 1176 [1/1] ( I:2.32ns O:2.32ns )   --->   "%store_ln139 = store i7 %select_ln20, i4 %buffer_c3_5_addr" [cnn_hls.cpp:139]   --->   Operation 1176 'store' 'store_ln139' <Predicate = (trunc_ln122 == 5)> <Delay = 2.32> <CoreInst = "RAM">   --->   Core 81 'RAM' <Latency = 1> <II = 1> <Delay = 2.32> <Storage> <Opcode : 'load' 'store'> <Ports = 2> <Width = 7> <Depth = 12> <RAM>
ST_15 : Operation 1177 [1/1] (0.00ns)   --->   "%br_ln139 = br void %arrayidx1762.exit" [cnn_hls.cpp:139]   --->   Operation 1177 'br' 'br_ln139' <Predicate = (trunc_ln122 == 5)> <Delay = 0.00>
ST_15 : Operation 1178 [1/1] ( I:2.32ns O:2.32ns )   --->   "%store_ln139 = store i7 %select_ln20, i4 %buffer_c3_4_addr" [cnn_hls.cpp:139]   --->   Operation 1178 'store' 'store_ln139' <Predicate = (trunc_ln122 == 4)> <Delay = 2.32> <CoreInst = "RAM">   --->   Core 81 'RAM' <Latency = 1> <II = 1> <Delay = 2.32> <Storage> <Opcode : 'load' 'store'> <Ports = 2> <Width = 7> <Depth = 12> <RAM>
ST_15 : Operation 1179 [1/1] (0.00ns)   --->   "%br_ln139 = br void %arrayidx1762.exit" [cnn_hls.cpp:139]   --->   Operation 1179 'br' 'br_ln139' <Predicate = (trunc_ln122 == 4)> <Delay = 0.00>
ST_15 : Operation 1180 [1/1] ( I:2.32ns O:2.32ns )   --->   "%store_ln139 = store i7 %select_ln20, i4 %buffer_c3_3_addr" [cnn_hls.cpp:139]   --->   Operation 1180 'store' 'store_ln139' <Predicate = (trunc_ln122 == 3)> <Delay = 2.32> <CoreInst = "RAM">   --->   Core 81 'RAM' <Latency = 1> <II = 1> <Delay = 2.32> <Storage> <Opcode : 'load' 'store'> <Ports = 2> <Width = 7> <Depth = 12> <RAM>
ST_15 : Operation 1181 [1/1] (0.00ns)   --->   "%br_ln139 = br void %arrayidx1762.exit" [cnn_hls.cpp:139]   --->   Operation 1181 'br' 'br_ln139' <Predicate = (trunc_ln122 == 3)> <Delay = 0.00>
ST_15 : Operation 1182 [1/1] ( I:2.32ns O:2.32ns )   --->   "%store_ln139 = store i7 %select_ln20, i4 %buffer_c3_2_addr" [cnn_hls.cpp:139]   --->   Operation 1182 'store' 'store_ln139' <Predicate = (trunc_ln122 == 2)> <Delay = 2.32> <CoreInst = "RAM">   --->   Core 81 'RAM' <Latency = 1> <II = 1> <Delay = 2.32> <Storage> <Opcode : 'load' 'store'> <Ports = 2> <Width = 7> <Depth = 12> <RAM>
ST_15 : Operation 1183 [1/1] (0.00ns)   --->   "%br_ln139 = br void %arrayidx1762.exit" [cnn_hls.cpp:139]   --->   Operation 1183 'br' 'br_ln139' <Predicate = (trunc_ln122 == 2)> <Delay = 0.00>
ST_15 : Operation 1184 [1/1] ( I:2.32ns O:2.32ns )   --->   "%store_ln139 = store i7 %select_ln20, i4 %buffer_c3_1_addr" [cnn_hls.cpp:139]   --->   Operation 1184 'store' 'store_ln139' <Predicate = (trunc_ln122 == 1)> <Delay = 2.32> <CoreInst = "RAM">   --->   Core 81 'RAM' <Latency = 1> <II = 1> <Delay = 2.32> <Storage> <Opcode : 'load' 'store'> <Ports = 2> <Width = 7> <Depth = 12> <RAM>
ST_15 : Operation 1185 [1/1] (0.00ns)   --->   "%br_ln139 = br void %arrayidx1762.exit" [cnn_hls.cpp:139]   --->   Operation 1185 'br' 'br_ln139' <Predicate = (trunc_ln122 == 1)> <Delay = 0.00>
ST_15 : Operation 1186 [1/1] ( I:2.32ns O:2.32ns )   --->   "%store_ln139 = store i7 %select_ln20, i4 %buffer_c3_addr" [cnn_hls.cpp:139]   --->   Operation 1186 'store' 'store_ln139' <Predicate = (trunc_ln122 == 0)> <Delay = 2.32> <CoreInst = "RAM">   --->   Core 81 'RAM' <Latency = 1> <II = 1> <Delay = 2.32> <Storage> <Opcode : 'load' 'store'> <Ports = 2> <Width = 7> <Depth = 12> <RAM>
ST_15 : Operation 1187 [1/1] (0.00ns)   --->   "%br_ln139 = br void %arrayidx1762.exit" [cnn_hls.cpp:139]   --->   Operation 1187 'br' 'br_ln139' <Predicate = (trunc_ln122 == 0)> <Delay = 0.00>
ST_15 : Operation 1188 [1/1] ( I:2.32ns O:2.32ns )   --->   "%store_ln139 = store i7 %select_ln20, i4 %buffer_c3_15_addr" [cnn_hls.cpp:139]   --->   Operation 1188 'store' 'store_ln139' <Predicate = (trunc_ln122 == 15)> <Delay = 2.32> <CoreInst = "RAM">   --->   Core 81 'RAM' <Latency = 1> <II = 1> <Delay = 2.32> <Storage> <Opcode : 'load' 'store'> <Ports = 2> <Width = 7> <Depth = 12> <RAM>
ST_15 : Operation 1189 [1/1] (0.00ns)   --->   "%br_ln139 = br void %arrayidx1762.exit" [cnn_hls.cpp:139]   --->   Operation 1189 'br' 'br_ln139' <Predicate = (trunc_ln122 == 15)> <Delay = 0.00>


============================================================
+ Verbose Summary: Timing violations
============================================================
Target clock period: 20.000ns, clock uncertainty: 5.400ns.

 <State 1>: 7.951ns
The critical path consists of the following:
	'store' operation ('store_ln122', cnn_hls.cpp:122) of constant 0 5 bit on local variable 'oc', cnn_hls.cpp:122 [97]  (1.588 ns)
	'load' operation 5 bit ('oc_load', cnn_hls.cpp:122) on local variable 'oc', cnn_hls.cpp:122 [105]  (0.000 ns)
	'icmp' operation 1 bit ('icmp_ln122', cnn_hls.cpp:122) [109]  (1.780 ns)
	'select' operation 5 bit ('select_ln121', cnn_hls.cpp:121) [110]  (1.215 ns)
	'add' operation 5 bit ('add_ln122', cnn_hls.cpp:122) [983]  (1.780 ns)
	'store' operation ('store_ln122', cnn_hls.cpp:122) of variable 'add_ln122', cnn_hls.cpp:122 5 bit on local variable 'oc', cnn_hls.cpp:122 [986]  (1.588 ns)

 <State 2>: 2.363ns
The critical path consists of the following:
	'urem' operation 2 bit ('urem_ln128', cnn_hls.cpp:128) [120]  (2.363 ns)

 <State 3>: 2.363ns
The critical path consists of the following:
	'urem' operation 2 bit ('urem_ln128', cnn_hls.cpp:128) [120]  (2.363 ns)

 <State 4>: 2.363ns
The critical path consists of the following:
	'urem' operation 2 bit ('urem_ln128', cnn_hls.cpp:128) [120]  (2.363 ns)

 <State 5>: 2.363ns
The critical path consists of the following:
	'urem' operation 2 bit ('urem_ln128', cnn_hls.cpp:128) [120]  (2.363 ns)

 <State 6>: 2.363ns
The critical path consists of the following:
	'urem' operation 2 bit ('urem_ln128', cnn_hls.cpp:128) [120]  (2.363 ns)

 <State 7>: 14.335ns
The critical path consists of the following:
	'add' operation 6 bit ('add_ln128', cnn_hls.cpp:128) [122]  (1.780 ns)
	'mul' operation 129 bit ('mul_ln131', cnn_hls.cpp:131) [125]  (12.555 ns)

 <State 8>: 6.062ns
The critical path consists of the following:
	'mul' operation 11 bit ('mul_ln131_1', cnn_hls.cpp:131) [227]  (3.740 ns)
	'getelementptr' operation 3 bit ('buffer_c2_addr_2', cnn_hls.cpp:132) [231]  (0.000 ns)
	'load' operation 7 bit ('buffer_c2_load_2', cnn_hls.cpp:132) on array 'buffer_c2' [423]  (2.322 ns)

 <State 9>: 5.953ns
The critical path consists of the following:
	'load' operation 7 bit ('buffer_c2_load_1', cnn_hls.cpp:132) on array 'buffer_c2' [375]  (2.322 ns)
	'sparsemux' operation 7 bit ('x', cnn_hls.cpp:132) [526]  (1.588 ns)
	'select' operation 7 bit ('x141_0694815818821826831838845854863874885898911926', cnn_hls.cpp:131) [556]  (0.993 ns)
	'mul' operation 15 bit of DSP[827] ('mul_ln135', cnn_hls.cpp:135) [625]  (1.050 ns)

 <State 10>: 3.372ns
The critical path consists of the following:
	'load' operation 8 bit ('p_ZL12conv3_weight_16_load_1', cnn_hls.cpp:135) on array 'p_ZL12conv3_weight_16' [617]  (2.322 ns)
	'mul' operation 15 bit of DSP[875] ('mul_ln135_3', cnn_hls.cpp:135) [631]  (1.050 ns)

 <State 11>: 8.592ns
The critical path consists of the following:
	'load' operation 8 bit ('p_ZL12conv3_weight_18_load_1', cnn_hls.cpp:135) on array 'p_ZL12conv3_weight_18' [524]  (2.322 ns)
	'mul' operation 15 bit ('mul_ln135_18', cnn_hls.cpp:135) [661]  (4.170 ns)
	'add' operation 16 bit of DSP[817] ('add_ln135', cnn_hls.cpp:135) [817]  (2.100 ns)

 <State 12>: 4.200ns
The critical path consists of the following:
	'add' operation 16 bit of DSP[821] ('add_ln135_2', cnn_hls.cpp:135) [821]  (2.100 ns)
	'add' operation 17 bit of DSP[823] ('add_ln135_3', cnn_hls.cpp:135) [823]  (2.100 ns)

 <State 13>: 13.004ns
The critical path consists of the following:
	'load' operation 16 bit ('acc', cnn_hls.cpp:124) on array 'conv3_bias' [475]  (2.322 ns)
	'add' operation 17 bit ('add_ln135_1', cnn_hls.cpp:135) [819]  (2.077 ns)
	'add' operation 18 bit ('add_ln135_4', cnn_hls.cpp:135) [825]  (2.107 ns)
	'add' operation 19 bit ('add_ln135_10', cnn_hls.cpp:135) [837]  (2.136 ns)
	'add' operation 20 bit ('add_ln135_22', cnn_hls.cpp:135) [861]  (2.166 ns)
	'add' operation 21 bit ('acc', cnn_hls.cpp:135) [911]  (2.196 ns)

 <State 14>: 11.163ns
The critical path consists of the following:
	'mul' operation 51 bit ('acc64', cnn_hls.cpp:6->cnn_hls.cpp:139) [918]  (7.979 ns)
	'add' operation 51 bit ('acc64', cnn_hls.cpp:10->cnn_hls.cpp:139) [923]  (3.185 ns)

 <State 15>: 10.457ns
The critical path consists of the following:
	'ashr' operation 51 bit ('res', cnn_hls.cpp:13->cnn_hls.cpp:139) [925]  (4.617 ns)
	'select' operation 13 bit ('res', cnn_hls.cpp:17->cnn_hls.cpp:139) [928]  (0.700 ns)
	'icmp' operation 1 bit ('icmp_ln20', cnn_hls.cpp:20->cnn_hls.cpp:139) [930]  (1.825 ns)
	'select' operation 7 bit ('select_ln20', cnn_hls.cpp:20->cnn_hls.cpp:139) [932]  (0.993 ns)
	'store' operation ('store_ln139', cnn_hls.cpp:139) of variable 'select_ln20', cnn_hls.cpp:20->cnn_hls.cpp:139 7 bit on array 'buffer_c3_11' [944]  (2.322 ns)


============================================================
+ Verbose Summary: Binding
============================================================
N/A
* FSMD analyzer results:
  - Output states:
 - Input state : 
  - Chain level:
	State 1
	State 2
	State 3
	State 4
	State 5
	State 6
	State 7
	State 8
	State 9
	State 10
	State 11
	State 12
	State 13
	State 14
	State 15


============================================================
+ Verbose Summary: Datapath Resource usage 
============================================================
N/A
