

================================================================
== Vitis HLS Report for 'tiny_ecg_inference_Pipeline_VITIS_LOOP_156_15'
================================================================
* Date:           Sat Sep  5 11:47:55 2026

* Version:        2026.1 (Build 6493734 on Jun 16 2026)
* Project:        tiny_ecg_hls
* Solution:       solution1 (Vivado IP Flow Target)
* Product family: zynq
* Target device:  xc7z020-clg484-1


================================================================
== Performance Estimates
================================================================
+ Timing: 
    * Summary: 
    +--------+----------+-----------+------------+
    |  Clock |  Target  | Estimated | Uncertainty|
    +--------+----------+-----------+------------+
    |ap_clk  |  20.00 ns|  14.600 ns|     5.40 ns|
    +--------+----------+-----------+------------+

+ Latency: 
    * Summary: 
    +---------+---------+----------+----------+-----+-----+-------------------+
    |  Latency (cycles) |  Latency (absolute) |  Interval |      Pipeline     |
    |   min   |   max   |    min   |    max   | min | max |        Type       |
    +---------+---------+----------+----------+-----+-----+-------------------+
    |       11|       11|  0.220 us|  0.220 us|    0|    0|  loop pipeline stp|
    +---------+---------+----------+----------+-----+-----+-------------------+

    + Detail: 
        * Instance: 
        N/A

        * Loop: 
        +---------------------+---------+---------+----------+-----------+-----------+------+----------+
        |                     |  Latency (cycles) | Iteration|  Initiation Interval  | Trip |          |
        |      Loop Name      |   min   |   max   |  Latency |  achieved |   target  | Count| Pipelined|
        +---------------------+---------+---------+----------+-----------+-----------+------+----------+
        |- VITIS_LOOP_156_15  |        9|        9|         9|          1|          1|     2|       yes|
        +---------------------+---------+---------+----------+-----------+-----------+------+----------+

============================================================
+ Verbose Summary: Synthesis Manager
============================================================
InlineROM: 1
ExposeGlobal: 0
============================================================
+ Verbose Summary: CDFG Model
============================================================
IsTopModel: 0
ResetActiveHigh: 1
IsCombinational: 0
IsDatapathOnly: 0
HasWiredReturn: 1
HasMFsm: 2
HasVarLatency: 1
IsPipeline: 0
IsRtlPipelined: 0
IsInstanceOverlapped: 0
IsDontTouch: 0
HasImplIP: 0
IsGatedGlobalClock: 0

+ Individual pipeline summary: 
  * Pipeline-0: initiation interval (II) = 1, depth = 9


============================================================
+ Verbose Summary: Schedule
============================================================
* Number of FSM states : 9
* Pipeline : 1
  Pipeline-0 : II = 1, D = 9, States = { 1 2 3 4 5 6 7 8 9 }
* Dataflow Pipeline: 0

* FSM state transitions: 
1 --> 2 
2 --> 3 
3 --> 4 
4 --> 5 
5 --> 6 
6 --> 7 
7 --> 8 
8 --> 9 
9 --> 

* FSM state operations: 

State 1 <SV = 0> <Delay = 5.45>
ST_1 : Operation 12 [1/1] (0.00ns)   --->   "%out_class = alloca i32 1" [cnn_hls.cpp:156]   --->   Operation 12 'alloca' 'out_class' <Predicate = true> <Delay = 0.00>
ST_1 : Operation 13 [1/1] (0.00ns)   --->   "%zext_ln161_64_read = read i7 @_ssdm_op_Read.ap_auto.i7, i7 %zext_ln161_64"   --->   Operation 13 'read' 'zext_ln161_64_read' <Predicate = true> <Delay = 0.00>
ST_1 : Operation 14 [1/1] (0.00ns)   --->   "%zext_ln161_191_read = read i7 @_ssdm_op_Read.ap_auto.i7, i7 %zext_ln161_191"   --->   Operation 14 'read' 'zext_ln161_191_read' <Predicate = true> <Delay = 0.00>
ST_1 : Operation 15 [1/1] (0.00ns)   --->   "%zext_ln161_129_read = read i7 @_ssdm_op_Read.ap_auto.i7, i7 %zext_ln161_129"   --->   Operation 15 'read' 'zext_ln161_129_read' <Predicate = true> <Delay = 0.00>
ST_1 : Operation 16 [1/1] (0.00ns)   --->   "%zext_ln161_130_read = read i7 @_ssdm_op_Read.ap_auto.i7, i7 %zext_ln161_130"   --->   Operation 16 'read' 'zext_ln161_130_read' <Predicate = true> <Delay = 0.00>
ST_1 : Operation 17 [1/1] (0.00ns)   --->   "%zext_ln161_131_read = read i7 @_ssdm_op_Read.ap_auto.i7, i7 %zext_ln161_131"   --->   Operation 17 'read' 'zext_ln161_131_read' <Predicate = true> <Delay = 0.00>
ST_1 : Operation 18 [1/1] (0.00ns)   --->   "%zext_ln161_132_read = read i7 @_ssdm_op_Read.ap_auto.i7, i7 %zext_ln161_132"   --->   Operation 18 'read' 'zext_ln161_132_read' <Predicate = true> <Delay = 0.00>
ST_1 : Operation 19 [1/1] (0.00ns)   --->   "%zext_ln161_133_read = read i7 @_ssdm_op_Read.ap_auto.i7, i7 %zext_ln161_133"   --->   Operation 19 'read' 'zext_ln161_133_read' <Predicate = true> <Delay = 0.00>
ST_1 : Operation 20 [1/1] (0.00ns)   --->   "%zext_ln161_134_read = read i7 @_ssdm_op_Read.ap_auto.i7, i7 %zext_ln161_134"   --->   Operation 20 'read' 'zext_ln161_134_read' <Predicate = true> <Delay = 0.00>
ST_1 : Operation 21 [1/1] (0.00ns)   --->   "%zext_ln161_135_read = read i7 @_ssdm_op_Read.ap_auto.i7, i7 %zext_ln161_135"   --->   Operation 21 'read' 'zext_ln161_135_read' <Predicate = true> <Delay = 0.00>
ST_1 : Operation 22 [1/1] (0.00ns)   --->   "%zext_ln161_136_read = read i7 @_ssdm_op_Read.ap_auto.i7, i7 %zext_ln161_136"   --->   Operation 22 'read' 'zext_ln161_136_read' <Predicate = true> <Delay = 0.00>
ST_1 : Operation 23 [1/1] (0.00ns)   --->   "%zext_ln161_137_read = read i7 @_ssdm_op_Read.ap_auto.i7, i7 %zext_ln161_137"   --->   Operation 23 'read' 'zext_ln161_137_read' <Predicate = true> <Delay = 0.00>
ST_1 : Operation 24 [1/1] (0.00ns)   --->   "%zext_ln161_138_read = read i7 @_ssdm_op_Read.ap_auto.i7, i7 %zext_ln161_138"   --->   Operation 24 'read' 'zext_ln161_138_read' <Predicate = true> <Delay = 0.00>
ST_1 : Operation 25 [1/1] (0.00ns)   --->   "%zext_ln161_139_read = read i7 @_ssdm_op_Read.ap_auto.i7, i7 %zext_ln161_139"   --->   Operation 25 'read' 'zext_ln161_139_read' <Predicate = true> <Delay = 0.00>
ST_1 : Operation 26 [1/1] (0.00ns)   --->   "%zext_ln161_140_read = read i7 @_ssdm_op_Read.ap_auto.i7, i7 %zext_ln161_140"   --->   Operation 26 'read' 'zext_ln161_140_read' <Predicate = true> <Delay = 0.00>
ST_1 : Operation 27 [1/1] (0.00ns)   --->   "%zext_ln161_141_read = read i7 @_ssdm_op_Read.ap_auto.i7, i7 %zext_ln161_141"   --->   Operation 27 'read' 'zext_ln161_141_read' <Predicate = true> <Delay = 0.00>
ST_1 : Operation 28 [1/1] (0.00ns)   --->   "%zext_ln161_142_read = read i7 @_ssdm_op_Read.ap_auto.i7, i7 %zext_ln161_142"   --->   Operation 28 'read' 'zext_ln161_142_read' <Predicate = true> <Delay = 0.00>
ST_1 : Operation 29 [1/1] (0.00ns)   --->   "%zext_ln161_143_read = read i7 @_ssdm_op_Read.ap_auto.i7, i7 %zext_ln161_143"   --->   Operation 29 'read' 'zext_ln161_143_read' <Predicate = true> <Delay = 0.00>
ST_1 : Operation 30 [1/1] (0.00ns)   --->   "%x_276_read = read i7 @_ssdm_op_Read.ap_auto.i7, i7 %x_276"   --->   Operation 30 'read' 'x_276_read' <Predicate = true> <Delay = 0.00>
ST_1 : Operation 31 [1/1] (0.00ns)   --->   "%zext_ln161_144_read = read i7 @_ssdm_op_Read.ap_auto.i7, i7 %zext_ln161_144"   --->   Operation 31 'read' 'zext_ln161_144_read' <Predicate = true> <Delay = 0.00>
ST_1 : Operation 32 [1/1] (0.00ns)   --->   "%zext_ln161_145_read = read i7 @_ssdm_op_Read.ap_auto.i7, i7 %zext_ln161_145"   --->   Operation 32 'read' 'zext_ln161_145_read' <Predicate = true> <Delay = 0.00>
ST_1 : Operation 33 [1/1] (0.00ns)   --->   "%zext_ln161_146_read = read i7 @_ssdm_op_Read.ap_auto.i7, i7 %zext_ln161_146"   --->   Operation 33 'read' 'zext_ln161_146_read' <Predicate = true> <Delay = 0.00>
ST_1 : Operation 34 [1/1] (0.00ns)   --->   "%zext_ln161_147_read = read i7 @_ssdm_op_Read.ap_auto.i7, i7 %zext_ln161_147"   --->   Operation 34 'read' 'zext_ln161_147_read' <Predicate = true> <Delay = 0.00>
ST_1 : Operation 35 [1/1] (0.00ns)   --->   "%x_280_read = read i7 @_ssdm_op_Read.ap_auto.i7, i7 %x_280"   --->   Operation 35 'read' 'x_280_read' <Predicate = true> <Delay = 0.00>
ST_1 : Operation 36 [1/1] (0.00ns)   --->   "%zext_ln161_148_read = read i7 @_ssdm_op_Read.ap_auto.i7, i7 %zext_ln161_148"   --->   Operation 36 'read' 'zext_ln161_148_read' <Predicate = true> <Delay = 0.00>
ST_1 : Operation 37 [1/1] (0.00ns)   --->   "%zext_ln161_149_read = read i7 @_ssdm_op_Read.ap_auto.i7, i7 %zext_ln161_149"   --->   Operation 37 'read' 'zext_ln161_149_read' <Predicate = true> <Delay = 0.00>
ST_1 : Operation 38 [1/1] (0.00ns)   --->   "%zext_ln161_150_read = read i7 @_ssdm_op_Read.ap_auto.i7, i7 %zext_ln161_150"   --->   Operation 38 'read' 'zext_ln161_150_read' <Predicate = true> <Delay = 0.00>
ST_1 : Operation 39 [1/1] (0.00ns)   --->   "%zext_ln161_151_read = read i7 @_ssdm_op_Read.ap_auto.i7, i7 %zext_ln161_151"   --->   Operation 39 'read' 'zext_ln161_151_read' <Predicate = true> <Delay = 0.00>
ST_1 : Operation 40 [1/1] (0.00ns)   --->   "%zext_ln161_152_read = read i7 @_ssdm_op_Read.ap_auto.i7, i7 %zext_ln161_152"   --->   Operation 40 'read' 'zext_ln161_152_read' <Predicate = true> <Delay = 0.00>
ST_1 : Operation 41 [1/1] (0.00ns)   --->   "%zext_ln161_153_read = read i7 @_ssdm_op_Read.ap_auto.i7, i7 %zext_ln161_153"   --->   Operation 41 'read' 'zext_ln161_153_read' <Predicate = true> <Delay = 0.00>
ST_1 : Operation 42 [1/1] (0.00ns)   --->   "%zext_ln161_154_read = read i7 @_ssdm_op_Read.ap_auto.i7, i7 %zext_ln161_154"   --->   Operation 42 'read' 'zext_ln161_154_read' <Predicate = true> <Delay = 0.00>
ST_1 : Operation 43 [1/1] (0.00ns)   --->   "%zext_ln161_155_read = read i7 @_ssdm_op_Read.ap_auto.i7, i7 %zext_ln161_155"   --->   Operation 43 'read' 'zext_ln161_155_read' <Predicate = true> <Delay = 0.00>
ST_1 : Operation 44 [1/1] (0.00ns)   --->   "%zext_ln161_156_read = read i7 @_ssdm_op_Read.ap_auto.i7, i7 %zext_ln161_156"   --->   Operation 44 'read' 'zext_ln161_156_read' <Predicate = true> <Delay = 0.00>
ST_1 : Operation 45 [1/1] (0.00ns)   --->   "%zext_ln161_157_read = read i7 @_ssdm_op_Read.ap_auto.i7, i7 %zext_ln161_157"   --->   Operation 45 'read' 'zext_ln161_157_read' <Predicate = true> <Delay = 0.00>
ST_1 : Operation 46 [1/1] (0.00ns)   --->   "%zext_ln161_158_read = read i7 @_ssdm_op_Read.ap_auto.i7, i7 %zext_ln161_158"   --->   Operation 46 'read' 'zext_ln161_158_read' <Predicate = true> <Delay = 0.00>
ST_1 : Operation 47 [1/1] (0.00ns)   --->   "%zext_ln161_159_read = read i7 @_ssdm_op_Read.ap_auto.i7, i7 %zext_ln161_159"   --->   Operation 47 'read' 'zext_ln161_159_read' <Predicate = true> <Delay = 0.00>
ST_1 : Operation 48 [1/1] (0.00ns)   --->   "%zext_ln161_160_read = read i7 @_ssdm_op_Read.ap_auto.i7, i7 %zext_ln161_160"   --->   Operation 48 'read' 'zext_ln161_160_read' <Predicate = true> <Delay = 0.00>
ST_1 : Operation 49 [1/1] (0.00ns)   --->   "%zext_ln161_161_read = read i7 @_ssdm_op_Read.ap_auto.i7, i7 %zext_ln161_161"   --->   Operation 49 'read' 'zext_ln161_161_read' <Predicate = true> <Delay = 0.00>
ST_1 : Operation 50 [1/1] (0.00ns)   --->   "%zext_ln161_162_read = read i7 @_ssdm_op_Read.ap_auto.i7, i7 %zext_ln161_162"   --->   Operation 50 'read' 'zext_ln161_162_read' <Predicate = true> <Delay = 0.00>
ST_1 : Operation 51 [1/1] (0.00ns)   --->   "%zext_ln161_163_read = read i7 @_ssdm_op_Read.ap_auto.i7, i7 %zext_ln161_163"   --->   Operation 51 'read' 'zext_ln161_163_read' <Predicate = true> <Delay = 0.00>
ST_1 : Operation 52 [1/1] (0.00ns)   --->   "%zext_ln161_164_read = read i7 @_ssdm_op_Read.ap_auto.i7, i7 %zext_ln161_164"   --->   Operation 52 'read' 'zext_ln161_164_read' <Predicate = true> <Delay = 0.00>
ST_1 : Operation 53 [1/1] (0.00ns)   --->   "%zext_ln161_165_read = read i7 @_ssdm_op_Read.ap_auto.i7, i7 %zext_ln161_165"   --->   Operation 53 'read' 'zext_ln161_165_read' <Predicate = true> <Delay = 0.00>
ST_1 : Operation 54 [1/1] (0.00ns)   --->   "%zext_ln161_166_read = read i7 @_ssdm_op_Read.ap_auto.i7, i7 %zext_ln161_166"   --->   Operation 54 'read' 'zext_ln161_166_read' <Predicate = true> <Delay = 0.00>
ST_1 : Operation 55 [1/1] (0.00ns)   --->   "%zext_ln161_167_read = read i7 @_ssdm_op_Read.ap_auto.i7, i7 %zext_ln161_167"   --->   Operation 55 'read' 'zext_ln161_167_read' <Predicate = true> <Delay = 0.00>
ST_1 : Operation 56 [1/1] (0.00ns)   --->   "%zext_ln161_168_read = read i7 @_ssdm_op_Read.ap_auto.i7, i7 %zext_ln161_168"   --->   Operation 56 'read' 'zext_ln161_168_read' <Predicate = true> <Delay = 0.00>
ST_1 : Operation 57 [1/1] (0.00ns)   --->   "%zext_ln161_169_read = read i7 @_ssdm_op_Read.ap_auto.i7, i7 %zext_ln161_169"   --->   Operation 57 'read' 'zext_ln161_169_read' <Predicate = true> <Delay = 0.00>
ST_1 : Operation 58 [1/1] (0.00ns)   --->   "%zext_ln161_170_read = read i7 @_ssdm_op_Read.ap_auto.i7, i7 %zext_ln161_170"   --->   Operation 58 'read' 'zext_ln161_170_read' <Predicate = true> <Delay = 0.00>
ST_1 : Operation 59 [1/1] (0.00ns)   --->   "%zext_ln161_171_read = read i7 @_ssdm_op_Read.ap_auto.i7, i7 %zext_ln161_171"   --->   Operation 59 'read' 'zext_ln161_171_read' <Predicate = true> <Delay = 0.00>
ST_1 : Operation 60 [1/1] (0.00ns)   --->   "%zext_ln161_172_read = read i7 @_ssdm_op_Read.ap_auto.i7, i7 %zext_ln161_172"   --->   Operation 60 'read' 'zext_ln161_172_read' <Predicate = true> <Delay = 0.00>
ST_1 : Operation 61 [1/1] (0.00ns)   --->   "%zext_ln161_173_read = read i7 @_ssdm_op_Read.ap_auto.i7, i7 %zext_ln161_173"   --->   Operation 61 'read' 'zext_ln161_173_read' <Predicate = true> <Delay = 0.00>
ST_1 : Operation 62 [1/1] (0.00ns)   --->   "%zext_ln161_174_read = read i7 @_ssdm_op_Read.ap_auto.i7, i7 %zext_ln161_174"   --->   Operation 62 'read' 'zext_ln161_174_read' <Predicate = true> <Delay = 0.00>
ST_1 : Operation 63 [1/1] (0.00ns)   --->   "%zext_ln161_175_read = read i7 @_ssdm_op_Read.ap_auto.i7, i7 %zext_ln161_175"   --->   Operation 63 'read' 'zext_ln161_175_read' <Predicate = true> <Delay = 0.00>
ST_1 : Operation 64 [1/1] (0.00ns)   --->   "%zext_ln161_176_read = read i7 @_ssdm_op_Read.ap_auto.i7, i7 %zext_ln161_176"   --->   Operation 64 'read' 'zext_ln161_176_read' <Predicate = true> <Delay = 0.00>
ST_1 : Operation 65 [1/1] (0.00ns)   --->   "%zext_ln161_177_read = read i7 @_ssdm_op_Read.ap_auto.i7, i7 %zext_ln161_177"   --->   Operation 65 'read' 'zext_ln161_177_read' <Predicate = true> <Delay = 0.00>
ST_1 : Operation 66 [1/1] (0.00ns)   --->   "%zext_ln161_178_read = read i7 @_ssdm_op_Read.ap_auto.i7, i7 %zext_ln161_178"   --->   Operation 66 'read' 'zext_ln161_178_read' <Predicate = true> <Delay = 0.00>
ST_1 : Operation 67 [1/1] (0.00ns)   --->   "%zext_ln161_179_read = read i7 @_ssdm_op_Read.ap_auto.i7, i7 %zext_ln161_179"   --->   Operation 67 'read' 'zext_ln161_179_read' <Predicate = true> <Delay = 0.00>
ST_1 : Operation 68 [1/1] (0.00ns)   --->   "%zext_ln161_180_read = read i7 @_ssdm_op_Read.ap_auto.i7, i7 %zext_ln161_180"   --->   Operation 68 'read' 'zext_ln161_180_read' <Predicate = true> <Delay = 0.00>
ST_1 : Operation 69 [1/1] (0.00ns)   --->   "%zext_ln161_181_read = read i7 @_ssdm_op_Read.ap_auto.i7, i7 %zext_ln161_181"   --->   Operation 69 'read' 'zext_ln161_181_read' <Predicate = true> <Delay = 0.00>
ST_1 : Operation 70 [1/1] (0.00ns)   --->   "%zext_ln161_182_read = read i7 @_ssdm_op_Read.ap_auto.i7, i7 %zext_ln161_182"   --->   Operation 70 'read' 'zext_ln161_182_read' <Predicate = true> <Delay = 0.00>
ST_1 : Operation 71 [1/1] (0.00ns)   --->   "%zext_ln161_183_read = read i7 @_ssdm_op_Read.ap_auto.i7, i7 %zext_ln161_183"   --->   Operation 71 'read' 'zext_ln161_183_read' <Predicate = true> <Delay = 0.00>
ST_1 : Operation 72 [1/1] (0.00ns)   --->   "%zext_ln161_184_read = read i7 @_ssdm_op_Read.ap_auto.i7, i7 %zext_ln161_184"   --->   Operation 72 'read' 'zext_ln161_184_read' <Predicate = true> <Delay = 0.00>
ST_1 : Operation 73 [1/1] (0.00ns)   --->   "%zext_ln161_185_read = read i7 @_ssdm_op_Read.ap_auto.i7, i7 %zext_ln161_185"   --->   Operation 73 'read' 'zext_ln161_185_read' <Predicate = true> <Delay = 0.00>
ST_1 : Operation 74 [1/1] (0.00ns)   --->   "%zext_ln161_186_read = read i7 @_ssdm_op_Read.ap_auto.i7, i7 %zext_ln161_186"   --->   Operation 74 'read' 'zext_ln161_186_read' <Predicate = true> <Delay = 0.00>
ST_1 : Operation 75 [1/1] (0.00ns)   --->   "%zext_ln161_187_read = read i7 @_ssdm_op_Read.ap_auto.i7, i7 %zext_ln161_187"   --->   Operation 75 'read' 'zext_ln161_187_read' <Predicate = true> <Delay = 0.00>
ST_1 : Operation 76 [1/1] (0.00ns)   --->   "%zext_ln161_188_read = read i7 @_ssdm_op_Read.ap_auto.i7, i7 %zext_ln161_188"   --->   Operation 76 'read' 'zext_ln161_188_read' <Predicate = true> <Delay = 0.00>
ST_1 : Operation 77 [1/1] (0.00ns)   --->   "%zext_ln161_189_read = read i7 @_ssdm_op_Read.ap_auto.i7, i7 %zext_ln161_189"   --->   Operation 77 'read' 'zext_ln161_189_read' <Predicate = true> <Delay = 0.00>
ST_1 : Operation 78 [1/1] (0.00ns)   --->   "%zext_ln161_190_read = read i7 @_ssdm_op_Read.ap_auto.i7, i7 %zext_ln161_190"   --->   Operation 78 'read' 'zext_ln161_190_read' <Predicate = true> <Delay = 0.00>
ST_1 : Operation 79 [1/1] (0.00ns)   --->   "%zext_ln156_read = read i7 @_ssdm_op_Read.ap_auto.i7, i7 %zext_ln156"   --->   Operation 79 'read' 'zext_ln156_read' <Predicate = true> <Delay = 0.00>
ST_1 : Operation 80 [1/1] (0.00ns)   --->   "%zext_ln161_read = read i7 @_ssdm_op_Read.ap_auto.i7, i7 %zext_ln161"   --->   Operation 80 'read' 'zext_ln161_read' <Predicate = true> <Delay = 0.00>
ST_1 : Operation 81 [1/1] (0.00ns)   --->   "%zext_ln161_1_read = read i7 @_ssdm_op_Read.ap_auto.i7, i7 %zext_ln161_1"   --->   Operation 81 'read' 'zext_ln161_1_read' <Predicate = true> <Delay = 0.00>
ST_1 : Operation 82 [1/1] (0.00ns)   --->   "%x_134_read = read i7 @_ssdm_op_Read.ap_auto.i7, i7 %x_134"   --->   Operation 82 'read' 'x_134_read' <Predicate = true> <Delay = 0.00>
ST_1 : Operation 83 [1/1] (0.00ns)   --->   "%zext_ln161_2_read = read i7 @_ssdm_op_Read.ap_auto.i7, i7 %zext_ln161_2"   --->   Operation 83 'read' 'zext_ln161_2_read' <Predicate = true> <Delay = 0.00>
ST_1 : Operation 84 [1/1] (0.00ns)   --->   "%zext_ln161_3_read = read i7 @_ssdm_op_Read.ap_auto.i7, i7 %zext_ln161_3"   --->   Operation 84 'read' 'zext_ln161_3_read' <Predicate = true> <Delay = 0.00>
ST_1 : Operation 85 [1/1] (0.00ns)   --->   "%zext_ln161_4_read = read i7 @_ssdm_op_Read.ap_auto.i7, i7 %zext_ln161_4"   --->   Operation 85 'read' 'zext_ln161_4_read' <Predicate = true> <Delay = 0.00>
ST_1 : Operation 86 [1/1] (0.00ns)   --->   "%x_138_read = read i7 @_ssdm_op_Read.ap_auto.i7, i7 %x_138"   --->   Operation 86 'read' 'x_138_read' <Predicate = true> <Delay = 0.00>
ST_1 : Operation 87 [1/1] (0.00ns)   --->   "%zext_ln161_5_read = read i7 @_ssdm_op_Read.ap_auto.i7, i7 %zext_ln161_5"   --->   Operation 87 'read' 'zext_ln161_5_read' <Predicate = true> <Delay = 0.00>
ST_1 : Operation 88 [1/1] (0.00ns)   --->   "%zext_ln161_6_read = read i7 @_ssdm_op_Read.ap_auto.i7, i7 %zext_ln161_6"   --->   Operation 88 'read' 'zext_ln161_6_read' <Predicate = true> <Delay = 0.00>
ST_1 : Operation 89 [1/1] (0.00ns)   --->   "%zext_ln161_7_read = read i7 @_ssdm_op_Read.ap_auto.i7, i7 %zext_ln161_7"   --->   Operation 89 'read' 'zext_ln161_7_read' <Predicate = true> <Delay = 0.00>
ST_1 : Operation 90 [1/1] (0.00ns)   --->   "%zext_ln161_8_read = read i7 @_ssdm_op_Read.ap_auto.i7, i7 %zext_ln161_8"   --->   Operation 90 'read' 'zext_ln161_8_read' <Predicate = true> <Delay = 0.00>
ST_1 : Operation 91 [1/1] (0.00ns)   --->   "%zext_ln161_9_read = read i7 @_ssdm_op_Read.ap_auto.i7, i7 %zext_ln161_9"   --->   Operation 91 'read' 'zext_ln161_9_read' <Predicate = true> <Delay = 0.00>
ST_1 : Operation 92 [1/1] (0.00ns)   --->   "%zext_ln161_10_read = read i7 @_ssdm_op_Read.ap_auto.i7, i7 %zext_ln161_10"   --->   Operation 92 'read' 'zext_ln161_10_read' <Predicate = true> <Delay = 0.00>
ST_1 : Operation 93 [1/1] (0.00ns)   --->   "%zext_ln161_11_read = read i7 @_ssdm_op_Read.ap_auto.i7, i7 %zext_ln161_11"   --->   Operation 93 'read' 'zext_ln161_11_read' <Predicate = true> <Delay = 0.00>
ST_1 : Operation 94 [1/1] (0.00ns)   --->   "%zext_ln161_12_read = read i7 @_ssdm_op_Read.ap_auto.i7, i7 %zext_ln161_12"   --->   Operation 94 'read' 'zext_ln161_12_read' <Predicate = true> <Delay = 0.00>
ST_1 : Operation 95 [1/1] (0.00ns)   --->   "%zext_ln161_13_read = read i7 @_ssdm_op_Read.ap_auto.i7, i7 %zext_ln161_13"   --->   Operation 95 'read' 'zext_ln161_13_read' <Predicate = true> <Delay = 0.00>
ST_1 : Operation 96 [1/1] (0.00ns)   --->   "%zext_ln161_14_read = read i7 @_ssdm_op_Read.ap_auto.i7, i7 %zext_ln161_14"   --->   Operation 96 'read' 'zext_ln161_14_read' <Predicate = true> <Delay = 0.00>
ST_1 : Operation 97 [1/1] (0.00ns)   --->   "%zext_ln161_15_read = read i7 @_ssdm_op_Read.ap_auto.i7, i7 %zext_ln161_15"   --->   Operation 97 'read' 'zext_ln161_15_read' <Predicate = true> <Delay = 0.00>
ST_1 : Operation 98 [1/1] (0.00ns)   --->   "%zext_ln161_16_read = read i7 @_ssdm_op_Read.ap_auto.i7, i7 %zext_ln161_16"   --->   Operation 98 'read' 'zext_ln161_16_read' <Predicate = true> <Delay = 0.00>
ST_1 : Operation 99 [1/1] (0.00ns)   --->   "%zext_ln161_17_read = read i7 @_ssdm_op_Read.ap_auto.i7, i7 %zext_ln161_17"   --->   Operation 99 'read' 'zext_ln161_17_read' <Predicate = true> <Delay = 0.00>
ST_1 : Operation 100 [1/1] (0.00ns)   --->   "%zext_ln161_18_read = read i7 @_ssdm_op_Read.ap_auto.i7, i7 %zext_ln161_18"   --->   Operation 100 'read' 'zext_ln161_18_read' <Predicate = true> <Delay = 0.00>
ST_1 : Operation 101 [1/1] (0.00ns)   --->   "%zext_ln161_19_read = read i7 @_ssdm_op_Read.ap_auto.i7, i7 %zext_ln161_19"   --->   Operation 101 'read' 'zext_ln161_19_read' <Predicate = true> <Delay = 0.00>
ST_1 : Operation 102 [1/1] (0.00ns)   --->   "%zext_ln161_20_read = read i7 @_ssdm_op_Read.ap_auto.i7, i7 %zext_ln161_20"   --->   Operation 102 'read' 'zext_ln161_20_read' <Predicate = true> <Delay = 0.00>
ST_1 : Operation 103 [1/1] (0.00ns)   --->   "%zext_ln161_21_read = read i7 @_ssdm_op_Read.ap_auto.i7, i7 %zext_ln161_21"   --->   Operation 103 'read' 'zext_ln161_21_read' <Predicate = true> <Delay = 0.00>
ST_1 : Operation 104 [1/1] (0.00ns)   --->   "%zext_ln161_22_read = read i7 @_ssdm_op_Read.ap_auto.i7, i7 %zext_ln161_22"   --->   Operation 104 'read' 'zext_ln161_22_read' <Predicate = true> <Delay = 0.00>
ST_1 : Operation 105 [1/1] (0.00ns)   --->   "%zext_ln161_23_read = read i7 @_ssdm_op_Read.ap_auto.i7, i7 %zext_ln161_23"   --->   Operation 105 'read' 'zext_ln161_23_read' <Predicate = true> <Delay = 0.00>
ST_1 : Operation 106 [1/1] (0.00ns)   --->   "%zext_ln161_24_read = read i7 @_ssdm_op_Read.ap_auto.i7, i7 %zext_ln161_24"   --->   Operation 106 'read' 'zext_ln161_24_read' <Predicate = true> <Delay = 0.00>
ST_1 : Operation 107 [1/1] (0.00ns)   --->   "%zext_ln161_25_read = read i7 @_ssdm_op_Read.ap_auto.i7, i7 %zext_ln161_25"   --->   Operation 107 'read' 'zext_ln161_25_read' <Predicate = true> <Delay = 0.00>
ST_1 : Operation 108 [1/1] (0.00ns)   --->   "%zext_ln161_26_read = read i7 @_ssdm_op_Read.ap_auto.i7, i7 %zext_ln161_26"   --->   Operation 108 'read' 'zext_ln161_26_read' <Predicate = true> <Delay = 0.00>
ST_1 : Operation 109 [1/1] (0.00ns)   --->   "%zext_ln161_27_read = read i7 @_ssdm_op_Read.ap_auto.i7, i7 %zext_ln161_27"   --->   Operation 109 'read' 'zext_ln161_27_read' <Predicate = true> <Delay = 0.00>
ST_1 : Operation 110 [1/1] (0.00ns)   --->   "%zext_ln161_28_read = read i7 @_ssdm_op_Read.ap_auto.i7, i7 %zext_ln161_28"   --->   Operation 110 'read' 'zext_ln161_28_read' <Predicate = true> <Delay = 0.00>
ST_1 : Operation 111 [1/1] (0.00ns)   --->   "%zext_ln161_29_read = read i7 @_ssdm_op_Read.ap_auto.i7, i7 %zext_ln161_29"   --->   Operation 111 'read' 'zext_ln161_29_read' <Predicate = true> <Delay = 0.00>
ST_1 : Operation 112 [1/1] (0.00ns)   --->   "%zext_ln161_30_read = read i7 @_ssdm_op_Read.ap_auto.i7, i7 %zext_ln161_30"   --->   Operation 112 'read' 'zext_ln161_30_read' <Predicate = true> <Delay = 0.00>
ST_1 : Operation 113 [1/1] (0.00ns)   --->   "%zext_ln161_31_read = read i7 @_ssdm_op_Read.ap_auto.i7, i7 %zext_ln161_31"   --->   Operation 113 'read' 'zext_ln161_31_read' <Predicate = true> <Delay = 0.00>
ST_1 : Operation 114 [1/1] (0.00ns)   --->   "%zext_ln161_32_read = read i7 @_ssdm_op_Read.ap_auto.i7, i7 %zext_ln161_32"   --->   Operation 114 'read' 'zext_ln161_32_read' <Predicate = true> <Delay = 0.00>
ST_1 : Operation 115 [1/1] (0.00ns)   --->   "%zext_ln161_33_read = read i7 @_ssdm_op_Read.ap_auto.i7, i7 %zext_ln161_33"   --->   Operation 115 'read' 'zext_ln161_33_read' <Predicate = true> <Delay = 0.00>
ST_1 : Operation 116 [1/1] (0.00ns)   --->   "%zext_ln161_34_read = read i7 @_ssdm_op_Read.ap_auto.i7, i7 %zext_ln161_34"   --->   Operation 116 'read' 'zext_ln161_34_read' <Predicate = true> <Delay = 0.00>
ST_1 : Operation 117 [1/1] (0.00ns)   --->   "%zext_ln161_35_read = read i7 @_ssdm_op_Read.ap_auto.i7, i7 %zext_ln161_35"   --->   Operation 117 'read' 'zext_ln161_35_read' <Predicate = true> <Delay = 0.00>
ST_1 : Operation 118 [1/1] (0.00ns)   --->   "%zext_ln161_36_read = read i7 @_ssdm_op_Read.ap_auto.i7, i7 %zext_ln161_36"   --->   Operation 118 'read' 'zext_ln161_36_read' <Predicate = true> <Delay = 0.00>
ST_1 : Operation 119 [1/1] (0.00ns)   --->   "%zext_ln161_37_read = read i7 @_ssdm_op_Read.ap_auto.i7, i7 %zext_ln161_37"   --->   Operation 119 'read' 'zext_ln161_37_read' <Predicate = true> <Delay = 0.00>
ST_1 : Operation 120 [1/1] (0.00ns)   --->   "%zext_ln161_38_read = read i7 @_ssdm_op_Read.ap_auto.i7, i7 %zext_ln161_38"   --->   Operation 120 'read' 'zext_ln161_38_read' <Predicate = true> <Delay = 0.00>
ST_1 : Operation 121 [1/1] (0.00ns)   --->   "%zext_ln161_39_read = read i7 @_ssdm_op_Read.ap_auto.i7, i7 %zext_ln161_39"   --->   Operation 121 'read' 'zext_ln161_39_read' <Predicate = true> <Delay = 0.00>
ST_1 : Operation 122 [1/1] (0.00ns)   --->   "%zext_ln161_40_read = read i7 @_ssdm_op_Read.ap_auto.i7, i7 %zext_ln161_40"   --->   Operation 122 'read' 'zext_ln161_40_read' <Predicate = true> <Delay = 0.00>
ST_1 : Operation 123 [1/1] (0.00ns)   --->   "%zext_ln161_41_read = read i7 @_ssdm_op_Read.ap_auto.i7, i7 %zext_ln161_41"   --->   Operation 123 'read' 'zext_ln161_41_read' <Predicate = true> <Delay = 0.00>
ST_1 : Operation 124 [1/1] (0.00ns)   --->   "%zext_ln161_42_read = read i7 @_ssdm_op_Read.ap_auto.i7, i7 %zext_ln161_42"   --->   Operation 124 'read' 'zext_ln161_42_read' <Predicate = true> <Delay = 0.00>
ST_1 : Operation 125 [1/1] (0.00ns)   --->   "%zext_ln161_43_read = read i7 @_ssdm_op_Read.ap_auto.i7, i7 %zext_ln161_43"   --->   Operation 125 'read' 'zext_ln161_43_read' <Predicate = true> <Delay = 0.00>
ST_1 : Operation 126 [1/1] (0.00ns)   --->   "%zext_ln161_44_read = read i7 @_ssdm_op_Read.ap_auto.i7, i7 %zext_ln161_44"   --->   Operation 126 'read' 'zext_ln161_44_read' <Predicate = true> <Delay = 0.00>
ST_1 : Operation 127 [1/1] (0.00ns)   --->   "%zext_ln161_45_read = read i7 @_ssdm_op_Read.ap_auto.i7, i7 %zext_ln161_45"   --->   Operation 127 'read' 'zext_ln161_45_read' <Predicate = true> <Delay = 0.00>
ST_1 : Operation 128 [1/1] (0.00ns)   --->   "%zext_ln161_46_read = read i7 @_ssdm_op_Read.ap_auto.i7, i7 %zext_ln161_46"   --->   Operation 128 'read' 'zext_ln161_46_read' <Predicate = true> <Delay = 0.00>
ST_1 : Operation 129 [1/1] (0.00ns)   --->   "%zext_ln161_47_read = read i7 @_ssdm_op_Read.ap_auto.i7, i7 %zext_ln161_47"   --->   Operation 129 'read' 'zext_ln161_47_read' <Predicate = true> <Delay = 0.00>
ST_1 : Operation 130 [1/1] (0.00ns)   --->   "%x_180_read = read i7 @_ssdm_op_Read.ap_auto.i7, i7 %x_180"   --->   Operation 130 'read' 'x_180_read' <Predicate = true> <Delay = 0.00>
ST_1 : Operation 131 [1/1] (0.00ns)   --->   "%zext_ln161_48_read = read i7 @_ssdm_op_Read.ap_auto.i7, i7 %zext_ln161_48"   --->   Operation 131 'read' 'zext_ln161_48_read' <Predicate = true> <Delay = 0.00>
ST_1 : Operation 132 [1/1] (0.00ns)   --->   "%zext_ln161_49_read = read i7 @_ssdm_op_Read.ap_auto.i7, i7 %zext_ln161_49"   --->   Operation 132 'read' 'zext_ln161_49_read' <Predicate = true> <Delay = 0.00>
ST_1 : Operation 133 [1/1] (0.00ns)   --->   "%zext_ln161_50_read = read i7 @_ssdm_op_Read.ap_auto.i7, i7 %zext_ln161_50"   --->   Operation 133 'read' 'zext_ln161_50_read' <Predicate = true> <Delay = 0.00>
ST_1 : Operation 134 [1/1] (0.00ns)   --->   "%zext_ln161_51_read = read i7 @_ssdm_op_Read.ap_auto.i7, i7 %zext_ln161_51"   --->   Operation 134 'read' 'zext_ln161_51_read' <Predicate = true> <Delay = 0.00>
ST_1 : Operation 135 [1/1] (0.00ns)   --->   "%zext_ln161_52_read = read i7 @_ssdm_op_Read.ap_auto.i7, i7 %zext_ln161_52"   --->   Operation 135 'read' 'zext_ln161_52_read' <Predicate = true> <Delay = 0.00>
ST_1 : Operation 136 [1/1] (0.00ns)   --->   "%zext_ln161_53_read = read i7 @_ssdm_op_Read.ap_auto.i7, i7 %zext_ln161_53"   --->   Operation 136 'read' 'zext_ln161_53_read' <Predicate = true> <Delay = 0.00>
ST_1 : Operation 137 [1/1] (0.00ns)   --->   "%zext_ln161_54_read = read i7 @_ssdm_op_Read.ap_auto.i7, i7 %zext_ln161_54"   --->   Operation 137 'read' 'zext_ln161_54_read' <Predicate = true> <Delay = 0.00>
ST_1 : Operation 138 [1/1] (0.00ns)   --->   "%zext_ln161_55_read = read i7 @_ssdm_op_Read.ap_auto.i7, i7 %zext_ln161_55"   --->   Operation 138 'read' 'zext_ln161_55_read' <Predicate = true> <Delay = 0.00>
ST_1 : Operation 139 [1/1] (0.00ns)   --->   "%zext_ln161_56_read = read i7 @_ssdm_op_Read.ap_auto.i7, i7 %zext_ln161_56"   --->   Operation 139 'read' 'zext_ln161_56_read' <Predicate = true> <Delay = 0.00>
ST_1 : Operation 140 [1/1] (0.00ns)   --->   "%zext_ln161_57_read = read i7 @_ssdm_op_Read.ap_auto.i7, i7 %zext_ln161_57"   --->   Operation 140 'read' 'zext_ln161_57_read' <Predicate = true> <Delay = 0.00>
ST_1 : Operation 141 [1/1] (0.00ns)   --->   "%zext_ln161_58_read = read i7 @_ssdm_op_Read.ap_auto.i7, i7 %zext_ln161_58"   --->   Operation 141 'read' 'zext_ln161_58_read' <Predicate = true> <Delay = 0.00>
ST_1 : Operation 142 [1/1] (0.00ns)   --->   "%zext_ln161_59_read = read i7 @_ssdm_op_Read.ap_auto.i7, i7 %zext_ln161_59"   --->   Operation 142 'read' 'zext_ln161_59_read' <Predicate = true> <Delay = 0.00>
ST_1 : Operation 143 [1/1] (0.00ns)   --->   "%zext_ln161_60_read = read i7 @_ssdm_op_Read.ap_auto.i7, i7 %zext_ln161_60"   --->   Operation 143 'read' 'zext_ln161_60_read' <Predicate = true> <Delay = 0.00>
ST_1 : Operation 144 [1/1] (0.00ns)   --->   "%zext_ln161_61_read = read i7 @_ssdm_op_Read.ap_auto.i7, i7 %zext_ln161_61"   --->   Operation 144 'read' 'zext_ln161_61_read' <Predicate = true> <Delay = 0.00>
ST_1 : Operation 145 [1/1] (0.00ns)   --->   "%zext_ln161_62_read = read i7 @_ssdm_op_Read.ap_auto.i7, i7 %zext_ln161_62"   --->   Operation 145 'read' 'zext_ln161_62_read' <Predicate = true> <Delay = 0.00>
ST_1 : Operation 146 [1/1] (0.00ns)   --->   "%zext_ln161_63_read = read i7 @_ssdm_op_Read.ap_auto.i7, i7 %zext_ln161_63"   --->   Operation 146 'read' 'zext_ln161_63_read' <Predicate = true> <Delay = 0.00>
ST_1 : Operation 147 [1/1] (0.00ns)   --->   "%zext_ln161_65_read = read i7 @_ssdm_op_Read.ap_auto.i7, i7 %zext_ln161_65"   --->   Operation 147 'read' 'zext_ln161_65_read' <Predicate = true> <Delay = 0.00>
ST_1 : Operation 148 [1/1] (0.00ns)   --->   "%zext_ln161_66_read = read i7 @_ssdm_op_Read.ap_auto.i7, i7 %zext_ln161_66"   --->   Operation 148 'read' 'zext_ln161_66_read' <Predicate = true> <Delay = 0.00>
ST_1 : Operation 149 [1/1] (0.00ns)   --->   "%zext_ln161_67_read = read i7 @_ssdm_op_Read.ap_auto.i7, i7 %zext_ln161_67"   --->   Operation 149 'read' 'zext_ln161_67_read' <Predicate = true> <Delay = 0.00>
ST_1 : Operation 150 [1/1] (0.00ns)   --->   "%zext_ln161_68_read = read i7 @_ssdm_op_Read.ap_auto.i7, i7 %zext_ln161_68"   --->   Operation 150 'read' 'zext_ln161_68_read' <Predicate = true> <Delay = 0.00>
ST_1 : Operation 151 [1/1] (0.00ns)   --->   "%zext_ln161_69_read = read i7 @_ssdm_op_Read.ap_auto.i7, i7 %zext_ln161_69"   --->   Operation 151 'read' 'zext_ln161_69_read' <Predicate = true> <Delay = 0.00>
ST_1 : Operation 152 [1/1] (0.00ns)   --->   "%zext_ln161_70_read = read i7 @_ssdm_op_Read.ap_auto.i7, i7 %zext_ln161_70"   --->   Operation 152 'read' 'zext_ln161_70_read' <Predicate = true> <Delay = 0.00>
ST_1 : Operation 153 [1/1] (0.00ns)   --->   "%zext_ln161_71_read = read i7 @_ssdm_op_Read.ap_auto.i7, i7 %zext_ln161_71"   --->   Operation 153 'read' 'zext_ln161_71_read' <Predicate = true> <Delay = 0.00>
ST_1 : Operation 154 [1/1] (0.00ns)   --->   "%zext_ln161_72_read = read i7 @_ssdm_op_Read.ap_auto.i7, i7 %zext_ln161_72"   --->   Operation 154 'read' 'zext_ln161_72_read' <Predicate = true> <Delay = 0.00>
ST_1 : Operation 155 [1/1] (0.00ns)   --->   "%zext_ln161_73_read = read i7 @_ssdm_op_Read.ap_auto.i7, i7 %zext_ln161_73"   --->   Operation 155 'read' 'zext_ln161_73_read' <Predicate = true> <Delay = 0.00>
ST_1 : Operation 156 [1/1] (0.00ns)   --->   "%zext_ln161_74_read = read i7 @_ssdm_op_Read.ap_auto.i7, i7 %zext_ln161_74"   --->   Operation 156 'read' 'zext_ln161_74_read' <Predicate = true> <Delay = 0.00>
ST_1 : Operation 157 [1/1] (0.00ns)   --->   "%zext_ln161_75_read = read i7 @_ssdm_op_Read.ap_auto.i7, i7 %zext_ln161_75"   --->   Operation 157 'read' 'zext_ln161_75_read' <Predicate = true> <Delay = 0.00>
ST_1 : Operation 158 [1/1] (0.00ns)   --->   "%zext_ln161_76_read = read i7 @_ssdm_op_Read.ap_auto.i7, i7 %zext_ln161_76"   --->   Operation 158 'read' 'zext_ln161_76_read' <Predicate = true> <Delay = 0.00>
ST_1 : Operation 159 [1/1] (0.00ns)   --->   "%x_210_read = read i7 @_ssdm_op_Read.ap_auto.i7, i7 %x_210"   --->   Operation 159 'read' 'x_210_read' <Predicate = true> <Delay = 0.00>
ST_1 : Operation 160 [1/1] (0.00ns)   --->   "%zext_ln161_77_read = read i7 @_ssdm_op_Read.ap_auto.i7, i7 %zext_ln161_77"   --->   Operation 160 'read' 'zext_ln161_77_read' <Predicate = true> <Delay = 0.00>
ST_1 : Operation 161 [1/1] (0.00ns)   --->   "%zext_ln161_78_read = read i7 @_ssdm_op_Read.ap_auto.i7, i7 %zext_ln161_78"   --->   Operation 161 'read' 'zext_ln161_78_read' <Predicate = true> <Delay = 0.00>
ST_1 : Operation 162 [1/1] (0.00ns)   --->   "%zext_ln161_79_read = read i7 @_ssdm_op_Read.ap_auto.i7, i7 %zext_ln161_79"   --->   Operation 162 'read' 'zext_ln161_79_read' <Predicate = true> <Delay = 0.00>
ST_1 : Operation 163 [1/1] (0.00ns)   --->   "%zext_ln161_80_read = read i7 @_ssdm_op_Read.ap_auto.i7, i7 %zext_ln161_80"   --->   Operation 163 'read' 'zext_ln161_80_read' <Predicate = true> <Delay = 0.00>
ST_1 : Operation 164 [1/1] (0.00ns)   --->   "%zext_ln161_81_read = read i7 @_ssdm_op_Read.ap_auto.i7, i7 %zext_ln161_81"   --->   Operation 164 'read' 'zext_ln161_81_read' <Predicate = true> <Delay = 0.00>
ST_1 : Operation 165 [1/1] (0.00ns)   --->   "%x_215_read = read i7 @_ssdm_op_Read.ap_auto.i7, i7 %x_215"   --->   Operation 165 'read' 'x_215_read' <Predicate = true> <Delay = 0.00>
ST_1 : Operation 166 [1/1] (0.00ns)   --->   "%zext_ln161_82_read = read i7 @_ssdm_op_Read.ap_auto.i7, i7 %zext_ln161_82"   --->   Operation 166 'read' 'zext_ln161_82_read' <Predicate = true> <Delay = 0.00>
ST_1 : Operation 167 [1/1] (0.00ns)   --->   "%zext_ln161_83_read = read i7 @_ssdm_op_Read.ap_auto.i7, i7 %zext_ln161_83"   --->   Operation 167 'read' 'zext_ln161_83_read' <Predicate = true> <Delay = 0.00>
ST_1 : Operation 168 [1/1] (0.00ns)   --->   "%zext_ln161_84_read = read i7 @_ssdm_op_Read.ap_auto.i7, i7 %zext_ln161_84"   --->   Operation 168 'read' 'zext_ln161_84_read' <Predicate = true> <Delay = 0.00>
ST_1 : Operation 169 [1/1] (0.00ns)   --->   "%zext_ln161_85_read = read i7 @_ssdm_op_Read.ap_auto.i7, i7 %zext_ln161_85"   --->   Operation 169 'read' 'zext_ln161_85_read' <Predicate = true> <Delay = 0.00>
ST_1 : Operation 170 [1/1] (0.00ns)   --->   "%zext_ln161_86_read = read i7 @_ssdm_op_Read.ap_auto.i7, i7 %zext_ln161_86"   --->   Operation 170 'read' 'zext_ln161_86_read' <Predicate = true> <Delay = 0.00>
ST_1 : Operation 171 [1/1] (0.00ns)   --->   "%zext_ln161_87_read = read i7 @_ssdm_op_Read.ap_auto.i7, i7 %zext_ln161_87"   --->   Operation 171 'read' 'zext_ln161_87_read' <Predicate = true> <Delay = 0.00>
ST_1 : Operation 172 [1/1] (0.00ns)   --->   "%zext_ln161_88_read = read i7 @_ssdm_op_Read.ap_auto.i7, i7 %zext_ln161_88"   --->   Operation 172 'read' 'zext_ln161_88_read' <Predicate = true> <Delay = 0.00>
ST_1 : Operation 173 [1/1] (0.00ns)   --->   "%zext_ln161_89_read = read i7 @_ssdm_op_Read.ap_auto.i7, i7 %zext_ln161_89"   --->   Operation 173 'read' 'zext_ln161_89_read' <Predicate = true> <Delay = 0.00>
ST_1 : Operation 174 [1/1] (0.00ns)   --->   "%zext_ln161_90_read = read i7 @_ssdm_op_Read.ap_auto.i7, i7 %zext_ln161_90"   --->   Operation 174 'read' 'zext_ln161_90_read' <Predicate = true> <Delay = 0.00>
ST_1 : Operation 175 [1/1] (0.00ns)   --->   "%zext_ln161_91_read = read i7 @_ssdm_op_Read.ap_auto.i7, i7 %zext_ln161_91"   --->   Operation 175 'read' 'zext_ln161_91_read' <Predicate = true> <Delay = 0.00>
ST_1 : Operation 176 [1/1] (0.00ns)   --->   "%zext_ln161_92_read = read i7 @_ssdm_op_Read.ap_auto.i7, i7 %zext_ln161_92"   --->   Operation 176 'read' 'zext_ln161_92_read' <Predicate = true> <Delay = 0.00>
ST_1 : Operation 177 [1/1] (0.00ns)   --->   "%zext_ln161_93_read = read i7 @_ssdm_op_Read.ap_auto.i7, i7 %zext_ln161_93"   --->   Operation 177 'read' 'zext_ln161_93_read' <Predicate = true> <Delay = 0.00>
ST_1 : Operation 178 [1/1] (0.00ns)   --->   "%zext_ln161_94_read = read i7 @_ssdm_op_Read.ap_auto.i7, i7 %zext_ln161_94"   --->   Operation 178 'read' 'zext_ln161_94_read' <Predicate = true> <Delay = 0.00>
ST_1 : Operation 179 [1/1] (0.00ns)   --->   "%zext_ln161_95_read = read i7 @_ssdm_op_Read.ap_auto.i7, i7 %zext_ln161_95"   --->   Operation 179 'read' 'zext_ln161_95_read' <Predicate = true> <Delay = 0.00>
ST_1 : Operation 180 [1/1] (0.00ns)   --->   "%zext_ln161_96_read = read i7 @_ssdm_op_Read.ap_auto.i7, i7 %zext_ln161_96"   --->   Operation 180 'read' 'zext_ln161_96_read' <Predicate = true> <Delay = 0.00>
ST_1 : Operation 181 [1/1] (0.00ns)   --->   "%x_230_read = read i7 @_ssdm_op_Read.ap_auto.i7, i7 %x_230"   --->   Operation 181 'read' 'x_230_read' <Predicate = true> <Delay = 0.00>
ST_1 : Operation 182 [1/1] (0.00ns)   --->   "%zext_ln161_97_read = read i7 @_ssdm_op_Read.ap_auto.i7, i7 %zext_ln161_97"   --->   Operation 182 'read' 'zext_ln161_97_read' <Predicate = true> <Delay = 0.00>
ST_1 : Operation 183 [1/1] (0.00ns)   --->   "%zext_ln161_98_read = read i7 @_ssdm_op_Read.ap_auto.i7, i7 %zext_ln161_98"   --->   Operation 183 'read' 'zext_ln161_98_read' <Predicate = true> <Delay = 0.00>
ST_1 : Operation 184 [1/1] (0.00ns)   --->   "%zext_ln161_99_read = read i7 @_ssdm_op_Read.ap_auto.i7, i7 %zext_ln161_99"   --->   Operation 184 'read' 'zext_ln161_99_read' <Predicate = true> <Delay = 0.00>
ST_1 : Operation 185 [1/1] (0.00ns)   --->   "%zext_ln161_100_read = read i7 @_ssdm_op_Read.ap_auto.i7, i7 %zext_ln161_100"   --->   Operation 185 'read' 'zext_ln161_100_read' <Predicate = true> <Delay = 0.00>
ST_1 : Operation 186 [1/1] (0.00ns)   --->   "%x_234_read = read i7 @_ssdm_op_Read.ap_auto.i7, i7 %x_234"   --->   Operation 186 'read' 'x_234_read' <Predicate = true> <Delay = 0.00>
ST_1 : Operation 187 [1/1] (0.00ns)   --->   "%zext_ln161_101_read = read i7 @_ssdm_op_Read.ap_auto.i7, i7 %zext_ln161_101"   --->   Operation 187 'read' 'zext_ln161_101_read' <Predicate = true> <Delay = 0.00>
ST_1 : Operation 188 [1/1] (0.00ns)   --->   "%zext_ln161_102_read = read i7 @_ssdm_op_Read.ap_auto.i7, i7 %zext_ln161_102"   --->   Operation 188 'read' 'zext_ln161_102_read' <Predicate = true> <Delay = 0.00>
ST_1 : Operation 189 [1/1] (0.00ns)   --->   "%zext_ln161_103_read = read i7 @_ssdm_op_Read.ap_auto.i7, i7 %zext_ln161_103"   --->   Operation 189 'read' 'zext_ln161_103_read' <Predicate = true> <Delay = 0.00>
ST_1 : Operation 190 [1/1] (0.00ns)   --->   "%zext_ln161_104_read = read i7 @_ssdm_op_Read.ap_auto.i7, i7 %zext_ln161_104"   --->   Operation 190 'read' 'zext_ln161_104_read' <Predicate = true> <Delay = 0.00>
ST_1 : Operation 191 [1/1] (0.00ns)   --->   "%zext_ln161_105_read = read i7 @_ssdm_op_Read.ap_auto.i7, i7 %zext_ln161_105"   --->   Operation 191 'read' 'zext_ln161_105_read' <Predicate = true> <Delay = 0.00>
ST_1 : Operation 192 [1/1] (0.00ns)   --->   "%zext_ln161_106_read = read i7 @_ssdm_op_Read.ap_auto.i7, i7 %zext_ln161_106"   --->   Operation 192 'read' 'zext_ln161_106_read' <Predicate = true> <Delay = 0.00>
ST_1 : Operation 193 [1/1] (0.00ns)   --->   "%zext_ln161_107_read = read i7 @_ssdm_op_Read.ap_auto.i7, i7 %zext_ln161_107"   --->   Operation 193 'read' 'zext_ln161_107_read' <Predicate = true> <Delay = 0.00>
ST_1 : Operation 194 [1/1] (0.00ns)   --->   "%zext_ln161_108_read = read i7 @_ssdm_op_Read.ap_auto.i7, i7 %zext_ln161_108"   --->   Operation 194 'read' 'zext_ln161_108_read' <Predicate = true> <Delay = 0.00>
ST_1 : Operation 195 [1/1] (0.00ns)   --->   "%zext_ln161_109_read = read i7 @_ssdm_op_Read.ap_auto.i7, i7 %zext_ln161_109"   --->   Operation 195 'read' 'zext_ln161_109_read' <Predicate = true> <Delay = 0.00>
ST_1 : Operation 196 [1/1] (0.00ns)   --->   "%zext_ln161_110_read = read i7 @_ssdm_op_Read.ap_auto.i7, i7 %zext_ln161_110"   --->   Operation 196 'read' 'zext_ln161_110_read' <Predicate = true> <Delay = 0.00>
ST_1 : Operation 197 [1/1] (0.00ns)   --->   "%zext_ln161_111_read = read i7 @_ssdm_op_Read.ap_auto.i7, i7 %zext_ln161_111"   --->   Operation 197 'read' 'zext_ln161_111_read' <Predicate = true> <Delay = 0.00>
ST_1 : Operation 198 [1/1] (0.00ns)   --->   "%zext_ln161_112_read = read i7 @_ssdm_op_Read.ap_auto.i7, i7 %zext_ln161_112"   --->   Operation 198 'read' 'zext_ln161_112_read' <Predicate = true> <Delay = 0.00>
ST_1 : Operation 199 [1/1] (0.00ns)   --->   "%zext_ln161_113_read = read i7 @_ssdm_op_Read.ap_auto.i7, i7 %zext_ln161_113"   --->   Operation 199 'read' 'zext_ln161_113_read' <Predicate = true> <Delay = 0.00>
ST_1 : Operation 200 [1/1] (0.00ns)   --->   "%zext_ln161_114_read = read i7 @_ssdm_op_Read.ap_auto.i7, i7 %zext_ln161_114"   --->   Operation 200 'read' 'zext_ln161_114_read' <Predicate = true> <Delay = 0.00>
ST_1 : Operation 201 [1/1] (0.00ns)   --->   "%zext_ln161_115_read = read i7 @_ssdm_op_Read.ap_auto.i7, i7 %zext_ln161_115"   --->   Operation 201 'read' 'zext_ln161_115_read' <Predicate = true> <Delay = 0.00>
ST_1 : Operation 202 [1/1] (0.00ns)   --->   "%zext_ln161_116_read = read i7 @_ssdm_op_Read.ap_auto.i7, i7 %zext_ln161_116"   --->   Operation 202 'read' 'zext_ln161_116_read' <Predicate = true> <Delay = 0.00>
ST_1 : Operation 203 [1/1] (0.00ns)   --->   "%zext_ln161_117_read = read i7 @_ssdm_op_Read.ap_auto.i7, i7 %zext_ln161_117"   --->   Operation 203 'read' 'zext_ln161_117_read' <Predicate = true> <Delay = 0.00>
ST_1 : Operation 204 [1/1] (0.00ns)   --->   "%zext_ln161_118_read = read i7 @_ssdm_op_Read.ap_auto.i7, i7 %zext_ln161_118"   --->   Operation 204 'read' 'zext_ln161_118_read' <Predicate = true> <Delay = 0.00>
ST_1 : Operation 205 [1/1] (0.00ns)   --->   "%zext_ln161_119_read = read i7 @_ssdm_op_Read.ap_auto.i7, i7 %zext_ln161_119"   --->   Operation 205 'read' 'zext_ln161_119_read' <Predicate = true> <Delay = 0.00>
ST_1 : Operation 206 [1/1] (0.00ns)   --->   "%zext_ln161_120_read = read i7 @_ssdm_op_Read.ap_auto.i7, i7 %zext_ln161_120"   --->   Operation 206 'read' 'zext_ln161_120_read' <Predicate = true> <Delay = 0.00>
ST_1 : Operation 207 [1/1] (0.00ns)   --->   "%zext_ln161_121_read = read i7 @_ssdm_op_Read.ap_auto.i7, i7 %zext_ln161_121"   --->   Operation 207 'read' 'zext_ln161_121_read' <Predicate = true> <Delay = 0.00>
ST_1 : Operation 208 [1/1] (0.00ns)   --->   "%zext_ln161_122_read = read i7 @_ssdm_op_Read.ap_auto.i7, i7 %zext_ln161_122"   --->   Operation 208 'read' 'zext_ln161_122_read' <Predicate = true> <Delay = 0.00>
ST_1 : Operation 209 [1/1] (0.00ns)   --->   "%zext_ln161_123_read = read i7 @_ssdm_op_Read.ap_auto.i7, i7 %zext_ln161_123"   --->   Operation 209 'read' 'zext_ln161_123_read' <Predicate = true> <Delay = 0.00>
ST_1 : Operation 210 [1/1] (0.00ns)   --->   "%zext_ln161_124_read = read i7 @_ssdm_op_Read.ap_auto.i7, i7 %zext_ln161_124"   --->   Operation 210 'read' 'zext_ln161_124_read' <Predicate = true> <Delay = 0.00>
ST_1 : Operation 211 [1/1] (0.00ns)   --->   "%zext_ln161_125_read = read i7 @_ssdm_op_Read.ap_auto.i7, i7 %zext_ln161_125"   --->   Operation 211 'read' 'zext_ln161_125_read' <Predicate = true> <Delay = 0.00>
ST_1 : Operation 212 [1/1] (0.00ns)   --->   "%zext_ln161_126_read = read i7 @_ssdm_op_Read.ap_auto.i7, i7 %zext_ln161_126"   --->   Operation 212 'read' 'zext_ln161_126_read' <Predicate = true> <Delay = 0.00>
ST_1 : Operation 213 [1/1] (0.00ns)   --->   "%zext_ln161_127_read = read i7 @_ssdm_op_Read.ap_auto.i7, i7 %zext_ln161_127"   --->   Operation 213 'read' 'zext_ln161_127_read' <Predicate = true> <Delay = 0.00>
ST_1 : Operation 214 [1/1] (0.00ns)   --->   "%zext_ln161_128_read = read i7 @_ssdm_op_Read.ap_auto.i7, i7 %zext_ln161_128"   --->   Operation 214 'read' 'zext_ln161_128_read' <Predicate = true> <Delay = 0.00>
ST_1 : Operation 215 [1/1] (0.00ns)   --->   "%output_logits_read = read i64 @_ssdm_op_Read.ap_auto.i64, i64 %output_logits"   --->   Operation 215 'read' 'output_logits_read' <Predicate = true> <Delay = 0.00>
ST_1 : Operation 216 [1/1] (0.00ns)   --->   "%zext_ln161_64_cast = zext i7 %zext_ln161_64_read"   --->   Operation 216 'zext' 'zext_ln161_64_cast' <Predicate = true> <Delay = 0.00>
ST_1 : Operation 217 [1/1] (0.00ns)   --->   "%zext_ln161_191_cast = zext i7 %zext_ln161_191_read"   --->   Operation 217 'zext' 'zext_ln161_191_cast' <Predicate = true> <Delay = 0.00>
ST_1 : Operation 218 [1/1] (0.00ns)   --->   "%zext_ln161_129_cast = zext i7 %zext_ln161_129_read"   --->   Operation 218 'zext' 'zext_ln161_129_cast' <Predicate = true> <Delay = 0.00>
ST_1 : Operation 219 [1/1] (0.00ns)   --->   "%zext_ln161_130_cast = zext i7 %zext_ln161_130_read"   --->   Operation 219 'zext' 'zext_ln161_130_cast' <Predicate = true> <Delay = 0.00>
ST_1 : Operation 220 [1/1] (0.00ns)   --->   "%zext_ln161_131_cast = zext i7 %zext_ln161_131_read"   --->   Operation 220 'zext' 'zext_ln161_131_cast' <Predicate = true> <Delay = 0.00>
ST_1 : Operation 221 [1/1] (0.00ns)   --->   "%zext_ln161_132_cast = zext i7 %zext_ln161_132_read"   --->   Operation 221 'zext' 'zext_ln161_132_cast' <Predicate = true> <Delay = 0.00>
ST_1 : Operation 222 [1/1] (0.00ns)   --->   "%zext_ln161_133_cast = zext i7 %zext_ln161_133_read"   --->   Operation 222 'zext' 'zext_ln161_133_cast' <Predicate = true> <Delay = 0.00>
ST_1 : Operation 223 [1/1] (0.00ns)   --->   "%zext_ln161_134_cast = zext i7 %zext_ln161_134_read"   --->   Operation 223 'zext' 'zext_ln161_134_cast' <Predicate = true> <Delay = 0.00>
ST_1 : Operation 224 [1/1] (0.00ns)   --->   "%zext_ln161_135_cast = zext i7 %zext_ln161_135_read"   --->   Operation 224 'zext' 'zext_ln161_135_cast' <Predicate = true> <Delay = 0.00>
ST_1 : Operation 225 [1/1] (0.00ns)   --->   "%zext_ln161_136_cast = zext i7 %zext_ln161_136_read"   --->   Operation 225 'zext' 'zext_ln161_136_cast' <Predicate = true> <Delay = 0.00>
ST_1 : Operation 226 [1/1] (0.00ns)   --->   "%zext_ln161_137_cast = zext i7 %zext_ln161_137_read"   --->   Operation 226 'zext' 'zext_ln161_137_cast' <Predicate = true> <Delay = 0.00>
ST_1 : Operation 227 [1/1] (0.00ns)   --->   "%zext_ln161_138_cast = zext i7 %zext_ln161_138_read"   --->   Operation 227 'zext' 'zext_ln161_138_cast' <Predicate = true> <Delay = 0.00>
ST_1 : Operation 228 [1/1] (0.00ns)   --->   "%zext_ln161_139_cast = zext i7 %zext_ln161_139_read"   --->   Operation 228 'zext' 'zext_ln161_139_cast' <Predicate = true> <Delay = 0.00>
ST_1 : Operation 229 [1/1] (0.00ns)   --->   "%zext_ln161_140_cast = zext i7 %zext_ln161_140_read"   --->   Operation 229 'zext' 'zext_ln161_140_cast' <Predicate = true> <Delay = 0.00>
ST_1 : Operation 230 [1/1] (0.00ns)   --->   "%zext_ln161_141_cast = zext i7 %zext_ln161_141_read"   --->   Operation 230 'zext' 'zext_ln161_141_cast' <Predicate = true> <Delay = 0.00>
ST_1 : Operation 231 [1/1] (0.00ns)   --->   "%zext_ln161_142_cast = zext i7 %zext_ln161_142_read"   --->   Operation 231 'zext' 'zext_ln161_142_cast' <Predicate = true> <Delay = 0.00>
ST_1 : Operation 232 [1/1] (0.00ns)   --->   "%zext_ln161_143_cast = zext i7 %zext_ln161_143_read"   --->   Operation 232 'zext' 'zext_ln161_143_cast' <Predicate = true> <Delay = 0.00>
ST_1 : Operation 233 [1/1] (0.00ns)   --->   "%zext_ln161_144_cast = zext i7 %zext_ln161_144_read"   --->   Operation 233 'zext' 'zext_ln161_144_cast' <Predicate = true> <Delay = 0.00>
ST_1 : Operation 234 [1/1] (0.00ns)   --->   "%zext_ln161_145_cast = zext i7 %zext_ln161_145_read"   --->   Operation 234 'zext' 'zext_ln161_145_cast' <Predicate = true> <Delay = 0.00>
ST_1 : Operation 235 [1/1] (0.00ns)   --->   "%zext_ln161_146_cast = zext i7 %zext_ln161_146_read"   --->   Operation 235 'zext' 'zext_ln161_146_cast' <Predicate = true> <Delay = 0.00>
ST_1 : Operation 236 [1/1] (0.00ns)   --->   "%zext_ln161_147_cast = zext i7 %zext_ln161_147_read"   --->   Operation 236 'zext' 'zext_ln161_147_cast' <Predicate = true> <Delay = 0.00>
ST_1 : Operation 237 [1/1] (0.00ns)   --->   "%zext_ln161_148_cast = zext i7 %zext_ln161_148_read"   --->   Operation 237 'zext' 'zext_ln161_148_cast' <Predicate = true> <Delay = 0.00>
ST_1 : Operation 238 [1/1] (0.00ns)   --->   "%zext_ln161_149_cast = zext i7 %zext_ln161_149_read"   --->   Operation 238 'zext' 'zext_ln161_149_cast' <Predicate = true> <Delay = 0.00>
ST_1 : Operation 239 [1/1] (0.00ns)   --->   "%zext_ln161_150_cast = zext i7 %zext_ln161_150_read"   --->   Operation 239 'zext' 'zext_ln161_150_cast' <Predicate = true> <Delay = 0.00>
ST_1 : Operation 240 [1/1] (0.00ns)   --->   "%zext_ln161_151_cast = zext i7 %zext_ln161_151_read"   --->   Operation 240 'zext' 'zext_ln161_151_cast' <Predicate = true> <Delay = 0.00>
ST_1 : Operation 241 [1/1] (0.00ns)   --->   "%zext_ln161_152_cast = zext i7 %zext_ln161_152_read"   --->   Operation 241 'zext' 'zext_ln161_152_cast' <Predicate = true> <Delay = 0.00>
ST_1 : Operation 242 [1/1] (0.00ns)   --->   "%zext_ln161_153_cast = zext i7 %zext_ln161_153_read"   --->   Operation 242 'zext' 'zext_ln161_153_cast' <Predicate = true> <Delay = 0.00>
ST_1 : Operation 243 [1/1] (0.00ns)   --->   "%zext_ln161_154_cast = zext i7 %zext_ln161_154_read"   --->   Operation 243 'zext' 'zext_ln161_154_cast' <Predicate = true> <Delay = 0.00>
ST_1 : Operation 244 [1/1] (0.00ns)   --->   "%zext_ln161_155_cast = zext i7 %zext_ln161_155_read"   --->   Operation 244 'zext' 'zext_ln161_155_cast' <Predicate = true> <Delay = 0.00>
ST_1 : Operation 245 [1/1] (0.00ns)   --->   "%zext_ln161_156_cast = zext i7 %zext_ln161_156_read"   --->   Operation 245 'zext' 'zext_ln161_156_cast' <Predicate = true> <Delay = 0.00>
ST_1 : Operation 246 [1/1] (0.00ns)   --->   "%zext_ln161_157_cast = zext i7 %zext_ln161_157_read"   --->   Operation 246 'zext' 'zext_ln161_157_cast' <Predicate = true> <Delay = 0.00>
ST_1 : Operation 247 [1/1] (0.00ns)   --->   "%zext_ln161_158_cast = zext i7 %zext_ln161_158_read"   --->   Operation 247 'zext' 'zext_ln161_158_cast' <Predicate = true> <Delay = 0.00>
ST_1 : Operation 248 [1/1] (0.00ns)   --->   "%zext_ln161_159_cast = zext i7 %zext_ln161_159_read"   --->   Operation 248 'zext' 'zext_ln161_159_cast' <Predicate = true> <Delay = 0.00>
ST_1 : Operation 249 [1/1] (0.00ns)   --->   "%zext_ln161_160_cast = zext i7 %zext_ln161_160_read"   --->   Operation 249 'zext' 'zext_ln161_160_cast' <Predicate = true> <Delay = 0.00>
ST_1 : Operation 250 [1/1] (0.00ns)   --->   "%zext_ln161_161_cast = zext i7 %zext_ln161_161_read"   --->   Operation 250 'zext' 'zext_ln161_161_cast' <Predicate = true> <Delay = 0.00>
ST_1 : Operation 251 [1/1] (0.00ns)   --->   "%zext_ln161_162_cast = zext i7 %zext_ln161_162_read"   --->   Operation 251 'zext' 'zext_ln161_162_cast' <Predicate = true> <Delay = 0.00>
ST_1 : Operation 252 [1/1] (0.00ns)   --->   "%zext_ln161_163_cast = zext i7 %zext_ln161_163_read"   --->   Operation 252 'zext' 'zext_ln161_163_cast' <Predicate = true> <Delay = 0.00>
ST_1 : Operation 253 [1/1] (0.00ns)   --->   "%zext_ln161_164_cast = zext i7 %zext_ln161_164_read"   --->   Operation 253 'zext' 'zext_ln161_164_cast' <Predicate = true> <Delay = 0.00>
ST_1 : Operation 254 [1/1] (0.00ns)   --->   "%zext_ln161_165_cast = zext i7 %zext_ln161_165_read"   --->   Operation 254 'zext' 'zext_ln161_165_cast' <Predicate = true> <Delay = 0.00>
ST_1 : Operation 255 [1/1] (0.00ns)   --->   "%zext_ln161_166_cast = zext i7 %zext_ln161_166_read"   --->   Operation 255 'zext' 'zext_ln161_166_cast' <Predicate = true> <Delay = 0.00>
ST_1 : Operation 256 [1/1] (0.00ns)   --->   "%zext_ln161_167_cast = zext i7 %zext_ln161_167_read"   --->   Operation 256 'zext' 'zext_ln161_167_cast' <Predicate = true> <Delay = 0.00>
ST_1 : Operation 257 [1/1] (0.00ns)   --->   "%zext_ln161_168_cast = zext i7 %zext_ln161_168_read"   --->   Operation 257 'zext' 'zext_ln161_168_cast' <Predicate = true> <Delay = 0.00>
ST_1 : Operation 258 [1/1] (0.00ns)   --->   "%zext_ln161_169_cast = zext i7 %zext_ln161_169_read"   --->   Operation 258 'zext' 'zext_ln161_169_cast' <Predicate = true> <Delay = 0.00>
ST_1 : Operation 259 [1/1] (0.00ns)   --->   "%zext_ln161_170_cast = zext i7 %zext_ln161_170_read"   --->   Operation 259 'zext' 'zext_ln161_170_cast' <Predicate = true> <Delay = 0.00>
ST_1 : Operation 260 [1/1] (0.00ns)   --->   "%zext_ln161_171_cast = zext i7 %zext_ln161_171_read"   --->   Operation 260 'zext' 'zext_ln161_171_cast' <Predicate = true> <Delay = 0.00>
ST_1 : Operation 261 [1/1] (0.00ns)   --->   "%zext_ln161_172_cast = zext i7 %zext_ln161_172_read"   --->   Operation 261 'zext' 'zext_ln161_172_cast' <Predicate = true> <Delay = 0.00>
ST_1 : Operation 262 [1/1] (0.00ns)   --->   "%zext_ln161_173_cast = zext i7 %zext_ln161_173_read"   --->   Operation 262 'zext' 'zext_ln161_173_cast' <Predicate = true> <Delay = 0.00>
ST_1 : Operation 263 [1/1] (0.00ns)   --->   "%zext_ln161_174_cast = zext i7 %zext_ln161_174_read"   --->   Operation 263 'zext' 'zext_ln161_174_cast' <Predicate = true> <Delay = 0.00>
ST_1 : Operation 264 [1/1] (0.00ns)   --->   "%zext_ln161_175_cast = zext i7 %zext_ln161_175_read"   --->   Operation 264 'zext' 'zext_ln161_175_cast' <Predicate = true> <Delay = 0.00>
ST_1 : Operation 265 [1/1] (0.00ns)   --->   "%zext_ln161_176_cast = zext i7 %zext_ln161_176_read"   --->   Operation 265 'zext' 'zext_ln161_176_cast' <Predicate = true> <Delay = 0.00>
ST_1 : Operation 266 [1/1] (0.00ns)   --->   "%zext_ln161_177_cast = zext i7 %zext_ln161_177_read"   --->   Operation 266 'zext' 'zext_ln161_177_cast' <Predicate = true> <Delay = 0.00>
ST_1 : Operation 267 [1/1] (0.00ns)   --->   "%zext_ln161_178_cast = zext i7 %zext_ln161_178_read"   --->   Operation 267 'zext' 'zext_ln161_178_cast' <Predicate = true> <Delay = 0.00>
ST_1 : Operation 268 [1/1] (0.00ns)   --->   "%zext_ln161_179_cast = zext i7 %zext_ln161_179_read"   --->   Operation 268 'zext' 'zext_ln161_179_cast' <Predicate = true> <Delay = 0.00>
ST_1 : Operation 269 [1/1] (0.00ns)   --->   "%zext_ln161_180_cast = zext i7 %zext_ln161_180_read"   --->   Operation 269 'zext' 'zext_ln161_180_cast' <Predicate = true> <Delay = 0.00>
ST_1 : Operation 270 [1/1] (0.00ns)   --->   "%zext_ln161_181_cast = zext i7 %zext_ln161_181_read"   --->   Operation 270 'zext' 'zext_ln161_181_cast' <Predicate = true> <Delay = 0.00>
ST_1 : Operation 271 [1/1] (0.00ns)   --->   "%zext_ln161_182_cast = zext i7 %zext_ln161_182_read"   --->   Operation 271 'zext' 'zext_ln161_182_cast' <Predicate = true> <Delay = 0.00>
ST_1 : Operation 272 [1/1] (0.00ns)   --->   "%zext_ln161_183_cast = zext i7 %zext_ln161_183_read"   --->   Operation 272 'zext' 'zext_ln161_183_cast' <Predicate = true> <Delay = 0.00>
ST_1 : Operation 273 [1/1] (0.00ns)   --->   "%zext_ln161_184_cast = zext i7 %zext_ln161_184_read"   --->   Operation 273 'zext' 'zext_ln161_184_cast' <Predicate = true> <Delay = 0.00>
ST_1 : Operation 274 [1/1] (0.00ns)   --->   "%zext_ln161_185_cast = zext i7 %zext_ln161_185_read"   --->   Operation 274 'zext' 'zext_ln161_185_cast' <Predicate = true> <Delay = 0.00>
ST_1 : Operation 275 [1/1] (0.00ns)   --->   "%zext_ln161_186_cast = zext i7 %zext_ln161_186_read"   --->   Operation 275 'zext' 'zext_ln161_186_cast' <Predicate = true> <Delay = 0.00>
ST_1 : Operation 276 [1/1] (0.00ns)   --->   "%zext_ln161_187_cast = zext i7 %zext_ln161_187_read"   --->   Operation 276 'zext' 'zext_ln161_187_cast' <Predicate = true> <Delay = 0.00>
ST_1 : Operation 277 [1/1] (0.00ns)   --->   "%zext_ln161_188_cast = zext i7 %zext_ln161_188_read"   --->   Operation 277 'zext' 'zext_ln161_188_cast' <Predicate = true> <Delay = 0.00>
ST_1 : Operation 278 [1/1] (0.00ns)   --->   "%zext_ln161_189_cast = zext i7 %zext_ln161_189_read"   --->   Operation 278 'zext' 'zext_ln161_189_cast' <Predicate = true> <Delay = 0.00>
ST_1 : Operation 279 [1/1] (0.00ns)   --->   "%zext_ln161_190_cast = zext i7 %zext_ln161_190_read"   --->   Operation 279 'zext' 'zext_ln161_190_cast' <Predicate = true> <Delay = 0.00>
ST_1 : Operation 280 [1/1] (0.00ns)   --->   "%zext_ln156_cast = zext i7 %zext_ln156_read"   --->   Operation 280 'zext' 'zext_ln156_cast' <Predicate = true> <Delay = 0.00>
ST_1 : Operation 281 [1/1] (0.00ns)   --->   "%zext_ln161_cast = zext i7 %zext_ln161_read"   --->   Operation 281 'zext' 'zext_ln161_cast' <Predicate = true> <Delay = 0.00>
ST_1 : Operation 282 [1/1] (0.00ns)   --->   "%zext_ln161_1_cast = zext i7 %zext_ln161_1_read"   --->   Operation 282 'zext' 'zext_ln161_1_cast' <Predicate = true> <Delay = 0.00>
ST_1 : Operation 283 [1/1] (0.00ns)   --->   "%zext_ln161_2_cast = zext i7 %zext_ln161_2_read"   --->   Operation 283 'zext' 'zext_ln161_2_cast' <Predicate = true> <Delay = 0.00>
ST_1 : Operation 284 [1/1] (0.00ns)   --->   "%zext_ln161_3_cast = zext i7 %zext_ln161_3_read"   --->   Operation 284 'zext' 'zext_ln161_3_cast' <Predicate = true> <Delay = 0.00>
ST_1 : Operation 285 [1/1] (0.00ns)   --->   "%zext_ln161_4_cast = zext i7 %zext_ln161_4_read"   --->   Operation 285 'zext' 'zext_ln161_4_cast' <Predicate = true> <Delay = 0.00>
ST_1 : Operation 286 [1/1] (0.00ns)   --->   "%zext_ln161_5_cast = zext i7 %zext_ln161_5_read"   --->   Operation 286 'zext' 'zext_ln161_5_cast' <Predicate = true> <Delay = 0.00>
ST_1 : Operation 287 [1/1] (0.00ns)   --->   "%zext_ln161_6_cast = zext i7 %zext_ln161_6_read"   --->   Operation 287 'zext' 'zext_ln161_6_cast' <Predicate = true> <Delay = 0.00>
ST_1 : Operation 288 [1/1] (0.00ns)   --->   "%zext_ln161_7_cast = zext i7 %zext_ln161_7_read"   --->   Operation 288 'zext' 'zext_ln161_7_cast' <Predicate = true> <Delay = 0.00>
ST_1 : Operation 289 [1/1] (0.00ns)   --->   "%zext_ln161_8_cast = zext i7 %zext_ln161_8_read"   --->   Operation 289 'zext' 'zext_ln161_8_cast' <Predicate = true> <Delay = 0.00>
ST_1 : Operation 290 [1/1] (0.00ns)   --->   "%zext_ln161_9_cast = zext i7 %zext_ln161_9_read"   --->   Operation 290 'zext' 'zext_ln161_9_cast' <Predicate = true> <Delay = 0.00>
ST_1 : Operation 291 [1/1] (0.00ns)   --->   "%zext_ln161_10_cast = zext i7 %zext_ln161_10_read"   --->   Operation 291 'zext' 'zext_ln161_10_cast' <Predicate = true> <Delay = 0.00>
ST_1 : Operation 292 [1/1] (0.00ns)   --->   "%zext_ln161_11_cast = zext i7 %zext_ln161_11_read"   --->   Operation 292 'zext' 'zext_ln161_11_cast' <Predicate = true> <Delay = 0.00>
ST_1 : Operation 293 [1/1] (0.00ns)   --->   "%zext_ln161_12_cast = zext i7 %zext_ln161_12_read"   --->   Operation 293 'zext' 'zext_ln161_12_cast' <Predicate = true> <Delay = 0.00>
ST_1 : Operation 294 [1/1] (0.00ns)   --->   "%zext_ln161_13_cast = zext i7 %zext_ln161_13_read"   --->   Operation 294 'zext' 'zext_ln161_13_cast' <Predicate = true> <Delay = 0.00>
ST_1 : Operation 295 [1/1] (0.00ns)   --->   "%zext_ln161_14_cast = zext i7 %zext_ln161_14_read"   --->   Operation 295 'zext' 'zext_ln161_14_cast' <Predicate = true> <Delay = 0.00>
ST_1 : Operation 296 [1/1] (0.00ns)   --->   "%zext_ln161_15_cast = zext i7 %zext_ln161_15_read"   --->   Operation 296 'zext' 'zext_ln161_15_cast' <Predicate = true> <Delay = 0.00>
ST_1 : Operation 297 [1/1] (0.00ns)   --->   "%zext_ln161_16_cast = zext i7 %zext_ln161_16_read"   --->   Operation 297 'zext' 'zext_ln161_16_cast' <Predicate = true> <Delay = 0.00>
ST_1 : Operation 298 [1/1] (0.00ns)   --->   "%zext_ln161_17_cast = zext i7 %zext_ln161_17_read"   --->   Operation 298 'zext' 'zext_ln161_17_cast' <Predicate = true> <Delay = 0.00>
ST_1 : Operation 299 [1/1] (0.00ns)   --->   "%zext_ln161_18_cast = zext i7 %zext_ln161_18_read"   --->   Operation 299 'zext' 'zext_ln161_18_cast' <Predicate = true> <Delay = 0.00>
ST_1 : Operation 300 [1/1] (0.00ns)   --->   "%zext_ln161_19_cast = zext i7 %zext_ln161_19_read"   --->   Operation 300 'zext' 'zext_ln161_19_cast' <Predicate = true> <Delay = 0.00>
ST_1 : Operation 301 [1/1] (0.00ns)   --->   "%zext_ln161_20_cast = zext i7 %zext_ln161_20_read"   --->   Operation 301 'zext' 'zext_ln161_20_cast' <Predicate = true> <Delay = 0.00>
ST_1 : Operation 302 [1/1] (0.00ns)   --->   "%zext_ln161_21_cast = zext i7 %zext_ln161_21_read"   --->   Operation 302 'zext' 'zext_ln161_21_cast' <Predicate = true> <Delay = 0.00>
ST_1 : Operation 303 [1/1] (0.00ns)   --->   "%zext_ln161_22_cast = zext i7 %zext_ln161_22_read"   --->   Operation 303 'zext' 'zext_ln161_22_cast' <Predicate = true> <Delay = 0.00>
ST_1 : Operation 304 [1/1] (0.00ns)   --->   "%zext_ln161_23_cast = zext i7 %zext_ln161_23_read"   --->   Operation 304 'zext' 'zext_ln161_23_cast' <Predicate = true> <Delay = 0.00>
ST_1 : Operation 305 [1/1] (0.00ns)   --->   "%zext_ln161_24_cast = zext i7 %zext_ln161_24_read"   --->   Operation 305 'zext' 'zext_ln161_24_cast' <Predicate = true> <Delay = 0.00>
ST_1 : Operation 306 [1/1] (0.00ns)   --->   "%zext_ln161_25_cast = zext i7 %zext_ln161_25_read"   --->   Operation 306 'zext' 'zext_ln161_25_cast' <Predicate = true> <Delay = 0.00>
ST_1 : Operation 307 [1/1] (0.00ns)   --->   "%zext_ln161_26_cast = zext i7 %zext_ln161_26_read"   --->   Operation 307 'zext' 'zext_ln161_26_cast' <Predicate = true> <Delay = 0.00>
ST_1 : Operation 308 [1/1] (0.00ns)   --->   "%zext_ln161_27_cast = zext i7 %zext_ln161_27_read"   --->   Operation 308 'zext' 'zext_ln161_27_cast' <Predicate = true> <Delay = 0.00>
ST_1 : Operation 309 [1/1] (0.00ns)   --->   "%zext_ln161_28_cast = zext i7 %zext_ln161_28_read"   --->   Operation 309 'zext' 'zext_ln161_28_cast' <Predicate = true> <Delay = 0.00>
ST_1 : Operation 310 [1/1] (0.00ns)   --->   "%zext_ln161_29_cast = zext i7 %zext_ln161_29_read"   --->   Operation 310 'zext' 'zext_ln161_29_cast' <Predicate = true> <Delay = 0.00>
ST_1 : Operation 311 [1/1] (0.00ns)   --->   "%zext_ln161_30_cast = zext i7 %zext_ln161_30_read"   --->   Operation 311 'zext' 'zext_ln161_30_cast' <Predicate = true> <Delay = 0.00>
ST_1 : Operation 312 [1/1] (0.00ns)   --->   "%zext_ln161_31_cast = zext i7 %zext_ln161_31_read"   --->   Operation 312 'zext' 'zext_ln161_31_cast' <Predicate = true> <Delay = 0.00>
ST_1 : Operation 313 [1/1] (0.00ns)   --->   "%zext_ln161_32_cast = zext i7 %zext_ln161_32_read"   --->   Operation 313 'zext' 'zext_ln161_32_cast' <Predicate = true> <Delay = 0.00>
ST_1 : Operation 314 [1/1] (0.00ns)   --->   "%zext_ln161_33_cast = zext i7 %zext_ln161_33_read"   --->   Operation 314 'zext' 'zext_ln161_33_cast' <Predicate = true> <Delay = 0.00>
ST_1 : Operation 315 [1/1] (0.00ns)   --->   "%zext_ln161_34_cast = zext i7 %zext_ln161_34_read"   --->   Operation 315 'zext' 'zext_ln161_34_cast' <Predicate = true> <Delay = 0.00>
ST_1 : Operation 316 [1/1] (0.00ns)   --->   "%zext_ln161_35_cast = zext i7 %zext_ln161_35_read"   --->   Operation 316 'zext' 'zext_ln161_35_cast' <Predicate = true> <Delay = 0.00>
ST_1 : Operation 317 [1/1] (0.00ns)   --->   "%zext_ln161_36_cast = zext i7 %zext_ln161_36_read"   --->   Operation 317 'zext' 'zext_ln161_36_cast' <Predicate = true> <Delay = 0.00>
ST_1 : Operation 318 [1/1] (0.00ns)   --->   "%zext_ln161_37_cast = zext i7 %zext_ln161_37_read"   --->   Operation 318 'zext' 'zext_ln161_37_cast' <Predicate = true> <Delay = 0.00>
ST_1 : Operation 319 [1/1] (0.00ns)   --->   "%zext_ln161_38_cast = zext i7 %zext_ln161_38_read"   --->   Operation 319 'zext' 'zext_ln161_38_cast' <Predicate = true> <Delay = 0.00>
ST_1 : Operation 320 [1/1] (0.00ns)   --->   "%zext_ln161_39_cast = zext i7 %zext_ln161_39_read"   --->   Operation 320 'zext' 'zext_ln161_39_cast' <Predicate = true> <Delay = 0.00>
ST_1 : Operation 321 [1/1] (0.00ns)   --->   "%zext_ln161_40_cast = zext i7 %zext_ln161_40_read"   --->   Operation 321 'zext' 'zext_ln161_40_cast' <Predicate = true> <Delay = 0.00>
ST_1 : Operation 322 [1/1] (0.00ns)   --->   "%zext_ln161_41_cast = zext i7 %zext_ln161_41_read"   --->   Operation 322 'zext' 'zext_ln161_41_cast' <Predicate = true> <Delay = 0.00>
ST_1 : Operation 323 [1/1] (0.00ns)   --->   "%zext_ln161_42_cast = zext i7 %zext_ln161_42_read"   --->   Operation 323 'zext' 'zext_ln161_42_cast' <Predicate = true> <Delay = 0.00>
ST_1 : Operation 324 [1/1] (0.00ns)   --->   "%zext_ln161_43_cast = zext i7 %zext_ln161_43_read"   --->   Operation 324 'zext' 'zext_ln161_43_cast' <Predicate = true> <Delay = 0.00>
ST_1 : Operation 325 [1/1] (0.00ns)   --->   "%zext_ln161_44_cast = zext i7 %zext_ln161_44_read"   --->   Operation 325 'zext' 'zext_ln161_44_cast' <Predicate = true> <Delay = 0.00>
ST_1 : Operation 326 [1/1] (0.00ns)   --->   "%zext_ln161_45_cast = zext i7 %zext_ln161_45_read"   --->   Operation 326 'zext' 'zext_ln161_45_cast' <Predicate = true> <Delay = 0.00>
ST_1 : Operation 327 [1/1] (0.00ns)   --->   "%zext_ln161_46_cast = zext i7 %zext_ln161_46_read"   --->   Operation 327 'zext' 'zext_ln161_46_cast' <Predicate = true> <Delay = 0.00>
ST_1 : Operation 328 [1/1] (0.00ns)   --->   "%zext_ln161_48_cast = zext i7 %zext_ln161_48_read"   --->   Operation 328 'zext' 'zext_ln161_48_cast' <Predicate = true> <Delay = 0.00>
ST_1 : Operation 329 [1/1] (0.00ns)   --->   "%zext_ln161_49_cast = zext i7 %zext_ln161_49_read"   --->   Operation 329 'zext' 'zext_ln161_49_cast' <Predicate = true> <Delay = 0.00>
ST_1 : Operation 330 [1/1] (0.00ns)   --->   "%zext_ln161_50_cast = zext i7 %zext_ln161_50_read"   --->   Operation 330 'zext' 'zext_ln161_50_cast' <Predicate = true> <Delay = 0.00>
ST_1 : Operation 331 [1/1] (0.00ns)   --->   "%zext_ln161_51_cast = zext i7 %zext_ln161_51_read"   --->   Operation 331 'zext' 'zext_ln161_51_cast' <Predicate = true> <Delay = 0.00>
ST_1 : Operation 332 [1/1] (0.00ns)   --->   "%zext_ln161_52_cast = zext i7 %zext_ln161_52_read"   --->   Operation 332 'zext' 'zext_ln161_52_cast' <Predicate = true> <Delay = 0.00>
ST_1 : Operation 333 [1/1] (0.00ns)   --->   "%zext_ln161_53_cast = zext i7 %zext_ln161_53_read"   --->   Operation 333 'zext' 'zext_ln161_53_cast' <Predicate = true> <Delay = 0.00>
ST_1 : Operation 334 [1/1] (0.00ns)   --->   "%zext_ln161_54_cast = zext i7 %zext_ln161_54_read"   --->   Operation 334 'zext' 'zext_ln161_54_cast' <Predicate = true> <Delay = 0.00>
ST_1 : Operation 335 [1/1] (0.00ns)   --->   "%zext_ln161_55_cast = zext i7 %zext_ln161_55_read"   --->   Operation 335 'zext' 'zext_ln161_55_cast' <Predicate = true> <Delay = 0.00>
ST_1 : Operation 336 [1/1] (0.00ns)   --->   "%zext_ln161_56_cast = zext i7 %zext_ln161_56_read"   --->   Operation 336 'zext' 'zext_ln161_56_cast' <Predicate = true> <Delay = 0.00>
ST_1 : Operation 337 [1/1] (0.00ns)   --->   "%zext_ln161_57_cast = zext i7 %zext_ln161_57_read"   --->   Operation 337 'zext' 'zext_ln161_57_cast' <Predicate = true> <Delay = 0.00>
ST_1 : Operation 338 [1/1] (0.00ns)   --->   "%zext_ln161_58_cast = zext i7 %zext_ln161_58_read"   --->   Operation 338 'zext' 'zext_ln161_58_cast' <Predicate = true> <Delay = 0.00>
ST_1 : Operation 339 [1/1] (0.00ns)   --->   "%zext_ln161_59_cast = zext i7 %zext_ln161_59_read"   --->   Operation 339 'zext' 'zext_ln161_59_cast' <Predicate = true> <Delay = 0.00>
ST_1 : Operation 340 [1/1] (0.00ns)   --->   "%zext_ln161_60_cast = zext i7 %zext_ln161_60_read"   --->   Operation 340 'zext' 'zext_ln161_60_cast' <Predicate = true> <Delay = 0.00>
ST_1 : Operation 341 [1/1] (0.00ns)   --->   "%zext_ln161_61_cast = zext i7 %zext_ln161_61_read"   --->   Operation 341 'zext' 'zext_ln161_61_cast' <Predicate = true> <Delay = 0.00>
ST_1 : Operation 342 [1/1] (0.00ns)   --->   "%zext_ln161_62_cast = zext i7 %zext_ln161_62_read"   --->   Operation 342 'zext' 'zext_ln161_62_cast' <Predicate = true> <Delay = 0.00>
ST_1 : Operation 343 [1/1] (0.00ns)   --->   "%zext_ln161_63_cast = zext i7 %zext_ln161_63_read"   --->   Operation 343 'zext' 'zext_ln161_63_cast' <Predicate = true> <Delay = 0.00>
ST_1 : Operation 344 [1/1] (0.00ns)   --->   "%zext_ln161_65_cast = zext i7 %zext_ln161_65_read"   --->   Operation 344 'zext' 'zext_ln161_65_cast' <Predicate = true> <Delay = 0.00>
ST_1 : Operation 345 [1/1] (0.00ns)   --->   "%zext_ln161_66_cast = zext i7 %zext_ln161_66_read"   --->   Operation 345 'zext' 'zext_ln161_66_cast' <Predicate = true> <Delay = 0.00>
ST_1 : Operation 346 [1/1] (0.00ns)   --->   "%zext_ln161_67_cast = zext i7 %zext_ln161_67_read"   --->   Operation 346 'zext' 'zext_ln161_67_cast' <Predicate = true> <Delay = 0.00>
ST_1 : Operation 347 [1/1] (0.00ns)   --->   "%zext_ln161_68_cast = zext i7 %zext_ln161_68_read"   --->   Operation 347 'zext' 'zext_ln161_68_cast' <Predicate = true> <Delay = 0.00>
ST_1 : Operation 348 [1/1] (0.00ns)   --->   "%zext_ln161_69_cast = zext i7 %zext_ln161_69_read"   --->   Operation 348 'zext' 'zext_ln161_69_cast' <Predicate = true> <Delay = 0.00>
ST_1 : Operation 349 [1/1] (0.00ns)   --->   "%zext_ln161_70_cast = zext i7 %zext_ln161_70_read"   --->   Operation 349 'zext' 'zext_ln161_70_cast' <Predicate = true> <Delay = 0.00>
ST_1 : Operation 350 [1/1] (0.00ns)   --->   "%zext_ln161_71_cast = zext i7 %zext_ln161_71_read"   --->   Operation 350 'zext' 'zext_ln161_71_cast' <Predicate = true> <Delay = 0.00>
ST_1 : Operation 351 [1/1] (0.00ns)   --->   "%zext_ln161_72_cast = zext i7 %zext_ln161_72_read"   --->   Operation 351 'zext' 'zext_ln161_72_cast' <Predicate = true> <Delay = 0.00>
ST_1 : Operation 352 [1/1] (0.00ns)   --->   "%zext_ln161_73_cast = zext i7 %zext_ln161_73_read"   --->   Operation 352 'zext' 'zext_ln161_73_cast' <Predicate = true> <Delay = 0.00>
ST_1 : Operation 353 [1/1] (0.00ns)   --->   "%zext_ln161_74_cast = zext i7 %zext_ln161_74_read"   --->   Operation 353 'zext' 'zext_ln161_74_cast' <Predicate = true> <Delay = 0.00>
ST_1 : Operation 354 [1/1] (0.00ns)   --->   "%zext_ln161_75_cast = zext i7 %zext_ln161_75_read"   --->   Operation 354 'zext' 'zext_ln161_75_cast' <Predicate = true> <Delay = 0.00>
ST_1 : Operation 355 [1/1] (0.00ns)   --->   "%zext_ln161_76_cast = zext i7 %zext_ln161_76_read"   --->   Operation 355 'zext' 'zext_ln161_76_cast' <Predicate = true> <Delay = 0.00>
ST_1 : Operation 356 [1/1] (0.00ns)   --->   "%zext_ln161_77_cast = zext i7 %zext_ln161_77_read"   --->   Operation 356 'zext' 'zext_ln161_77_cast' <Predicate = true> <Delay = 0.00>
ST_1 : Operation 357 [1/1] (0.00ns)   --->   "%zext_ln161_78_cast = zext i7 %zext_ln161_78_read"   --->   Operation 357 'zext' 'zext_ln161_78_cast' <Predicate = true> <Delay = 0.00>
ST_1 : Operation 358 [1/1] (0.00ns)   --->   "%zext_ln161_79_cast = zext i7 %zext_ln161_79_read"   --->   Operation 358 'zext' 'zext_ln161_79_cast' <Predicate = true> <Delay = 0.00>
ST_1 : Operation 359 [1/1] (0.00ns)   --->   "%zext_ln161_80_cast = zext i7 %zext_ln161_80_read"   --->   Operation 359 'zext' 'zext_ln161_80_cast' <Predicate = true> <Delay = 0.00>
ST_1 : Operation 360 [1/1] (0.00ns)   --->   "%zext_ln161_81_cast = zext i7 %zext_ln161_81_read"   --->   Operation 360 'zext' 'zext_ln161_81_cast' <Predicate = true> <Delay = 0.00>
ST_1 : Operation 361 [1/1] (0.00ns)   --->   "%zext_ln161_82_cast = zext i7 %zext_ln161_82_read"   --->   Operation 361 'zext' 'zext_ln161_82_cast' <Predicate = true> <Delay = 0.00>
ST_1 : Operation 362 [1/1] (0.00ns)   --->   "%zext_ln161_83_cast = zext i7 %zext_ln161_83_read"   --->   Operation 362 'zext' 'zext_ln161_83_cast' <Predicate = true> <Delay = 0.00>
ST_1 : Operation 363 [1/1] (0.00ns)   --->   "%zext_ln161_84_cast = zext i7 %zext_ln161_84_read"   --->   Operation 363 'zext' 'zext_ln161_84_cast' <Predicate = true> <Delay = 0.00>
ST_1 : Operation 364 [1/1] (0.00ns)   --->   "%zext_ln161_85_cast = zext i7 %zext_ln161_85_read"   --->   Operation 364 'zext' 'zext_ln161_85_cast' <Predicate = true> <Delay = 0.00>
ST_1 : Operation 365 [1/1] (0.00ns)   --->   "%zext_ln161_86_cast = zext i7 %zext_ln161_86_read"   --->   Operation 365 'zext' 'zext_ln161_86_cast' <Predicate = true> <Delay = 0.00>
ST_1 : Operation 366 [1/1] (0.00ns)   --->   "%zext_ln161_87_cast = zext i7 %zext_ln161_87_read"   --->   Operation 366 'zext' 'zext_ln161_87_cast' <Predicate = true> <Delay = 0.00>
ST_1 : Operation 367 [1/1] (0.00ns)   --->   "%zext_ln161_88_cast = zext i7 %zext_ln161_88_read"   --->   Operation 367 'zext' 'zext_ln161_88_cast' <Predicate = true> <Delay = 0.00>
ST_1 : Operation 368 [1/1] (0.00ns)   --->   "%zext_ln161_89_cast = zext i7 %zext_ln161_89_read"   --->   Operation 368 'zext' 'zext_ln161_89_cast' <Predicate = true> <Delay = 0.00>
ST_1 : Operation 369 [1/1] (0.00ns)   --->   "%zext_ln161_90_cast = zext i7 %zext_ln161_90_read"   --->   Operation 369 'zext' 'zext_ln161_90_cast' <Predicate = true> <Delay = 0.00>
ST_1 : Operation 370 [1/1] (0.00ns)   --->   "%zext_ln161_91_cast = zext i7 %zext_ln161_91_read"   --->   Operation 370 'zext' 'zext_ln161_91_cast' <Predicate = true> <Delay = 0.00>
ST_1 : Operation 371 [1/1] (0.00ns)   --->   "%zext_ln161_92_cast = zext i7 %zext_ln161_92_read"   --->   Operation 371 'zext' 'zext_ln161_92_cast' <Predicate = true> <Delay = 0.00>
ST_1 : Operation 372 [1/1] (0.00ns)   --->   "%zext_ln161_93_cast = zext i7 %zext_ln161_93_read"   --->   Operation 372 'zext' 'zext_ln161_93_cast' <Predicate = true> <Delay = 0.00>
ST_1 : Operation 373 [1/1] (0.00ns)   --->   "%zext_ln161_94_cast = zext i7 %zext_ln161_94_read"   --->   Operation 373 'zext' 'zext_ln161_94_cast' <Predicate = true> <Delay = 0.00>
ST_1 : Operation 374 [1/1] (0.00ns)   --->   "%zext_ln161_95_cast = zext i7 %zext_ln161_95_read"   --->   Operation 374 'zext' 'zext_ln161_95_cast' <Predicate = true> <Delay = 0.00>
ST_1 : Operation 375 [1/1] (0.00ns)   --->   "%zext_ln161_96_cast = zext i7 %zext_ln161_96_read"   --->   Operation 375 'zext' 'zext_ln161_96_cast' <Predicate = true> <Delay = 0.00>
ST_1 : Operation 376 [1/1] (0.00ns)   --->   "%zext_ln161_98_cast = zext i7 %zext_ln161_98_read"   --->   Operation 376 'zext' 'zext_ln161_98_cast' <Predicate = true> <Delay = 0.00>
ST_1 : Operation 377 [1/1] (0.00ns)   --->   "%zext_ln161_99_cast = zext i7 %zext_ln161_99_read"   --->   Operation 377 'zext' 'zext_ln161_99_cast' <Predicate = true> <Delay = 0.00>
ST_1 : Operation 378 [1/1] (0.00ns)   --->   "%zext_ln161_100_cast = zext i7 %zext_ln161_100_read"   --->   Operation 378 'zext' 'zext_ln161_100_cast' <Predicate = true> <Delay = 0.00>
ST_1 : Operation 379 [1/1] (0.00ns)   --->   "%zext_ln161_101_cast = zext i7 %zext_ln161_101_read"   --->   Operation 379 'zext' 'zext_ln161_101_cast' <Predicate = true> <Delay = 0.00>
ST_1 : Operation 380 [1/1] (0.00ns)   --->   "%zext_ln161_102_cast = zext i7 %zext_ln161_102_read"   --->   Operation 380 'zext' 'zext_ln161_102_cast' <Predicate = true> <Delay = 0.00>
ST_1 : Operation 381 [1/1] (0.00ns)   --->   "%zext_ln161_103_cast = zext i7 %zext_ln161_103_read"   --->   Operation 381 'zext' 'zext_ln161_103_cast' <Predicate = true> <Delay = 0.00>
ST_1 : Operation 382 [1/1] (0.00ns)   --->   "%zext_ln161_104_cast = zext i7 %zext_ln161_104_read"   --->   Operation 382 'zext' 'zext_ln161_104_cast' <Predicate = true> <Delay = 0.00>
ST_1 : Operation 383 [1/1] (0.00ns)   --->   "%zext_ln161_105_cast = zext i7 %zext_ln161_105_read"   --->   Operation 383 'zext' 'zext_ln161_105_cast' <Predicate = true> <Delay = 0.00>
ST_1 : Operation 384 [1/1] (0.00ns)   --->   "%zext_ln161_106_cast = zext i7 %zext_ln161_106_read"   --->   Operation 384 'zext' 'zext_ln161_106_cast' <Predicate = true> <Delay = 0.00>
ST_1 : Operation 385 [1/1] (0.00ns)   --->   "%zext_ln161_107_cast = zext i7 %zext_ln161_107_read"   --->   Operation 385 'zext' 'zext_ln161_107_cast' <Predicate = true> <Delay = 0.00>
ST_1 : Operation 386 [1/1] (0.00ns)   --->   "%zext_ln161_108_cast = zext i7 %zext_ln161_108_read"   --->   Operation 386 'zext' 'zext_ln161_108_cast' <Predicate = true> <Delay = 0.00>
ST_1 : Operation 387 [1/1] (0.00ns)   --->   "%zext_ln161_109_cast = zext i7 %zext_ln161_109_read"   --->   Operation 387 'zext' 'zext_ln161_109_cast' <Predicate = true> <Delay = 0.00>
ST_1 : Operation 388 [1/1] (0.00ns)   --->   "%zext_ln161_110_cast = zext i7 %zext_ln161_110_read"   --->   Operation 388 'zext' 'zext_ln161_110_cast' <Predicate = true> <Delay = 0.00>
ST_1 : Operation 389 [1/1] (0.00ns)   --->   "%zext_ln161_111_cast = zext i7 %zext_ln161_111_read"   --->   Operation 389 'zext' 'zext_ln161_111_cast' <Predicate = true> <Delay = 0.00>
ST_1 : Operation 390 [1/1] (0.00ns)   --->   "%zext_ln161_112_cast = zext i7 %zext_ln161_112_read"   --->   Operation 390 'zext' 'zext_ln161_112_cast' <Predicate = true> <Delay = 0.00>
ST_1 : Operation 391 [1/1] (0.00ns)   --->   "%zext_ln161_113_cast = zext i7 %zext_ln161_113_read"   --->   Operation 391 'zext' 'zext_ln161_113_cast' <Predicate = true> <Delay = 0.00>
ST_1 : Operation 392 [1/1] (0.00ns)   --->   "%zext_ln161_114_cast = zext i7 %zext_ln161_114_read"   --->   Operation 392 'zext' 'zext_ln161_114_cast' <Predicate = true> <Delay = 0.00>
ST_1 : Operation 393 [1/1] (0.00ns)   --->   "%zext_ln161_115_cast = zext i7 %zext_ln161_115_read"   --->   Operation 393 'zext' 'zext_ln161_115_cast' <Predicate = true> <Delay = 0.00>
ST_1 : Operation 394 [1/1] (0.00ns)   --->   "%zext_ln161_116_cast = zext i7 %zext_ln161_116_read"   --->   Operation 394 'zext' 'zext_ln161_116_cast' <Predicate = true> <Delay = 0.00>
ST_1 : Operation 395 [1/1] (0.00ns)   --->   "%zext_ln161_117_cast = zext i7 %zext_ln161_117_read"   --->   Operation 395 'zext' 'zext_ln161_117_cast' <Predicate = true> <Delay = 0.00>
ST_1 : Operation 396 [1/1] (0.00ns)   --->   "%zext_ln161_118_cast = zext i7 %zext_ln161_118_read"   --->   Operation 396 'zext' 'zext_ln161_118_cast' <Predicate = true> <Delay = 0.00>
ST_1 : Operation 397 [1/1] (0.00ns)   --->   "%zext_ln161_119_cast = zext i7 %zext_ln161_119_read"   --->   Operation 397 'zext' 'zext_ln161_119_cast' <Predicate = true> <Delay = 0.00>
ST_1 : Operation 398 [1/1] (0.00ns)   --->   "%zext_ln161_120_cast = zext i7 %zext_ln161_120_read"   --->   Operation 398 'zext' 'zext_ln161_120_cast' <Predicate = true> <Delay = 0.00>
ST_1 : Operation 399 [1/1] (0.00ns)   --->   "%zext_ln161_121_cast = zext i7 %zext_ln161_121_read"   --->   Operation 399 'zext' 'zext_ln161_121_cast' <Predicate = true> <Delay = 0.00>
ST_1 : Operation 400 [1/1] (0.00ns)   --->   "%zext_ln161_122_cast = zext i7 %zext_ln161_122_read"   --->   Operation 400 'zext' 'zext_ln161_122_cast' <Predicate = true> <Delay = 0.00>
ST_1 : Operation 401 [1/1] (0.00ns)   --->   "%zext_ln161_123_cast = zext i7 %zext_ln161_123_read"   --->   Operation 401 'zext' 'zext_ln161_123_cast' <Predicate = true> <Delay = 0.00>
ST_1 : Operation 402 [1/1] (0.00ns)   --->   "%zext_ln161_124_cast = zext i7 %zext_ln161_124_read"   --->   Operation 402 'zext' 'zext_ln161_124_cast' <Predicate = true> <Delay = 0.00>
ST_1 : Operation 403 [1/1] (0.00ns)   --->   "%zext_ln161_125_cast = zext i7 %zext_ln161_125_read"   --->   Operation 403 'zext' 'zext_ln161_125_cast' <Predicate = true> <Delay = 0.00>
ST_1 : Operation 404 [1/1] (0.00ns)   --->   "%zext_ln161_126_cast = zext i7 %zext_ln161_126_read"   --->   Operation 404 'zext' 'zext_ln161_126_cast' <Predicate = true> <Delay = 0.00>
ST_1 : Operation 405 [1/1] (0.00ns)   --->   "%zext_ln161_127_cast = zext i7 %zext_ln161_127_read"   --->   Operation 405 'zext' 'zext_ln161_127_cast' <Predicate = true> <Delay = 0.00>
ST_1 : Operation 406 [1/1] (0.00ns)   --->   "%zext_ln161_128_cast = zext i7 %zext_ln161_128_read"   --->   Operation 406 'zext' 'zext_ln161_128_cast' <Predicate = true> <Delay = 0.00>
ST_1 : Operation 407 [1/1] (0.00ns)   --->   "%specinterface_ln0 = specinterface void @_ssdm_op_SpecInterface, i8 %DATA_OUT, void @empty_3, i32 0, i32 0, void @empty_4, i32 0, i32 2, void @empty_1, void @empty_0, void @empty_4, i32 16, i32 16, i32 16, i32 16, void @empty_4, void @empty_4, i32 4294967295, i32 0, i32 0, i32 1"   --->   Operation 407 'specinterface' 'specinterface_ln0' <Predicate = true> <Delay = 0.00>
ST_1 : Operation 408 [1/1] (1.58ns)   --->   "%store_ln156 = store i2 0, i2 %out_class" [cnn_hls.cpp:156]   --->   Operation 408 'store' 'store_ln156' <Predicate = true> <Delay = 1.58>
ST_1 : Operation 409 [1/1] (0.00ns)   --->   "%br_ln0 = br void %VITIS_LOOP_160_16"   --->   Operation 409 'br' 'br_ln0' <Predicate = true> <Delay = 0.00>
ST_1 : Operation 410 [1/1] (0.00ns)   --->   "%out_class_1 = load i2 %out_class" [cnn_hls.cpp:156]   --->   Operation 410 'load' 'out_class_1' <Predicate = true> <Delay = 0.00>
ST_1 : Operation 411 [1/1] (0.00ns)   --->   "%specbitsmap_ln0 = specbitsmap void @_ssdm_op_SpecBitsMap, i8 %DATA_OUT"   --->   Operation 411 'specbitsmap' 'specbitsmap_ln0' <Predicate = true> <Delay = 0.00>
ST_1 : Operation 412 [1/1] (1.56ns)   --->   "%icmp_ln156 = icmp_eq  i2 %out_class_1, i2 2" [cnn_hls.cpp:156]   --->   Operation 412 'icmp' 'icmp_ln156' <Predicate = true> <Delay = 1.56> <CoreInst = "Cmp">   --->   Core 9 'Cmp' <Latency = 0> <II = 1> <Delay = 1.56> <FuncUnit> <Opcode : 'seteq' 'setne' 'setle' 'setge' 'setlt' 'setgt'> <InPorts = 2> <OutPorts = 1>
ST_1 : Operation 413 [1/1] (1.56ns)   --->   "%add_ln156 = add i2 %out_class_1, i2 1" [cnn_hls.cpp:156]   --->   Operation 413 'add' 'add_ln156' <Predicate = true> <Delay = 1.56> <CoreInst = "Adder">   --->   Core 1 'Adder' <Latency = 0> <II = 1> <Delay = 1.56> <FuncUnit> <Opcode : 'add' 'sub'> <InPorts = 2> <OutPorts = 1>
ST_1 : Operation 414 [1/1] (0.00ns)   --->   "%br_ln156 = br i1 %icmp_ln156, void %VITIS_LOOP_160_16.split, void %for.end241.exitStub" [cnn_hls.cpp:156]   --->   Operation 414 'br' 'br_ln156' <Predicate = true> <Delay = 0.00>
ST_1 : Operation 415 [1/1] (1.56ns)   --->   "%icmp_ln158 = icmp_eq  i2 %out_class_1, i2 1" [cnn_hls.cpp:158]   --->   Operation 415 'icmp' 'icmp_ln158' <Predicate = (!icmp_ln156)> <Delay = 1.56> <CoreInst = "Cmp">   --->   Core 9 'Cmp' <Latency = 0> <II = 1> <Delay = 1.56> <FuncUnit> <Opcode : 'seteq' 'setne' 'setle' 'setge' 'setlt' 'setgt'> <InPorts = 2> <OutPorts = 1>
ST_1 : Operation 416 [1/1] (1.18ns)   --->   "%select_ln161_1 = select i1 %icmp_ln158, i13 8163, i13 8165" [cnn_hls.cpp:161]   --->   Operation 416 'select' 'select_ln161_1' <Predicate = (!icmp_ln156)> <Delay = 1.18> <CoreInst = "Sel">   --->   Core 73 'Sel' <Latency = 0> <II = 1> <Delay = 1.18> <FuncUnit> <Opcode : 'select'> <InPorts = 3> <OutPorts = 1>
ST_1 : Operation 417 [1/1] (0.99ns)   --->   "%select_ln161_3 = select i1 %icmp_ln158, i14 16347, i14 16351" [cnn_hls.cpp:161]   --->   Operation 417 'select' 'select_ln161_3' <Predicate = (!icmp_ln156)> <Delay = 0.99> <CoreInst = "Sel">   --->   Core 73 'Sel' <Latency = 0> <II = 1> <Delay = 0.99> <FuncUnit> <Opcode : 'select'> <InPorts = 3> <OutPorts = 1>
ST_1 : Operation 418 [1/1] (1.02ns)   --->   "%select_ln161_5 = select i1 %icmp_ln158, i11 2042, i11 2045" [cnn_hls.cpp:161]   --->   Operation 418 'select' 'select_ln161_5' <Predicate = (!icmp_ln156)> <Delay = 1.02> <CoreInst = "Sel">   --->   Core 73 'Sel' <Latency = 0> <II = 1> <Delay = 1.02> <FuncUnit> <Opcode : 'select'> <InPorts = 3> <OutPorts = 1>
ST_1 : Operation 419 [1/1] (1.24ns)   --->   "%select_ln161_8 = select i1 %icmp_ln158, i15 65, i15 32711" [cnn_hls.cpp:161]   --->   Operation 419 'select' 'select_ln161_8' <Predicate = (!icmp_ln156)> <Delay = 1.24> <CoreInst = "Sel">   --->   Core 73 'Sel' <Latency = 0> <II = 1> <Delay = 1.24> <FuncUnit> <Opcode : 'select'> <InPorts = 3> <OutPorts = 1>
ST_1 : Operation 420 [1/1] (1.02ns)   --->   "%select_ln161_15 = select i1 %icmp_ln158, i11 2045, i11 2043" [cnn_hls.cpp:161]   --->   Operation 420 'select' 'select_ln161_15' <Predicate = (!icmp_ln156)> <Delay = 1.02> <CoreInst = "Sel">   --->   Core 73 'Sel' <Latency = 0> <II = 1> <Delay = 1.02> <FuncUnit> <Opcode : 'select'> <InPorts = 3> <OutPorts = 1>
ST_1 : Operation 421 [1/1] (0.99ns)   --->   "%select_ln161_20 = select i1 %icmp_ln158, i14 16337, i14 16357" [cnn_hls.cpp:161]   --->   Operation 421 'select' 'select_ln161_20' <Predicate = (!icmp_ln156)> <Delay = 0.99> <CoreInst = "Sel">   --->   Core 73 'Sel' <Latency = 0> <II = 1> <Delay = 0.99> <FuncUnit> <Opcode : 'select'> <InPorts = 3> <OutPorts = 1>
ST_1 : Operation 422 [1/1] (1.24ns)   --->   "%select_ln161_23 = select i1 %icmp_ln158, i15 127, i15 32761" [cnn_hls.cpp:161]   --->   Operation 422 'select' 'select_ln161_23' <Predicate = (!icmp_ln156)> <Delay = 1.24> <CoreInst = "Sel">   --->   Core 73 'Sel' <Latency = 0> <II = 1> <Delay = 1.24> <FuncUnit> <Opcode : 'select'> <InPorts = 3> <OutPorts = 1>
ST_1 : Operation 423 [1/1] (1.24ns)   --->   "%select_ln161_29 = select i1 %icmp_ln158, i15 32691, i15 62" [cnn_hls.cpp:161]   --->   Operation 423 'select' 'select_ln161_29' <Predicate = (!icmp_ln156)> <Delay = 1.24> <CoreInst = "Sel">   --->   Core 73 'Sel' <Latency = 0> <II = 1> <Delay = 1.24> <FuncUnit> <Opcode : 'select'> <InPorts = 3> <OutPorts = 1>
ST_1 : Operation 424 [1/1] (1.24ns)   --->   "%select_ln161_46 = select i1 %icmp_ln158, i15 109, i15 32659" [cnn_hls.cpp:161]   --->   Operation 424 'select' 'select_ln161_46' <Predicate = (!icmp_ln156)> <Delay = 1.24> <CoreInst = "Sel">   --->   Core 73 'Sel' <Latency = 0> <II = 1> <Delay = 1.24> <FuncUnit> <Opcode : 'select'> <InPorts = 3> <OutPorts = 1>
ST_1 : Operation 425 [1/1] (0.99ns)   --->   "%select_ln161_53 = select i1 %icmp_ln158, i15 32743, i15 37" [cnn_hls.cpp:161]   --->   Operation 425 'select' 'select_ln161_53' <Predicate = (!icmp_ln156)> <Delay = 0.99> <CoreInst = "Sel">   --->   Core 73 'Sel' <Latency = 0> <II = 1> <Delay = 0.99> <FuncUnit> <Opcode : 'select'> <InPorts = 3> <OutPorts = 1>
ST_1 : Operation 426 [1/1] (1.18ns)   --->   "%select_ln161_58 = select i1 %icmp_ln158, i13 8175, i13 8168" [cnn_hls.cpp:161]   --->   Operation 426 'select' 'select_ln161_58' <Predicate = (!icmp_ln156)> <Delay = 1.18> <CoreInst = "Sel">   --->   Core 73 'Sel' <Latency = 0> <II = 1> <Delay = 1.18> <FuncUnit> <Opcode : 'select'> <InPorts = 3> <OutPorts = 1>
ST_1 : Operation 427 [1/1] (0.99ns)   --->   "%select_ln161_63 = select i1 %icmp_ln158, i14 16345, i14 37" [cnn_hls.cpp:161]   --->   Operation 427 'select' 'select_ln161_63' <Predicate = (!icmp_ln156)> <Delay = 0.99> <CoreInst = "Sel">   --->   Core 73 'Sel' <Latency = 0> <II = 1> <Delay = 0.99> <FuncUnit> <Opcode : 'select'> <InPorts = 3> <OutPorts = 1>
ST_1 : Operation 428 [1/1] (0.99ns)   --->   "%select_ln161_66 = select i1 %icmp_ln158, i14 16333, i14 38" [cnn_hls.cpp:161]   --->   Operation 428 'select' 'select_ln161_66' <Predicate = (!icmp_ln156)> <Delay = 0.99> <CoreInst = "Sel">   --->   Core 73 'Sel' <Latency = 0> <II = 1> <Delay = 0.99> <FuncUnit> <Opcode : 'select'> <InPorts = 3> <OutPorts = 1>
ST_1 : Operation 429 [1/1] (0.99ns)   --->   "%select_ln161_68 = select i1 %icmp_ln158, i14 39, i14 16325" [cnn_hls.cpp:161]   --->   Operation 429 'select' 'select_ln161_68' <Predicate = (!icmp_ln156)> <Delay = 0.99> <CoreInst = "Sel">   --->   Core 73 'Sel' <Latency = 0> <II = 1> <Delay = 0.99> <FuncUnit> <Opcode : 'select'> <InPorts = 3> <OutPorts = 1>
ST_1 : Operation 430 [1/1] (0.99ns)   --->   "%select_ln161_70 = select i1 %icmp_ln158, i14 6, i14 16349" [cnn_hls.cpp:161]   --->   Operation 430 'select' 'select_ln161_70' <Predicate = (!icmp_ln156)> <Delay = 0.99> <CoreInst = "Sel">   --->   Core 73 'Sel' <Latency = 0> <II = 1> <Delay = 0.99> <FuncUnit> <Opcode : 'select'> <InPorts = 3> <OutPorts = 1>
ST_1 : Operation 431 [1/1] (1.24ns)   --->   "%select_ln161_74 = select i1 %icmp_ln158, i15 32685, i15 79" [cnn_hls.cpp:161]   --->   Operation 431 'select' 'select_ln161_74' <Predicate = (!icmp_ln156)> <Delay = 1.24> <CoreInst = "Sel">   --->   Core 73 'Sel' <Latency = 0> <II = 1> <Delay = 1.24> <FuncUnit> <Opcode : 'select'> <InPorts = 3> <OutPorts = 1>
ST_1 : Operation 432 [1/1] (1.21ns)   --->   "%select_ln161_76 = select i1 %icmp_ln158, i12 10, i12 4086" [cnn_hls.cpp:161]   --->   Operation 432 'select' 'select_ln161_76' <Predicate = (!icmp_ln156)> <Delay = 1.21> <CoreInst = "Sel">   --->   Core 73 'Sel' <Latency = 0> <II = 1> <Delay = 1.21> <FuncUnit> <Opcode : 'select'> <InPorts = 3> <OutPorts = 1>
ST_1 : Operation 433 [1/1] (1.24ns)   --->   "%select_ln161_80 = select i1 %icmp_ln158, i15 65, i15 32757" [cnn_hls.cpp:161]   --->   Operation 433 'select' 'select_ln161_80' <Predicate = (!icmp_ln156)> <Delay = 1.24> <CoreInst = "Sel">   --->   Core 73 'Sel' <Latency = 0> <II = 1> <Delay = 1.24> <FuncUnit> <Opcode : 'select'> <InPorts = 3> <OutPorts = 1>
ST_1 : Operation 434 [1/1] (1.18ns)   --->   "%select_ln161_84 = select i1 %icmp_ln158, i13 8173, i13 8186" [cnn_hls.cpp:161]   --->   Operation 434 'select' 'select_ln161_84' <Predicate = (!icmp_ln156)> <Delay = 1.18> <CoreInst = "Sel">   --->   Core 73 'Sel' <Latency = 0> <II = 1> <Delay = 1.18> <FuncUnit> <Opcode : 'select'> <InPorts = 3> <OutPorts = 1>
ST_1 : Operation 435 [1/1] (1.18ns)   --->   "%select_ln161_90 = select i1 %icmp_ln158, i13 8175, i13 7" [cnn_hls.cpp:161]   --->   Operation 435 'select' 'select_ln161_90' <Predicate = (!icmp_ln156)> <Delay = 1.18> <CoreInst = "Sel">   --->   Core 73 'Sel' <Latency = 0> <II = 1> <Delay = 1.18> <FuncUnit> <Opcode : 'select'> <InPorts = 3> <OutPorts = 1>
ST_1 : Operation 436 [1/1] (0.99ns)   --->   "%select_ln161_93 = select i1 %icmp_ln158, i14 16377, i14 16340" [cnn_hls.cpp:161]   --->   Operation 436 'select' 'select_ln161_93' <Predicate = (!icmp_ln156)> <Delay = 0.99> <CoreInst = "Sel">   --->   Core 73 'Sel' <Latency = 0> <II = 1> <Delay = 0.99> <FuncUnit> <Opcode : 'select'> <InPorts = 3> <OutPorts = 1>
ST_1 : Operation 437 [1/1] (1.18ns)   --->   "%select_ln161_95 = select i1 %icmp_ln158, i13 27, i13 8174" [cnn_hls.cpp:161]   --->   Operation 437 'select' 'select_ln161_95' <Predicate = (!icmp_ln156)> <Delay = 1.18> <CoreInst = "Sel">   --->   Core 73 'Sel' <Latency = 0> <II = 1> <Delay = 1.18> <FuncUnit> <Opcode : 'select'> <InPorts = 3> <OutPorts = 1>
ST_1 : Operation 438 [1/1] (0.99ns)   --->   "%select_ln161_102 = select i1 %icmp_ln158, i14 36, i14 16379" [cnn_hls.cpp:161]   --->   Operation 438 'select' 'select_ln161_102' <Predicate = (!icmp_ln156)> <Delay = 0.99> <CoreInst = "Sel">   --->   Core 73 'Sel' <Latency = 0> <II = 1> <Delay = 0.99> <FuncUnit> <Opcode : 'select'> <InPorts = 3> <OutPorts = 1>
ST_1 : Operation 439 [1/1] (0.99ns)   --->   "%select_ln161_104 = select i1 %icmp_ln158, i14 16338, i14 11" [cnn_hls.cpp:161]   --->   Operation 439 'select' 'select_ln161_104' <Predicate = (!icmp_ln156)> <Delay = 0.99> <CoreInst = "Sel">   --->   Core 73 'Sel' <Latency = 0> <II = 1> <Delay = 0.99> <FuncUnit> <Opcode : 'select'> <InPorts = 3> <OutPorts = 1>
ST_1 : Operation 440 [1/1] (1.24ns)   --->   "%select_ln161_106 = select i1 %icmp_ln158, i15 32699, i15 32765" [cnn_hls.cpp:161]   --->   Operation 440 'select' 'select_ln161_106' <Predicate = (!icmp_ln156)> <Delay = 1.24> <CoreInst = "Sel">   --->   Core 73 'Sel' <Latency = 0> <II = 1> <Delay = 1.24> <FuncUnit> <Opcode : 'select'> <InPorts = 3> <OutPorts = 1>
ST_1 : Operation 441 [1/1] (1.18ns)   --->   "%select_ln161_111 = select i1 %icmp_ln158, i13 17, i13 8179" [cnn_hls.cpp:161]   --->   Operation 441 'select' 'select_ln161_111' <Predicate = (!icmp_ln156)> <Delay = 1.18> <CoreInst = "Sel">   --->   Core 73 'Sel' <Latency = 0> <II = 1> <Delay = 1.18> <FuncUnit> <Opcode : 'select'> <InPorts = 3> <OutPorts = 1>
ST_1 : Operation 442 [1/1] (1.18ns)   --->   "%select_ln161_115 = select i1 %icmp_ln158, i13 8180, i13 8163" [cnn_hls.cpp:161]   --->   Operation 442 'select' 'select_ln161_115' <Predicate = (!icmp_ln156)> <Delay = 1.18> <CoreInst = "Sel">   --->   Core 73 'Sel' <Latency = 0> <II = 1> <Delay = 1.18> <FuncUnit> <Opcode : 'select'> <InPorts = 3> <OutPorts = 1>
ST_1 : Operation 443 [1/1] (0.99ns)   --->   "%select_ln161_123 = select i1 %icmp_ln158, i14 16351, i14 44" [cnn_hls.cpp:161]   --->   Operation 443 'select' 'select_ln161_123' <Predicate = (!icmp_ln156)> <Delay = 0.99> <CoreInst = "Sel">   --->   Core 73 'Sel' <Latency = 0> <II = 1> <Delay = 0.99> <FuncUnit> <Opcode : 'select'> <InPorts = 3> <OutPorts = 1>
ST_1 : Operation 444 [1/1] (1.24ns)   --->   "%select_ln161_125 = select i1 %icmp_ln158, i15 32699, i15 37" [cnn_hls.cpp:161]   --->   Operation 444 'select' 'select_ln161_125' <Predicate = (!icmp_ln156)> <Delay = 1.24> <CoreInst = "Sel">   --->   Core 73 'Sel' <Latency = 0> <II = 1> <Delay = 1.24> <FuncUnit> <Opcode : 'select'> <InPorts = 3> <OutPorts = 1>
ST_1 : Operation 445 [1/1] (0.99ns)   --->   "%select_ln161_130 = select i1 %icmp_ln158, i14 14, i14 16340" [cnn_hls.cpp:161]   --->   Operation 445 'select' 'select_ln161_130' <Predicate = (!icmp_ln156)> <Delay = 0.99> <CoreInst = "Sel">   --->   Core 73 'Sel' <Latency = 0> <II = 1> <Delay = 0.99> <FuncUnit> <Opcode : 'select'> <InPorts = 3> <OutPorts = 1>
ST_1 : Operation 446 [1/1] (1.18ns)   --->   "%select_ln161_132 = select i1 %icmp_ln158, i13 8163, i13 8166" [cnn_hls.cpp:161]   --->   Operation 446 'select' 'select_ln161_132' <Predicate = (!icmp_ln156)> <Delay = 1.18> <CoreInst = "Sel">   --->   Core 73 'Sel' <Latency = 0> <II = 1> <Delay = 1.18> <FuncUnit> <Opcode : 'select'> <InPorts = 3> <OutPorts = 1>
ST_1 : Operation 447 [1/1] (0.99ns)   --->   "%select_ln161_134 = select i1 %icmp_ln158, i14 16331, i14 16374" [cnn_hls.cpp:161]   --->   Operation 447 'select' 'select_ln161_134' <Predicate = (!icmp_ln156)> <Delay = 0.99> <CoreInst = "Sel">   --->   Core 73 'Sel' <Latency = 0> <II = 1> <Delay = 0.99> <FuncUnit> <Opcode : 'select'> <InPorts = 3> <OutPorts = 1>
ST_1 : Operation 448 [1/1] (1.18ns)   --->   "%select_ln161_139 = select i1 %icmp_ln158, i13 8174, i13 8185" [cnn_hls.cpp:161]   --->   Operation 448 'select' 'select_ln161_139' <Predicate = (!icmp_ln156)> <Delay = 1.18> <CoreInst = "Sel">   --->   Core 73 'Sel' <Latency = 0> <II = 1> <Delay = 1.18> <FuncUnit> <Opcode : 'select'> <InPorts = 3> <OutPorts = 1>
ST_1 : Operation 449 [1/1] (1.24ns)   --->   "%select_ln161_142 = select i1 %icmp_ln158, i15 32650, i15 32684" [cnn_hls.cpp:161]   --->   Operation 449 'select' 'select_ln161_142' <Predicate = (!icmp_ln156)> <Delay = 1.24> <CoreInst = "Sel">   --->   Core 73 'Sel' <Latency = 0> <II = 1> <Delay = 1.24> <FuncUnit> <Opcode : 'select'> <InPorts = 3> <OutPorts = 1>
ST_1 : Operation 450 [1/1] (0.99ns)   --->   "%select_ln161_145 = select i1 %icmp_ln158, i14 16381, i14 36" [cnn_hls.cpp:161]   --->   Operation 450 'select' 'select_ln161_145' <Predicate = (!icmp_ln156)> <Delay = 0.99> <CoreInst = "Sel">   --->   Core 73 'Sel' <Latency = 0> <II = 1> <Delay = 0.99> <FuncUnit> <Opcode : 'select'> <InPorts = 3> <OutPorts = 1>
ST_1 : Operation 451 [1/1] (0.99ns)   --->   "%select_ln161_148 = select i1 %icmp_ln158, i14 16335, i14 58" [cnn_hls.cpp:161]   --->   Operation 451 'select' 'select_ln161_148' <Predicate = (!icmp_ln156)> <Delay = 0.99> <CoreInst = "Sel">   --->   Core 73 'Sel' <Latency = 0> <II = 1> <Delay = 0.99> <FuncUnit> <Opcode : 'select'> <InPorts = 3> <OutPorts = 1>
ST_1 : Operation 452 [1/1] (1.18ns)   --->   "%select_ln161_150 = select i1 %icmp_ln158, i13 28, i13 8187" [cnn_hls.cpp:161]   --->   Operation 452 'select' 'select_ln161_150' <Predicate = (!icmp_ln156)> <Delay = 1.18> <CoreInst = "Sel">   --->   Core 73 'Sel' <Latency = 0> <II = 1> <Delay = 1.18> <FuncUnit> <Opcode : 'select'> <InPorts = 3> <OutPorts = 1>
ST_1 : Operation 453 [1/1] (1.18ns)   --->   "%select_ln161_153 = select i1 %icmp_ln158, i13 8175, i13 8166" [cnn_hls.cpp:161]   --->   Operation 453 'select' 'select_ln161_153' <Predicate = (!icmp_ln156)> <Delay = 1.18> <CoreInst = "Sel">   --->   Core 73 'Sel' <Latency = 0> <II = 1> <Delay = 1.18> <FuncUnit> <Opcode : 'select'> <InPorts = 3> <OutPorts = 1>
ST_1 : Operation 454 [1/1] (1.24ns)   --->   "%select_ln161_157 = select i1 %icmp_ln158, i15 126, i15 32651" [cnn_hls.cpp:161]   --->   Operation 454 'select' 'select_ln161_157' <Predicate = (!icmp_ln156)> <Delay = 1.24> <CoreInst = "Sel">   --->   Core 73 'Sel' <Latency = 0> <II = 1> <Delay = 1.24> <FuncUnit> <Opcode : 'select'> <InPorts = 3> <OutPorts = 1>
ST_1 : Operation 455 [1/1] (1.18ns)   --->   "%select_ln162 = select i1 %icmp_ln158, i13 8173, i13 29" [cnn_hls.cpp:162]   --->   Operation 455 'select' 'select_ln162' <Predicate = (!icmp_ln156)> <Delay = 1.18> <CoreInst = "Sel">   --->   Core 73 'Sel' <Latency = 0> <II = 1> <Delay = 1.18> <FuncUnit> <Opcode : 'select'> <InPorts = 3> <OutPorts = 1>
ST_1 : Operation 456 [3/3] (1.05ns) (grouped into DSP with root node add_ln162_120)   --->   "%mul_ln162_5 = mul i15 %select_ln161_106, i15 %zext_ln161_123_cast" [cnn_hls.cpp:162]   --->   Operation 456 'mul' 'mul_ln162_5' <Predicate = (!icmp_ln156)> <Delay = 1.05> <CoreInst = "DSP48">   --->   Core 116 'DSP48' <Latency = 3> <II = 1> <Delay = 2.15> <IPBlock> <Opcode : 'add' 'sub' 'mul' 'select'> <InPorts = 0> <OutPorts = 1> <Sync> <CReg>
ST_1 : Operation 457 [3/3] (1.05ns) (grouped into DSP with root node add_ln162_118)   --->   "%mul_ln162_7 = mul i14 %select_ln161_104, i14 %zext_ln161_121_cast" [cnn_hls.cpp:162]   --->   Operation 457 'mul' 'mul_ln162_7' <Predicate = (!icmp_ln156)> <Delay = 1.05> <CoreInst = "DSP48">   --->   Core 116 'DSP48' <Latency = 3> <II = 1> <Delay = 2.15> <IPBlock> <Opcode : 'add' 'sub' 'mul' 'select'> <InPorts = 0> <OutPorts = 1> <Sync> <CReg>
ST_1 : Operation 458 [3/3] (1.05ns) (grouped into DSP with root node add_ln162_113)   --->   "%mul_ln162_10 = mul i14 %select_ln161_102, i14 %zext_ln161_118_cast" [cnn_hls.cpp:162]   --->   Operation 458 'mul' 'mul_ln162_10' <Predicate = (!icmp_ln156)> <Delay = 1.05> <CoreInst = "DSP48">   --->   Core 116 'DSP48' <Latency = 3> <II = 1> <Delay = 2.15> <IPBlock> <Opcode : 'add' 'sub' 'mul' 'select'> <InPorts = 0> <OutPorts = 1> <Sync> <CReg>
ST_1 : Operation 459 [3/3] (1.05ns) (grouped into DSP with root node add_ln162_108)   --->   "%mul_ln162_17 = mul i13 %select_ln161_95, i13 %zext_ln161_111_cast" [cnn_hls.cpp:162]   --->   Operation 459 'mul' 'mul_ln162_17' <Predicate = (!icmp_ln156)> <Delay = 1.05> <CoreInst = "DSP48">   --->   Core 116 'DSP48' <Latency = 3> <II = 1> <Delay = 2.15> <IPBlock> <Opcode : 'add' 'sub' 'mul' 'select'> <InPorts = 0> <OutPorts = 1> <Sync> <CReg>
ST_1 : Operation 460 [3/3] (1.05ns) (grouped into DSP with root node add_ln162_106)   --->   "%mul_ln162_19 = mul i14 %select_ln161_93, i14 %zext_ln161_109_cast" [cnn_hls.cpp:162]   --->   Operation 460 'mul' 'mul_ln162_19' <Predicate = (!icmp_ln156)> <Delay = 1.05> <CoreInst = "DSP48">   --->   Core 116 'DSP48' <Latency = 3> <II = 1> <Delay = 2.15> <IPBlock> <Opcode : 'add' 'sub' 'mul' 'select'> <InPorts = 0> <OutPorts = 1> <Sync> <CReg>
ST_1 : Operation 461 [3/3] (1.05ns) (grouped into DSP with root node add_ln162_102)   --->   "%mul_ln162_22 = mul i13 %select_ln161_90, i13 %zext_ln161_106_cast" [cnn_hls.cpp:162]   --->   Operation 461 'mul' 'mul_ln162_22' <Predicate = (!icmp_ln156)> <Delay = 1.05> <CoreInst = "DSP48">   --->   Core 116 'DSP48' <Latency = 3> <II = 1> <Delay = 2.15> <IPBlock> <Opcode : 'add' 'sub' 'mul' 'select'> <InPorts = 0> <OutPorts = 1> <Sync> <CReg>
ST_1 : Operation 462 [3/3] (1.05ns) (grouped into DSP with root node add_ln162_97)   --->   "%mul_ln162_29 = mul i13 %select_ln161_84, i13 %zext_ln161_99_cast" [cnn_hls.cpp:162]   --->   Operation 462 'mul' 'mul_ln162_29' <Predicate = (!icmp_ln156)> <Delay = 1.05> <CoreInst = "DSP48">   --->   Core 116 'DSP48' <Latency = 3> <II = 1> <Delay = 2.15> <IPBlock> <Opcode : 'add' 'sub' 'mul' 'select'> <InPorts = 0> <OutPorts = 1> <Sync> <CReg>
ST_1 : Operation 463 [3/3] (1.05ns) (grouped into DSP with root node add_ln162_88)   --->   "%mul_ln162_34 = mul i15 %select_ln161_80, i15 %zext_ln161_94_cast" [cnn_hls.cpp:162]   --->   Operation 463 'mul' 'mul_ln162_34' <Predicate = (!icmp_ln156)> <Delay = 1.05> <CoreInst = "DSP48">   --->   Core 116 'DSP48' <Latency = 3> <II = 1> <Delay = 2.15> <IPBlock> <Opcode : 'add' 'sub' 'mul' 'select'> <InPorts = 0> <OutPorts = 1> <Sync> <CReg>
ST_1 : Operation 464 [3/3] (1.05ns) (grouped into DSP with root node add_ln162_86)   --->   "%mul_ln162_38 = mul i12 %select_ln161_76, i12 %zext_ln161_90_cast" [cnn_hls.cpp:162]   --->   Operation 464 'mul' 'mul_ln162_38' <Predicate = (!icmp_ln156)> <Delay = 1.05> <CoreInst = "DSP48">   --->   Core 116 'DSP48' <Latency = 3> <II = 1> <Delay = 2.15> <IPBlock> <Opcode : 'add' 'sub' 'mul' 'select'> <InPorts = 0> <OutPorts = 1> <Sync> <CReg>
ST_1 : Operation 465 [3/3] (1.05ns) (grouped into DSP with root node add_ln162_83)   --->   "%mul_ln162_40 = mul i15 %select_ln161_74, i15 %zext_ln161_88_cast" [cnn_hls.cpp:162]   --->   Operation 465 'mul' 'mul_ln162_40' <Predicate = (!icmp_ln156)> <Delay = 1.05> <CoreInst = "DSP48">   --->   Core 116 'DSP48' <Latency = 3> <II = 1> <Delay = 2.15> <IPBlock> <Opcode : 'add' 'sub' 'mul' 'select'> <InPorts = 0> <OutPorts = 1> <Sync> <CReg>
ST_1 : Operation 466 [3/3] (1.05ns) (grouped into DSP with root node add_ln162_81)   --->   "%mul_ln162_44 = mul i14 %select_ln161_70, i14 %zext_ln161_84_cast" [cnn_hls.cpp:162]   --->   Operation 466 'mul' 'mul_ln162_44' <Predicate = (!icmp_ln156)> <Delay = 1.05> <CoreInst = "DSP48">   --->   Core 116 'DSP48' <Latency = 3> <II = 1> <Delay = 2.15> <IPBlock> <Opcode : 'add' 'sub' 'mul' 'select'> <InPorts = 0> <OutPorts = 1> <Sync> <CReg>
ST_1 : Operation 467 [3/3] (1.05ns) (grouped into DSP with root node add_ln162_77)   --->   "%mul_ln162_47 = mul i14 %select_ln161_68, i14 %zext_ln161_81_cast" [cnn_hls.cpp:162]   --->   Operation 467 'mul' 'mul_ln162_47' <Predicate = (!icmp_ln156)> <Delay = 1.05> <CoreInst = "DSP48">   --->   Core 116 'DSP48' <Latency = 3> <II = 1> <Delay = 2.15> <IPBlock> <Opcode : 'add' 'sub' 'mul' 'select'> <InPorts = 0> <OutPorts = 1> <Sync> <CReg>
ST_1 : Operation 468 [3/3] (1.05ns) (grouped into DSP with root node add_ln162_75)   --->   "%mul_ln162_49 = mul i14 %select_ln161_66, i14 %zext_ln161_79_cast" [cnn_hls.cpp:162]   --->   Operation 468 'mul' 'mul_ln162_49' <Predicate = (!icmp_ln156)> <Delay = 1.05> <CoreInst = "DSP48">   --->   Core 116 'DSP48' <Latency = 3> <II = 1> <Delay = 2.15> <IPBlock> <Opcode : 'add' 'sub' 'mul' 'select'> <InPorts = 0> <OutPorts = 1> <Sync> <CReg>
ST_1 : Operation 469 [3/3] (1.05ns) (grouped into DSP with root node add_ln162_72)   --->   "%mul_ln162_53 = mul i14 %select_ln161_63, i14 %zext_ln161_75_cast" [cnn_hls.cpp:162]   --->   Operation 469 'mul' 'mul_ln162_53' <Predicate = (!icmp_ln156)> <Delay = 1.05> <CoreInst = "DSP48">   --->   Core 116 'DSP48' <Latency = 3> <II = 1> <Delay = 2.15> <IPBlock> <Opcode : 'add' 'sub' 'mul' 'select'> <InPorts = 0> <OutPorts = 1> <Sync> <CReg>
ST_1 : Operation 470 [3/3] (1.05ns) (grouped into DSP with root node add_ln162_65)   --->   "%mul_ln162_59 = mul i13 %select_ln161_58, i13 %zext_ln161_69_cast" [cnn_hls.cpp:162]   --->   Operation 470 'mul' 'mul_ln162_59' <Predicate = (!icmp_ln156)> <Delay = 1.05> <CoreInst = "DSP48">   --->   Core 116 'DSP48' <Latency = 3> <II = 1> <Delay = 2.15> <IPBlock> <Opcode : 'add' 'sub' 'mul' 'select'> <InPorts = 0> <OutPorts = 1> <Sync> <CReg>
ST_1 : Operation 471 [3/3] (1.05ns) (grouped into DSP with root node add_ln162_52)   --->   "%mul_ln162_72 = mul i15 %select_ln161_46, i15 %zext_ln161_55_cast" [cnn_hls.cpp:162]   --->   Operation 471 'mul' 'mul_ln162_72' <Predicate = (!icmp_ln156)> <Delay = 1.05> <CoreInst = "DSP48">   --->   Core 116 'DSP48' <Latency = 3> <II = 1> <Delay = 2.15> <IPBlock> <Opcode : 'add' 'sub' 'mul' 'select'> <InPorts = 0> <OutPorts = 1> <Sync> <CReg>
ST_1 : Operation 472 [3/3] (1.05ns) (grouped into DSP with root node add_ln162_34)   --->   "%mul_ln162_90 = mul i15 %select_ln161_29, i15 %zext_ln161_37_cast" [cnn_hls.cpp:162]   --->   Operation 472 'mul' 'mul_ln162_90' <Predicate = (!icmp_ln156)> <Delay = 1.05> <CoreInst = "DSP48">   --->   Core 116 'DSP48' <Latency = 3> <II = 1> <Delay = 2.15> <IPBlock> <Opcode : 'add' 'sub' 'mul' 'select'> <InPorts = 0> <OutPorts = 1> <Sync> <CReg>
ST_1 : Operation 473 [3/3] (1.05ns) (grouped into DSP with root node add_ln162_28)   --->   "%mul_ln162_96 = mul i15 %select_ln161_23, i15 %zext_ln161_31_cast" [cnn_hls.cpp:162]   --->   Operation 473 'mul' 'mul_ln162_96' <Predicate = (!icmp_ln156)> <Delay = 1.05> <CoreInst = "DSP48">   --->   Core 116 'DSP48' <Latency = 3> <II = 1> <Delay = 2.15> <IPBlock> <Opcode : 'add' 'sub' 'mul' 'select'> <InPorts = 0> <OutPorts = 1> <Sync> <CReg>
ST_1 : Operation 474 [3/3] (1.05ns) (grouped into DSP with root node add_ln162_25)   --->   "%mul_ln162_100 = mul i14 %select_ln161_20, i14 %zext_ln161_27_cast" [cnn_hls.cpp:162]   --->   Operation 474 'mul' 'mul_ln162_100' <Predicate = (!icmp_ln156)> <Delay = 1.05> <CoreInst = "DSP48">   --->   Core 116 'DSP48' <Latency = 3> <II = 1> <Delay = 2.15> <IPBlock> <Opcode : 'add' 'sub' 'mul' 'select'> <InPorts = 0> <OutPorts = 1> <Sync> <CReg>
ST_1 : Operation 475 [3/3] (1.05ns) (grouped into DSP with root node add_ln162_18)   --->   "%mul_ln162_105 = mul i11 %select_ln161_15, i11 %zext_ln161_22_cast" [cnn_hls.cpp:162]   --->   Operation 475 'mul' 'mul_ln162_105' <Predicate = (!icmp_ln156)> <Delay = 1.05> <CoreInst = "DSP48">   --->   Core 116 'DSP48' <Latency = 3> <II = 1> <Delay = 2.15> <IPBlock> <Opcode : 'add' 'sub' 'mul' 'select'> <InPorts = 0> <OutPorts = 1> <Sync> <CReg>
ST_1 : Operation 476 [3/3] (1.05ns) (grouped into DSP with root node add_ln162_11)   --->   "%mul_ln162_114 = mul i15 %select_ln161_8, i15 %zext_ln161_13_cast" [cnn_hls.cpp:162]   --->   Operation 476 'mul' 'mul_ln162_114' <Predicate = (!icmp_ln156)> <Delay = 1.05> <CoreInst = "DSP48">   --->   Core 116 'DSP48' <Latency = 3> <II = 1> <Delay = 2.15> <IPBlock> <Opcode : 'add' 'sub' 'mul' 'select'> <InPorts = 0> <OutPorts = 1> <Sync> <CReg>
ST_1 : Operation 477 [3/3] (1.05ns) (grouped into DSP with root node add_ln162_7)   --->   "%mul_ln162_118 = mul i11 %select_ln161_5, i11 %zext_ln161_9_cast" [cnn_hls.cpp:162]   --->   Operation 477 'mul' 'mul_ln162_118' <Predicate = (!icmp_ln156)> <Delay = 1.05> <CoreInst = "DSP48">   --->   Core 116 'DSP48' <Latency = 3> <II = 1> <Delay = 2.15> <IPBlock> <Opcode : 'add' 'sub' 'mul' 'select'> <InPorts = 0> <OutPorts = 1> <Sync> <CReg>
ST_1 : Operation 478 [3/3] (1.05ns) (grouped into DSP with root node add_ln162_5)   --->   "%mul_ln162_121 = mul i14 %select_ln161_3, i14 %zext_ln161_6_cast" [cnn_hls.cpp:162]   --->   Operation 478 'mul' 'mul_ln162_121' <Predicate = (!icmp_ln156)> <Delay = 1.05> <CoreInst = "DSP48">   --->   Core 116 'DSP48' <Latency = 3> <II = 1> <Delay = 2.15> <IPBlock> <Opcode : 'add' 'sub' 'mul' 'select'> <InPorts = 0> <OutPorts = 1> <Sync> <CReg>
ST_1 : Operation 479 [3/3] (1.05ns) (grouped into DSP with root node add_ln162_3)   --->   "%mul_ln162_125 = mul i13 %select_ln161_1, i13 %zext_ln161_2_cast" [cnn_hls.cpp:162]   --->   Operation 479 'mul' 'mul_ln162_125' <Predicate = (!icmp_ln156)> <Delay = 1.05> <CoreInst = "DSP48">   --->   Core 116 'DSP48' <Latency = 3> <II = 1> <Delay = 2.15> <IPBlock> <Opcode : 'add' 'sub' 'mul' 'select'> <InPorts = 0> <OutPorts = 1> <Sync> <CReg>
ST_1 : Operation 480 [3/3] (1.05ns) (grouped into DSP with root node add_ln162_183)   --->   "%mul_ln162_129 = mul i13 %select_ln162, i13 %zext_ln161_190_cast" [cnn_hls.cpp:162]   --->   Operation 480 'mul' 'mul_ln162_129' <Predicate = (!icmp_ln156)> <Delay = 1.05> <CoreInst = "DSP48">   --->   Core 116 'DSP48' <Latency = 3> <II = 1> <Delay = 2.15> <IPBlock> <Opcode : 'add' 'sub' 'mul' 'select'> <InPorts = 0> <OutPorts = 1> <Sync> <CReg>
ST_1 : Operation 481 [3/3] (1.05ns) (grouped into DSP with root node add_ln162_181)   --->   "%mul_ln162_132 = mul i15 %select_ln161_157, i15 %zext_ln161_187_cast" [cnn_hls.cpp:162]   --->   Operation 481 'mul' 'mul_ln162_132' <Predicate = (!icmp_ln156)> <Delay = 1.05> <CoreInst = "DSP48">   --->   Core 116 'DSP48' <Latency = 3> <II = 1> <Delay = 2.15> <IPBlock> <Opcode : 'add' 'sub' 'mul' 'select'> <InPorts = 0> <OutPorts = 1> <Sync> <CReg>
ST_1 : Operation 482 [3/3] (1.05ns) (grouped into DSP with root node add_ln162_176)   --->   "%mul_ln162_138 = mul i13 %select_ln161_153, i13 %zext_ln161_181_cast" [cnn_hls.cpp:162]   --->   Operation 482 'mul' 'mul_ln162_138' <Predicate = (!icmp_ln156)> <Delay = 1.05> <CoreInst = "DSP48">   --->   Core 116 'DSP48' <Latency = 3> <II = 1> <Delay = 2.15> <IPBlock> <Opcode : 'add' 'sub' 'mul' 'select'> <InPorts = 0> <OutPorts = 1> <Sync> <CReg>
ST_1 : Operation 483 [3/3] (1.05ns) (grouped into DSP with root node add_ln162_172)   --->   "%mul_ln162_141 = mul i13 %select_ln161_150, i13 %zext_ln161_178_cast" [cnn_hls.cpp:162]   --->   Operation 483 'mul' 'mul_ln162_141' <Predicate = (!icmp_ln156)> <Delay = 1.05> <CoreInst = "DSP48">   --->   Core 116 'DSP48' <Latency = 3> <II = 1> <Delay = 2.15> <IPBlock> <Opcode : 'add' 'sub' 'mul' 'select'> <InPorts = 0> <OutPorts = 1> <Sync> <CReg>
ST_1 : Operation 484 [3/3] (1.05ns) (grouped into DSP with root node add_ln162_170)   --->   "%mul_ln162_143 = mul i14 %select_ln161_148, i14 %zext_ln161_176_cast" [cnn_hls.cpp:162]   --->   Operation 484 'mul' 'mul_ln162_143' <Predicate = (!icmp_ln156)> <Delay = 1.05> <CoreInst = "DSP48">   --->   Core 116 'DSP48' <Latency = 3> <II = 1> <Delay = 2.15> <IPBlock> <Opcode : 'add' 'sub' 'mul' 'select'> <InPorts = 0> <OutPorts = 1> <Sync> <CReg>
ST_1 : Operation 485 [3/3] (1.05ns) (grouped into DSP with root node add_ln162_167)   --->   "%mul_ln162_146 = mul i14 %select_ln161_145, i14 %zext_ln161_173_cast" [cnn_hls.cpp:162]   --->   Operation 485 'mul' 'mul_ln162_146' <Predicate = (!icmp_ln156)> <Delay = 1.05> <CoreInst = "DSP48">   --->   Core 116 'DSP48' <Latency = 3> <II = 1> <Delay = 2.15> <IPBlock> <Opcode : 'add' 'sub' 'mul' 'select'> <InPorts = 0> <OutPorts = 1> <Sync> <CReg>
ST_1 : Operation 486 [3/3] (1.05ns) (grouped into DSP with root node add_ln162_165)   --->   "%mul_ln162_150 = mul i15 %select_ln161_142, i15 %zext_ln161_168_cast" [cnn_hls.cpp:162]   --->   Operation 486 'mul' 'mul_ln162_150' <Predicate = (!icmp_ln156)> <Delay = 1.05> <CoreInst = "DSP48">   --->   Core 116 'DSP48' <Latency = 3> <II = 1> <Delay = 2.15> <IPBlock> <Opcode : 'add' 'sub' 'mul' 'select'> <InPorts = 0> <OutPorts = 1> <Sync> <CReg>
ST_1 : Operation 487 [3/3] (1.05ns) (grouped into DSP with root node add_ln162_160)   --->   "%mul_ln162_153 = mul i13 %select_ln161_139, i13 %zext_ln161_165_cast" [cnn_hls.cpp:162]   --->   Operation 487 'mul' 'mul_ln162_153' <Predicate = (!icmp_ln156)> <Delay = 1.05> <CoreInst = "DSP48">   --->   Core 116 'DSP48' <Latency = 3> <II = 1> <Delay = 2.15> <IPBlock> <Opcode : 'add' 'sub' 'mul' 'select'> <InPorts = 0> <OutPorts = 1> <Sync> <CReg>
ST_1 : Operation 488 [3/3] (1.05ns) (grouped into DSP with root node add_ln162_155)   --->   "%mul_ln162_159 = mul i14 %select_ln161_134, i14 %zext_ln161_159_cast" [cnn_hls.cpp:162]   --->   Operation 488 'mul' 'mul_ln162_159' <Predicate = (!icmp_ln156)> <Delay = 1.05> <CoreInst = "DSP48">   --->   Core 116 'DSP48' <Latency = 3> <II = 1> <Delay = 2.15> <IPBlock> <Opcode : 'add' 'sub' 'mul' 'select'> <InPorts = 0> <OutPorts = 1> <Sync> <CReg>
ST_1 : Operation 489 [3/3] (1.05ns) (grouped into DSP with root node add_ln162_153)   --->   "%mul_ln162_162 = mul i13 %select_ln161_132, i13 %zext_ln161_156_cast" [cnn_hls.cpp:162]   --->   Operation 489 'mul' 'mul_ln162_162' <Predicate = (!icmp_ln156)> <Delay = 1.05> <CoreInst = "DSP48">   --->   Core 116 'DSP48' <Latency = 3> <II = 1> <Delay = 2.15> <IPBlock> <Opcode : 'add' 'sub' 'mul' 'select'> <InPorts = 0> <OutPorts = 1> <Sync> <CReg>
ST_1 : Operation 490 [3/3] (1.05ns) (grouped into DSP with root node add_ln162_149)   --->   "%mul_ln162_164 = mul i14 %select_ln161_130, i14 %zext_ln161_154_cast" [cnn_hls.cpp:162]   --->   Operation 490 'mul' 'mul_ln162_164' <Predicate = (!icmp_ln156)> <Delay = 1.05> <CoreInst = "DSP48">   --->   Core 116 'DSP48' <Latency = 3> <II = 1> <Delay = 2.15> <IPBlock> <Opcode : 'add' 'sub' 'mul' 'select'> <InPorts = 0> <OutPorts = 1> <Sync> <CReg>
ST_1 : Operation 491 [3/3] (1.05ns) (grouped into DSP with root node add_ln162_144)   --->   "%mul_ln162_170 = mul i15 %select_ln161_125, i15 %zext_ln161_148_cast" [cnn_hls.cpp:162]   --->   Operation 491 'mul' 'mul_ln162_170' <Predicate = (!icmp_ln156)> <Delay = 1.05> <CoreInst = "DSP48">   --->   Core 116 'DSP48' <Latency = 3> <II = 1> <Delay = 2.15> <IPBlock> <Opcode : 'add' 'sub' 'mul' 'select'> <InPorts = 0> <OutPorts = 1> <Sync> <CReg>
ST_1 : Operation 492 [3/3] (1.05ns) (grouped into DSP with root node add_ln162_142)   --->   "%mul_ln162_173 = mul i14 %select_ln161_123, i14 %zext_ln161_145_cast" [cnn_hls.cpp:162]   --->   Operation 492 'mul' 'mul_ln162_173' <Predicate = (!icmp_ln156)> <Delay = 1.05> <CoreInst = "DSP48">   --->   Core 116 'DSP48' <Latency = 3> <II = 1> <Delay = 2.15> <IPBlock> <Opcode : 'add' 'sub' 'mul' 'select'> <InPorts = 0> <OutPorts = 1> <Sync> <CReg>
ST_1 : Operation 493 [3/3] (1.05ns) (grouped into DSP with root node add_ln162_134)   --->   "%mul_ln162_179 = mul i12 %zext_ln161_139_cast, i12 4083" [cnn_hls.cpp:162]   --->   Operation 493 'mul' 'mul_ln162_179' <Predicate = (!icmp_ln156)> <Delay = 1.05> <CoreInst = "DSP48">   --->   Core 116 'DSP48' <Latency = 3> <II = 1> <Delay = 2.15> <IPBlock> <Opcode : 'add' 'sub' 'mul' 'select'> <InPorts = 0> <OutPorts = 1> <Sync> <CReg>
ST_1 : Operation 494 [3/3] (1.05ns) (grouped into DSP with root node add_ln162_129)   --->   "%mul_ln162_185 = mul i13 %select_ln161_115, i13 %zext_ln161_133_cast" [cnn_hls.cpp:162]   --->   Operation 494 'mul' 'mul_ln162_185' <Predicate = (!icmp_ln156)> <Delay = 1.05> <CoreInst = "DSP48">   --->   Core 116 'DSP48' <Latency = 3> <II = 1> <Delay = 2.15> <IPBlock> <Opcode : 'add' 'sub' 'mul' 'select'> <InPorts = 0> <OutPorts = 1> <Sync> <CReg>
ST_1 : Operation 495 [3/3] (1.05ns) (grouped into DSP with root node add_ln162_125)   --->   "%mul_ln162_189 = mul i13 %select_ln161_111, i13 %zext_ln161_129_cast" [cnn_hls.cpp:162]   --->   Operation 495 'mul' 'mul_ln162_189' <Predicate = (!icmp_ln156)> <Delay = 1.05> <CoreInst = "DSP48">   --->   Core 116 'DSP48' <Latency = 3> <II = 1> <Delay = 2.15> <IPBlock> <Opcode : 'add' 'sub' 'mul' 'select'> <InPorts = 0> <OutPorts = 1> <Sync> <CReg>
ST_1 : Operation 496 [1/1] (1.65ns) (grouped into DSP with root node add_ln162_60)   --->   "%tmp = add i8 %zext_ln161_191_cast, i8 %zext_ln161_64_cast"   --->   Operation 496 'add' 'tmp' <Predicate = (!icmp_ln156)> <Delay = 1.65> <CoreInst = "DSP48">   --->   Core 116 'DSP48' <Latency = 3> <II = 1> <Delay = 2.15> <IPBlock> <Opcode : 'add' 'sub' 'mul' 'select'> <InPorts = 0> <OutPorts = 1> <Sync> <CReg>
ST_1 : Operation 497 [1/1] (0.00ns) (grouped into DSP with root node add_ln162_60)   --->   "%tmp_cast = zext i8 %tmp"   --->   Operation 497 'zext' 'tmp_cast' <Predicate = (!icmp_ln156)> <Delay = 0.00>
ST_1 : Operation 498 [3/3] (1.05ns) (grouped into DSP with root node add_ln162_60)   --->   "%tmp1 = mul i15 %select_ln161_53, i15 %tmp_cast" [cnn_hls.cpp:161]   --->   Operation 498 'mul' 'tmp1' <Predicate = (!icmp_ln156)> <Delay = 1.05> <CoreInst = "DSP48">   --->   Core 116 'DSP48' <Latency = 3> <II = 1> <Delay = 2.15> <IPBlock> <Opcode : 'add' 'sub' 'mul' 'select'> <InPorts = 0> <OutPorts = 1> <Sync> <CReg>
ST_1 : Operation 499 [1/1] (1.58ns)   --->   "%store_ln156 = store i2 %add_ln156, i2 %out_class" [cnn_hls.cpp:156]   --->   Operation 499 'store' 'store_ln156' <Predicate = (!icmp_ln156)> <Delay = 1.58>

State 2 <SV = 1> <Delay = 2.29>
ST_2 : Operation 500 [1/1] (1.18ns)   --->   "%select_ln161_7 = select i1 %icmp_ln158, i13 8164, i13 6" [cnn_hls.cpp:161]   --->   Operation 500 'select' 'select_ln161_7' <Predicate = true> <Delay = 1.18> <CoreInst = "Sel">   --->   Core 73 'Sel' <Latency = 0> <II = 1> <Delay = 1.18> <FuncUnit> <Opcode : 'select'> <InPorts = 3> <OutPorts = 1>
ST_2 : Operation 501 [1/1] (0.99ns)   --->   "%select_ln161_12 = select i1 %icmp_ln158, i14 16367, i14 16339" [cnn_hls.cpp:161]   --->   Operation 501 'select' 'select_ln161_12' <Predicate = true> <Delay = 0.99> <CoreInst = "Sel">   --->   Core 73 'Sel' <Latency = 0> <II = 1> <Delay = 0.99> <FuncUnit> <Opcode : 'select'> <InPorts = 3> <OutPorts = 1>
ST_2 : Operation 502 [1/1] (1.24ns)   --->   "%select_ln161_13 = select i1 %icmp_ln158, i15 114, i15 32740" [cnn_hls.cpp:161]   --->   Operation 502 'select' 'select_ln161_13' <Predicate = true> <Delay = 1.24> <CoreInst = "Sel">   --->   Core 73 'Sel' <Latency = 0> <II = 1> <Delay = 1.24> <FuncUnit> <Opcode : 'select'> <InPorts = 3> <OutPorts = 1>
ST_2 : Operation 503 [1/1] (1.18ns)   --->   "%select_ln161_19 = select i1 %icmp_ln158, i13 8162, i13 8167" [cnn_hls.cpp:161]   --->   Operation 503 'select' 'select_ln161_19' <Predicate = true> <Delay = 1.18> <CoreInst = "Sel">   --->   Core 73 'Sel' <Latency = 0> <II = 1> <Delay = 1.18> <FuncUnit> <Opcode : 'select'> <InPorts = 3> <OutPorts = 1>
ST_2 : Operation 504 [1/1] (1.24ns)   --->   "%select_ln161_22 = select i1 %icmp_ln158, i15 125, i15 32643" [cnn_hls.cpp:161]   --->   Operation 504 'select' 'select_ln161_22' <Predicate = true> <Delay = 1.24> <CoreInst = "Sel">   --->   Core 73 'Sel' <Latency = 0> <II = 1> <Delay = 1.24> <FuncUnit> <Opcode : 'select'> <InPorts = 3> <OutPorts = 1>
ST_2 : Operation 505 [1/1] (0.99ns)   --->   "%select_ln161_26 = select i1 %icmp_ln158, i14 16375, i14 48" [cnn_hls.cpp:161]   --->   Operation 505 'select' 'select_ln161_26' <Predicate = true> <Delay = 0.99> <CoreInst = "Sel">   --->   Core 73 'Sel' <Latency = 0> <II = 1> <Delay = 0.99> <FuncUnit> <Opcode : 'select'> <InPorts = 3> <OutPorts = 1>
ST_2 : Operation 506 [1/1] (1.21ns)   --->   "%select_ln161_27 = select i1 %icmp_ln158, i12 4091, i12 9" [cnn_hls.cpp:161]   --->   Operation 506 'select' 'select_ln161_27' <Predicate = true> <Delay = 1.21> <CoreInst = "Sel">   --->   Core 73 'Sel' <Latency = 0> <II = 1> <Delay = 1.21> <FuncUnit> <Opcode : 'select'> <InPorts = 3> <OutPorts = 1>
ST_2 : Operation 507 [1/1] (1.18ns)   --->   "%select_ln161_30 = select i1 %icmp_ln158, i13 28, i13 8179" [cnn_hls.cpp:161]   --->   Operation 507 'select' 'select_ln161_30' <Predicate = true> <Delay = 1.18> <CoreInst = "Sel">   --->   Core 73 'Sel' <Latency = 0> <II = 1> <Delay = 1.18> <FuncUnit> <Opcode : 'select'> <InPorts = 3> <OutPorts = 1>
ST_2 : Operation 508 [1/1] (1.24ns)   --->   "%select_ln161_33 = select i1 %icmp_ln158, i15 32690, i15 32744" [cnn_hls.cpp:161]   --->   Operation 508 'select' 'select_ln161_33' <Predicate = true> <Delay = 1.24> <CoreInst = "Sel">   --->   Core 73 'Sel' <Latency = 0> <II = 1> <Delay = 1.24> <FuncUnit> <Opcode : 'select'> <InPorts = 3> <OutPorts = 1>
ST_2 : Operation 509 [1/1] (1.18ns)   --->   "%select_ln161_40 = select i1 %icmp_ln158, i13 8161, i13 8177" [cnn_hls.cpp:161]   --->   Operation 509 'select' 'select_ln161_40' <Predicate = true> <Delay = 1.18> <CoreInst = "Sel">   --->   Core 73 'Sel' <Latency = 0> <II = 1> <Delay = 1.18> <FuncUnit> <Opcode : 'select'> <InPorts = 3> <OutPorts = 1>
ST_2 : Operation 510 [1/1] (1.18ns)   --->   "%select_ln161_41 = select i1 %icmp_ln158, i13 8167, i13 15" [cnn_hls.cpp:161]   --->   Operation 510 'select' 'select_ln161_41' <Predicate = true> <Delay = 1.18> <CoreInst = "Sel">   --->   Core 73 'Sel' <Latency = 0> <II = 1> <Delay = 1.18> <FuncUnit> <Opcode : 'select'> <InPorts = 3> <OutPorts = 1>
ST_2 : Operation 511 [1/1] (0.99ns)   --->   "%select_ln161_49 = select i1 %icmp_ln158, i14 16348, i14 16357" [cnn_hls.cpp:161]   --->   Operation 511 'select' 'select_ln161_49' <Predicate = true> <Delay = 0.99> <CoreInst = "Sel">   --->   Core 73 'Sel' <Latency = 0> <II = 1> <Delay = 0.99> <FuncUnit> <Opcode : 'select'> <InPorts = 3> <OutPorts = 1>
ST_2 : Operation 512 [1/1] (1.24ns)   --->   "%select_ln161_51 = select i1 %icmp_ln158, i15 32690, i15 74" [cnn_hls.cpp:161]   --->   Operation 512 'select' 'select_ln161_51' <Predicate = true> <Delay = 1.24> <CoreInst = "Sel">   --->   Core 73 'Sel' <Latency = 0> <II = 1> <Delay = 1.24> <FuncUnit> <Opcode : 'select'> <InPorts = 3> <OutPorts = 1>
ST_2 : Operation 513 [1/1] (1.24ns)   --->   "%select_ln161_56 = select i1 %icmp_ln158, i15 32688, i15 39" [cnn_hls.cpp:161]   --->   Operation 513 'select' 'select_ln161_56' <Predicate = true> <Delay = 1.24> <CoreInst = "Sel">   --->   Core 73 'Sel' <Latency = 0> <II = 1> <Delay = 1.24> <FuncUnit> <Opcode : 'select'> <InPorts = 3> <OutPorts = 1>
ST_2 : Operation 514 [1/1] (0.99ns)   --->   "%select_ln161_57 = select i1 %icmp_ln158, i14 16351, i14 25" [cnn_hls.cpp:161]   --->   Operation 514 'select' 'select_ln161_57' <Predicate = true> <Delay = 0.99> <CoreInst = "Sel">   --->   Core 73 'Sel' <Latency = 0> <II = 1> <Delay = 0.99> <FuncUnit> <Opcode : 'select'> <InPorts = 3> <OutPorts = 1>
ST_2 : Operation 515 [1/1] (1.24ns)   --->   "%select_ln161_62 = select i1 %icmp_ln158, i15 32720, i15 117" [cnn_hls.cpp:161]   --->   Operation 515 'select' 'select_ln161_62' <Predicate = true> <Delay = 1.24> <CoreInst = "Sel">   --->   Core 73 'Sel' <Latency = 0> <II = 1> <Delay = 1.24> <FuncUnit> <Opcode : 'select'> <InPorts = 3> <OutPorts = 1>
ST_2 : Operation 516 [1/1] (0.99ns)   --->   "%select_ln161_67 = select i1 %icmp_ln158, i14 16373, i14 16346" [cnn_hls.cpp:161]   --->   Operation 516 'select' 'select_ln161_67' <Predicate = true> <Delay = 0.99> <CoreInst = "Sel">   --->   Core 73 'Sel' <Latency = 0> <II = 1> <Delay = 0.99> <FuncUnit> <Opcode : 'select'> <InPorts = 3> <OutPorts = 1>
ST_2 : Operation 517 [1/1] (0.98ns)   --->   "%select_ln161_69 = select i1 %icmp_ln158, i10 1021, i10 3" [cnn_hls.cpp:161]   --->   Operation 517 'select' 'select_ln161_69' <Predicate = true> <Delay = 0.98> <CoreInst = "Sel">   --->   Core 73 'Sel' <Latency = 0> <II = 1> <Delay = 0.98> <FuncUnit> <Opcode : 'select'> <InPorts = 3> <OutPorts = 1>
ST_2 : Operation 518 [1/1] (1.24ns)   --->   "%select_ln161_72 = select i1 %icmp_ln158, i15 32724, i15 126" [cnn_hls.cpp:161]   --->   Operation 518 'select' 'select_ln161_72' <Predicate = true> <Delay = 1.24> <CoreInst = "Sel">   --->   Core 73 'Sel' <Latency = 0> <II = 1> <Delay = 1.24> <FuncUnit> <Opcode : 'select'> <InPorts = 3> <OutPorts = 1>
ST_2 : Operation 519 [1/1] (1.18ns)   --->   "%select_ln161_75 = select i1 %icmp_ln158, i13 8162, i13 8166" [cnn_hls.cpp:161]   --->   Operation 519 'select' 'select_ln161_75' <Predicate = true> <Delay = 1.18> <CoreInst = "Sel">   --->   Core 73 'Sel' <Latency = 0> <II = 1> <Delay = 1.18> <FuncUnit> <Opcode : 'select'> <InPorts = 3> <OutPorts = 1>
ST_2 : Operation 520 [1/1] (0.99ns)   --->   "%select_ln161_82 = select i1 %icmp_ln158, i14 16339, i14 16363" [cnn_hls.cpp:161]   --->   Operation 520 'select' 'select_ln161_82' <Predicate = true> <Delay = 0.99> <CoreInst = "Sel">   --->   Core 73 'Sel' <Latency = 0> <II = 1> <Delay = 0.99> <FuncUnit> <Opcode : 'select'> <InPorts = 3> <OutPorts = 1>
ST_2 : Operation 521 [1/1] (1.18ns)   --->   "%select_ln161_83 = select i1 %icmp_ln158, i13 8161, i13 10" [cnn_hls.cpp:161]   --->   Operation 521 'select' 'select_ln161_83' <Predicate = true> <Delay = 1.18> <CoreInst = "Sel">   --->   Core 73 'Sel' <Latency = 0> <II = 1> <Delay = 1.18> <FuncUnit> <Opcode : 'select'> <InPorts = 3> <OutPorts = 1>
ST_2 : Operation 522 [1/1] (1.24ns)   --->   "%select_ln161_87 = select i1 %icmp_ln158, i15 32684, i15 21" [cnn_hls.cpp:161]   --->   Operation 522 'select' 'select_ln161_87' <Predicate = true> <Delay = 1.24> <CoreInst = "Sel">   --->   Core 73 'Sel' <Latency = 0> <II = 1> <Delay = 1.24> <FuncUnit> <Opcode : 'select'> <InPorts = 3> <OutPorts = 1>
ST_2 : Operation 523 [1/1] (1.18ns)   --->   "%select_ln161_88 = select i1 %icmp_ln158, i13 8173, i13 28" [cnn_hls.cpp:161]   --->   Operation 523 'select' 'select_ln161_88' <Predicate = true> <Delay = 1.18> <CoreInst = "Sel">   --->   Core 73 'Sel' <Latency = 0> <II = 1> <Delay = 1.18> <FuncUnit> <Opcode : 'select'> <InPorts = 3> <OutPorts = 1>
ST_2 : Operation 524 [1/1] (1.18ns)   --->   "%select_ln161_91 = select i1 %icmp_ln158, i13 26, i13 8177" [cnn_hls.cpp:161]   --->   Operation 524 'select' 'select_ln161_91' <Predicate = true> <Delay = 1.18> <CoreInst = "Sel">   --->   Core 73 'Sel' <Latency = 0> <II = 1> <Delay = 1.18> <FuncUnit> <Opcode : 'select'> <InPorts = 3> <OutPorts = 1>
ST_2 : Operation 525 [1/1] (1.18ns)   --->   "%select_ln161_94 = select i1 %icmp_ln158, i13 19, i13 8162" [cnn_hls.cpp:161]   --->   Operation 525 'select' 'select_ln161_94' <Predicate = true> <Delay = 1.18> <CoreInst = "Sel">   --->   Core 73 'Sel' <Latency = 0> <II = 1> <Delay = 1.18> <FuncUnit> <Opcode : 'select'> <InPorts = 3> <OutPorts = 1>
ST_2 : Operation 526 [1/1] (0.99ns)   --->   "%select_ln161_98 = select i1 %icmp_ln158, i14 16326, i14 16346" [cnn_hls.cpp:161]   --->   Operation 526 'select' 'select_ln161_98' <Predicate = true> <Delay = 0.99> <CoreInst = "Sel">   --->   Core 73 'Sel' <Latency = 0> <II = 1> <Delay = 0.99> <FuncUnit> <Opcode : 'select'> <InPorts = 3> <OutPorts = 1>
ST_2 : Operation 527 [1/1] (1.24ns)   --->   "%select_ln161_100 = select i1 %icmp_ln158, i15 82, i15 32746" [cnn_hls.cpp:161]   --->   Operation 527 'select' 'select_ln161_100' <Predicate = true> <Delay = 1.24> <CoreInst = "Sel">   --->   Core 73 'Sel' <Latency = 0> <II = 1> <Delay = 1.24> <FuncUnit> <Opcode : 'select'> <InPorts = 3> <OutPorts = 1>
ST_2 : Operation 528 [1/1] (1.21ns)   --->   "%select_ln161_103 = select i1 %icmp_ln158, i12 4082, i12 13" [cnn_hls.cpp:161]   --->   Operation 528 'select' 'select_ln161_103' <Predicate = true> <Delay = 1.21> <CoreInst = "Sel">   --->   Core 73 'Sel' <Latency = 0> <II = 1> <Delay = 1.21> <FuncUnit> <Opcode : 'select'> <InPorts = 3> <OutPorts = 1>
ST_2 : Operation 529 [1/1] (1.21ns)   --->   "%select_ln161_105 = select i1 %icmp_ln158, i12 15, i12 4086" [cnn_hls.cpp:161]   --->   Operation 529 'select' 'select_ln161_105' <Predicate = true> <Delay = 1.21> <CoreInst = "Sel">   --->   Core 73 'Sel' <Latency = 0> <II = 1> <Delay = 1.21> <FuncUnit> <Opcode : 'select'> <InPorts = 3> <OutPorts = 1>
ST_2 : Operation 530 [1/1] (1.24ns)   --->   "%select_ln161_107 = select i1 %icmp_ln158, i15 32754, i15 79" [cnn_hls.cpp:161]   --->   Operation 530 'select' 'select_ln161_107' <Predicate = true> <Delay = 1.24> <CoreInst = "Sel">   --->   Core 73 'Sel' <Latency = 0> <II = 1> <Delay = 1.24> <FuncUnit> <Opcode : 'select'> <InPorts = 3> <OutPorts = 1>
ST_2 : Operation 531 [1/1] (1.24ns)   --->   "%select_ln161_110 = select i1 %icmp_ln158, i15 32744, i15 65" [cnn_hls.cpp:161]   --->   Operation 531 'select' 'select_ln161_110' <Predicate = true> <Delay = 1.24> <CoreInst = "Sel">   --->   Core 73 'Sel' <Latency = 0> <II = 1> <Delay = 1.24> <FuncUnit> <Opcode : 'select'> <InPorts = 3> <OutPorts = 1>
ST_2 : Operation 532 [1/1] (0.99ns)   --->   "%select_ln161_113 = select i1 %icmp_ln158, i14 16374, i14 16336" [cnn_hls.cpp:161]   --->   Operation 532 'select' 'select_ln161_113' <Predicate = true> <Delay = 0.99> <CoreInst = "Sel">   --->   Core 73 'Sel' <Latency = 0> <II = 1> <Delay = 0.99> <FuncUnit> <Opcode : 'select'> <InPorts = 3> <OutPorts = 1>
ST_2 : Operation 533 [1/1] (1.24ns)   --->   "%select_ln161_117 = select i1 %icmp_ln158, i15 31, i15 32694" [cnn_hls.cpp:161]   --->   Operation 533 'select' 'select_ln161_117' <Predicate = true> <Delay = 1.24> <CoreInst = "Sel">   --->   Core 73 'Sel' <Latency = 0> <II = 1> <Delay = 1.24> <FuncUnit> <Opcode : 'select'> <InPorts = 3> <OutPorts = 1>
ST_2 : Operation 534 [1/1] (1.18ns)   --->   "%select_ln161_118 = select i1 %icmp_ln158, i13 15, i13 8164" [cnn_hls.cpp:161]   --->   Operation 534 'select' 'select_ln161_118' <Predicate = true> <Delay = 1.18> <CoreInst = "Sel">   --->   Core 73 'Sel' <Latency = 0> <II = 1> <Delay = 1.18> <FuncUnit> <Opcode : 'select'> <InPorts = 3> <OutPorts = 1>
ST_2 : Operation 535 [1/1] (1.24ns)   --->   "%select_ln161_124 = select i1 %icmp_ln158, i15 32692, i15 74" [cnn_hls.cpp:161]   --->   Operation 535 'select' 'select_ln161_124' <Predicate = true> <Delay = 1.24> <CoreInst = "Sel">   --->   Core 73 'Sel' <Latency = 0> <II = 1> <Delay = 1.24> <FuncUnit> <Opcode : 'select'> <InPorts = 3> <OutPorts = 1>
ST_2 : Operation 536 [1/1] (0.99ns)   --->   "%select_ln161_131 = select i1 %icmp_ln158, i14 20, i14 16322" [cnn_hls.cpp:161]   --->   Operation 536 'select' 'select_ln161_131' <Predicate = true> <Delay = 0.99> <CoreInst = "Sel">   --->   Core 73 'Sel' <Latency = 0> <II = 1> <Delay = 0.99> <FuncUnit> <Opcode : 'select'> <InPorts = 3> <OutPorts = 1>
ST_2 : Operation 537 [1/1] (1.24ns)   --->   "%select_ln161_143 = select i1 %icmp_ln158, i15 32674, i15 84" [cnn_hls.cpp:161]   --->   Operation 537 'select' 'select_ln161_143' <Predicate = true> <Delay = 1.24> <CoreInst = "Sel">   --->   Core 73 'Sel' <Latency = 0> <II = 1> <Delay = 1.24> <FuncUnit> <Opcode : 'select'> <InPorts = 3> <OutPorts = 1>
ST_2 : Operation 538 [1/1] (0.99ns)   --->   "%select_ln161_146 = select i1 %icmp_ln158, i14 16325, i14 22" [cnn_hls.cpp:161]   --->   Operation 538 'select' 'select_ln161_146' <Predicate = true> <Delay = 0.99> <CoreInst = "Sel">   --->   Core 73 'Sel' <Latency = 0> <II = 1> <Delay = 0.99> <FuncUnit> <Opcode : 'select'> <InPorts = 3> <OutPorts = 1>
ST_2 : Operation 539 [1/1] (1.24ns)   --->   "%select_ln161_149 = select i1 %icmp_ln158, i15 32703, i15 95" [cnn_hls.cpp:161]   --->   Operation 539 'select' 'select_ln161_149' <Predicate = true> <Delay = 1.24> <CoreInst = "Sel">   --->   Core 73 'Sel' <Latency = 0> <II = 1> <Delay = 1.24> <FuncUnit> <Opcode : 'select'> <InPorts = 3> <OutPorts = 1>
ST_2 : Operation 540 [1/1] (0.99ns)   --->   "%select_ln161_152 = select i1 %icmp_ln158, i14 42, i14 16349" [cnn_hls.cpp:161]   --->   Operation 540 'select' 'select_ln161_152' <Predicate = true> <Delay = 0.99> <CoreInst = "Sel">   --->   Core 73 'Sel' <Latency = 0> <II = 1> <Delay = 0.99> <FuncUnit> <Opcode : 'select'> <InPorts = 3> <OutPorts = 1>
ST_2 : Operation 541 [1/1] (1.24ns)   --->   "%select_ln161_155 = select i1 %icmp_ln158, i15 74, i15 32713" [cnn_hls.cpp:161]   --->   Operation 541 'select' 'select_ln161_155' <Predicate = true> <Delay = 1.24> <CoreInst = "Sel">   --->   Core 73 'Sel' <Latency = 0> <II = 1> <Delay = 1.24> <FuncUnit> <Opcode : 'select'> <InPorts = 3> <OutPorts = 1>
ST_2 : Operation 542 [1/1] (0.99ns)   --->   "%select_ln161_156 = select i1 %icmp_ln158, i14 16347, i14 7" [cnn_hls.cpp:161]   --->   Operation 542 'select' 'select_ln161_156' <Predicate = true> <Delay = 0.99> <CoreInst = "Sel">   --->   Core 73 'Sel' <Latency = 0> <II = 1> <Delay = 0.99> <FuncUnit> <Opcode : 'select'> <InPorts = 3> <OutPorts = 1>
ST_2 : Operation 543 [1/1] (0.99ns)   --->   "%select_ln161_158 = select i1 %icmp_ln158, i14 16349, i14 16344" [cnn_hls.cpp:161]   --->   Operation 543 'select' 'select_ln161_158' <Predicate = true> <Delay = 0.99> <CoreInst = "Sel">   --->   Core 73 'Sel' <Latency = 0> <II = 1> <Delay = 0.99> <FuncUnit> <Opcode : 'select'> <InPorts = 3> <OutPorts = 1>
ST_2 : Operation 544 [3/3] (1.05ns) (grouped into DSP with root node add_ln162_126)   --->   "%mul_ln162 = mul i15 %select_ln161_110, i15 %zext_ln161_128_cast" [cnn_hls.cpp:162]   --->   Operation 544 'mul' 'mul_ln162' <Predicate = true> <Delay = 1.05> <CoreInst = "DSP48">   --->   Core 116 'DSP48' <Latency = 3> <II = 1> <Delay = 2.15> <IPBlock> <Opcode : 'add' 'sub' 'mul' 'select'> <InPorts = 0> <OutPorts = 1> <Sync> <CReg>
ST_2 : Operation 545 [3/3] (1.05ns) (grouped into DSP with root node add_ln162_124)   --->   "%mul_ln162_3 = mul i15 %select_ln161_107, i15 %zext_ln161_125_cast" [cnn_hls.cpp:162]   --->   Operation 545 'mul' 'mul_ln162_3' <Predicate = true> <Delay = 1.05> <CoreInst = "DSP48">   --->   Core 116 'DSP48' <Latency = 3> <II = 1> <Delay = 2.15> <IPBlock> <Opcode : 'add' 'sub' 'mul' 'select'> <InPorts = 0> <OutPorts = 1> <Sync> <CReg>
ST_2 : Operation 546 [2/3] (1.05ns) (grouped into DSP with root node add_ln162_120)   --->   "%mul_ln162_5 = mul i15 %select_ln161_106, i15 %zext_ln161_123_cast" [cnn_hls.cpp:162]   --->   Operation 546 'mul' 'mul_ln162_5' <Predicate = true> <Delay = 1.05> <CoreInst = "DSP48">   --->   Core 116 'DSP48' <Latency = 3> <II = 1> <Delay = 2.15> <IPBlock> <Opcode : 'add' 'sub' 'mul' 'select'> <InPorts = 0> <OutPorts = 1> <Sync> <CReg>
ST_2 : Operation 547 [3/3] (1.05ns) (grouped into DSP with root node add_ln162_121)   --->   "%mul_ln162_6 = mul i12 %select_ln161_105, i12 %zext_ln161_122_cast" [cnn_hls.cpp:162]   --->   Operation 547 'mul' 'mul_ln162_6' <Predicate = true> <Delay = 1.05> <CoreInst = "DSP48">   --->   Core 116 'DSP48' <Latency = 3> <II = 1> <Delay = 2.15> <IPBlock> <Opcode : 'add' 'sub' 'mul' 'select'> <InPorts = 0> <OutPorts = 1> <Sync> <CReg>
ST_2 : Operation 548 [2/3] (1.05ns) (grouped into DSP with root node add_ln162_118)   --->   "%mul_ln162_7 = mul i14 %select_ln161_104, i14 %zext_ln161_121_cast" [cnn_hls.cpp:162]   --->   Operation 548 'mul' 'mul_ln162_7' <Predicate = true> <Delay = 1.05> <CoreInst = "DSP48">   --->   Core 116 'DSP48' <Latency = 3> <II = 1> <Delay = 2.15> <IPBlock> <Opcode : 'add' 'sub' 'mul' 'select'> <InPorts = 0> <OutPorts = 1> <Sync> <CReg>
ST_2 : Operation 549 [3/3] (1.05ns) (grouped into DSP with root node add_ln162_119)   --->   "%mul_ln162_9 = mul i12 %select_ln161_103, i12 %zext_ln161_119_cast" [cnn_hls.cpp:162]   --->   Operation 549 'mul' 'mul_ln162_9' <Predicate = true> <Delay = 1.05> <CoreInst = "DSP48">   --->   Core 116 'DSP48' <Latency = 3> <II = 1> <Delay = 2.15> <IPBlock> <Opcode : 'add' 'sub' 'mul' 'select'> <InPorts = 0> <OutPorts = 1> <Sync> <CReg>
ST_2 : Operation 550 [2/3] (1.05ns) (grouped into DSP with root node add_ln162_113)   --->   "%mul_ln162_10 = mul i14 %select_ln161_102, i14 %zext_ln161_118_cast" [cnn_hls.cpp:162]   --->   Operation 550 'mul' 'mul_ln162_10' <Predicate = true> <Delay = 1.05> <CoreInst = "DSP48">   --->   Core 116 'DSP48' <Latency = 3> <II = 1> <Delay = 2.15> <IPBlock> <Opcode : 'add' 'sub' 'mul' 'select'> <InPorts = 0> <OutPorts = 1> <Sync> <CReg>
ST_2 : Operation 551 [3/3] (1.05ns) (grouped into DSP with root node add_ln162_114)   --->   "%mul_ln162_12 = mul i15 %select_ln161_100, i15 %zext_ln161_116_cast" [cnn_hls.cpp:162]   --->   Operation 551 'mul' 'mul_ln162_12' <Predicate = true> <Delay = 1.05> <CoreInst = "DSP48">   --->   Core 116 'DSP48' <Latency = 3> <II = 1> <Delay = 2.15> <IPBlock> <Opcode : 'add' 'sub' 'mul' 'select'> <InPorts = 0> <OutPorts = 1> <Sync> <CReg>
ST_2 : Operation 552 [3/3] (1.05ns) (grouped into DSP with root node add_ln162_111)   --->   "%mul_ln162_14 = mul i14 %select_ln161_98, i14 %zext_ln161_114_cast" [cnn_hls.cpp:162]   --->   Operation 552 'mul' 'mul_ln162_14' <Predicate = true> <Delay = 1.05> <CoreInst = "DSP48">   --->   Core 116 'DSP48' <Latency = 3> <II = 1> <Delay = 2.15> <IPBlock> <Opcode : 'add' 'sub' 'mul' 'select'> <InPorts = 0> <OutPorts = 1> <Sync> <CReg>
ST_2 : Operation 553 [2/3] (1.05ns) (grouped into DSP with root node add_ln162_108)   --->   "%mul_ln162_17 = mul i13 %select_ln161_95, i13 %zext_ln161_111_cast" [cnn_hls.cpp:162]   --->   Operation 553 'mul' 'mul_ln162_17' <Predicate = true> <Delay = 1.05> <CoreInst = "DSP48">   --->   Core 116 'DSP48' <Latency = 3> <II = 1> <Delay = 2.15> <IPBlock> <Opcode : 'add' 'sub' 'mul' 'select'> <InPorts = 0> <OutPorts = 1> <Sync> <CReg>
ST_2 : Operation 554 [3/3] (1.05ns) (grouped into DSP with root node add_ln162_109)   --->   "%mul_ln162_18 = mul i13 %select_ln161_94, i13 %zext_ln161_110_cast" [cnn_hls.cpp:162]   --->   Operation 554 'mul' 'mul_ln162_18' <Predicate = true> <Delay = 1.05> <CoreInst = "DSP48">   --->   Core 116 'DSP48' <Latency = 3> <II = 1> <Delay = 2.15> <IPBlock> <Opcode : 'add' 'sub' 'mul' 'select'> <InPorts = 0> <OutPorts = 1> <Sync> <CReg>
ST_2 : Operation 555 [2/3] (1.05ns) (grouped into DSP with root node add_ln162_106)   --->   "%mul_ln162_19 = mul i14 %select_ln161_93, i14 %zext_ln161_109_cast" [cnn_hls.cpp:162]   --->   Operation 555 'mul' 'mul_ln162_19' <Predicate = true> <Delay = 1.05> <CoreInst = "DSP48">   --->   Core 116 'DSP48' <Latency = 3> <II = 1> <Delay = 2.15> <IPBlock> <Opcode : 'add' 'sub' 'mul' 'select'> <InPorts = 0> <OutPorts = 1> <Sync> <CReg>
ST_2 : Operation 556 [3/3] (1.05ns) (grouped into DSP with root node add_ln162_107)   --->   "%mul_ln162_21 = mul i13 %select_ln161_91, i13 %zext_ln161_107_cast" [cnn_hls.cpp:162]   --->   Operation 556 'mul' 'mul_ln162_21' <Predicate = true> <Delay = 1.05> <CoreInst = "DSP48">   --->   Core 116 'DSP48' <Latency = 3> <II = 1> <Delay = 2.15> <IPBlock> <Opcode : 'add' 'sub' 'mul' 'select'> <InPorts = 0> <OutPorts = 1> <Sync> <CReg>
ST_2 : Operation 557 [2/3] (1.05ns) (grouped into DSP with root node add_ln162_102)   --->   "%mul_ln162_22 = mul i13 %select_ln161_90, i13 %zext_ln161_106_cast" [cnn_hls.cpp:162]   --->   Operation 557 'mul' 'mul_ln162_22' <Predicate = true> <Delay = 1.05> <CoreInst = "DSP48">   --->   Core 116 'DSP48' <Latency = 3> <II = 1> <Delay = 2.15> <IPBlock> <Opcode : 'add' 'sub' 'mul' 'select'> <InPorts = 0> <OutPorts = 1> <Sync> <CReg>
ST_2 : Operation 558 [3/3] (1.05ns) (grouped into DSP with root node add_ln162_103)   --->   "%mul_ln162_24 = mul i13 %select_ln161_88, i13 %zext_ln161_104_cast" [cnn_hls.cpp:162]   --->   Operation 558 'mul' 'mul_ln162_24' <Predicate = true> <Delay = 1.05> <CoreInst = "DSP48">   --->   Core 116 'DSP48' <Latency = 3> <II = 1> <Delay = 2.15> <IPBlock> <Opcode : 'add' 'sub' 'mul' 'select'> <InPorts = 0> <OutPorts = 1> <Sync> <CReg>
ST_2 : Operation 559 [3/3] (1.05ns) (grouped into DSP with root node add_ln162_100)   --->   "%mul_ln162_25 = mul i15 %select_ln161_87, i15 %zext_ln161_103_cast" [cnn_hls.cpp:162]   --->   Operation 559 'mul' 'mul_ln162_25' <Predicate = true> <Delay = 1.05> <CoreInst = "DSP48">   --->   Core 116 'DSP48' <Latency = 3> <II = 1> <Delay = 2.15> <IPBlock> <Opcode : 'add' 'sub' 'mul' 'select'> <InPorts = 0> <OutPorts = 1> <Sync> <CReg>
ST_2 : Operation 560 [2/3] (1.05ns) (grouped into DSP with root node add_ln162_97)   --->   "%mul_ln162_29 = mul i13 %select_ln161_84, i13 %zext_ln161_99_cast" [cnn_hls.cpp:162]   --->   Operation 560 'mul' 'mul_ln162_29' <Predicate = true> <Delay = 1.05> <CoreInst = "DSP48">   --->   Core 116 'DSP48' <Latency = 3> <II = 1> <Delay = 2.15> <IPBlock> <Opcode : 'add' 'sub' 'mul' 'select'> <InPorts = 0> <OutPorts = 1> <Sync> <CReg>
ST_2 : Operation 561 [3/3] (1.05ns) (grouped into DSP with root node add_ln162_98)   --->   "%mul_ln162_30 = mul i13 %select_ln161_83, i13 %zext_ln161_98_cast" [cnn_hls.cpp:162]   --->   Operation 561 'mul' 'mul_ln162_30' <Predicate = true> <Delay = 1.05> <CoreInst = "DSP48">   --->   Core 116 'DSP48' <Latency = 3> <II = 1> <Delay = 2.15> <IPBlock> <Opcode : 'add' 'sub' 'mul' 'select'> <InPorts = 0> <OutPorts = 1> <Sync> <CReg>
ST_2 : Operation 562 [3/3] (1.05ns) (grouped into DSP with root node add_ln162_95)   --->   "%mul_ln162_32 = mul i14 %select_ln161_82, i14 %zext_ln161_96_cast" [cnn_hls.cpp:162]   --->   Operation 562 'mul' 'mul_ln162_32' <Predicate = true> <Delay = 1.05> <CoreInst = "DSP48">   --->   Core 116 'DSP48' <Latency = 3> <II = 1> <Delay = 2.15> <IPBlock> <Opcode : 'add' 'sub' 'mul' 'select'> <InPorts = 0> <OutPorts = 1> <Sync> <CReg>
ST_2 : Operation 563 [2/3] (1.05ns) (grouped into DSP with root node add_ln162_88)   --->   "%mul_ln162_34 = mul i15 %select_ln161_80, i15 %zext_ln161_94_cast" [cnn_hls.cpp:162]   --->   Operation 563 'mul' 'mul_ln162_34' <Predicate = true> <Delay = 1.05> <CoreInst = "DSP48">   --->   Core 116 'DSP48' <Latency = 3> <II = 1> <Delay = 2.15> <IPBlock> <Opcode : 'add' 'sub' 'mul' 'select'> <InPorts = 0> <OutPorts = 1> <Sync> <CReg>
ST_2 : Operation 564 [2/3] (1.05ns) (grouped into DSP with root node add_ln162_86)   --->   "%mul_ln162_38 = mul i12 %select_ln161_76, i12 %zext_ln161_90_cast" [cnn_hls.cpp:162]   --->   Operation 564 'mul' 'mul_ln162_38' <Predicate = true> <Delay = 1.05> <CoreInst = "DSP48">   --->   Core 116 'DSP48' <Latency = 3> <II = 1> <Delay = 2.15> <IPBlock> <Opcode : 'add' 'sub' 'mul' 'select'> <InPorts = 0> <OutPorts = 1> <Sync> <CReg>
ST_2 : Operation 565 [3/3] (1.05ns) (grouped into DSP with root node add_ln162_87)   --->   "%mul_ln162_39 = mul i13 %select_ln161_75, i13 %zext_ln161_89_cast" [cnn_hls.cpp:162]   --->   Operation 565 'mul' 'mul_ln162_39' <Predicate = true> <Delay = 1.05> <CoreInst = "DSP48">   --->   Core 116 'DSP48' <Latency = 3> <II = 1> <Delay = 2.15> <IPBlock> <Opcode : 'add' 'sub' 'mul' 'select'> <InPorts = 0> <OutPorts = 1> <Sync> <CReg>
ST_2 : Operation 566 [2/3] (1.05ns) (grouped into DSP with root node add_ln162_83)   --->   "%mul_ln162_40 = mul i15 %select_ln161_74, i15 %zext_ln161_88_cast" [cnn_hls.cpp:162]   --->   Operation 566 'mul' 'mul_ln162_40' <Predicate = true> <Delay = 1.05> <CoreInst = "DSP48">   --->   Core 116 'DSP48' <Latency = 3> <II = 1> <Delay = 2.15> <IPBlock> <Opcode : 'add' 'sub' 'mul' 'select'> <InPorts = 0> <OutPorts = 1> <Sync> <CReg>
ST_2 : Operation 567 [3/3] (1.05ns) (grouped into DSP with root node add_ln162_84)   --->   "%mul_ln162_42 = mul i15 %select_ln161_72, i15 %zext_ln161_86_cast" [cnn_hls.cpp:162]   --->   Operation 567 'mul' 'mul_ln162_42' <Predicate = true> <Delay = 1.05> <CoreInst = "DSP48">   --->   Core 116 'DSP48' <Latency = 3> <II = 1> <Delay = 2.15> <IPBlock> <Opcode : 'add' 'sub' 'mul' 'select'> <InPorts = 0> <OutPorts = 1> <Sync> <CReg>
ST_2 : Operation 568 [2/3] (1.05ns) (grouped into DSP with root node add_ln162_81)   --->   "%mul_ln162_44 = mul i14 %select_ln161_70, i14 %zext_ln161_84_cast" [cnn_hls.cpp:162]   --->   Operation 568 'mul' 'mul_ln162_44' <Predicate = true> <Delay = 1.05> <CoreInst = "DSP48">   --->   Core 116 'DSP48' <Latency = 3> <II = 1> <Delay = 2.15> <IPBlock> <Opcode : 'add' 'sub' 'mul' 'select'> <InPorts = 0> <OutPorts = 1> <Sync> <CReg>
ST_2 : Operation 569 [3/3] (1.05ns) (grouped into DSP with root node add_ln162_82)   --->   "%mul_ln162_45 = mul i10 %select_ln161_69, i10 %zext_ln161_83_cast" [cnn_hls.cpp:162]   --->   Operation 569 'mul' 'mul_ln162_45' <Predicate = true> <Delay = 1.05> <CoreInst = "DSP48">   --->   Core 116 'DSP48' <Latency = 3> <II = 1> <Delay = 2.15> <IPBlock> <Opcode : 'add' 'sub' 'mul' 'select'> <InPorts = 0> <OutPorts = 1> <Sync> <CReg>
ST_2 : Operation 570 [2/3] (1.05ns) (grouped into DSP with root node add_ln162_77)   --->   "%mul_ln162_47 = mul i14 %select_ln161_68, i14 %zext_ln161_81_cast" [cnn_hls.cpp:162]   --->   Operation 570 'mul' 'mul_ln162_47' <Predicate = true> <Delay = 1.05> <CoreInst = "DSP48">   --->   Core 116 'DSP48' <Latency = 3> <II = 1> <Delay = 2.15> <IPBlock> <Opcode : 'add' 'sub' 'mul' 'select'> <InPorts = 0> <OutPorts = 1> <Sync> <CReg>
ST_2 : Operation 571 [3/3] (1.05ns) (grouped into DSP with root node add_ln162_78)   --->   "%mul_ln162_48 = mul i14 %select_ln161_67, i14 %zext_ln161_80_cast" [cnn_hls.cpp:162]   --->   Operation 571 'mul' 'mul_ln162_48' <Predicate = true> <Delay = 1.05> <CoreInst = "DSP48">   --->   Core 116 'DSP48' <Latency = 3> <II = 1> <Delay = 2.15> <IPBlock> <Opcode : 'add' 'sub' 'mul' 'select'> <InPorts = 0> <OutPorts = 1> <Sync> <CReg>
ST_2 : Operation 572 [2/3] (1.05ns) (grouped into DSP with root node add_ln162_75)   --->   "%mul_ln162_49 = mul i14 %select_ln161_66, i14 %zext_ln161_79_cast" [cnn_hls.cpp:162]   --->   Operation 572 'mul' 'mul_ln162_49' <Predicate = true> <Delay = 1.05> <CoreInst = "DSP48">   --->   Core 116 'DSP48' <Latency = 3> <II = 1> <Delay = 2.15> <IPBlock> <Opcode : 'add' 'sub' 'mul' 'select'> <InPorts = 0> <OutPorts = 1> <Sync> <CReg>
ST_2 : Operation 573 [2/3] (1.05ns) (grouped into DSP with root node add_ln162_72)   --->   "%mul_ln162_53 = mul i14 %select_ln161_63, i14 %zext_ln161_75_cast" [cnn_hls.cpp:162]   --->   Operation 573 'mul' 'mul_ln162_53' <Predicate = true> <Delay = 1.05> <CoreInst = "DSP48">   --->   Core 116 'DSP48' <Latency = 3> <II = 1> <Delay = 2.15> <IPBlock> <Opcode : 'add' 'sub' 'mul' 'select'> <InPorts = 0> <OutPorts = 1> <Sync> <CReg>
ST_2 : Operation 574 [3/3] (1.05ns) (grouped into DSP with root node add_ln162_73)   --->   "%mul_ln162_54 = mul i15 %select_ln161_62, i15 %zext_ln161_74_cast" [cnn_hls.cpp:162]   --->   Operation 574 'mul' 'mul_ln162_54' <Predicate = true> <Delay = 1.05> <CoreInst = "DSP48">   --->   Core 116 'DSP48' <Latency = 3> <II = 1> <Delay = 2.15> <IPBlock> <Opcode : 'add' 'sub' 'mul' 'select'> <InPorts = 0> <OutPorts = 1> <Sync> <CReg>
ST_2 : Operation 575 [2/3] (1.05ns) (grouped into DSP with root node add_ln162_65)   --->   "%mul_ln162_59 = mul i13 %select_ln161_58, i13 %zext_ln161_69_cast" [cnn_hls.cpp:162]   --->   Operation 575 'mul' 'mul_ln162_59' <Predicate = true> <Delay = 1.05> <CoreInst = "DSP48">   --->   Core 116 'DSP48' <Latency = 3> <II = 1> <Delay = 2.15> <IPBlock> <Opcode : 'add' 'sub' 'mul' 'select'> <InPorts = 0> <OutPorts = 1> <Sync> <CReg>
ST_2 : Operation 576 [3/3] (1.05ns) (grouped into DSP with root node add_ln162_66)   --->   "%mul_ln162_60 = mul i14 %select_ln161_57, i14 %zext_ln161_68_cast" [cnn_hls.cpp:162]   --->   Operation 576 'mul' 'mul_ln162_60' <Predicate = true> <Delay = 1.05> <CoreInst = "DSP48">   --->   Core 116 'DSP48' <Latency = 3> <II = 1> <Delay = 2.15> <IPBlock> <Opcode : 'add' 'sub' 'mul' 'select'> <InPorts = 0> <OutPorts = 1> <Sync> <CReg>
ST_2 : Operation 577 [3/3] (1.05ns) (grouped into DSP with root node add_ln162_63)   --->   "%mul_ln162_61 = mul i15 %select_ln161_56, i15 %zext_ln161_67_cast" [cnn_hls.cpp:162]   --->   Operation 577 'mul' 'mul_ln162_61' <Predicate = true> <Delay = 1.05> <CoreInst = "DSP48">   --->   Core 116 'DSP48' <Latency = 3> <II = 1> <Delay = 2.15> <IPBlock> <Opcode : 'add' 'sub' 'mul' 'select'> <InPorts = 0> <OutPorts = 1> <Sync> <CReg>
ST_2 : Operation 578 [3/3] (1.05ns) (grouped into DSP with root node add_ln162_61)   --->   "%mul_ln162_65 = mul i15 %select_ln161_51, i15 %zext_ln161_62_cast" [cnn_hls.cpp:162]   --->   Operation 578 'mul' 'mul_ln162_65' <Predicate = true> <Delay = 1.05> <CoreInst = "DSP48">   --->   Core 116 'DSP48' <Latency = 3> <II = 1> <Delay = 2.15> <IPBlock> <Opcode : 'add' 'sub' 'mul' 'select'> <InPorts = 0> <OutPorts = 1> <Sync> <CReg>
ST_2 : Operation 579 [3/3] (1.05ns) (grouped into DSP with root node add_ln162_59)   --->   "%mul_ln162_68 = mul i14 %select_ln161_49, i14 %zext_ln161_59_cast" [cnn_hls.cpp:162]   --->   Operation 579 'mul' 'mul_ln162_68' <Predicate = true> <Delay = 1.05> <CoreInst = "DSP48">   --->   Core 116 'DSP48' <Latency = 3> <II = 1> <Delay = 2.15> <IPBlock> <Opcode : 'add' 'sub' 'mul' 'select'> <InPorts = 0> <OutPorts = 1> <Sync> <CReg>
ST_2 : Operation 580 [2/3] (1.05ns) (grouped into DSP with root node add_ln162_52)   --->   "%mul_ln162_72 = mul i15 %select_ln161_46, i15 %zext_ln161_55_cast" [cnn_hls.cpp:162]   --->   Operation 580 'mul' 'mul_ln162_72' <Predicate = true> <Delay = 1.05> <CoreInst = "DSP48">   --->   Core 116 'DSP48' <Latency = 3> <II = 1> <Delay = 2.15> <IPBlock> <Opcode : 'add' 'sub' 'mul' 'select'> <InPorts = 0> <OutPorts = 1> <Sync> <CReg>
ST_2 : Operation 581 [3/3] (1.05ns) (grouped into DSP with root node add_ln162_50)   --->   "%mul_ln162_77 = mul i13 %select_ln161_41, i13 %zext_ln161_50_cast" [cnn_hls.cpp:162]   --->   Operation 581 'mul' 'mul_ln162_77' <Predicate = true> <Delay = 1.05> <CoreInst = "DSP48">   --->   Core 116 'DSP48' <Latency = 3> <II = 1> <Delay = 2.15> <IPBlock> <Opcode : 'add' 'sub' 'mul' 'select'> <InPorts = 0> <OutPorts = 1> <Sync> <CReg>
ST_2 : Operation 582 [3/3] (1.05ns) (grouped into DSP with root node add_ln162_47)   --->   "%mul_ln162_78 = mul i13 %select_ln161_40, i13 %zext_ln161_49_cast" [cnn_hls.cpp:162]   --->   Operation 582 'mul' 'mul_ln162_78' <Predicate = true> <Delay = 1.05> <CoreInst = "DSP48">   --->   Core 116 'DSP48' <Latency = 3> <II = 1> <Delay = 2.15> <IPBlock> <Opcode : 'add' 'sub' 'mul' 'select'> <InPorts = 0> <OutPorts = 1> <Sync> <CReg>
ST_2 : Operation 583 [3/3] (1.05ns) (grouped into DSP with root node add_ln162_40)   --->   "%mul_ln162_86 = mul i15 %select_ln161_33, i15 %zext_ln161_41_cast" [cnn_hls.cpp:162]   --->   Operation 583 'mul' 'mul_ln162_86' <Predicate = true> <Delay = 1.05> <CoreInst = "DSP48">   --->   Core 116 'DSP48' <Latency = 3> <II = 1> <Delay = 2.15> <IPBlock> <Opcode : 'add' 'sub' 'mul' 'select'> <InPorts = 0> <OutPorts = 1> <Sync> <CReg>
ST_2 : Operation 584 [3/3] (1.05ns) (grouped into DSP with root node add_ln162_37)   --->   "%mul_ln162_89 = mul i13 %select_ln161_30, i13 %zext_ln161_38_cast" [cnn_hls.cpp:162]   --->   Operation 584 'mul' 'mul_ln162_89' <Predicate = true> <Delay = 1.05> <CoreInst = "DSP48">   --->   Core 116 'DSP48' <Latency = 3> <II = 1> <Delay = 2.15> <IPBlock> <Opcode : 'add' 'sub' 'mul' 'select'> <InPorts = 0> <OutPorts = 1> <Sync> <CReg>
ST_2 : Operation 585 [2/3] (1.05ns) (grouped into DSP with root node add_ln162_34)   --->   "%mul_ln162_90 = mul i15 %select_ln161_29, i15 %zext_ln161_37_cast" [cnn_hls.cpp:162]   --->   Operation 585 'mul' 'mul_ln162_90' <Predicate = true> <Delay = 1.05> <CoreInst = "DSP48">   --->   Core 116 'DSP48' <Latency = 3> <II = 1> <Delay = 2.15> <IPBlock> <Opcode : 'add' 'sub' 'mul' 'select'> <InPorts = 0> <OutPorts = 1> <Sync> <CReg>
ST_2 : Operation 586 [3/3] (1.05ns) (grouped into DSP with root node add_ln162_35)   --->   "%mul_ln162_92 = mul i12 %select_ln161_27, i12 %zext_ln161_35_cast" [cnn_hls.cpp:162]   --->   Operation 586 'mul' 'mul_ln162_92' <Predicate = true> <Delay = 1.05> <CoreInst = "DSP48">   --->   Core 116 'DSP48' <Latency = 3> <II = 1> <Delay = 2.15> <IPBlock> <Opcode : 'add' 'sub' 'mul' 'select'> <InPorts = 0> <OutPorts = 1> <Sync> <CReg>
ST_2 : Operation 587 [3/3] (1.05ns) (grouped into DSP with root node add_ln162_30)   --->   "%mul_ln162_93 = mul i14 %select_ln161_26, i14 %zext_ln161_34_cast" [cnn_hls.cpp:162]   --->   Operation 587 'mul' 'mul_ln162_93' <Predicate = true> <Delay = 1.05> <CoreInst = "DSP48">   --->   Core 116 'DSP48' <Latency = 3> <II = 1> <Delay = 2.15> <IPBlock> <Opcode : 'add' 'sub' 'mul' 'select'> <InPorts = 0> <OutPorts = 1> <Sync> <CReg>
ST_2 : Operation 588 [2/3] (1.05ns) (grouped into DSP with root node add_ln162_28)   --->   "%mul_ln162_96 = mul i15 %select_ln161_23, i15 %zext_ln161_31_cast" [cnn_hls.cpp:162]   --->   Operation 588 'mul' 'mul_ln162_96' <Predicate = true> <Delay = 1.05> <CoreInst = "DSP48">   --->   Core 116 'DSP48' <Latency = 3> <II = 1> <Delay = 2.15> <IPBlock> <Opcode : 'add' 'sub' 'mul' 'select'> <InPorts = 0> <OutPorts = 1> <Sync> <CReg>
ST_2 : Operation 589 [3/3] (1.05ns) (grouped into DSP with root node add_ln162_29)   --->   "%mul_ln162_98 = mul i15 %select_ln161_22, i15 %zext_ln161_29_cast" [cnn_hls.cpp:162]   --->   Operation 589 'mul' 'mul_ln162_98' <Predicate = true> <Delay = 1.05> <CoreInst = "DSP48">   --->   Core 116 'DSP48' <Latency = 3> <II = 1> <Delay = 2.15> <IPBlock> <Opcode : 'add' 'sub' 'mul' 'select'> <InPorts = 0> <OutPorts = 1> <Sync> <CReg>
ST_2 : Operation 590 [2/3] (1.05ns) (grouped into DSP with root node add_ln162_25)   --->   "%mul_ln162_100 = mul i14 %select_ln161_20, i14 %zext_ln161_27_cast" [cnn_hls.cpp:162]   --->   Operation 590 'mul' 'mul_ln162_100' <Predicate = true> <Delay = 1.05> <CoreInst = "DSP48">   --->   Core 116 'DSP48' <Latency = 3> <II = 1> <Delay = 2.15> <IPBlock> <Opcode : 'add' 'sub' 'mul' 'select'> <InPorts = 0> <OutPorts = 1> <Sync> <CReg>
ST_2 : Operation 591 [3/3] (1.05ns) (grouped into DSP with root node add_ln162_26)   --->   "%mul_ln162_101 = mul i13 %select_ln161_19, i13 %zext_ln161_26_cast" [cnn_hls.cpp:162]   --->   Operation 591 'mul' 'mul_ln162_101' <Predicate = true> <Delay = 1.05> <CoreInst = "DSP48">   --->   Core 116 'DSP48' <Latency = 3> <II = 1> <Delay = 2.15> <IPBlock> <Opcode : 'add' 'sub' 'mul' 'select'> <InPorts = 0> <OutPorts = 1> <Sync> <CReg>
ST_2 : Operation 592 [2/3] (1.05ns) (grouped into DSP with root node add_ln162_18)   --->   "%mul_ln162_105 = mul i11 %select_ln161_15, i11 %zext_ln161_22_cast" [cnn_hls.cpp:162]   --->   Operation 592 'mul' 'mul_ln162_105' <Predicate = true> <Delay = 1.05> <CoreInst = "DSP48">   --->   Core 116 'DSP48' <Latency = 3> <II = 1> <Delay = 2.15> <IPBlock> <Opcode : 'add' 'sub' 'mul' 'select'> <InPorts = 0> <OutPorts = 1> <Sync> <CReg>
ST_2 : Operation 593 [3/3] (1.05ns) (grouped into DSP with root node add_ln162_19)   --->   "%mul_ln162_107 = mul i15 %select_ln161_13, i15 %zext_ln161_20_cast" [cnn_hls.cpp:162]   --->   Operation 593 'mul' 'mul_ln162_107' <Predicate = true> <Delay = 1.05> <CoreInst = "DSP48">   --->   Core 116 'DSP48' <Latency = 3> <II = 1> <Delay = 2.15> <IPBlock> <Opcode : 'add' 'sub' 'mul' 'select'> <InPorts = 0> <OutPorts = 1> <Sync> <CReg>
ST_2 : Operation 594 [3/3] (1.05ns) (grouped into DSP with root node add_ln162_16)   --->   "%mul_ln162_108 = mul i14 %select_ln161_12, i14 %zext_ln161_19_cast" [cnn_hls.cpp:162]   --->   Operation 594 'mul' 'mul_ln162_108' <Predicate = true> <Delay = 1.05> <CoreInst = "DSP48">   --->   Core 116 'DSP48' <Latency = 3> <II = 1> <Delay = 2.15> <IPBlock> <Opcode : 'add' 'sub' 'mul' 'select'> <InPorts = 0> <OutPorts = 1> <Sync> <CReg>
ST_2 : Operation 595 [2/3] (1.05ns) (grouped into DSP with root node add_ln162_11)   --->   "%mul_ln162_114 = mul i15 %select_ln161_8, i15 %zext_ln161_13_cast" [cnn_hls.cpp:162]   --->   Operation 595 'mul' 'mul_ln162_114' <Predicate = true> <Delay = 1.05> <CoreInst = "DSP48">   --->   Core 116 'DSP48' <Latency = 3> <II = 1> <Delay = 2.15> <IPBlock> <Opcode : 'add' 'sub' 'mul' 'select'> <InPorts = 0> <OutPorts = 1> <Sync> <CReg>
ST_2 : Operation 596 [3/3] (1.05ns) (grouped into DSP with root node add_ln162_12)   --->   "%mul_ln162_116 = mul i13 %select_ln161_7, i13 %zext_ln161_11_cast" [cnn_hls.cpp:162]   --->   Operation 596 'mul' 'mul_ln162_116' <Predicate = true> <Delay = 1.05> <CoreInst = "DSP48">   --->   Core 116 'DSP48' <Latency = 3> <II = 1> <Delay = 2.15> <IPBlock> <Opcode : 'add' 'sub' 'mul' 'select'> <InPorts = 0> <OutPorts = 1> <Sync> <CReg>
ST_2 : Operation 597 [2/3] (1.05ns) (grouped into DSP with root node add_ln162_7)   --->   "%mul_ln162_118 = mul i11 %select_ln161_5, i11 %zext_ln161_9_cast" [cnn_hls.cpp:162]   --->   Operation 597 'mul' 'mul_ln162_118' <Predicate = true> <Delay = 1.05> <CoreInst = "DSP48">   --->   Core 116 'DSP48' <Latency = 3> <II = 1> <Delay = 2.15> <IPBlock> <Opcode : 'add' 'sub' 'mul' 'select'> <InPorts = 0> <OutPorts = 1> <Sync> <CReg>
ST_2 : Operation 598 [2/3] (1.05ns) (grouped into DSP with root node add_ln162_5)   --->   "%mul_ln162_121 = mul i14 %select_ln161_3, i14 %zext_ln161_6_cast" [cnn_hls.cpp:162]   --->   Operation 598 'mul' 'mul_ln162_121' <Predicate = true> <Delay = 1.05> <CoreInst = "DSP48">   --->   Core 116 'DSP48' <Latency = 3> <II = 1> <Delay = 2.15> <IPBlock> <Opcode : 'add' 'sub' 'mul' 'select'> <InPorts = 0> <OutPorts = 1> <Sync> <CReg>
ST_2 : Operation 599 [2/3] (1.05ns) (grouped into DSP with root node add_ln162_3)   --->   "%mul_ln162_125 = mul i13 %select_ln161_1, i13 %zext_ln161_2_cast" [cnn_hls.cpp:162]   --->   Operation 599 'mul' 'mul_ln162_125' <Predicate = true> <Delay = 1.05> <CoreInst = "DSP48">   --->   Core 116 'DSP48' <Latency = 3> <II = 1> <Delay = 2.15> <IPBlock> <Opcode : 'add' 'sub' 'mul' 'select'> <InPorts = 0> <OutPorts = 1> <Sync> <CReg>
ST_2 : Operation 600 [2/3] (1.05ns) (grouped into DSP with root node add_ln162_183)   --->   "%mul_ln162_129 = mul i13 %select_ln162, i13 %zext_ln161_190_cast" [cnn_hls.cpp:162]   --->   Operation 600 'mul' 'mul_ln162_129' <Predicate = true> <Delay = 1.05> <CoreInst = "DSP48">   --->   Core 116 'DSP48' <Latency = 3> <II = 1> <Delay = 2.15> <IPBlock> <Opcode : 'add' 'sub' 'mul' 'select'> <InPorts = 0> <OutPorts = 1> <Sync> <CReg>
ST_2 : Operation 601 [3/3] (1.05ns) (grouped into DSP with root node add_ln162_184)   --->   "%mul_ln162_130 = mul i14 %select_ln161_158, i14 %zext_ln161_189_cast" [cnn_hls.cpp:162]   --->   Operation 601 'mul' 'mul_ln162_130' <Predicate = true> <Delay = 1.05> <CoreInst = "DSP48">   --->   Core 116 'DSP48' <Latency = 3> <II = 1> <Delay = 2.15> <IPBlock> <Opcode : 'add' 'sub' 'mul' 'select'> <InPorts = 0> <OutPorts = 1> <Sync> <CReg>
ST_2 : Operation 602 [2/3] (1.05ns) (grouped into DSP with root node add_ln162_181)   --->   "%mul_ln162_132 = mul i15 %select_ln161_157, i15 %zext_ln161_187_cast" [cnn_hls.cpp:162]   --->   Operation 602 'mul' 'mul_ln162_132' <Predicate = true> <Delay = 1.05> <CoreInst = "DSP48">   --->   Core 116 'DSP48' <Latency = 3> <II = 1> <Delay = 2.15> <IPBlock> <Opcode : 'add' 'sub' 'mul' 'select'> <InPorts = 0> <OutPorts = 1> <Sync> <CReg>
ST_2 : Operation 603 [3/3] (1.05ns) (grouped into DSP with root node add_ln162_182)   --->   "%mul_ln162_133 = mul i14 %select_ln161_156, i14 %zext_ln161_186_cast" [cnn_hls.cpp:162]   --->   Operation 603 'mul' 'mul_ln162_133' <Predicate = true> <Delay = 1.05> <CoreInst = "DSP48">   --->   Core 116 'DSP48' <Latency = 3> <II = 1> <Delay = 2.15> <IPBlock> <Opcode : 'add' 'sub' 'mul' 'select'> <InPorts = 0> <OutPorts = 1> <Sync> <CReg>
ST_2 : Operation 604 [3/3] (1.05ns) (grouped into DSP with root node add_ln162_178)   --->   "%mul_ln162_134 = mul i15 %select_ln161_155, i15 %zext_ln161_185_cast" [cnn_hls.cpp:162]   --->   Operation 604 'mul' 'mul_ln162_134' <Predicate = true> <Delay = 1.05> <CoreInst = "DSP48">   --->   Core 116 'DSP48' <Latency = 3> <II = 1> <Delay = 2.15> <IPBlock> <Opcode : 'add' 'sub' 'mul' 'select'> <InPorts = 0> <OutPorts = 1> <Sync> <CReg>
ST_2 : Operation 605 [2/3] (1.05ns) (grouped into DSP with root node add_ln162_176)   --->   "%mul_ln162_138 = mul i13 %select_ln161_153, i13 %zext_ln161_181_cast" [cnn_hls.cpp:162]   --->   Operation 605 'mul' 'mul_ln162_138' <Predicate = true> <Delay = 1.05> <CoreInst = "DSP48">   --->   Core 116 'DSP48' <Latency = 3> <II = 1> <Delay = 2.15> <IPBlock> <Opcode : 'add' 'sub' 'mul' 'select'> <InPorts = 0> <OutPorts = 1> <Sync> <CReg>
ST_2 : Operation 606 [3/3] (1.05ns) (grouped into DSP with root node add_ln162_177)   --->   "%mul_ln162_139 = mul i14 %select_ln161_152, i14 %zext_ln161_180_cast" [cnn_hls.cpp:162]   --->   Operation 606 'mul' 'mul_ln162_139' <Predicate = true> <Delay = 1.05> <CoreInst = "DSP48">   --->   Core 116 'DSP48' <Latency = 3> <II = 1> <Delay = 2.15> <IPBlock> <Opcode : 'add' 'sub' 'mul' 'select'> <InPorts = 0> <OutPorts = 1> <Sync> <CReg>
ST_2 : Operation 607 [2/3] (1.05ns) (grouped into DSP with root node add_ln162_172)   --->   "%mul_ln162_141 = mul i13 %select_ln161_150, i13 %zext_ln161_178_cast" [cnn_hls.cpp:162]   --->   Operation 607 'mul' 'mul_ln162_141' <Predicate = true> <Delay = 1.05> <CoreInst = "DSP48">   --->   Core 116 'DSP48' <Latency = 3> <II = 1> <Delay = 2.15> <IPBlock> <Opcode : 'add' 'sub' 'mul' 'select'> <InPorts = 0> <OutPorts = 1> <Sync> <CReg>
ST_2 : Operation 608 [3/3] (1.05ns) (grouped into DSP with root node add_ln162_173)   --->   "%mul_ln162_142 = mul i15 %select_ln161_149, i15 %zext_ln161_177_cast" [cnn_hls.cpp:162]   --->   Operation 608 'mul' 'mul_ln162_142' <Predicate = true> <Delay = 1.05> <CoreInst = "DSP48">   --->   Core 116 'DSP48' <Latency = 3> <II = 1> <Delay = 2.15> <IPBlock> <Opcode : 'add' 'sub' 'mul' 'select'> <InPorts = 0> <OutPorts = 1> <Sync> <CReg>
ST_2 : Operation 609 [2/3] (1.05ns) (grouped into DSP with root node add_ln162_170)   --->   "%mul_ln162_143 = mul i14 %select_ln161_148, i14 %zext_ln161_176_cast" [cnn_hls.cpp:162]   --->   Operation 609 'mul' 'mul_ln162_143' <Predicate = true> <Delay = 1.05> <CoreInst = "DSP48">   --->   Core 116 'DSP48' <Latency = 3> <II = 1> <Delay = 2.15> <IPBlock> <Opcode : 'add' 'sub' 'mul' 'select'> <InPorts = 0> <OutPorts = 1> <Sync> <CReg>
ST_2 : Operation 610 [3/3] (1.05ns) (grouped into DSP with root node add_ln162_171)   --->   "%mul_ln162_145 = mul i14 %select_ln161_146, i14 %zext_ln161_174_cast" [cnn_hls.cpp:162]   --->   Operation 610 'mul' 'mul_ln162_145' <Predicate = true> <Delay = 1.05> <CoreInst = "DSP48">   --->   Core 116 'DSP48' <Latency = 3> <II = 1> <Delay = 2.15> <IPBlock> <Opcode : 'add' 'sub' 'mul' 'select'> <InPorts = 0> <OutPorts = 1> <Sync> <CReg>
ST_2 : Operation 611 [2/3] (1.05ns) (grouped into DSP with root node add_ln162_167)   --->   "%mul_ln162_146 = mul i14 %select_ln161_145, i14 %zext_ln161_173_cast" [cnn_hls.cpp:162]   --->   Operation 611 'mul' 'mul_ln162_146' <Predicate = true> <Delay = 1.05> <CoreInst = "DSP48">   --->   Core 116 'DSP48' <Latency = 3> <II = 1> <Delay = 2.15> <IPBlock> <Opcode : 'add' 'sub' 'mul' 'select'> <InPorts = 0> <OutPorts = 1> <Sync> <CReg>
ST_2 : Operation 612 [3/3] (1.05ns) (grouped into DSP with root node add_ln162_168)   --->   "%mul_ln162_148 = mul i15 %select_ln161_143, i15 %zext_ln161_171_cast" [cnn_hls.cpp:162]   --->   Operation 612 'mul' 'mul_ln162_148' <Predicate = true> <Delay = 1.05> <CoreInst = "DSP48">   --->   Core 116 'DSP48' <Latency = 3> <II = 1> <Delay = 2.15> <IPBlock> <Opcode : 'add' 'sub' 'mul' 'select'> <InPorts = 0> <OutPorts = 1> <Sync> <CReg>
ST_2 : Operation 613 [2/3] (1.05ns) (grouped into DSP with root node add_ln162_165)   --->   "%mul_ln162_150 = mul i15 %select_ln161_142, i15 %zext_ln161_168_cast" [cnn_hls.cpp:162]   --->   Operation 613 'mul' 'mul_ln162_150' <Predicate = true> <Delay = 1.05> <CoreInst = "DSP48">   --->   Core 116 'DSP48' <Latency = 3> <II = 1> <Delay = 2.15> <IPBlock> <Opcode : 'add' 'sub' 'mul' 'select'> <InPorts = 0> <OutPorts = 1> <Sync> <CReg>
ST_2 : Operation 614 [2/3] (1.05ns) (grouped into DSP with root node add_ln162_160)   --->   "%mul_ln162_153 = mul i13 %select_ln161_139, i13 %zext_ln161_165_cast" [cnn_hls.cpp:162]   --->   Operation 614 'mul' 'mul_ln162_153' <Predicate = true> <Delay = 1.05> <CoreInst = "DSP48">   --->   Core 116 'DSP48' <Latency = 3> <II = 1> <Delay = 2.15> <IPBlock> <Opcode : 'add' 'sub' 'mul' 'select'> <InPorts = 0> <OutPorts = 1> <Sync> <CReg>
ST_2 : Operation 615 [2/3] (1.05ns) (grouped into DSP with root node add_ln162_155)   --->   "%mul_ln162_159 = mul i14 %select_ln161_134, i14 %zext_ln161_159_cast" [cnn_hls.cpp:162]   --->   Operation 615 'mul' 'mul_ln162_159' <Predicate = true> <Delay = 1.05> <CoreInst = "DSP48">   --->   Core 116 'DSP48' <Latency = 3> <II = 1> <Delay = 2.15> <IPBlock> <Opcode : 'add' 'sub' 'mul' 'select'> <InPorts = 0> <OutPorts = 1> <Sync> <CReg>
ST_2 : Operation 616 [3/3] (1.05ns) (grouped into DSP with root node add_ln162_156)   --->   "%mul_ln162_160 = mul i12 %zext_ln161_158_cast, i12 23" [cnn_hls.cpp:162]   --->   Operation 616 'mul' 'mul_ln162_160' <Predicate = true> <Delay = 1.05> <CoreInst = "DSP48">   --->   Core 116 'DSP48' <Latency = 3> <II = 1> <Delay = 2.15> <IPBlock> <Opcode : 'add' 'sub' 'mul' 'select'> <InPorts = 0> <OutPorts = 1> <Sync> <CReg>
ST_2 : Operation 617 [2/3] (1.05ns) (grouped into DSP with root node add_ln162_153)   --->   "%mul_ln162_162 = mul i13 %select_ln161_132, i13 %zext_ln161_156_cast" [cnn_hls.cpp:162]   --->   Operation 617 'mul' 'mul_ln162_162' <Predicate = true> <Delay = 1.05> <CoreInst = "DSP48">   --->   Core 116 'DSP48' <Latency = 3> <II = 1> <Delay = 2.15> <IPBlock> <Opcode : 'add' 'sub' 'mul' 'select'> <InPorts = 0> <OutPorts = 1> <Sync> <CReg>
ST_2 : Operation 618 [3/3] (1.05ns) (grouped into DSP with root node add_ln162_154)   --->   "%mul_ln162_163 = mul i14 %select_ln161_131, i14 %zext_ln161_155_cast" [cnn_hls.cpp:162]   --->   Operation 618 'mul' 'mul_ln162_163' <Predicate = true> <Delay = 1.05> <CoreInst = "DSP48">   --->   Core 116 'DSP48' <Latency = 3> <II = 1> <Delay = 2.15> <IPBlock> <Opcode : 'add' 'sub' 'mul' 'select'> <InPorts = 0> <OutPorts = 1> <Sync> <CReg>
ST_2 : Operation 619 [2/3] (1.05ns) (grouped into DSP with root node add_ln162_149)   --->   "%mul_ln162_164 = mul i14 %select_ln161_130, i14 %zext_ln161_154_cast" [cnn_hls.cpp:162]   --->   Operation 619 'mul' 'mul_ln162_164' <Predicate = true> <Delay = 1.05> <CoreInst = "DSP48">   --->   Core 116 'DSP48' <Latency = 3> <II = 1> <Delay = 2.15> <IPBlock> <Opcode : 'add' 'sub' 'mul' 'select'> <InPorts = 0> <OutPorts = 1> <Sync> <CReg>
ST_2 : Operation 620 [2/3] (1.05ns) (grouped into DSP with root node add_ln162_144)   --->   "%mul_ln162_170 = mul i15 %select_ln161_125, i15 %zext_ln161_148_cast" [cnn_hls.cpp:162]   --->   Operation 620 'mul' 'mul_ln162_170' <Predicate = true> <Delay = 1.05> <CoreInst = "DSP48">   --->   Core 116 'DSP48' <Latency = 3> <II = 1> <Delay = 2.15> <IPBlock> <Opcode : 'add' 'sub' 'mul' 'select'> <InPorts = 0> <OutPorts = 1> <Sync> <CReg>
ST_2 : Operation 621 [3/3] (1.05ns) (grouped into DSP with root node add_ln162_145)   --->   "%mul_ln162_172 = mul i15 %select_ln161_124, i15 %zext_ln161_146_cast" [cnn_hls.cpp:162]   --->   Operation 621 'mul' 'mul_ln162_172' <Predicate = true> <Delay = 1.05> <CoreInst = "DSP48">   --->   Core 116 'DSP48' <Latency = 3> <II = 1> <Delay = 2.15> <IPBlock> <Opcode : 'add' 'sub' 'mul' 'select'> <InPorts = 0> <OutPorts = 1> <Sync> <CReg>
ST_2 : Operation 622 [2/3] (1.05ns) (grouped into DSP with root node add_ln162_142)   --->   "%mul_ln162_173 = mul i14 %select_ln161_123, i14 %zext_ln161_145_cast" [cnn_hls.cpp:162]   --->   Operation 622 'mul' 'mul_ln162_173' <Predicate = true> <Delay = 1.05> <CoreInst = "DSP48">   --->   Core 116 'DSP48' <Latency = 3> <II = 1> <Delay = 2.15> <IPBlock> <Opcode : 'add' 'sub' 'mul' 'select'> <InPorts = 0> <OutPorts = 1> <Sync> <CReg>
ST_2 : Operation 623 [2/3] (1.05ns) (grouped into DSP with root node add_ln162_134)   --->   "%mul_ln162_179 = mul i12 %zext_ln161_139_cast, i12 4083" [cnn_hls.cpp:162]   --->   Operation 623 'mul' 'mul_ln162_179' <Predicate = true> <Delay = 1.05> <CoreInst = "DSP48">   --->   Core 116 'DSP48' <Latency = 3> <II = 1> <Delay = 2.15> <IPBlock> <Opcode : 'add' 'sub' 'mul' 'select'> <InPorts = 0> <OutPorts = 1> <Sync> <CReg>
ST_2 : Operation 624 [3/3] (1.05ns) (grouped into DSP with root node add_ln162_135)   --->   "%mul_ln162_181 = mul i13 %select_ln161_118, i13 %zext_ln161_137_cast" [cnn_hls.cpp:162]   --->   Operation 624 'mul' 'mul_ln162_181' <Predicate = true> <Delay = 1.05> <CoreInst = "DSP48">   --->   Core 116 'DSP48' <Latency = 3> <II = 1> <Delay = 2.15> <IPBlock> <Opcode : 'add' 'sub' 'mul' 'select'> <InPorts = 0> <OutPorts = 1> <Sync> <CReg>
ST_2 : Operation 625 [3/3] (1.05ns) (grouped into DSP with root node add_ln162_131)   --->   "%mul_ln162_182 = mul i15 %select_ln161_117, i15 %zext_ln161_136_cast" [cnn_hls.cpp:162]   --->   Operation 625 'mul' 'mul_ln162_182' <Predicate = true> <Delay = 1.05> <CoreInst = "DSP48">   --->   Core 116 'DSP48' <Latency = 3> <II = 1> <Delay = 2.15> <IPBlock> <Opcode : 'add' 'sub' 'mul' 'select'> <InPorts = 0> <OutPorts = 1> <Sync> <CReg>
ST_2 : Operation 626 [2/3] (1.05ns) (grouped into DSP with root node add_ln162_129)   --->   "%mul_ln162_185 = mul i13 %select_ln161_115, i13 %zext_ln161_133_cast" [cnn_hls.cpp:162]   --->   Operation 626 'mul' 'mul_ln162_185' <Predicate = true> <Delay = 1.05> <CoreInst = "DSP48">   --->   Core 116 'DSP48' <Latency = 3> <II = 1> <Delay = 2.15> <IPBlock> <Opcode : 'add' 'sub' 'mul' 'select'> <InPorts = 0> <OutPorts = 1> <Sync> <CReg>
ST_2 : Operation 627 [3/3] (1.05ns) (grouped into DSP with root node add_ln162_130)   --->   "%mul_ln162_187 = mul i14 %select_ln161_113, i14 %zext_ln161_131_cast" [cnn_hls.cpp:162]   --->   Operation 627 'mul' 'mul_ln162_187' <Predicate = true> <Delay = 1.05> <CoreInst = "DSP48">   --->   Core 116 'DSP48' <Latency = 3> <II = 1> <Delay = 2.15> <IPBlock> <Opcode : 'add' 'sub' 'mul' 'select'> <InPorts = 0> <OutPorts = 1> <Sync> <CReg>
ST_2 : Operation 628 [2/3] (1.05ns) (grouped into DSP with root node add_ln162_125)   --->   "%mul_ln162_189 = mul i13 %select_ln161_111, i13 %zext_ln161_129_cast" [cnn_hls.cpp:162]   --->   Operation 628 'mul' 'mul_ln162_189' <Predicate = true> <Delay = 1.05> <CoreInst = "DSP48">   --->   Core 116 'DSP48' <Latency = 3> <II = 1> <Delay = 2.15> <IPBlock> <Opcode : 'add' 'sub' 'mul' 'select'> <InPorts = 0> <OutPorts = 1> <Sync> <CReg>
ST_2 : Operation 629 [2/3] (1.05ns) (grouped into DSP with root node add_ln162_60)   --->   "%tmp1 = mul i15 %select_ln161_53, i15 %tmp_cast" [cnn_hls.cpp:161]   --->   Operation 629 'mul' 'tmp1' <Predicate = true> <Delay = 1.05> <CoreInst = "DSP48">   --->   Core 116 'DSP48' <Latency = 3> <II = 1> <Delay = 2.15> <IPBlock> <Opcode : 'add' 'sub' 'mul' 'select'> <InPorts = 0> <OutPorts = 1> <Sync> <CReg>

State 3 <SV = 2> <Delay = 8.64>
ST_3 : Operation 630 [1/1] (0.99ns)   --->   "%select_ln161_2 = select i1 %icmp_ln158, i13 22, i13 58" [cnn_hls.cpp:161]   --->   Operation 630 'select' 'select_ln161_2' <Predicate = true> <Delay = 0.99> <CoreInst = "Sel">   --->   Core 73 'Sel' <Latency = 0> <II = 1> <Delay = 0.99> <FuncUnit> <Opcode : 'select'> <InPorts = 3> <OutPorts = 1>
ST_3 : Operation 631 [1/1] (1.24ns)   --->   "%select_ln161_4 = select i1 %icmp_ln158, i15 119, i15 32643" [cnn_hls.cpp:161]   --->   Operation 631 'select' 'select_ln161_4' <Predicate = true> <Delay = 1.24> <CoreInst = "Sel">   --->   Core 73 'Sel' <Latency = 0> <II = 1> <Delay = 1.24> <FuncUnit> <Opcode : 'select'> <InPorts = 3> <OutPorts = 1>
ST_3 : Operation 632 [1/1] (0.99ns)   --->   "%select_ln161_6 = select i1 %icmp_ln158, i14 16339, i14 16330" [cnn_hls.cpp:161]   --->   Operation 632 'select' 'select_ln161_6' <Predicate = true> <Delay = 0.99> <CoreInst = "Sel">   --->   Core 73 'Sel' <Latency = 0> <II = 1> <Delay = 0.99> <FuncUnit> <Opcode : 'select'> <InPorts = 3> <OutPorts = 1>
ST_3 : Operation 633 [1/1] (1.24ns)   --->   "%select_ln161_14 = select i1 %icmp_ln158, i14 66, i14 27" [cnn_hls.cpp:161]   --->   Operation 633 'select' 'select_ln161_14' <Predicate = true> <Delay = 1.24> <CoreInst = "Sel">   --->   Core 73 'Sel' <Latency = 0> <II = 1> <Delay = 1.24> <FuncUnit> <Opcode : 'select'> <InPorts = 3> <OutPorts = 1>
ST_3 : Operation 634 [1/1] (1.24ns)   --->   "%select_ln161_21 = select i1 %icmp_ln158, i15 127, i15 32688" [cnn_hls.cpp:161]   --->   Operation 634 'select' 'select_ln161_21' <Predicate = true> <Delay = 1.24> <CoreInst = "Sel">   --->   Core 73 'Sel' <Latency = 0> <II = 1> <Delay = 1.24> <FuncUnit> <Opcode : 'select'> <InPorts = 3> <OutPorts = 1>
ST_3 : Operation 635 [1/1] (1.24ns)   --->   "%select_ln161_28 = select i1 %icmp_ln158, i15 77, i15 32713" [cnn_hls.cpp:161]   --->   Operation 635 'select' 'select_ln161_28' <Predicate = true> <Delay = 1.24> <CoreInst = "Sel">   --->   Core 73 'Sel' <Latency = 0> <II = 1> <Delay = 1.24> <FuncUnit> <Opcode : 'select'> <InPorts = 3> <OutPorts = 1>
ST_3 : Operation 636 [1/1] (1.24ns)   --->   "%select_ln161_45 = select i1 %icmp_ln158, i15 121, i15 32646" [cnn_hls.cpp:161]   --->   Operation 636 'select' 'select_ln161_45' <Predicate = true> <Delay = 1.24> <CoreInst = "Sel">   --->   Core 73 'Sel' <Latency = 0> <II = 1> <Delay = 1.24> <FuncUnit> <Opcode : 'select'> <InPorts = 3> <OutPorts = 1>
ST_3 : Operation 637 [1/1] (0.99ns)   --->   "%select_ln161_52 = select i1 %icmp_ln158, i14 16338, i14 37" [cnn_hls.cpp:161]   --->   Operation 637 'select' 'select_ln161_52' <Predicate = true> <Delay = 0.99> <CoreInst = "Sel">   --->   Core 73 'Sel' <Latency = 0> <II = 1> <Delay = 0.99> <FuncUnit> <Opcode : 'select'> <InPorts = 3> <OutPorts = 1>
ST_3 : Operation 638 [1/1] (1.24ns)   --->   "%select_ln161_59 = select i1 %icmp_ln158, i15 32701, i15 32717" [cnn_hls.cpp:161]   --->   Operation 638 'select' 'select_ln161_59' <Predicate = true> <Delay = 1.24> <CoreInst = "Sel">   --->   Core 73 'Sel' <Latency = 0> <II = 1> <Delay = 1.24> <FuncUnit> <Opcode : 'select'> <InPorts = 3> <OutPorts = 1>
ST_3 : Operation 639 [1/1] (1.24ns)   --->   "%select_ln161_64 = select i1 %icmp_ln158, i15 32692, i15 32758" [cnn_hls.cpp:161]   --->   Operation 639 'select' 'select_ln161_64' <Predicate = true> <Delay = 1.24> <CoreInst = "Sel">   --->   Core 73 'Sel' <Latency = 0> <II = 1> <Delay = 1.24> <FuncUnit> <Opcode : 'select'> <InPorts = 3> <OutPorts = 1>
ST_3 : Operation 640 [1/1] (1.24ns)   --->   "%select_ln161_65 = select i1 %icmp_ln158, i15 75, i15 32701" [cnn_hls.cpp:161]   --->   Operation 640 'select' 'select_ln161_65' <Predicate = true> <Delay = 1.24> <CoreInst = "Sel">   --->   Core 73 'Sel' <Latency = 0> <II = 1> <Delay = 1.24> <FuncUnit> <Opcode : 'select'> <InPorts = 3> <OutPorts = 1>
ST_3 : Operation 641 [1/1] (1.24ns)   --->   "%select_ln161_71 = select i1 %icmp_ln158, i15 51, i15 32703" [cnn_hls.cpp:161]   --->   Operation 641 'select' 'select_ln161_71' <Predicate = true> <Delay = 1.24> <CoreInst = "Sel">   --->   Core 73 'Sel' <Latency = 0> <II = 1> <Delay = 1.24> <FuncUnit> <Opcode : 'select'> <InPorts = 3> <OutPorts = 1>
ST_3 : Operation 642 [1/1] (1.24ns)   --->   "%select_ln161_73 = select i1 %icmp_ln158, i15 32667, i15 101" [cnn_hls.cpp:161]   --->   Operation 642 'select' 'select_ln161_73' <Predicate = true> <Delay = 1.24> <CoreInst = "Sel">   --->   Core 73 'Sel' <Latency = 0> <II = 1> <Delay = 1.24> <FuncUnit> <Opcode : 'select'> <InPorts = 3> <OutPorts = 1>
ST_3 : Operation 643 [1/1] (0.99ns)   --->   "%select_ln161_77 = select i1 %icmp_ln158, i14 16381, i14 16334" [cnn_hls.cpp:161]   --->   Operation 643 'select' 'select_ln161_77' <Predicate = true> <Delay = 0.99> <CoreInst = "Sel">   --->   Core 73 'Sel' <Latency = 0> <II = 1> <Delay = 0.99> <FuncUnit> <Opcode : 'select'> <InPorts = 3> <OutPorts = 1>
ST_3 : Operation 644 [1/1] (1.24ns)   --->   "%select_ln161_79 = select i1 %icmp_ln158, i15 32744, i15 32684" [cnn_hls.cpp:161]   --->   Operation 644 'select' 'select_ln161_79' <Predicate = true> <Delay = 1.24> <CoreInst = "Sel">   --->   Core 73 'Sel' <Latency = 0> <II = 1> <Delay = 1.24> <FuncUnit> <Opcode : 'select'> <InPorts = 3> <OutPorts = 1>
ST_3 : Operation 645 [1/1] (0.99ns)   --->   "%select_ln161_85 = select i1 %icmp_ln158, i14 16373, i14 16338" [cnn_hls.cpp:161]   --->   Operation 645 'select' 'select_ln161_85' <Predicate = true> <Delay = 0.99> <CoreInst = "Sel">   --->   Core 73 'Sel' <Latency = 0> <II = 1> <Delay = 0.99> <FuncUnit> <Opcode : 'select'> <InPorts = 3> <OutPorts = 1>
ST_3 : Operation 646 [1/1] (1.24ns)   --->   "%select_ln161_89 = select i1 %icmp_ln158, i15 68, i15 32703" [cnn_hls.cpp:161]   --->   Operation 646 'select' 'select_ln161_89' <Predicate = true> <Delay = 1.24> <CoreInst = "Sel">   --->   Core 73 'Sel' <Latency = 0> <II = 1> <Delay = 1.24> <FuncUnit> <Opcode : 'select'> <InPorts = 3> <OutPorts = 1>
ST_3 : Operation 647 [1/1] (1.24ns)   --->   "%select_ln161_92 = select i1 %icmp_ln158, i15 66, i15 32729" [cnn_hls.cpp:161]   --->   Operation 647 'select' 'select_ln161_92' <Predicate = true> <Delay = 1.24> <CoreInst = "Sel">   --->   Core 73 'Sel' <Latency = 0> <II = 1> <Delay = 1.24> <FuncUnit> <Opcode : 'select'> <InPorts = 3> <OutPorts = 1>
ST_3 : Operation 648 [1/1] (1.24ns)   --->   "%select_ln161_96 = select i1 %icmp_ln158, i15 32748, i15 32654" [cnn_hls.cpp:161]   --->   Operation 648 'select' 'select_ln161_96' <Predicate = true> <Delay = 1.24> <CoreInst = "Sel">   --->   Core 73 'Sel' <Latency = 0> <II = 1> <Delay = 1.24> <FuncUnit> <Opcode : 'select'> <InPorts = 3> <OutPorts = 1>
ST_3 : Operation 649 [1/1] (1.24ns)   --->   "%select_ln161_101 = select i1 %icmp_ln158, i15 15, i15 32699" [cnn_hls.cpp:161]   --->   Operation 649 'select' 'select_ln161_101' <Predicate = true> <Delay = 1.24> <CoreInst = "Sel">   --->   Core 73 'Sel' <Latency = 0> <II = 1> <Delay = 1.24> <FuncUnit> <Opcode : 'select'> <InPorts = 3> <OutPorts = 1>
ST_3 : Operation 650 [1/1] (1.24ns)   --->   "%select_ln161_112 = select i1 %icmp_ln158, i15 101, i15 32673" [cnn_hls.cpp:161]   --->   Operation 650 'select' 'select_ln161_112' <Predicate = true> <Delay = 1.24> <CoreInst = "Sel">   --->   Core 73 'Sel' <Latency = 0> <II = 1> <Delay = 1.24> <FuncUnit> <Opcode : 'select'> <InPorts = 3> <OutPorts = 1>
ST_3 : Operation 651 [1/1] (1.24ns)   --->   "%select_ln161_114 = select i1 %icmp_ln158, i15 32688, i15 32748" [cnn_hls.cpp:161]   --->   Operation 651 'select' 'select_ln161_114' <Predicate = true> <Delay = 1.24> <CoreInst = "Sel">   --->   Core 73 'Sel' <Latency = 0> <II = 1> <Delay = 1.24> <FuncUnit> <Opcode : 'select'> <InPorts = 3> <OutPorts = 1>
ST_3 : Operation 652 [1/1] (0.99ns)   --->   "%select_ln161_119 = select i1 %icmp_ln158, i14 16341, i14 16338" [cnn_hls.cpp:161]   --->   Operation 652 'select' 'select_ln161_119' <Predicate = true> <Delay = 0.99> <CoreInst = "Sel">   --->   Core 73 'Sel' <Latency = 0> <II = 1> <Delay = 0.99> <FuncUnit> <Opcode : 'select'> <InPorts = 3> <OutPorts = 1>
ST_3 : Operation 653 [1/1] (1.24ns)   --->   "%select_ln161_129 = select i1 %icmp_ln158, i15 73, i15 32694" [cnn_hls.cpp:161]   --->   Operation 653 'select' 'select_ln161_129' <Predicate = true> <Delay = 1.24> <CoreInst = "Sel">   --->   Core 73 'Sel' <Latency = 0> <II = 1> <Delay = 1.24> <FuncUnit> <Opcode : 'select'> <InPorts = 3> <OutPorts = 1>
ST_3 : Operation 654 [1/1] (1.24ns)   --->   "%select_ln161_133 = select i1 %icmp_ln158, i15 86, i15 32749" [cnn_hls.cpp:161]   --->   Operation 654 'select' 'select_ln161_133' <Predicate = true> <Delay = 1.24> <CoreInst = "Sel">   --->   Core 73 'Sel' <Latency = 0> <II = 1> <Delay = 1.24> <FuncUnit> <Opcode : 'select'> <InPorts = 3> <OutPorts = 1>
ST_3 : Operation 655 [1/1] (1.24ns)   --->   "%select_ln161_140 = select i1 %icmp_ln158, i15 67, i15 32676" [cnn_hls.cpp:161]   --->   Operation 655 'select' 'select_ln161_140' <Predicate = true> <Delay = 1.24> <CoreInst = "Sel">   --->   Core 73 'Sel' <Latency = 0> <II = 1> <Delay = 1.24> <FuncUnit> <Opcode : 'select'> <InPorts = 3> <OutPorts = 1>
ST_3 : Operation 656 [1/1] (1.24ns)   --->   "%select_ln161_144 = select i1 %icmp_ln158, i15 32678, i15 84" [cnn_hls.cpp:161]   --->   Operation 656 'select' 'select_ln161_144' <Predicate = true> <Delay = 1.24> <CoreInst = "Sel">   --->   Core 73 'Sel' <Latency = 0> <II = 1> <Delay = 1.24> <FuncUnit> <Opcode : 'select'> <InPorts = 3> <OutPorts = 1>
ST_3 : Operation 657 [1/1] (1.24ns)   --->   "%select_ln161_147 = select i1 %icmp_ln158, i15 32687, i15 32750" [cnn_hls.cpp:161]   --->   Operation 657 'select' 'select_ln161_147' <Predicate = true> <Delay = 1.24> <CoreInst = "Sel">   --->   Core 73 'Sel' <Latency = 0> <II = 1> <Delay = 1.24> <FuncUnit> <Opcode : 'select'> <InPorts = 3> <OutPorts = 1>
ST_3 : Operation 658 [1/1] (0.99ns)   --->   "%select_ln161_151 = select i1 %icmp_ln158, i14 16338, i14 14" [cnn_hls.cpp:161]   --->   Operation 658 'select' 'select_ln161_151' <Predicate = true> <Delay = 0.99> <CoreInst = "Sel">   --->   Core 73 'Sel' <Latency = 0> <II = 1> <Delay = 0.99> <FuncUnit> <Opcode : 'select'> <InPorts = 3> <OutPorts = 1>
ST_3 : Operation 659 [1/1] (1.24ns)   --->   "%select_ln161_154 = select i1 %icmp_ln158, i14 19, i14 78" [cnn_hls.cpp:161]   --->   Operation 659 'select' 'select_ln161_154' <Predicate = true> <Delay = 1.24> <CoreInst = "Sel">   --->   Core 73 'Sel' <Latency = 0> <II = 1> <Delay = 1.24> <FuncUnit> <Opcode : 'select'> <InPorts = 3> <OutPorts = 1>
ST_3 : Operation 660 [1/1] (1.24ns)   --->   "%select_ln162_1 = select i1 %icmp_ln158, i14 76, i14 37" [cnn_hls.cpp:162]   --->   Operation 660 'select' 'select_ln162_1' <Predicate = true> <Delay = 1.24> <CoreInst = "Sel">   --->   Core 73 'Sel' <Latency = 0> <II = 1> <Delay = 1.24> <FuncUnit> <Opcode : 'select'> <InPorts = 3> <OutPorts = 1>
ST_3 : Operation 661 [2/3] (1.05ns) (grouped into DSP with root node add_ln162_126)   --->   "%mul_ln162 = mul i15 %select_ln161_110, i15 %zext_ln161_128_cast" [cnn_hls.cpp:162]   --->   Operation 661 'mul' 'mul_ln162' <Predicate = true> <Delay = 1.05> <CoreInst = "DSP48">   --->   Core 116 'DSP48' <Latency = 3> <II = 1> <Delay = 2.15> <IPBlock> <Opcode : 'add' 'sub' 'mul' 'select'> <InPorts = 0> <OutPorts = 1> <Sync> <CReg>
ST_3 : Operation 662 [2/3] (1.05ns) (grouped into DSP with root node add_ln162_124)   --->   "%mul_ln162_3 = mul i15 %select_ln161_107, i15 %zext_ln161_125_cast" [cnn_hls.cpp:162]   --->   Operation 662 'mul' 'mul_ln162_3' <Predicate = true> <Delay = 1.05> <CoreInst = "DSP48">   --->   Core 116 'DSP48' <Latency = 3> <II = 1> <Delay = 2.15> <IPBlock> <Opcode : 'add' 'sub' 'mul' 'select'> <InPorts = 0> <OutPorts = 1> <Sync> <CReg>
ST_3 : Operation 663 [1/1] (3.74ns)   --->   "%mul_ln162_190 = mul i13 %zext_ln161_124_cast, i13 8190" [cnn_hls.cpp:162]   --->   Operation 663 'mul' 'mul_ln162_190' <Predicate = (icmp_ln158)> <Delay = 3.74> <CoreInst = "Multiplier">   --->   Core 3 'Multiplier' <Latency = 0> <II = 1> <Delay = 3.74> <FuncUnit> <Opcode : 'mul'> <InPorts = 2> <OutPorts = 1>
ST_3 : Operation 664 [1/1] (3.74ns)   --->   "%mul_ln162_191 = mul i13 %zext_ln161_124_cast, i13 8167" [cnn_hls.cpp:162]   --->   Operation 664 'mul' 'mul_ln162_191' <Predicate = (!icmp_ln158)> <Delay = 3.74> <CoreInst = "Multiplier">   --->   Core 3 'Multiplier' <Latency = 0> <II = 1> <Delay = 3.74> <FuncUnit> <Opcode : 'mul'> <InPorts = 2> <OutPorts = 1>
ST_3 : Operation 665 [1/1] (0.69ns)   --->   "%select_ln162_2 = select i1 %icmp_ln158, i13 %mul_ln162_190, i13 %mul_ln162_191" [cnn_hls.cpp:162]   --->   Operation 665 'select' 'select_ln162_2' <Predicate = true> <Delay = 0.69> <CoreInst = "Sel">   --->   Core 73 'Sel' <Latency = 0> <II = 1> <Delay = 0.69> <FuncUnit> <Opcode : 'select'> <InPorts = 3> <OutPorts = 1>
ST_3 : Operation 666 [1/1] (0.00ns)   --->   "%sext_ln162_1 = sext i13 %select_ln162_2" [cnn_hls.cpp:162]   --->   Operation 666 'sext' 'sext_ln162_1' <Predicate = true> <Delay = 0.00>
ST_3 : Operation 667 [1/3] (0.00ns) (grouped into DSP with root node add_ln162_120)   --->   "%mul_ln162_5 = mul i15 %select_ln161_106, i15 %zext_ln161_123_cast" [cnn_hls.cpp:162]   --->   Operation 667 'mul' 'mul_ln162_5' <Predicate = true> <Delay = 0.00> <CoreInst = "DSP48">   --->   Core 116 'DSP48' <Latency = 3> <II = 1> <Delay = 2.15> <IPBlock> <Opcode : 'add' 'sub' 'mul' 'select'> <InPorts = 0> <OutPorts = 1> <Sync> <CReg>
ST_3 : Operation 668 [2/3] (1.05ns) (grouped into DSP with root node add_ln162_121)   --->   "%mul_ln162_6 = mul i12 %select_ln161_105, i12 %zext_ln161_122_cast" [cnn_hls.cpp:162]   --->   Operation 668 'mul' 'mul_ln162_6' <Predicate = true> <Delay = 1.05> <CoreInst = "DSP48">   --->   Core 116 'DSP48' <Latency = 3> <II = 1> <Delay = 2.15> <IPBlock> <Opcode : 'add' 'sub' 'mul' 'select'> <InPorts = 0> <OutPorts = 1> <Sync> <CReg>
ST_3 : Operation 669 [1/3] (0.00ns) (grouped into DSP with root node add_ln162_118)   --->   "%mul_ln162_7 = mul i14 %select_ln161_104, i14 %zext_ln161_121_cast" [cnn_hls.cpp:162]   --->   Operation 669 'mul' 'mul_ln162_7' <Predicate = true> <Delay = 0.00> <CoreInst = "DSP48">   --->   Core 116 'DSP48' <Latency = 3> <II = 1> <Delay = 2.15> <IPBlock> <Opcode : 'add' 'sub' 'mul' 'select'> <InPorts = 0> <OutPorts = 1> <Sync> <CReg>
ST_3 : Operation 670 [1/1] (0.00ns) (grouped into DSP with root node add_ln162_118)   --->   "%sext_ln162_3 = sext i14 %mul_ln162_7" [cnn_hls.cpp:162]   --->   Operation 670 'sext' 'sext_ln162_3' <Predicate = true> <Delay = 0.00>
ST_3 : Operation 671 [1/1] (3.74ns)   --->   "%mul_ln162_192 = mul i15 %zext_ln161_120_cast, i15 32766" [cnn_hls.cpp:162]   --->   Operation 671 'mul' 'mul_ln162_192' <Predicate = (icmp_ln158)> <Delay = 3.74> <CoreInst = "Multiplier">   --->   Core 3 'Multiplier' <Latency = 0> <II = 1> <Delay = 3.74> <FuncUnit> <Opcode : 'mul'> <InPorts = 2> <OutPorts = 1>
ST_3 : Operation 672 [1/1] (4.17ns)   --->   "%mul_ln162_193 = mul i15 %zext_ln161_120_cast, i15 32655" [cnn_hls.cpp:162]   --->   Operation 672 'mul' 'mul_ln162_193' <Predicate = (!icmp_ln158)> <Delay = 4.17> <CoreInst = "Multiplier">   --->   Core 3 'Multiplier' <Latency = 0> <II = 1> <Delay = 4.17> <FuncUnit> <Opcode : 'mul'> <InPorts = 2> <OutPorts = 1>
ST_3 : Operation 673 [1/1] (0.75ns)   --->   "%select_ln162_7 = select i1 %icmp_ln158, i15 %mul_ln162_192, i15 %mul_ln162_193" [cnn_hls.cpp:162]   --->   Operation 673 'select' 'select_ln162_7' <Predicate = true> <Delay = 0.75> <CoreInst = "Sel">   --->   Core 73 'Sel' <Latency = 0> <II = 1> <Delay = 0.75> <FuncUnit> <Opcode : 'select'> <InPorts = 3> <OutPorts = 1>
ST_3 : Operation 674 [1/1] (0.00ns)   --->   "%sext_ln162_4 = sext i15 %select_ln162_7" [cnn_hls.cpp:162]   --->   Operation 674 'sext' 'sext_ln162_4' <Predicate = true> <Delay = 0.00>
ST_3 : Operation 675 [2/3] (1.05ns) (grouped into DSP with root node add_ln162_119)   --->   "%mul_ln162_9 = mul i12 %select_ln161_103, i12 %zext_ln161_119_cast" [cnn_hls.cpp:162]   --->   Operation 675 'mul' 'mul_ln162_9' <Predicate = true> <Delay = 1.05> <CoreInst = "DSP48">   --->   Core 116 'DSP48' <Latency = 3> <II = 1> <Delay = 2.15> <IPBlock> <Opcode : 'add' 'sub' 'mul' 'select'> <InPorts = 0> <OutPorts = 1> <Sync> <CReg>
ST_3 : Operation 676 [1/3] (0.00ns) (grouped into DSP with root node add_ln162_113)   --->   "%mul_ln162_10 = mul i14 %select_ln161_102, i14 %zext_ln161_118_cast" [cnn_hls.cpp:162]   --->   Operation 676 'mul' 'mul_ln162_10' <Predicate = true> <Delay = 0.00> <CoreInst = "DSP48">   --->   Core 116 'DSP48' <Latency = 3> <II = 1> <Delay = 2.15> <IPBlock> <Opcode : 'add' 'sub' 'mul' 'select'> <InPorts = 0> <OutPorts = 1> <Sync> <CReg>
ST_3 : Operation 677 [1/1] (0.00ns) (grouped into DSP with root node add_ln162_113)   --->   "%sext_ln162_6 = sext i14 %mul_ln162_10" [cnn_hls.cpp:162]   --->   Operation 677 'sext' 'sext_ln162_6' <Predicate = true> <Delay = 0.00>
ST_3 : Operation 678 [1/1] (4.17ns)   --->   "%mul_ln162_11 = mul i15 %select_ln161_101, i15 %zext_ln161_117_cast" [cnn_hls.cpp:162]   --->   Operation 678 'mul' 'mul_ln162_11' <Predicate = true> <Delay = 4.17> <CoreInst = "Multiplier">   --->   Core 3 'Multiplier' <Latency = 0> <II = 1> <Delay = 4.17> <FuncUnit> <Opcode : 'mul'> <InPorts = 2> <OutPorts = 1>
ST_3 : Operation 679 [2/3] (1.05ns) (grouped into DSP with root node add_ln162_114)   --->   "%mul_ln162_12 = mul i15 %select_ln161_100, i15 %zext_ln161_116_cast" [cnn_hls.cpp:162]   --->   Operation 679 'mul' 'mul_ln162_12' <Predicate = true> <Delay = 1.05> <CoreInst = "DSP48">   --->   Core 116 'DSP48' <Latency = 3> <II = 1> <Delay = 2.15> <IPBlock> <Opcode : 'add' 'sub' 'mul' 'select'> <InPorts = 0> <OutPorts = 1> <Sync> <CReg>
ST_3 : Operation 680 [2/3] (1.05ns) (grouped into DSP with root node add_ln162_111)   --->   "%mul_ln162_14 = mul i14 %select_ln161_98, i14 %zext_ln161_114_cast" [cnn_hls.cpp:162]   --->   Operation 680 'mul' 'mul_ln162_14' <Predicate = true> <Delay = 1.05> <CoreInst = "DSP48">   --->   Core 116 'DSP48' <Latency = 3> <II = 1> <Delay = 2.15> <IPBlock> <Opcode : 'add' 'sub' 'mul' 'select'> <InPorts = 0> <OutPorts = 1> <Sync> <CReg>
ST_3 : Operation 681 [1/1] (4.17ns)   --->   "%mul_ln162_16 = mul i15 %select_ln161_96, i15 %zext_ln161_112_cast" [cnn_hls.cpp:162]   --->   Operation 681 'mul' 'mul_ln162_16' <Predicate = true> <Delay = 4.17> <CoreInst = "Multiplier">   --->   Core 3 'Multiplier' <Latency = 0> <II = 1> <Delay = 4.17> <FuncUnit> <Opcode : 'mul'> <InPorts = 2> <OutPorts = 1>
ST_3 : Operation 682 [1/1] (0.00ns)   --->   "%sext_ln162_10 = sext i15 %mul_ln162_16" [cnn_hls.cpp:162]   --->   Operation 682 'sext' 'sext_ln162_10' <Predicate = true> <Delay = 0.00>
ST_3 : Operation 683 [1/3] (0.00ns) (grouped into DSP with root node add_ln162_108)   --->   "%mul_ln162_17 = mul i13 %select_ln161_95, i13 %zext_ln161_111_cast" [cnn_hls.cpp:162]   --->   Operation 683 'mul' 'mul_ln162_17' <Predicate = true> <Delay = 0.00> <CoreInst = "DSP48">   --->   Core 116 'DSP48' <Latency = 3> <II = 1> <Delay = 2.15> <IPBlock> <Opcode : 'add' 'sub' 'mul' 'select'> <InPorts = 0> <OutPorts = 1> <Sync> <CReg>
ST_3 : Operation 684 [1/1] (0.00ns) (grouped into DSP with root node add_ln162_108)   --->   "%sext_ln162_11 = sext i13 %mul_ln162_17" [cnn_hls.cpp:162]   --->   Operation 684 'sext' 'sext_ln162_11' <Predicate = true> <Delay = 0.00>
ST_3 : Operation 685 [2/3] (1.05ns) (grouped into DSP with root node add_ln162_109)   --->   "%mul_ln162_18 = mul i13 %select_ln161_94, i13 %zext_ln161_110_cast" [cnn_hls.cpp:162]   --->   Operation 685 'mul' 'mul_ln162_18' <Predicate = true> <Delay = 1.05> <CoreInst = "DSP48">   --->   Core 116 'DSP48' <Latency = 3> <II = 1> <Delay = 2.15> <IPBlock> <Opcode : 'add' 'sub' 'mul' 'select'> <InPorts = 0> <OutPorts = 1> <Sync> <CReg>
ST_3 : Operation 686 [1/3] (0.00ns) (grouped into DSP with root node add_ln162_106)   --->   "%mul_ln162_19 = mul i14 %select_ln161_93, i14 %zext_ln161_109_cast" [cnn_hls.cpp:162]   --->   Operation 686 'mul' 'mul_ln162_19' <Predicate = true> <Delay = 0.00> <CoreInst = "DSP48">   --->   Core 116 'DSP48' <Latency = 3> <II = 1> <Delay = 2.15> <IPBlock> <Opcode : 'add' 'sub' 'mul' 'select'> <InPorts = 0> <OutPorts = 1> <Sync> <CReg>
ST_3 : Operation 687 [1/1] (0.00ns) (grouped into DSP with root node add_ln162_106)   --->   "%sext_ln162_13 = sext i14 %mul_ln162_19" [cnn_hls.cpp:162]   --->   Operation 687 'sext' 'sext_ln162_13' <Predicate = true> <Delay = 0.00>
ST_3 : Operation 688 [1/1] (4.17ns)   --->   "%mul_ln162_20 = mul i15 %select_ln161_92, i15 %zext_ln161_108_cast" [cnn_hls.cpp:162]   --->   Operation 688 'mul' 'mul_ln162_20' <Predicate = true> <Delay = 4.17> <CoreInst = "Multiplier">   --->   Core 3 'Multiplier' <Latency = 0> <II = 1> <Delay = 4.17> <FuncUnit> <Opcode : 'mul'> <InPorts = 2> <OutPorts = 1>
ST_3 : Operation 689 [2/3] (1.05ns) (grouped into DSP with root node add_ln162_107)   --->   "%mul_ln162_21 = mul i13 %select_ln161_91, i13 %zext_ln161_107_cast" [cnn_hls.cpp:162]   --->   Operation 689 'mul' 'mul_ln162_21' <Predicate = true> <Delay = 1.05> <CoreInst = "DSP48">   --->   Core 116 'DSP48' <Latency = 3> <II = 1> <Delay = 2.15> <IPBlock> <Opcode : 'add' 'sub' 'mul' 'select'> <InPorts = 0> <OutPorts = 1> <Sync> <CReg>
ST_3 : Operation 690 [1/3] (0.00ns) (grouped into DSP with root node add_ln162_102)   --->   "%mul_ln162_22 = mul i13 %select_ln161_90, i13 %zext_ln161_106_cast" [cnn_hls.cpp:162]   --->   Operation 690 'mul' 'mul_ln162_22' <Predicate = true> <Delay = 0.00> <CoreInst = "DSP48">   --->   Core 116 'DSP48' <Latency = 3> <II = 1> <Delay = 2.15> <IPBlock> <Opcode : 'add' 'sub' 'mul' 'select'> <InPorts = 0> <OutPorts = 1> <Sync> <CReg>
ST_3 : Operation 691 [1/1] (0.00ns) (grouped into DSP with root node add_ln162_102)   --->   "%sext_ln162_15 = sext i13 %mul_ln162_22" [cnn_hls.cpp:162]   --->   Operation 691 'sext' 'sext_ln162_15' <Predicate = true> <Delay = 0.00>
ST_3 : Operation 692 [1/1] (4.17ns)   --->   "%mul_ln162_23 = mul i15 %select_ln161_89, i15 %zext_ln161_105_cast" [cnn_hls.cpp:162]   --->   Operation 692 'mul' 'mul_ln162_23' <Predicate = true> <Delay = 4.17> <CoreInst = "Multiplier">   --->   Core 3 'Multiplier' <Latency = 0> <II = 1> <Delay = 4.17> <FuncUnit> <Opcode : 'mul'> <InPorts = 2> <OutPorts = 1>
ST_3 : Operation 693 [2/3] (1.05ns) (grouped into DSP with root node add_ln162_103)   --->   "%mul_ln162_24 = mul i13 %select_ln161_88, i13 %zext_ln161_104_cast" [cnn_hls.cpp:162]   --->   Operation 693 'mul' 'mul_ln162_24' <Predicate = true> <Delay = 1.05> <CoreInst = "DSP48">   --->   Core 116 'DSP48' <Latency = 3> <II = 1> <Delay = 2.15> <IPBlock> <Opcode : 'add' 'sub' 'mul' 'select'> <InPorts = 0> <OutPorts = 1> <Sync> <CReg>
ST_3 : Operation 694 [2/3] (1.05ns) (grouped into DSP with root node add_ln162_100)   --->   "%mul_ln162_25 = mul i15 %select_ln161_87, i15 %zext_ln161_103_cast" [cnn_hls.cpp:162]   --->   Operation 694 'mul' 'mul_ln162_25' <Predicate = true> <Delay = 1.05> <CoreInst = "DSP48">   --->   Core 116 'DSP48' <Latency = 3> <II = 1> <Delay = 2.15> <IPBlock> <Opcode : 'add' 'sub' 'mul' 'select'> <InPorts = 0> <OutPorts = 1> <Sync> <CReg>
ST_3 : Operation 695 [1/1] (3.74ns)   --->   "%mul_ln162_28 = mul i14 %select_ln161_85, i14 %zext_ln161_100_cast" [cnn_hls.cpp:162]   --->   Operation 695 'mul' 'mul_ln162_28' <Predicate = true> <Delay = 3.74> <CoreInst = "Multiplier">   --->   Core 3 'Multiplier' <Latency = 0> <II = 1> <Delay = 3.74> <FuncUnit> <Opcode : 'mul'> <InPorts = 2> <OutPorts = 1>
ST_3 : Operation 696 [1/1] (0.00ns)   --->   "%sext_ln162_20 = sext i14 %mul_ln162_28" [cnn_hls.cpp:162]   --->   Operation 696 'sext' 'sext_ln162_20' <Predicate = true> <Delay = 0.00>
ST_3 : Operation 697 [1/3] (0.00ns) (grouped into DSP with root node add_ln162_97)   --->   "%mul_ln162_29 = mul i13 %select_ln161_84, i13 %zext_ln161_99_cast" [cnn_hls.cpp:162]   --->   Operation 697 'mul' 'mul_ln162_29' <Predicate = true> <Delay = 0.00> <CoreInst = "DSP48">   --->   Core 116 'DSP48' <Latency = 3> <II = 1> <Delay = 2.15> <IPBlock> <Opcode : 'add' 'sub' 'mul' 'select'> <InPorts = 0> <OutPorts = 1> <Sync> <CReg>
ST_3 : Operation 698 [1/1] (0.00ns) (grouped into DSP with root node add_ln162_97)   --->   "%sext_ln162_21 = sext i13 %mul_ln162_29" [cnn_hls.cpp:162]   --->   Operation 698 'sext' 'sext_ln162_21' <Predicate = true> <Delay = 0.00>
ST_3 : Operation 699 [2/3] (1.05ns) (grouped into DSP with root node add_ln162_98)   --->   "%mul_ln162_30 = mul i13 %select_ln161_83, i13 %zext_ln161_98_cast" [cnn_hls.cpp:162]   --->   Operation 699 'mul' 'mul_ln162_30' <Predicate = true> <Delay = 1.05> <CoreInst = "DSP48">   --->   Core 116 'DSP48' <Latency = 3> <II = 1> <Delay = 2.15> <IPBlock> <Opcode : 'add' 'sub' 'mul' 'select'> <InPorts = 0> <OutPorts = 1> <Sync> <CReg>
ST_3 : Operation 700 [2/3] (1.05ns) (grouped into DSP with root node add_ln162_95)   --->   "%mul_ln162_32 = mul i14 %select_ln161_82, i14 %zext_ln161_96_cast" [cnn_hls.cpp:162]   --->   Operation 700 'mul' 'mul_ln162_32' <Predicate = true> <Delay = 1.05> <CoreInst = "DSP48">   --->   Core 116 'DSP48' <Latency = 3> <II = 1> <Delay = 2.15> <IPBlock> <Opcode : 'add' 'sub' 'mul' 'select'> <InPorts = 0> <OutPorts = 1> <Sync> <CReg>
ST_3 : Operation 701 [1/3] (0.00ns) (grouped into DSP with root node add_ln162_88)   --->   "%mul_ln162_34 = mul i15 %select_ln161_80, i15 %zext_ln161_94_cast" [cnn_hls.cpp:162]   --->   Operation 701 'mul' 'mul_ln162_34' <Predicate = true> <Delay = 0.00> <CoreInst = "DSP48">   --->   Core 116 'DSP48' <Latency = 3> <II = 1> <Delay = 2.15> <IPBlock> <Opcode : 'add' 'sub' 'mul' 'select'> <InPorts = 0> <OutPorts = 1> <Sync> <CReg>
ST_3 : Operation 702 [1/1] (4.17ns)   --->   "%mul_ln162_35 = mul i15 %select_ln161_79, i15 %zext_ln161_93_cast" [cnn_hls.cpp:162]   --->   Operation 702 'mul' 'mul_ln162_35' <Predicate = true> <Delay = 4.17> <CoreInst = "Multiplier">   --->   Core 3 'Multiplier' <Latency = 0> <II = 1> <Delay = 4.17> <FuncUnit> <Opcode : 'mul'> <InPorts = 2> <OutPorts = 1>
ST_3 : Operation 703 [1/1] (3.74ns)   --->   "%mul_ln162_37 = mul i14 %select_ln161_77, i14 %zext_ln161_91_cast" [cnn_hls.cpp:162]   --->   Operation 703 'mul' 'mul_ln162_37' <Predicate = true> <Delay = 3.74> <CoreInst = "Multiplier">   --->   Core 3 'Multiplier' <Latency = 0> <II = 1> <Delay = 3.74> <FuncUnit> <Opcode : 'mul'> <InPorts = 2> <OutPorts = 1>
ST_3 : Operation 704 [1/3] (0.00ns) (grouped into DSP with root node add_ln162_86)   --->   "%mul_ln162_38 = mul i12 %select_ln161_76, i12 %zext_ln161_90_cast" [cnn_hls.cpp:162]   --->   Operation 704 'mul' 'mul_ln162_38' <Predicate = true> <Delay = 0.00> <CoreInst = "DSP48">   --->   Core 116 'DSP48' <Latency = 3> <II = 1> <Delay = 2.15> <IPBlock> <Opcode : 'add' 'sub' 'mul' 'select'> <InPorts = 0> <OutPorts = 1> <Sync> <CReg>
ST_3 : Operation 705 [1/1] (0.00ns) (grouped into DSP with root node add_ln162_86)   --->   "%sext_ln162_25 = sext i12 %mul_ln162_38" [cnn_hls.cpp:162]   --->   Operation 705 'sext' 'sext_ln162_25' <Predicate = true> <Delay = 0.00>
ST_3 : Operation 706 [2/3] (1.05ns) (grouped into DSP with root node add_ln162_87)   --->   "%mul_ln162_39 = mul i13 %select_ln161_75, i13 %zext_ln161_89_cast" [cnn_hls.cpp:162]   --->   Operation 706 'mul' 'mul_ln162_39' <Predicate = true> <Delay = 1.05> <CoreInst = "DSP48">   --->   Core 116 'DSP48' <Latency = 3> <II = 1> <Delay = 2.15> <IPBlock> <Opcode : 'add' 'sub' 'mul' 'select'> <InPorts = 0> <OutPorts = 1> <Sync> <CReg>
ST_3 : Operation 707 [1/3] (0.00ns) (grouped into DSP with root node add_ln162_83)   --->   "%mul_ln162_40 = mul i15 %select_ln161_74, i15 %zext_ln161_88_cast" [cnn_hls.cpp:162]   --->   Operation 707 'mul' 'mul_ln162_40' <Predicate = true> <Delay = 0.00> <CoreInst = "DSP48">   --->   Core 116 'DSP48' <Latency = 3> <II = 1> <Delay = 2.15> <IPBlock> <Opcode : 'add' 'sub' 'mul' 'select'> <InPorts = 0> <OutPorts = 1> <Sync> <CReg>
ST_3 : Operation 708 [1/1] (0.00ns) (grouped into DSP with root node add_ln162_83)   --->   "%sext_ln162_27 = sext i15 %mul_ln162_40" [cnn_hls.cpp:162]   --->   Operation 708 'sext' 'sext_ln162_27' <Predicate = true> <Delay = 0.00>
ST_3 : Operation 709 [1/1] (4.17ns)   --->   "%mul_ln162_41 = mul i15 %select_ln161_73, i15 %zext_ln161_87_cast" [cnn_hls.cpp:162]   --->   Operation 709 'mul' 'mul_ln162_41' <Predicate = true> <Delay = 4.17> <CoreInst = "Multiplier">   --->   Core 3 'Multiplier' <Latency = 0> <II = 1> <Delay = 4.17> <FuncUnit> <Opcode : 'mul'> <InPorts = 2> <OutPorts = 1>
ST_3 : Operation 710 [1/1] (0.00ns)   --->   "%sext_ln162_28 = sext i15 %mul_ln162_41" [cnn_hls.cpp:162]   --->   Operation 710 'sext' 'sext_ln162_28' <Predicate = true> <Delay = 0.00>
ST_3 : Operation 711 [2/3] (1.05ns) (grouped into DSP with root node add_ln162_84)   --->   "%mul_ln162_42 = mul i15 %select_ln161_72, i15 %zext_ln161_86_cast" [cnn_hls.cpp:162]   --->   Operation 711 'mul' 'mul_ln162_42' <Predicate = true> <Delay = 1.05> <CoreInst = "DSP48">   --->   Core 116 'DSP48' <Latency = 3> <II = 1> <Delay = 2.15> <IPBlock> <Opcode : 'add' 'sub' 'mul' 'select'> <InPorts = 0> <OutPorts = 1> <Sync> <CReg>
ST_3 : Operation 712 [1/1] (4.17ns)   --->   "%mul_ln162_43 = mul i15 %select_ln161_71, i15 %zext_ln161_85_cast" [cnn_hls.cpp:162]   --->   Operation 712 'mul' 'mul_ln162_43' <Predicate = true> <Delay = 4.17> <CoreInst = "Multiplier">   --->   Core 3 'Multiplier' <Latency = 0> <II = 1> <Delay = 4.17> <FuncUnit> <Opcode : 'mul'> <InPorts = 2> <OutPorts = 1>
ST_3 : Operation 713 [1/3] (0.00ns) (grouped into DSP with root node add_ln162_81)   --->   "%mul_ln162_44 = mul i14 %select_ln161_70, i14 %zext_ln161_84_cast" [cnn_hls.cpp:162]   --->   Operation 713 'mul' 'mul_ln162_44' <Predicate = true> <Delay = 0.00> <CoreInst = "DSP48">   --->   Core 116 'DSP48' <Latency = 3> <II = 1> <Delay = 2.15> <IPBlock> <Opcode : 'add' 'sub' 'mul' 'select'> <InPorts = 0> <OutPorts = 1> <Sync> <CReg>
ST_3 : Operation 714 [1/1] (0.00ns) (grouped into DSP with root node add_ln162_81)   --->   "%sext_ln162_30 = sext i14 %mul_ln162_44" [cnn_hls.cpp:162]   --->   Operation 714 'sext' 'sext_ln162_30' <Predicate = true> <Delay = 0.00>
ST_3 : Operation 715 [2/3] (1.05ns) (grouped into DSP with root node add_ln162_82)   --->   "%mul_ln162_45 = mul i10 %select_ln161_69, i10 %zext_ln161_83_cast" [cnn_hls.cpp:162]   --->   Operation 715 'mul' 'mul_ln162_45' <Predicate = true> <Delay = 1.05> <CoreInst = "DSP48">   --->   Core 116 'DSP48' <Latency = 3> <II = 1> <Delay = 2.15> <IPBlock> <Opcode : 'add' 'sub' 'mul' 'select'> <InPorts = 0> <OutPorts = 1> <Sync> <CReg>
ST_3 : Operation 716 [1/1] (3.74ns)   --->   "%mul_ln162_46 = mul i13 %zext_ln161_82_cast, i13 45" [cnn_hls.cpp:162]   --->   Operation 716 'mul' 'mul_ln162_46' <Predicate = (icmp_ln158)> <Delay = 3.74> <CoreInst = "Multiplier">   --->   Core 3 'Multiplier' <Latency = 0> <II = 1> <Delay = 3.74> <FuncUnit> <Opcode : 'mul'> <InPorts = 2> <OutPorts = 1>
ST_3 : Operation 717 [1/1] (0.00ns)   --->   "%shl_ln162_2 = bitconcatenate i8 @_ssdm_op_BitConcatenate.i8.i7.i1, i7 %x_215_read, i1 0" [cnn_hls.cpp:162]   --->   Operation 717 'bitconcatenate' 'shl_ln162_2' <Predicate = (!icmp_ln158)> <Delay = 0.00>
ST_3 : Operation 718 [1/1] (0.00ns)   --->   "%zext_ln162_7 = zext i8 %shl_ln162_2" [cnn_hls.cpp:162]   --->   Operation 718 'zext' 'zext_ln162_7' <Predicate = (!icmp_ln158)> <Delay = 0.00>
ST_3 : Operation 719 [1/1] (0.69ns)   --->   "%select_ln162_5 = select i1 %icmp_ln158, i13 %mul_ln162_46, i13 %zext_ln162_7" [cnn_hls.cpp:162]   --->   Operation 719 'select' 'select_ln162_5' <Predicate = true> <Delay = 0.69> <CoreInst = "Sel">   --->   Core 73 'Sel' <Latency = 0> <II = 1> <Delay = 0.69> <FuncUnit> <Opcode : 'select'> <InPorts = 3> <OutPorts = 1>
ST_3 : Operation 720 [1/1] (0.00ns)   --->   "%zext_ln162_8 = zext i13 %select_ln162_5" [cnn_hls.cpp:162]   --->   Operation 720 'zext' 'zext_ln162_8' <Predicate = true> <Delay = 0.00>
ST_3 : Operation 721 [1/3] (0.00ns) (grouped into DSP with root node add_ln162_77)   --->   "%mul_ln162_47 = mul i14 %select_ln161_68, i14 %zext_ln161_81_cast" [cnn_hls.cpp:162]   --->   Operation 721 'mul' 'mul_ln162_47' <Predicate = true> <Delay = 0.00> <CoreInst = "DSP48">   --->   Core 116 'DSP48' <Latency = 3> <II = 1> <Delay = 2.15> <IPBlock> <Opcode : 'add' 'sub' 'mul' 'select'> <InPorts = 0> <OutPorts = 1> <Sync> <CReg>
ST_3 : Operation 722 [1/1] (0.00ns) (grouped into DSP with root node add_ln162_77)   --->   "%sext_ln162_32 = sext i14 %mul_ln162_47" [cnn_hls.cpp:162]   --->   Operation 722 'sext' 'sext_ln162_32' <Predicate = true> <Delay = 0.00>
ST_3 : Operation 723 [2/3] (1.05ns) (grouped into DSP with root node add_ln162_78)   --->   "%mul_ln162_48 = mul i14 %select_ln161_67, i14 %zext_ln161_80_cast" [cnn_hls.cpp:162]   --->   Operation 723 'mul' 'mul_ln162_48' <Predicate = true> <Delay = 1.05> <CoreInst = "DSP48">   --->   Core 116 'DSP48' <Latency = 3> <II = 1> <Delay = 2.15> <IPBlock> <Opcode : 'add' 'sub' 'mul' 'select'> <InPorts = 0> <OutPorts = 1> <Sync> <CReg>
ST_3 : Operation 724 [1/3] (0.00ns) (grouped into DSP with root node add_ln162_75)   --->   "%mul_ln162_49 = mul i14 %select_ln161_66, i14 %zext_ln161_79_cast" [cnn_hls.cpp:162]   --->   Operation 724 'mul' 'mul_ln162_49' <Predicate = true> <Delay = 0.00> <CoreInst = "DSP48">   --->   Core 116 'DSP48' <Latency = 3> <II = 1> <Delay = 2.15> <IPBlock> <Opcode : 'add' 'sub' 'mul' 'select'> <InPorts = 0> <OutPorts = 1> <Sync> <CReg>
ST_3 : Operation 725 [1/1] (0.00ns) (grouped into DSP with root node add_ln162_75)   --->   "%sext_ln162_34 = sext i14 %mul_ln162_49" [cnn_hls.cpp:162]   --->   Operation 725 'sext' 'sext_ln162_34' <Predicate = true> <Delay = 0.00>
ST_3 : Operation 726 [1/1] (4.17ns)   --->   "%mul_ln162_50 = mul i15 %select_ln161_65, i15 %zext_ln161_78_cast" [cnn_hls.cpp:162]   --->   Operation 726 'mul' 'mul_ln162_50' <Predicate = true> <Delay = 4.17> <CoreInst = "Multiplier">   --->   Core 3 'Multiplier' <Latency = 0> <II = 1> <Delay = 4.17> <FuncUnit> <Opcode : 'mul'> <InPorts = 2> <OutPorts = 1>
ST_3 : Operation 727 [1/1] (4.17ns)   --->   "%mul_ln162_52 = mul i15 %select_ln161_64, i15 %zext_ln161_76_cast" [cnn_hls.cpp:162]   --->   Operation 727 'mul' 'mul_ln162_52' <Predicate = true> <Delay = 4.17> <CoreInst = "Multiplier">   --->   Core 3 'Multiplier' <Latency = 0> <II = 1> <Delay = 4.17> <FuncUnit> <Opcode : 'mul'> <InPorts = 2> <OutPorts = 1>
ST_3 : Operation 728 [1/3] (0.00ns) (grouped into DSP with root node add_ln162_72)   --->   "%mul_ln162_53 = mul i14 %select_ln161_63, i14 %zext_ln161_75_cast" [cnn_hls.cpp:162]   --->   Operation 728 'mul' 'mul_ln162_53' <Predicate = true> <Delay = 0.00> <CoreInst = "DSP48">   --->   Core 116 'DSP48' <Latency = 3> <II = 1> <Delay = 2.15> <IPBlock> <Opcode : 'add' 'sub' 'mul' 'select'> <InPorts = 0> <OutPorts = 1> <Sync> <CReg>
ST_3 : Operation 729 [1/1] (0.00ns) (grouped into DSP with root node add_ln162_72)   --->   "%sext_ln162_37 = sext i14 %mul_ln162_53" [cnn_hls.cpp:162]   --->   Operation 729 'sext' 'sext_ln162_37' <Predicate = true> <Delay = 0.00>
ST_3 : Operation 730 [2/3] (1.05ns) (grouped into DSP with root node add_ln162_73)   --->   "%mul_ln162_54 = mul i15 %select_ln161_62, i15 %zext_ln161_74_cast" [cnn_hls.cpp:162]   --->   Operation 730 'mul' 'mul_ln162_54' <Predicate = true> <Delay = 1.05> <CoreInst = "DSP48">   --->   Core 116 'DSP48' <Latency = 3> <II = 1> <Delay = 2.15> <IPBlock> <Opcode : 'add' 'sub' 'mul' 'select'> <InPorts = 0> <OutPorts = 1> <Sync> <CReg>
ST_3 : Operation 731 [1/1] (4.17ns)   --->   "%mul_ln162_58 = mul i15 %select_ln161_59, i15 %zext_ln161_70_cast" [cnn_hls.cpp:162]   --->   Operation 731 'mul' 'mul_ln162_58' <Predicate = true> <Delay = 4.17> <CoreInst = "Multiplier">   --->   Core 3 'Multiplier' <Latency = 0> <II = 1> <Delay = 4.17> <FuncUnit> <Opcode : 'mul'> <InPorts = 2> <OutPorts = 1>
ST_3 : Operation 732 [1/3] (0.00ns) (grouped into DSP with root node add_ln162_65)   --->   "%mul_ln162_59 = mul i13 %select_ln161_58, i13 %zext_ln161_69_cast" [cnn_hls.cpp:162]   --->   Operation 732 'mul' 'mul_ln162_59' <Predicate = true> <Delay = 0.00> <CoreInst = "DSP48">   --->   Core 116 'DSP48' <Latency = 3> <II = 1> <Delay = 2.15> <IPBlock> <Opcode : 'add' 'sub' 'mul' 'select'> <InPorts = 0> <OutPorts = 1> <Sync> <CReg>
ST_3 : Operation 733 [1/1] (0.00ns) (grouped into DSP with root node add_ln162_65)   --->   "%sext_ln162_40 = sext i13 %mul_ln162_59" [cnn_hls.cpp:162]   --->   Operation 733 'sext' 'sext_ln162_40' <Predicate = true> <Delay = 0.00>
ST_3 : Operation 734 [2/3] (1.05ns) (grouped into DSP with root node add_ln162_66)   --->   "%mul_ln162_60 = mul i14 %select_ln161_57, i14 %zext_ln161_68_cast" [cnn_hls.cpp:162]   --->   Operation 734 'mul' 'mul_ln162_60' <Predicate = true> <Delay = 1.05> <CoreInst = "DSP48">   --->   Core 116 'DSP48' <Latency = 3> <II = 1> <Delay = 2.15> <IPBlock> <Opcode : 'add' 'sub' 'mul' 'select'> <InPorts = 0> <OutPorts = 1> <Sync> <CReg>
ST_3 : Operation 735 [2/3] (1.05ns) (grouped into DSP with root node add_ln162_63)   --->   "%mul_ln162_61 = mul i15 %select_ln161_56, i15 %zext_ln161_67_cast" [cnn_hls.cpp:162]   --->   Operation 735 'mul' 'mul_ln162_61' <Predicate = true> <Delay = 1.05> <CoreInst = "DSP48">   --->   Core 116 'DSP48' <Latency = 3> <II = 1> <Delay = 2.15> <IPBlock> <Opcode : 'add' 'sub' 'mul' 'select'> <InPorts = 0> <OutPorts = 1> <Sync> <CReg>
ST_3 : Operation 736 [1/1] (3.74ns)   --->   "%mul_ln162_64 = mul i14 %select_ln161_52, i14 %zext_ln161_63_cast" [cnn_hls.cpp:162]   --->   Operation 736 'mul' 'mul_ln162_64' <Predicate = true> <Delay = 3.74> <CoreInst = "Multiplier">   --->   Core 3 'Multiplier' <Latency = 0> <II = 1> <Delay = 3.74> <FuncUnit> <Opcode : 'mul'> <InPorts = 2> <OutPorts = 1>
ST_3 : Operation 737 [1/1] (0.00ns)   --->   "%sext_ln162_44 = sext i14 %mul_ln162_64" [cnn_hls.cpp:162]   --->   Operation 737 'sext' 'sext_ln162_44' <Predicate = true> <Delay = 0.00>
ST_3 : Operation 738 [2/3] (1.05ns) (grouped into DSP with root node add_ln162_61)   --->   "%mul_ln162_65 = mul i15 %select_ln161_51, i15 %zext_ln161_62_cast" [cnn_hls.cpp:162]   --->   Operation 738 'mul' 'mul_ln162_65' <Predicate = true> <Delay = 1.05> <CoreInst = "DSP48">   --->   Core 116 'DSP48' <Latency = 3> <II = 1> <Delay = 2.15> <IPBlock> <Opcode : 'add' 'sub' 'mul' 'select'> <InPorts = 0> <OutPorts = 1> <Sync> <CReg>
ST_3 : Operation 739 [2/3] (1.05ns) (grouped into DSP with root node add_ln162_59)   --->   "%mul_ln162_68 = mul i14 %select_ln161_49, i14 %zext_ln161_59_cast" [cnn_hls.cpp:162]   --->   Operation 739 'mul' 'mul_ln162_68' <Predicate = true> <Delay = 1.05> <CoreInst = "DSP48">   --->   Core 116 'DSP48' <Latency = 3> <II = 1> <Delay = 2.15> <IPBlock> <Opcode : 'add' 'sub' 'mul' 'select'> <InPorts = 0> <OutPorts = 1> <Sync> <CReg>
ST_3 : Operation 740 [1/3] (0.00ns) (grouped into DSP with root node add_ln162_52)   --->   "%mul_ln162_72 = mul i15 %select_ln161_46, i15 %zext_ln161_55_cast" [cnn_hls.cpp:162]   --->   Operation 740 'mul' 'mul_ln162_72' <Predicate = true> <Delay = 0.00> <CoreInst = "DSP48">   --->   Core 116 'DSP48' <Latency = 3> <II = 1> <Delay = 2.15> <IPBlock> <Opcode : 'add' 'sub' 'mul' 'select'> <InPorts = 0> <OutPorts = 1> <Sync> <CReg>
ST_3 : Operation 741 [1/1] (0.00ns) (grouped into DSP with root node add_ln162_52)   --->   "%sext_ln162_48 = sext i15 %mul_ln162_72" [cnn_hls.cpp:162]   --->   Operation 741 'sext' 'sext_ln162_48' <Predicate = true> <Delay = 0.00>
ST_3 : Operation 742 [1/1] (4.17ns)   --->   "%mul_ln162_73 = mul i15 %select_ln161_45, i15 %zext_ln161_54_cast" [cnn_hls.cpp:162]   --->   Operation 742 'mul' 'mul_ln162_73' <Predicate = true> <Delay = 4.17> <CoreInst = "Multiplier">   --->   Core 3 'Multiplier' <Latency = 0> <II = 1> <Delay = 4.17> <FuncUnit> <Opcode : 'mul'> <InPorts = 2> <OutPorts = 1>
ST_3 : Operation 743 [1/1] (0.00ns)   --->   "%sext_ln162_49 = sext i15 %mul_ln162_73" [cnn_hls.cpp:162]   --->   Operation 743 'sext' 'sext_ln162_49' <Predicate = true> <Delay = 0.00>
ST_3 : Operation 744 [2/3] (1.05ns) (grouped into DSP with root node add_ln162_50)   --->   "%mul_ln162_77 = mul i13 %select_ln161_41, i13 %zext_ln161_50_cast" [cnn_hls.cpp:162]   --->   Operation 744 'mul' 'mul_ln162_77' <Predicate = true> <Delay = 1.05> <CoreInst = "DSP48">   --->   Core 116 'DSP48' <Latency = 3> <II = 1> <Delay = 2.15> <IPBlock> <Opcode : 'add' 'sub' 'mul' 'select'> <InPorts = 0> <OutPorts = 1> <Sync> <CReg>
ST_3 : Operation 745 [2/3] (1.05ns) (grouped into DSP with root node add_ln162_47)   --->   "%mul_ln162_78 = mul i13 %select_ln161_40, i13 %zext_ln161_49_cast" [cnn_hls.cpp:162]   --->   Operation 745 'mul' 'mul_ln162_78' <Predicate = true> <Delay = 1.05> <CoreInst = "DSP48">   --->   Core 116 'DSP48' <Latency = 3> <II = 1> <Delay = 2.15> <IPBlock> <Opcode : 'add' 'sub' 'mul' 'select'> <InPorts = 0> <OutPorts = 1> <Sync> <CReg>
ST_3 : Operation 746 [2/3] (1.05ns) (grouped into DSP with root node add_ln162_40)   --->   "%mul_ln162_86 = mul i15 %select_ln161_33, i15 %zext_ln161_41_cast" [cnn_hls.cpp:162]   --->   Operation 746 'mul' 'mul_ln162_86' <Predicate = true> <Delay = 1.05> <CoreInst = "DSP48">   --->   Core 116 'DSP48' <Latency = 3> <II = 1> <Delay = 2.15> <IPBlock> <Opcode : 'add' 'sub' 'mul' 'select'> <InPorts = 0> <OutPorts = 1> <Sync> <CReg>
ST_3 : Operation 747 [2/3] (1.05ns) (grouped into DSP with root node add_ln162_37)   --->   "%mul_ln162_89 = mul i13 %select_ln161_30, i13 %zext_ln161_38_cast" [cnn_hls.cpp:162]   --->   Operation 747 'mul' 'mul_ln162_89' <Predicate = true> <Delay = 1.05> <CoreInst = "DSP48">   --->   Core 116 'DSP48' <Latency = 3> <II = 1> <Delay = 2.15> <IPBlock> <Opcode : 'add' 'sub' 'mul' 'select'> <InPorts = 0> <OutPorts = 1> <Sync> <CReg>
ST_3 : Operation 748 [1/3] (0.00ns) (grouped into DSP with root node add_ln162_34)   --->   "%mul_ln162_90 = mul i15 %select_ln161_29, i15 %zext_ln161_37_cast" [cnn_hls.cpp:162]   --->   Operation 748 'mul' 'mul_ln162_90' <Predicate = true> <Delay = 0.00> <CoreInst = "DSP48">   --->   Core 116 'DSP48' <Latency = 3> <II = 1> <Delay = 2.15> <IPBlock> <Opcode : 'add' 'sub' 'mul' 'select'> <InPorts = 0> <OutPorts = 1> <Sync> <CReg>
ST_3 : Operation 749 [1/1] (0.00ns) (grouped into DSP with root node add_ln162_34)   --->   "%sext_ln162_58 = sext i15 %mul_ln162_90" [cnn_hls.cpp:162]   --->   Operation 749 'sext' 'sext_ln162_58' <Predicate = true> <Delay = 0.00>
ST_3 : Operation 750 [1/1] (4.17ns)   --->   "%mul_ln162_91 = mul i15 %select_ln161_28, i15 %zext_ln161_36_cast" [cnn_hls.cpp:162]   --->   Operation 750 'mul' 'mul_ln162_91' <Predicate = true> <Delay = 4.17> <CoreInst = "Multiplier">   --->   Core 3 'Multiplier' <Latency = 0> <II = 1> <Delay = 4.17> <FuncUnit> <Opcode : 'mul'> <InPorts = 2> <OutPorts = 1>
ST_3 : Operation 751 [1/1] (0.00ns)   --->   "%sext_ln162_59 = sext i15 %mul_ln162_91" [cnn_hls.cpp:162]   --->   Operation 751 'sext' 'sext_ln162_59' <Predicate = true> <Delay = 0.00>
ST_3 : Operation 752 [2/3] (1.05ns) (grouped into DSP with root node add_ln162_35)   --->   "%mul_ln162_92 = mul i12 %select_ln161_27, i12 %zext_ln161_35_cast" [cnn_hls.cpp:162]   --->   Operation 752 'mul' 'mul_ln162_92' <Predicate = true> <Delay = 1.05> <CoreInst = "DSP48">   --->   Core 116 'DSP48' <Latency = 3> <II = 1> <Delay = 2.15> <IPBlock> <Opcode : 'add' 'sub' 'mul' 'select'> <InPorts = 0> <OutPorts = 1> <Sync> <CReg>
ST_3 : Operation 753 [2/3] (1.05ns) (grouped into DSP with root node add_ln162_30)   --->   "%mul_ln162_93 = mul i14 %select_ln161_26, i14 %zext_ln161_34_cast" [cnn_hls.cpp:162]   --->   Operation 753 'mul' 'mul_ln162_93' <Predicate = true> <Delay = 1.05> <CoreInst = "DSP48">   --->   Core 116 'DSP48' <Latency = 3> <II = 1> <Delay = 2.15> <IPBlock> <Opcode : 'add' 'sub' 'mul' 'select'> <InPorts = 0> <OutPorts = 1> <Sync> <CReg>
ST_3 : Operation 754 [1/3] (0.00ns) (grouped into DSP with root node add_ln162_28)   --->   "%mul_ln162_96 = mul i15 %select_ln161_23, i15 %zext_ln161_31_cast" [cnn_hls.cpp:162]   --->   Operation 754 'mul' 'mul_ln162_96' <Predicate = true> <Delay = 0.00> <CoreInst = "DSP48">   --->   Core 116 'DSP48' <Latency = 3> <II = 1> <Delay = 2.15> <IPBlock> <Opcode : 'add' 'sub' 'mul' 'select'> <InPorts = 0> <OutPorts = 1> <Sync> <CReg>
ST_3 : Operation 755 [1/1] (0.00ns) (grouped into DSP with root node add_ln162_28)   --->   "%sext_ln162_62 = sext i15 %mul_ln162_96" [cnn_hls.cpp:162]   --->   Operation 755 'sext' 'sext_ln162_62' <Predicate = true> <Delay = 0.00>
ST_3 : Operation 756 [1/1] (4.17ns)   --->   "%mul_ln162_200 = mul i15 %zext_ln161_30_cast, i15 126" [cnn_hls.cpp:162]   --->   Operation 756 'mul' 'mul_ln162_200' <Predicate = (icmp_ln158)> <Delay = 4.17> <CoreInst = "Multiplier">   --->   Core 3 'Multiplier' <Latency = 0> <II = 1> <Delay = 4.17> <FuncUnit> <Opcode : 'mul'> <InPorts = 2> <OutPorts = 1>
ST_3 : Operation 757 [1/1] (4.17ns)   --->   "%mul_ln162_201 = mul i15 %zext_ln161_30_cast, i15 32640" [cnn_hls.cpp:162]   --->   Operation 757 'mul' 'mul_ln162_201' <Predicate = (!icmp_ln158)> <Delay = 4.17> <CoreInst = "Multiplier">   --->   Core 3 'Multiplier' <Latency = 0> <II = 1> <Delay = 4.17> <FuncUnit> <Opcode : 'mul'> <InPorts = 2> <OutPorts = 1>
ST_3 : Operation 758 [1/1] (0.75ns)   --->   "%select_ln162_12 = select i1 %icmp_ln158, i15 %mul_ln162_200, i15 %mul_ln162_201" [cnn_hls.cpp:162]   --->   Operation 758 'select' 'select_ln162_12' <Predicate = true> <Delay = 0.75> <CoreInst = "Sel">   --->   Core 73 'Sel' <Latency = 0> <II = 1> <Delay = 0.75> <FuncUnit> <Opcode : 'select'> <InPorts = 3> <OutPorts = 1>
ST_3 : Operation 759 [1/1] (0.00ns)   --->   "%sext_ln162_63 = sext i15 %select_ln162_12" [cnn_hls.cpp:162]   --->   Operation 759 'sext' 'sext_ln162_63' <Predicate = true> <Delay = 0.00>
ST_3 : Operation 760 [2/3] (1.05ns) (grouped into DSP with root node add_ln162_29)   --->   "%mul_ln162_98 = mul i15 %select_ln161_22, i15 %zext_ln161_29_cast" [cnn_hls.cpp:162]   --->   Operation 760 'mul' 'mul_ln162_98' <Predicate = true> <Delay = 1.05> <CoreInst = "DSP48">   --->   Core 116 'DSP48' <Latency = 3> <II = 1> <Delay = 2.15> <IPBlock> <Opcode : 'add' 'sub' 'mul' 'select'> <InPorts = 0> <OutPorts = 1> <Sync> <CReg>
ST_3 : Operation 761 [1/1] (4.17ns)   --->   "%mul_ln162_99 = mul i15 %select_ln161_21, i15 %zext_ln161_28_cast" [cnn_hls.cpp:162]   --->   Operation 761 'mul' 'mul_ln162_99' <Predicate = true> <Delay = 4.17> <CoreInst = "Multiplier">   --->   Core 3 'Multiplier' <Latency = 0> <II = 1> <Delay = 4.17> <FuncUnit> <Opcode : 'mul'> <InPorts = 2> <OutPorts = 1>
ST_3 : Operation 762 [1/3] (0.00ns) (grouped into DSP with root node add_ln162_25)   --->   "%mul_ln162_100 = mul i14 %select_ln161_20, i14 %zext_ln161_27_cast" [cnn_hls.cpp:162]   --->   Operation 762 'mul' 'mul_ln162_100' <Predicate = true> <Delay = 0.00> <CoreInst = "DSP48">   --->   Core 116 'DSP48' <Latency = 3> <II = 1> <Delay = 2.15> <IPBlock> <Opcode : 'add' 'sub' 'mul' 'select'> <InPorts = 0> <OutPorts = 1> <Sync> <CReg>
ST_3 : Operation 763 [1/1] (0.00ns) (grouped into DSP with root node add_ln162_25)   --->   "%sext_ln162_65 = sext i14 %mul_ln162_100" [cnn_hls.cpp:162]   --->   Operation 763 'sext' 'sext_ln162_65' <Predicate = true> <Delay = 0.00>
ST_3 : Operation 764 [2/3] (1.05ns) (grouped into DSP with root node add_ln162_26)   --->   "%mul_ln162_101 = mul i13 %select_ln161_19, i13 %zext_ln161_26_cast" [cnn_hls.cpp:162]   --->   Operation 764 'mul' 'mul_ln162_101' <Predicate = true> <Delay = 1.05> <CoreInst = "DSP48">   --->   Core 116 'DSP48' <Latency = 3> <II = 1> <Delay = 2.15> <IPBlock> <Opcode : 'add' 'sub' 'mul' 'select'> <InPorts = 0> <OutPorts = 1> <Sync> <CReg>
ST_3 : Operation 765 [1/3] (0.00ns) (grouped into DSP with root node add_ln162_18)   --->   "%mul_ln162_105 = mul i11 %select_ln161_15, i11 %zext_ln161_22_cast" [cnn_hls.cpp:162]   --->   Operation 765 'mul' 'mul_ln162_105' <Predicate = true> <Delay = 0.00> <CoreInst = "DSP48">   --->   Core 116 'DSP48' <Latency = 3> <II = 1> <Delay = 2.15> <IPBlock> <Opcode : 'add' 'sub' 'mul' 'select'> <InPorts = 0> <OutPorts = 1> <Sync> <CReg>
ST_3 : Operation 766 [1/1] (0.00ns) (grouped into DSP with root node add_ln162_18)   --->   "%sext_ln162_67 = sext i11 %mul_ln162_105" [cnn_hls.cpp:162]   --->   Operation 766 'sext' 'sext_ln162_67' <Predicate = true> <Delay = 0.00>
ST_3 : Operation 767 [1/1] (4.17ns)   --->   "%mul_ln162_106 = mul i14 %select_ln161_14, i14 %zext_ln161_21_cast" [cnn_hls.cpp:162]   --->   Operation 767 'mul' 'mul_ln162_106' <Predicate = true> <Delay = 4.17> <CoreInst = "Multiplier">   --->   Core 3 'Multiplier' <Latency = 0> <II = 1> <Delay = 4.17> <FuncUnit> <Opcode : 'mul'> <InPorts = 2> <OutPorts = 1>
ST_3 : Operation 768 [1/1] (0.00ns)   --->   "%zext_ln162_25 = zext i14 %mul_ln162_106" [cnn_hls.cpp:162]   --->   Operation 768 'zext' 'zext_ln162_25' <Predicate = true> <Delay = 0.00>
ST_3 : Operation 769 [2/3] (1.05ns) (grouped into DSP with root node add_ln162_19)   --->   "%mul_ln162_107 = mul i15 %select_ln161_13, i15 %zext_ln161_20_cast" [cnn_hls.cpp:162]   --->   Operation 769 'mul' 'mul_ln162_107' <Predicate = true> <Delay = 1.05> <CoreInst = "DSP48">   --->   Core 116 'DSP48' <Latency = 3> <II = 1> <Delay = 2.15> <IPBlock> <Opcode : 'add' 'sub' 'mul' 'select'> <InPorts = 0> <OutPorts = 1> <Sync> <CReg>
ST_3 : Operation 770 [2/3] (1.05ns) (grouped into DSP with root node add_ln162_16)   --->   "%mul_ln162_108 = mul i14 %select_ln161_12, i14 %zext_ln161_19_cast" [cnn_hls.cpp:162]   --->   Operation 770 'mul' 'mul_ln162_108' <Predicate = true> <Delay = 1.05> <CoreInst = "DSP48">   --->   Core 116 'DSP48' <Latency = 3> <II = 1> <Delay = 2.15> <IPBlock> <Opcode : 'add' 'sub' 'mul' 'select'> <InPorts = 0> <OutPorts = 1> <Sync> <CReg>
ST_3 : Operation 771 [1/3] (0.00ns) (grouped into DSP with root node add_ln162_11)   --->   "%mul_ln162_114 = mul i15 %select_ln161_8, i15 %zext_ln161_13_cast" [cnn_hls.cpp:162]   --->   Operation 771 'mul' 'mul_ln162_114' <Predicate = true> <Delay = 0.00> <CoreInst = "DSP48">   --->   Core 116 'DSP48' <Latency = 3> <II = 1> <Delay = 2.15> <IPBlock> <Opcode : 'add' 'sub' 'mul' 'select'> <InPorts = 0> <OutPorts = 1> <Sync> <CReg>
ST_3 : Operation 772 [1/1] (3.74ns)   --->   "%mul_ln162_204 = mul i13 %zext_ln161_12_cast, i13 8176" [cnn_hls.cpp:162]   --->   Operation 772 'mul' 'mul_ln162_204' <Predicate = (icmp_ln158)> <Delay = 3.74> <CoreInst = "Multiplier">   --->   Core 3 'Multiplier' <Latency = 0> <II = 1> <Delay = 3.74> <FuncUnit> <Opcode : 'mul'> <InPorts = 2> <OutPorts = 1>
ST_3 : Operation 773 [1/1] (3.74ns)   --->   "%mul_ln162_205 = mul i13 %zext_ln161_12_cast, i13 24" [cnn_hls.cpp:162]   --->   Operation 773 'mul' 'mul_ln162_205' <Predicate = (!icmp_ln158)> <Delay = 3.74> <CoreInst = "Multiplier">   --->   Core 3 'Multiplier' <Latency = 0> <II = 1> <Delay = 3.74> <FuncUnit> <Opcode : 'mul'> <InPorts = 2> <OutPorts = 1>
ST_3 : Operation 774 [1/1] (0.69ns)   --->   "%select_ln162_17 = select i1 %icmp_ln158, i13 %mul_ln162_204, i13 %mul_ln162_205" [cnn_hls.cpp:162]   --->   Operation 774 'select' 'select_ln162_17' <Predicate = true> <Delay = 0.69> <CoreInst = "Sel">   --->   Core 73 'Sel' <Latency = 0> <II = 1> <Delay = 0.69> <FuncUnit> <Opcode : 'select'> <InPorts = 3> <OutPorts = 1>
ST_3 : Operation 775 [1/1] (0.00ns)   --->   "%sext_ln162_72 = sext i13 %select_ln162_17" [cnn_hls.cpp:162]   --->   Operation 775 'sext' 'sext_ln162_72' <Predicate = true> <Delay = 0.00>
ST_3 : Operation 776 [2/3] (1.05ns) (grouped into DSP with root node add_ln162_12)   --->   "%mul_ln162_116 = mul i13 %select_ln161_7, i13 %zext_ln161_11_cast" [cnn_hls.cpp:162]   --->   Operation 776 'mul' 'mul_ln162_116' <Predicate = true> <Delay = 1.05> <CoreInst = "DSP48">   --->   Core 116 'DSP48' <Latency = 3> <II = 1> <Delay = 2.15> <IPBlock> <Opcode : 'add' 'sub' 'mul' 'select'> <InPorts = 0> <OutPorts = 1> <Sync> <CReg>
ST_3 : Operation 777 [1/1] (3.74ns)   --->   "%mul_ln162_117 = mul i14 %select_ln161_6, i14 %zext_ln161_10_cast" [cnn_hls.cpp:162]   --->   Operation 777 'mul' 'mul_ln162_117' <Predicate = true> <Delay = 3.74> <CoreInst = "Multiplier">   --->   Core 3 'Multiplier' <Latency = 0> <II = 1> <Delay = 3.74> <FuncUnit> <Opcode : 'mul'> <InPorts = 2> <OutPorts = 1>
ST_3 : Operation 778 [1/3] (0.00ns) (grouped into DSP with root node add_ln162_7)   --->   "%mul_ln162_118 = mul i11 %select_ln161_5, i11 %zext_ln161_9_cast" [cnn_hls.cpp:162]   --->   Operation 778 'mul' 'mul_ln162_118' <Predicate = true> <Delay = 0.00> <CoreInst = "DSP48">   --->   Core 116 'DSP48' <Latency = 3> <II = 1> <Delay = 2.15> <IPBlock> <Opcode : 'add' 'sub' 'mul' 'select'> <InPorts = 0> <OutPorts = 1> <Sync> <CReg>
ST_3 : Operation 779 [1/1] (0.00ns) (grouped into DSP with root node add_ln162_7)   --->   "%sext_ln162_74 = sext i11 %mul_ln162_118" [cnn_hls.cpp:162]   --->   Operation 779 'sext' 'sext_ln162_74' <Predicate = true> <Delay = 0.00>
ST_3 : Operation 780 [1/1] (4.17ns)   --->   "%mul_ln162_120 = mul i15 %select_ln161_4, i15 %zext_ln161_7_cast" [cnn_hls.cpp:162]   --->   Operation 780 'mul' 'mul_ln162_120' <Predicate = true> <Delay = 4.17> <CoreInst = "Multiplier">   --->   Core 3 'Multiplier' <Latency = 0> <II = 1> <Delay = 4.17> <FuncUnit> <Opcode : 'mul'> <InPorts = 2> <OutPorts = 1>
ST_3 : Operation 781 [1/1] (0.00ns)   --->   "%sext_ln162_76 = sext i15 %mul_ln162_120" [cnn_hls.cpp:162]   --->   Operation 781 'sext' 'sext_ln162_76' <Predicate = true> <Delay = 0.00>
ST_3 : Operation 782 [1/3] (0.00ns) (grouped into DSP with root node add_ln162_5)   --->   "%mul_ln162_121 = mul i14 %select_ln161_3, i14 %zext_ln161_6_cast" [cnn_hls.cpp:162]   --->   Operation 782 'mul' 'mul_ln162_121' <Predicate = true> <Delay = 0.00> <CoreInst = "DSP48">   --->   Core 116 'DSP48' <Latency = 3> <II = 1> <Delay = 2.15> <IPBlock> <Opcode : 'add' 'sub' 'mul' 'select'> <InPorts = 0> <OutPorts = 1> <Sync> <CReg>
ST_3 : Operation 783 [1/1] (0.00ns) (grouped into DSP with root node add_ln162_5)   --->   "%sext_ln162_77 = sext i14 %mul_ln162_121" [cnn_hls.cpp:162]   --->   Operation 783 'sext' 'sext_ln162_77' <Predicate = true> <Delay = 0.00>
ST_3 : Operation 784 [1/1] (3.74ns)   --->   "%mul_ln162_123 = mul i13 %select_ln161_2, i13 %zext_ln161_4_cast" [cnn_hls.cpp:162]   --->   Operation 784 'mul' 'mul_ln162_123' <Predicate = true> <Delay = 3.74> <CoreInst = "Multiplier">   --->   Core 3 'Multiplier' <Latency = 0> <II = 1> <Delay = 3.74> <FuncUnit> <Opcode : 'mul'> <InPorts = 2> <OutPorts = 1>
ST_3 : Operation 785 [1/1] (0.00ns) (grouped into LUT with out node add_ln162_2)   --->   "%zext_ln162_30 = zext i13 %mul_ln162_123" [cnn_hls.cpp:162]   --->   Operation 785 'zext' 'zext_ln162_30' <Predicate = true> <Delay = 0.00>
ST_3 : Operation 786 [1/1] (3.74ns)   --->   "%mul_ln162_206 = mul i14 %zext_ln161_3_cast, i14 16354" [cnn_hls.cpp:162]   --->   Operation 786 'mul' 'mul_ln162_206' <Predicate = (icmp_ln158)> <Delay = 3.74> <CoreInst = "Multiplier">   --->   Core 3 'Multiplier' <Latency = 0> <II = 1> <Delay = 3.74> <FuncUnit> <Opcode : 'mul'> <InPorts = 2> <OutPorts = 1>
ST_3 : Operation 787 [1/1] (3.74ns)   --->   "%mul_ln162_207 = mul i14 %zext_ln161_3_cast, i14 16320" [cnn_hls.cpp:162]   --->   Operation 787 'mul' 'mul_ln162_207' <Predicate = (!icmp_ln158)> <Delay = 3.74> <CoreInst = "Multiplier">   --->   Core 3 'Multiplier' <Latency = 0> <II = 1> <Delay = 3.74> <FuncUnit> <Opcode : 'mul'> <InPorts = 2> <OutPorts = 1>
ST_3 : Operation 788 [1/1] (0.00ns) (grouped into LUT with out node add_ln162_2)   --->   "%select_ln162_19 = select i1 %icmp_ln158, i14 %mul_ln162_206, i14 %mul_ln162_207" [cnn_hls.cpp:162]   --->   Operation 788 'select' 'select_ln162_19' <Predicate = true> <Delay = 0.00> <CoreInst = "Sel">   --->   Core 73 'Sel' <Latency = 0> <II = 1> <Delay = 0.70> <FuncUnit> <Opcode : 'select'> <InPorts = 3> <OutPorts = 1>
ST_3 : Operation 789 [1/3] (0.00ns) (grouped into DSP with root node add_ln162_3)   --->   "%mul_ln162_125 = mul i13 %select_ln161_1, i13 %zext_ln161_2_cast" [cnn_hls.cpp:162]   --->   Operation 789 'mul' 'mul_ln162_125' <Predicate = true> <Delay = 0.00> <CoreInst = "DSP48">   --->   Core 116 'DSP48' <Latency = 3> <II = 1> <Delay = 2.15> <IPBlock> <Opcode : 'add' 'sub' 'mul' 'select'> <InPorts = 0> <OutPorts = 1> <Sync> <CReg>
ST_3 : Operation 790 [1/1] (0.00ns) (grouped into DSP with root node add_ln162_3)   --->   "%sext_ln162_78 = sext i13 %mul_ln162_125" [cnn_hls.cpp:162]   --->   Operation 790 'sext' 'sext_ln162_78' <Predicate = true> <Delay = 0.00>
ST_3 : Operation 791 [1/1] (4.17ns)   --->   "%mul_ln162_128 = mul i14 %select_ln162_1, i14 %zext_ln156_cast" [cnn_hls.cpp:162]   --->   Operation 791 'mul' 'mul_ln162_128' <Predicate = true> <Delay = 4.17> <CoreInst = "Multiplier">   --->   Core 3 'Multiplier' <Latency = 0> <II = 1> <Delay = 4.17> <FuncUnit> <Opcode : 'mul'> <InPorts = 2> <OutPorts = 1>
ST_3 : Operation 792 [1/1] (0.00ns)   --->   "%zext_ln162_32 = zext i14 %mul_ln162_128" [cnn_hls.cpp:162]   --->   Operation 792 'zext' 'zext_ln162_32' <Predicate = true> <Delay = 0.00>
ST_3 : Operation 793 [1/3] (0.00ns) (grouped into DSP with root node add_ln162_183)   --->   "%mul_ln162_129 = mul i13 %select_ln162, i13 %zext_ln161_190_cast" [cnn_hls.cpp:162]   --->   Operation 793 'mul' 'mul_ln162_129' <Predicate = true> <Delay = 0.00> <CoreInst = "DSP48">   --->   Core 116 'DSP48' <Latency = 3> <II = 1> <Delay = 2.15> <IPBlock> <Opcode : 'add' 'sub' 'mul' 'select'> <InPorts = 0> <OutPorts = 1> <Sync> <CReg>
ST_3 : Operation 794 [1/1] (0.00ns) (grouped into DSP with root node add_ln162_183)   --->   "%sext_ln162_82 = sext i13 %mul_ln162_129" [cnn_hls.cpp:162]   --->   Operation 794 'sext' 'sext_ln162_82' <Predicate = true> <Delay = 0.00>
ST_3 : Operation 795 [2/3] (1.05ns) (grouped into DSP with root node add_ln162_184)   --->   "%mul_ln162_130 = mul i14 %select_ln161_158, i14 %zext_ln161_189_cast" [cnn_hls.cpp:162]   --->   Operation 795 'mul' 'mul_ln162_130' <Predicate = true> <Delay = 1.05> <CoreInst = "DSP48">   --->   Core 116 'DSP48' <Latency = 3> <II = 1> <Delay = 2.15> <IPBlock> <Opcode : 'add' 'sub' 'mul' 'select'> <InPorts = 0> <OutPorts = 1> <Sync> <CReg>
ST_3 : Operation 796 [1/1] (4.17ns)   --->   "%mul_ln162_131 = mul i14 %zext_ln161_188_cast, i14 125" [cnn_hls.cpp:162]   --->   Operation 796 'mul' 'mul_ln162_131' <Predicate = (icmp_ln158)> <Delay = 4.17> <CoreInst = "Multiplier">   --->   Core 3 'Multiplier' <Latency = 0> <II = 1> <Delay = 4.17> <FuncUnit> <Opcode : 'mul'> <InPorts = 2> <OutPorts = 1>
ST_3 : Operation 797 [1/1] (0.70ns)   --->   "%select_ln162_20 = select i1 %icmp_ln158, i14 %mul_ln162_131, i14 0" [cnn_hls.cpp:162]   --->   Operation 797 'select' 'select_ln162_20' <Predicate = true> <Delay = 0.70> <CoreInst = "Sel">   --->   Core 73 'Sel' <Latency = 0> <II = 1> <Delay = 0.70> <FuncUnit> <Opcode : 'select'> <InPorts = 3> <OutPorts = 1>
ST_3 : Operation 798 [1/1] (0.00ns)   --->   "%zext_ln162_33 = zext i14 %select_ln162_20" [cnn_hls.cpp:162]   --->   Operation 798 'zext' 'zext_ln162_33' <Predicate = true> <Delay = 0.00>
ST_3 : Operation 799 [1/3] (0.00ns) (grouped into DSP with root node add_ln162_181)   --->   "%mul_ln162_132 = mul i15 %select_ln161_157, i15 %zext_ln161_187_cast" [cnn_hls.cpp:162]   --->   Operation 799 'mul' 'mul_ln162_132' <Predicate = true> <Delay = 0.00> <CoreInst = "DSP48">   --->   Core 116 'DSP48' <Latency = 3> <II = 1> <Delay = 2.15> <IPBlock> <Opcode : 'add' 'sub' 'mul' 'select'> <InPorts = 0> <OutPorts = 1> <Sync> <CReg>
ST_3 : Operation 800 [1/1] (0.00ns) (grouped into DSP with root node add_ln162_181)   --->   "%sext_ln162_84 = sext i15 %mul_ln162_132" [cnn_hls.cpp:162]   --->   Operation 800 'sext' 'sext_ln162_84' <Predicate = true> <Delay = 0.00>
ST_3 : Operation 801 [2/3] (1.05ns) (grouped into DSP with root node add_ln162_182)   --->   "%mul_ln162_133 = mul i14 %select_ln161_156, i14 %zext_ln161_186_cast" [cnn_hls.cpp:162]   --->   Operation 801 'mul' 'mul_ln162_133' <Predicate = true> <Delay = 1.05> <CoreInst = "DSP48">   --->   Core 116 'DSP48' <Latency = 3> <II = 1> <Delay = 2.15> <IPBlock> <Opcode : 'add' 'sub' 'mul' 'select'> <InPorts = 0> <OutPorts = 1> <Sync> <CReg>
ST_3 : Operation 802 [2/3] (1.05ns) (grouped into DSP with root node add_ln162_178)   --->   "%mul_ln162_134 = mul i15 %select_ln161_155, i15 %zext_ln161_185_cast" [cnn_hls.cpp:162]   --->   Operation 802 'mul' 'mul_ln162_134' <Predicate = true> <Delay = 1.05> <CoreInst = "DSP48">   --->   Core 116 'DSP48' <Latency = 3> <II = 1> <Delay = 2.15> <IPBlock> <Opcode : 'add' 'sub' 'mul' 'select'> <InPorts = 0> <OutPorts = 1> <Sync> <CReg>
ST_3 : Operation 803 [1/1] (4.17ns)   --->   "%mul_ln162_137 = mul i14 %select_ln161_154, i14 %zext_ln161_182_cast" [cnn_hls.cpp:162]   --->   Operation 803 'mul' 'mul_ln162_137' <Predicate = true> <Delay = 4.17> <CoreInst = "Multiplier">   --->   Core 3 'Multiplier' <Latency = 0> <II = 1> <Delay = 4.17> <FuncUnit> <Opcode : 'mul'> <InPorts = 2> <OutPorts = 1>
ST_3 : Operation 804 [1/1] (0.00ns)   --->   "%zext_ln162_34 = zext i14 %mul_ln162_137" [cnn_hls.cpp:162]   --->   Operation 804 'zext' 'zext_ln162_34' <Predicate = true> <Delay = 0.00>
ST_3 : Operation 805 [1/3] (0.00ns) (grouped into DSP with root node add_ln162_176)   --->   "%mul_ln162_138 = mul i13 %select_ln161_153, i13 %zext_ln161_181_cast" [cnn_hls.cpp:162]   --->   Operation 805 'mul' 'mul_ln162_138' <Predicate = true> <Delay = 0.00> <CoreInst = "DSP48">   --->   Core 116 'DSP48' <Latency = 3> <II = 1> <Delay = 2.15> <IPBlock> <Opcode : 'add' 'sub' 'mul' 'select'> <InPorts = 0> <OutPorts = 1> <Sync> <CReg>
ST_3 : Operation 806 [1/1] (0.00ns) (grouped into DSP with root node add_ln162_176)   --->   "%sext_ln162_87 = sext i13 %mul_ln162_138" [cnn_hls.cpp:162]   --->   Operation 806 'sext' 'sext_ln162_87' <Predicate = true> <Delay = 0.00>
ST_3 : Operation 807 [2/3] (1.05ns) (grouped into DSP with root node add_ln162_177)   --->   "%mul_ln162_139 = mul i14 %select_ln161_152, i14 %zext_ln161_180_cast" [cnn_hls.cpp:162]   --->   Operation 807 'mul' 'mul_ln162_139' <Predicate = true> <Delay = 1.05> <CoreInst = "DSP48">   --->   Core 116 'DSP48' <Latency = 3> <II = 1> <Delay = 2.15> <IPBlock> <Opcode : 'add' 'sub' 'mul' 'select'> <InPorts = 0> <OutPorts = 1> <Sync> <CReg>
ST_3 : Operation 808 [1/1] (3.74ns)   --->   "%mul_ln162_140 = mul i14 %select_ln161_151, i14 %zext_ln161_179_cast" [cnn_hls.cpp:162]   --->   Operation 808 'mul' 'mul_ln162_140' <Predicate = true> <Delay = 3.74> <CoreInst = "Multiplier">   --->   Core 3 'Multiplier' <Latency = 0> <II = 1> <Delay = 3.74> <FuncUnit> <Opcode : 'mul'> <InPorts = 2> <OutPorts = 1>
ST_3 : Operation 809 [1/3] (0.00ns) (grouped into DSP with root node add_ln162_172)   --->   "%mul_ln162_141 = mul i13 %select_ln161_150, i13 %zext_ln161_178_cast" [cnn_hls.cpp:162]   --->   Operation 809 'mul' 'mul_ln162_141' <Predicate = true> <Delay = 0.00> <CoreInst = "DSP48">   --->   Core 116 'DSP48' <Latency = 3> <II = 1> <Delay = 2.15> <IPBlock> <Opcode : 'add' 'sub' 'mul' 'select'> <InPorts = 0> <OutPorts = 1> <Sync> <CReg>
ST_3 : Operation 810 [1/1] (0.00ns) (grouped into DSP with root node add_ln162_172)   --->   "%sext_ln162_89 = sext i13 %mul_ln162_141" [cnn_hls.cpp:162]   --->   Operation 810 'sext' 'sext_ln162_89' <Predicate = true> <Delay = 0.00>
ST_3 : Operation 811 [2/3] (1.05ns) (grouped into DSP with root node add_ln162_173)   --->   "%mul_ln162_142 = mul i15 %select_ln161_149, i15 %zext_ln161_177_cast" [cnn_hls.cpp:162]   --->   Operation 811 'mul' 'mul_ln162_142' <Predicate = true> <Delay = 1.05> <CoreInst = "DSP48">   --->   Core 116 'DSP48' <Latency = 3> <II = 1> <Delay = 2.15> <IPBlock> <Opcode : 'add' 'sub' 'mul' 'select'> <InPorts = 0> <OutPorts = 1> <Sync> <CReg>
ST_3 : Operation 812 [1/3] (0.00ns) (grouped into DSP with root node add_ln162_170)   --->   "%mul_ln162_143 = mul i14 %select_ln161_148, i14 %zext_ln161_176_cast" [cnn_hls.cpp:162]   --->   Operation 812 'mul' 'mul_ln162_143' <Predicate = true> <Delay = 0.00> <CoreInst = "DSP48">   --->   Core 116 'DSP48' <Latency = 3> <II = 1> <Delay = 2.15> <IPBlock> <Opcode : 'add' 'sub' 'mul' 'select'> <InPorts = 0> <OutPorts = 1> <Sync> <CReg>
ST_3 : Operation 813 [1/1] (0.00ns) (grouped into DSP with root node add_ln162_170)   --->   "%sext_ln162_91 = sext i14 %mul_ln162_143" [cnn_hls.cpp:162]   --->   Operation 813 'sext' 'sext_ln162_91' <Predicate = true> <Delay = 0.00>
ST_3 : Operation 814 [1/1] (4.17ns)   --->   "%mul_ln162_144 = mul i15 %select_ln161_147, i15 %zext_ln161_175_cast" [cnn_hls.cpp:162]   --->   Operation 814 'mul' 'mul_ln162_144' <Predicate = true> <Delay = 4.17> <CoreInst = "Multiplier">   --->   Core 3 'Multiplier' <Latency = 0> <II = 1> <Delay = 4.17> <FuncUnit> <Opcode : 'mul'> <InPorts = 2> <OutPorts = 1>
ST_3 : Operation 815 [1/1] (0.00ns)   --->   "%sext_ln162_92 = sext i15 %mul_ln162_144" [cnn_hls.cpp:162]   --->   Operation 815 'sext' 'sext_ln162_92' <Predicate = true> <Delay = 0.00>
ST_3 : Operation 816 [2/3] (1.05ns) (grouped into DSP with root node add_ln162_171)   --->   "%mul_ln162_145 = mul i14 %select_ln161_146, i14 %zext_ln161_174_cast" [cnn_hls.cpp:162]   --->   Operation 816 'mul' 'mul_ln162_145' <Predicate = true> <Delay = 1.05> <CoreInst = "DSP48">   --->   Core 116 'DSP48' <Latency = 3> <II = 1> <Delay = 2.15> <IPBlock> <Opcode : 'add' 'sub' 'mul' 'select'> <InPorts = 0> <OutPorts = 1> <Sync> <CReg>
ST_3 : Operation 817 [1/3] (0.00ns) (grouped into DSP with root node add_ln162_167)   --->   "%mul_ln162_146 = mul i14 %select_ln161_145, i14 %zext_ln161_173_cast" [cnn_hls.cpp:162]   --->   Operation 817 'mul' 'mul_ln162_146' <Predicate = true> <Delay = 0.00> <CoreInst = "DSP48">   --->   Core 116 'DSP48' <Latency = 3> <II = 1> <Delay = 2.15> <IPBlock> <Opcode : 'add' 'sub' 'mul' 'select'> <InPorts = 0> <OutPorts = 1> <Sync> <CReg>
ST_3 : Operation 818 [1/1] (0.00ns) (grouped into DSP with root node add_ln162_167)   --->   "%sext_ln162_94 = sext i14 %mul_ln162_146" [cnn_hls.cpp:162]   --->   Operation 818 'sext' 'sext_ln162_94' <Predicate = true> <Delay = 0.00>
ST_3 : Operation 819 [1/1] (4.17ns)   --->   "%mul_ln162_147 = mul i15 %select_ln161_144, i15 %zext_ln161_172_cast" [cnn_hls.cpp:162]   --->   Operation 819 'mul' 'mul_ln162_147' <Predicate = true> <Delay = 4.17> <CoreInst = "Multiplier">   --->   Core 3 'Multiplier' <Latency = 0> <II = 1> <Delay = 4.17> <FuncUnit> <Opcode : 'mul'> <InPorts = 2> <OutPorts = 1>
ST_3 : Operation 820 [2/3] (1.05ns) (grouped into DSP with root node add_ln162_168)   --->   "%mul_ln162_148 = mul i15 %select_ln161_143, i15 %zext_ln161_171_cast" [cnn_hls.cpp:162]   --->   Operation 820 'mul' 'mul_ln162_148' <Predicate = true> <Delay = 1.05> <CoreInst = "DSP48">   --->   Core 116 'DSP48' <Latency = 3> <II = 1> <Delay = 2.15> <IPBlock> <Opcode : 'add' 'sub' 'mul' 'select'> <InPorts = 0> <OutPorts = 1> <Sync> <CReg>
ST_3 : Operation 821 [1/1] (1.87ns)   --->   "%sub_ln162 = sub i8 0, i8 %zext_ln161_170_cast" [cnn_hls.cpp:162]   --->   Operation 821 'sub' 'sub_ln162' <Predicate = (icmp_ln158)> <Delay = 1.87> <CoreInst = "Adder">   --->   Core 1 'Adder' <Latency = 0> <II = 1> <Delay = 1.87> <FuncUnit> <Opcode : 'add' 'sub'> <InPorts = 2> <OutPorts = 1>
ST_3 : Operation 822 [1/1] (0.00ns)   --->   "%sext_ln162_96 = sext i8 %sub_ln162" [cnn_hls.cpp:162]   --->   Operation 822 'sext' 'sext_ln162_96' <Predicate = (icmp_ln158)> <Delay = 0.00>
ST_3 : Operation 823 [1/1] (3.74ns)   --->   "%mul_ln162_149 = mul i12 %zext_ln161_169_cast, i12 26" [cnn_hls.cpp:162]   --->   Operation 823 'mul' 'mul_ln162_149' <Predicate = (!icmp_ln158)> <Delay = 3.74> <CoreInst = "Multiplier">   --->   Core 3 'Multiplier' <Latency = 0> <II = 1> <Delay = 3.74> <FuncUnit> <Opcode : 'mul'> <InPorts = 2> <OutPorts = 1>
ST_3 : Operation 824 [1/1] (0.00ns)   --->   "%zext_ln162_35 = zext i12 %mul_ln162_149" [cnn_hls.cpp:162]   --->   Operation 824 'zext' 'zext_ln162_35' <Predicate = (!icmp_ln158)> <Delay = 0.00>
ST_3 : Operation 825 [1/1] (0.69ns)   --->   "%select_ln162_23 = select i1 %icmp_ln158, i13 %sext_ln162_96, i13 %zext_ln162_35" [cnn_hls.cpp:162]   --->   Operation 825 'select' 'select_ln162_23' <Predicate = true> <Delay = 0.69> <CoreInst = "Sel">   --->   Core 73 'Sel' <Latency = 0> <II = 1> <Delay = 0.69> <FuncUnit> <Opcode : 'select'> <InPorts = 3> <OutPorts = 1>
ST_3 : Operation 826 [1/1] (0.00ns)   --->   "%sext_ln162_97 = sext i13 %select_ln162_23" [cnn_hls.cpp:162]   --->   Operation 826 'sext' 'sext_ln162_97' <Predicate = true> <Delay = 0.00>
ST_3 : Operation 827 [1/3] (0.00ns) (grouped into DSP with root node add_ln162_165)   --->   "%mul_ln162_150 = mul i15 %select_ln161_142, i15 %zext_ln161_168_cast" [cnn_hls.cpp:162]   --->   Operation 827 'mul' 'mul_ln162_150' <Predicate = true> <Delay = 0.00> <CoreInst = "DSP48">   --->   Core 116 'DSP48' <Latency = 3> <II = 1> <Delay = 2.15> <IPBlock> <Opcode : 'add' 'sub' 'mul' 'select'> <InPorts = 0> <OutPorts = 1> <Sync> <CReg>
ST_3 : Operation 828 [1/1] (4.17ns)   --->   "%mul_ln162_152 = mul i15 %select_ln161_140, i15 %zext_ln161_166_cast" [cnn_hls.cpp:162]   --->   Operation 828 'mul' 'mul_ln162_152' <Predicate = true> <Delay = 4.17> <CoreInst = "Multiplier">   --->   Core 3 'Multiplier' <Latency = 0> <II = 1> <Delay = 4.17> <FuncUnit> <Opcode : 'mul'> <InPorts = 2> <OutPorts = 1>
ST_3 : Operation 829 [1/3] (0.00ns) (grouped into DSP with root node add_ln162_160)   --->   "%mul_ln162_153 = mul i13 %select_ln161_139, i13 %zext_ln161_165_cast" [cnn_hls.cpp:162]   --->   Operation 829 'mul' 'mul_ln162_153' <Predicate = true> <Delay = 0.00> <CoreInst = "DSP48">   --->   Core 116 'DSP48' <Latency = 3> <II = 1> <Delay = 2.15> <IPBlock> <Opcode : 'add' 'sub' 'mul' 'select'> <InPorts = 0> <OutPorts = 1> <Sync> <CReg>
ST_3 : Operation 830 [1/1] (0.00ns) (grouped into DSP with root node add_ln162_160)   --->   "%sext_ln162_98 = sext i13 %mul_ln162_153" [cnn_hls.cpp:162]   --->   Operation 830 'sext' 'sext_ln162_98' <Predicate = true> <Delay = 0.00>
ST_3 : Operation 831 [1/1] (3.74ns)   --->   "%mul_ln162_214 = mul i14 %zext_ln161_160_cast, i14 16320" [cnn_hls.cpp:162]   --->   Operation 831 'mul' 'mul_ln162_214' <Predicate = (icmp_ln158)> <Delay = 3.74> <CoreInst = "Multiplier">   --->   Core 3 'Multiplier' <Latency = 0> <II = 1> <Delay = 3.74> <FuncUnit> <Opcode : 'mul'> <InPorts = 2> <OutPorts = 1>
ST_3 : Operation 832 [1/1] (3.74ns)   --->   "%mul_ln162_215 = mul i14 %zext_ln161_160_cast, i14 56" [cnn_hls.cpp:162]   --->   Operation 832 'mul' 'mul_ln162_215' <Predicate = (!icmp_ln158)> <Delay = 3.74> <CoreInst = "Multiplier">   --->   Core 3 'Multiplier' <Latency = 0> <II = 1> <Delay = 3.74> <FuncUnit> <Opcode : 'mul'> <InPorts = 2> <OutPorts = 1>
ST_3 : Operation 833 [1/1] (0.70ns)   --->   "%select_ln162_25 = select i1 %icmp_ln158, i14 %mul_ln162_214, i14 %mul_ln162_215" [cnn_hls.cpp:162]   --->   Operation 833 'select' 'select_ln162_25' <Predicate = true> <Delay = 0.70> <CoreInst = "Sel">   --->   Core 73 'Sel' <Latency = 0> <II = 1> <Delay = 0.70> <FuncUnit> <Opcode : 'select'> <InPorts = 3> <OutPorts = 1>
ST_3 : Operation 834 [1/1] (0.00ns)   --->   "%sext_ln162_99 = sext i14 %select_ln162_25" [cnn_hls.cpp:162]   --->   Operation 834 'sext' 'sext_ln162_99' <Predicate = true> <Delay = 0.00>
ST_3 : Operation 835 [1/3] (0.00ns) (grouped into DSP with root node add_ln162_155)   --->   "%mul_ln162_159 = mul i14 %select_ln161_134, i14 %zext_ln161_159_cast" [cnn_hls.cpp:162]   --->   Operation 835 'mul' 'mul_ln162_159' <Predicate = true> <Delay = 0.00> <CoreInst = "DSP48">   --->   Core 116 'DSP48' <Latency = 3> <II = 1> <Delay = 2.15> <IPBlock> <Opcode : 'add' 'sub' 'mul' 'select'> <InPorts = 0> <OutPorts = 1> <Sync> <CReg>
ST_3 : Operation 836 [1/1] (0.00ns) (grouped into DSP with root node add_ln162_155)   --->   "%sext_ln162_100 = sext i14 %mul_ln162_159" [cnn_hls.cpp:162]   --->   Operation 836 'sext' 'sext_ln162_100' <Predicate = true> <Delay = 0.00>
ST_3 : Operation 837 [2/3] (1.05ns) (grouped into DSP with root node add_ln162_156)   --->   "%mul_ln162_160 = mul i12 %zext_ln161_158_cast, i12 23" [cnn_hls.cpp:162]   --->   Operation 837 'mul' 'mul_ln162_160' <Predicate = true> <Delay = 1.05> <CoreInst = "DSP48">   --->   Core 116 'DSP48' <Latency = 3> <II = 1> <Delay = 2.15> <IPBlock> <Opcode : 'add' 'sub' 'mul' 'select'> <InPorts = 0> <OutPorts = 1> <Sync> <CReg>
ST_3 : Operation 838 [1/1] (4.17ns)   --->   "%mul_ln162_161 = mul i15 %select_ln161_133, i15 %zext_ln161_157_cast" [cnn_hls.cpp:162]   --->   Operation 838 'mul' 'mul_ln162_161' <Predicate = true> <Delay = 4.17> <CoreInst = "Multiplier">   --->   Core 3 'Multiplier' <Latency = 0> <II = 1> <Delay = 4.17> <FuncUnit> <Opcode : 'mul'> <InPorts = 2> <OutPorts = 1>
ST_3 : Operation 839 [1/3] (0.00ns) (grouped into DSP with root node add_ln162_153)   --->   "%mul_ln162_162 = mul i13 %select_ln161_132, i13 %zext_ln161_156_cast" [cnn_hls.cpp:162]   --->   Operation 839 'mul' 'mul_ln162_162' <Predicate = true> <Delay = 0.00> <CoreInst = "DSP48">   --->   Core 116 'DSP48' <Latency = 3> <II = 1> <Delay = 2.15> <IPBlock> <Opcode : 'add' 'sub' 'mul' 'select'> <InPorts = 0> <OutPorts = 1> <Sync> <CReg>
ST_3 : Operation 840 [1/1] (0.00ns) (grouped into DSP with root node add_ln162_153)   --->   "%sext_ln162_101 = sext i13 %mul_ln162_162" [cnn_hls.cpp:162]   --->   Operation 840 'sext' 'sext_ln162_101' <Predicate = true> <Delay = 0.00>
ST_3 : Operation 841 [2/3] (1.05ns) (grouped into DSP with root node add_ln162_154)   --->   "%mul_ln162_163 = mul i14 %select_ln161_131, i14 %zext_ln161_155_cast" [cnn_hls.cpp:162]   --->   Operation 841 'mul' 'mul_ln162_163' <Predicate = true> <Delay = 1.05> <CoreInst = "DSP48">   --->   Core 116 'DSP48' <Latency = 3> <II = 1> <Delay = 2.15> <IPBlock> <Opcode : 'add' 'sub' 'mul' 'select'> <InPorts = 0> <OutPorts = 1> <Sync> <CReg>
ST_3 : Operation 842 [1/3] (0.00ns) (grouped into DSP with root node add_ln162_149)   --->   "%mul_ln162_164 = mul i14 %select_ln161_130, i14 %zext_ln161_154_cast" [cnn_hls.cpp:162]   --->   Operation 842 'mul' 'mul_ln162_164' <Predicate = true> <Delay = 0.00> <CoreInst = "DSP48">   --->   Core 116 'DSP48' <Latency = 3> <II = 1> <Delay = 2.15> <IPBlock> <Opcode : 'add' 'sub' 'mul' 'select'> <InPorts = 0> <OutPorts = 1> <Sync> <CReg>
ST_3 : Operation 843 [1/1] (0.00ns) (grouped into DSP with root node add_ln162_149)   --->   "%sext_ln162_103 = sext i14 %mul_ln162_164" [cnn_hls.cpp:162]   --->   Operation 843 'sext' 'sext_ln162_103' <Predicate = true> <Delay = 0.00>
ST_3 : Operation 844 [1/1] (4.17ns)   --->   "%mul_ln162_165 = mul i15 %select_ln161_129, i15 %zext_ln161_153_cast" [cnn_hls.cpp:162]   --->   Operation 844 'mul' 'mul_ln162_165' <Predicate = true> <Delay = 4.17> <CoreInst = "Multiplier">   --->   Core 3 'Multiplier' <Latency = 0> <II = 1> <Delay = 4.17> <FuncUnit> <Opcode : 'mul'> <InPorts = 2> <OutPorts = 1>
ST_3 : Operation 845 [1/3] (0.00ns) (grouped into DSP with root node add_ln162_144)   --->   "%mul_ln162_170 = mul i15 %select_ln161_125, i15 %zext_ln161_148_cast" [cnn_hls.cpp:162]   --->   Operation 845 'mul' 'mul_ln162_170' <Predicate = true> <Delay = 0.00> <CoreInst = "DSP48">   --->   Core 116 'DSP48' <Latency = 3> <II = 1> <Delay = 2.15> <IPBlock> <Opcode : 'add' 'sub' 'mul' 'select'> <InPorts = 0> <OutPorts = 1> <Sync> <CReg>
ST_3 : Operation 846 [1/1] (0.00ns)   --->   "%shl_ln162_7 = bitconcatenate i13 @_ssdm_op_BitConcatenate.i13.i7.i6, i7 %x_280_read, i6 0" [cnn_hls.cpp:162]   --->   Operation 846 'bitconcatenate' 'shl_ln162_7' <Predicate = (icmp_ln158)> <Delay = 0.00>
ST_3 : Operation 847 [1/1] (3.74ns)   --->   "%mul_ln162_171 = mul i13 %zext_ln161_147_cast, i13 35" [cnn_hls.cpp:162]   --->   Operation 847 'mul' 'mul_ln162_171' <Predicate = (!icmp_ln158)> <Delay = 3.74> <CoreInst = "Multiplier">   --->   Core 3 'Multiplier' <Latency = 0> <II = 1> <Delay = 3.74> <FuncUnit> <Opcode : 'mul'> <InPorts = 2> <OutPorts = 1>
ST_3 : Operation 848 [1/1] (0.69ns)   --->   "%select_ln162_26 = select i1 %icmp_ln158, i13 %shl_ln162_7, i13 %mul_ln162_171" [cnn_hls.cpp:162]   --->   Operation 848 'select' 'select_ln162_26' <Predicate = true> <Delay = 0.69> <CoreInst = "Sel">   --->   Core 73 'Sel' <Latency = 0> <II = 1> <Delay = 0.69> <FuncUnit> <Opcode : 'select'> <InPorts = 3> <OutPorts = 1>
ST_3 : Operation 849 [1/1] (0.00ns)   --->   "%zext_ln162_43 = zext i13 %select_ln162_26" [cnn_hls.cpp:162]   --->   Operation 849 'zext' 'zext_ln162_43' <Predicate = true> <Delay = 0.00>
ST_3 : Operation 850 [2/3] (1.05ns) (grouped into DSP with root node add_ln162_145)   --->   "%mul_ln162_172 = mul i15 %select_ln161_124, i15 %zext_ln161_146_cast" [cnn_hls.cpp:162]   --->   Operation 850 'mul' 'mul_ln162_172' <Predicate = true> <Delay = 1.05> <CoreInst = "DSP48">   --->   Core 116 'DSP48' <Latency = 3> <II = 1> <Delay = 2.15> <IPBlock> <Opcode : 'add' 'sub' 'mul' 'select'> <InPorts = 0> <OutPorts = 1> <Sync> <CReg>
ST_3 : Operation 851 [1/3] (0.00ns) (grouped into DSP with root node add_ln162_142)   --->   "%mul_ln162_173 = mul i14 %select_ln161_123, i14 %zext_ln161_145_cast" [cnn_hls.cpp:162]   --->   Operation 851 'mul' 'mul_ln162_173' <Predicate = true> <Delay = 0.00> <CoreInst = "DSP48">   --->   Core 116 'DSP48' <Latency = 3> <II = 1> <Delay = 2.15> <IPBlock> <Opcode : 'add' 'sub' 'mul' 'select'> <InPorts = 0> <OutPorts = 1> <Sync> <CReg>
ST_3 : Operation 852 [1/1] (0.00ns) (grouped into DSP with root node add_ln162_142)   --->   "%sext_ln162_106 = sext i14 %mul_ln162_173" [cnn_hls.cpp:162]   --->   Operation 852 'sext' 'sext_ln162_106' <Predicate = true> <Delay = 0.00>
ST_3 : Operation 853 [1/1] (3.74ns)   --->   "%mul_ln162_218 = mul i14 %zext_ln161_144_cast, i14 16343" [cnn_hls.cpp:162]   --->   Operation 853 'mul' 'mul_ln162_218' <Predicate = (icmp_ln158)> <Delay = 3.74> <CoreInst = "Multiplier">   --->   Core 3 'Multiplier' <Latency = 0> <II = 1> <Delay = 3.74> <FuncUnit> <Opcode : 'mul'> <InPorts = 2> <OutPorts = 1>
ST_3 : Operation 854 [1/1] (3.74ns)   --->   "%mul_ln162_219 = mul i14 %zext_ln161_144_cast, i14 16368" [cnn_hls.cpp:162]   --->   Operation 854 'mul' 'mul_ln162_219' <Predicate = (!icmp_ln158)> <Delay = 3.74> <CoreInst = "Multiplier">   --->   Core 3 'Multiplier' <Latency = 0> <II = 1> <Delay = 3.74> <FuncUnit> <Opcode : 'mul'> <InPorts = 2> <OutPorts = 1>
ST_3 : Operation 855 [1/1] (0.70ns)   --->   "%select_ln162_29 = select i1 %icmp_ln158, i14 %mul_ln162_218, i14 %mul_ln162_219" [cnn_hls.cpp:162]   --->   Operation 855 'select' 'select_ln162_29' <Predicate = true> <Delay = 0.70> <CoreInst = "Sel">   --->   Core 73 'Sel' <Latency = 0> <II = 1> <Delay = 0.70> <FuncUnit> <Opcode : 'select'> <InPorts = 3> <OutPorts = 1>
ST_3 : Operation 856 [1/1] (0.00ns)   --->   "%sext_ln162_107 = sext i14 %select_ln162_29" [cnn_hls.cpp:162]   --->   Operation 856 'sext' 'sext_ln162_107' <Predicate = true> <Delay = 0.00>
ST_3 : Operation 857 [1/3] (0.00ns) (grouped into DSP with root node add_ln162_134)   --->   "%mul_ln162_179 = mul i12 %zext_ln161_139_cast, i12 4083" [cnn_hls.cpp:162]   --->   Operation 857 'mul' 'mul_ln162_179' <Predicate = true> <Delay = 0.00> <CoreInst = "DSP48">   --->   Core 116 'DSP48' <Latency = 3> <II = 1> <Delay = 2.15> <IPBlock> <Opcode : 'add' 'sub' 'mul' 'select'> <InPorts = 0> <OutPorts = 1> <Sync> <CReg>
ST_3 : Operation 858 [1/1] (0.00ns) (grouped into DSP with root node add_ln162_134)   --->   "%sext_ln162_109 = sext i12 %mul_ln162_179" [cnn_hls.cpp:162]   --->   Operation 858 'sext' 'sext_ln162_109' <Predicate = true> <Delay = 0.00>
ST_3 : Operation 859 [1/1] (3.74ns)   --->   "%mul_ln162_180 = mul i14 %select_ln161_119, i14 %zext_ln161_138_cast" [cnn_hls.cpp:162]   --->   Operation 859 'mul' 'mul_ln162_180' <Predicate = true> <Delay = 3.74> <CoreInst = "Multiplier">   --->   Core 3 'Multiplier' <Latency = 0> <II = 1> <Delay = 3.74> <FuncUnit> <Opcode : 'mul'> <InPorts = 2> <OutPorts = 1>
ST_3 : Operation 860 [2/3] (1.05ns) (grouped into DSP with root node add_ln162_135)   --->   "%mul_ln162_181 = mul i13 %select_ln161_118, i13 %zext_ln161_137_cast" [cnn_hls.cpp:162]   --->   Operation 860 'mul' 'mul_ln162_181' <Predicate = true> <Delay = 1.05> <CoreInst = "DSP48">   --->   Core 116 'DSP48' <Latency = 3> <II = 1> <Delay = 2.15> <IPBlock> <Opcode : 'add' 'sub' 'mul' 'select'> <InPorts = 0> <OutPorts = 1> <Sync> <CReg>
ST_3 : Operation 861 [2/3] (1.05ns) (grouped into DSP with root node add_ln162_131)   --->   "%mul_ln162_182 = mul i15 %select_ln161_117, i15 %zext_ln161_136_cast" [cnn_hls.cpp:162]   --->   Operation 861 'mul' 'mul_ln162_182' <Predicate = true> <Delay = 1.05> <CoreInst = "DSP48">   --->   Core 116 'DSP48' <Latency = 3> <II = 1> <Delay = 2.15> <IPBlock> <Opcode : 'add' 'sub' 'mul' 'select'> <InPorts = 0> <OutPorts = 1> <Sync> <CReg>
ST_3 : Operation 862 [1/3] (0.00ns) (grouped into DSP with root node add_ln162_129)   --->   "%mul_ln162_185 = mul i13 %select_ln161_115, i13 %zext_ln161_133_cast" [cnn_hls.cpp:162]   --->   Operation 862 'mul' 'mul_ln162_185' <Predicate = true> <Delay = 0.00> <CoreInst = "DSP48">   --->   Core 116 'DSP48' <Latency = 3> <II = 1> <Delay = 2.15> <IPBlock> <Opcode : 'add' 'sub' 'mul' 'select'> <InPorts = 0> <OutPorts = 1> <Sync> <CReg>
ST_3 : Operation 863 [1/1] (0.00ns) (grouped into DSP with root node add_ln162_129)   --->   "%sext_ln162_112 = sext i13 %mul_ln162_185" [cnn_hls.cpp:162]   --->   Operation 863 'sext' 'sext_ln162_112' <Predicate = true> <Delay = 0.00>
ST_3 : Operation 864 [1/1] (4.17ns)   --->   "%mul_ln162_186 = mul i15 %select_ln161_114, i15 %zext_ln161_132_cast" [cnn_hls.cpp:162]   --->   Operation 864 'mul' 'mul_ln162_186' <Predicate = true> <Delay = 4.17> <CoreInst = "Multiplier">   --->   Core 3 'Multiplier' <Latency = 0> <II = 1> <Delay = 4.17> <FuncUnit> <Opcode : 'mul'> <InPorts = 2> <OutPorts = 1>
ST_3 : Operation 865 [2/3] (1.05ns) (grouped into DSP with root node add_ln162_130)   --->   "%mul_ln162_187 = mul i14 %select_ln161_113, i14 %zext_ln161_131_cast" [cnn_hls.cpp:162]   --->   Operation 865 'mul' 'mul_ln162_187' <Predicate = true> <Delay = 1.05> <CoreInst = "DSP48">   --->   Core 116 'DSP48' <Latency = 3> <II = 1> <Delay = 2.15> <IPBlock> <Opcode : 'add' 'sub' 'mul' 'select'> <InPorts = 0> <OutPorts = 1> <Sync> <CReg>
ST_3 : Operation 866 [1/1] (4.17ns)   --->   "%mul_ln162_188 = mul i15 %select_ln161_112, i15 %zext_ln161_130_cast" [cnn_hls.cpp:162]   --->   Operation 866 'mul' 'mul_ln162_188' <Predicate = true> <Delay = 4.17> <CoreInst = "Multiplier">   --->   Core 3 'Multiplier' <Latency = 0> <II = 1> <Delay = 4.17> <FuncUnit> <Opcode : 'mul'> <InPorts = 2> <OutPorts = 1>
ST_3 : Operation 867 [1/3] (0.00ns) (grouped into DSP with root node add_ln162_125)   --->   "%mul_ln162_189 = mul i13 %select_ln161_111, i13 %zext_ln161_129_cast" [cnn_hls.cpp:162]   --->   Operation 867 'mul' 'mul_ln162_189' <Predicate = true> <Delay = 0.00> <CoreInst = "DSP48">   --->   Core 116 'DSP48' <Latency = 3> <II = 1> <Delay = 2.15> <IPBlock> <Opcode : 'add' 'sub' 'mul' 'select'> <InPorts = 0> <OutPorts = 1> <Sync> <CReg>
ST_3 : Operation 868 [1/1] (0.00ns) (grouped into DSP with root node add_ln162_125)   --->   "%mul_ln162_189_cast = sext i13 %mul_ln162_189" [cnn_hls.cpp:162]   --->   Operation 868 'sext' 'mul_ln162_189_cast' <Predicate = true> <Delay = 0.00>
ST_3 : Operation 869 [1/3] (0.00ns) (grouped into DSP with root node add_ln162_60)   --->   "%tmp1 = mul i15 %select_ln161_53, i15 %tmp_cast" [cnn_hls.cpp:161]   --->   Operation 869 'mul' 'tmp1' <Predicate = true> <Delay = 0.00> <CoreInst = "DSP48">   --->   Core 116 'DSP48' <Latency = 3> <II = 1> <Delay = 2.15> <IPBlock> <Opcode : 'add' 'sub' 'mul' 'select'> <InPorts = 0> <OutPorts = 1> <Sync> <CReg>
ST_3 : Operation 870 [1/1] (1.81ns) (out node of the LUT)   --->   "%add_ln162_2 = add i14 %select_ln162_19, i14 %zext_ln162_30" [cnn_hls.cpp:162]   --->   Operation 870 'add' 'add_ln162_2' <Predicate = true> <Delay = 1.81> <CoreInst = "Adder">   --->   Core 1 'Adder' <Latency = 0> <II = 1> <Delay = 1.81> <FuncUnit> <Opcode : 'add' 'sub'> <InPorts = 2> <OutPorts = 1>
ST_3 : Operation 871 [1/1] (0.00ns)   --->   "%sext_ln162_115 = sext i14 %add_ln162_2" [cnn_hls.cpp:162]   --->   Operation 871 'sext' 'sext_ln162_115' <Predicate = true> <Delay = 0.00>
ST_3 : Operation 872 [2/2] (2.10ns) (root node of the DSP)   --->   "%add_ln162_3 = add i15 %sext_ln162_115, i15 %sext_ln162_78" [cnn_hls.cpp:162]   --->   Operation 872 'add' 'add_ln162_3' <Predicate = true> <Delay = 2.10> <CoreInst = "DSP48">   --->   Core 116 'DSP48' <Latency = 3> <II = 1> <Delay = 2.15> <IPBlock> <Opcode : 'add' 'sub' 'mul' 'select'> <InPorts = 0> <OutPorts = 1> <Sync> <CReg>
ST_3 : Operation 873 [2/2] (2.10ns) (root node of the DSP)   --->   "%add_ln162_5 = add i16 %sext_ln162_77, i16 %sext_ln162_76" [cnn_hls.cpp:162]   --->   Operation 873 'add' 'add_ln162_5' <Predicate = true> <Delay = 2.10> <CoreInst = "DSP48">   --->   Core 116 'DSP48' <Latency = 3> <II = 1> <Delay = 2.15> <IPBlock> <Opcode : 'add' 'sub' 'mul' 'select'> <InPorts = 0> <OutPorts = 1> <Sync> <CReg>
ST_3 : Operation 874 [2/2] (2.10ns) (root node of the DSP)   --->   "%add_ln162_7 = add i14 %sext_ln162_74, i14 %mul_ln162_117" [cnn_hls.cpp:162]   --->   Operation 874 'add' 'add_ln162_7' <Predicate = true> <Delay = 2.10> <CoreInst = "DSP48">   --->   Core 116 'DSP48' <Latency = 3> <II = 1> <Delay = 2.15> <IPBlock> <Opcode : 'add' 'sub' 'mul' 'select'> <InPorts = 0> <OutPorts = 1> <Sync> <CReg>
ST_3 : Operation 875 [2/2] (2.10ns) (root node of the DSP)   --->   "%add_ln162_11 = add i15 %sext_ln162_72, i15 %mul_ln162_114" [cnn_hls.cpp:162]   --->   Operation 875 'add' 'add_ln162_11' <Predicate = true> <Delay = 2.10> <CoreInst = "DSP48">   --->   Core 116 'DSP48' <Latency = 3> <II = 1> <Delay = 2.15> <IPBlock> <Opcode : 'add' 'sub' 'mul' 'select'> <InPorts = 0> <OutPorts = 1> <Sync> <CReg>
ST_3 : Operation 876 [2/2] (2.10ns) (root node of the DSP)   --->   "%add_ln162_18 = add i15 %zext_ln162_25, i15 %sext_ln162_67" [cnn_hls.cpp:162]   --->   Operation 876 'add' 'add_ln162_18' <Predicate = true> <Delay = 2.10> <CoreInst = "DSP48">   --->   Core 116 'DSP48' <Latency = 3> <II = 1> <Delay = 2.15> <IPBlock> <Opcode : 'add' 'sub' 'mul' 'select'> <InPorts = 0> <OutPorts = 1> <Sync> <CReg>
ST_3 : Operation 877 [2/2] (2.10ns) (root node of the DSP)   --->   "%add_ln162_25 = add i15 %sext_ln162_65, i15 %mul_ln162_99" [cnn_hls.cpp:162]   --->   Operation 877 'add' 'add_ln162_25' <Predicate = true> <Delay = 2.10> <CoreInst = "DSP48">   --->   Core 116 'DSP48' <Latency = 3> <II = 1> <Delay = 2.15> <IPBlock> <Opcode : 'add' 'sub' 'mul' 'select'> <InPorts = 0> <OutPorts = 1> <Sync> <CReg>
ST_3 : Operation 878 [2/2] (2.10ns) (root node of the DSP)   --->   "%add_ln162_28 = add i16 %sext_ln162_63, i16 %sext_ln162_62" [cnn_hls.cpp:162]   --->   Operation 878 'add' 'add_ln162_28' <Predicate = true> <Delay = 2.10> <CoreInst = "DSP48">   --->   Core 116 'DSP48' <Latency = 3> <II = 1> <Delay = 2.15> <IPBlock> <Opcode : 'add' 'sub' 'mul' 'select'> <InPorts = 0> <OutPorts = 1> <Sync> <CReg>
ST_3 : Operation 879 [2/2] (2.10ns) (root node of the DSP)   --->   "%add_ln162_34 = add i16 %sext_ln162_59, i16 %sext_ln162_58" [cnn_hls.cpp:162]   --->   Operation 879 'add' 'add_ln162_34' <Predicate = true> <Delay = 2.10> <CoreInst = "DSP48">   --->   Core 116 'DSP48' <Latency = 3> <II = 1> <Delay = 2.15> <IPBlock> <Opcode : 'add' 'sub' 'mul' 'select'> <InPorts = 0> <OutPorts = 1> <Sync> <CReg>
ST_3 : Operation 880 [2/2] (2.10ns) (root node of the DSP)   --->   "%add_ln162_52 = add i16 %sext_ln162_49, i16 %sext_ln162_48" [cnn_hls.cpp:162]   --->   Operation 880 'add' 'add_ln162_52' <Predicate = true> <Delay = 2.10> <CoreInst = "DSP48">   --->   Core 116 'DSP48' <Latency = 3> <II = 1> <Delay = 2.15> <IPBlock> <Opcode : 'add' 'sub' 'mul' 'select'> <InPorts = 0> <OutPorts = 1> <Sync> <CReg>
ST_3 : Operation 881 [2/2] (2.10ns) (root node of the DSP)   --->   "%add_ln162_60 = add i15 %sext_ln162_44, i15 %tmp1" [cnn_hls.cpp:162]   --->   Operation 881 'add' 'add_ln162_60' <Predicate = true> <Delay = 2.10> <CoreInst = "DSP48">   --->   Core 116 'DSP48' <Latency = 3> <II = 1> <Delay = 2.15> <IPBlock> <Opcode : 'add' 'sub' 'mul' 'select'> <InPorts = 0> <OutPorts = 1> <Sync> <CReg>
ST_3 : Operation 882 [2/2] (2.10ns) (root node of the DSP)   --->   "%add_ln162_65 = add i15 %sext_ln162_40, i15 %mul_ln162_58" [cnn_hls.cpp:162]   --->   Operation 882 'add' 'add_ln162_65' <Predicate = true> <Delay = 2.10> <CoreInst = "DSP48">   --->   Core 116 'DSP48' <Latency = 3> <II = 1> <Delay = 2.15> <IPBlock> <Opcode : 'add' 'sub' 'mul' 'select'> <InPorts = 0> <OutPorts = 1> <Sync> <CReg>
ST_3 : Operation 883 [2/2] (2.10ns) (root node of the DSP)   --->   "%add_ln162_72 = add i15 %sext_ln162_37, i15 %mul_ln162_52" [cnn_hls.cpp:162]   --->   Operation 883 'add' 'add_ln162_72' <Predicate = true> <Delay = 2.10> <CoreInst = "DSP48">   --->   Core 116 'DSP48' <Latency = 3> <II = 1> <Delay = 2.15> <IPBlock> <Opcode : 'add' 'sub' 'mul' 'select'> <InPorts = 0> <OutPorts = 1> <Sync> <CReg>
ST_3 : Operation 884 [2/2] (2.10ns) (root node of the DSP)   --->   "%add_ln162_75 = add i15 %mul_ln162_50, i15 %sext_ln162_34" [cnn_hls.cpp:162]   --->   Operation 884 'add' 'add_ln162_75' <Predicate = true> <Delay = 2.10> <CoreInst = "DSP48">   --->   Core 116 'DSP48' <Latency = 3> <II = 1> <Delay = 2.15> <IPBlock> <Opcode : 'add' 'sub' 'mul' 'select'> <InPorts = 0> <OutPorts = 1> <Sync> <CReg>
ST_3 : Operation 885 [2/2] (2.10ns) (root node of the DSP)   --->   "%add_ln162_77 = add i15 %sext_ln162_32, i15 %zext_ln162_8" [cnn_hls.cpp:162]   --->   Operation 885 'add' 'add_ln162_77' <Predicate = true> <Delay = 2.10> <CoreInst = "DSP48">   --->   Core 116 'DSP48' <Latency = 3> <II = 1> <Delay = 2.15> <IPBlock> <Opcode : 'add' 'sub' 'mul' 'select'> <InPorts = 0> <OutPorts = 1> <Sync> <CReg>
ST_3 : Operation 886 [2/2] (2.10ns) (root node of the DSP)   --->   "%add_ln162_81 = add i15 %sext_ln162_30, i15 %mul_ln162_43" [cnn_hls.cpp:162]   --->   Operation 886 'add' 'add_ln162_81' <Predicate = true> <Delay = 2.10> <CoreInst = "DSP48">   --->   Core 116 'DSP48' <Latency = 3> <II = 1> <Delay = 2.15> <IPBlock> <Opcode : 'add' 'sub' 'mul' 'select'> <InPorts = 0> <OutPorts = 1> <Sync> <CReg>
ST_3 : Operation 887 [2/2] (2.10ns) (root node of the DSP)   --->   "%add_ln162_83 = add i16 %sext_ln162_28, i16 %sext_ln162_27" [cnn_hls.cpp:162]   --->   Operation 887 'add' 'add_ln162_83' <Predicate = true> <Delay = 2.10> <CoreInst = "DSP48">   --->   Core 116 'DSP48' <Latency = 3> <II = 1> <Delay = 2.15> <IPBlock> <Opcode : 'add' 'sub' 'mul' 'select'> <InPorts = 0> <OutPorts = 1> <Sync> <CReg>
ST_3 : Operation 888 [2/2] (2.10ns) (root node of the DSP)   --->   "%add_ln162_86 = add i14 %sext_ln162_25, i14 %mul_ln162_37" [cnn_hls.cpp:162]   --->   Operation 888 'add' 'add_ln162_86' <Predicate = true> <Delay = 2.10> <CoreInst = "DSP48">   --->   Core 116 'DSP48' <Latency = 3> <II = 1> <Delay = 2.15> <IPBlock> <Opcode : 'add' 'sub' 'mul' 'select'> <InPorts = 0> <OutPorts = 1> <Sync> <CReg>
ST_3 : Operation 889 [2/2] (2.10ns) (root node of the DSP)   --->   "%add_ln162_88 = add i15 %mul_ln162_35, i15 %mul_ln162_34" [cnn_hls.cpp:162]   --->   Operation 889 'add' 'add_ln162_88' <Predicate = true> <Delay = 2.10> <CoreInst = "DSP48">   --->   Core 116 'DSP48' <Latency = 3> <II = 1> <Delay = 2.15> <IPBlock> <Opcode : 'add' 'sub' 'mul' 'select'> <InPorts = 0> <OutPorts = 1> <Sync> <CReg>
ST_3 : Operation 890 [2/2] (2.10ns) (root node of the DSP)   --->   "%add_ln162_97 = add i15 %sext_ln162_21, i15 %sext_ln162_20" [cnn_hls.cpp:162]   --->   Operation 890 'add' 'add_ln162_97' <Predicate = true> <Delay = 2.10> <CoreInst = "DSP48">   --->   Core 116 'DSP48' <Latency = 3> <II = 1> <Delay = 2.15> <IPBlock> <Opcode : 'add' 'sub' 'mul' 'select'> <InPorts = 0> <OutPorts = 1> <Sync> <CReg>
ST_3 : Operation 891 [2/2] (2.10ns) (root node of the DSP)   --->   "%add_ln162_102 = add i15 %mul_ln162_23, i15 %sext_ln162_15" [cnn_hls.cpp:162]   --->   Operation 891 'add' 'add_ln162_102' <Predicate = true> <Delay = 2.10> <CoreInst = "DSP48">   --->   Core 116 'DSP48' <Latency = 3> <II = 1> <Delay = 2.15> <IPBlock> <Opcode : 'add' 'sub' 'mul' 'select'> <InPorts = 0> <OutPorts = 1> <Sync> <CReg>
ST_3 : Operation 892 [2/2] (2.10ns) (root node of the DSP)   --->   "%add_ln162_106 = add i15 %mul_ln162_20, i15 %sext_ln162_13" [cnn_hls.cpp:162]   --->   Operation 892 'add' 'add_ln162_106' <Predicate = true> <Delay = 2.10> <CoreInst = "DSP48">   --->   Core 116 'DSP48' <Latency = 3> <II = 1> <Delay = 2.15> <IPBlock> <Opcode : 'add' 'sub' 'mul' 'select'> <InPorts = 0> <OutPorts = 1> <Sync> <CReg>
ST_3 : Operation 893 [2/2] (2.10ns) (root node of the DSP)   --->   "%add_ln162_108 = add i16 %sext_ln162_11, i16 %sext_ln162_10" [cnn_hls.cpp:162]   --->   Operation 893 'add' 'add_ln162_108' <Predicate = true> <Delay = 2.10> <CoreInst = "DSP48">   --->   Core 116 'DSP48' <Latency = 3> <II = 1> <Delay = 2.15> <IPBlock> <Opcode : 'add' 'sub' 'mul' 'select'> <InPorts = 0> <OutPorts = 1> <Sync> <CReg>
ST_3 : Operation 894 [2/2] (2.10ns) (root node of the DSP)   --->   "%add_ln162_113 = add i15 %mul_ln162_11, i15 %sext_ln162_6" [cnn_hls.cpp:162]   --->   Operation 894 'add' 'add_ln162_113' <Predicate = true> <Delay = 2.10> <CoreInst = "DSP48">   --->   Core 116 'DSP48' <Latency = 3> <II = 1> <Delay = 2.15> <IPBlock> <Opcode : 'add' 'sub' 'mul' 'select'> <InPorts = 0> <OutPorts = 1> <Sync> <CReg>
ST_3 : Operation 895 [2/2] (2.10ns) (root node of the DSP)   --->   "%add_ln162_118 = add i16 %sext_ln162_4, i16 %sext_ln162_3" [cnn_hls.cpp:162]   --->   Operation 895 'add' 'add_ln162_118' <Predicate = true> <Delay = 2.10> <CoreInst = "DSP48">   --->   Core 116 'DSP48' <Latency = 3> <II = 1> <Delay = 2.15> <IPBlock> <Opcode : 'add' 'sub' 'mul' 'select'> <InPorts = 0> <OutPorts = 1> <Sync> <CReg>
ST_3 : Operation 896 [2/2] (2.10ns) (root node of the DSP)   --->   "%add_ln162_120 = add i15 %mul_ln162_5, i15 %sext_ln162_1" [cnn_hls.cpp:162]   --->   Operation 896 'add' 'add_ln162_120' <Predicate = true> <Delay = 2.10> <CoreInst = "DSP48">   --->   Core 116 'DSP48' <Latency = 3> <II = 1> <Delay = 2.15> <IPBlock> <Opcode : 'add' 'sub' 'mul' 'select'> <InPorts = 0> <OutPorts = 1> <Sync> <CReg>
ST_3 : Operation 897 [2/2] (2.10ns) (root node of the DSP)   --->   "%add_ln162_125 = add i15 %mul_ln162_189_cast, i15 %mul_ln162_188" [cnn_hls.cpp:162]   --->   Operation 897 'add' 'add_ln162_125' <Predicate = true> <Delay = 2.10> <CoreInst = "DSP48">   --->   Core 116 'DSP48' <Latency = 3> <II = 1> <Delay = 2.15> <IPBlock> <Opcode : 'add' 'sub' 'mul' 'select'> <InPorts = 0> <OutPorts = 1> <Sync> <CReg>
ST_3 : Operation 898 [2/2] (2.10ns) (root node of the DSP)   --->   "%add_ln162_129 = add i15 %mul_ln162_186, i15 %sext_ln162_112" [cnn_hls.cpp:162]   --->   Operation 898 'add' 'add_ln162_129' <Predicate = true> <Delay = 2.10> <CoreInst = "DSP48">   --->   Core 116 'DSP48' <Latency = 3> <II = 1> <Delay = 2.15> <IPBlock> <Opcode : 'add' 'sub' 'mul' 'select'> <InPorts = 0> <OutPorts = 1> <Sync> <CReg>
ST_3 : Operation 899 [2/2] (2.10ns) (root node of the DSP)   --->   "%add_ln162_134 = add i14 %mul_ln162_180, i14 %sext_ln162_109" [cnn_hls.cpp:162]   --->   Operation 899 'add' 'add_ln162_134' <Predicate = true> <Delay = 2.10> <CoreInst = "DSP48">   --->   Core 116 'DSP48' <Latency = 3> <II = 1> <Delay = 2.15> <IPBlock> <Opcode : 'add' 'sub' 'mul' 'select'> <InPorts = 0> <OutPorts = 1> <Sync> <CReg>
ST_3 : Operation 900 [2/2] (2.10ns) (root node of the DSP)   --->   "%add_ln162_142 = add i15 %sext_ln162_107, i15 %sext_ln162_106" [cnn_hls.cpp:162]   --->   Operation 900 'add' 'add_ln162_142' <Predicate = true> <Delay = 2.10> <CoreInst = "DSP48">   --->   Core 116 'DSP48' <Latency = 3> <II = 1> <Delay = 2.15> <IPBlock> <Opcode : 'add' 'sub' 'mul' 'select'> <InPorts = 0> <OutPorts = 1> <Sync> <CReg>
ST_3 : Operation 901 [2/2] (2.10ns) (root node of the DSP)   --->   "%add_ln162_144 = add i15 %zext_ln162_43, i15 %mul_ln162_170" [cnn_hls.cpp:162]   --->   Operation 901 'add' 'add_ln162_144' <Predicate = true> <Delay = 2.10> <CoreInst = "DSP48">   --->   Core 116 'DSP48' <Latency = 3> <II = 1> <Delay = 2.15> <IPBlock> <Opcode : 'add' 'sub' 'mul' 'select'> <InPorts = 0> <OutPorts = 1> <Sync> <CReg>
ST_3 : Operation 902 [2/2] (2.10ns) (root node of the DSP)   --->   "%add_ln162_149 = add i15 %mul_ln162_165, i15 %sext_ln162_103" [cnn_hls.cpp:162]   --->   Operation 902 'add' 'add_ln162_149' <Predicate = true> <Delay = 2.10> <CoreInst = "DSP48">   --->   Core 116 'DSP48' <Latency = 3> <II = 1> <Delay = 2.15> <IPBlock> <Opcode : 'add' 'sub' 'mul' 'select'> <InPorts = 0> <OutPorts = 1> <Sync> <CReg>
ST_3 : Operation 903 [2/2] (2.10ns) (root node of the DSP)   --->   "%add_ln162_153 = add i15 %sext_ln162_101, i15 %mul_ln162_161" [cnn_hls.cpp:162]   --->   Operation 903 'add' 'add_ln162_153' <Predicate = true> <Delay = 2.10> <CoreInst = "DSP48">   --->   Core 116 'DSP48' <Latency = 3> <II = 1> <Delay = 2.15> <IPBlock> <Opcode : 'add' 'sub' 'mul' 'select'> <InPorts = 0> <OutPorts = 1> <Sync> <CReg>
ST_3 : Operation 904 [2/2] (2.10ns) (root node of the DSP)   --->   "%add_ln162_155 = add i15 %sext_ln162_100, i15 %sext_ln162_99" [cnn_hls.cpp:162]   --->   Operation 904 'add' 'add_ln162_155' <Predicate = true> <Delay = 2.10> <CoreInst = "DSP48">   --->   Core 116 'DSP48' <Latency = 3> <II = 1> <Delay = 2.15> <IPBlock> <Opcode : 'add' 'sub' 'mul' 'select'> <InPorts = 0> <OutPorts = 1> <Sync> <CReg>
ST_3 : Operation 905 [2/2] (2.10ns) (root node of the DSP)   --->   "%add_ln162_160 = add i15 %sext_ln162_98, i15 %mul_ln162_152" [cnn_hls.cpp:162]   --->   Operation 905 'add' 'add_ln162_160' <Predicate = true> <Delay = 2.10> <CoreInst = "DSP48">   --->   Core 116 'DSP48' <Latency = 3> <II = 1> <Delay = 2.15> <IPBlock> <Opcode : 'add' 'sub' 'mul' 'select'> <InPorts = 0> <OutPorts = 1> <Sync> <CReg>
ST_3 : Operation 906 [2/2] (2.10ns) (root node of the DSP)   --->   "%add_ln162_165 = add i15 %mul_ln162_150, i15 %sext_ln162_97" [cnn_hls.cpp:162]   --->   Operation 906 'add' 'add_ln162_165' <Predicate = true> <Delay = 2.10> <CoreInst = "DSP48">   --->   Core 116 'DSP48' <Latency = 3> <II = 1> <Delay = 2.15> <IPBlock> <Opcode : 'add' 'sub' 'mul' 'select'> <InPorts = 0> <OutPorts = 1> <Sync> <CReg>
ST_3 : Operation 907 [2/2] (2.10ns) (root node of the DSP)   --->   "%add_ln162_167 = add i15 %mul_ln162_147, i15 %sext_ln162_94" [cnn_hls.cpp:162]   --->   Operation 907 'add' 'add_ln162_167' <Predicate = true> <Delay = 2.10> <CoreInst = "DSP48">   --->   Core 116 'DSP48' <Latency = 3> <II = 1> <Delay = 2.15> <IPBlock> <Opcode : 'add' 'sub' 'mul' 'select'> <InPorts = 0> <OutPorts = 1> <Sync> <CReg>
ST_3 : Operation 908 [2/2] (2.10ns) (root node of the DSP)   --->   "%add_ln162_170 = add i16 %sext_ln162_92, i16 %sext_ln162_91" [cnn_hls.cpp:162]   --->   Operation 908 'add' 'add_ln162_170' <Predicate = true> <Delay = 2.10> <CoreInst = "DSP48">   --->   Core 116 'DSP48' <Latency = 3> <II = 1> <Delay = 2.15> <IPBlock> <Opcode : 'add' 'sub' 'mul' 'select'> <InPorts = 0> <OutPorts = 1> <Sync> <CReg>
ST_3 : Operation 909 [2/2] (2.10ns) (root node of the DSP)   --->   "%add_ln162_172 = add i14 %sext_ln162_89, i14 %mul_ln162_140" [cnn_hls.cpp:162]   --->   Operation 909 'add' 'add_ln162_172' <Predicate = true> <Delay = 2.10> <CoreInst = "DSP48">   --->   Core 116 'DSP48' <Latency = 3> <II = 1> <Delay = 2.15> <IPBlock> <Opcode : 'add' 'sub' 'mul' 'select'> <InPorts = 0> <OutPorts = 1> <Sync> <CReg>
ST_3 : Operation 910 [2/2] (2.10ns) (root node of the DSP)   --->   "%add_ln162_176 = add i15 %sext_ln162_87, i15 %zext_ln162_34" [cnn_hls.cpp:162]   --->   Operation 910 'add' 'add_ln162_176' <Predicate = true> <Delay = 2.10> <CoreInst = "DSP48">   --->   Core 116 'DSP48' <Latency = 3> <II = 1> <Delay = 2.15> <IPBlock> <Opcode : 'add' 'sub' 'mul' 'select'> <InPorts = 0> <OutPorts = 1> <Sync> <CReg>
ST_3 : Operation 911 [2/2] (2.10ns) (root node of the DSP)   --->   "%add_ln162_181 = add i16 %sext_ln162_84, i16 %zext_ln162_33" [cnn_hls.cpp:162]   --->   Operation 911 'add' 'add_ln162_181' <Predicate = true> <Delay = 2.10> <CoreInst = "DSP48">   --->   Core 116 'DSP48' <Latency = 3> <II = 1> <Delay = 2.15> <IPBlock> <Opcode : 'add' 'sub' 'mul' 'select'> <InPorts = 0> <OutPorts = 1> <Sync> <CReg>
ST_3 : Operation 912 [2/2] (2.10ns) (root node of the DSP)   --->   "%add_ln162_183 = add i15 %sext_ln162_82, i15 %zext_ln162_32" [cnn_hls.cpp:162]   --->   Operation 912 'add' 'add_ln162_183' <Predicate = true> <Delay = 2.10> <CoreInst = "DSP48">   --->   Core 116 'DSP48' <Latency = 3> <II = 1> <Delay = 2.15> <IPBlock> <Opcode : 'add' 'sub' 'mul' 'select'> <InPorts = 0> <OutPorts = 1> <Sync> <CReg>

State 4 <SV = 3> <Delay = 12.9>
ST_4 : Operation 913 [1/1] (0.00ns) (grouped into LUT with out node add_ln162)   --->   "%select_ln161 = select i1 %icmp_ln158, i13 2290, i13 1613" [cnn_hls.cpp:161]   --->   Operation 913 'select' 'select_ln161' <Predicate = true> <Delay = 0.00> <CoreInst = "Sel">   --->   Core 73 'Sel' <Latency = 0> <II = 1> <Delay = 0.69> <FuncUnit> <Opcode : 'select'> <InPorts = 3> <OutPorts = 1>
ST_4 : Operation 914 [1/1] (1.24ns)   --->   "%select_ln161_25 = select i1 %icmp_ln158, i14 14, i14 69" [cnn_hls.cpp:161]   --->   Operation 914 'select' 'select_ln161_25' <Predicate = true> <Delay = 1.24> <CoreInst = "Sel">   --->   Core 73 'Sel' <Latency = 0> <II = 1> <Delay = 1.24> <FuncUnit> <Opcode : 'select'> <InPorts = 3> <OutPorts = 1>
ST_4 : Operation 915 [1/1] (1.24ns)   --->   "%select_ln161_31 = select i1 %icmp_ln158, i14 49, i14 124" [cnn_hls.cpp:161]   --->   Operation 915 'select' 'select_ln161_31' <Predicate = true> <Delay = 1.24> <CoreInst = "Sel">   --->   Core 73 'Sel' <Latency = 0> <II = 1> <Delay = 1.24> <FuncUnit> <Opcode : 'select'> <InPorts = 3> <OutPorts = 1>
ST_4 : Operation 916 [1/1] (1.24ns)   --->   "%select_ln161_32 = select i1 %icmp_ln158, i15 108, i15 32705" [cnn_hls.cpp:161]   --->   Operation 916 'select' 'select_ln161_32' <Predicate = true> <Delay = 1.24> <CoreInst = "Sel">   --->   Core 73 'Sel' <Latency = 0> <II = 1> <Delay = 1.24> <FuncUnit> <Opcode : 'select'> <InPorts = 3> <OutPorts = 1>
ST_4 : Operation 917 [1/1] (1.18ns)   --->   "%select_ln161_34 = select i1 %icmp_ln158, i13 8163, i13 27" [cnn_hls.cpp:161]   --->   Operation 917 'select' 'select_ln161_34' <Predicate = true> <Delay = 1.18> <CoreInst = "Sel">   --->   Core 73 'Sel' <Latency = 0> <II = 1> <Delay = 1.18> <FuncUnit> <Opcode : 'select'> <InPorts = 3> <OutPorts = 1>
ST_4 : Operation 918 [1/1] (1.18ns)   --->   "%select_ln161_35 = select i1 %icmp_ln158, i12 23, i12 11" [cnn_hls.cpp:161]   --->   Operation 918 'select' 'select_ln161_35' <Predicate = true> <Delay = 1.18> <CoreInst = "Sel">   --->   Core 73 'Sel' <Latency = 0> <II = 1> <Delay = 1.18> <FuncUnit> <Opcode : 'select'> <InPorts = 3> <OutPorts = 1>
ST_4 : Operation 919 [1/1] (0.99ns)   --->   "%select_ln161_39 = select i1 %icmp_ln158, i14 16375, i14 16335" [cnn_hls.cpp:161]   --->   Operation 919 'select' 'select_ln161_39' <Predicate = true> <Delay = 0.99> <CoreInst = "Sel">   --->   Core 73 'Sel' <Latency = 0> <II = 1> <Delay = 0.99> <FuncUnit> <Opcode : 'select'> <InPorts = 3> <OutPorts = 1>
ST_4 : Operation 920 [1/1] (1.24ns)   --->   "%select_ln161_42 = select i1 %icmp_ln158, i14 66, i14 28" [cnn_hls.cpp:161]   --->   Operation 920 'select' 'select_ln161_42' <Predicate = true> <Delay = 1.24> <CoreInst = "Sel">   --->   Core 73 'Sel' <Latency = 0> <II = 1> <Delay = 1.24> <FuncUnit> <Opcode : 'select'> <InPorts = 3> <OutPorts = 1>
ST_4 : Operation 921 [1/1] (1.24ns)   --->   "%select_ln161_43 = select i1 %icmp_ln158, i15 73, i15 32659" [cnn_hls.cpp:161]   --->   Operation 921 'select' 'select_ln161_43' <Predicate = true> <Delay = 1.24> <CoreInst = "Sel">   --->   Core 73 'Sel' <Latency = 0> <II = 1> <Delay = 1.24> <FuncUnit> <Opcode : 'select'> <InPorts = 3> <OutPorts = 1>
ST_4 : Operation 922 [1/1] (0.99ns)   --->   "%select_ln161_44 = select i1 %icmp_ln158, i13 46, i13 17" [cnn_hls.cpp:161]   --->   Operation 922 'select' 'select_ln161_44' <Predicate = true> <Delay = 0.99> <CoreInst = "Sel">   --->   Core 73 'Sel' <Latency = 0> <II = 1> <Delay = 0.99> <FuncUnit> <Opcode : 'select'> <InPorts = 3> <OutPorts = 1>
ST_4 : Operation 923 [1/1] (1.24ns)   --->   "%select_ln161_47 = select i1 %icmp_ln158, i14 23, i14 76" [cnn_hls.cpp:161]   --->   Operation 923 'select' 'select_ln161_47' <Predicate = true> <Delay = 1.24> <CoreInst = "Sel">   --->   Core 73 'Sel' <Latency = 0> <II = 1> <Delay = 1.24> <FuncUnit> <Opcode : 'select'> <InPorts = 3> <OutPorts = 1>
ST_4 : Operation 924 [1/1] (1.18ns)   --->   "%select_ln161_48 = select i1 %icmp_ln158, i12 29, i12 27" [cnn_hls.cpp:161]   --->   Operation 924 'select' 'select_ln161_48' <Predicate = true> <Delay = 1.18> <CoreInst = "Sel">   --->   Core 73 'Sel' <Latency = 0> <II = 1> <Delay = 1.18> <FuncUnit> <Opcode : 'select'> <InPorts = 3> <OutPorts = 1>
ST_4 : Operation 925 [1/1] (0.99ns)   --->   "%select_ln161_50 = select i1 %icmp_ln158, i13 3, i13 40" [cnn_hls.cpp:161]   --->   Operation 925 'select' 'select_ln161_50' <Predicate = true> <Delay = 0.99> <CoreInst = "Sel">   --->   Core 73 'Sel' <Latency = 0> <II = 1> <Delay = 0.99> <FuncUnit> <Opcode : 'select'> <InPorts = 3> <OutPorts = 1>
ST_4 : Operation 926 [1/1] (1.18ns)   --->   "%select_ln161_54 = select i1 %icmp_ln158, i12 13, i12 23" [cnn_hls.cpp:161]   --->   Operation 926 'select' 'select_ln161_54' <Predicate = true> <Delay = 1.18> <CoreInst = "Sel">   --->   Core 73 'Sel' <Latency = 0> <II = 1> <Delay = 1.18> <FuncUnit> <Opcode : 'select'> <InPorts = 3> <OutPorts = 1>
ST_4 : Operation 927 [1/1] (1.24ns)   --->   "%select_ln161_55 = select i1 %icmp_ln158, i15 68, i15 32661" [cnn_hls.cpp:161]   --->   Operation 927 'select' 'select_ln161_55' <Predicate = true> <Delay = 1.24> <CoreInst = "Sel">   --->   Core 73 'Sel' <Latency = 0> <II = 1> <Delay = 1.24> <FuncUnit> <Opcode : 'select'> <InPorts = 3> <OutPorts = 1>
ST_4 : Operation 928 [1/1] (0.99ns)   --->   "%select_ln161_60 = select i1 %icmp_ln158, i14 30, i14 16341" [cnn_hls.cpp:161]   --->   Operation 928 'select' 'select_ln161_60' <Predicate = true> <Delay = 0.99> <CoreInst = "Sel">   --->   Core 73 'Sel' <Latency = 0> <II = 1> <Delay = 0.99> <FuncUnit> <Opcode : 'select'> <InPorts = 3> <OutPorts = 1>
ST_4 : Operation 929 [1/1] (1.21ns)   --->   "%select_ln161_61 = select i1 %icmp_ln158, i11 15, i11 13" [cnn_hls.cpp:161]   --->   Operation 929 'select' 'select_ln161_61' <Predicate = true> <Delay = 1.21> <CoreInst = "Sel">   --->   Core 73 'Sel' <Latency = 0> <II = 1> <Delay = 1.21> <FuncUnit> <Opcode : 'select'> <InPorts = 3> <OutPorts = 1>
ST_4 : Operation 930 [1/1] (0.99ns)   --->   "%select_ln161_78 = select i1 %icmp_ln158, i13 15, i13 48" [cnn_hls.cpp:161]   --->   Operation 930 'select' 'select_ln161_78' <Predicate = true> <Delay = 0.99> <CoreInst = "Sel">   --->   Core 73 'Sel' <Latency = 0> <II = 1> <Delay = 0.99> <FuncUnit> <Opcode : 'select'> <InPorts = 3> <OutPorts = 1>
ST_4 : Operation 931 [1/1] (1.24ns)   --->   "%select_ln161_86 = select i1 %icmp_ln158, i15 65, i15 32656" [cnn_hls.cpp:161]   --->   Operation 931 'select' 'select_ln161_86' <Predicate = true> <Delay = 1.24> <CoreInst = "Sel">   --->   Core 73 'Sel' <Latency = 0> <II = 1> <Delay = 1.24> <FuncUnit> <Opcode : 'select'> <InPorts = 3> <OutPorts = 1>
ST_4 : Operation 932 [1/1] (0.99ns)   --->   "%select_ln161_97 = select i1 %icmp_ln158, i13 40, i13 15" [cnn_hls.cpp:161]   --->   Operation 932 'select' 'select_ln161_97' <Predicate = true> <Delay = 0.99> <CoreInst = "Sel">   --->   Core 73 'Sel' <Latency = 0> <II = 1> <Delay = 0.99> <FuncUnit> <Opcode : 'select'> <InPorts = 3> <OutPorts = 1>
ST_4 : Operation 933 [1/1] (1.24ns)   --->   "%select_ln161_99 = select i1 %icmp_ln158, i15 40, i15 32689" [cnn_hls.cpp:161]   --->   Operation 933 'select' 'select_ln161_99' <Predicate = true> <Delay = 1.24> <CoreInst = "Sel">   --->   Core 73 'Sel' <Latency = 0> <II = 1> <Delay = 1.24> <FuncUnit> <Opcode : 'select'> <InPorts = 3> <OutPorts = 1>
ST_4 : Operation 934 [1/1] (1.21ns)   --->   "%select_ln161_108 = select i1 %icmp_ln158, i11 5, i11 15" [cnn_hls.cpp:161]   --->   Operation 934 'select' 'select_ln161_108' <Predicate = true> <Delay = 1.21> <CoreInst = "Sel">   --->   Core 73 'Sel' <Latency = 0> <II = 1> <Delay = 1.21> <FuncUnit> <Opcode : 'select'> <InPorts = 3> <OutPorts = 1>
ST_4 : Operation 935 [1/1] (1.18ns)   --->   "%select_ln161_109 = select i1 %icmp_ln158, i12 18, i12 23" [cnn_hls.cpp:161]   --->   Operation 935 'select' 'select_ln161_109' <Predicate = true> <Delay = 1.18> <CoreInst = "Sel">   --->   Core 73 'Sel' <Latency = 0> <II = 1> <Delay = 1.18> <FuncUnit> <Opcode : 'select'> <InPorts = 3> <OutPorts = 1>
ST_4 : Operation 936 [1/1] (1.24ns)   --->   "%select_ln161_116 = select i1 %icmp_ln158, i15 32715, i15 70" [cnn_hls.cpp:161]   --->   Operation 936 'select' 'select_ln161_116' <Predicate = true> <Delay = 1.24> <CoreInst = "Sel">   --->   Core 73 'Sel' <Latency = 0> <II = 1> <Delay = 1.24> <FuncUnit> <Opcode : 'select'> <InPorts = 3> <OutPorts = 1>
ST_4 : Operation 937 [1/1] (1.24ns)   --->   "%select_ln161_126 = select i1 %icmp_ln158, i14 66, i14 60" [cnn_hls.cpp:161]   --->   Operation 937 'select' 'select_ln161_126' <Predicate = true> <Delay = 1.24> <CoreInst = "Sel">   --->   Core 73 'Sel' <Latency = 0> <II = 1> <Delay = 1.24> <FuncUnit> <Opcode : 'select'> <InPorts = 3> <OutPorts = 1>
ST_4 : Operation 938 [1/1] (0.99ns)   --->   "%select_ln161_127 = select i1 %icmp_ln158, i13 29, i13 40" [cnn_hls.cpp:161]   --->   Operation 938 'select' 'select_ln161_127' <Predicate = true> <Delay = 0.99> <CoreInst = "Sel">   --->   Core 73 'Sel' <Latency = 0> <II = 1> <Delay = 0.99> <FuncUnit> <Opcode : 'select'> <InPorts = 3> <OutPorts = 1>
ST_4 : Operation 939 [1/1] (1.24ns)   --->   "%select_ln161_128 = select i1 %icmp_ln158, i15 32739, i15 83" [cnn_hls.cpp:161]   --->   Operation 939 'select' 'select_ln161_128' <Predicate = true> <Delay = 1.24> <CoreInst = "Sel">   --->   Core 73 'Sel' <Latency = 0> <II = 1> <Delay = 1.24> <FuncUnit> <Opcode : 'select'> <InPorts = 3> <OutPorts = 1>
ST_4 : Operation 940 [1/1] (1.18ns)   --->   "%select_ln161_135 = select i1 %icmp_ln158, i12 5, i12 20" [cnn_hls.cpp:161]   --->   Operation 940 'select' 'select_ln161_135' <Predicate = true> <Delay = 1.18> <CoreInst = "Sel">   --->   Core 73 'Sel' <Latency = 0> <II = 1> <Delay = 1.18> <FuncUnit> <Opcode : 'select'> <InPorts = 3> <OutPorts = 1>
ST_4 : Operation 941 [1/1] (1.21ns)   --->   "%select_ln161_136 = select i1 %icmp_ln158, i11 14, i11 9" [cnn_hls.cpp:161]   --->   Operation 941 'select' 'select_ln161_136' <Predicate = true> <Delay = 1.21> <CoreInst = "Sel">   --->   Core 73 'Sel' <Latency = 0> <II = 1> <Delay = 1.21> <FuncUnit> <Opcode : 'select'> <InPorts = 3> <OutPorts = 1>
ST_4 : Operation 942 [1/1] (1.24ns)   --->   "%select_ln161_137 = select i1 %icmp_ln158, i15 32718, i15 76" [cnn_hls.cpp:161]   --->   Operation 942 'select' 'select_ln161_137' <Predicate = true> <Delay = 1.24> <CoreInst = "Sel">   --->   Core 73 'Sel' <Latency = 0> <II = 1> <Delay = 1.24> <FuncUnit> <Opcode : 'select'> <InPorts = 3> <OutPorts = 1>
ST_4 : Operation 943 [1/1] (0.99ns)   --->   "%select_ln161_138 = select i1 %icmp_ln158, i13 40, i13 46" [cnn_hls.cpp:161]   --->   Operation 943 'select' 'select_ln161_138' <Predicate = true> <Delay = 0.99> <CoreInst = "Sel">   --->   Core 73 'Sel' <Latency = 0> <II = 1> <Delay = 0.99> <FuncUnit> <Opcode : 'select'> <InPorts = 3> <OutPorts = 1>
ST_4 : Operation 944 [1/1] (0.99ns)   --->   "%select_ln161_141 = select i1 %icmp_ln158, i13 36, i13 48" [cnn_hls.cpp:161]   --->   Operation 944 'select' 'select_ln161_141' <Predicate = true> <Delay = 0.99> <CoreInst = "Sel">   --->   Core 73 'Sel' <Latency = 0> <II = 1> <Delay = 0.99> <FuncUnit> <Opcode : 'select'> <InPorts = 3> <OutPorts = 1>
ST_4 : Operation 945 [1/3] (0.00ns) (grouped into DSP with root node add_ln162_126)   --->   "%mul_ln162 = mul i15 %select_ln161_110, i15 %zext_ln161_128_cast" [cnn_hls.cpp:162]   --->   Operation 945 'mul' 'mul_ln162' <Predicate = true> <Delay = 0.00> <CoreInst = "DSP48">   --->   Core 116 'DSP48' <Latency = 3> <II = 1> <Delay = 2.15> <IPBlock> <Opcode : 'add' 'sub' 'mul' 'select'> <InPorts = 0> <OutPorts = 1> <Sync> <CReg>
ST_4 : Operation 946 [1/1] (0.00ns) (grouped into DSP with root node add_ln162_126)   --->   "%sext_ln162 = sext i15 %mul_ln162" [cnn_hls.cpp:162]   --->   Operation 946 'sext' 'sext_ln162' <Predicate = true> <Delay = 0.00>
ST_4 : Operation 947 [1/1] (3.74ns)   --->   "%mul_ln162_1 = mul i12 %select_ln161_109, i12 %zext_ln161_127_cast" [cnn_hls.cpp:162]   --->   Operation 947 'mul' 'mul_ln162_1' <Predicate = true> <Delay = 3.74> <CoreInst = "Multiplier">   --->   Core 3 'Multiplier' <Latency = 0> <II = 1> <Delay = 3.74> <FuncUnit> <Opcode : 'mul'> <InPorts = 2> <OutPorts = 1>
ST_4 : Operation 948 [1/1] (0.00ns)   --->   "%zext_ln162 = zext i12 %mul_ln162_1" [cnn_hls.cpp:162]   --->   Operation 948 'zext' 'zext_ln162' <Predicate = true> <Delay = 0.00>
ST_4 : Operation 949 [1/1] (3.74ns)   --->   "%mul_ln162_2 = mul i11 %select_ln161_108, i11 %zext_ln161_126_cast" [cnn_hls.cpp:162]   --->   Operation 949 'mul' 'mul_ln162_2' <Predicate = true> <Delay = 3.74> <CoreInst = "Multiplier">   --->   Core 3 'Multiplier' <Latency = 0> <II = 1> <Delay = 3.74> <FuncUnit> <Opcode : 'mul'> <InPorts = 2> <OutPorts = 1>
ST_4 : Operation 950 [1/1] (0.00ns)   --->   "%zext_ln162_1 = zext i11 %mul_ln162_2" [cnn_hls.cpp:162]   --->   Operation 950 'zext' 'zext_ln162_1' <Predicate = true> <Delay = 0.00>
ST_4 : Operation 951 [1/3] (0.00ns) (grouped into DSP with root node add_ln162_124)   --->   "%mul_ln162_3 = mul i15 %select_ln161_107, i15 %zext_ln161_125_cast" [cnn_hls.cpp:162]   --->   Operation 951 'mul' 'mul_ln162_3' <Predicate = true> <Delay = 0.00> <CoreInst = "DSP48">   --->   Core 116 'DSP48' <Latency = 3> <II = 1> <Delay = 2.15> <IPBlock> <Opcode : 'add' 'sub' 'mul' 'select'> <InPorts = 0> <OutPorts = 1> <Sync> <CReg>
ST_4 : Operation 952 [1/3] (0.00ns) (grouped into DSP with root node add_ln162_121)   --->   "%mul_ln162_6 = mul i12 %select_ln161_105, i12 %zext_ln161_122_cast" [cnn_hls.cpp:162]   --->   Operation 952 'mul' 'mul_ln162_6' <Predicate = true> <Delay = 0.00> <CoreInst = "DSP48">   --->   Core 116 'DSP48' <Latency = 3> <II = 1> <Delay = 2.15> <IPBlock> <Opcode : 'add' 'sub' 'mul' 'select'> <InPorts = 0> <OutPorts = 1> <Sync> <CReg>
ST_4 : Operation 953 [1/1] (0.00ns) (grouped into DSP with root node add_ln162_121)   --->   "%sext_ln162_2 = sext i12 %mul_ln162_6" [cnn_hls.cpp:162]   --->   Operation 953 'sext' 'sext_ln162_2' <Predicate = true> <Delay = 0.00>
ST_4 : Operation 954 [1/3] (0.00ns) (grouped into DSP with root node add_ln162_119)   --->   "%mul_ln162_9 = mul i12 %select_ln161_103, i12 %zext_ln161_119_cast" [cnn_hls.cpp:162]   --->   Operation 954 'mul' 'mul_ln162_9' <Predicate = true> <Delay = 0.00> <CoreInst = "DSP48">   --->   Core 116 'DSP48' <Latency = 3> <II = 1> <Delay = 2.15> <IPBlock> <Opcode : 'add' 'sub' 'mul' 'select'> <InPorts = 0> <OutPorts = 1> <Sync> <CReg>
ST_4 : Operation 955 [1/1] (0.00ns) (grouped into DSP with root node add_ln162_119)   --->   "%sext_ln162_5 = sext i12 %mul_ln162_9" [cnn_hls.cpp:162]   --->   Operation 955 'sext' 'sext_ln162_5' <Predicate = true> <Delay = 0.00>
ST_4 : Operation 956 [1/3] (0.00ns) (grouped into DSP with root node add_ln162_114)   --->   "%mul_ln162_12 = mul i15 %select_ln161_100, i15 %zext_ln161_116_cast" [cnn_hls.cpp:162]   --->   Operation 956 'mul' 'mul_ln162_12' <Predicate = true> <Delay = 0.00> <CoreInst = "DSP48">   --->   Core 116 'DSP48' <Latency = 3> <II = 1> <Delay = 2.15> <IPBlock> <Opcode : 'add' 'sub' 'mul' 'select'> <InPorts = 0> <OutPorts = 1> <Sync> <CReg>
ST_4 : Operation 957 [1/1] (0.00ns) (grouped into DSP with root node add_ln162_114)   --->   "%sext_ln162_7 = sext i15 %mul_ln162_12" [cnn_hls.cpp:162]   --->   Operation 957 'sext' 'sext_ln162_7' <Predicate = true> <Delay = 0.00>
ST_4 : Operation 958 [1/1] (4.17ns)   --->   "%mul_ln162_13 = mul i15 %select_ln161_99, i15 %zext_ln161_115_cast" [cnn_hls.cpp:162]   --->   Operation 958 'mul' 'mul_ln162_13' <Predicate = true> <Delay = 4.17> <CoreInst = "Multiplier">   --->   Core 3 'Multiplier' <Latency = 0> <II = 1> <Delay = 4.17> <FuncUnit> <Opcode : 'mul'> <InPorts = 2> <OutPorts = 1>
ST_4 : Operation 959 [1/1] (0.00ns)   --->   "%sext_ln162_8 = sext i15 %mul_ln162_13" [cnn_hls.cpp:162]   --->   Operation 959 'sext' 'sext_ln162_8' <Predicate = true> <Delay = 0.00>
ST_4 : Operation 960 [1/3] (0.00ns) (grouped into DSP with root node add_ln162_111)   --->   "%mul_ln162_14 = mul i14 %select_ln161_98, i14 %zext_ln161_114_cast" [cnn_hls.cpp:162]   --->   Operation 960 'mul' 'mul_ln162_14' <Predicate = true> <Delay = 0.00> <CoreInst = "DSP48">   --->   Core 116 'DSP48' <Latency = 3> <II = 1> <Delay = 2.15> <IPBlock> <Opcode : 'add' 'sub' 'mul' 'select'> <InPorts = 0> <OutPorts = 1> <Sync> <CReg>
ST_4 : Operation 961 [1/1] (0.00ns) (grouped into DSP with root node add_ln162_111)   --->   "%sext_ln162_9 = sext i14 %mul_ln162_14" [cnn_hls.cpp:162]   --->   Operation 961 'sext' 'sext_ln162_9' <Predicate = true> <Delay = 0.00>
ST_4 : Operation 962 [1/1] (3.74ns)   --->   "%mul_ln162_15 = mul i13 %select_ln161_97, i13 %zext_ln161_113_cast" [cnn_hls.cpp:162]   --->   Operation 962 'mul' 'mul_ln162_15' <Predicate = true> <Delay = 3.74> <CoreInst = "Multiplier">   --->   Core 3 'Multiplier' <Latency = 0> <II = 1> <Delay = 3.74> <FuncUnit> <Opcode : 'mul'> <InPorts = 2> <OutPorts = 1>
ST_4 : Operation 963 [1/3] (0.00ns) (grouped into DSP with root node add_ln162_109)   --->   "%mul_ln162_18 = mul i13 %select_ln161_94, i13 %zext_ln161_110_cast" [cnn_hls.cpp:162]   --->   Operation 963 'mul' 'mul_ln162_18' <Predicate = true> <Delay = 0.00> <CoreInst = "DSP48">   --->   Core 116 'DSP48' <Latency = 3> <II = 1> <Delay = 2.15> <IPBlock> <Opcode : 'add' 'sub' 'mul' 'select'> <InPorts = 0> <OutPorts = 1> <Sync> <CReg>
ST_4 : Operation 964 [1/1] (0.00ns) (grouped into DSP with root node add_ln162_109)   --->   "%sext_ln162_12 = sext i13 %mul_ln162_18" [cnn_hls.cpp:162]   --->   Operation 964 'sext' 'sext_ln162_12' <Predicate = true> <Delay = 0.00>
ST_4 : Operation 965 [1/3] (0.00ns) (grouped into DSP with root node add_ln162_107)   --->   "%mul_ln162_21 = mul i13 %select_ln161_91, i13 %zext_ln161_107_cast" [cnn_hls.cpp:162]   --->   Operation 965 'mul' 'mul_ln162_21' <Predicate = true> <Delay = 0.00> <CoreInst = "DSP48">   --->   Core 116 'DSP48' <Latency = 3> <II = 1> <Delay = 2.15> <IPBlock> <Opcode : 'add' 'sub' 'mul' 'select'> <InPorts = 0> <OutPorts = 1> <Sync> <CReg>
ST_4 : Operation 966 [1/1] (0.00ns) (grouped into DSP with root node add_ln162_107)   --->   "%sext_ln162_14 = sext i13 %mul_ln162_21" [cnn_hls.cpp:162]   --->   Operation 966 'sext' 'sext_ln162_14' <Predicate = true> <Delay = 0.00>
ST_4 : Operation 967 [1/3] (0.00ns) (grouped into DSP with root node add_ln162_103)   --->   "%mul_ln162_24 = mul i13 %select_ln161_88, i13 %zext_ln161_104_cast" [cnn_hls.cpp:162]   --->   Operation 967 'mul' 'mul_ln162_24' <Predicate = true> <Delay = 0.00> <CoreInst = "DSP48">   --->   Core 116 'DSP48' <Latency = 3> <II = 1> <Delay = 2.15> <IPBlock> <Opcode : 'add' 'sub' 'mul' 'select'> <InPorts = 0> <OutPorts = 1> <Sync> <CReg>
ST_4 : Operation 968 [1/1] (0.00ns) (grouped into DSP with root node add_ln162_103)   --->   "%sext_ln162_16 = sext i13 %mul_ln162_24" [cnn_hls.cpp:162]   --->   Operation 968 'sext' 'sext_ln162_16' <Predicate = true> <Delay = 0.00>
ST_4 : Operation 969 [1/3] (0.00ns) (grouped into DSP with root node add_ln162_100)   --->   "%mul_ln162_25 = mul i15 %select_ln161_87, i15 %zext_ln161_103_cast" [cnn_hls.cpp:162]   --->   Operation 969 'mul' 'mul_ln162_25' <Predicate = true> <Delay = 0.00> <CoreInst = "DSP48">   --->   Core 116 'DSP48' <Latency = 3> <II = 1> <Delay = 2.15> <IPBlock> <Opcode : 'add' 'sub' 'mul' 'select'> <InPorts = 0> <OutPorts = 1> <Sync> <CReg>
ST_4 : Operation 970 [1/1] (0.00ns) (grouped into DSP with root node add_ln162_100)   --->   "%sext_ln162_17 = sext i15 %mul_ln162_25" [cnn_hls.cpp:162]   --->   Operation 970 'sext' 'sext_ln162_17' <Predicate = true> <Delay = 0.00>
ST_4 : Operation 971 [1/1] (4.17ns)   --->   "%mul_ln162_26 = mul i15 %select_ln161_86, i15 %zext_ln161_102_cast" [cnn_hls.cpp:162]   --->   Operation 971 'mul' 'mul_ln162_26' <Predicate = true> <Delay = 4.17> <CoreInst = "Multiplier">   --->   Core 3 'Multiplier' <Latency = 0> <II = 1> <Delay = 4.17> <FuncUnit> <Opcode : 'mul'> <InPorts = 2> <OutPorts = 1>
ST_4 : Operation 972 [1/1] (0.00ns)   --->   "%sext_ln162_18 = sext i15 %mul_ln162_26" [cnn_hls.cpp:162]   --->   Operation 972 'sext' 'sext_ln162_18' <Predicate = true> <Delay = 0.00>
ST_4 : Operation 973 [1/3] (0.00ns) (grouped into DSP with root node add_ln162_98)   --->   "%mul_ln162_30 = mul i13 %select_ln161_83, i13 %zext_ln161_98_cast" [cnn_hls.cpp:162]   --->   Operation 973 'mul' 'mul_ln162_30' <Predicate = true> <Delay = 0.00> <CoreInst = "DSP48">   --->   Core 116 'DSP48' <Latency = 3> <II = 1> <Delay = 2.15> <IPBlock> <Opcode : 'add' 'sub' 'mul' 'select'> <InPorts = 0> <OutPorts = 1> <Sync> <CReg>
ST_4 : Operation 974 [1/1] (0.00ns) (grouped into DSP with root node add_ln162_98)   --->   "%sext_ln162_22 = sext i13 %mul_ln162_30" [cnn_hls.cpp:162]   --->   Operation 974 'sext' 'sext_ln162_22' <Predicate = true> <Delay = 0.00>
ST_4 : Operation 975 [1/1] (0.00ns)   --->   "%tmp_16 = bitconcatenate i11 @_ssdm_op_BitConcatenate.i11.i7.i4, i7 %zext_ln161_97_read, i4 0" [cnn_hls.cpp:162]   --->   Operation 975 'bitconcatenate' 'tmp_16' <Predicate = (icmp_ln158)> <Delay = 0.00>
ST_4 : Operation 976 [1/1] (0.00ns)   --->   "%zext_ln162_26 = zext i11 %tmp_16" [cnn_hls.cpp:162]   --->   Operation 976 'zext' 'zext_ln162_26' <Predicate = (icmp_ln158)> <Delay = 0.00>
ST_4 : Operation 977 [1/1] (0.00ns) (grouped into TernaryAdder)   --->   "%sub_ln162_2 = sub i13 0, i13 %zext_ln162_26" [cnn_hls.cpp:162]   --->   Operation 977 'sub' 'sub_ln162_2' <Predicate = (icmp_ln158)> <Delay = 0.00> <CoreInst = "TAddSub">   --->   Core 10 'TAddSub' <Latency = 0> <II = 1> <Delay = 1.99> <IPBlock> <Opcode : 'add' 'sub'> <InPorts = 3> <OutPorts = 1> <Sync> <CReg>
ST_4 : Operation 978 [1/1] (0.00ns)   --->   "%tmp_17 = bitconcatenate i9 @_ssdm_op_BitConcatenate.i9.i7.i2, i7 %zext_ln161_97_read, i2 0" [cnn_hls.cpp:162]   --->   Operation 978 'bitconcatenate' 'tmp_17' <Predicate = (icmp_ln158)> <Delay = 0.00>
ST_4 : Operation 979 [1/1] (0.00ns)   --->   "%zext_ln162_37 = zext i9 %tmp_17" [cnn_hls.cpp:162]   --->   Operation 979 'zext' 'zext_ln162_37' <Predicate = (icmp_ln158)> <Delay = 0.00>
ST_4 : Operation 980 [1/1] (3.78ns) (root node of TernaryAdder)   --->   "%sub_ln162_3 = sub i13 %sub_ln162_2, i13 %zext_ln162_37" [cnn_hls.cpp:162]   --->   Operation 980 'sub' 'sub_ln162_3' <Predicate = (icmp_ln158)> <Delay = 3.78> <CoreInst = "TAddSub">   --->   Core 10 'TAddSub' <Latency = 0> <II = 1> <Delay = 1.99> <IPBlock> <Opcode : 'add' 'sub'> <InPorts = 3> <OutPorts = 1> <Sync> <CReg>
ST_4 : Operation 981 [1/1] (0.00ns)   --->   "%shl_ln162_1 = bitconcatenate i11 @_ssdm_op_BitConcatenate.i11.i7.i4, i7 %x_230_read, i4 0" [cnn_hls.cpp:162]   --->   Operation 981 'bitconcatenate' 'shl_ln162_1' <Predicate = (!icmp_ln158)> <Delay = 0.00>
ST_4 : Operation 982 [1/1] (0.00ns)   --->   "%zext_ln162_4 = zext i11 %shl_ln162_1" [cnn_hls.cpp:162]   --->   Operation 982 'zext' 'zext_ln162_4' <Predicate = (!icmp_ln158)> <Delay = 0.00>
ST_4 : Operation 983 [1/1] (0.69ns)   --->   "%select_ln162_4 = select i1 %icmp_ln158, i13 %sub_ln162_3, i13 %zext_ln162_4" [cnn_hls.cpp:162]   --->   Operation 983 'select' 'select_ln162_4' <Predicate = true> <Delay = 0.69> <CoreInst = "Sel">   --->   Core 73 'Sel' <Latency = 0> <II = 1> <Delay = 0.69> <FuncUnit> <Opcode : 'select'> <InPorts = 3> <OutPorts = 1>
ST_4 : Operation 984 [1/1] (0.00ns)   --->   "%sext_ln162_23 = sext i13 %select_ln162_4" [cnn_hls.cpp:162]   --->   Operation 984 'sext' 'sext_ln162_23' <Predicate = true> <Delay = 0.00>
ST_4 : Operation 985 [1/3] (0.00ns) (grouped into DSP with root node add_ln162_95)   --->   "%mul_ln162_32 = mul i14 %select_ln161_82, i14 %zext_ln161_96_cast" [cnn_hls.cpp:162]   --->   Operation 985 'mul' 'mul_ln162_32' <Predicate = true> <Delay = 0.00> <CoreInst = "DSP48">   --->   Core 116 'DSP48' <Latency = 3> <II = 1> <Delay = 2.15> <IPBlock> <Opcode : 'add' 'sub' 'mul' 'select'> <InPorts = 0> <OutPorts = 1> <Sync> <CReg>
ST_4 : Operation 986 [1/1] (0.00ns) (grouped into DSP with root node add_ln162_95)   --->   "%sext_ln162_24 = sext i14 %mul_ln162_32" [cnn_hls.cpp:162]   --->   Operation 986 'sext' 'sext_ln162_24' <Predicate = true> <Delay = 0.00>
ST_4 : Operation 987 [1/1] (3.74ns)   --->   "%mul_ln162_36 = mul i13 %select_ln161_78, i13 %zext_ln161_92_cast" [cnn_hls.cpp:162]   --->   Operation 987 'mul' 'mul_ln162_36' <Predicate = true> <Delay = 3.74> <CoreInst = "Multiplier">   --->   Core 3 'Multiplier' <Latency = 0> <II = 1> <Delay = 3.74> <FuncUnit> <Opcode : 'mul'> <InPorts = 2> <OutPorts = 1>
ST_4 : Operation 988 [1/1] (0.00ns)   --->   "%zext_ln162_6 = zext i13 %mul_ln162_36" [cnn_hls.cpp:162]   --->   Operation 988 'zext' 'zext_ln162_6' <Predicate = true> <Delay = 0.00>
ST_4 : Operation 989 [1/3] (0.00ns) (grouped into DSP with root node add_ln162_87)   --->   "%mul_ln162_39 = mul i13 %select_ln161_75, i13 %zext_ln161_89_cast" [cnn_hls.cpp:162]   --->   Operation 989 'mul' 'mul_ln162_39' <Predicate = true> <Delay = 0.00> <CoreInst = "DSP48">   --->   Core 116 'DSP48' <Latency = 3> <II = 1> <Delay = 2.15> <IPBlock> <Opcode : 'add' 'sub' 'mul' 'select'> <InPorts = 0> <OutPorts = 1> <Sync> <CReg>
ST_4 : Operation 990 [1/1] (0.00ns) (grouped into DSP with root node add_ln162_87)   --->   "%sext_ln162_26 = sext i13 %mul_ln162_39" [cnn_hls.cpp:162]   --->   Operation 990 'sext' 'sext_ln162_26' <Predicate = true> <Delay = 0.00>
ST_4 : Operation 991 [1/3] (0.00ns) (grouped into DSP with root node add_ln162_84)   --->   "%mul_ln162_42 = mul i15 %select_ln161_72, i15 %zext_ln161_86_cast" [cnn_hls.cpp:162]   --->   Operation 991 'mul' 'mul_ln162_42' <Predicate = true> <Delay = 0.00> <CoreInst = "DSP48">   --->   Core 116 'DSP48' <Latency = 3> <II = 1> <Delay = 2.15> <IPBlock> <Opcode : 'add' 'sub' 'mul' 'select'> <InPorts = 0> <OutPorts = 1> <Sync> <CReg>
ST_4 : Operation 992 [1/1] (0.00ns) (grouped into DSP with root node add_ln162_84)   --->   "%sext_ln162_29 = sext i15 %mul_ln162_42" [cnn_hls.cpp:162]   --->   Operation 992 'sext' 'sext_ln162_29' <Predicate = true> <Delay = 0.00>
ST_4 : Operation 993 [1/3] (0.00ns) (grouped into DSP with root node add_ln162_82)   --->   "%mul_ln162_45 = mul i10 %select_ln161_69, i10 %zext_ln161_83_cast" [cnn_hls.cpp:162]   --->   Operation 993 'mul' 'mul_ln162_45' <Predicate = true> <Delay = 0.00> <CoreInst = "DSP48">   --->   Core 116 'DSP48' <Latency = 3> <II = 1> <Delay = 2.15> <IPBlock> <Opcode : 'add' 'sub' 'mul' 'select'> <InPorts = 0> <OutPorts = 1> <Sync> <CReg>
ST_4 : Operation 994 [1/1] (0.00ns) (grouped into DSP with root node add_ln162_82)   --->   "%sext_ln162_31 = sext i10 %mul_ln162_45" [cnn_hls.cpp:162]   --->   Operation 994 'sext' 'sext_ln162_31' <Predicate = true> <Delay = 0.00>
ST_4 : Operation 995 [1/3] (0.00ns) (grouped into DSP with root node add_ln162_78)   --->   "%mul_ln162_48 = mul i14 %select_ln161_67, i14 %zext_ln161_80_cast" [cnn_hls.cpp:162]   --->   Operation 995 'mul' 'mul_ln162_48' <Predicate = true> <Delay = 0.00> <CoreInst = "DSP48">   --->   Core 116 'DSP48' <Latency = 3> <II = 1> <Delay = 2.15> <IPBlock> <Opcode : 'add' 'sub' 'mul' 'select'> <InPorts = 0> <OutPorts = 1> <Sync> <CReg>
ST_4 : Operation 996 [1/1] (0.00ns) (grouped into DSP with root node add_ln162_78)   --->   "%sext_ln162_33 = sext i14 %mul_ln162_48" [cnn_hls.cpp:162]   --->   Operation 996 'sext' 'sext_ln162_33' <Predicate = true> <Delay = 0.00>
ST_4 : Operation 997 [1/1] (0.00ns)   --->   "%tmp_18 = bitconcatenate i10 @_ssdm_op_BitConcatenate.i10.i7.i3, i7 %zext_ln161_77_read, i3 0" [cnn_hls.cpp:162]   --->   Operation 997 'bitconcatenate' 'tmp_18' <Predicate = (icmp_ln158)> <Delay = 0.00>
ST_4 : Operation 998 [1/1] (0.00ns)   --->   "%zext_ln162_51 = zext i10 %tmp_18" [cnn_hls.cpp:162]   --->   Operation 998 'zext' 'zext_ln162_51' <Predicate = (icmp_ln158)> <Delay = 0.00>
ST_4 : Operation 999 [1/1] (1.73ns)   --->   "%sub_ln162_4 = sub i11 %zext_ln161_77_cast, i11 %zext_ln162_51" [cnn_hls.cpp:162]   --->   Operation 999 'sub' 'sub_ln162_4' <Predicate = (icmp_ln158)> <Delay = 1.73> <CoreInst = "Adder">   --->   Core 1 'Adder' <Latency = 0> <II = 1> <Delay = 1.73> <FuncUnit> <Opcode : 'add' 'sub'> <InPorts = 2> <OutPorts = 1>
ST_4 : Operation 1000 [1/1] (0.00ns) (grouped into LUT with out node add_ln162_76)   --->   "%sext_ln162_35 = sext i11 %sub_ln162_4" [cnn_hls.cpp:162]   --->   Operation 1000 'sext' 'sext_ln162_35' <Predicate = (icmp_ln158)> <Delay = 0.00>
ST_4 : Operation 1001 [1/1] (0.00ns) (grouped into LUT with out node add_ln162_76)   --->   "%shl_ln162_3 = bitconcatenate i11 @_ssdm_op_BitConcatenate.i11.i7.i4, i7 %x_210_read, i4 0" [cnn_hls.cpp:162]   --->   Operation 1001 'bitconcatenate' 'shl_ln162_3' <Predicate = (!icmp_ln158)> <Delay = 0.00>
ST_4 : Operation 1002 [1/1] (0.00ns) (grouped into LUT with out node add_ln162_76)   --->   "%zext_ln162_9 = zext i11 %shl_ln162_3" [cnn_hls.cpp:162]   --->   Operation 1002 'zext' 'zext_ln162_9' <Predicate = (!icmp_ln158)> <Delay = 0.00>
ST_4 : Operation 1003 [1/1] (0.00ns) (grouped into LUT with out node add_ln162_76)   --->   "%select_ln162_6 = select i1 %icmp_ln158, i12 %sext_ln162_35, i12 %zext_ln162_9" [cnn_hls.cpp:162]   --->   Operation 1003 'select' 'select_ln162_6' <Predicate = true> <Delay = 0.00> <CoreInst = "Sel">   --->   Core 73 'Sel' <Latency = 0> <II = 1> <Delay = 0.69> <FuncUnit> <Opcode : 'select'> <InPorts = 3> <OutPorts = 1>
ST_4 : Operation 1004 [1/1] (0.00ns) (grouped into LUT with out node add_ln162_76)   --->   "%sext_ln162_36 = sext i12 %select_ln162_6" [cnn_hls.cpp:162]   --->   Operation 1004 'sext' 'sext_ln162_36' <Predicate = true> <Delay = 0.00>
ST_4 : Operation 1005 [1/3] (0.00ns) (grouped into DSP with root node add_ln162_73)   --->   "%mul_ln162_54 = mul i15 %select_ln161_62, i15 %zext_ln161_74_cast" [cnn_hls.cpp:162]   --->   Operation 1005 'mul' 'mul_ln162_54' <Predicate = true> <Delay = 0.00> <CoreInst = "DSP48">   --->   Core 116 'DSP48' <Latency = 3> <II = 1> <Delay = 2.15> <IPBlock> <Opcode : 'add' 'sub' 'mul' 'select'> <InPorts = 0> <OutPorts = 1> <Sync> <CReg>
ST_4 : Operation 1006 [1/1] (0.00ns) (grouped into DSP with root node add_ln162_73)   --->   "%sext_ln162_38 = sext i15 %mul_ln162_54" [cnn_hls.cpp:162]   --->   Operation 1006 'sext' 'sext_ln162_38' <Predicate = true> <Delay = 0.00>
ST_4 : Operation 1007 [1/1] (3.74ns)   --->   "%mul_ln162_55 = mul i11 %select_ln161_61, i11 %zext_ln161_73_cast" [cnn_hls.cpp:162]   --->   Operation 1007 'mul' 'mul_ln162_55' <Predicate = true> <Delay = 3.74> <CoreInst = "Multiplier">   --->   Core 3 'Multiplier' <Latency = 0> <II = 1> <Delay = 3.74> <FuncUnit> <Opcode : 'mul'> <InPorts = 2> <OutPorts = 1>
ST_4 : Operation 1008 [1/1] (0.00ns)   --->   "%zext_ln162_10 = zext i11 %mul_ln162_55" [cnn_hls.cpp:162]   --->   Operation 1008 'zext' 'zext_ln162_10' <Predicate = true> <Delay = 0.00>
ST_4 : Operation 1009 [1/1] (3.74ns)   --->   "%mul_ln162_56 = mul i14 %select_ln161_60, i14 %zext_ln161_72_cast" [cnn_hls.cpp:162]   --->   Operation 1009 'mul' 'mul_ln162_56' <Predicate = true> <Delay = 3.74> <CoreInst = "Multiplier">   --->   Core 3 'Multiplier' <Latency = 0> <II = 1> <Delay = 3.74> <FuncUnit> <Opcode : 'mul'> <InPorts = 2> <OutPorts = 1>
ST_4 : Operation 1010 [1/1] (3.74ns)   --->   "%mul_ln162_194 = mul i14 %zext_ln161_71_cast, i14 16330" [cnn_hls.cpp:162]   --->   Operation 1010 'mul' 'mul_ln162_194' <Predicate = (icmp_ln158)> <Delay = 3.74> <CoreInst = "Multiplier">   --->   Core 3 'Multiplier' <Latency = 0> <II = 1> <Delay = 3.74> <FuncUnit> <Opcode : 'mul'> <InPorts = 2> <OutPorts = 1>
ST_4 : Operation 1011 [1/1] (3.74ns)   --->   "%mul_ln162_195 = mul i14 %zext_ln161_71_cast, i14 16352" [cnn_hls.cpp:162]   --->   Operation 1011 'mul' 'mul_ln162_195' <Predicate = (!icmp_ln158)> <Delay = 3.74> <CoreInst = "Multiplier">   --->   Core 3 'Multiplier' <Latency = 0> <II = 1> <Delay = 3.74> <FuncUnit> <Opcode : 'mul'> <InPorts = 2> <OutPorts = 1>
ST_4 : Operation 1012 [1/1] (0.00ns) (grouped into LUT with out node add_ln162_71)   --->   "%select_ln162_8 = select i1 %icmp_ln158, i14 %mul_ln162_194, i14 %mul_ln162_195" [cnn_hls.cpp:162]   --->   Operation 1012 'select' 'select_ln162_8' <Predicate = true> <Delay = 0.00> <CoreInst = "Sel">   --->   Core 73 'Sel' <Latency = 0> <II = 1> <Delay = 0.70> <FuncUnit> <Opcode : 'select'> <InPorts = 3> <OutPorts = 1>
ST_4 : Operation 1013 [1/1] (0.00ns) (grouped into LUT with out node add_ln162_71)   --->   "%sext_ln162_39 = sext i14 %select_ln162_8" [cnn_hls.cpp:162]   --->   Operation 1013 'sext' 'sext_ln162_39' <Predicate = true> <Delay = 0.00>
ST_4 : Operation 1014 [1/3] (0.00ns) (grouped into DSP with root node add_ln162_66)   --->   "%mul_ln162_60 = mul i14 %select_ln161_57, i14 %zext_ln161_68_cast" [cnn_hls.cpp:162]   --->   Operation 1014 'mul' 'mul_ln162_60' <Predicate = true> <Delay = 0.00> <CoreInst = "DSP48">   --->   Core 116 'DSP48' <Latency = 3> <II = 1> <Delay = 2.15> <IPBlock> <Opcode : 'add' 'sub' 'mul' 'select'> <InPorts = 0> <OutPorts = 1> <Sync> <CReg>
ST_4 : Operation 1015 [1/1] (0.00ns) (grouped into DSP with root node add_ln162_66)   --->   "%sext_ln162_41 = sext i14 %mul_ln162_60" [cnn_hls.cpp:162]   --->   Operation 1015 'sext' 'sext_ln162_41' <Predicate = true> <Delay = 0.00>
ST_4 : Operation 1016 [1/3] (0.00ns) (grouped into DSP with root node add_ln162_63)   --->   "%mul_ln162_61 = mul i15 %select_ln161_56, i15 %zext_ln161_67_cast" [cnn_hls.cpp:162]   --->   Operation 1016 'mul' 'mul_ln162_61' <Predicate = true> <Delay = 0.00> <CoreInst = "DSP48">   --->   Core 116 'DSP48' <Latency = 3> <II = 1> <Delay = 2.15> <IPBlock> <Opcode : 'add' 'sub' 'mul' 'select'> <InPorts = 0> <OutPorts = 1> <Sync> <CReg>
ST_4 : Operation 1017 [1/1] (0.00ns) (grouped into DSP with root node add_ln162_63)   --->   "%sext_ln162_42 = sext i15 %mul_ln162_61" [cnn_hls.cpp:162]   --->   Operation 1017 'sext' 'sext_ln162_42' <Predicate = true> <Delay = 0.00>
ST_4 : Operation 1018 [1/1] (4.17ns)   --->   "%mul_ln162_62 = mul i15 %select_ln161_55, i15 %zext_ln161_66_cast" [cnn_hls.cpp:162]   --->   Operation 1018 'mul' 'mul_ln162_62' <Predicate = true> <Delay = 4.17> <CoreInst = "Multiplier">   --->   Core 3 'Multiplier' <Latency = 0> <II = 1> <Delay = 4.17> <FuncUnit> <Opcode : 'mul'> <InPorts = 2> <OutPorts = 1>
ST_4 : Operation 1019 [1/1] (0.00ns)   --->   "%sext_ln162_43 = sext i15 %mul_ln162_62" [cnn_hls.cpp:162]   --->   Operation 1019 'sext' 'sext_ln162_43' <Predicate = true> <Delay = 0.00>
ST_4 : Operation 1020 [1/1] (3.74ns)   --->   "%mul_ln162_63 = mul i12 %select_ln161_54, i12 %zext_ln161_65_cast" [cnn_hls.cpp:162]   --->   Operation 1020 'mul' 'mul_ln162_63' <Predicate = true> <Delay = 3.74> <CoreInst = "Multiplier">   --->   Core 3 'Multiplier' <Latency = 0> <II = 1> <Delay = 3.74> <FuncUnit> <Opcode : 'mul'> <InPorts = 2> <OutPorts = 1>
ST_4 : Operation 1021 [1/3] (0.00ns) (grouped into DSP with root node add_ln162_61)   --->   "%mul_ln162_65 = mul i15 %select_ln161_51, i15 %zext_ln161_62_cast" [cnn_hls.cpp:162]   --->   Operation 1021 'mul' 'mul_ln162_65' <Predicate = true> <Delay = 0.00> <CoreInst = "DSP48">   --->   Core 116 'DSP48' <Latency = 3> <II = 1> <Delay = 2.15> <IPBlock> <Opcode : 'add' 'sub' 'mul' 'select'> <InPorts = 0> <OutPorts = 1> <Sync> <CReg>
ST_4 : Operation 1022 [1/1] (0.00ns) (grouped into DSP with root node add_ln162_61)   --->   "%sext_ln162_45 = sext i15 %mul_ln162_65" [cnn_hls.cpp:162]   --->   Operation 1022 'sext' 'sext_ln162_45' <Predicate = true> <Delay = 0.00>
ST_4 : Operation 1023 [1/1] (3.74ns)   --->   "%mul_ln162_66 = mul i13 %select_ln161_50, i13 %zext_ln161_61_cast" [cnn_hls.cpp:162]   --->   Operation 1023 'mul' 'mul_ln162_66' <Predicate = true> <Delay = 3.74> <CoreInst = "Multiplier">   --->   Core 3 'Multiplier' <Latency = 0> <II = 1> <Delay = 3.74> <FuncUnit> <Opcode : 'mul'> <InPorts = 2> <OutPorts = 1>
ST_4 : Operation 1024 [1/1] (0.00ns) (grouped into LUT with out node add_ln162_58)   --->   "%zext_ln162_12 = zext i13 %mul_ln162_66" [cnn_hls.cpp:162]   --->   Operation 1024 'zext' 'zext_ln162_12' <Predicate = true> <Delay = 0.00>
ST_4 : Operation 1025 [1/1] (3.74ns)   --->   "%mul_ln162_196 = mul i12 %zext_ln161_60_cast, i12 4092" [cnn_hls.cpp:162]   --->   Operation 1025 'mul' 'mul_ln162_196' <Predicate = (icmp_ln158)> <Delay = 3.74> <CoreInst = "Multiplier">   --->   Core 3 'Multiplier' <Latency = 0> <II = 1> <Delay = 3.74> <FuncUnit> <Opcode : 'mul'> <InPorts = 2> <OutPorts = 1>
ST_4 : Operation 1026 [1/1] (3.74ns)   --->   "%mul_ln162_197 = mul i12 %zext_ln161_60_cast, i12 15" [cnn_hls.cpp:162]   --->   Operation 1026 'mul' 'mul_ln162_197' <Predicate = (!icmp_ln158)> <Delay = 3.74> <CoreInst = "Multiplier">   --->   Core 3 'Multiplier' <Latency = 0> <II = 1> <Delay = 3.74> <FuncUnit> <Opcode : 'mul'> <InPorts = 2> <OutPorts = 1>
ST_4 : Operation 1027 [1/1] (0.00ns) (grouped into LUT with out node add_ln162_58)   --->   "%select_ln162_9 = select i1 %icmp_ln158, i12 %mul_ln162_196, i12 %mul_ln162_197" [cnn_hls.cpp:162]   --->   Operation 1027 'select' 'select_ln162_9' <Predicate = true> <Delay = 0.00> <CoreInst = "Sel">   --->   Core 73 'Sel' <Latency = 0> <II = 1> <Delay = 0.69> <FuncUnit> <Opcode : 'select'> <InPorts = 3> <OutPorts = 1>
ST_4 : Operation 1028 [1/1] (0.00ns) (grouped into LUT with out node add_ln162_58)   --->   "%sext_ln162_46 = sext i12 %select_ln162_9" [cnn_hls.cpp:162]   --->   Operation 1028 'sext' 'sext_ln162_46' <Predicate = true> <Delay = 0.00>
ST_4 : Operation 1029 [1/3] (0.00ns) (grouped into DSP with root node add_ln162_59)   --->   "%mul_ln162_68 = mul i14 %select_ln161_49, i14 %zext_ln161_59_cast" [cnn_hls.cpp:162]   --->   Operation 1029 'mul' 'mul_ln162_68' <Predicate = true> <Delay = 0.00> <CoreInst = "DSP48">   --->   Core 116 'DSP48' <Latency = 3> <II = 1> <Delay = 2.15> <IPBlock> <Opcode : 'add' 'sub' 'mul' 'select'> <InPorts = 0> <OutPorts = 1> <Sync> <CReg>
ST_4 : Operation 1030 [1/1] (3.74ns)   --->   "%mul_ln162_69 = mul i12 %select_ln161_48, i12 %zext_ln161_58_cast" [cnn_hls.cpp:162]   --->   Operation 1030 'mul' 'mul_ln162_69' <Predicate = true> <Delay = 3.74> <CoreInst = "Multiplier">   --->   Core 3 'Multiplier' <Latency = 0> <II = 1> <Delay = 3.74> <FuncUnit> <Opcode : 'mul'> <InPorts = 2> <OutPorts = 1>
ST_4 : Operation 1031 [1/1] (0.00ns)   --->   "%zext_ln162_13 = zext i12 %mul_ln162_69" [cnn_hls.cpp:162]   --->   Operation 1031 'zext' 'zext_ln162_13' <Predicate = true> <Delay = 0.00>
ST_4 : Operation 1032 [1/1] (4.17ns)   --->   "%mul_ln162_70 = mul i14 %select_ln161_47, i14 %zext_ln161_57_cast" [cnn_hls.cpp:162]   --->   Operation 1032 'mul' 'mul_ln162_70' <Predicate = true> <Delay = 4.17> <CoreInst = "Multiplier">   --->   Core 3 'Multiplier' <Latency = 0> <II = 1> <Delay = 4.17> <FuncUnit> <Opcode : 'mul'> <InPorts = 2> <OutPorts = 1>
ST_4 : Operation 1033 [1/1] (3.74ns)   --->   "%mul_ln162_198 = mul i14 %zext_ln161_56_cast, i14 16352" [cnn_hls.cpp:162]   --->   Operation 1033 'mul' 'mul_ln162_198' <Predicate = (icmp_ln158)> <Delay = 3.74> <CoreInst = "Multiplier">   --->   Core 3 'Multiplier' <Latency = 0> <II = 1> <Delay = 3.74> <FuncUnit> <Opcode : 'mul'> <InPorts = 2> <OutPorts = 1>
ST_4 : Operation 1034 [1/1] (3.74ns)   --->   "%mul_ln162_199 = mul i14 %zext_ln161_56_cast, i14 46" [cnn_hls.cpp:162]   --->   Operation 1034 'mul' 'mul_ln162_199' <Predicate = (!icmp_ln158)> <Delay = 3.74> <CoreInst = "Multiplier">   --->   Core 3 'Multiplier' <Latency = 0> <II = 1> <Delay = 3.74> <FuncUnit> <Opcode : 'mul'> <InPorts = 2> <OutPorts = 1>
ST_4 : Operation 1035 [1/1] (0.00ns) (grouped into LUT with out node add_ln162_55)   --->   "%select_ln162_11 = select i1 %icmp_ln158, i14 %mul_ln162_198, i14 %mul_ln162_199" [cnn_hls.cpp:162]   --->   Operation 1035 'select' 'select_ln162_11' <Predicate = true> <Delay = 0.00> <CoreInst = "Sel">   --->   Core 73 'Sel' <Latency = 0> <II = 1> <Delay = 0.70> <FuncUnit> <Opcode : 'select'> <InPorts = 3> <OutPorts = 1>
ST_4 : Operation 1036 [1/1] (0.00ns) (grouped into LUT with out node add_ln162_55)   --->   "%sext_ln162_47 = sext i14 %select_ln162_11" [cnn_hls.cpp:162]   --->   Operation 1036 'sext' 'sext_ln162_47' <Predicate = true> <Delay = 0.00>
ST_4 : Operation 1037 [1/1] (3.74ns)   --->   "%mul_ln162_74 = mul i13 %select_ln161_44, i13 %zext_ln161_53_cast" [cnn_hls.cpp:162]   --->   Operation 1037 'mul' 'mul_ln162_74' <Predicate = true> <Delay = 3.74> <CoreInst = "Multiplier">   --->   Core 3 'Multiplier' <Latency = 0> <II = 1> <Delay = 3.74> <FuncUnit> <Opcode : 'mul'> <InPorts = 2> <OutPorts = 1>
ST_4 : Operation 1038 [1/1] (0.00ns)   --->   "%zext_ln162_14 = zext i13 %mul_ln162_74" [cnn_hls.cpp:162]   --->   Operation 1038 'zext' 'zext_ln162_14' <Predicate = true> <Delay = 0.00>
ST_4 : Operation 1039 [1/1] (4.17ns)   --->   "%mul_ln162_75 = mul i15 %select_ln161_43, i15 %zext_ln161_52_cast" [cnn_hls.cpp:162]   --->   Operation 1039 'mul' 'mul_ln162_75' <Predicate = true> <Delay = 4.17> <CoreInst = "Multiplier">   --->   Core 3 'Multiplier' <Latency = 0> <II = 1> <Delay = 4.17> <FuncUnit> <Opcode : 'mul'> <InPorts = 2> <OutPorts = 1>
ST_4 : Operation 1040 [1/1] (0.00ns)   --->   "%sext_ln162_50 = sext i15 %mul_ln162_75" [cnn_hls.cpp:162]   --->   Operation 1040 'sext' 'sext_ln162_50' <Predicate = true> <Delay = 0.00>
ST_4 : Operation 1041 [1/1] (4.17ns)   --->   "%mul_ln162_76 = mul i14 %select_ln161_42, i14 %zext_ln161_51_cast" [cnn_hls.cpp:162]   --->   Operation 1041 'mul' 'mul_ln162_76' <Predicate = true> <Delay = 4.17> <CoreInst = "Multiplier">   --->   Core 3 'Multiplier' <Latency = 0> <II = 1> <Delay = 4.17> <FuncUnit> <Opcode : 'mul'> <InPorts = 2> <OutPorts = 1>
ST_4 : Operation 1042 [1/1] (0.00ns)   --->   "%zext_ln162_15 = zext i14 %mul_ln162_76" [cnn_hls.cpp:162]   --->   Operation 1042 'zext' 'zext_ln162_15' <Predicate = true> <Delay = 0.00>
ST_4 : Operation 1043 [1/3] (0.00ns) (grouped into DSP with root node add_ln162_50)   --->   "%mul_ln162_77 = mul i13 %select_ln161_41, i13 %zext_ln161_50_cast" [cnn_hls.cpp:162]   --->   Operation 1043 'mul' 'mul_ln162_77' <Predicate = true> <Delay = 0.00> <CoreInst = "DSP48">   --->   Core 116 'DSP48' <Latency = 3> <II = 1> <Delay = 2.15> <IPBlock> <Opcode : 'add' 'sub' 'mul' 'select'> <InPorts = 0> <OutPorts = 1> <Sync> <CReg>
ST_4 : Operation 1044 [1/1] (0.00ns) (grouped into DSP with root node add_ln162_50)   --->   "%sext_ln162_51 = sext i13 %mul_ln162_77" [cnn_hls.cpp:162]   --->   Operation 1044 'sext' 'sext_ln162_51' <Predicate = true> <Delay = 0.00>
ST_4 : Operation 1045 [1/3] (0.00ns) (grouped into DSP with root node add_ln162_47)   --->   "%mul_ln162_78 = mul i13 %select_ln161_40, i13 %zext_ln161_49_cast" [cnn_hls.cpp:162]   --->   Operation 1045 'mul' 'mul_ln162_78' <Predicate = true> <Delay = 0.00> <CoreInst = "DSP48">   --->   Core 116 'DSP48' <Latency = 3> <II = 1> <Delay = 2.15> <IPBlock> <Opcode : 'add' 'sub' 'mul' 'select'> <InPorts = 0> <OutPorts = 1> <Sync> <CReg>
ST_4 : Operation 1046 [1/1] (0.00ns) (grouped into DSP with root node add_ln162_47)   --->   "%sext_ln162_52 = sext i13 %mul_ln162_78" [cnn_hls.cpp:162]   --->   Operation 1046 'sext' 'sext_ln162_52' <Predicate = true> <Delay = 0.00>
ST_4 : Operation 1047 [1/1] (3.74ns)   --->   "%mul_ln162_79 = mul i14 %select_ln161_39, i14 %zext_ln161_48_cast" [cnn_hls.cpp:162]   --->   Operation 1047 'mul' 'mul_ln162_79' <Predicate = true> <Delay = 3.74> <CoreInst = "Multiplier">   --->   Core 3 'Multiplier' <Latency = 0> <II = 1> <Delay = 3.74> <FuncUnit> <Opcode : 'mul'> <InPorts = 2> <OutPorts = 1>
ST_4 : Operation 1048 [1/1] (0.00ns)   --->   "%sext_ln162_53 = sext i14 %mul_ln162_79" [cnn_hls.cpp:162]   --->   Operation 1048 'sext' 'sext_ln162_53' <Predicate = true> <Delay = 0.00>
ST_4 : Operation 1049 [1/1] (3.74ns)   --->   "%mul_ln162_84 = mul i12 %select_ln161_35, i12 %zext_ln161_43_cast" [cnn_hls.cpp:162]   --->   Operation 1049 'mul' 'mul_ln162_84' <Predicate = true> <Delay = 3.74> <CoreInst = "Multiplier">   --->   Core 3 'Multiplier' <Latency = 0> <II = 1> <Delay = 3.74> <FuncUnit> <Opcode : 'mul'> <InPorts = 2> <OutPorts = 1>
ST_4 : Operation 1050 [1/1] (0.00ns)   --->   "%zext_ln162_19 = zext i12 %mul_ln162_84" [cnn_hls.cpp:162]   --->   Operation 1050 'zext' 'zext_ln162_19' <Predicate = true> <Delay = 0.00>
ST_4 : Operation 1051 [1/1] (3.74ns)   --->   "%mul_ln162_85 = mul i13 %select_ln161_34, i13 %zext_ln161_42_cast" [cnn_hls.cpp:162]   --->   Operation 1051 'mul' 'mul_ln162_85' <Predicate = true> <Delay = 3.74> <CoreInst = "Multiplier">   --->   Core 3 'Multiplier' <Latency = 0> <II = 1> <Delay = 3.74> <FuncUnit> <Opcode : 'mul'> <InPorts = 2> <OutPorts = 1>
ST_4 : Operation 1052 [1/1] (0.00ns)   --->   "%sext_ln162_55 = sext i13 %mul_ln162_85" [cnn_hls.cpp:162]   --->   Operation 1052 'sext' 'sext_ln162_55' <Predicate = true> <Delay = 0.00>
ST_4 : Operation 1053 [1/3] (0.00ns) (grouped into DSP with root node add_ln162_40)   --->   "%mul_ln162_86 = mul i15 %select_ln161_33, i15 %zext_ln161_41_cast" [cnn_hls.cpp:162]   --->   Operation 1053 'mul' 'mul_ln162_86' <Predicate = true> <Delay = 0.00> <CoreInst = "DSP48">   --->   Core 116 'DSP48' <Latency = 3> <II = 1> <Delay = 2.15> <IPBlock> <Opcode : 'add' 'sub' 'mul' 'select'> <InPorts = 0> <OutPorts = 1> <Sync> <CReg>
ST_4 : Operation 1054 [1/1] (4.17ns)   --->   "%mul_ln162_87 = mul i15 %select_ln161_32, i15 %zext_ln161_40_cast" [cnn_hls.cpp:162]   --->   Operation 1054 'mul' 'mul_ln162_87' <Predicate = true> <Delay = 4.17> <CoreInst = "Multiplier">   --->   Core 3 'Multiplier' <Latency = 0> <II = 1> <Delay = 4.17> <FuncUnit> <Opcode : 'mul'> <InPorts = 2> <OutPorts = 1>
ST_4 : Operation 1055 [1/1] (0.00ns)   --->   "%sext_ln162_56 = sext i15 %mul_ln162_87" [cnn_hls.cpp:162]   --->   Operation 1055 'sext' 'sext_ln162_56' <Predicate = true> <Delay = 0.00>
ST_4 : Operation 1056 [1/1] (4.17ns)   --->   "%mul_ln162_88 = mul i14 %select_ln161_31, i14 %zext_ln161_39_cast" [cnn_hls.cpp:162]   --->   Operation 1056 'mul' 'mul_ln162_88' <Predicate = true> <Delay = 4.17> <CoreInst = "Multiplier">   --->   Core 3 'Multiplier' <Latency = 0> <II = 1> <Delay = 4.17> <FuncUnit> <Opcode : 'mul'> <InPorts = 2> <OutPorts = 1>
ST_4 : Operation 1057 [1/1] (0.00ns)   --->   "%zext_ln162_20 = zext i14 %mul_ln162_88" [cnn_hls.cpp:162]   --->   Operation 1057 'zext' 'zext_ln162_20' <Predicate = true> <Delay = 0.00>
ST_4 : Operation 1058 [1/3] (0.00ns) (grouped into DSP with root node add_ln162_37)   --->   "%mul_ln162_89 = mul i13 %select_ln161_30, i13 %zext_ln161_38_cast" [cnn_hls.cpp:162]   --->   Operation 1058 'mul' 'mul_ln162_89' <Predicate = true> <Delay = 0.00> <CoreInst = "DSP48">   --->   Core 116 'DSP48' <Latency = 3> <II = 1> <Delay = 2.15> <IPBlock> <Opcode : 'add' 'sub' 'mul' 'select'> <InPorts = 0> <OutPorts = 1> <Sync> <CReg>
ST_4 : Operation 1059 [1/1] (0.00ns) (grouped into DSP with root node add_ln162_37)   --->   "%sext_ln162_57 = sext i13 %mul_ln162_89" [cnn_hls.cpp:162]   --->   Operation 1059 'sext' 'sext_ln162_57' <Predicate = true> <Delay = 0.00>
ST_4 : Operation 1060 [1/3] (0.00ns) (grouped into DSP with root node add_ln162_35)   --->   "%mul_ln162_92 = mul i12 %select_ln161_27, i12 %zext_ln161_35_cast" [cnn_hls.cpp:162]   --->   Operation 1060 'mul' 'mul_ln162_92' <Predicate = true> <Delay = 0.00> <CoreInst = "DSP48">   --->   Core 116 'DSP48' <Latency = 3> <II = 1> <Delay = 2.15> <IPBlock> <Opcode : 'add' 'sub' 'mul' 'select'> <InPorts = 0> <OutPorts = 1> <Sync> <CReg>
ST_4 : Operation 1061 [1/1] (0.00ns) (grouped into DSP with root node add_ln162_35)   --->   "%sext_ln162_60 = sext i12 %mul_ln162_92" [cnn_hls.cpp:162]   --->   Operation 1061 'sext' 'sext_ln162_60' <Predicate = true> <Delay = 0.00>
ST_4 : Operation 1062 [1/3] (0.00ns) (grouped into DSP with root node add_ln162_30)   --->   "%mul_ln162_93 = mul i14 %select_ln161_26, i14 %zext_ln161_34_cast" [cnn_hls.cpp:162]   --->   Operation 1062 'mul' 'mul_ln162_93' <Predicate = true> <Delay = 0.00> <CoreInst = "DSP48">   --->   Core 116 'DSP48' <Latency = 3> <II = 1> <Delay = 2.15> <IPBlock> <Opcode : 'add' 'sub' 'mul' 'select'> <InPorts = 0> <OutPorts = 1> <Sync> <CReg>
ST_4 : Operation 1063 [1/1] (0.00ns) (grouped into DSP with root node add_ln162_30)   --->   "%sext_ln162_61 = sext i14 %mul_ln162_93" [cnn_hls.cpp:162]   --->   Operation 1063 'sext' 'sext_ln162_61' <Predicate = true> <Delay = 0.00>
ST_4 : Operation 1064 [1/1] (4.17ns)   --->   "%mul_ln162_94 = mul i14 %select_ln161_25, i14 %zext_ln161_33_cast" [cnn_hls.cpp:162]   --->   Operation 1064 'mul' 'mul_ln162_94' <Predicate = true> <Delay = 4.17> <CoreInst = "Multiplier">   --->   Core 3 'Multiplier' <Latency = 0> <II = 1> <Delay = 4.17> <FuncUnit> <Opcode : 'mul'> <InPorts = 2> <OutPorts = 1>
ST_4 : Operation 1065 [1/1] (0.00ns)   --->   "%zext_ln162_21 = zext i14 %mul_ln162_94" [cnn_hls.cpp:162]   --->   Operation 1065 'zext' 'zext_ln162_21' <Predicate = true> <Delay = 0.00>
ST_4 : Operation 1066 [1/3] (0.00ns) (grouped into DSP with root node add_ln162_29)   --->   "%mul_ln162_98 = mul i15 %select_ln161_22, i15 %zext_ln161_29_cast" [cnn_hls.cpp:162]   --->   Operation 1066 'mul' 'mul_ln162_98' <Predicate = true> <Delay = 0.00> <CoreInst = "DSP48">   --->   Core 116 'DSP48' <Latency = 3> <II = 1> <Delay = 2.15> <IPBlock> <Opcode : 'add' 'sub' 'mul' 'select'> <InPorts = 0> <OutPorts = 1> <Sync> <CReg>
ST_4 : Operation 1067 [1/1] (0.00ns) (grouped into DSP with root node add_ln162_29)   --->   "%sext_ln162_64 = sext i15 %mul_ln162_98" [cnn_hls.cpp:162]   --->   Operation 1067 'sext' 'sext_ln162_64' <Predicate = true> <Delay = 0.00>
ST_4 : Operation 1068 [1/3] (0.00ns) (grouped into DSP with root node add_ln162_26)   --->   "%mul_ln162_101 = mul i13 %select_ln161_19, i13 %zext_ln161_26_cast" [cnn_hls.cpp:162]   --->   Operation 1068 'mul' 'mul_ln162_101' <Predicate = true> <Delay = 0.00> <CoreInst = "DSP48">   --->   Core 116 'DSP48' <Latency = 3> <II = 1> <Delay = 2.15> <IPBlock> <Opcode : 'add' 'sub' 'mul' 'select'> <InPorts = 0> <OutPorts = 1> <Sync> <CReg>
ST_4 : Operation 1069 [1/1] (0.00ns) (grouped into DSP with root node add_ln162_26)   --->   "%sext_ln162_66 = sext i13 %mul_ln162_101" [cnn_hls.cpp:162]   --->   Operation 1069 'sext' 'sext_ln162_66' <Predicate = true> <Delay = 0.00>
ST_4 : Operation 1070 [1/3] (0.00ns) (grouped into DSP with root node add_ln162_19)   --->   "%mul_ln162_107 = mul i15 %select_ln161_13, i15 %zext_ln161_20_cast" [cnn_hls.cpp:162]   --->   Operation 1070 'mul' 'mul_ln162_107' <Predicate = true> <Delay = 0.00> <CoreInst = "DSP48">   --->   Core 116 'DSP48' <Latency = 3> <II = 1> <Delay = 2.15> <IPBlock> <Opcode : 'add' 'sub' 'mul' 'select'> <InPorts = 0> <OutPorts = 1> <Sync> <CReg>
ST_4 : Operation 1071 [1/1] (0.00ns) (grouped into DSP with root node add_ln162_19)   --->   "%sext_ln162_68 = sext i15 %mul_ln162_107" [cnn_hls.cpp:162]   --->   Operation 1071 'sext' 'sext_ln162_68' <Predicate = true> <Delay = 0.00>
ST_4 : Operation 1072 [1/3] (0.00ns) (grouped into DSP with root node add_ln162_16)   --->   "%mul_ln162_108 = mul i14 %select_ln161_12, i14 %zext_ln161_19_cast" [cnn_hls.cpp:162]   --->   Operation 1072 'mul' 'mul_ln162_108' <Predicate = true> <Delay = 0.00> <CoreInst = "DSP48">   --->   Core 116 'DSP48' <Latency = 3> <II = 1> <Delay = 2.15> <IPBlock> <Opcode : 'add' 'sub' 'mul' 'select'> <InPorts = 0> <OutPorts = 1> <Sync> <CReg>
ST_4 : Operation 1073 [1/1] (0.00ns) (grouped into DSP with root node add_ln162_16)   --->   "%sext_ln162_69 = sext i14 %mul_ln162_108" [cnn_hls.cpp:162]   --->   Operation 1073 'sext' 'sext_ln162_69' <Predicate = true> <Delay = 0.00>
ST_4 : Operation 1074 [1/1] (3.74ns)   --->   "%mul_ln162_202 = mul i14 %zext_ln161_18_cast, i14 16348" [cnn_hls.cpp:162]   --->   Operation 1074 'mul' 'mul_ln162_202' <Predicate = (icmp_ln158)> <Delay = 3.74> <CoreInst = "Multiplier">   --->   Core 3 'Multiplier' <Latency = 0> <II = 1> <Delay = 3.74> <FuncUnit> <Opcode : 'mul'> <InPorts = 2> <OutPorts = 1>
ST_4 : Operation 1075 [1/1] (3.74ns)   --->   "%mul_ln162_203 = mul i14 %zext_ln161_18_cast, i14 16368" [cnn_hls.cpp:162]   --->   Operation 1075 'mul' 'mul_ln162_203' <Predicate = (!icmp_ln158)> <Delay = 3.74> <CoreInst = "Multiplier">   --->   Core 3 'Multiplier' <Latency = 0> <II = 1> <Delay = 3.74> <FuncUnit> <Opcode : 'mul'> <InPorts = 2> <OutPorts = 1>
ST_4 : Operation 1076 [1/1] (0.70ns)   --->   "%select_ln162_14 = select i1 %icmp_ln158, i14 %mul_ln162_202, i14 %mul_ln162_203" [cnn_hls.cpp:162]   --->   Operation 1076 'select' 'select_ln162_14' <Predicate = true> <Delay = 0.70> <CoreInst = "Sel">   --->   Core 73 'Sel' <Latency = 0> <II = 1> <Delay = 0.70> <FuncUnit> <Opcode : 'select'> <InPorts = 3> <OutPorts = 1>
ST_4 : Operation 1077 [1/1] (0.00ns)   --->   "%sext_ln162_70 = sext i14 %select_ln162_14" [cnn_hls.cpp:162]   --->   Operation 1077 'sext' 'sext_ln162_70' <Predicate = true> <Delay = 0.00>
ST_4 : Operation 1078 [1/3] (0.00ns) (grouped into DSP with root node add_ln162_12)   --->   "%mul_ln162_116 = mul i13 %select_ln161_7, i13 %zext_ln161_11_cast" [cnn_hls.cpp:162]   --->   Operation 1078 'mul' 'mul_ln162_116' <Predicate = true> <Delay = 0.00> <CoreInst = "DSP48">   --->   Core 116 'DSP48' <Latency = 3> <II = 1> <Delay = 2.15> <IPBlock> <Opcode : 'add' 'sub' 'mul' 'select'> <InPorts = 0> <OutPorts = 1> <Sync> <CReg>
ST_4 : Operation 1079 [1/1] (0.00ns) (grouped into DSP with root node add_ln162_12)   --->   "%sext_ln162_73 = sext i13 %mul_ln162_116" [cnn_hls.cpp:162]   --->   Operation 1079 'sext' 'sext_ln162_73' <Predicate = true> <Delay = 0.00>
ST_4 : Operation 1080 [1/1] (0.00ns)   --->   "%tmp_21 = bitconcatenate i13 @_ssdm_op_BitConcatenate.i13.i7.i6, i7 %zext_ln161_8_read, i6 0" [cnn_hls.cpp:162]   --->   Operation 1080 'bitconcatenate' 'tmp_21' <Predicate = (!icmp_ln158)> <Delay = 0.00>
ST_4 : Operation 1081 [1/1] (0.00ns)   --->   "%zext_ln162_56 = zext i13 %tmp_21" [cnn_hls.cpp:162]   --->   Operation 1081 'zext' 'zext_ln162_56' <Predicate = (!icmp_ln158)> <Delay = 0.00>
ST_4 : Operation 1082 [1/1] (0.00ns)   --->   "%tmp_22 = bitconcatenate i11 @_ssdm_op_BitConcatenate.i11.i7.i4, i7 %zext_ln161_8_read, i4 0" [cnn_hls.cpp:162]   --->   Operation 1082 'bitconcatenate' 'tmp_22' <Predicate = (!icmp_ln158)> <Delay = 0.00>
ST_4 : Operation 1083 [1/1] (0.00ns)   --->   "%zext_ln162_57 = zext i11 %tmp_22" [cnn_hls.cpp:162]   --->   Operation 1083 'zext' 'zext_ln162_57' <Predicate = (!icmp_ln158)> <Delay = 0.00>
ST_4 : Operation 1084 [1/1] (1.67ns)   --->   "%sub_ln162_7 = sub i14 %zext_ln162_57, i14 %zext_ln162_56" [cnn_hls.cpp:162]   --->   Operation 1084 'sub' 'sub_ln162_7' <Predicate = (!icmp_ln158)> <Delay = 1.67> <CoreInst = "Adder">   --->   Core 1 'Adder' <Latency = 0> <II = 1> <Delay = 1.67> <FuncUnit> <Opcode : 'add' 'sub'> <InPorts = 2> <OutPorts = 1>
ST_4 : Operation 1085 [1/1] (0.00ns) (grouped into LUT with out node add_ln162_8)   --->   "%select_ln162_15 = select i1 %icmp_ln158, i14 %zext_ln161_8_cast, i14 %sub_ln162_7" [cnn_hls.cpp:162]   --->   Operation 1085 'select' 'select_ln162_15' <Predicate = true> <Delay = 0.00> <CoreInst = "Sel">   --->   Core 73 'Sel' <Latency = 0> <II = 1> <Delay = 0.70> <FuncUnit> <Opcode : 'select'> <InPorts = 3> <OutPorts = 1>
ST_4 : Operation 1086 [1/1] (0.00ns) (grouped into LUT with out node add_ln162_8)   --->   "%sext_ln162_75 = sext i14 %select_ln162_15" [cnn_hls.cpp:162]   --->   Operation 1086 'sext' 'sext_ln162_75' <Predicate = true> <Delay = 0.00>
ST_4 : Operation 1087 [1/1] (3.74ns)   --->   "%mul_ln162_122 = mul i13 %zext_ln161_5_cast, i13 38" [cnn_hls.cpp:162]   --->   Operation 1087 'mul' 'mul_ln162_122' <Predicate = (icmp_ln158)> <Delay = 3.74> <CoreInst = "Multiplier">   --->   Core 3 'Multiplier' <Latency = 0> <II = 1> <Delay = 3.74> <FuncUnit> <Opcode : 'mul'> <InPorts = 2> <OutPorts = 1>
ST_4 : Operation 1088 [1/1] (0.00ns) (grouped into LUT with out node add_ln162_6)   --->   "%shl_ln162_5 = bitconcatenate i9 @_ssdm_op_BitConcatenate.i9.i7.i2, i7 %x_138_read, i2 0" [cnn_hls.cpp:162]   --->   Operation 1088 'bitconcatenate' 'shl_ln162_5' <Predicate = (!icmp_ln158)> <Delay = 0.00>
ST_4 : Operation 1089 [1/1] (0.00ns) (grouped into LUT with out node add_ln162_6)   --->   "%zext_ln162_28 = zext i9 %shl_ln162_5" [cnn_hls.cpp:162]   --->   Operation 1089 'zext' 'zext_ln162_28' <Predicate = (!icmp_ln158)> <Delay = 0.00>
ST_4 : Operation 1090 [1/1] (0.00ns) (grouped into LUT with out node add_ln162_6)   --->   "%select_ln162_16 = select i1 %icmp_ln158, i13 %mul_ln162_122, i13 %zext_ln162_28" [cnn_hls.cpp:162]   --->   Operation 1090 'select' 'select_ln162_16' <Predicate = true> <Delay = 0.00> <CoreInst = "Sel">   --->   Core 73 'Sel' <Latency = 0> <II = 1> <Delay = 0.69> <FuncUnit> <Opcode : 'select'> <InPorts = 3> <OutPorts = 1>
ST_4 : Operation 1091 [1/1] (0.00ns) (grouped into LUT with out node add_ln162_6)   --->   "%zext_ln162_29 = zext i13 %select_ln162_16" [cnn_hls.cpp:162]   --->   Operation 1091 'zext' 'zext_ln162_29' <Predicate = true> <Delay = 0.00>
ST_4 : Operation 1092 [1/1] (0.00ns) (grouped into LUT with out node add_ln162)   --->   "%shl_ln162_6 = bitconcatenate i11 @_ssdm_op_BitConcatenate.i11.i7.i4, i7 %x_134_read, i4 0" [cnn_hls.cpp:162]   --->   Operation 1092 'bitconcatenate' 'shl_ln162_6' <Predicate = (icmp_ln158)> <Delay = 0.00>
ST_4 : Operation 1093 [1/1] (0.00ns) (grouped into LUT with out node add_ln162)   --->   "%zext_ln162_31 = zext i11 %shl_ln162_6" [cnn_hls.cpp:162]   --->   Operation 1093 'zext' 'zext_ln162_31' <Predicate = (icmp_ln158)> <Delay = 0.00>
ST_4 : Operation 1094 [1/1] (0.00ns)   --->   "%tmp_23 = bitconcatenate i10 @_ssdm_op_BitConcatenate.i10.i7.i3, i7 %zext_ln161_1_read, i3 0" [cnn_hls.cpp:162]   --->   Operation 1094 'bitconcatenate' 'tmp_23' <Predicate = (!icmp_ln158)> <Delay = 0.00>
ST_4 : Operation 1095 [1/1] (0.00ns)   --->   "%zext_ln162_58 = zext i10 %tmp_23" [cnn_hls.cpp:162]   --->   Operation 1095 'zext' 'zext_ln162_58' <Predicate = (!icmp_ln158)> <Delay = 0.00>
ST_4 : Operation 1096 [1/1] (1.73ns)   --->   "%sub_ln162_8 = sub i11 %zext_ln161_1_cast, i11 %zext_ln162_58" [cnn_hls.cpp:162]   --->   Operation 1096 'sub' 'sub_ln162_8' <Predicate = (!icmp_ln158)> <Delay = 1.73> <CoreInst = "Adder">   --->   Core 1 'Adder' <Latency = 0> <II = 1> <Delay = 1.73> <FuncUnit> <Opcode : 'add' 'sub'> <InPorts = 2> <OutPorts = 1>
ST_4 : Operation 1097 [1/1] (0.00ns) (grouped into LUT with out node add_ln162)   --->   "%sext_ln162_79 = sext i11 %sub_ln162_8" [cnn_hls.cpp:162]   --->   Operation 1097 'sext' 'sext_ln162_79' <Predicate = (!icmp_ln158)> <Delay = 0.00>
ST_4 : Operation 1098 [1/1] (0.00ns) (grouped into LUT with out node add_ln162)   --->   "%select_ln162_18 = select i1 %icmp_ln158, i12 %zext_ln162_31, i12 %sext_ln162_79" [cnn_hls.cpp:162]   --->   Operation 1098 'select' 'select_ln162_18' <Predicate = true> <Delay = 0.00> <CoreInst = "Sel">   --->   Core 73 'Sel' <Latency = 0> <II = 1> <Delay = 0.69> <FuncUnit> <Opcode : 'select'> <InPorts = 3> <OutPorts = 1>
ST_4 : Operation 1099 [1/1] (0.00ns) (grouped into LUT with out node add_ln162)   --->   "%sext_ln162_80 = sext i12 %select_ln162_18" [cnn_hls.cpp:162]   --->   Operation 1099 'sext' 'sext_ln162_80' <Predicate = true> <Delay = 0.00>
ST_4 : Operation 1100 [1/1] (3.74ns)   --->   "%mul_ln162_208 = mul i14 %zext_ln161_cast, i14 50" [cnn_hls.cpp:162]   --->   Operation 1100 'mul' 'mul_ln162_208' <Predicate = (icmp_ln158)> <Delay = 3.74> <CoreInst = "Multiplier">   --->   Core 3 'Multiplier' <Latency = 0> <II = 1> <Delay = 3.74> <FuncUnit> <Opcode : 'mul'> <InPorts = 2> <OutPorts = 1>
ST_4 : Operation 1101 [1/1] (3.74ns)   --->   "%mul_ln162_209 = mul i14 %zext_ln161_cast, i14 16320" [cnn_hls.cpp:162]   --->   Operation 1101 'mul' 'mul_ln162_209' <Predicate = (!icmp_ln158)> <Delay = 3.74> <CoreInst = "Multiplier">   --->   Core 3 'Multiplier' <Latency = 0> <II = 1> <Delay = 3.74> <FuncUnit> <Opcode : 'mul'> <InPorts = 2> <OutPorts = 1>
ST_4 : Operation 1102 [1/1] (0.00ns) (grouped into LUT with out node add_ln162_1)   --->   "%select_ln162_21 = select i1 %icmp_ln158, i14 %mul_ln162_208, i14 %mul_ln162_209" [cnn_hls.cpp:162]   --->   Operation 1102 'select' 'select_ln162_21' <Predicate = true> <Delay = 0.00> <CoreInst = "Sel">   --->   Core 73 'Sel' <Latency = 0> <II = 1> <Delay = 0.70> <FuncUnit> <Opcode : 'select'> <InPorts = 3> <OutPorts = 1>
ST_4 : Operation 1103 [1/1] (0.00ns) (grouped into LUT with out node add_ln162_1)   --->   "%sext_ln162_81 = sext i14 %select_ln162_21" [cnn_hls.cpp:162]   --->   Operation 1103 'sext' 'sext_ln162_81' <Predicate = true> <Delay = 0.00>
ST_4 : Operation 1104 [1/3] (0.00ns) (grouped into DSP with root node add_ln162_184)   --->   "%mul_ln162_130 = mul i14 %select_ln161_158, i14 %zext_ln161_189_cast" [cnn_hls.cpp:162]   --->   Operation 1104 'mul' 'mul_ln162_130' <Predicate = true> <Delay = 0.00> <CoreInst = "DSP48">   --->   Core 116 'DSP48' <Latency = 3> <II = 1> <Delay = 2.15> <IPBlock> <Opcode : 'add' 'sub' 'mul' 'select'> <InPorts = 0> <OutPorts = 1> <Sync> <CReg>
ST_4 : Operation 1105 [1/1] (0.00ns) (grouped into DSP with root node add_ln162_184)   --->   "%sext_ln162_83 = sext i14 %mul_ln162_130" [cnn_hls.cpp:162]   --->   Operation 1105 'sext' 'sext_ln162_83' <Predicate = true> <Delay = 0.00>
ST_4 : Operation 1106 [1/3] (0.00ns) (grouped into DSP with root node add_ln162_182)   --->   "%mul_ln162_133 = mul i14 %select_ln161_156, i14 %zext_ln161_186_cast" [cnn_hls.cpp:162]   --->   Operation 1106 'mul' 'mul_ln162_133' <Predicate = true> <Delay = 0.00> <CoreInst = "DSP48">   --->   Core 116 'DSP48' <Latency = 3> <II = 1> <Delay = 2.15> <IPBlock> <Opcode : 'add' 'sub' 'mul' 'select'> <InPorts = 0> <OutPorts = 1> <Sync> <CReg>
ST_4 : Operation 1107 [1/1] (0.00ns) (grouped into DSP with root node add_ln162_182)   --->   "%sext_ln162_85 = sext i14 %mul_ln162_133" [cnn_hls.cpp:162]   --->   Operation 1107 'sext' 'sext_ln162_85' <Predicate = true> <Delay = 0.00>
ST_4 : Operation 1108 [1/3] (0.00ns) (grouped into DSP with root node add_ln162_178)   --->   "%mul_ln162_134 = mul i15 %select_ln161_155, i15 %zext_ln161_185_cast" [cnn_hls.cpp:162]   --->   Operation 1108 'mul' 'mul_ln162_134' <Predicate = true> <Delay = 0.00> <CoreInst = "DSP48">   --->   Core 116 'DSP48' <Latency = 3> <II = 1> <Delay = 2.15> <IPBlock> <Opcode : 'add' 'sub' 'mul' 'select'> <InPorts = 0> <OutPorts = 1> <Sync> <CReg>
ST_4 : Operation 1109 [1/1] (4.17ns)   --->   "%mul_ln162_210 = mul i15 %zext_ln161_184_cast, i15 32700" [cnn_hls.cpp:162]   --->   Operation 1109 'mul' 'mul_ln162_210' <Predicate = (icmp_ln158)> <Delay = 4.17> <CoreInst = "Multiplier">   --->   Core 3 'Multiplier' <Latency = 0> <II = 1> <Delay = 4.17> <FuncUnit> <Opcode : 'mul'> <InPorts = 2> <OutPorts = 1>
ST_4 : Operation 1110 [1/1] (3.74ns)   --->   "%mul_ln162_211 = mul i15 %zext_ln161_184_cast, i15 32766" [cnn_hls.cpp:162]   --->   Operation 1110 'mul' 'mul_ln162_211' <Predicate = (!icmp_ln158)> <Delay = 3.74> <CoreInst = "Multiplier">   --->   Core 3 'Multiplier' <Latency = 0> <II = 1> <Delay = 3.74> <FuncUnit> <Opcode : 'mul'> <InPorts = 2> <OutPorts = 1>
ST_4 : Operation 1111 [1/1] (0.75ns)   --->   "%select_ln162_22 = select i1 %icmp_ln158, i15 %mul_ln162_210, i15 %mul_ln162_211" [cnn_hls.cpp:162]   --->   Operation 1111 'select' 'select_ln162_22' <Predicate = true> <Delay = 0.75> <CoreInst = "Sel">   --->   Core 73 'Sel' <Latency = 0> <II = 1> <Delay = 0.75> <FuncUnit> <Opcode : 'select'> <InPorts = 3> <OutPorts = 1>
ST_4 : Operation 1112 [1/3] (0.00ns) (grouped into DSP with root node add_ln162_177)   --->   "%mul_ln162_139 = mul i14 %select_ln161_152, i14 %zext_ln161_180_cast" [cnn_hls.cpp:162]   --->   Operation 1112 'mul' 'mul_ln162_139' <Predicate = true> <Delay = 0.00> <CoreInst = "DSP48">   --->   Core 116 'DSP48' <Latency = 3> <II = 1> <Delay = 2.15> <IPBlock> <Opcode : 'add' 'sub' 'mul' 'select'> <InPorts = 0> <OutPorts = 1> <Sync> <CReg>
ST_4 : Operation 1113 [1/1] (0.00ns) (grouped into DSP with root node add_ln162_177)   --->   "%sext_ln162_88 = sext i14 %mul_ln162_139" [cnn_hls.cpp:162]   --->   Operation 1113 'sext' 'sext_ln162_88' <Predicate = true> <Delay = 0.00>
ST_4 : Operation 1114 [1/3] (0.00ns) (grouped into DSP with root node add_ln162_173)   --->   "%mul_ln162_142 = mul i15 %select_ln161_149, i15 %zext_ln161_177_cast" [cnn_hls.cpp:162]   --->   Operation 1114 'mul' 'mul_ln162_142' <Predicate = true> <Delay = 0.00> <CoreInst = "DSP48">   --->   Core 116 'DSP48' <Latency = 3> <II = 1> <Delay = 2.15> <IPBlock> <Opcode : 'add' 'sub' 'mul' 'select'> <InPorts = 0> <OutPorts = 1> <Sync> <CReg>
ST_4 : Operation 1115 [1/1] (0.00ns) (grouped into DSP with root node add_ln162_173)   --->   "%sext_ln162_90 = sext i15 %mul_ln162_142" [cnn_hls.cpp:162]   --->   Operation 1115 'sext' 'sext_ln162_90' <Predicate = true> <Delay = 0.00>
ST_4 : Operation 1116 [1/3] (0.00ns) (grouped into DSP with root node add_ln162_171)   --->   "%mul_ln162_145 = mul i14 %select_ln161_146, i14 %zext_ln161_174_cast" [cnn_hls.cpp:162]   --->   Operation 1116 'mul' 'mul_ln162_145' <Predicate = true> <Delay = 0.00> <CoreInst = "DSP48">   --->   Core 116 'DSP48' <Latency = 3> <II = 1> <Delay = 2.15> <IPBlock> <Opcode : 'add' 'sub' 'mul' 'select'> <InPorts = 0> <OutPorts = 1> <Sync> <CReg>
ST_4 : Operation 1117 [1/1] (0.00ns) (grouped into DSP with root node add_ln162_171)   --->   "%sext_ln162_93 = sext i14 %mul_ln162_145" [cnn_hls.cpp:162]   --->   Operation 1117 'sext' 'sext_ln162_93' <Predicate = true> <Delay = 0.00>
ST_4 : Operation 1118 [1/3] (0.00ns) (grouped into DSP with root node add_ln162_168)   --->   "%mul_ln162_148 = mul i15 %select_ln161_143, i15 %zext_ln161_171_cast" [cnn_hls.cpp:162]   --->   Operation 1118 'mul' 'mul_ln162_148' <Predicate = true> <Delay = 0.00> <CoreInst = "DSP48">   --->   Core 116 'DSP48' <Latency = 3> <II = 1> <Delay = 2.15> <IPBlock> <Opcode : 'add' 'sub' 'mul' 'select'> <InPorts = 0> <OutPorts = 1> <Sync> <CReg>
ST_4 : Operation 1119 [1/1] (0.00ns) (grouped into DSP with root node add_ln162_168)   --->   "%sext_ln162_95 = sext i15 %mul_ln162_148" [cnn_hls.cpp:162]   --->   Operation 1119 'sext' 'sext_ln162_95' <Predicate = true> <Delay = 0.00>
ST_4 : Operation 1120 [1/1] (3.74ns)   --->   "%mul_ln162_151 = mul i13 %select_ln161_141, i13 %zext_ln161_167_cast" [cnn_hls.cpp:162]   --->   Operation 1120 'mul' 'mul_ln162_151' <Predicate = true> <Delay = 3.74> <CoreInst = "Multiplier">   --->   Core 3 'Multiplier' <Latency = 0> <II = 1> <Delay = 3.74> <FuncUnit> <Opcode : 'mul'> <InPorts = 2> <OutPorts = 1>
ST_4 : Operation 1121 [1/1] (0.00ns)   --->   "%zext_ln162_36 = zext i13 %mul_ln162_151" [cnn_hls.cpp:162]   --->   Operation 1121 'zext' 'zext_ln162_36' <Predicate = true> <Delay = 0.00>
ST_4 : Operation 1122 [1/1] (3.74ns)   --->   "%mul_ln162_154 = mul i13 %select_ln161_138, i13 %zext_ln161_164_cast" [cnn_hls.cpp:162]   --->   Operation 1122 'mul' 'mul_ln162_154' <Predicate = true> <Delay = 3.74> <CoreInst = "Multiplier">   --->   Core 3 'Multiplier' <Latency = 0> <II = 1> <Delay = 3.74> <FuncUnit> <Opcode : 'mul'> <InPorts = 2> <OutPorts = 1>
ST_4 : Operation 1123 [1/1] (0.00ns)   --->   "%zext_ln162_59 = zext i13 %mul_ln162_154" [cnn_hls.cpp:162]   --->   Operation 1123 'zext' 'zext_ln162_59' <Predicate = true> <Delay = 0.00>
ST_4 : Operation 1124 [1/1] (4.17ns)   --->   "%mul_ln162_155 = mul i15 %select_ln161_137, i15 %zext_ln161_163_cast" [cnn_hls.cpp:162]   --->   Operation 1124 'mul' 'mul_ln162_155' <Predicate = true> <Delay = 4.17> <CoreInst = "Multiplier">   --->   Core 3 'Multiplier' <Latency = 0> <II = 1> <Delay = 4.17> <FuncUnit> <Opcode : 'mul'> <InPorts = 2> <OutPorts = 1>
ST_4 : Operation 1125 [1/1] (3.74ns)   --->   "%mul_ln162_156 = mul i11 %select_ln161_136, i11 %zext_ln161_162_cast" [cnn_hls.cpp:162]   --->   Operation 1125 'mul' 'mul_ln162_156' <Predicate = true> <Delay = 3.74> <CoreInst = "Multiplier">   --->   Core 3 'Multiplier' <Latency = 0> <II = 1> <Delay = 3.74> <FuncUnit> <Opcode : 'mul'> <InPorts = 2> <OutPorts = 1>
ST_4 : Operation 1126 [1/1] (0.00ns)   --->   "%zext_ln162_38 = zext i11 %mul_ln162_156" [cnn_hls.cpp:162]   --->   Operation 1126 'zext' 'zext_ln162_38' <Predicate = true> <Delay = 0.00>
ST_4 : Operation 1127 [1/1] (3.74ns)   --->   "%mul_ln162_157 = mul i12 %select_ln161_135, i12 %zext_ln161_161_cast" [cnn_hls.cpp:162]   --->   Operation 1127 'mul' 'mul_ln162_157' <Predicate = true> <Delay = 3.74> <CoreInst = "Multiplier">   --->   Core 3 'Multiplier' <Latency = 0> <II = 1> <Delay = 3.74> <FuncUnit> <Opcode : 'mul'> <InPorts = 2> <OutPorts = 1>
ST_4 : Operation 1128 [1/1] (0.00ns)   --->   "%zext_ln162_39 = zext i12 %mul_ln162_157" [cnn_hls.cpp:162]   --->   Operation 1128 'zext' 'zext_ln162_39' <Predicate = true> <Delay = 0.00>
ST_4 : Operation 1129 [1/3] (0.00ns) (grouped into DSP with root node add_ln162_156)   --->   "%mul_ln162_160 = mul i12 %zext_ln161_158_cast, i12 23" [cnn_hls.cpp:162]   --->   Operation 1129 'mul' 'mul_ln162_160' <Predicate = true> <Delay = 0.00> <CoreInst = "DSP48">   --->   Core 116 'DSP48' <Latency = 3> <II = 1> <Delay = 2.15> <IPBlock> <Opcode : 'add' 'sub' 'mul' 'select'> <InPorts = 0> <OutPorts = 1> <Sync> <CReg>
ST_4 : Operation 1130 [1/1] (0.00ns) (grouped into DSP with root node add_ln162_156)   --->   "%zext_ln162_40 = zext i12 %mul_ln162_160" [cnn_hls.cpp:162]   --->   Operation 1130 'zext' 'zext_ln162_40' <Predicate = true> <Delay = 0.00>
ST_4 : Operation 1131 [1/3] (0.00ns) (grouped into DSP with root node add_ln162_154)   --->   "%mul_ln162_163 = mul i14 %select_ln161_131, i14 %zext_ln161_155_cast" [cnn_hls.cpp:162]   --->   Operation 1131 'mul' 'mul_ln162_163' <Predicate = true> <Delay = 0.00> <CoreInst = "DSP48">   --->   Core 116 'DSP48' <Latency = 3> <II = 1> <Delay = 2.15> <IPBlock> <Opcode : 'add' 'sub' 'mul' 'select'> <InPorts = 0> <OutPorts = 1> <Sync> <CReg>
ST_4 : Operation 1132 [1/1] (0.00ns) (grouped into DSP with root node add_ln162_154)   --->   "%sext_ln162_102 = sext i14 %mul_ln162_163" [cnn_hls.cpp:162]   --->   Operation 1132 'sext' 'sext_ln162_102' <Predicate = true> <Delay = 0.00>
ST_4 : Operation 1133 [1/1] (3.74ns)   --->   "%mul_ln162_216 = mul i14 %zext_ln161_152_cast, i14 35" [cnn_hls.cpp:162]   --->   Operation 1133 'mul' 'mul_ln162_216' <Predicate = (icmp_ln158)> <Delay = 3.74> <CoreInst = "Multiplier">   --->   Core 3 'Multiplier' <Latency = 0> <II = 1> <Delay = 3.74> <FuncUnit> <Opcode : 'mul'> <InPorts = 2> <OutPorts = 1>
ST_4 : Operation 1134 [1/1] (3.74ns)   --->   "%mul_ln162_217 = mul i14 %zext_ln161_152_cast, i14 16376" [cnn_hls.cpp:162]   --->   Operation 1134 'mul' 'mul_ln162_217' <Predicate = (!icmp_ln158)> <Delay = 3.74> <CoreInst = "Multiplier">   --->   Core 3 'Multiplier' <Latency = 0> <II = 1> <Delay = 3.74> <FuncUnit> <Opcode : 'mul'> <InPorts = 2> <OutPorts = 1>
ST_4 : Operation 1135 [1/1] (0.00ns) (grouped into LUT with out node add_ln162_150)   --->   "%select_ln162_27 = select i1 %icmp_ln158, i14 %mul_ln162_216, i14 %mul_ln162_217" [cnn_hls.cpp:162]   --->   Operation 1135 'select' 'select_ln162_27' <Predicate = true> <Delay = 0.00> <CoreInst = "Sel">   --->   Core 73 'Sel' <Latency = 0> <II = 1> <Delay = 0.70> <FuncUnit> <Opcode : 'select'> <InPorts = 3> <OutPorts = 1>
ST_4 : Operation 1136 [1/1] (0.00ns) (grouped into LUT with out node add_ln162_150)   --->   "%sext_ln162_104 = sext i14 %select_ln162_27" [cnn_hls.cpp:162]   --->   Operation 1136 'sext' 'sext_ln162_104' <Predicate = true> <Delay = 0.00>
ST_4 : Operation 1137 [1/1] (4.17ns)   --->   "%mul_ln162_167 = mul i15 %select_ln161_128, i15 %zext_ln161_151_cast" [cnn_hls.cpp:162]   --->   Operation 1137 'mul' 'mul_ln162_167' <Predicate = true> <Delay = 4.17> <CoreInst = "Multiplier">   --->   Core 3 'Multiplier' <Latency = 0> <II = 1> <Delay = 4.17> <FuncUnit> <Opcode : 'mul'> <InPorts = 2> <OutPorts = 1>
ST_4 : Operation 1138 [1/1] (3.74ns)   --->   "%mul_ln162_168 = mul i13 %select_ln161_127, i13 %zext_ln161_150_cast" [cnn_hls.cpp:162]   --->   Operation 1138 'mul' 'mul_ln162_168' <Predicate = true> <Delay = 3.74> <CoreInst = "Multiplier">   --->   Core 3 'Multiplier' <Latency = 0> <II = 1> <Delay = 3.74> <FuncUnit> <Opcode : 'mul'> <InPorts = 2> <OutPorts = 1>
ST_4 : Operation 1139 [1/1] (0.00ns)   --->   "%zext_ln162_41 = zext i13 %mul_ln162_168" [cnn_hls.cpp:162]   --->   Operation 1139 'zext' 'zext_ln162_41' <Predicate = true> <Delay = 0.00>
ST_4 : Operation 1140 [1/1] (4.17ns)   --->   "%mul_ln162_169 = mul i14 %select_ln161_126, i14 %zext_ln161_149_cast" [cnn_hls.cpp:162]   --->   Operation 1140 'mul' 'mul_ln162_169' <Predicate = true> <Delay = 4.17> <CoreInst = "Multiplier">   --->   Core 3 'Multiplier' <Latency = 0> <II = 1> <Delay = 4.17> <FuncUnit> <Opcode : 'mul'> <InPorts = 2> <OutPorts = 1>
ST_4 : Operation 1141 [1/1] (0.00ns)   --->   "%zext_ln162_42 = zext i14 %mul_ln162_169" [cnn_hls.cpp:162]   --->   Operation 1141 'zext' 'zext_ln162_42' <Predicate = true> <Delay = 0.00>
ST_4 : Operation 1142 [1/3] (0.00ns) (grouped into DSP with root node add_ln162_145)   --->   "%mul_ln162_172 = mul i15 %select_ln161_124, i15 %zext_ln161_146_cast" [cnn_hls.cpp:162]   --->   Operation 1142 'mul' 'mul_ln162_172' <Predicate = true> <Delay = 0.00> <CoreInst = "DSP48">   --->   Core 116 'DSP48' <Latency = 3> <II = 1> <Delay = 2.15> <IPBlock> <Opcode : 'add' 'sub' 'mul' 'select'> <InPorts = 0> <OutPorts = 1> <Sync> <CReg>
ST_4 : Operation 1143 [1/1] (0.00ns) (grouped into DSP with root node add_ln162_145)   --->   "%sext_ln162_105 = sext i15 %mul_ln162_172" [cnn_hls.cpp:162]   --->   Operation 1143 'sext' 'sext_ln162_105' <Predicate = true> <Delay = 0.00>
ST_4 : Operation 1144 [1/1] (0.00ns) (grouped into LUT with out node add_ln162_143)   --->   "%shl_ln162_8 = bitconcatenate i10 @_ssdm_op_BitConcatenate.i10.i7.i3, i7 %x_276_read, i3 0" [cnn_hls.cpp:162]   --->   Operation 1144 'bitconcatenate' 'shl_ln162_8' <Predicate = (icmp_ln158)> <Delay = 0.00>
ST_4 : Operation 1145 [1/1] (0.00ns) (grouped into LUT with out node add_ln162_143)   --->   "%zext_ln162_44 = zext i10 %shl_ln162_8" [cnn_hls.cpp:162]   --->   Operation 1145 'zext' 'zext_ln162_44' <Predicate = (icmp_ln158)> <Delay = 0.00>
ST_4 : Operation 1146 [1/1] (3.74ns)   --->   "%mul_ln162_175 = mul i12 %zext_ln161_143_cast, i12 25" [cnn_hls.cpp:162]   --->   Operation 1146 'mul' 'mul_ln162_175' <Predicate = (!icmp_ln158)> <Delay = 3.74> <CoreInst = "Multiplier">   --->   Core 3 'Multiplier' <Latency = 0> <II = 1> <Delay = 3.74> <FuncUnit> <Opcode : 'mul'> <InPorts = 2> <OutPorts = 1>
ST_4 : Operation 1147 [1/1] (0.00ns) (grouped into LUT with out node add_ln162_143)   --->   "%select_ln162_28 = select i1 %icmp_ln158, i12 %zext_ln162_44, i12 %mul_ln162_175" [cnn_hls.cpp:162]   --->   Operation 1147 'select' 'select_ln162_28' <Predicate = true> <Delay = 0.00> <CoreInst = "Sel">   --->   Core 73 'Sel' <Latency = 0> <II = 1> <Delay = 0.69> <FuncUnit> <Opcode : 'select'> <InPorts = 3> <OutPorts = 1>
ST_4 : Operation 1148 [1/1] (0.00ns) (grouped into LUT with out node add_ln162_143)   --->   "%zext_ln162_45 = zext i12 %select_ln162_28" [cnn_hls.cpp:162]   --->   Operation 1148 'zext' 'zext_ln162_45' <Predicate = true> <Delay = 0.00>
ST_4 : Operation 1149 [1/3] (0.00ns) (grouped into DSP with root node add_ln162_135)   --->   "%mul_ln162_181 = mul i13 %select_ln161_118, i13 %zext_ln161_137_cast" [cnn_hls.cpp:162]   --->   Operation 1149 'mul' 'mul_ln162_181' <Predicate = true> <Delay = 0.00> <CoreInst = "DSP48">   --->   Core 116 'DSP48' <Latency = 3> <II = 1> <Delay = 2.15> <IPBlock> <Opcode : 'add' 'sub' 'mul' 'select'> <InPorts = 0> <OutPorts = 1> <Sync> <CReg>
ST_4 : Operation 1150 [1/1] (0.00ns) (grouped into DSP with root node add_ln162_135)   --->   "%sext_ln162_110 = sext i13 %mul_ln162_181" [cnn_hls.cpp:162]   --->   Operation 1150 'sext' 'sext_ln162_110' <Predicate = true> <Delay = 0.00>
ST_4 : Operation 1151 [1/3] (0.00ns) (grouped into DSP with root node add_ln162_131)   --->   "%mul_ln162_182 = mul i15 %select_ln161_117, i15 %zext_ln161_136_cast" [cnn_hls.cpp:162]   --->   Operation 1151 'mul' 'mul_ln162_182' <Predicate = true> <Delay = 0.00> <CoreInst = "DSP48">   --->   Core 116 'DSP48' <Latency = 3> <II = 1> <Delay = 2.15> <IPBlock> <Opcode : 'add' 'sub' 'mul' 'select'> <InPorts = 0> <OutPorts = 1> <Sync> <CReg>
ST_4 : Operation 1152 [1/1] (4.17ns)   --->   "%mul_ln162_183 = mul i15 %select_ln161_116, i15 %zext_ln161_135_cast" [cnn_hls.cpp:162]   --->   Operation 1152 'mul' 'mul_ln162_183' <Predicate = true> <Delay = 4.17> <CoreInst = "Multiplier">   --->   Core 3 'Multiplier' <Latency = 0> <II = 1> <Delay = 4.17> <FuncUnit> <Opcode : 'mul'> <InPorts = 2> <OutPorts = 1>
ST_4 : Operation 1153 [1/3] (0.00ns) (grouped into DSP with root node add_ln162_130)   --->   "%mul_ln162_187 = mul i14 %select_ln161_113, i14 %zext_ln161_131_cast" [cnn_hls.cpp:162]   --->   Operation 1153 'mul' 'mul_ln162_187' <Predicate = true> <Delay = 0.00> <CoreInst = "DSP48">   --->   Core 116 'DSP48' <Latency = 3> <II = 1> <Delay = 2.15> <IPBlock> <Opcode : 'add' 'sub' 'mul' 'select'> <InPorts = 0> <OutPorts = 1> <Sync> <CReg>
ST_4 : Operation 1154 [1/1] (0.00ns) (grouped into DSP with root node add_ln162_130)   --->   "%sext_ln162_113 = sext i14 %mul_ln162_187" [cnn_hls.cpp:162]   --->   Operation 1154 'sext' 'sext_ln162_113' <Predicate = true> <Delay = 0.00>
ST_4 : Operation 1155 [1/1] (1.67ns) (out node of the LUT)   --->   "%add_ln162 = add i13 %select_ln161, i13 %sext_ln162_80" [cnn_hls.cpp:162]   --->   Operation 1155 'add' 'add_ln162' <Predicate = true> <Delay = 1.67> <CoreInst = "Adder">   --->   Core 1 'Adder' <Latency = 0> <II = 1> <Delay = 1.67> <FuncUnit> <Opcode : 'add' 'sub'> <InPorts = 2> <OutPorts = 1>
ST_4 : Operation 1156 [1/1] (0.00ns) (grouped into LUT with out node add_ln162_1)   --->   "%zext_ln162_48 = zext i13 %add_ln162" [cnn_hls.cpp:162]   --->   Operation 1156 'zext' 'zext_ln162_48' <Predicate = true> <Delay = 0.00>
ST_4 : Operation 1157 [1/1] (1.81ns) (out node of the LUT)   --->   "%add_ln162_1 = add i15 %zext_ln162_48, i15 %sext_ln162_81" [cnn_hls.cpp:162]   --->   Operation 1157 'add' 'add_ln162_1' <Predicate = true> <Delay = 1.81> <CoreInst = "Adder">   --->   Core 1 'Adder' <Latency = 0> <II = 1> <Delay = 1.81> <FuncUnit> <Opcode : 'add' 'sub'> <InPorts = 2> <OutPorts = 1>
ST_4 : Operation 1158 [1/1] (0.00ns)   --->   "%sext_ln162_114 = sext i15 %add_ln162_1" [cnn_hls.cpp:162]   --->   Operation 1158 'sext' 'sext_ln162_114' <Predicate = true> <Delay = 0.00>
ST_4 : Operation 1159 [1/2] (2.10ns) (root node of the DSP)   --->   "%add_ln162_3 = add i15 %sext_ln162_115, i15 %sext_ln162_78" [cnn_hls.cpp:162]   --->   Operation 1159 'add' 'add_ln162_3' <Predicate = true> <Delay = 2.10> <CoreInst = "DSP48">   --->   Core 116 'DSP48' <Latency = 3> <II = 1> <Delay = 2.15> <IPBlock> <Opcode : 'add' 'sub' 'mul' 'select'> <InPorts = 0> <OutPorts = 1> <Sync> <CReg>
ST_4 : Operation 1160 [1/1] (0.00ns)   --->   "%sext_ln162_116 = sext i15 %add_ln162_3" [cnn_hls.cpp:162]   --->   Operation 1160 'sext' 'sext_ln162_116' <Predicate = true> <Delay = 0.00>
ST_4 : Operation 1161 [1/1] (1.94ns)   --->   "%add_ln162_4 = add i16 %sext_ln162_116, i16 %sext_ln162_114" [cnn_hls.cpp:162]   --->   Operation 1161 'add' 'add_ln162_4' <Predicate = true> <Delay = 1.94> <CoreInst = "Adder">   --->   Core 1 'Adder' <Latency = 0> <II = 1> <Delay = 1.94> <FuncUnit> <Opcode : 'add' 'sub'> <InPorts = 2> <OutPorts = 1>
ST_4 : Operation 1162 [1/1] (0.00ns)   --->   "%sext_ln162_117 = sext i16 %add_ln162_4" [cnn_hls.cpp:162]   --->   Operation 1162 'sext' 'sext_ln162_117' <Predicate = true> <Delay = 0.00>
ST_4 : Operation 1163 [1/2] (2.10ns) (root node of the DSP)   --->   "%add_ln162_5 = add i16 %sext_ln162_77, i16 %sext_ln162_76" [cnn_hls.cpp:162]   --->   Operation 1163 'add' 'add_ln162_5' <Predicate = true> <Delay = 2.10> <CoreInst = "DSP48">   --->   Core 116 'DSP48' <Latency = 3> <II = 1> <Delay = 2.15> <IPBlock> <Opcode : 'add' 'sub' 'mul' 'select'> <InPorts = 0> <OutPorts = 1> <Sync> <CReg>
ST_4 : Operation 1164 [1/1] (2.07ns) (out node of the LUT)   --->   "%add_ln162_6 = add i16 %add_ln162_5, i16 %zext_ln162_29" [cnn_hls.cpp:162]   --->   Operation 1164 'add' 'add_ln162_6' <Predicate = true> <Delay = 2.07> <CoreInst = "Adder">   --->   Core 1 'Adder' <Latency = 0> <II = 1> <Delay = 2.07> <FuncUnit> <Opcode : 'add' 'sub'> <InPorts = 2> <OutPorts = 1>
ST_4 : Operation 1165 [1/1] (0.00ns)   --->   "%sext_ln162_118 = sext i16 %add_ln162_6" [cnn_hls.cpp:162]   --->   Operation 1165 'sext' 'sext_ln162_118' <Predicate = true> <Delay = 0.00>
ST_4 : Operation 1166 [1/2] (2.10ns) (root node of the DSP)   --->   "%add_ln162_7 = add i14 %sext_ln162_74, i14 %mul_ln162_117" [cnn_hls.cpp:162]   --->   Operation 1166 'add' 'add_ln162_7' <Predicate = true> <Delay = 2.10> <CoreInst = "DSP48">   --->   Core 116 'DSP48' <Latency = 3> <II = 1> <Delay = 2.15> <IPBlock> <Opcode : 'add' 'sub' 'mul' 'select'> <InPorts = 0> <OutPorts = 1> <Sync> <CReg>
ST_4 : Operation 1167 [1/1] (0.00ns) (grouped into LUT with out node add_ln162_8)   --->   "%sext_ln162_119 = sext i14 %add_ln162_7" [cnn_hls.cpp:162]   --->   Operation 1167 'sext' 'sext_ln162_119' <Predicate = true> <Delay = 0.00>
ST_4 : Operation 1168 [1/1] (1.81ns) (out node of the LUT)   --->   "%add_ln162_8 = add i15 %sext_ln162_119, i15 %sext_ln162_75" [cnn_hls.cpp:162]   --->   Operation 1168 'add' 'add_ln162_8' <Predicate = true> <Delay = 1.81> <CoreInst = "Adder">   --->   Core 1 'Adder' <Latency = 0> <II = 1> <Delay = 1.81> <FuncUnit> <Opcode : 'add' 'sub'> <InPorts = 2> <OutPorts = 1>
ST_4 : Operation 1169 [1/1] (0.00ns)   --->   "%sext_ln162_120 = sext i15 %add_ln162_8" [cnn_hls.cpp:162]   --->   Operation 1169 'sext' 'sext_ln162_120' <Predicate = true> <Delay = 0.00>
ST_4 : Operation 1170 [1/1] (0.00ns) (grouped into TernaryAdder)   --->   "%add_ln162_9 = add i17 %sext_ln162_120, i17 %sext_ln162_118" [cnn_hls.cpp:162]   --->   Operation 1170 'add' 'add_ln162_9' <Predicate = true> <Delay = 0.00> <CoreInst = "TAddSub">   --->   Core 10 'TAddSub' <Latency = 0> <II = 1> <Delay = 1.99> <IPBlock> <Opcode : 'add' 'sub'> <InPorts = 3> <OutPorts = 1> <Sync> <CReg>
ST_4 : Operation 1171 [1/1] (3.93ns) (root node of TernaryAdder)   --->   "%add_ln162_10 = add i17 %add_ln162_9, i17 %sext_ln162_117" [cnn_hls.cpp:162]   --->   Operation 1171 'add' 'add_ln162_10' <Predicate = true> <Delay = 3.93> <CoreInst = "TAddSub">   --->   Core 10 'TAddSub' <Latency = 0> <II = 1> <Delay = 1.99> <IPBlock> <Opcode : 'add' 'sub'> <InPorts = 3> <OutPorts = 1> <Sync> <CReg>
ST_4 : Operation 1172 [1/2] (2.10ns) (root node of the DSP)   --->   "%add_ln162_11 = add i15 %sext_ln162_72, i15 %mul_ln162_114" [cnn_hls.cpp:162]   --->   Operation 1172 'add' 'add_ln162_11' <Predicate = true> <Delay = 2.10> <CoreInst = "DSP48">   --->   Core 116 'DSP48' <Latency = 3> <II = 1> <Delay = 2.15> <IPBlock> <Opcode : 'add' 'sub' 'mul' 'select'> <InPorts = 0> <OutPorts = 1> <Sync> <CReg>
ST_4 : Operation 1173 [2/2] (2.10ns) (root node of the DSP)   --->   "%add_ln162_12 = add i15 %add_ln162_11, i15 %sext_ln162_73" [cnn_hls.cpp:162]   --->   Operation 1173 'add' 'add_ln162_12' <Predicate = true> <Delay = 2.10> <CoreInst = "DSP48">   --->   Core 116 'DSP48' <Latency = 3> <II = 1> <Delay = 2.15> <IPBlock> <Opcode : 'add' 'sub' 'mul' 'select'> <InPorts = 0> <OutPorts = 1> <Sync> <CReg>
ST_4 : Operation 1174 [2/2] (2.10ns) (root node of the DSP)   --->   "%add_ln162_16 = add i15 %sext_ln162_70, i15 %sext_ln162_69" [cnn_hls.cpp:162]   --->   Operation 1174 'add' 'add_ln162_16' <Predicate = true> <Delay = 2.10> <CoreInst = "DSP48">   --->   Core 116 'DSP48' <Latency = 3> <II = 1> <Delay = 2.15> <IPBlock> <Opcode : 'add' 'sub' 'mul' 'select'> <InPorts = 0> <OutPorts = 1> <Sync> <CReg>
ST_4 : Operation 1175 [1/2] (2.10ns) (root node of the DSP)   --->   "%add_ln162_18 = add i15 %zext_ln162_25, i15 %sext_ln162_67" [cnn_hls.cpp:162]   --->   Operation 1175 'add' 'add_ln162_18' <Predicate = true> <Delay = 2.10> <CoreInst = "DSP48">   --->   Core 116 'DSP48' <Latency = 3> <II = 1> <Delay = 2.15> <IPBlock> <Opcode : 'add' 'sub' 'mul' 'select'> <InPorts = 0> <OutPorts = 1> <Sync> <CReg>
ST_4 : Operation 1176 [1/1] (0.00ns)   --->   "%sext_ln162_126 = sext i15 %add_ln162_18" [cnn_hls.cpp:162]   --->   Operation 1176 'sext' 'sext_ln162_126' <Predicate = true> <Delay = 0.00>
ST_4 : Operation 1177 [2/2] (2.10ns) (root node of the DSP)   --->   "%add_ln162_19 = add i16 %sext_ln162_126, i16 %sext_ln162_68" [cnn_hls.cpp:162]   --->   Operation 1177 'add' 'add_ln162_19' <Predicate = true> <Delay = 2.10> <CoreInst = "DSP48">   --->   Core 116 'DSP48' <Latency = 3> <II = 1> <Delay = 2.15> <IPBlock> <Opcode : 'add' 'sub' 'mul' 'select'> <InPorts = 0> <OutPorts = 1> <Sync> <CReg>
ST_4 : Operation 1178 [1/2] (2.10ns) (root node of the DSP)   --->   "%add_ln162_25 = add i15 %sext_ln162_65, i15 %mul_ln162_99" [cnn_hls.cpp:162]   --->   Operation 1178 'add' 'add_ln162_25' <Predicate = true> <Delay = 2.10> <CoreInst = "DSP48">   --->   Core 116 'DSP48' <Latency = 3> <II = 1> <Delay = 2.15> <IPBlock> <Opcode : 'add' 'sub' 'mul' 'select'> <InPorts = 0> <OutPorts = 1> <Sync> <CReg>
ST_4 : Operation 1179 [1/1] (0.00ns)   --->   "%sext_ln162_132 = sext i15 %add_ln162_25" [cnn_hls.cpp:162]   --->   Operation 1179 'sext' 'sext_ln162_132' <Predicate = true> <Delay = 0.00>
ST_4 : Operation 1180 [2/2] (2.10ns) (root node of the DSP)   --->   "%add_ln162_26 = add i16 %sext_ln162_132, i16 %sext_ln162_66" [cnn_hls.cpp:162]   --->   Operation 1180 'add' 'add_ln162_26' <Predicate = true> <Delay = 2.10> <CoreInst = "DSP48">   --->   Core 116 'DSP48' <Latency = 3> <II = 1> <Delay = 2.15> <IPBlock> <Opcode : 'add' 'sub' 'mul' 'select'> <InPorts = 0> <OutPorts = 1> <Sync> <CReg>
ST_4 : Operation 1181 [1/2] (2.10ns) (root node of the DSP)   --->   "%add_ln162_28 = add i16 %sext_ln162_63, i16 %sext_ln162_62" [cnn_hls.cpp:162]   --->   Operation 1181 'add' 'add_ln162_28' <Predicate = true> <Delay = 2.10> <CoreInst = "DSP48">   --->   Core 116 'DSP48' <Latency = 3> <II = 1> <Delay = 2.15> <IPBlock> <Opcode : 'add' 'sub' 'mul' 'select'> <InPorts = 0> <OutPorts = 1> <Sync> <CReg>
ST_4 : Operation 1182 [1/1] (0.00ns)   --->   "%sext_ln162_134 = sext i16 %add_ln162_28" [cnn_hls.cpp:162]   --->   Operation 1182 'sext' 'sext_ln162_134' <Predicate = true> <Delay = 0.00>
ST_4 : Operation 1183 [2/2] (2.10ns) (root node of the DSP)   --->   "%add_ln162_29 = add i17 %sext_ln162_134, i17 %sext_ln162_64" [cnn_hls.cpp:162]   --->   Operation 1183 'add' 'add_ln162_29' <Predicate = true> <Delay = 2.10> <CoreInst = "DSP48">   --->   Core 116 'DSP48' <Latency = 3> <II = 1> <Delay = 2.15> <IPBlock> <Opcode : 'add' 'sub' 'mul' 'select'> <InPorts = 0> <OutPorts = 1> <Sync> <CReg>
ST_4 : Operation 1184 [2/2] (2.10ns) (root node of the DSP)   --->   "%add_ln162_30 = add i15 %zext_ln162_21, i15 %sext_ln162_61" [cnn_hls.cpp:162]   --->   Operation 1184 'add' 'add_ln162_30' <Predicate = true> <Delay = 2.10> <CoreInst = "DSP48">   --->   Core 116 'DSP48' <Latency = 3> <II = 1> <Delay = 2.15> <IPBlock> <Opcode : 'add' 'sub' 'mul' 'select'> <InPorts = 0> <OutPorts = 1> <Sync> <CReg>
ST_4 : Operation 1185 [1/2] (2.10ns) (root node of the DSP)   --->   "%add_ln162_34 = add i16 %sext_ln162_59, i16 %sext_ln162_58" [cnn_hls.cpp:162]   --->   Operation 1185 'add' 'add_ln162_34' <Predicate = true> <Delay = 2.10> <CoreInst = "DSP48">   --->   Core 116 'DSP48' <Latency = 3> <II = 1> <Delay = 2.15> <IPBlock> <Opcode : 'add' 'sub' 'mul' 'select'> <InPorts = 0> <OutPorts = 1> <Sync> <CReg>
ST_4 : Operation 1186 [2/2] (2.10ns) (root node of the DSP)   --->   "%add_ln162_35 = add i16 %add_ln162_34, i16 %sext_ln162_60" [cnn_hls.cpp:162]   --->   Operation 1186 'add' 'add_ln162_35' <Predicate = true> <Delay = 2.10> <CoreInst = "DSP48">   --->   Core 116 'DSP48' <Latency = 3> <II = 1> <Delay = 2.15> <IPBlock> <Opcode : 'add' 'sub' 'mul' 'select'> <InPorts = 0> <OutPorts = 1> <Sync> <CReg>
ST_4 : Operation 1187 [1/1] (1.94ns)   --->   "%add_ln162_36 = add i16 %zext_ln162_20, i16 %sext_ln162_56" [cnn_hls.cpp:162]   --->   Operation 1187 'add' 'add_ln162_36' <Predicate = true> <Delay = 1.94> <CoreInst = "Adder">   --->   Core 1 'Adder' <Latency = 0> <II = 1> <Delay = 1.94> <FuncUnit> <Opcode : 'add' 'sub'> <InPorts = 2> <OutPorts = 1>
ST_4 : Operation 1188 [1/1] (0.00ns)   --->   "%sext_ln162_140 = sext i16 %add_ln162_36" [cnn_hls.cpp:162]   --->   Operation 1188 'sext' 'sext_ln162_140' <Predicate = true> <Delay = 0.00>
ST_4 : Operation 1189 [2/2] (2.10ns) (root node of the DSP)   --->   "%add_ln162_37 = add i17 %sext_ln162_140, i17 %sext_ln162_57" [cnn_hls.cpp:162]   --->   Operation 1189 'add' 'add_ln162_37' <Predicate = true> <Delay = 2.10> <CoreInst = "DSP48">   --->   Core 116 'DSP48' <Latency = 3> <II = 1> <Delay = 2.15> <IPBlock> <Opcode : 'add' 'sub' 'mul' 'select'> <InPorts = 0> <OutPorts = 1> <Sync> <CReg>
ST_4 : Operation 1190 [1/1] (1.67ns)   --->   "%add_ln162_39 = add i14 %sext_ln162_55, i14 %zext_ln162_19" [cnn_hls.cpp:162]   --->   Operation 1190 'add' 'add_ln162_39' <Predicate = true> <Delay = 1.67> <CoreInst = "Adder">   --->   Core 1 'Adder' <Latency = 0> <II = 1> <Delay = 1.67> <FuncUnit> <Opcode : 'add' 'sub'> <InPorts = 2> <OutPorts = 1>
ST_4 : Operation 1191 [1/1] (0.00ns)   --->   "%sext_ln162_142 = sext i14 %add_ln162_39" [cnn_hls.cpp:162]   --->   Operation 1191 'sext' 'sext_ln162_142' <Predicate = true> <Delay = 0.00>
ST_4 : Operation 1192 [2/2] (2.10ns) (root node of the DSP)   --->   "%add_ln162_40 = add i15 %sext_ln162_142, i15 %mul_ln162_86" [cnn_hls.cpp:162]   --->   Operation 1192 'add' 'add_ln162_40' <Predicate = true> <Delay = 2.10> <CoreInst = "DSP48">   --->   Core 116 'DSP48' <Latency = 3> <II = 1> <Delay = 2.15> <IPBlock> <Opcode : 'add' 'sub' 'mul' 'select'> <InPorts = 0> <OutPorts = 1> <Sync> <CReg>
ST_4 : Operation 1193 [2/2] (2.10ns) (root node of the DSP)   --->   "%add_ln162_47 = add i15 %sext_ln162_53, i15 %sext_ln162_52" [cnn_hls.cpp:162]   --->   Operation 1193 'add' 'add_ln162_47' <Predicate = true> <Delay = 2.10> <CoreInst = "DSP48">   --->   Core 116 'DSP48' <Latency = 3> <II = 1> <Delay = 2.15> <IPBlock> <Opcode : 'add' 'sub' 'mul' 'select'> <InPorts = 0> <OutPorts = 1> <Sync> <CReg>
ST_4 : Operation 1194 [1/1] (1.94ns)   --->   "%add_ln162_49 = add i16 %zext_ln162_15, i16 %sext_ln162_50" [cnn_hls.cpp:162]   --->   Operation 1194 'add' 'add_ln162_49' <Predicate = true> <Delay = 1.94> <CoreInst = "Adder">   --->   Core 1 'Adder' <Latency = 0> <II = 1> <Delay = 1.94> <FuncUnit> <Opcode : 'add' 'sub'> <InPorts = 2> <OutPorts = 1>
ST_4 : Operation 1195 [2/2] (2.10ns) (root node of the DSP)   --->   "%add_ln162_50 = add i16 %add_ln162_49, i16 %sext_ln162_51" [cnn_hls.cpp:162]   --->   Operation 1195 'add' 'add_ln162_50' <Predicate = true> <Delay = 2.10> <CoreInst = "DSP48">   --->   Core 116 'DSP48' <Latency = 3> <II = 1> <Delay = 2.15> <IPBlock> <Opcode : 'add' 'sub' 'mul' 'select'> <InPorts = 0> <OutPorts = 1> <Sync> <CReg>
ST_4 : Operation 1196 [1/2] (2.10ns) (root node of the DSP)   --->   "%add_ln162_52 = add i16 %sext_ln162_49, i16 %sext_ln162_48" [cnn_hls.cpp:162]   --->   Operation 1196 'add' 'add_ln162_52' <Predicate = true> <Delay = 2.10> <CoreInst = "DSP48">   --->   Core 116 'DSP48' <Latency = 3> <II = 1> <Delay = 2.15> <IPBlock> <Opcode : 'add' 'sub' 'mul' 'select'> <InPorts = 0> <OutPorts = 1> <Sync> <CReg>
ST_4 : Operation 1197 [1/1] (0.00ns)   --->   "%sext_ln162_150 = sext i16 %add_ln162_52" [cnn_hls.cpp:162]   --->   Operation 1197 'sext' 'sext_ln162_150' <Predicate = true> <Delay = 0.00>
ST_4 : Operation 1198 [1/1] (0.00ns) (grouped into TernaryAdder)   --->   "%add_ln162_53 = add i17 %sext_ln162_150, i17 %zext_ln162_14" [cnn_hls.cpp:162]   --->   Operation 1198 'add' 'add_ln162_53' <Predicate = true> <Delay = 0.00> <CoreInst = "TAddSub">   --->   Core 10 'TAddSub' <Latency = 0> <II = 1> <Delay = 1.99> <IPBlock> <Opcode : 'add' 'sub'> <InPorts = 3> <OutPorts = 1> <Sync> <CReg>
ST_4 : Operation 1199 [1/1] (1.81ns)   --->   "%add_ln162_54 = add i14 %mul_ln162_70, i14 %zext_ln162_13" [cnn_hls.cpp:162]   --->   Operation 1199 'add' 'add_ln162_54' <Predicate = true> <Delay = 1.81> <CoreInst = "Adder">   --->   Core 1 'Adder' <Latency = 0> <II = 1> <Delay = 1.81> <FuncUnit> <Opcode : 'add' 'sub'> <InPorts = 2> <OutPorts = 1>
ST_4 : Operation 1200 [1/1] (0.00ns) (grouped into LUT with out node add_ln162_55)   --->   "%zext_ln162_49 = zext i14 %add_ln162_54" [cnn_hls.cpp:162]   --->   Operation 1200 'zext' 'zext_ln162_49' <Predicate = true> <Delay = 0.00>
ST_4 : Operation 1201 [1/1] (1.81ns) (out node of the LUT)   --->   "%add_ln162_55 = add i16 %zext_ln162_49, i16 %sext_ln162_47" [cnn_hls.cpp:162]   --->   Operation 1201 'add' 'add_ln162_55' <Predicate = true> <Delay = 1.81> <CoreInst = "Adder">   --->   Core 1 'Adder' <Latency = 0> <II = 1> <Delay = 1.81> <FuncUnit> <Opcode : 'add' 'sub'> <InPorts = 2> <OutPorts = 1>
ST_4 : Operation 1202 [1/1] (0.00ns)   --->   "%sext_ln162_151 = sext i16 %add_ln162_55" [cnn_hls.cpp:162]   --->   Operation 1202 'sext' 'sext_ln162_151' <Predicate = true> <Delay = 0.00>
ST_4 : Operation 1203 [1/1] (3.93ns) (root node of TernaryAdder)   --->   "%add_ln162_56 = add i17 %sext_ln162_151, i17 %add_ln162_53" [cnn_hls.cpp:162]   --->   Operation 1203 'add' 'add_ln162_56' <Predicate = true> <Delay = 3.93> <CoreInst = "TAddSub">   --->   Core 10 'TAddSub' <Latency = 0> <II = 1> <Delay = 1.99> <IPBlock> <Opcode : 'add' 'sub'> <InPorts = 3> <OutPorts = 1> <Sync> <CReg>
ST_4 : Operation 1204 [1/1] (1.67ns) (out node of the LUT)   --->   "%add_ln162_58 = add i14 %sext_ln162_46, i14 %zext_ln162_12" [cnn_hls.cpp:162]   --->   Operation 1204 'add' 'add_ln162_58' <Predicate = true> <Delay = 1.67> <CoreInst = "Adder">   --->   Core 1 'Adder' <Latency = 0> <II = 1> <Delay = 1.67> <FuncUnit> <Opcode : 'add' 'sub'> <InPorts = 2> <OutPorts = 1>
ST_4 : Operation 1205 [2/2] (2.10ns) (root node of the DSP)   --->   "%add_ln162_59 = add i14 %add_ln162_58, i14 %mul_ln162_68" [cnn_hls.cpp:162]   --->   Operation 1205 'add' 'add_ln162_59' <Predicate = true> <Delay = 2.10> <CoreInst = "DSP48">   --->   Core 116 'DSP48' <Latency = 3> <II = 1> <Delay = 2.15> <IPBlock> <Opcode : 'add' 'sub' 'mul' 'select'> <InPorts = 0> <OutPorts = 1> <Sync> <CReg>
ST_4 : Operation 1206 [1/2] (2.10ns) (root node of the DSP)   --->   "%add_ln162_60 = add i15 %sext_ln162_44, i15 %tmp1" [cnn_hls.cpp:162]   --->   Operation 1206 'add' 'add_ln162_60' <Predicate = true> <Delay = 2.10> <CoreInst = "DSP48">   --->   Core 116 'DSP48' <Latency = 3> <II = 1> <Delay = 2.15> <IPBlock> <Opcode : 'add' 'sub' 'mul' 'select'> <InPorts = 0> <OutPorts = 1> <Sync> <CReg>
ST_4 : Operation 1207 [1/1] (0.00ns)   --->   "%sext_ln162_155 = sext i15 %add_ln162_60" [cnn_hls.cpp:162]   --->   Operation 1207 'sext' 'sext_ln162_155' <Predicate = true> <Delay = 0.00>
ST_4 : Operation 1208 [2/2] (2.10ns) (root node of the DSP)   --->   "%add_ln162_61 = add i16 %sext_ln162_155, i16 %sext_ln162_45" [cnn_hls.cpp:162]   --->   Operation 1208 'add' 'add_ln162_61' <Predicate = true> <Delay = 2.10> <CoreInst = "DSP48">   --->   Core 116 'DSP48' <Latency = 3> <II = 1> <Delay = 2.15> <IPBlock> <Opcode : 'add' 'sub' 'mul' 'select'> <InPorts = 0> <OutPorts = 1> <Sync> <CReg>
ST_4 : Operation 1209 [2/2] (2.10ns) (root node of the DSP)   --->   "%add_ln162_63 = add i16 %sext_ln162_43, i16 %sext_ln162_42" [cnn_hls.cpp:162]   --->   Operation 1209 'add' 'add_ln162_63' <Predicate = true> <Delay = 2.10> <CoreInst = "DSP48">   --->   Core 116 'DSP48' <Latency = 3> <II = 1> <Delay = 2.15> <IPBlock> <Opcode : 'add' 'sub' 'mul' 'select'> <InPorts = 0> <OutPorts = 1> <Sync> <CReg>
ST_4 : Operation 1210 [1/2] (2.10ns) (root node of the DSP)   --->   "%add_ln162_65 = add i15 %sext_ln162_40, i15 %mul_ln162_58" [cnn_hls.cpp:162]   --->   Operation 1210 'add' 'add_ln162_65' <Predicate = true> <Delay = 2.10> <CoreInst = "DSP48">   --->   Core 116 'DSP48' <Latency = 3> <II = 1> <Delay = 2.15> <IPBlock> <Opcode : 'add' 'sub' 'mul' 'select'> <InPorts = 0> <OutPorts = 1> <Sync> <CReg>
ST_4 : Operation 1211 [2/2] (2.10ns) (root node of the DSP)   --->   "%add_ln162_66 = add i15 %add_ln162_65, i15 %sext_ln162_41" [cnn_hls.cpp:162]   --->   Operation 1211 'add' 'add_ln162_66' <Predicate = true> <Delay = 2.10> <CoreInst = "DSP48">   --->   Core 116 'DSP48' <Latency = 3> <II = 1> <Delay = 2.15> <IPBlock> <Opcode : 'add' 'sub' 'mul' 'select'> <InPorts = 0> <OutPorts = 1> <Sync> <CReg>
ST_4 : Operation 1212 [1/1] (1.81ns)   --->   "%add_ln162_70 = add i14 %mul_ln162_56, i14 %zext_ln162_10" [cnn_hls.cpp:162]   --->   Operation 1212 'add' 'add_ln162_70' <Predicate = true> <Delay = 1.81> <CoreInst = "Adder">   --->   Core 1 'Adder' <Latency = 0> <II = 1> <Delay = 1.81> <FuncUnit> <Opcode : 'add' 'sub'> <InPorts = 2> <OutPorts = 1>
ST_4 : Operation 1213 [1/1] (0.00ns) (grouped into LUT with out node add_ln162_71)   --->   "%sext_ln162_161 = sext i14 %add_ln162_70" [cnn_hls.cpp:162]   --->   Operation 1213 'sext' 'sext_ln162_161' <Predicate = true> <Delay = 0.00>
ST_4 : Operation 1214 [1/1] (1.81ns) (out node of the LUT)   --->   "%add_ln162_71 = add i15 %sext_ln162_161, i15 %sext_ln162_39" [cnn_hls.cpp:162]   --->   Operation 1214 'add' 'add_ln162_71' <Predicate = true> <Delay = 1.81> <CoreInst = "Adder">   --->   Core 1 'Adder' <Latency = 0> <II = 1> <Delay = 1.81> <FuncUnit> <Opcode : 'add' 'sub'> <InPorts = 2> <OutPorts = 1>
ST_4 : Operation 1215 [1/2] (2.10ns) (root node of the DSP)   --->   "%add_ln162_72 = add i15 %sext_ln162_37, i15 %mul_ln162_52" [cnn_hls.cpp:162]   --->   Operation 1215 'add' 'add_ln162_72' <Predicate = true> <Delay = 2.10> <CoreInst = "DSP48">   --->   Core 116 'DSP48' <Latency = 3> <II = 1> <Delay = 2.15> <IPBlock> <Opcode : 'add' 'sub' 'mul' 'select'> <InPorts = 0> <OutPorts = 1> <Sync> <CReg>
ST_4 : Operation 1216 [1/1] (0.00ns)   --->   "%sext_ln162_163 = sext i15 %add_ln162_72" [cnn_hls.cpp:162]   --->   Operation 1216 'sext' 'sext_ln162_163' <Predicate = true> <Delay = 0.00>
ST_4 : Operation 1217 [2/2] (2.10ns) (root node of the DSP)   --->   "%add_ln162_73 = add i16 %sext_ln162_163, i16 %sext_ln162_38" [cnn_hls.cpp:162]   --->   Operation 1217 'add' 'add_ln162_73' <Predicate = true> <Delay = 2.10> <CoreInst = "DSP48">   --->   Core 116 'DSP48' <Latency = 3> <II = 1> <Delay = 2.15> <IPBlock> <Opcode : 'add' 'sub' 'mul' 'select'> <InPorts = 0> <OutPorts = 1> <Sync> <CReg>
ST_4 : Operation 1218 [1/2] (2.10ns) (root node of the DSP)   --->   "%add_ln162_75 = add i15 %mul_ln162_50, i15 %sext_ln162_34" [cnn_hls.cpp:162]   --->   Operation 1218 'add' 'add_ln162_75' <Predicate = true> <Delay = 2.10> <CoreInst = "DSP48">   --->   Core 116 'DSP48' <Latency = 3> <II = 1> <Delay = 2.15> <IPBlock> <Opcode : 'add' 'sub' 'mul' 'select'> <InPorts = 0> <OutPorts = 1> <Sync> <CReg>
ST_4 : Operation 1219 [1/1] (1.94ns) (out node of the LUT)   --->   "%add_ln162_76 = add i15 %add_ln162_75, i15 %sext_ln162_36" [cnn_hls.cpp:162]   --->   Operation 1219 'add' 'add_ln162_76' <Predicate = true> <Delay = 1.94> <CoreInst = "Adder">   --->   Core 1 'Adder' <Latency = 0> <II = 1> <Delay = 1.94> <FuncUnit> <Opcode : 'add' 'sub'> <InPorts = 2> <OutPorts = 1>
ST_4 : Operation 1220 [1/2] (2.10ns) (root node of the DSP)   --->   "%add_ln162_77 = add i15 %sext_ln162_32, i15 %zext_ln162_8" [cnn_hls.cpp:162]   --->   Operation 1220 'add' 'add_ln162_77' <Predicate = true> <Delay = 2.10> <CoreInst = "DSP48">   --->   Core 116 'DSP48' <Latency = 3> <II = 1> <Delay = 2.15> <IPBlock> <Opcode : 'add' 'sub' 'mul' 'select'> <InPorts = 0> <OutPorts = 1> <Sync> <CReg>
ST_4 : Operation 1221 [2/2] (2.10ns) (root node of the DSP)   --->   "%add_ln162_78 = add i15 %add_ln162_77, i15 %sext_ln162_33" [cnn_hls.cpp:162]   --->   Operation 1221 'add' 'add_ln162_78' <Predicate = true> <Delay = 2.10> <CoreInst = "DSP48">   --->   Core 116 'DSP48' <Latency = 3> <II = 1> <Delay = 2.15> <IPBlock> <Opcode : 'add' 'sub' 'mul' 'select'> <InPorts = 0> <OutPorts = 1> <Sync> <CReg>
ST_4 : Operation 1222 [1/2] (2.10ns) (root node of the DSP)   --->   "%add_ln162_81 = add i15 %sext_ln162_30, i15 %mul_ln162_43" [cnn_hls.cpp:162]   --->   Operation 1222 'add' 'add_ln162_81' <Predicate = true> <Delay = 2.10> <CoreInst = "DSP48">   --->   Core 116 'DSP48' <Latency = 3> <II = 1> <Delay = 2.15> <IPBlock> <Opcode : 'add' 'sub' 'mul' 'select'> <InPorts = 0> <OutPorts = 1> <Sync> <CReg>
ST_4 : Operation 1223 [2/2] (2.10ns) (root node of the DSP)   --->   "%add_ln162_82 = add i15 %add_ln162_81, i15 %sext_ln162_31" [cnn_hls.cpp:162]   --->   Operation 1223 'add' 'add_ln162_82' <Predicate = true> <Delay = 2.10> <CoreInst = "DSP48">   --->   Core 116 'DSP48' <Latency = 3> <II = 1> <Delay = 2.15> <IPBlock> <Opcode : 'add' 'sub' 'mul' 'select'> <InPorts = 0> <OutPorts = 1> <Sync> <CReg>
ST_4 : Operation 1224 [1/2] (2.10ns) (root node of the DSP)   --->   "%add_ln162_83 = add i16 %sext_ln162_28, i16 %sext_ln162_27" [cnn_hls.cpp:162]   --->   Operation 1224 'add' 'add_ln162_83' <Predicate = true> <Delay = 2.10> <CoreInst = "DSP48">   --->   Core 116 'DSP48' <Latency = 3> <II = 1> <Delay = 2.15> <IPBlock> <Opcode : 'add' 'sub' 'mul' 'select'> <InPorts = 0> <OutPorts = 1> <Sync> <CReg>
ST_4 : Operation 1225 [1/1] (0.00ns)   --->   "%sext_ln162_170 = sext i16 %add_ln162_83" [cnn_hls.cpp:162]   --->   Operation 1225 'sext' 'sext_ln162_170' <Predicate = true> <Delay = 0.00>
ST_4 : Operation 1226 [2/2] (2.10ns) (root node of the DSP)   --->   "%add_ln162_84 = add i17 %sext_ln162_170, i17 %sext_ln162_29" [cnn_hls.cpp:162]   --->   Operation 1226 'add' 'add_ln162_84' <Predicate = true> <Delay = 2.10> <CoreInst = "DSP48">   --->   Core 116 'DSP48' <Latency = 3> <II = 1> <Delay = 2.15> <IPBlock> <Opcode : 'add' 'sub' 'mul' 'select'> <InPorts = 0> <OutPorts = 1> <Sync> <CReg>
ST_4 : Operation 1227 [1/2] (2.10ns) (root node of the DSP)   --->   "%add_ln162_86 = add i14 %sext_ln162_25, i14 %mul_ln162_37" [cnn_hls.cpp:162]   --->   Operation 1227 'add' 'add_ln162_86' <Predicate = true> <Delay = 2.10> <CoreInst = "DSP48">   --->   Core 116 'DSP48' <Latency = 3> <II = 1> <Delay = 2.15> <IPBlock> <Opcode : 'add' 'sub' 'mul' 'select'> <InPorts = 0> <OutPorts = 1> <Sync> <CReg>
ST_4 : Operation 1228 [1/1] (0.00ns)   --->   "%sext_ln162_171 = sext i14 %add_ln162_86" [cnn_hls.cpp:162]   --->   Operation 1228 'sext' 'sext_ln162_171' <Predicate = true> <Delay = 0.00>
ST_4 : Operation 1229 [2/2] (2.10ns) (root node of the DSP)   --->   "%add_ln162_87 = add i15 %sext_ln162_171, i15 %sext_ln162_26" [cnn_hls.cpp:162]   --->   Operation 1229 'add' 'add_ln162_87' <Predicate = true> <Delay = 2.10> <CoreInst = "DSP48">   --->   Core 116 'DSP48' <Latency = 3> <II = 1> <Delay = 2.15> <IPBlock> <Opcode : 'add' 'sub' 'mul' 'select'> <InPorts = 0> <OutPorts = 1> <Sync> <CReg>
ST_4 : Operation 1230 [1/2] (2.10ns) (root node of the DSP)   --->   "%add_ln162_88 = add i15 %mul_ln162_35, i15 %mul_ln162_34" [cnn_hls.cpp:162]   --->   Operation 1230 'add' 'add_ln162_88' <Predicate = true> <Delay = 2.10> <CoreInst = "DSP48">   --->   Core 116 'DSP48' <Latency = 3> <II = 1> <Delay = 2.15> <IPBlock> <Opcode : 'add' 'sub' 'mul' 'select'> <InPorts = 0> <OutPorts = 1> <Sync> <CReg>
ST_4 : Operation 1231 [1/1] (1.94ns)   --->   "%add_ln162_89 = add i15 %add_ln162_88, i15 %zext_ln162_6" [cnn_hls.cpp:162]   --->   Operation 1231 'add' 'add_ln162_89' <Predicate = true> <Delay = 1.94> <CoreInst = "Adder">   --->   Core 1 'Adder' <Latency = 0> <II = 1> <Delay = 1.94> <FuncUnit> <Opcode : 'add' 'sub'> <InPorts = 2> <OutPorts = 1>
ST_4 : Operation 1232 [2/2] (2.10ns) (root node of the DSP)   --->   "%add_ln162_95 = add i15 %sext_ln162_24, i15 %sext_ln162_23" [cnn_hls.cpp:162]   --->   Operation 1232 'add' 'add_ln162_95' <Predicate = true> <Delay = 2.10> <CoreInst = "DSP48">   --->   Core 116 'DSP48' <Latency = 3> <II = 1> <Delay = 2.15> <IPBlock> <Opcode : 'add' 'sub' 'mul' 'select'> <InPorts = 0> <OutPorts = 1> <Sync> <CReg>
ST_4 : Operation 1233 [1/2] (2.10ns) (root node of the DSP)   --->   "%add_ln162_97 = add i15 %sext_ln162_21, i15 %sext_ln162_20" [cnn_hls.cpp:162]   --->   Operation 1233 'add' 'add_ln162_97' <Predicate = true> <Delay = 2.10> <CoreInst = "DSP48">   --->   Core 116 'DSP48' <Latency = 3> <II = 1> <Delay = 2.15> <IPBlock> <Opcode : 'add' 'sub' 'mul' 'select'> <InPorts = 0> <OutPorts = 1> <Sync> <CReg>
ST_4 : Operation 1234 [2/2] (2.10ns) (root node of the DSP)   --->   "%add_ln162_98 = add i15 %add_ln162_97, i15 %sext_ln162_22" [cnn_hls.cpp:162]   --->   Operation 1234 'add' 'add_ln162_98' <Predicate = true> <Delay = 2.10> <CoreInst = "DSP48">   --->   Core 116 'DSP48' <Latency = 3> <II = 1> <Delay = 2.15> <IPBlock> <Opcode : 'add' 'sub' 'mul' 'select'> <InPorts = 0> <OutPorts = 1> <Sync> <CReg>
ST_4 : Operation 1235 [2/2] (2.10ns) (root node of the DSP)   --->   "%add_ln162_100 = add i16 %sext_ln162_18, i16 %sext_ln162_17" [cnn_hls.cpp:162]   --->   Operation 1235 'add' 'add_ln162_100' <Predicate = true> <Delay = 2.10> <CoreInst = "DSP48">   --->   Core 116 'DSP48' <Latency = 3> <II = 1> <Delay = 2.15> <IPBlock> <Opcode : 'add' 'sub' 'mul' 'select'> <InPorts = 0> <OutPorts = 1> <Sync> <CReg>
ST_4 : Operation 1236 [1/2] (2.10ns) (root node of the DSP)   --->   "%add_ln162_102 = add i15 %mul_ln162_23, i15 %sext_ln162_15" [cnn_hls.cpp:162]   --->   Operation 1236 'add' 'add_ln162_102' <Predicate = true> <Delay = 2.10> <CoreInst = "DSP48">   --->   Core 116 'DSP48' <Latency = 3> <II = 1> <Delay = 2.15> <IPBlock> <Opcode : 'add' 'sub' 'mul' 'select'> <InPorts = 0> <OutPorts = 1> <Sync> <CReg>
ST_4 : Operation 1237 [2/2] (2.10ns) (root node of the DSP)   --->   "%add_ln162_103 = add i15 %add_ln162_102, i15 %sext_ln162_16" [cnn_hls.cpp:162]   --->   Operation 1237 'add' 'add_ln162_103' <Predicate = true> <Delay = 2.10> <CoreInst = "DSP48">   --->   Core 116 'DSP48' <Latency = 3> <II = 1> <Delay = 2.15> <IPBlock> <Opcode : 'add' 'sub' 'mul' 'select'> <InPorts = 0> <OutPorts = 1> <Sync> <CReg>
ST_4 : Operation 1238 [1/2] (2.10ns) (root node of the DSP)   --->   "%add_ln162_106 = add i15 %mul_ln162_20, i15 %sext_ln162_13" [cnn_hls.cpp:162]   --->   Operation 1238 'add' 'add_ln162_106' <Predicate = true> <Delay = 2.10> <CoreInst = "DSP48">   --->   Core 116 'DSP48' <Latency = 3> <II = 1> <Delay = 2.15> <IPBlock> <Opcode : 'add' 'sub' 'mul' 'select'> <InPorts = 0> <OutPorts = 1> <Sync> <CReg>
ST_4 : Operation 1239 [2/2] (2.10ns) (root node of the DSP)   --->   "%add_ln162_107 = add i15 %add_ln162_106, i15 %sext_ln162_14" [cnn_hls.cpp:162]   --->   Operation 1239 'add' 'add_ln162_107' <Predicate = true> <Delay = 2.10> <CoreInst = "DSP48">   --->   Core 116 'DSP48' <Latency = 3> <II = 1> <Delay = 2.15> <IPBlock> <Opcode : 'add' 'sub' 'mul' 'select'> <InPorts = 0> <OutPorts = 1> <Sync> <CReg>
ST_4 : Operation 1240 [1/2] (2.10ns) (root node of the DSP)   --->   "%add_ln162_108 = add i16 %sext_ln162_11, i16 %sext_ln162_10" [cnn_hls.cpp:162]   --->   Operation 1240 'add' 'add_ln162_108' <Predicate = true> <Delay = 2.10> <CoreInst = "DSP48">   --->   Core 116 'DSP48' <Latency = 3> <II = 1> <Delay = 2.15> <IPBlock> <Opcode : 'add' 'sub' 'mul' 'select'> <InPorts = 0> <OutPorts = 1> <Sync> <CReg>
ST_4 : Operation 1241 [2/2] (2.10ns) (root node of the DSP)   --->   "%add_ln162_109 = add i16 %add_ln162_108, i16 %sext_ln162_12" [cnn_hls.cpp:162]   --->   Operation 1241 'add' 'add_ln162_109' <Predicate = true> <Delay = 2.10> <CoreInst = "DSP48">   --->   Core 116 'DSP48' <Latency = 3> <II = 1> <Delay = 2.15> <IPBlock> <Opcode : 'add' 'sub' 'mul' 'select'> <InPorts = 0> <OutPorts = 1> <Sync> <CReg>
ST_4 : Operation 1242 [2/2] (2.10ns) (root node of the DSP)   --->   "%add_ln162_111 = add i16 %sext_ln162_9, i16 %sext_ln162_8" [cnn_hls.cpp:162]   --->   Operation 1242 'add' 'add_ln162_111' <Predicate = true> <Delay = 2.10> <CoreInst = "DSP48">   --->   Core 116 'DSP48' <Latency = 3> <II = 1> <Delay = 2.15> <IPBlock> <Opcode : 'add' 'sub' 'mul' 'select'> <InPorts = 0> <OutPorts = 1> <Sync> <CReg>
ST_4 : Operation 1243 [1/2] (2.10ns) (root node of the DSP)   --->   "%add_ln162_113 = add i15 %mul_ln162_11, i15 %sext_ln162_6" [cnn_hls.cpp:162]   --->   Operation 1243 'add' 'add_ln162_113' <Predicate = true> <Delay = 2.10> <CoreInst = "DSP48">   --->   Core 116 'DSP48' <Latency = 3> <II = 1> <Delay = 2.15> <IPBlock> <Opcode : 'add' 'sub' 'mul' 'select'> <InPorts = 0> <OutPorts = 1> <Sync> <CReg>
ST_4 : Operation 1244 [1/1] (0.00ns)   --->   "%sext_ln162_187 = sext i15 %add_ln162_113" [cnn_hls.cpp:162]   --->   Operation 1244 'sext' 'sext_ln162_187' <Predicate = true> <Delay = 0.00>
ST_4 : Operation 1245 [2/2] (2.10ns) (root node of the DSP)   --->   "%add_ln162_114 = add i16 %sext_ln162_187, i16 %sext_ln162_7" [cnn_hls.cpp:162]   --->   Operation 1245 'add' 'add_ln162_114' <Predicate = true> <Delay = 2.10> <CoreInst = "DSP48">   --->   Core 116 'DSP48' <Latency = 3> <II = 1> <Delay = 2.15> <IPBlock> <Opcode : 'add' 'sub' 'mul' 'select'> <InPorts = 0> <OutPorts = 1> <Sync> <CReg>
ST_4 : Operation 1246 [1/2] (2.10ns) (root node of the DSP)   --->   "%add_ln162_118 = add i16 %sext_ln162_4, i16 %sext_ln162_3" [cnn_hls.cpp:162]   --->   Operation 1246 'add' 'add_ln162_118' <Predicate = true> <Delay = 2.10> <CoreInst = "DSP48">   --->   Core 116 'DSP48' <Latency = 3> <II = 1> <Delay = 2.15> <IPBlock> <Opcode : 'add' 'sub' 'mul' 'select'> <InPorts = 0> <OutPorts = 1> <Sync> <CReg>
ST_4 : Operation 1247 [2/2] (2.10ns) (root node of the DSP)   --->   "%add_ln162_119 = add i16 %add_ln162_118, i16 %sext_ln162_5" [cnn_hls.cpp:162]   --->   Operation 1247 'add' 'add_ln162_119' <Predicate = true> <Delay = 2.10> <CoreInst = "DSP48">   --->   Core 116 'DSP48' <Latency = 3> <II = 1> <Delay = 2.15> <IPBlock> <Opcode : 'add' 'sub' 'mul' 'select'> <InPorts = 0> <OutPorts = 1> <Sync> <CReg>
ST_4 : Operation 1248 [1/2] (2.10ns) (root node of the DSP)   --->   "%add_ln162_120 = add i15 %mul_ln162_5, i15 %sext_ln162_1" [cnn_hls.cpp:162]   --->   Operation 1248 'add' 'add_ln162_120' <Predicate = true> <Delay = 2.10> <CoreInst = "DSP48">   --->   Core 116 'DSP48' <Latency = 3> <II = 1> <Delay = 2.15> <IPBlock> <Opcode : 'add' 'sub' 'mul' 'select'> <InPorts = 0> <OutPorts = 1> <Sync> <CReg>
ST_4 : Operation 1249 [2/2] (2.10ns) (root node of the DSP)   --->   "%add_ln162_121 = add i15 %add_ln162_120, i15 %sext_ln162_2" [cnn_hls.cpp:162]   --->   Operation 1249 'add' 'add_ln162_121' <Predicate = true> <Delay = 2.10> <CoreInst = "DSP48">   --->   Core 116 'DSP48' <Latency = 3> <II = 1> <Delay = 2.15> <IPBlock> <Opcode : 'add' 'sub' 'mul' 'select'> <InPorts = 0> <OutPorts = 1> <Sync> <CReg>
ST_4 : Operation 1250 [1/1] (1.54ns)   --->   "%add_ln162_123 = add i13 %zext_ln162_1, i13 %zext_ln162" [cnn_hls.cpp:162]   --->   Operation 1250 'add' 'add_ln162_123' <Predicate = true> <Delay = 1.54> <CoreInst = "Adder">   --->   Core 1 'Adder' <Latency = 0> <II = 1> <Delay = 1.54> <FuncUnit> <Opcode : 'add' 'sub'> <InPorts = 2> <OutPorts = 1>
ST_4 : Operation 1251 [1/1] (0.00ns)   --->   "%zext_ln162_50 = zext i13 %add_ln162_123" [cnn_hls.cpp:162]   --->   Operation 1251 'zext' 'zext_ln162_50' <Predicate = true> <Delay = 0.00>
ST_4 : Operation 1252 [2/2] (2.10ns) (root node of the DSP)   --->   "%add_ln162_124 = add i15 %zext_ln162_50, i15 %mul_ln162_3" [cnn_hls.cpp:162]   --->   Operation 1252 'add' 'add_ln162_124' <Predicate = true> <Delay = 2.10> <CoreInst = "DSP48">   --->   Core 116 'DSP48' <Latency = 3> <II = 1> <Delay = 2.15> <IPBlock> <Opcode : 'add' 'sub' 'mul' 'select'> <InPorts = 0> <OutPorts = 1> <Sync> <CReg>
ST_4 : Operation 1253 [1/2] (2.10ns) (root node of the DSP)   --->   "%add_ln162_125 = add i15 %mul_ln162_189_cast, i15 %mul_ln162_188" [cnn_hls.cpp:162]   --->   Operation 1253 'add' 'add_ln162_125' <Predicate = true> <Delay = 2.10> <CoreInst = "DSP48">   --->   Core 116 'DSP48' <Latency = 3> <II = 1> <Delay = 2.15> <IPBlock> <Opcode : 'add' 'sub' 'mul' 'select'> <InPorts = 0> <OutPorts = 1> <Sync> <CReg>
ST_4 : Operation 1254 [1/1] (0.00ns)   --->   "%sext_ln162_194 = sext i15 %add_ln162_125" [cnn_hls.cpp:162]   --->   Operation 1254 'sext' 'sext_ln162_194' <Predicate = true> <Delay = 0.00>
ST_4 : Operation 1255 [2/2] (2.10ns) (root node of the DSP)   --->   "%add_ln162_126 = add i16 %sext_ln162_194, i16 %sext_ln162" [cnn_hls.cpp:162]   --->   Operation 1255 'add' 'add_ln162_126' <Predicate = true> <Delay = 2.10> <CoreInst = "DSP48">   --->   Core 116 'DSP48' <Latency = 3> <II = 1> <Delay = 2.15> <IPBlock> <Opcode : 'add' 'sub' 'mul' 'select'> <InPorts = 0> <OutPorts = 1> <Sync> <CReg>
ST_4 : Operation 1256 [1/2] (2.10ns) (root node of the DSP)   --->   "%add_ln162_129 = add i15 %mul_ln162_186, i15 %sext_ln162_112" [cnn_hls.cpp:162]   --->   Operation 1256 'add' 'add_ln162_129' <Predicate = true> <Delay = 2.10> <CoreInst = "DSP48">   --->   Core 116 'DSP48' <Latency = 3> <II = 1> <Delay = 2.15> <IPBlock> <Opcode : 'add' 'sub' 'mul' 'select'> <InPorts = 0> <OutPorts = 1> <Sync> <CReg>
ST_4 : Operation 1257 [1/1] (0.00ns)   --->   "%sext_ln162_197 = sext i15 %add_ln162_129" [cnn_hls.cpp:162]   --->   Operation 1257 'sext' 'sext_ln162_197' <Predicate = true> <Delay = 0.00>
ST_4 : Operation 1258 [2/2] (2.10ns) (root node of the DSP)   --->   "%add_ln162_130 = add i16 %sext_ln162_197, i16 %sext_ln162_113" [cnn_hls.cpp:162]   --->   Operation 1258 'add' 'add_ln162_130' <Predicate = true> <Delay = 2.10> <CoreInst = "DSP48">   --->   Core 116 'DSP48' <Latency = 3> <II = 1> <Delay = 2.15> <IPBlock> <Opcode : 'add' 'sub' 'mul' 'select'> <InPorts = 0> <OutPorts = 1> <Sync> <CReg>
ST_4 : Operation 1259 [2/2] (2.10ns) (root node of the DSP)   --->   "%add_ln162_131 = add i15 %mul_ln162_183, i15 %mul_ln162_182" [cnn_hls.cpp:162]   --->   Operation 1259 'add' 'add_ln162_131' <Predicate = true> <Delay = 2.10> <CoreInst = "DSP48">   --->   Core 116 'DSP48' <Latency = 3> <II = 1> <Delay = 2.15> <IPBlock> <Opcode : 'add' 'sub' 'mul' 'select'> <InPorts = 0> <OutPorts = 1> <Sync> <CReg>
ST_4 : Operation 1260 [1/2] (2.10ns) (root node of the DSP)   --->   "%add_ln162_134 = add i14 %mul_ln162_180, i14 %sext_ln162_109" [cnn_hls.cpp:162]   --->   Operation 1260 'add' 'add_ln162_134' <Predicate = true> <Delay = 2.10> <CoreInst = "DSP48">   --->   Core 116 'DSP48' <Latency = 3> <II = 1> <Delay = 2.15> <IPBlock> <Opcode : 'add' 'sub' 'mul' 'select'> <InPorts = 0> <OutPorts = 1> <Sync> <CReg>
ST_4 : Operation 1261 [1/1] (0.00ns)   --->   "%sext_ln162_201 = sext i14 %add_ln162_134" [cnn_hls.cpp:162]   --->   Operation 1261 'sext' 'sext_ln162_201' <Predicate = true> <Delay = 0.00>
ST_4 : Operation 1262 [2/2] (2.10ns) (root node of the DSP)   --->   "%add_ln162_135 = add i15 %sext_ln162_201, i15 %sext_ln162_110" [cnn_hls.cpp:162]   --->   Operation 1262 'add' 'add_ln162_135' <Predicate = true> <Delay = 2.10> <CoreInst = "DSP48">   --->   Core 116 'DSP48' <Latency = 3> <II = 1> <Delay = 2.15> <IPBlock> <Opcode : 'add' 'sub' 'mul' 'select'> <InPorts = 0> <OutPorts = 1> <Sync> <CReg>
ST_4 : Operation 1263 [1/2] (2.10ns) (root node of the DSP)   --->   "%add_ln162_142 = add i15 %sext_ln162_107, i15 %sext_ln162_106" [cnn_hls.cpp:162]   --->   Operation 1263 'add' 'add_ln162_142' <Predicate = true> <Delay = 2.10> <CoreInst = "DSP48">   --->   Core 116 'DSP48' <Latency = 3> <II = 1> <Delay = 2.15> <IPBlock> <Opcode : 'add' 'sub' 'mul' 'select'> <InPorts = 0> <OutPorts = 1> <Sync> <CReg>
ST_4 : Operation 1264 [1/1] (1.94ns) (out node of the LUT)   --->   "%add_ln162_143 = add i15 %add_ln162_142, i15 %zext_ln162_45" [cnn_hls.cpp:162]   --->   Operation 1264 'add' 'add_ln162_143' <Predicate = true> <Delay = 1.94> <CoreInst = "Adder">   --->   Core 1 'Adder' <Latency = 0> <II = 1> <Delay = 1.94> <FuncUnit> <Opcode : 'add' 'sub'> <InPorts = 2> <OutPorts = 1>
ST_4 : Operation 1265 [1/2] (2.10ns) (root node of the DSP)   --->   "%add_ln162_144 = add i15 %zext_ln162_43, i15 %mul_ln162_170" [cnn_hls.cpp:162]   --->   Operation 1265 'add' 'add_ln162_144' <Predicate = true> <Delay = 2.10> <CoreInst = "DSP48">   --->   Core 116 'DSP48' <Latency = 3> <II = 1> <Delay = 2.15> <IPBlock> <Opcode : 'add' 'sub' 'mul' 'select'> <InPorts = 0> <OutPorts = 1> <Sync> <CReg>
ST_4 : Operation 1266 [1/1] (0.00ns)   --->   "%sext_ln162_209 = sext i15 %add_ln162_144" [cnn_hls.cpp:162]   --->   Operation 1266 'sext' 'sext_ln162_209' <Predicate = true> <Delay = 0.00>
ST_4 : Operation 1267 [2/2] (2.10ns) (root node of the DSP)   --->   "%add_ln162_145 = add i16 %sext_ln162_209, i16 %sext_ln162_105" [cnn_hls.cpp:162]   --->   Operation 1267 'add' 'add_ln162_145' <Predicate = true> <Delay = 2.10> <CoreInst = "DSP48">   --->   Core 116 'DSP48' <Latency = 3> <II = 1> <Delay = 2.15> <IPBlock> <Opcode : 'add' 'sub' 'mul' 'select'> <InPorts = 0> <OutPorts = 1> <Sync> <CReg>
ST_4 : Operation 1268 [1/1] (1.94ns)   --->   "%add_ln162_147 = add i15 %zext_ln162_41, i15 %mul_ln162_167" [cnn_hls.cpp:162]   --->   Operation 1268 'add' 'add_ln162_147' <Predicate = true> <Delay = 1.94> <CoreInst = "Adder">   --->   Core 1 'Adder' <Latency = 0> <II = 1> <Delay = 1.94> <FuncUnit> <Opcode : 'add' 'sub'> <InPorts = 2> <OutPorts = 1>
ST_4 : Operation 1269 [1/1] (0.00ns)   --->   "%sext_ln162_211 = sext i15 %add_ln162_147" [cnn_hls.cpp:162]   --->   Operation 1269 'sext' 'sext_ln162_211' <Predicate = true> <Delay = 0.00>
ST_4 : Operation 1270 [1/1] (1.94ns)   --->   "%add_ln162_148 = add i16 %sext_ln162_211, i16 %zext_ln162_42" [cnn_hls.cpp:162]   --->   Operation 1270 'add' 'add_ln162_148' <Predicate = true> <Delay = 1.94> <CoreInst = "Adder">   --->   Core 1 'Adder' <Latency = 0> <II = 1> <Delay = 1.94> <FuncUnit> <Opcode : 'add' 'sub'> <InPorts = 2> <OutPorts = 1>
ST_4 : Operation 1271 [1/1] (0.00ns)   --->   "%sext_ln162_212 = sext i16 %add_ln162_148" [cnn_hls.cpp:162]   --->   Operation 1271 'sext' 'sext_ln162_212' <Predicate = true> <Delay = 0.00>
ST_4 : Operation 1272 [1/2] (2.10ns) (root node of the DSP)   --->   "%add_ln162_149 = add i15 %mul_ln162_165, i15 %sext_ln162_103" [cnn_hls.cpp:162]   --->   Operation 1272 'add' 'add_ln162_149' <Predicate = true> <Delay = 2.10> <CoreInst = "DSP48">   --->   Core 116 'DSP48' <Latency = 3> <II = 1> <Delay = 2.15> <IPBlock> <Opcode : 'add' 'sub' 'mul' 'select'> <InPorts = 0> <OutPorts = 1> <Sync> <CReg>
ST_4 : Operation 1273 [1/1] (1.94ns) (out node of the LUT)   --->   "%add_ln162_150 = add i15 %add_ln162_149, i15 %sext_ln162_104" [cnn_hls.cpp:162]   --->   Operation 1273 'add' 'add_ln162_150' <Predicate = true> <Delay = 1.94> <CoreInst = "Adder">   --->   Core 1 'Adder' <Latency = 0> <II = 1> <Delay = 1.94> <FuncUnit> <Opcode : 'add' 'sub'> <InPorts = 2> <OutPorts = 1>
ST_4 : Operation 1274 [1/1] (0.00ns)   --->   "%sext_ln162_213 = sext i15 %add_ln162_150" [cnn_hls.cpp:162]   --->   Operation 1274 'sext' 'sext_ln162_213' <Predicate = true> <Delay = 0.00>
ST_4 : Operation 1275 [1/1] (2.07ns)   --->   "%add_ln162_151 = add i17 %sext_ln162_213, i17 %sext_ln162_212" [cnn_hls.cpp:162]   --->   Operation 1275 'add' 'add_ln162_151' <Predicate = true> <Delay = 2.07> <CoreInst = "Adder">   --->   Core 1 'Adder' <Latency = 0> <II = 1> <Delay = 2.07> <FuncUnit> <Opcode : 'add' 'sub'> <InPorts = 2> <OutPorts = 1>
ST_4 : Operation 1276 [1/2] (2.10ns) (root node of the DSP)   --->   "%add_ln162_153 = add i15 %sext_ln162_101, i15 %mul_ln162_161" [cnn_hls.cpp:162]   --->   Operation 1276 'add' 'add_ln162_153' <Predicate = true> <Delay = 2.10> <CoreInst = "DSP48">   --->   Core 116 'DSP48' <Latency = 3> <II = 1> <Delay = 2.15> <IPBlock> <Opcode : 'add' 'sub' 'mul' 'select'> <InPorts = 0> <OutPorts = 1> <Sync> <CReg>
ST_4 : Operation 1277 [2/2] (2.10ns) (root node of the DSP)   --->   "%add_ln162_154 = add i15 %add_ln162_153, i15 %sext_ln162_102" [cnn_hls.cpp:162]   --->   Operation 1277 'add' 'add_ln162_154' <Predicate = true> <Delay = 2.10> <CoreInst = "DSP48">   --->   Core 116 'DSP48' <Latency = 3> <II = 1> <Delay = 2.15> <IPBlock> <Opcode : 'add' 'sub' 'mul' 'select'> <InPorts = 0> <OutPorts = 1> <Sync> <CReg>
ST_4 : Operation 1278 [1/2] (2.10ns) (root node of the DSP)   --->   "%add_ln162_155 = add i15 %sext_ln162_100, i15 %sext_ln162_99" [cnn_hls.cpp:162]   --->   Operation 1278 'add' 'add_ln162_155' <Predicate = true> <Delay = 2.10> <CoreInst = "DSP48">   --->   Core 116 'DSP48' <Latency = 3> <II = 1> <Delay = 2.15> <IPBlock> <Opcode : 'add' 'sub' 'mul' 'select'> <InPorts = 0> <OutPorts = 1> <Sync> <CReg>
ST_4 : Operation 1279 [2/2] (2.10ns) (root node of the DSP)   --->   "%add_ln162_156 = add i15 %add_ln162_155, i15 %zext_ln162_40" [cnn_hls.cpp:162]   --->   Operation 1279 'add' 'add_ln162_156' <Predicate = true> <Delay = 2.10> <CoreInst = "DSP48">   --->   Core 116 'DSP48' <Latency = 3> <II = 1> <Delay = 2.15> <IPBlock> <Opcode : 'add' 'sub' 'mul' 'select'> <InPorts = 0> <OutPorts = 1> <Sync> <CReg>
ST_4 : Operation 1280 [1/1] (0.00ns) (grouped into TernaryAdder)   --->   "%add_ln162_158 = add i15 %zext_ln162_38, i15 %mul_ln162_155" [cnn_hls.cpp:162]   --->   Operation 1280 'add' 'add_ln162_158' <Predicate = true> <Delay = 0.00> <CoreInst = "TAddSub">   --->   Core 10 'TAddSub' <Latency = 0> <II = 1> <Delay = 1.99> <IPBlock> <Opcode : 'add' 'sub'> <InPorts = 3> <OutPorts = 1> <Sync> <CReg>
ST_4 : Operation 1281 [1/1] (3.87ns) (root node of TernaryAdder)   --->   "%add_ln162_159 = add i15 %add_ln162_158, i15 %zext_ln162_39" [cnn_hls.cpp:162]   --->   Operation 1281 'add' 'add_ln162_159' <Predicate = true> <Delay = 3.87> <CoreInst = "TAddSub">   --->   Core 10 'TAddSub' <Latency = 0> <II = 1> <Delay = 1.99> <IPBlock> <Opcode : 'add' 'sub'> <InPorts = 3> <OutPorts = 1> <Sync> <CReg>
ST_4 : Operation 1282 [1/1] (0.00ns)   --->   "%sext_ln162_218 = sext i15 %add_ln162_159" [cnn_hls.cpp:162]   --->   Operation 1282 'sext' 'sext_ln162_218' <Predicate = true> <Delay = 0.00>
ST_4 : Operation 1283 [1/2] (2.10ns) (root node of the DSP)   --->   "%add_ln162_160 = add i15 %sext_ln162_98, i15 %mul_ln162_152" [cnn_hls.cpp:162]   --->   Operation 1283 'add' 'add_ln162_160' <Predicate = true> <Delay = 2.10> <CoreInst = "DSP48">   --->   Core 116 'DSP48' <Latency = 3> <II = 1> <Delay = 2.15> <IPBlock> <Opcode : 'add' 'sub' 'mul' 'select'> <InPorts = 0> <OutPorts = 1> <Sync> <CReg>
ST_4 : Operation 1284 [1/1] (1.94ns)   --->   "%add_ln162_161 = add i15 %add_ln162_160, i15 %zext_ln162_59" [cnn_hls.cpp:162]   --->   Operation 1284 'add' 'add_ln162_161' <Predicate = true> <Delay = 1.94> <CoreInst = "Adder">   --->   Core 1 'Adder' <Latency = 0> <II = 1> <Delay = 1.94> <FuncUnit> <Opcode : 'add' 'sub'> <InPorts = 2> <OutPorts = 1>
ST_4 : Operation 1285 [1/1] (0.00ns)   --->   "%sext_ln162_219 = sext i15 %add_ln162_161" [cnn_hls.cpp:162]   --->   Operation 1285 'sext' 'sext_ln162_219' <Predicate = true> <Delay = 0.00>
ST_4 : Operation 1286 [1/1] (1.94ns)   --->   "%add_ln162_162 = add i16 %sext_ln162_219, i16 %sext_ln162_218" [cnn_hls.cpp:162]   --->   Operation 1286 'add' 'add_ln162_162' <Predicate = true> <Delay = 1.94> <CoreInst = "Adder">   --->   Core 1 'Adder' <Latency = 0> <II = 1> <Delay = 1.94> <FuncUnit> <Opcode : 'add' 'sub'> <InPorts = 2> <OutPorts = 1>
ST_4 : Operation 1287 [1/2] (2.10ns) (root node of the DSP)   --->   "%add_ln162_165 = add i15 %mul_ln162_150, i15 %sext_ln162_97" [cnn_hls.cpp:162]   --->   Operation 1287 'add' 'add_ln162_165' <Predicate = true> <Delay = 2.10> <CoreInst = "DSP48">   --->   Core 116 'DSP48' <Latency = 3> <II = 1> <Delay = 2.15> <IPBlock> <Opcode : 'add' 'sub' 'mul' 'select'> <InPorts = 0> <OutPorts = 1> <Sync> <CReg>
ST_4 : Operation 1288 [1/1] (1.94ns)   --->   "%add_ln162_166 = add i15 %add_ln162_165, i15 %zext_ln162_36" [cnn_hls.cpp:162]   --->   Operation 1288 'add' 'add_ln162_166' <Predicate = true> <Delay = 1.94> <CoreInst = "Adder">   --->   Core 1 'Adder' <Latency = 0> <II = 1> <Delay = 1.94> <FuncUnit> <Opcode : 'add' 'sub'> <InPorts = 2> <OutPorts = 1>
ST_4 : Operation 1289 [1/2] (2.10ns) (root node of the DSP)   --->   "%add_ln162_167 = add i15 %mul_ln162_147, i15 %sext_ln162_94" [cnn_hls.cpp:162]   --->   Operation 1289 'add' 'add_ln162_167' <Predicate = true> <Delay = 2.10> <CoreInst = "DSP48">   --->   Core 116 'DSP48' <Latency = 3> <II = 1> <Delay = 2.15> <IPBlock> <Opcode : 'add' 'sub' 'mul' 'select'> <InPorts = 0> <OutPorts = 1> <Sync> <CReg>
ST_4 : Operation 1290 [1/1] (0.00ns)   --->   "%sext_ln162_224 = sext i15 %add_ln162_167" [cnn_hls.cpp:162]   --->   Operation 1290 'sext' 'sext_ln162_224' <Predicate = true> <Delay = 0.00>
ST_4 : Operation 1291 [2/2] (2.10ns) (root node of the DSP)   --->   "%add_ln162_168 = add i16 %sext_ln162_224, i16 %sext_ln162_95" [cnn_hls.cpp:162]   --->   Operation 1291 'add' 'add_ln162_168' <Predicate = true> <Delay = 2.10> <CoreInst = "DSP48">   --->   Core 116 'DSP48' <Latency = 3> <II = 1> <Delay = 2.15> <IPBlock> <Opcode : 'add' 'sub' 'mul' 'select'> <InPorts = 0> <OutPorts = 1> <Sync> <CReg>
ST_4 : Operation 1292 [1/2] (2.10ns) (root node of the DSP)   --->   "%add_ln162_170 = add i16 %sext_ln162_92, i16 %sext_ln162_91" [cnn_hls.cpp:162]   --->   Operation 1292 'add' 'add_ln162_170' <Predicate = true> <Delay = 2.10> <CoreInst = "DSP48">   --->   Core 116 'DSP48' <Latency = 3> <II = 1> <Delay = 2.15> <IPBlock> <Opcode : 'add' 'sub' 'mul' 'select'> <InPorts = 0> <OutPorts = 1> <Sync> <CReg>
ST_4 : Operation 1293 [2/2] (2.10ns) (root node of the DSP)   --->   "%add_ln162_171 = add i16 %add_ln162_170, i16 %sext_ln162_93" [cnn_hls.cpp:162]   --->   Operation 1293 'add' 'add_ln162_171' <Predicate = true> <Delay = 2.10> <CoreInst = "DSP48">   --->   Core 116 'DSP48' <Latency = 3> <II = 1> <Delay = 2.15> <IPBlock> <Opcode : 'add' 'sub' 'mul' 'select'> <InPorts = 0> <OutPorts = 1> <Sync> <CReg>
ST_4 : Operation 1294 [1/2] (2.10ns) (root node of the DSP)   --->   "%add_ln162_172 = add i14 %sext_ln162_89, i14 %mul_ln162_140" [cnn_hls.cpp:162]   --->   Operation 1294 'add' 'add_ln162_172' <Predicate = true> <Delay = 2.10> <CoreInst = "DSP48">   --->   Core 116 'DSP48' <Latency = 3> <II = 1> <Delay = 2.15> <IPBlock> <Opcode : 'add' 'sub' 'mul' 'select'> <InPorts = 0> <OutPorts = 1> <Sync> <CReg>
ST_4 : Operation 1295 [1/1] (0.00ns)   --->   "%sext_ln162_228 = sext i14 %add_ln162_172" [cnn_hls.cpp:162]   --->   Operation 1295 'sext' 'sext_ln162_228' <Predicate = true> <Delay = 0.00>
ST_4 : Operation 1296 [2/2] (2.10ns) (root node of the DSP)   --->   "%add_ln162_173 = add i16 %sext_ln162_228, i16 %sext_ln162_90" [cnn_hls.cpp:162]   --->   Operation 1296 'add' 'add_ln162_173' <Predicate = true> <Delay = 2.10> <CoreInst = "DSP48">   --->   Core 116 'DSP48' <Latency = 3> <II = 1> <Delay = 2.15> <IPBlock> <Opcode : 'add' 'sub' 'mul' 'select'> <InPorts = 0> <OutPorts = 1> <Sync> <CReg>
ST_4 : Operation 1297 [1/2] (2.10ns) (root node of the DSP)   --->   "%add_ln162_176 = add i15 %sext_ln162_87, i15 %zext_ln162_34" [cnn_hls.cpp:162]   --->   Operation 1297 'add' 'add_ln162_176' <Predicate = true> <Delay = 2.10> <CoreInst = "DSP48">   --->   Core 116 'DSP48' <Latency = 3> <II = 1> <Delay = 2.15> <IPBlock> <Opcode : 'add' 'sub' 'mul' 'select'> <InPorts = 0> <OutPorts = 1> <Sync> <CReg>
ST_4 : Operation 1298 [2/2] (2.10ns) (root node of the DSP)   --->   "%add_ln162_177 = add i15 %add_ln162_176, i15 %sext_ln162_88" [cnn_hls.cpp:162]   --->   Operation 1298 'add' 'add_ln162_177' <Predicate = true> <Delay = 2.10> <CoreInst = "DSP48">   --->   Core 116 'DSP48' <Latency = 3> <II = 1> <Delay = 2.15> <IPBlock> <Opcode : 'add' 'sub' 'mul' 'select'> <InPorts = 0> <OutPorts = 1> <Sync> <CReg>
ST_4 : Operation 1299 [2/2] (2.10ns) (root node of the DSP)   --->   "%add_ln162_178 = add i15 %select_ln162_22, i15 %mul_ln162_134" [cnn_hls.cpp:162]   --->   Operation 1299 'add' 'add_ln162_178' <Predicate = true> <Delay = 2.10> <CoreInst = "DSP48">   --->   Core 116 'DSP48' <Latency = 3> <II = 1> <Delay = 2.15> <IPBlock> <Opcode : 'add' 'sub' 'mul' 'select'> <InPorts = 0> <OutPorts = 1> <Sync> <CReg>
ST_4 : Operation 1300 [1/2] (2.10ns) (root node of the DSP)   --->   "%add_ln162_181 = add i16 %sext_ln162_84, i16 %zext_ln162_33" [cnn_hls.cpp:162]   --->   Operation 1300 'add' 'add_ln162_181' <Predicate = true> <Delay = 2.10> <CoreInst = "DSP48">   --->   Core 116 'DSP48' <Latency = 3> <II = 1> <Delay = 2.15> <IPBlock> <Opcode : 'add' 'sub' 'mul' 'select'> <InPorts = 0> <OutPorts = 1> <Sync> <CReg>
ST_4 : Operation 1301 [2/2] (2.10ns) (root node of the DSP)   --->   "%add_ln162_182 = add i16 %add_ln162_181, i16 %sext_ln162_85" [cnn_hls.cpp:162]   --->   Operation 1301 'add' 'add_ln162_182' <Predicate = true> <Delay = 2.10> <CoreInst = "DSP48">   --->   Core 116 'DSP48' <Latency = 3> <II = 1> <Delay = 2.15> <IPBlock> <Opcode : 'add' 'sub' 'mul' 'select'> <InPorts = 0> <OutPorts = 1> <Sync> <CReg>
ST_4 : Operation 1302 [1/2] (2.10ns) (root node of the DSP)   --->   "%add_ln162_183 = add i15 %sext_ln162_82, i15 %zext_ln162_32" [cnn_hls.cpp:162]   --->   Operation 1302 'add' 'add_ln162_183' <Predicate = true> <Delay = 2.10> <CoreInst = "DSP48">   --->   Core 116 'DSP48' <Latency = 3> <II = 1> <Delay = 2.15> <IPBlock> <Opcode : 'add' 'sub' 'mul' 'select'> <InPorts = 0> <OutPorts = 1> <Sync> <CReg>
ST_4 : Operation 1303 [2/2] (2.10ns) (root node of the DSP)   --->   "%add_ln162_184 = add i15 %add_ln162_183, i15 %sext_ln162_83" [cnn_hls.cpp:162]   --->   Operation 1303 'add' 'add_ln162_184' <Predicate = true> <Delay = 2.10> <CoreInst = "DSP48">   --->   Core 116 'DSP48' <Latency = 3> <II = 1> <Delay = 2.15> <IPBlock> <Opcode : 'add' 'sub' 'mul' 'select'> <InPorts = 0> <OutPorts = 1> <Sync> <CReg>

State 5 <SV = 4> <Delay = 14.4>
ST_5 : Operation 1304 [1/1] (0.99ns)   --->   "%select_ln161_9 = select i1 %icmp_ln158, i13 14, i13 44" [cnn_hls.cpp:161]   --->   Operation 1304 'select' 'select_ln161_9' <Predicate = true> <Delay = 0.99> <CoreInst = "Sel">   --->   Core 73 'Sel' <Latency = 0> <II = 1> <Delay = 0.99> <FuncUnit> <Opcode : 'select'> <InPorts = 3> <OutPorts = 1>
ST_5 : Operation 1305 [1/1] (0.99ns)   --->   "%select_ln161_10 = select i1 %icmp_ln158, i13 35, i13 24" [cnn_hls.cpp:161]   --->   Operation 1305 'select' 'select_ln161_10' <Predicate = true> <Delay = 0.99> <CoreInst = "Sel">   --->   Core 73 'Sel' <Latency = 0> <II = 1> <Delay = 0.99> <FuncUnit> <Opcode : 'select'> <InPorts = 3> <OutPorts = 1>
ST_5 : Operation 1306 [1/1] (1.24ns)   --->   "%select_ln161_11 = select i1 %icmp_ln158, i15 94, i15 32656" [cnn_hls.cpp:161]   --->   Operation 1306 'select' 'select_ln161_11' <Predicate = true> <Delay = 1.24> <CoreInst = "Sel">   --->   Core 73 'Sel' <Latency = 0> <II = 1> <Delay = 1.24> <FuncUnit> <Opcode : 'select'> <InPorts = 3> <OutPorts = 1>
ST_5 : Operation 1307 [1/1] (1.24ns)   --->   "%select_ln161_16 = select i1 %icmp_ln158, i14 75, i14 23" [cnn_hls.cpp:161]   --->   Operation 1307 'select' 'select_ln161_16' <Predicate = true> <Delay = 1.24> <CoreInst = "Sel">   --->   Core 73 'Sel' <Latency = 0> <II = 1> <Delay = 1.24> <FuncUnit> <Opcode : 'select'> <InPorts = 3> <OutPorts = 1>
ST_5 : Operation 1308 [1/1] (1.18ns)   --->   "%select_ln161_17 = select i1 %icmp_ln158, i13 8165, i13 25" [cnn_hls.cpp:161]   --->   Operation 1308 'select' 'select_ln161_17' <Predicate = true> <Delay = 1.18> <CoreInst = "Sel">   --->   Core 73 'Sel' <Latency = 0> <II = 1> <Delay = 1.18> <FuncUnit> <Opcode : 'select'> <InPorts = 3> <OutPorts = 1>
ST_5 : Operation 1309 [1/1] (1.02ns)   --->   "%select_ln161_18 = select i1 %icmp_ln158, i10 3, i10 7" [cnn_hls.cpp:161]   --->   Operation 1309 'select' 'select_ln161_18' <Predicate = true> <Delay = 1.02> <CoreInst = "Sel">   --->   Core 73 'Sel' <Latency = 0> <II = 1> <Delay = 1.02> <FuncUnit> <Opcode : 'select'> <InPorts = 3> <OutPorts = 1>
ST_5 : Operation 1310 [1/1] (1.18ns)   --->   "%select_ln161_24 = select i1 %icmp_ln158, i12 20, i12 15" [cnn_hls.cpp:161]   --->   Operation 1310 'select' 'select_ln161_24' <Predicate = true> <Delay = 1.18> <CoreInst = "Sel">   --->   Core 73 'Sel' <Latency = 0> <II = 1> <Delay = 1.18> <FuncUnit> <Opcode : 'select'> <InPorts = 3> <OutPorts = 1>
ST_5 : Operation 1311 [1/1] (1.24ns)   --->   "%select_ln161_36 = select i1 %icmp_ln158, i14 98, i14 18" [cnn_hls.cpp:161]   --->   Operation 1311 'select' 'select_ln161_36' <Predicate = true> <Delay = 1.24> <CoreInst = "Sel">   --->   Core 73 'Sel' <Latency = 0> <II = 1> <Delay = 1.24> <FuncUnit> <Opcode : 'select'> <InPorts = 3> <OutPorts = 1>
ST_5 : Operation 1312 [1/1] (1.24ns)   --->   "%select_ln161_37 = select i1 %icmp_ln158, i15 3, i15 32673" [cnn_hls.cpp:161]   --->   Operation 1312 'select' 'select_ln161_37' <Predicate = true> <Delay = 1.24> <CoreInst = "Sel">   --->   Core 73 'Sel' <Latency = 0> <II = 1> <Delay = 1.24> <FuncUnit> <Opcode : 'select'> <InPorts = 3> <OutPorts = 1>
ST_5 : Operation 1313 [1/1] (0.99ns)   --->   "%select_ln161_38 = select i1 %icmp_ln158, i13 44, i13 22" [cnn_hls.cpp:161]   --->   Operation 1313 'select' 'select_ln161_38' <Predicate = true> <Delay = 0.99> <CoreInst = "Sel">   --->   Core 73 'Sel' <Latency = 0> <II = 1> <Delay = 0.99> <FuncUnit> <Opcode : 'select'> <InPorts = 3> <OutPorts = 1>
ST_5 : Operation 1314 [1/1] (0.99ns)   --->   "%select_ln161_81 = select i1 %icmp_ln158, i13 39, i13 36" [cnn_hls.cpp:161]   --->   Operation 1314 'select' 'select_ln161_81' <Predicate = true> <Delay = 0.99> <CoreInst = "Sel">   --->   Core 73 'Sel' <Latency = 0> <II = 1> <Delay = 0.99> <FuncUnit> <Opcode : 'select'> <InPorts = 3> <OutPorts = 1>
ST_5 : Operation 1315 [1/1] (0.99ns)   --->   "%select_ln161_120 = select i1 %icmp_ln158, i13 24, i13 42" [cnn_hls.cpp:161]   --->   Operation 1315 'select' 'select_ln161_120' <Predicate = true> <Delay = 0.99> <CoreInst = "Sel">   --->   Core 73 'Sel' <Latency = 0> <II = 1> <Delay = 0.99> <FuncUnit> <Opcode : 'select'> <InPorts = 3> <OutPorts = 1>
ST_5 : Operation 1316 [1/1] (0.99ns)   --->   "%select_ln161_121 = select i1 %icmp_ln158, i13 47, i13 15" [cnn_hls.cpp:161]   --->   Operation 1316 'select' 'select_ln161_121' <Predicate = true> <Delay = 0.99> <CoreInst = "Sel">   --->   Core 73 'Sel' <Latency = 0> <II = 1> <Delay = 0.99> <FuncUnit> <Opcode : 'select'> <InPorts = 3> <OutPorts = 1>
ST_5 : Operation 1317 [1/1] (0.99ns)   --->   "%select_ln161_122 = select i1 %icmp_ln158, i14 50, i14 16329" [cnn_hls.cpp:161]   --->   Operation 1317 'select' 'select_ln161_122' <Predicate = true> <Delay = 0.99> <CoreInst = "Sel">   --->   Core 73 'Sel' <Latency = 0> <II = 1> <Delay = 0.99> <FuncUnit> <Opcode : 'select'> <InPorts = 3> <OutPorts = 1>
ST_5 : Operation 1318 [1/1] (0.00ns)   --->   "%zext_ln162_2 = zext i13 %mul_ln162_15" [cnn_hls.cpp:162]   --->   Operation 1318 'zext' 'zext_ln162_2' <Predicate = true> <Delay = 0.00>
ST_5 : Operation 1319 [1/1] (0.00ns)   --->   "%tmp_15 = bitconcatenate i13 @_ssdm_op_BitConcatenate.i13.i7.i6, i7 %zext_ln161_101_read, i6 0" [cnn_hls.cpp:162]   --->   Operation 1319 'bitconcatenate' 'tmp_15' <Predicate = (icmp_ln158)> <Delay = 0.00>
ST_5 : Operation 1320 [1/1] (0.00ns)   --->   "%zext_ln162_23 = zext i13 %tmp_15" [cnn_hls.cpp:162]   --->   Operation 1320 'zext' 'zext_ln162_23' <Predicate = (icmp_ln158)> <Delay = 0.00>
ST_5 : Operation 1321 [1/1] (1.67ns)   --->   "%sub_ln162_1 = sub i14 %zext_ln161_101_cast, i14 %zext_ln162_23" [cnn_hls.cpp:162]   --->   Operation 1321 'sub' 'sub_ln162_1' <Predicate = (icmp_ln158)> <Delay = 1.67> <CoreInst = "Adder">   --->   Core 1 'Adder' <Latency = 0> <II = 1> <Delay = 1.67> <FuncUnit> <Opcode : 'add' 'sub'> <InPorts = 2> <OutPorts = 1>
ST_5 : Operation 1322 [1/1] (0.00ns)   --->   "%shl_ln5 = bitconcatenate i11 @_ssdm_op_BitConcatenate.i11.i7.i4, i7 %x_234_read, i4 0" [cnn_hls.cpp:162]   --->   Operation 1322 'bitconcatenate' 'shl_ln5' <Predicate = (!icmp_ln158)> <Delay = 0.00>
ST_5 : Operation 1323 [1/1] (0.00ns)   --->   "%zext_ln162_3 = zext i11 %shl_ln5" [cnn_hls.cpp:162]   --->   Operation 1323 'zext' 'zext_ln162_3' <Predicate = (!icmp_ln158)> <Delay = 0.00>
ST_5 : Operation 1324 [1/1] (0.70ns)   --->   "%select_ln162_3 = select i1 %icmp_ln158, i14 %sub_ln162_1, i14 %zext_ln162_3" [cnn_hls.cpp:162]   --->   Operation 1324 'select' 'select_ln162_3' <Predicate = true> <Delay = 0.70> <CoreInst = "Sel">   --->   Core 73 'Sel' <Latency = 0> <II = 1> <Delay = 0.70> <FuncUnit> <Opcode : 'select'> <InPorts = 3> <OutPorts = 1>
ST_5 : Operation 1325 [1/1] (0.00ns)   --->   "%sext_ln162_19 = sext i14 %select_ln162_3" [cnn_hls.cpp:162]   --->   Operation 1325 'sext' 'sext_ln162_19' <Predicate = true> <Delay = 0.00>
ST_5 : Operation 1326 [1/1] (3.74ns)   --->   "%mul_ln162_33 = mul i13 %select_ln161_81, i13 %zext_ln161_95_cast" [cnn_hls.cpp:162]   --->   Operation 1326 'mul' 'mul_ln162_33' <Predicate = true> <Delay = 3.74> <CoreInst = "Multiplier">   --->   Core 3 'Multiplier' <Latency = 0> <II = 1> <Delay = 3.74> <FuncUnit> <Opcode : 'mul'> <InPorts = 2> <OutPorts = 1>
ST_5 : Operation 1327 [1/1] (0.00ns)   --->   "%zext_ln162_5 = zext i13 %mul_ln162_33" [cnn_hls.cpp:162]   --->   Operation 1327 'zext' 'zext_ln162_5' <Predicate = true> <Delay = 0.00>
ST_5 : Operation 1328 [1/1] (0.00ns)   --->   "%zext_ln162_11 = zext i12 %mul_ln162_63" [cnn_hls.cpp:162]   --->   Operation 1328 'zext' 'zext_ln162_11' <Predicate = true> <Delay = 0.00>
ST_5 : Operation 1329 [1/1] (0.00ns) (grouped into LUT with out node add_ln162_48)   --->   "%shl_ln162_4 = bitconcatenate i11 @_ssdm_op_BitConcatenate.i11.i7.i4, i7 %x_180_read, i4 0" [cnn_hls.cpp:162]   --->   Operation 1329 'bitconcatenate' 'shl_ln162_4' <Predicate = (icmp_ln158)> <Delay = 0.00>
ST_5 : Operation 1330 [1/1] (0.00ns) (grouped into LUT with out node add_ln162_48)   --->   "%zext_ln162_16 = zext i11 %shl_ln162_4" [cnn_hls.cpp:162]   --->   Operation 1330 'zext' 'zext_ln162_16' <Predicate = (icmp_ln158)> <Delay = 0.00>
ST_5 : Operation 1331 [1/1] (0.00ns)   --->   "%tmp_19 = bitconcatenate i12 @_ssdm_op_BitConcatenate.i12.i7.i5, i7 %zext_ln161_47_read, i5 0" [cnn_hls.cpp:162]   --->   Operation 1331 'bitconcatenate' 'tmp_19' <Predicate = (!icmp_ln158)> <Delay = 0.00>
ST_5 : Operation 1332 [1/1] (0.00ns)   --->   "%zext_ln162_52 = zext i12 %tmp_19" [cnn_hls.cpp:162]   --->   Operation 1332 'zext' 'zext_ln162_52' <Predicate = (!icmp_ln158)> <Delay = 0.00>
ST_5 : Operation 1333 [1/1] (0.00ns) (grouped into TernaryAdder)   --->   "%sub_ln162_5 = sub i14 0, i14 %zext_ln162_52" [cnn_hls.cpp:162]   --->   Operation 1333 'sub' 'sub_ln162_5' <Predicate = (!icmp_ln158)> <Delay = 0.00> <CoreInst = "TAddSub">   --->   Core 10 'TAddSub' <Latency = 0> <II = 1> <Delay = 1.99> <IPBlock> <Opcode : 'add' 'sub'> <InPorts = 3> <OutPorts = 1> <Sync> <CReg>
ST_5 : Operation 1334 [1/1] (0.00ns)   --->   "%tmp_20 = bitconcatenate i8 @_ssdm_op_BitConcatenate.i8.i7.i1, i7 %zext_ln161_47_read, i1 0" [cnn_hls.cpp:162]   --->   Operation 1334 'bitconcatenate' 'tmp_20' <Predicate = (!icmp_ln158)> <Delay = 0.00>
ST_5 : Operation 1335 [1/1] (0.00ns)   --->   "%zext_ln162_53 = zext i8 %tmp_20" [cnn_hls.cpp:162]   --->   Operation 1335 'zext' 'zext_ln162_53' <Predicate = (!icmp_ln158)> <Delay = 0.00>
ST_5 : Operation 1336 [1/1] (3.81ns) (root node of TernaryAdder)   --->   "%sub_ln162_6 = sub i14 %sub_ln162_5, i14 %zext_ln162_53" [cnn_hls.cpp:162]   --->   Operation 1336 'sub' 'sub_ln162_6' <Predicate = (!icmp_ln158)> <Delay = 3.81> <CoreInst = "TAddSub">   --->   Core 10 'TAddSub' <Latency = 0> <II = 1> <Delay = 1.99> <IPBlock> <Opcode : 'add' 'sub'> <InPorts = 3> <OutPorts = 1> <Sync> <CReg>
ST_5 : Operation 1337 [1/1] (0.00ns) (grouped into LUT with out node add_ln162_48)   --->   "%select_ln162_10 = select i1 %icmp_ln158, i14 %zext_ln162_16, i14 %sub_ln162_6" [cnn_hls.cpp:162]   --->   Operation 1337 'select' 'select_ln162_10' <Predicate = true> <Delay = 0.00> <CoreInst = "Sel">   --->   Core 73 'Sel' <Latency = 0> <II = 1> <Delay = 0.70> <FuncUnit> <Opcode : 'select'> <InPorts = 3> <OutPorts = 1>
ST_5 : Operation 1338 [1/1] (0.00ns) (grouped into LUT with out node add_ln162_48)   --->   "%sext_ln162_54 = sext i14 %select_ln162_10" [cnn_hls.cpp:162]   --->   Operation 1338 'sext' 'sext_ln162_54' <Predicate = true> <Delay = 0.00>
ST_5 : Operation 1339 [1/1] (3.74ns)   --->   "%mul_ln162_81 = mul i13 %select_ln161_38, i13 %zext_ln161_46_cast" [cnn_hls.cpp:162]   --->   Operation 1339 'mul' 'mul_ln162_81' <Predicate = true> <Delay = 3.74> <CoreInst = "Multiplier">   --->   Core 3 'Multiplier' <Latency = 0> <II = 1> <Delay = 3.74> <FuncUnit> <Opcode : 'mul'> <InPorts = 2> <OutPorts = 1>
ST_5 : Operation 1340 [1/1] (0.00ns)   --->   "%zext_ln162_17 = zext i13 %mul_ln162_81" [cnn_hls.cpp:162]   --->   Operation 1340 'zext' 'zext_ln162_17' <Predicate = true> <Delay = 0.00>
ST_5 : Operation 1341 [1/1] (4.17ns)   --->   "%mul_ln162_82 = mul i15 %select_ln161_37, i15 %zext_ln161_45_cast" [cnn_hls.cpp:162]   --->   Operation 1341 'mul' 'mul_ln162_82' <Predicate = true> <Delay = 4.17> <CoreInst = "Multiplier">   --->   Core 3 'Multiplier' <Latency = 0> <II = 1> <Delay = 4.17> <FuncUnit> <Opcode : 'mul'> <InPorts = 2> <OutPorts = 1>
ST_5 : Operation 1342 [1/1] (4.17ns)   --->   "%mul_ln162_83 = mul i14 %select_ln161_36, i14 %zext_ln161_44_cast" [cnn_hls.cpp:162]   --->   Operation 1342 'mul' 'mul_ln162_83' <Predicate = true> <Delay = 4.17> <CoreInst = "Multiplier">   --->   Core 3 'Multiplier' <Latency = 0> <II = 1> <Delay = 4.17> <FuncUnit> <Opcode : 'mul'> <InPorts = 2> <OutPorts = 1>
ST_5 : Operation 1343 [1/1] (0.00ns)   --->   "%zext_ln162_18 = zext i14 %mul_ln162_83" [cnn_hls.cpp:162]   --->   Operation 1343 'zext' 'zext_ln162_18' <Predicate = true> <Delay = 0.00>
ST_5 : Operation 1344 [1/1] (3.74ns)   --->   "%mul_ln162_95 = mul i12 %select_ln161_24, i12 %zext_ln161_32_cast" [cnn_hls.cpp:162]   --->   Operation 1344 'mul' 'mul_ln162_95' <Predicate = true> <Delay = 3.74> <CoreInst = "Multiplier">   --->   Core 3 'Multiplier' <Latency = 0> <II = 1> <Delay = 3.74> <FuncUnit> <Opcode : 'mul'> <InPorts = 2> <OutPorts = 1>
ST_5 : Operation 1345 [1/1] (0.00ns)   --->   "%zext_ln162_22 = zext i12 %mul_ln162_95" [cnn_hls.cpp:162]   --->   Operation 1345 'zext' 'zext_ln162_22' <Predicate = true> <Delay = 0.00>
ST_5 : Operation 1346 [1/1] (3.74ns)   --->   "%mul_ln162_102 = mul i10 %select_ln161_18, i10 %zext_ln161_25_cast" [cnn_hls.cpp:162]   --->   Operation 1346 'mul' 'mul_ln162_102' <Predicate = true> <Delay = 3.74> <CoreInst = "Multiplier">   --->   Core 3 'Multiplier' <Latency = 0> <II = 1> <Delay = 3.74> <FuncUnit> <Opcode : 'mul'> <InPorts = 2> <OutPorts = 1>
ST_5 : Operation 1347 [1/1] (0.00ns)   --->   "%zext_ln162_54 = zext i10 %mul_ln162_102" [cnn_hls.cpp:162]   --->   Operation 1347 'zext' 'zext_ln162_54' <Predicate = true> <Delay = 0.00>
ST_5 : Operation 1348 [1/1] (3.74ns)   --->   "%mul_ln162_103 = mul i13 %select_ln161_17, i13 %zext_ln161_24_cast" [cnn_hls.cpp:162]   --->   Operation 1348 'mul' 'mul_ln162_103' <Predicate = true> <Delay = 3.74> <CoreInst = "Multiplier">   --->   Core 3 'Multiplier' <Latency = 0> <II = 1> <Delay = 3.74> <FuncUnit> <Opcode : 'mul'> <InPorts = 2> <OutPorts = 1>
ST_5 : Operation 1349 [1/1] (4.17ns)   --->   "%mul_ln162_104 = mul i14 %select_ln161_16, i14 %zext_ln161_23_cast" [cnn_hls.cpp:162]   --->   Operation 1349 'mul' 'mul_ln162_104' <Predicate = true> <Delay = 4.17> <CoreInst = "Multiplier">   --->   Core 3 'Multiplier' <Latency = 0> <II = 1> <Delay = 4.17> <FuncUnit> <Opcode : 'mul'> <InPorts = 2> <OutPorts = 1>
ST_5 : Operation 1350 [1/1] (0.00ns)   --->   "%zext_ln162_24 = zext i14 %mul_ln162_104" [cnn_hls.cpp:162]   --->   Operation 1350 'zext' 'zext_ln162_24' <Predicate = true> <Delay = 0.00>
ST_5 : Operation 1351 [1/1] (4.17ns)   --->   "%mul_ln162_110 = mul i15 %zext_ln161_17_cast, i15 32686" [cnn_hls.cpp:162]   --->   Operation 1351 'mul' 'mul_ln162_110' <Predicate = (!icmp_ln158)> <Delay = 4.17> <CoreInst = "Multiplier">   --->   Core 3 'Multiplier' <Latency = 0> <II = 1> <Delay = 4.17> <FuncUnit> <Opcode : 'mul'> <InPorts = 2> <OutPorts = 1>
ST_5 : Operation 1352 [1/1] (0.75ns)   --->   "%select_ln162_13 = select i1 %icmp_ln158, i15 %zext_ln161_17_cast, i15 %mul_ln162_110" [cnn_hls.cpp:162]   --->   Operation 1352 'select' 'select_ln162_13' <Predicate = true> <Delay = 0.75> <CoreInst = "Sel">   --->   Core 73 'Sel' <Latency = 0> <II = 1> <Delay = 0.75> <FuncUnit> <Opcode : 'select'> <InPorts = 3> <OutPorts = 1>
ST_5 : Operation 1353 [1/1] (0.00ns)   --->   "%sext_ln162_71 = sext i15 %select_ln162_13" [cnn_hls.cpp:162]   --->   Operation 1353 'sext' 'sext_ln162_71' <Predicate = true> <Delay = 0.00>
ST_5 : Operation 1354 [1/1] (4.17ns)   --->   "%mul_ln162_111 = mul i15 %select_ln161_11, i15 %zext_ln161_16_cast" [cnn_hls.cpp:162]   --->   Operation 1354 'mul' 'mul_ln162_111' <Predicate = true> <Delay = 4.17> <CoreInst = "Multiplier">   --->   Core 3 'Multiplier' <Latency = 0> <II = 1> <Delay = 4.17> <FuncUnit> <Opcode : 'mul'> <InPorts = 2> <OutPorts = 1>
ST_5 : Operation 1355 [1/1] (3.74ns)   --->   "%mul_ln162_112 = mul i13 %select_ln161_10, i13 %zext_ln161_15_cast" [cnn_hls.cpp:162]   --->   Operation 1355 'mul' 'mul_ln162_112' <Predicate = true> <Delay = 3.74> <CoreInst = "Multiplier">   --->   Core 3 'Multiplier' <Latency = 0> <II = 1> <Delay = 3.74> <FuncUnit> <Opcode : 'mul'> <InPorts = 2> <OutPorts = 1>
ST_5 : Operation 1356 [1/1] (0.00ns)   --->   "%zext_ln162_55 = zext i13 %mul_ln162_112" [cnn_hls.cpp:162]   --->   Operation 1356 'zext' 'zext_ln162_55' <Predicate = true> <Delay = 0.00>
ST_5 : Operation 1357 [1/1] (3.74ns)   --->   "%mul_ln162_113 = mul i13 %select_ln161_9, i13 %zext_ln161_14_cast" [cnn_hls.cpp:162]   --->   Operation 1357 'mul' 'mul_ln162_113' <Predicate = true> <Delay = 3.74> <CoreInst = "Multiplier">   --->   Core 3 'Multiplier' <Latency = 0> <II = 1> <Delay = 3.74> <FuncUnit> <Opcode : 'mul'> <InPorts = 2> <OutPorts = 1>
ST_5 : Operation 1358 [1/1] (0.00ns)   --->   "%zext_ln162_27 = zext i13 %mul_ln162_113" [cnn_hls.cpp:162]   --->   Operation 1358 'zext' 'zext_ln162_27' <Predicate = true> <Delay = 0.00>
ST_5 : Operation 1359 [1/1] (3.74ns)   --->   "%mul_ln162_212 = mul i14 %zext_ln161_183_cast, i14 16332" [cnn_hls.cpp:162]   --->   Operation 1359 'mul' 'mul_ln162_212' <Predicate = (icmp_ln158)> <Delay = 3.74> <CoreInst = "Multiplier">   --->   Core 3 'Multiplier' <Latency = 0> <II = 1> <Delay = 3.74> <FuncUnit> <Opcode : 'mul'> <InPorts = 2> <OutPorts = 1>
ST_5 : Operation 1360 [1/1] (3.74ns)   --->   "%mul_ln162_213 = mul i14 %zext_ln161_183_cast, i14 16382" [cnn_hls.cpp:162]   --->   Operation 1360 'mul' 'mul_ln162_213' <Predicate = (!icmp_ln158)> <Delay = 3.74> <CoreInst = "Multiplier">   --->   Core 3 'Multiplier' <Latency = 0> <II = 1> <Delay = 3.74> <FuncUnit> <Opcode : 'mul'> <InPorts = 2> <OutPorts = 1>
ST_5 : Operation 1361 [1/1] (0.70ns)   --->   "%select_ln162_24 = select i1 %icmp_ln158, i14 %mul_ln162_212, i14 %mul_ln162_213" [cnn_hls.cpp:162]   --->   Operation 1361 'select' 'select_ln162_24' <Predicate = true> <Delay = 0.70> <CoreInst = "Sel">   --->   Core 73 'Sel' <Latency = 0> <II = 1> <Delay = 0.70> <FuncUnit> <Opcode : 'select'> <InPorts = 3> <OutPorts = 1>
ST_5 : Operation 1362 [1/1] (0.00ns)   --->   "%sext_ln162_86 = sext i14 %select_ln162_24" [cnn_hls.cpp:162]   --->   Operation 1362 'sext' 'sext_ln162_86' <Predicate = true> <Delay = 0.00>
ST_5 : Operation 1363 [1/1] (3.74ns)   --->   "%mul_ln162_176 = mul i14 %select_ln161_122, i14 %zext_ln161_142_cast" [cnn_hls.cpp:162]   --->   Operation 1363 'mul' 'mul_ln162_176' <Predicate = true> <Delay = 3.74> <CoreInst = "Multiplier">   --->   Core 3 'Multiplier' <Latency = 0> <II = 1> <Delay = 3.74> <FuncUnit> <Opcode : 'mul'> <InPorts = 2> <OutPorts = 1>
ST_5 : Operation 1364 [1/1] (0.00ns)   --->   "%sext_ln162_108 = sext i14 %mul_ln162_176" [cnn_hls.cpp:162]   --->   Operation 1364 'sext' 'sext_ln162_108' <Predicate = true> <Delay = 0.00>
ST_5 : Operation 1365 [1/1] (3.74ns)   --->   "%mul_ln162_177 = mul i13 %select_ln161_121, i13 %zext_ln161_141_cast" [cnn_hls.cpp:162]   --->   Operation 1365 'mul' 'mul_ln162_177' <Predicate = true> <Delay = 3.74> <CoreInst = "Multiplier">   --->   Core 3 'Multiplier' <Latency = 0> <II = 1> <Delay = 3.74> <FuncUnit> <Opcode : 'mul'> <InPorts = 2> <OutPorts = 1>
ST_5 : Operation 1366 [1/1] (0.00ns)   --->   "%zext_ln162_46 = zext i13 %mul_ln162_177" [cnn_hls.cpp:162]   --->   Operation 1366 'zext' 'zext_ln162_46' <Predicate = true> <Delay = 0.00>
ST_5 : Operation 1367 [1/1] (3.74ns)   --->   "%mul_ln162_178 = mul i13 %select_ln161_120, i13 %zext_ln161_140_cast" [cnn_hls.cpp:162]   --->   Operation 1367 'mul' 'mul_ln162_178' <Predicate = true> <Delay = 3.74> <CoreInst = "Multiplier">   --->   Core 3 'Multiplier' <Latency = 0> <II = 1> <Delay = 3.74> <FuncUnit> <Opcode : 'mul'> <InPorts = 2> <OutPorts = 1>
ST_5 : Operation 1368 [1/1] (0.00ns)   --->   "%zext_ln162_47 = zext i13 %mul_ln162_178" [cnn_hls.cpp:162]   --->   Operation 1368 'zext' 'zext_ln162_47' <Predicate = true> <Delay = 0.00>
ST_5 : Operation 1369 [1/1] (0.00ns)   --->   "%tmp_24 = bitconcatenate i11 @_ssdm_op_BitConcatenate.i11.i7.i4, i7 %zext_ln161_134_read, i4 0" [cnn_hls.cpp:162]   --->   Operation 1369 'bitconcatenate' 'tmp_24' <Predicate = true> <Delay = 0.00>
ST_5 : Operation 1370 [1/1] (0.00ns)   --->   "%zext_ln162_60 = zext i11 %tmp_24" [cnn_hls.cpp:162]   --->   Operation 1370 'zext' 'zext_ln162_60' <Predicate = true> <Delay = 0.00>
ST_5 : Operation 1371 [1/1] (1.63ns)   --->   "%sub_ln162_9 = sub i12 %zext_ln161_134_cast, i12 %zext_ln162_60" [cnn_hls.cpp:162]   --->   Operation 1371 'sub' 'sub_ln162_9' <Predicate = true> <Delay = 1.63> <CoreInst = "Adder">   --->   Core 1 'Adder' <Latency = 0> <II = 1> <Delay = 1.63> <FuncUnit> <Opcode : 'add' 'sub'> <InPorts = 2> <OutPorts = 1>
ST_5 : Operation 1372 [1/1] (0.00ns)   --->   "%sext_ln162_111 = sext i12 %sub_ln162_9" [cnn_hls.cpp:162]   --->   Operation 1372 'sext' 'sext_ln162_111' <Predicate = true> <Delay = 0.00>
ST_5 : Operation 1373 [1/2] (2.10ns) (root node of the DSP)   --->   "%add_ln162_12 = add i15 %add_ln162_11, i15 %sext_ln162_73" [cnn_hls.cpp:162]   --->   Operation 1373 'add' 'add_ln162_12' <Predicate = true> <Delay = 2.10> <CoreInst = "DSP48">   --->   Core 116 'DSP48' <Latency = 3> <II = 1> <Delay = 2.15> <IPBlock> <Opcode : 'add' 'sub' 'mul' 'select'> <InPorts = 0> <OutPorts = 1> <Sync> <CReg>
ST_5 : Operation 1374 [1/1] (0.00ns)   --->   "%sext_ln162_122 = sext i15 %add_ln162_12" [cnn_hls.cpp:162]   --->   Operation 1374 'sext' 'sext_ln162_122' <Predicate = true> <Delay = 0.00>
ST_5 : Operation 1375 [1/1] (1.94ns)   --->   "%add_ln162_13 = add i15 %zext_ln162_55, i15 %mul_ln162_111" [cnn_hls.cpp:162]   --->   Operation 1375 'add' 'add_ln162_13' <Predicate = true> <Delay = 1.94> <CoreInst = "Adder">   --->   Core 1 'Adder' <Latency = 0> <II = 1> <Delay = 1.94> <FuncUnit> <Opcode : 'add' 'sub'> <InPorts = 2> <OutPorts = 1>
ST_5 : Operation 1376 [1/1] (0.00ns)   --->   "%sext_ln162_123 = sext i15 %add_ln162_13" [cnn_hls.cpp:162]   --->   Operation 1376 'sext' 'sext_ln162_123' <Predicate = true> <Delay = 0.00>
ST_5 : Operation 1377 [1/1] (1.94ns)   --->   "%add_ln162_14 = add i16 %sext_ln162_123, i16 %zext_ln162_27" [cnn_hls.cpp:162]   --->   Operation 1377 'add' 'add_ln162_14' <Predicate = true> <Delay = 1.94> <CoreInst = "Adder">   --->   Core 1 'Adder' <Latency = 0> <II = 1> <Delay = 1.94> <FuncUnit> <Opcode : 'add' 'sub'> <InPorts = 2> <OutPorts = 1>
ST_5 : Operation 1378 [1/1] (0.00ns)   --->   "%sext_ln162_124 = sext i16 %add_ln162_14" [cnn_hls.cpp:162]   --->   Operation 1378 'sext' 'sext_ln162_124' <Predicate = true> <Delay = 0.00>
ST_5 : Operation 1379 [1/1] (0.00ns) (grouped into TernaryAdder)   --->   "%add_ln162_15 = add i17 %sext_ln162_124, i17 %sext_ln162_122" [cnn_hls.cpp:162]   --->   Operation 1379 'add' 'add_ln162_15' <Predicate = true> <Delay = 0.00> <CoreInst = "TAddSub">   --->   Core 10 'TAddSub' <Latency = 0> <II = 1> <Delay = 1.99> <IPBlock> <Opcode : 'add' 'sub'> <InPorts = 3> <OutPorts = 1> <Sync> <CReg>
ST_5 : Operation 1380 [1/2] (2.10ns) (root node of the DSP)   --->   "%add_ln162_16 = add i15 %sext_ln162_70, i15 %sext_ln162_69" [cnn_hls.cpp:162]   --->   Operation 1380 'add' 'add_ln162_16' <Predicate = true> <Delay = 2.10> <CoreInst = "DSP48">   --->   Core 116 'DSP48' <Latency = 3> <II = 1> <Delay = 2.15> <IPBlock> <Opcode : 'add' 'sub' 'mul' 'select'> <InPorts = 0> <OutPorts = 1> <Sync> <CReg>
ST_5 : Operation 1381 [1/1] (0.00ns)   --->   "%sext_ln162_125 = sext i15 %add_ln162_16" [cnn_hls.cpp:162]   --->   Operation 1381 'sext' 'sext_ln162_125' <Predicate = true> <Delay = 0.00>
ST_5 : Operation 1382 [1/1] (0.00ns) (grouped into TernaryAdder)   --->   "%add_ln162_17 = add i16 %sext_ln162_125, i16 %sext_ln162_71" [cnn_hls.cpp:162]   --->   Operation 1382 'add' 'add_ln162_17' <Predicate = true> <Delay = 0.00> <CoreInst = "TAddSub">   --->   Core 10 'TAddSub' <Latency = 0> <II = 1> <Delay = 1.99> <IPBlock> <Opcode : 'add' 'sub'> <InPorts = 3> <OutPorts = 1> <Sync> <CReg>
ST_5 : Operation 1383 [1/2] (2.10ns) (root node of the DSP)   --->   "%add_ln162_19 = add i16 %sext_ln162_126, i16 %sext_ln162_68" [cnn_hls.cpp:162]   --->   Operation 1383 'add' 'add_ln162_19' <Predicate = true> <Delay = 2.10> <CoreInst = "DSP48">   --->   Core 116 'DSP48' <Latency = 3> <II = 1> <Delay = 2.15> <IPBlock> <Opcode : 'add' 'sub' 'mul' 'select'> <InPorts = 0> <OutPorts = 1> <Sync> <CReg>
ST_5 : Operation 1384 [1/1] (3.90ns) (root node of TernaryAdder)   --->   "%add_ln162_20 = add i16 %add_ln162_19, i16 %add_ln162_17" [cnn_hls.cpp:162]   --->   Operation 1384 'add' 'add_ln162_20' <Predicate = true> <Delay = 3.90> <CoreInst = "TAddSub">   --->   Core 10 'TAddSub' <Latency = 0> <II = 1> <Delay = 1.99> <IPBlock> <Opcode : 'add' 'sub'> <InPorts = 3> <OutPorts = 1> <Sync> <CReg>
ST_5 : Operation 1385 [1/1] (0.00ns)   --->   "%sext_ln162_127 = sext i16 %add_ln162_20" [cnn_hls.cpp:162]   --->   Operation 1385 'sext' 'sext_ln162_127' <Predicate = true> <Delay = 0.00>
ST_5 : Operation 1386 [1/1] (3.93ns) (root node of TernaryAdder)   --->   "%add_ln162_21 = add i17 %sext_ln162_127, i17 %add_ln162_15" [cnn_hls.cpp:162]   --->   Operation 1386 'add' 'add_ln162_21' <Predicate = true> <Delay = 3.93> <CoreInst = "TAddSub">   --->   Core 10 'TAddSub' <Latency = 0> <II = 1> <Delay = 1.99> <IPBlock> <Opcode : 'add' 'sub'> <InPorts = 3> <OutPorts = 1> <Sync> <CReg>
ST_5 : Operation 1387 [1/1] (1.67ns)   --->   "%add_ln162_23 = add i13 %mul_ln162_103, i13 %zext_ln162_54" [cnn_hls.cpp:162]   --->   Operation 1387 'add' 'add_ln162_23' <Predicate = true> <Delay = 1.67> <CoreInst = "Adder">   --->   Core 1 'Adder' <Latency = 0> <II = 1> <Delay = 1.67> <FuncUnit> <Opcode : 'add' 'sub'> <InPorts = 2> <OutPorts = 1>
ST_5 : Operation 1388 [1/1] (0.00ns)   --->   "%sext_ln162_130 = sext i13 %add_ln162_23" [cnn_hls.cpp:162]   --->   Operation 1388 'sext' 'sext_ln162_130' <Predicate = true> <Delay = 0.00>
ST_5 : Operation 1389 [1/1] (1.81ns)   --->   "%add_ln162_24 = add i15 %sext_ln162_130, i15 %zext_ln162_24" [cnn_hls.cpp:162]   --->   Operation 1389 'add' 'add_ln162_24' <Predicate = true> <Delay = 1.81> <CoreInst = "Adder">   --->   Core 1 'Adder' <Latency = 0> <II = 1> <Delay = 1.81> <FuncUnit> <Opcode : 'add' 'sub'> <InPorts = 2> <OutPorts = 1>
ST_5 : Operation 1390 [1/1] (0.00ns)   --->   "%sext_ln162_131 = sext i15 %add_ln162_24" [cnn_hls.cpp:162]   --->   Operation 1390 'sext' 'sext_ln162_131' <Predicate = true> <Delay = 0.00>
ST_5 : Operation 1391 [1/2] (2.10ns) (root node of the DSP)   --->   "%add_ln162_26 = add i16 %sext_ln162_132, i16 %sext_ln162_66" [cnn_hls.cpp:162]   --->   Operation 1391 'add' 'add_ln162_26' <Predicate = true> <Delay = 2.10> <CoreInst = "DSP48">   --->   Core 116 'DSP48' <Latency = 3> <II = 1> <Delay = 2.15> <IPBlock> <Opcode : 'add' 'sub' 'mul' 'select'> <InPorts = 0> <OutPorts = 1> <Sync> <CReg>
ST_5 : Operation 1392 [1/1] (2.07ns)   --->   "%add_ln162_27 = add i16 %add_ln162_26, i16 %sext_ln162_131" [cnn_hls.cpp:162]   --->   Operation 1392 'add' 'add_ln162_27' <Predicate = true> <Delay = 2.07> <CoreInst = "Adder">   --->   Core 1 'Adder' <Latency = 0> <II = 1> <Delay = 2.07> <FuncUnit> <Opcode : 'add' 'sub'> <InPorts = 2> <OutPorts = 1>
ST_5 : Operation 1393 [1/1] (0.00ns)   --->   "%sext_ln162_133 = sext i16 %add_ln162_27" [cnn_hls.cpp:162]   --->   Operation 1393 'sext' 'sext_ln162_133' <Predicate = true> <Delay = 0.00>
ST_5 : Operation 1394 [1/2] (2.10ns) (root node of the DSP)   --->   "%add_ln162_29 = add i17 %sext_ln162_134, i17 %sext_ln162_64" [cnn_hls.cpp:162]   --->   Operation 1394 'add' 'add_ln162_29' <Predicate = true> <Delay = 2.10> <CoreInst = "DSP48">   --->   Core 116 'DSP48' <Latency = 3> <II = 1> <Delay = 2.15> <IPBlock> <Opcode : 'add' 'sub' 'mul' 'select'> <InPorts = 0> <OutPorts = 1> <Sync> <CReg>
ST_5 : Operation 1395 [1/2] (2.10ns) (root node of the DSP)   --->   "%add_ln162_30 = add i15 %zext_ln162_21, i15 %sext_ln162_61" [cnn_hls.cpp:162]   --->   Operation 1395 'add' 'add_ln162_30' <Predicate = true> <Delay = 2.10> <CoreInst = "DSP48">   --->   Core 116 'DSP48' <Latency = 3> <II = 1> <Delay = 2.15> <IPBlock> <Opcode : 'add' 'sub' 'mul' 'select'> <InPorts = 0> <OutPorts = 1> <Sync> <CReg>
ST_5 : Operation 1396 [1/1] (0.00ns)   --->   "%sext_ln162_135 = sext i15 %add_ln162_30" [cnn_hls.cpp:162]   --->   Operation 1396 'sext' 'sext_ln162_135' <Predicate = true> <Delay = 0.00>
ST_5 : Operation 1397 [1/1] (1.94ns)   --->   "%add_ln162_31 = add i16 %sext_ln162_135, i16 %zext_ln162_22" [cnn_hls.cpp:162]   --->   Operation 1397 'add' 'add_ln162_31' <Predicate = true> <Delay = 1.94> <CoreInst = "Adder">   --->   Core 1 'Adder' <Latency = 0> <II = 1> <Delay = 1.94> <FuncUnit> <Opcode : 'add' 'sub'> <InPorts = 2> <OutPorts = 1>
ST_5 : Operation 1398 [1/1] (0.00ns)   --->   "%sext_ln162_136 = sext i16 %add_ln162_31" [cnn_hls.cpp:162]   --->   Operation 1398 'sext' 'sext_ln162_136' <Predicate = true> <Delay = 0.00>
ST_5 : Operation 1399 [1/1] (2.10ns)   --->   "%add_ln162_32 = add i17 %sext_ln162_136, i17 %add_ln162_29" [cnn_hls.cpp:162]   --->   Operation 1399 'add' 'add_ln162_32' <Predicate = true> <Delay = 2.10> <CoreInst = "Adder">   --->   Core 1 'Adder' <Latency = 0> <II = 1> <Delay = 2.10> <FuncUnit> <Opcode : 'add' 'sub'> <InPorts = 2> <OutPorts = 1>
ST_5 : Operation 1400 [1/1] (0.00ns)   --->   "%sext_ln162_137 = sext i17 %add_ln162_32" [cnn_hls.cpp:162]   --->   Operation 1400 'sext' 'sext_ln162_137' <Predicate = true> <Delay = 0.00>
ST_5 : Operation 1401 [1/1] (2.10ns)   --->   "%add_ln162_33 = add i18 %sext_ln162_137, i18 %sext_ln162_133" [cnn_hls.cpp:162]   --->   Operation 1401 'add' 'add_ln162_33' <Predicate = true> <Delay = 2.10> <CoreInst = "Adder">   --->   Core 1 'Adder' <Latency = 0> <II = 1> <Delay = 2.10> <FuncUnit> <Opcode : 'add' 'sub'> <InPorts = 2> <OutPorts = 1>
ST_5 : Operation 1402 [1/2] (2.10ns) (root node of the DSP)   --->   "%add_ln162_35 = add i16 %add_ln162_34, i16 %sext_ln162_60" [cnn_hls.cpp:162]   --->   Operation 1402 'add' 'add_ln162_35' <Predicate = true> <Delay = 2.10> <CoreInst = "DSP48">   --->   Core 116 'DSP48' <Latency = 3> <II = 1> <Delay = 2.15> <IPBlock> <Opcode : 'add' 'sub' 'mul' 'select'> <InPorts = 0> <OutPorts = 1> <Sync> <CReg>
ST_5 : Operation 1403 [1/1] (0.00ns)   --->   "%sext_ln162_139 = sext i16 %add_ln162_35" [cnn_hls.cpp:162]   --->   Operation 1403 'sext' 'sext_ln162_139' <Predicate = true> <Delay = 0.00>
ST_5 : Operation 1404 [1/2] (2.10ns) (root node of the DSP)   --->   "%add_ln162_37 = add i17 %sext_ln162_140, i17 %sext_ln162_57" [cnn_hls.cpp:162]   --->   Operation 1404 'add' 'add_ln162_37' <Predicate = true> <Delay = 2.10> <CoreInst = "DSP48">   --->   Core 116 'DSP48' <Latency = 3> <II = 1> <Delay = 2.15> <IPBlock> <Opcode : 'add' 'sub' 'mul' 'select'> <InPorts = 0> <OutPorts = 1> <Sync> <CReg>
ST_5 : Operation 1405 [1/1] (2.10ns)   --->   "%add_ln162_38 = add i17 %add_ln162_37, i17 %sext_ln162_139" [cnn_hls.cpp:162]   --->   Operation 1405 'add' 'add_ln162_38' <Predicate = true> <Delay = 2.10> <CoreInst = "Adder">   --->   Core 1 'Adder' <Latency = 0> <II = 1> <Delay = 2.10> <FuncUnit> <Opcode : 'add' 'sub'> <InPorts = 2> <OutPorts = 1>
ST_5 : Operation 1406 [1/1] (0.00ns)   --->   "%sext_ln162_141 = sext i17 %add_ln162_38" [cnn_hls.cpp:162]   --->   Operation 1406 'sext' 'sext_ln162_141' <Predicate = true> <Delay = 0.00>
ST_5 : Operation 1407 [1/2] (2.10ns) (root node of the DSP)   --->   "%add_ln162_40 = add i15 %sext_ln162_142, i15 %mul_ln162_86" [cnn_hls.cpp:162]   --->   Operation 1407 'add' 'add_ln162_40' <Predicate = true> <Delay = 2.10> <CoreInst = "DSP48">   --->   Core 116 'DSP48' <Latency = 3> <II = 1> <Delay = 2.15> <IPBlock> <Opcode : 'add' 'sub' 'mul' 'select'> <InPorts = 0> <OutPorts = 1> <Sync> <CReg>
ST_5 : Operation 1408 [1/1] (0.00ns)   --->   "%sext_ln162_143 = sext i15 %add_ln162_40" [cnn_hls.cpp:162]   --->   Operation 1408 'sext' 'sext_ln162_143' <Predicate = true> <Delay = 0.00>
ST_5 : Operation 1409 [1/1] (1.94ns)   --->   "%add_ln162_41 = add i15 %mul_ln162_82, i15 %zext_ln162_17" [cnn_hls.cpp:162]   --->   Operation 1409 'add' 'add_ln162_41' <Predicate = true> <Delay = 1.94> <CoreInst = "Adder">   --->   Core 1 'Adder' <Latency = 0> <II = 1> <Delay = 1.94> <FuncUnit> <Opcode : 'add' 'sub'> <InPorts = 2> <OutPorts = 1>
ST_5 : Operation 1410 [1/1] (0.00ns)   --->   "%sext_ln162_144 = sext i15 %add_ln162_41" [cnn_hls.cpp:162]   --->   Operation 1410 'sext' 'sext_ln162_144' <Predicate = true> <Delay = 0.00>
ST_5 : Operation 1411 [1/1] (0.00ns) (grouped into TernaryAdder)   --->   "%add_ln162_42 = add i16 %sext_ln162_144, i16 %zext_ln162_18" [cnn_hls.cpp:162]   --->   Operation 1411 'add' 'add_ln162_42' <Predicate = true> <Delay = 0.00> <CoreInst = "TAddSub">   --->   Core 10 'TAddSub' <Latency = 0> <II = 1> <Delay = 1.99> <IPBlock> <Opcode : 'add' 'sub'> <InPorts = 3> <OutPorts = 1> <Sync> <CReg>
ST_5 : Operation 1412 [1/1] (3.90ns) (root node of TernaryAdder)   --->   "%add_ln162_43 = add i16 %add_ln162_42, i16 %sext_ln162_143" [cnn_hls.cpp:162]   --->   Operation 1412 'add' 'add_ln162_43' <Predicate = true> <Delay = 3.90> <CoreInst = "TAddSub">   --->   Core 10 'TAddSub' <Latency = 0> <II = 1> <Delay = 1.99> <IPBlock> <Opcode : 'add' 'sub'> <InPorts = 3> <OutPorts = 1> <Sync> <CReg>
ST_5 : Operation 1413 [1/1] (0.00ns)   --->   "%sext_ln162_145 = sext i16 %add_ln162_43" [cnn_hls.cpp:162]   --->   Operation 1413 'sext' 'sext_ln162_145' <Predicate = true> <Delay = 0.00>
ST_5 : Operation 1414 [1/1] (2.10ns)   --->   "%add_ln162_44 = add i18 %sext_ln162_145, i18 %sext_ln162_141" [cnn_hls.cpp:162]   --->   Operation 1414 'add' 'add_ln162_44' <Predicate = true> <Delay = 2.10> <CoreInst = "Adder">   --->   Core 1 'Adder' <Latency = 0> <II = 1> <Delay = 2.10> <FuncUnit> <Opcode : 'add' 'sub'> <InPorts = 2> <OutPorts = 1>
ST_5 : Operation 1415 [1/2] (2.10ns) (root node of the DSP)   --->   "%add_ln162_47 = add i15 %sext_ln162_53, i15 %sext_ln162_52" [cnn_hls.cpp:162]   --->   Operation 1415 'add' 'add_ln162_47' <Predicate = true> <Delay = 2.10> <CoreInst = "DSP48">   --->   Core 116 'DSP48' <Latency = 3> <II = 1> <Delay = 2.15> <IPBlock> <Opcode : 'add' 'sub' 'mul' 'select'> <InPorts = 0> <OutPorts = 1> <Sync> <CReg>
ST_5 : Operation 1416 [1/1] (1.94ns) (out node of the LUT)   --->   "%add_ln162_48 = add i15 %add_ln162_47, i15 %sext_ln162_54" [cnn_hls.cpp:162]   --->   Operation 1416 'add' 'add_ln162_48' <Predicate = true> <Delay = 1.94> <CoreInst = "Adder">   --->   Core 1 'Adder' <Latency = 0> <II = 1> <Delay = 1.94> <FuncUnit> <Opcode : 'add' 'sub'> <InPorts = 2> <OutPorts = 1>
ST_5 : Operation 1417 [1/1] (0.00ns)   --->   "%sext_ln162_148 = sext i15 %add_ln162_48" [cnn_hls.cpp:162]   --->   Operation 1417 'sext' 'sext_ln162_148' <Predicate = true> <Delay = 0.00>
ST_5 : Operation 1418 [1/2] (2.10ns) (root node of the DSP)   --->   "%add_ln162_50 = add i16 %add_ln162_49, i16 %sext_ln162_51" [cnn_hls.cpp:162]   --->   Operation 1418 'add' 'add_ln162_50' <Predicate = true> <Delay = 2.10> <CoreInst = "DSP48">   --->   Core 116 'DSP48' <Latency = 3> <II = 1> <Delay = 2.15> <IPBlock> <Opcode : 'add' 'sub' 'mul' 'select'> <InPorts = 0> <OutPorts = 1> <Sync> <CReg>
ST_5 : Operation 1419 [1/1] (2.07ns)   --->   "%add_ln162_51 = add i16 %add_ln162_50, i16 %sext_ln162_148" [cnn_hls.cpp:162]   --->   Operation 1419 'add' 'add_ln162_51' <Predicate = true> <Delay = 2.07> <CoreInst = "Adder">   --->   Core 1 'Adder' <Latency = 0> <II = 1> <Delay = 2.07> <FuncUnit> <Opcode : 'add' 'sub'> <InPorts = 2> <OutPorts = 1>
ST_5 : Operation 1420 [1/1] (0.00ns)   --->   "%sext_ln162_149 = sext i16 %add_ln162_51" [cnn_hls.cpp:162]   --->   Operation 1420 'sext' 'sext_ln162_149' <Predicate = true> <Delay = 0.00>
ST_5 : Operation 1421 [1/1] (0.00ns)   --->   "%sext_ln162_152 = sext i17 %add_ln162_56" [cnn_hls.cpp:162]   --->   Operation 1421 'sext' 'sext_ln162_152' <Predicate = true> <Delay = 0.00>
ST_5 : Operation 1422 [1/1] (2.10ns)   --->   "%add_ln162_57 = add i18 %sext_ln162_152, i18 %sext_ln162_149" [cnn_hls.cpp:162]   --->   Operation 1422 'add' 'add_ln162_57' <Predicate = true> <Delay = 2.10> <CoreInst = "Adder">   --->   Core 1 'Adder' <Latency = 0> <II = 1> <Delay = 2.10> <FuncUnit> <Opcode : 'add' 'sub'> <InPorts = 2> <OutPorts = 1>
ST_5 : Operation 1423 [1/1] (0.00ns)   --->   "%sext_ln162_153 = sext i18 %add_ln162_57" [cnn_hls.cpp:162]   --->   Operation 1423 'sext' 'sext_ln162_153' <Predicate = true> <Delay = 0.00>
ST_5 : Operation 1424 [1/2] (2.10ns) (root node of the DSP)   --->   "%add_ln162_59 = add i14 %add_ln162_58, i14 %mul_ln162_68" [cnn_hls.cpp:162]   --->   Operation 1424 'add' 'add_ln162_59' <Predicate = true> <Delay = 2.10> <CoreInst = "DSP48">   --->   Core 116 'DSP48' <Latency = 3> <II = 1> <Delay = 2.15> <IPBlock> <Opcode : 'add' 'sub' 'mul' 'select'> <InPorts = 0> <OutPorts = 1> <Sync> <CReg>
ST_5 : Operation 1425 [1/1] (0.00ns)   --->   "%sext_ln162_154 = sext i14 %add_ln162_59" [cnn_hls.cpp:162]   --->   Operation 1425 'sext' 'sext_ln162_154' <Predicate = true> <Delay = 0.00>
ST_5 : Operation 1426 [1/2] (2.10ns) (root node of the DSP)   --->   "%add_ln162_61 = add i16 %sext_ln162_155, i16 %sext_ln162_45" [cnn_hls.cpp:162]   --->   Operation 1426 'add' 'add_ln162_61' <Predicate = true> <Delay = 2.10> <CoreInst = "DSP48">   --->   Core 116 'DSP48' <Latency = 3> <II = 1> <Delay = 2.15> <IPBlock> <Opcode : 'add' 'sub' 'mul' 'select'> <InPorts = 0> <OutPorts = 1> <Sync> <CReg>
ST_5 : Operation 1427 [1/1] (2.07ns)   --->   "%add_ln162_62 = add i16 %add_ln162_61, i16 %sext_ln162_154" [cnn_hls.cpp:162]   --->   Operation 1427 'add' 'add_ln162_62' <Predicate = true> <Delay = 2.07> <CoreInst = "Adder">   --->   Core 1 'Adder' <Latency = 0> <II = 1> <Delay = 2.07> <FuncUnit> <Opcode : 'add' 'sub'> <InPorts = 2> <OutPorts = 1>
ST_5 : Operation 1428 [1/1] (0.00ns)   --->   "%sext_ln162_156 = sext i16 %add_ln162_62" [cnn_hls.cpp:162]   --->   Operation 1428 'sext' 'sext_ln162_156' <Predicate = true> <Delay = 0.00>
ST_5 : Operation 1429 [1/2] (2.10ns) (root node of the DSP)   --->   "%add_ln162_63 = add i16 %sext_ln162_43, i16 %sext_ln162_42" [cnn_hls.cpp:162]   --->   Operation 1429 'add' 'add_ln162_63' <Predicate = true> <Delay = 2.10> <CoreInst = "DSP48">   --->   Core 116 'DSP48' <Latency = 3> <II = 1> <Delay = 2.15> <IPBlock> <Opcode : 'add' 'sub' 'mul' 'select'> <InPorts = 0> <OutPorts = 1> <Sync> <CReg>
ST_5 : Operation 1430 [1/1] (2.07ns)   --->   "%add_ln162_64 = add i16 %add_ln162_63, i16 %zext_ln162_11" [cnn_hls.cpp:162]   --->   Operation 1430 'add' 'add_ln162_64' <Predicate = true> <Delay = 2.07> <CoreInst = "Adder">   --->   Core 1 'Adder' <Latency = 0> <II = 1> <Delay = 2.07> <FuncUnit> <Opcode : 'add' 'sub'> <InPorts = 2> <OutPorts = 1>
ST_5 : Operation 1431 [1/1] (0.00ns)   --->   "%sext_ln162_157 = sext i16 %add_ln162_64" [cnn_hls.cpp:162]   --->   Operation 1431 'sext' 'sext_ln162_157' <Predicate = true> <Delay = 0.00>
ST_5 : Operation 1432 [1/2] (2.10ns) (root node of the DSP)   --->   "%add_ln162_66 = add i15 %add_ln162_65, i15 %sext_ln162_41" [cnn_hls.cpp:162]   --->   Operation 1432 'add' 'add_ln162_66' <Predicate = true> <Delay = 2.10> <CoreInst = "DSP48">   --->   Core 116 'DSP48' <Latency = 3> <II = 1> <Delay = 2.15> <IPBlock> <Opcode : 'add' 'sub' 'mul' 'select'> <InPorts = 0> <OutPorts = 1> <Sync> <CReg>
ST_5 : Operation 1433 [1/1] (0.00ns)   --->   "%sext_ln162_158 = sext i15 %add_ln162_66" [cnn_hls.cpp:162]   --->   Operation 1433 'sext' 'sext_ln162_158' <Predicate = true> <Delay = 0.00>
ST_5 : Operation 1434 [1/1] (2.07ns)   --->   "%add_ln162_67 = add i17 %sext_ln162_158, i17 %sext_ln162_157" [cnn_hls.cpp:162]   --->   Operation 1434 'add' 'add_ln162_67' <Predicate = true> <Delay = 2.07> <CoreInst = "Adder">   --->   Core 1 'Adder' <Latency = 0> <II = 1> <Delay = 2.07> <FuncUnit> <Opcode : 'add' 'sub'> <InPorts = 2> <OutPorts = 1>
ST_5 : Operation 1435 [1/1] (0.00ns)   --->   "%sext_ln162_159 = sext i17 %add_ln162_67" [cnn_hls.cpp:162]   --->   Operation 1435 'sext' 'sext_ln162_159' <Predicate = true> <Delay = 0.00>
ST_5 : Operation 1436 [1/1] (2.10ns)   --->   "%add_ln162_68 = add i18 %sext_ln162_159, i18 %sext_ln162_156" [cnn_hls.cpp:162]   --->   Operation 1436 'add' 'add_ln162_68' <Predicate = true> <Delay = 2.10> <CoreInst = "Adder">   --->   Core 1 'Adder' <Latency = 0> <II = 1> <Delay = 2.10> <FuncUnit> <Opcode : 'add' 'sub'> <InPorts = 2> <OutPorts = 1>
ST_5 : Operation 1437 [1/1] (0.00ns)   --->   "%sext_ln162_160 = sext i18 %add_ln162_68" [cnn_hls.cpp:162]   --->   Operation 1437 'sext' 'sext_ln162_160' <Predicate = true> <Delay = 0.00>
ST_5 : Operation 1438 [1/1] (0.00ns) (grouped into TernaryAdder)   --->   "%add_ln162_69 = add i19 %sext_ln162_160, i19 %sext_ln162_153" [cnn_hls.cpp:162]   --->   Operation 1438 'add' 'add_ln162_69' <Predicate = true> <Delay = 0.00> <CoreInst = "TAddSub">   --->   Core 10 'TAddSub' <Latency = 0> <II = 1> <Delay = 1.99> <IPBlock> <Opcode : 'add' 'sub'> <InPorts = 3> <OutPorts = 1> <Sync> <CReg>
ST_5 : Operation 1439 [1/1] (0.00ns)   --->   "%sext_ln162_162 = sext i15 %add_ln162_71" [cnn_hls.cpp:162]   --->   Operation 1439 'sext' 'sext_ln162_162' <Predicate = true> <Delay = 0.00>
ST_5 : Operation 1440 [1/2] (2.10ns) (root node of the DSP)   --->   "%add_ln162_73 = add i16 %sext_ln162_163, i16 %sext_ln162_38" [cnn_hls.cpp:162]   --->   Operation 1440 'add' 'add_ln162_73' <Predicate = true> <Delay = 2.10> <CoreInst = "DSP48">   --->   Core 116 'DSP48' <Latency = 3> <II = 1> <Delay = 2.15> <IPBlock> <Opcode : 'add' 'sub' 'mul' 'select'> <InPorts = 0> <OutPorts = 1> <Sync> <CReg>
ST_5 : Operation 1441 [1/1] (0.00ns)   --->   "%sext_ln162_164 = sext i16 %add_ln162_73" [cnn_hls.cpp:162]   --->   Operation 1441 'sext' 'sext_ln162_164' <Predicate = true> <Delay = 0.00>
ST_5 : Operation 1442 [1/1] (0.00ns) (grouped into TernaryAdder)   --->   "%add_ln162_74 = add i17 %sext_ln162_164, i17 %sext_ln162_162" [cnn_hls.cpp:162]   --->   Operation 1442 'add' 'add_ln162_74' <Predicate = true> <Delay = 0.00> <CoreInst = "TAddSub">   --->   Core 10 'TAddSub' <Latency = 0> <II = 1> <Delay = 1.99> <IPBlock> <Opcode : 'add' 'sub'> <InPorts = 3> <OutPorts = 1> <Sync> <CReg>
ST_5 : Operation 1443 [1/1] (0.00ns)   --->   "%sext_ln162_165 = sext i15 %add_ln162_76" [cnn_hls.cpp:162]   --->   Operation 1443 'sext' 'sext_ln162_165' <Predicate = true> <Delay = 0.00>
ST_5 : Operation 1444 [1/2] (2.10ns) (root node of the DSP)   --->   "%add_ln162_78 = add i15 %add_ln162_77, i15 %sext_ln162_33" [cnn_hls.cpp:162]   --->   Operation 1444 'add' 'add_ln162_78' <Predicate = true> <Delay = 2.10> <CoreInst = "DSP48">   --->   Core 116 'DSP48' <Latency = 3> <II = 1> <Delay = 2.15> <IPBlock> <Opcode : 'add' 'sub' 'mul' 'select'> <InPorts = 0> <OutPorts = 1> <Sync> <CReg>
ST_5 : Operation 1445 [1/1] (0.00ns)   --->   "%sext_ln162_166 = sext i15 %add_ln162_78" [cnn_hls.cpp:162]   --->   Operation 1445 'sext' 'sext_ln162_166' <Predicate = true> <Delay = 0.00>
ST_5 : Operation 1446 [1/1] (1.94ns)   --->   "%add_ln162_79 = add i16 %sext_ln162_166, i16 %sext_ln162_165" [cnn_hls.cpp:162]   --->   Operation 1446 'add' 'add_ln162_79' <Predicate = true> <Delay = 1.94> <CoreInst = "Adder">   --->   Core 1 'Adder' <Latency = 0> <II = 1> <Delay = 1.94> <FuncUnit> <Opcode : 'add' 'sub'> <InPorts = 2> <OutPorts = 1>
ST_5 : Operation 1447 [1/1] (0.00ns)   --->   "%sext_ln162_167 = sext i16 %add_ln162_79" [cnn_hls.cpp:162]   --->   Operation 1447 'sext' 'sext_ln162_167' <Predicate = true> <Delay = 0.00>
ST_5 : Operation 1448 [1/1] (3.93ns) (root node of TernaryAdder)   --->   "%add_ln162_80 = add i17 %sext_ln162_167, i17 %add_ln162_74" [cnn_hls.cpp:162]   --->   Operation 1448 'add' 'add_ln162_80' <Predicate = true> <Delay = 3.93> <CoreInst = "TAddSub">   --->   Core 10 'TAddSub' <Latency = 0> <II = 1> <Delay = 1.99> <IPBlock> <Opcode : 'add' 'sub'> <InPorts = 3> <OutPorts = 1> <Sync> <CReg>
ST_5 : Operation 1449 [1/1] (0.00ns)   --->   "%sext_ln162_168 = sext i17 %add_ln162_80" [cnn_hls.cpp:162]   --->   Operation 1449 'sext' 'sext_ln162_168' <Predicate = true> <Delay = 0.00>
ST_5 : Operation 1450 [1/2] (2.10ns) (root node of the DSP)   --->   "%add_ln162_82 = add i15 %add_ln162_81, i15 %sext_ln162_31" [cnn_hls.cpp:162]   --->   Operation 1450 'add' 'add_ln162_82' <Predicate = true> <Delay = 2.10> <CoreInst = "DSP48">   --->   Core 116 'DSP48' <Latency = 3> <II = 1> <Delay = 2.15> <IPBlock> <Opcode : 'add' 'sub' 'mul' 'select'> <InPorts = 0> <OutPorts = 1> <Sync> <CReg>
ST_5 : Operation 1451 [1/1] (0.00ns)   --->   "%sext_ln162_169 = sext i15 %add_ln162_82" [cnn_hls.cpp:162]   --->   Operation 1451 'sext' 'sext_ln162_169' <Predicate = true> <Delay = 0.00>
ST_5 : Operation 1452 [1/2] (2.10ns) (root node of the DSP)   --->   "%add_ln162_84 = add i17 %sext_ln162_170, i17 %sext_ln162_29" [cnn_hls.cpp:162]   --->   Operation 1452 'add' 'add_ln162_84' <Predicate = true> <Delay = 2.10> <CoreInst = "DSP48">   --->   Core 116 'DSP48' <Latency = 3> <II = 1> <Delay = 2.15> <IPBlock> <Opcode : 'add' 'sub' 'mul' 'select'> <InPorts = 0> <OutPorts = 1> <Sync> <CReg>
ST_5 : Operation 1453 [1/1] (0.00ns) (grouped into TernaryAdder)   --->   "%add_ln162_85 = add i17 %add_ln162_84, i17 %sext_ln162_169" [cnn_hls.cpp:162]   --->   Operation 1453 'add' 'add_ln162_85' <Predicate = true> <Delay = 0.00> <CoreInst = "TAddSub">   --->   Core 10 'TAddSub' <Latency = 0> <II = 1> <Delay = 1.99> <IPBlock> <Opcode : 'add' 'sub'> <InPorts = 3> <OutPorts = 1> <Sync> <CReg>
ST_5 : Operation 1454 [1/2] (2.10ns) (root node of the DSP)   --->   "%add_ln162_87 = add i15 %sext_ln162_171, i15 %sext_ln162_26" [cnn_hls.cpp:162]   --->   Operation 1454 'add' 'add_ln162_87' <Predicate = true> <Delay = 2.10> <CoreInst = "DSP48">   --->   Core 116 'DSP48' <Latency = 3> <II = 1> <Delay = 2.15> <IPBlock> <Opcode : 'add' 'sub' 'mul' 'select'> <InPorts = 0> <OutPorts = 1> <Sync> <CReg>
ST_5 : Operation 1455 [1/1] (0.00ns)   --->   "%sext_ln162_172 = sext i15 %add_ln162_87" [cnn_hls.cpp:162]   --->   Operation 1455 'sext' 'sext_ln162_172' <Predicate = true> <Delay = 0.00>
ST_5 : Operation 1456 [1/1] (0.00ns)   --->   "%sext_ln162_173 = sext i15 %add_ln162_89" [cnn_hls.cpp:162]   --->   Operation 1456 'sext' 'sext_ln162_173' <Predicate = true> <Delay = 0.00>
ST_5 : Operation 1457 [1/1] (1.94ns)   --->   "%add_ln162_90 = add i16 %sext_ln162_173, i16 %sext_ln162_172" [cnn_hls.cpp:162]   --->   Operation 1457 'add' 'add_ln162_90' <Predicate = true> <Delay = 1.94> <CoreInst = "Adder">   --->   Core 1 'Adder' <Latency = 0> <II = 1> <Delay = 1.94> <FuncUnit> <Opcode : 'add' 'sub'> <InPorts = 2> <OutPorts = 1>
ST_5 : Operation 1458 [1/1] (0.00ns)   --->   "%sext_ln162_174 = sext i16 %add_ln162_90" [cnn_hls.cpp:162]   --->   Operation 1458 'sext' 'sext_ln162_174' <Predicate = true> <Delay = 0.00>
ST_5 : Operation 1459 [1/1] (3.93ns) (root node of TernaryAdder)   --->   "%add_ln162_91 = add i17 %sext_ln162_174, i17 %add_ln162_85" [cnn_hls.cpp:162]   --->   Operation 1459 'add' 'add_ln162_91' <Predicate = true> <Delay = 3.93> <CoreInst = "TAddSub">   --->   Core 10 'TAddSub' <Latency = 0> <II = 1> <Delay = 1.99> <IPBlock> <Opcode : 'add' 'sub'> <InPorts = 3> <OutPorts = 1> <Sync> <CReg>
ST_5 : Operation 1460 [1/1] (0.00ns)   --->   "%sext_ln162_175 = sext i17 %add_ln162_91" [cnn_hls.cpp:162]   --->   Operation 1460 'sext' 'sext_ln162_175' <Predicate = true> <Delay = 0.00>
ST_5 : Operation 1461 [1/1] (2.10ns)   --->   "%add_ln162_92 = add i18 %sext_ln162_175, i18 %sext_ln162_168" [cnn_hls.cpp:162]   --->   Operation 1461 'add' 'add_ln162_92' <Predicate = true> <Delay = 2.10> <CoreInst = "Adder">   --->   Core 1 'Adder' <Latency = 0> <II = 1> <Delay = 2.10> <FuncUnit> <Opcode : 'add' 'sub'> <InPorts = 2> <OutPorts = 1>
ST_5 : Operation 1462 [1/1] (0.00ns)   --->   "%sext_ln162_176 = sext i18 %add_ln162_92" [cnn_hls.cpp:162]   --->   Operation 1462 'sext' 'sext_ln162_176' <Predicate = true> <Delay = 0.00>
ST_5 : Operation 1463 [1/1] (3.99ns) (root node of TernaryAdder)   --->   "%add_ln162_93 = add i19 %sext_ln162_176, i19 %add_ln162_69" [cnn_hls.cpp:162]   --->   Operation 1463 'add' 'add_ln162_93' <Predicate = true> <Delay = 3.99> <CoreInst = "TAddSub">   --->   Core 10 'TAddSub' <Latency = 0> <II = 1> <Delay = 1.99> <IPBlock> <Opcode : 'add' 'sub'> <InPorts = 3> <OutPorts = 1> <Sync> <CReg>
ST_5 : Operation 1464 [1/2] (2.10ns) (root node of the DSP)   --->   "%add_ln162_95 = add i15 %sext_ln162_24, i15 %sext_ln162_23" [cnn_hls.cpp:162]   --->   Operation 1464 'add' 'add_ln162_95' <Predicate = true> <Delay = 2.10> <CoreInst = "DSP48">   --->   Core 116 'DSP48' <Latency = 3> <II = 1> <Delay = 2.15> <IPBlock> <Opcode : 'add' 'sub' 'mul' 'select'> <InPorts = 0> <OutPorts = 1> <Sync> <CReg>
ST_5 : Operation 1465 [1/1] (1.94ns)   --->   "%add_ln162_96 = add i15 %add_ln162_95, i15 %zext_ln162_5" [cnn_hls.cpp:162]   --->   Operation 1465 'add' 'add_ln162_96' <Predicate = true> <Delay = 1.94> <CoreInst = "Adder">   --->   Core 1 'Adder' <Latency = 0> <II = 1> <Delay = 1.94> <FuncUnit> <Opcode : 'add' 'sub'> <InPorts = 2> <OutPorts = 1>
ST_5 : Operation 1466 [1/1] (0.00ns)   --->   "%sext_ln162_179 = sext i15 %add_ln162_96" [cnn_hls.cpp:162]   --->   Operation 1466 'sext' 'sext_ln162_179' <Predicate = true> <Delay = 0.00>
ST_5 : Operation 1467 [1/2] (2.10ns) (root node of the DSP)   --->   "%add_ln162_98 = add i15 %add_ln162_97, i15 %sext_ln162_22" [cnn_hls.cpp:162]   --->   Operation 1467 'add' 'add_ln162_98' <Predicate = true> <Delay = 2.10> <CoreInst = "DSP48">   --->   Core 116 'DSP48' <Latency = 3> <II = 1> <Delay = 2.15> <IPBlock> <Opcode : 'add' 'sub' 'mul' 'select'> <InPorts = 0> <OutPorts = 1> <Sync> <CReg>
ST_5 : Operation 1468 [1/1] (0.00ns)   --->   "%sext_ln162_180 = sext i15 %add_ln162_98" [cnn_hls.cpp:162]   --->   Operation 1468 'sext' 'sext_ln162_180' <Predicate = true> <Delay = 0.00>
ST_5 : Operation 1469 [1/1] (1.94ns)   --->   "%add_ln162_99 = add i16 %sext_ln162_180, i16 %sext_ln162_179" [cnn_hls.cpp:162]   --->   Operation 1469 'add' 'add_ln162_99' <Predicate = true> <Delay = 1.94> <CoreInst = "Adder">   --->   Core 1 'Adder' <Latency = 0> <II = 1> <Delay = 1.94> <FuncUnit> <Opcode : 'add' 'sub'> <InPorts = 2> <OutPorts = 1>
ST_5 : Operation 1470 [1/1] (0.00ns)   --->   "%sext_ln162_181 = sext i16 %add_ln162_99" [cnn_hls.cpp:162]   --->   Operation 1470 'sext' 'sext_ln162_181' <Predicate = true> <Delay = 0.00>
ST_5 : Operation 1471 [1/2] (2.10ns) (root node of the DSP)   --->   "%add_ln162_100 = add i16 %sext_ln162_18, i16 %sext_ln162_17" [cnn_hls.cpp:162]   --->   Operation 1471 'add' 'add_ln162_100' <Predicate = true> <Delay = 2.10> <CoreInst = "DSP48">   --->   Core 116 'DSP48' <Latency = 3> <II = 1> <Delay = 2.15> <IPBlock> <Opcode : 'add' 'sub' 'mul' 'select'> <InPorts = 0> <OutPorts = 1> <Sync> <CReg>
ST_5 : Operation 1472 [1/1] (0.00ns)   --->   "%sext_ln162_182 = sext i16 %add_ln162_100" [cnn_hls.cpp:162]   --->   Operation 1472 'sext' 'sext_ln162_182' <Predicate = true> <Delay = 0.00>
ST_5 : Operation 1473 [1/1] (0.00ns) (grouped into TernaryAdder)   --->   "%add_ln162_101 = add i17 %sext_ln162_182, i17 %sext_ln162_19" [cnn_hls.cpp:162]   --->   Operation 1473 'add' 'add_ln162_101' <Predicate = true> <Delay = 0.00> <CoreInst = "TAddSub">   --->   Core 10 'TAddSub' <Latency = 0> <II = 1> <Delay = 1.99> <IPBlock> <Opcode : 'add' 'sub'> <InPorts = 3> <OutPorts = 1> <Sync> <CReg>
ST_5 : Operation 1474 [1/2] (2.10ns) (root node of the DSP)   --->   "%add_ln162_103 = add i15 %add_ln162_102, i15 %sext_ln162_16" [cnn_hls.cpp:162]   --->   Operation 1474 'add' 'add_ln162_103' <Predicate = true> <Delay = 2.10> <CoreInst = "DSP48">   --->   Core 116 'DSP48' <Latency = 3> <II = 1> <Delay = 2.15> <IPBlock> <Opcode : 'add' 'sub' 'mul' 'select'> <InPorts = 0> <OutPorts = 1> <Sync> <CReg>
ST_5 : Operation 1475 [1/1] (0.00ns)   --->   "%sext_ln162_183 = sext i15 %add_ln162_103" [cnn_hls.cpp:162]   --->   Operation 1475 'sext' 'sext_ln162_183' <Predicate = true> <Delay = 0.00>
ST_5 : Operation 1476 [1/1] (3.93ns) (root node of TernaryAdder)   --->   "%add_ln162_104 = add i17 %sext_ln162_183, i17 %add_ln162_101" [cnn_hls.cpp:162]   --->   Operation 1476 'add' 'add_ln162_104' <Predicate = true> <Delay = 3.93> <CoreInst = "TAddSub">   --->   Core 10 'TAddSub' <Latency = 0> <II = 1> <Delay = 1.99> <IPBlock> <Opcode : 'add' 'sub'> <InPorts = 3> <OutPorts = 1> <Sync> <CReg>
ST_5 : Operation 1477 [1/1] (0.00ns)   --->   "%sext_ln162_184 = sext i17 %add_ln162_104" [cnn_hls.cpp:162]   --->   Operation 1477 'sext' 'sext_ln162_184' <Predicate = true> <Delay = 0.00>
ST_5 : Operation 1478 [1/1] (0.00ns) (grouped into TernaryAdder)   --->   "%add_ln162_105 = add i18 %sext_ln162_184, i18 %sext_ln162_181" [cnn_hls.cpp:162]   --->   Operation 1478 'add' 'add_ln162_105' <Predicate = true> <Delay = 0.00> <CoreInst = "TAddSub">   --->   Core 10 'TAddSub' <Latency = 0> <II = 1> <Delay = 1.99> <IPBlock> <Opcode : 'add' 'sub'> <InPorts = 3> <OutPorts = 1> <Sync> <CReg>
ST_5 : Operation 1479 [1/2] (2.10ns) (root node of the DSP)   --->   "%add_ln162_107 = add i15 %add_ln162_106, i15 %sext_ln162_14" [cnn_hls.cpp:162]   --->   Operation 1479 'add' 'add_ln162_107' <Predicate = true> <Delay = 2.10> <CoreInst = "DSP48">   --->   Core 116 'DSP48' <Latency = 3> <II = 1> <Delay = 2.15> <IPBlock> <Opcode : 'add' 'sub' 'mul' 'select'> <InPorts = 0> <OutPorts = 1> <Sync> <CReg>
ST_5 : Operation 1480 [1/1] (0.00ns)   --->   "%sext_ln162_185 = sext i15 %add_ln162_107" [cnn_hls.cpp:162]   --->   Operation 1480 'sext' 'sext_ln162_185' <Predicate = true> <Delay = 0.00>
ST_5 : Operation 1481 [1/2] (2.10ns) (root node of the DSP)   --->   "%add_ln162_109 = add i16 %add_ln162_108, i16 %sext_ln162_12" [cnn_hls.cpp:162]   --->   Operation 1481 'add' 'add_ln162_109' <Predicate = true> <Delay = 2.10> <CoreInst = "DSP48">   --->   Core 116 'DSP48' <Latency = 3> <II = 1> <Delay = 2.15> <IPBlock> <Opcode : 'add' 'sub' 'mul' 'select'> <InPorts = 0> <OutPorts = 1> <Sync> <CReg>
ST_5 : Operation 1482 [1/1] (0.00ns)   --->   "%sext_ln162_186 = sext i16 %add_ln162_109" [cnn_hls.cpp:162]   --->   Operation 1482 'sext' 'sext_ln162_186' <Predicate = true> <Delay = 0.00>
ST_5 : Operation 1483 [1/1] (0.00ns) (grouped into TernaryAdder)   --->   "%add_ln162_110 = add i17 %sext_ln162_186, i17 %sext_ln162_185" [cnn_hls.cpp:162]   --->   Operation 1483 'add' 'add_ln162_110' <Predicate = true> <Delay = 0.00> <CoreInst = "TAddSub">   --->   Core 10 'TAddSub' <Latency = 0> <II = 1> <Delay = 1.99> <IPBlock> <Opcode : 'add' 'sub'> <InPorts = 3> <OutPorts = 1> <Sync> <CReg>
ST_5 : Operation 1484 [1/2] (2.10ns) (root node of the DSP)   --->   "%add_ln162_111 = add i16 %sext_ln162_9, i16 %sext_ln162_8" [cnn_hls.cpp:162]   --->   Operation 1484 'add' 'add_ln162_111' <Predicate = true> <Delay = 2.10> <CoreInst = "DSP48">   --->   Core 116 'DSP48' <Latency = 3> <II = 1> <Delay = 2.15> <IPBlock> <Opcode : 'add' 'sub' 'mul' 'select'> <InPorts = 0> <OutPorts = 1> <Sync> <CReg>
ST_5 : Operation 1485 [1/1] (0.00ns) (grouped into TernaryAdder)   --->   "%add_ln162_112 = add i16 %add_ln162_111, i16 %zext_ln162_2" [cnn_hls.cpp:162]   --->   Operation 1485 'add' 'add_ln162_112' <Predicate = true> <Delay = 0.00> <CoreInst = "TAddSub">   --->   Core 10 'TAddSub' <Latency = 0> <II = 1> <Delay = 1.99> <IPBlock> <Opcode : 'add' 'sub'> <InPorts = 3> <OutPorts = 1> <Sync> <CReg>
ST_5 : Operation 1486 [1/2] (2.10ns) (root node of the DSP)   --->   "%add_ln162_114 = add i16 %sext_ln162_187, i16 %sext_ln162_7" [cnn_hls.cpp:162]   --->   Operation 1486 'add' 'add_ln162_114' <Predicate = true> <Delay = 2.10> <CoreInst = "DSP48">   --->   Core 116 'DSP48' <Latency = 3> <II = 1> <Delay = 2.15> <IPBlock> <Opcode : 'add' 'sub' 'mul' 'select'> <InPorts = 0> <OutPorts = 1> <Sync> <CReg>
ST_5 : Operation 1487 [1/1] (3.90ns) (root node of TernaryAdder)   --->   "%add_ln162_115 = add i16 %add_ln162_114, i16 %add_ln162_112" [cnn_hls.cpp:162]   --->   Operation 1487 'add' 'add_ln162_115' <Predicate = true> <Delay = 3.90> <CoreInst = "TAddSub">   --->   Core 10 'TAddSub' <Latency = 0> <II = 1> <Delay = 1.99> <IPBlock> <Opcode : 'add' 'sub'> <InPorts = 3> <OutPorts = 1> <Sync> <CReg>
ST_5 : Operation 1488 [1/1] (0.00ns)   --->   "%sext_ln162_188 = sext i16 %add_ln162_115" [cnn_hls.cpp:162]   --->   Operation 1488 'sext' 'sext_ln162_188' <Predicate = true> <Delay = 0.00>
ST_5 : Operation 1489 [1/1] (3.93ns) (root node of TernaryAdder)   --->   "%add_ln162_116 = add i17 %sext_ln162_188, i17 %add_ln162_110" [cnn_hls.cpp:162]   --->   Operation 1489 'add' 'add_ln162_116' <Predicate = true> <Delay = 3.93> <CoreInst = "TAddSub">   --->   Core 10 'TAddSub' <Latency = 0> <II = 1> <Delay = 1.99> <IPBlock> <Opcode : 'add' 'sub'> <InPorts = 3> <OutPorts = 1> <Sync> <CReg>
ST_5 : Operation 1490 [1/1] (0.00ns)   --->   "%sext_ln162_189 = sext i17 %add_ln162_116" [cnn_hls.cpp:162]   --->   Operation 1490 'sext' 'sext_ln162_189' <Predicate = true> <Delay = 0.00>
ST_5 : Operation 1491 [1/1] (3.96ns) (root node of TernaryAdder)   --->   "%add_ln162_117 = add i18 %sext_ln162_189, i18 %add_ln162_105" [cnn_hls.cpp:162]   --->   Operation 1491 'add' 'add_ln162_117' <Predicate = true> <Delay = 3.96> <CoreInst = "TAddSub">   --->   Core 10 'TAddSub' <Latency = 0> <II = 1> <Delay = 1.99> <IPBlock> <Opcode : 'add' 'sub'> <InPorts = 3> <OutPorts = 1> <Sync> <CReg>
ST_5 : Operation 1492 [1/2] (2.10ns) (root node of the DSP)   --->   "%add_ln162_119 = add i16 %add_ln162_118, i16 %sext_ln162_5" [cnn_hls.cpp:162]   --->   Operation 1492 'add' 'add_ln162_119' <Predicate = true> <Delay = 2.10> <CoreInst = "DSP48">   --->   Core 116 'DSP48' <Latency = 3> <II = 1> <Delay = 2.15> <IPBlock> <Opcode : 'add' 'sub' 'mul' 'select'> <InPorts = 0> <OutPorts = 1> <Sync> <CReg>
ST_5 : Operation 1493 [1/1] (0.00ns)   --->   "%sext_ln162_191 = sext i16 %add_ln162_119" [cnn_hls.cpp:162]   --->   Operation 1493 'sext' 'sext_ln162_191' <Predicate = true> <Delay = 0.00>
ST_5 : Operation 1494 [1/2] (2.10ns) (root node of the DSP)   --->   "%add_ln162_121 = add i15 %add_ln162_120, i15 %sext_ln162_2" [cnn_hls.cpp:162]   --->   Operation 1494 'add' 'add_ln162_121' <Predicate = true> <Delay = 2.10> <CoreInst = "DSP48">   --->   Core 116 'DSP48' <Latency = 3> <II = 1> <Delay = 2.15> <IPBlock> <Opcode : 'add' 'sub' 'mul' 'select'> <InPorts = 0> <OutPorts = 1> <Sync> <CReg>
ST_5 : Operation 1495 [1/1] (0.00ns)   --->   "%sext_ln162_192 = sext i15 %add_ln162_121" [cnn_hls.cpp:162]   --->   Operation 1495 'sext' 'sext_ln162_192' <Predicate = true> <Delay = 0.00>
ST_5 : Operation 1496 [1/1] (0.00ns) (grouped into TernaryAdder)   --->   "%add_ln162_122 = add i17 %sext_ln162_192, i17 %sext_ln162_191" [cnn_hls.cpp:162]   --->   Operation 1496 'add' 'add_ln162_122' <Predicate = true> <Delay = 0.00> <CoreInst = "TAddSub">   --->   Core 10 'TAddSub' <Latency = 0> <II = 1> <Delay = 1.99> <IPBlock> <Opcode : 'add' 'sub'> <InPorts = 3> <OutPorts = 1> <Sync> <CReg>
ST_5 : Operation 1497 [1/2] (2.10ns) (root node of the DSP)   --->   "%add_ln162_124 = add i15 %zext_ln162_50, i15 %mul_ln162_3" [cnn_hls.cpp:162]   --->   Operation 1497 'add' 'add_ln162_124' <Predicate = true> <Delay = 2.10> <CoreInst = "DSP48">   --->   Core 116 'DSP48' <Latency = 3> <II = 1> <Delay = 2.15> <IPBlock> <Opcode : 'add' 'sub' 'mul' 'select'> <InPorts = 0> <OutPorts = 1> <Sync> <CReg>
ST_5 : Operation 1498 [1/1] (0.00ns)   --->   "%sext_ln162_193 = sext i15 %add_ln162_124" [cnn_hls.cpp:162]   --->   Operation 1498 'sext' 'sext_ln162_193' <Predicate = true> <Delay = 0.00>
ST_5 : Operation 1499 [1/2] (2.10ns) (root node of the DSP)   --->   "%add_ln162_126 = add i16 %sext_ln162_194, i16 %sext_ln162" [cnn_hls.cpp:162]   --->   Operation 1499 'add' 'add_ln162_126' <Predicate = true> <Delay = 2.10> <CoreInst = "DSP48">   --->   Core 116 'DSP48' <Latency = 3> <II = 1> <Delay = 2.15> <IPBlock> <Opcode : 'add' 'sub' 'mul' 'select'> <InPorts = 0> <OutPorts = 1> <Sync> <CReg>
ST_5 : Operation 1500 [1/1] (0.00ns)   --->   "%sext_ln162_195 = sext i16 %add_ln162_126" [cnn_hls.cpp:162]   --->   Operation 1500 'sext' 'sext_ln162_195' <Predicate = true> <Delay = 0.00>
ST_5 : Operation 1501 [1/1] (2.07ns)   --->   "%add_ln162_127 = add i17 %sext_ln162_195, i17 %sext_ln162_193" [cnn_hls.cpp:162]   --->   Operation 1501 'add' 'add_ln162_127' <Predicate = true> <Delay = 2.07> <CoreInst = "Adder">   --->   Core 1 'Adder' <Latency = 0> <II = 1> <Delay = 2.07> <FuncUnit> <Opcode : 'add' 'sub'> <InPorts = 2> <OutPorts = 1>
ST_5 : Operation 1502 [1/1] (3.93ns) (root node of TernaryAdder)   --->   "%add_ln162_128 = add i17 %add_ln162_127, i17 %add_ln162_122" [cnn_hls.cpp:162]   --->   Operation 1502 'add' 'add_ln162_128' <Predicate = true> <Delay = 3.93> <CoreInst = "TAddSub">   --->   Core 10 'TAddSub' <Latency = 0> <II = 1> <Delay = 1.99> <IPBlock> <Opcode : 'add' 'sub'> <InPorts = 3> <OutPorts = 1> <Sync> <CReg>
ST_5 : Operation 1503 [1/2] (2.10ns) (root node of the DSP)   --->   "%add_ln162_130 = add i16 %sext_ln162_197, i16 %sext_ln162_113" [cnn_hls.cpp:162]   --->   Operation 1503 'add' 'add_ln162_130' <Predicate = true> <Delay = 2.10> <CoreInst = "DSP48">   --->   Core 116 'DSP48' <Latency = 3> <II = 1> <Delay = 2.15> <IPBlock> <Opcode : 'add' 'sub' 'mul' 'select'> <InPorts = 0> <OutPorts = 1> <Sync> <CReg>
ST_5 : Operation 1504 [1/1] (0.00ns)   --->   "%sext_ln162_198 = sext i16 %add_ln162_130" [cnn_hls.cpp:162]   --->   Operation 1504 'sext' 'sext_ln162_198' <Predicate = true> <Delay = 0.00>
ST_5 : Operation 1505 [1/2] (2.10ns) (root node of the DSP)   --->   "%add_ln162_131 = add i15 %mul_ln162_183, i15 %mul_ln162_182" [cnn_hls.cpp:162]   --->   Operation 1505 'add' 'add_ln162_131' <Predicate = true> <Delay = 2.10> <CoreInst = "DSP48">   --->   Core 116 'DSP48' <Latency = 3> <II = 1> <Delay = 2.15> <IPBlock> <Opcode : 'add' 'sub' 'mul' 'select'> <InPorts = 0> <OutPorts = 1> <Sync> <CReg>
ST_5 : Operation 1506 [1/1] (0.00ns)   --->   "%sext_ln162_199 = sext i15 %add_ln162_131" [cnn_hls.cpp:162]   --->   Operation 1506 'sext' 'sext_ln162_199' <Predicate = true> <Delay = 0.00>
ST_5 : Operation 1507 [1/1] (1.94ns)   --->   "%add_ln162_132 = add i16 %sext_ln162_199, i16 %sext_ln162_111" [cnn_hls.cpp:162]   --->   Operation 1507 'add' 'add_ln162_132' <Predicate = true> <Delay = 1.94> <CoreInst = "Adder">   --->   Core 1 'Adder' <Latency = 0> <II = 1> <Delay = 1.94> <FuncUnit> <Opcode : 'add' 'sub'> <InPorts = 2> <OutPorts = 1>
ST_5 : Operation 1508 [1/1] (0.00ns)   --->   "%sext_ln162_200 = sext i16 %add_ln162_132" [cnn_hls.cpp:162]   --->   Operation 1508 'sext' 'sext_ln162_200' <Predicate = true> <Delay = 0.00>
ST_5 : Operation 1509 [1/1] (0.00ns) (grouped into TernaryAdder)   --->   "%add_ln162_133 = add i17 %sext_ln162_200, i17 %sext_ln162_198" [cnn_hls.cpp:162]   --->   Operation 1509 'add' 'add_ln162_133' <Predicate = true> <Delay = 0.00> <CoreInst = "TAddSub">   --->   Core 10 'TAddSub' <Latency = 0> <II = 1> <Delay = 1.99> <IPBlock> <Opcode : 'add' 'sub'> <InPorts = 3> <OutPorts = 1> <Sync> <CReg>
ST_5 : Operation 1510 [1/2] (2.10ns) (root node of the DSP)   --->   "%add_ln162_135 = add i15 %sext_ln162_201, i15 %sext_ln162_110" [cnn_hls.cpp:162]   --->   Operation 1510 'add' 'add_ln162_135' <Predicate = true> <Delay = 2.10> <CoreInst = "DSP48">   --->   Core 116 'DSP48' <Latency = 3> <II = 1> <Delay = 2.15> <IPBlock> <Opcode : 'add' 'sub' 'mul' 'select'> <InPorts = 0> <OutPorts = 1> <Sync> <CReg>
ST_5 : Operation 1511 [1/1] (0.00ns)   --->   "%sext_ln162_202 = sext i15 %add_ln162_135" [cnn_hls.cpp:162]   --->   Operation 1511 'sext' 'sext_ln162_202' <Predicate = true> <Delay = 0.00>
ST_5 : Operation 1512 [1/1] (1.81ns)   --->   "%add_ln162_136 = add i15 %zext_ln162_46, i15 %sext_ln162_108" [cnn_hls.cpp:162]   --->   Operation 1512 'add' 'add_ln162_136' <Predicate = true> <Delay = 1.81> <CoreInst = "Adder">   --->   Core 1 'Adder' <Latency = 0> <II = 1> <Delay = 1.81> <FuncUnit> <Opcode : 'add' 'sub'> <InPorts = 2> <OutPorts = 1>
ST_5 : Operation 1513 [1/1] (0.00ns)   --->   "%sext_ln162_203 = sext i15 %add_ln162_136" [cnn_hls.cpp:162]   --->   Operation 1513 'sext' 'sext_ln162_203' <Predicate = true> <Delay = 0.00>
ST_5 : Operation 1514 [1/1] (0.00ns) (grouped into TernaryAdder)   --->   "%add_ln162_137 = add i16 %sext_ln162_203, i16 %zext_ln162_47" [cnn_hls.cpp:162]   --->   Operation 1514 'add' 'add_ln162_137' <Predicate = true> <Delay = 0.00> <CoreInst = "TAddSub">   --->   Core 10 'TAddSub' <Latency = 0> <II = 1> <Delay = 1.99> <IPBlock> <Opcode : 'add' 'sub'> <InPorts = 3> <OutPorts = 1> <Sync> <CReg>
ST_5 : Operation 1515 [1/1] (3.90ns) (root node of TernaryAdder)   --->   "%add_ln162_138 = add i16 %add_ln162_137, i16 %sext_ln162_202" [cnn_hls.cpp:162]   --->   Operation 1515 'add' 'add_ln162_138' <Predicate = true> <Delay = 3.90> <CoreInst = "TAddSub">   --->   Core 10 'TAddSub' <Latency = 0> <II = 1> <Delay = 1.99> <IPBlock> <Opcode : 'add' 'sub'> <InPorts = 3> <OutPorts = 1> <Sync> <CReg>
ST_5 : Operation 1516 [1/1] (0.00ns)   --->   "%sext_ln162_204 = sext i16 %add_ln162_138" [cnn_hls.cpp:162]   --->   Operation 1516 'sext' 'sext_ln162_204' <Predicate = true> <Delay = 0.00>
ST_5 : Operation 1517 [1/1] (3.93ns) (root node of TernaryAdder)   --->   "%add_ln162_139 = add i17 %sext_ln162_204, i17 %add_ln162_133" [cnn_hls.cpp:162]   --->   Operation 1517 'add' 'add_ln162_139' <Predicate = true> <Delay = 3.93> <CoreInst = "TAddSub">   --->   Core 10 'TAddSub' <Latency = 0> <II = 1> <Delay = 1.99> <IPBlock> <Opcode : 'add' 'sub'> <InPorts = 3> <OutPorts = 1> <Sync> <CReg>
ST_5 : Operation 1518 [1/1] (0.00ns)   --->   "%sext_ln162_208 = sext i15 %add_ln162_143" [cnn_hls.cpp:162]   --->   Operation 1518 'sext' 'sext_ln162_208' <Predicate = true> <Delay = 0.00>
ST_5 : Operation 1519 [1/2] (2.10ns) (root node of the DSP)   --->   "%add_ln162_145 = add i16 %sext_ln162_209, i16 %sext_ln162_105" [cnn_hls.cpp:162]   --->   Operation 1519 'add' 'add_ln162_145' <Predicate = true> <Delay = 2.10> <CoreInst = "DSP48">   --->   Core 116 'DSP48' <Latency = 3> <II = 1> <Delay = 2.15> <IPBlock> <Opcode : 'add' 'sub' 'mul' 'select'> <InPorts = 0> <OutPorts = 1> <Sync> <CReg>
ST_5 : Operation 1520 [1/1] (2.07ns)   --->   "%add_ln162_146 = add i16 %add_ln162_145, i16 %sext_ln162_208" [cnn_hls.cpp:162]   --->   Operation 1520 'add' 'add_ln162_146' <Predicate = true> <Delay = 2.07> <CoreInst = "Adder">   --->   Core 1 'Adder' <Latency = 0> <II = 1> <Delay = 2.07> <FuncUnit> <Opcode : 'add' 'sub'> <InPorts = 2> <OutPorts = 1>
ST_5 : Operation 1521 [1/1] (0.00ns)   --->   "%sext_ln162_210 = sext i16 %add_ln162_146" [cnn_hls.cpp:162]   --->   Operation 1521 'sext' 'sext_ln162_210' <Predicate = true> <Delay = 0.00>
ST_5 : Operation 1522 [1/1] (0.00ns)   --->   "%sext_ln162_214 = sext i17 %add_ln162_151" [cnn_hls.cpp:162]   --->   Operation 1522 'sext' 'sext_ln162_214' <Predicate = true> <Delay = 0.00>
ST_5 : Operation 1523 [1/1] (0.00ns) (grouped into TernaryAdder)   --->   "%add_ln162_152 = add i18 %sext_ln162_214, i18 %sext_ln162_210" [cnn_hls.cpp:162]   --->   Operation 1523 'add' 'add_ln162_152' <Predicate = true> <Delay = 0.00> <CoreInst = "TAddSub">   --->   Core 10 'TAddSub' <Latency = 0> <II = 1> <Delay = 1.99> <IPBlock> <Opcode : 'add' 'sub'> <InPorts = 3> <OutPorts = 1> <Sync> <CReg>
ST_5 : Operation 1524 [1/2] (2.10ns) (root node of the DSP)   --->   "%add_ln162_154 = add i15 %add_ln162_153, i15 %sext_ln162_102" [cnn_hls.cpp:162]   --->   Operation 1524 'add' 'add_ln162_154' <Predicate = true> <Delay = 2.10> <CoreInst = "DSP48">   --->   Core 116 'DSP48' <Latency = 3> <II = 1> <Delay = 2.15> <IPBlock> <Opcode : 'add' 'sub' 'mul' 'select'> <InPorts = 0> <OutPorts = 1> <Sync> <CReg>
ST_5 : Operation 1525 [1/1] (0.00ns)   --->   "%sext_ln162_215 = sext i15 %add_ln162_154" [cnn_hls.cpp:162]   --->   Operation 1525 'sext' 'sext_ln162_215' <Predicate = true> <Delay = 0.00>
ST_5 : Operation 1526 [1/2] (2.10ns) (root node of the DSP)   --->   "%add_ln162_156 = add i15 %add_ln162_155, i15 %zext_ln162_40" [cnn_hls.cpp:162]   --->   Operation 1526 'add' 'add_ln162_156' <Predicate = true> <Delay = 2.10> <CoreInst = "DSP48">   --->   Core 116 'DSP48' <Latency = 3> <II = 1> <Delay = 2.15> <IPBlock> <Opcode : 'add' 'sub' 'mul' 'select'> <InPorts = 0> <OutPorts = 1> <Sync> <CReg>
ST_5 : Operation 1527 [1/1] (0.00ns)   --->   "%sext_ln162_216 = sext i15 %add_ln162_156" [cnn_hls.cpp:162]   --->   Operation 1527 'sext' 'sext_ln162_216' <Predicate = true> <Delay = 0.00>
ST_5 : Operation 1528 [1/1] (1.94ns)   --->   "%add_ln162_157 = add i16 %sext_ln162_216, i16 %sext_ln162_215" [cnn_hls.cpp:162]   --->   Operation 1528 'add' 'add_ln162_157' <Predicate = true> <Delay = 1.94> <CoreInst = "Adder">   --->   Core 1 'Adder' <Latency = 0> <II = 1> <Delay = 1.94> <FuncUnit> <Opcode : 'add' 'sub'> <InPorts = 2> <OutPorts = 1>
ST_5 : Operation 1529 [1/1] (0.00ns)   --->   "%sext_ln162_217 = sext i16 %add_ln162_157" [cnn_hls.cpp:162]   --->   Operation 1529 'sext' 'sext_ln162_217' <Predicate = true> <Delay = 0.00>
ST_5 : Operation 1530 [1/1] (0.00ns)   --->   "%sext_ln162_220 = sext i16 %add_ln162_162" [cnn_hls.cpp:162]   --->   Operation 1530 'sext' 'sext_ln162_220' <Predicate = true> <Delay = 0.00>
ST_5 : Operation 1531 [1/1] (2.07ns)   --->   "%add_ln162_163 = add i17 %sext_ln162_220, i17 %sext_ln162_217" [cnn_hls.cpp:162]   --->   Operation 1531 'add' 'add_ln162_163' <Predicate = true> <Delay = 2.07> <CoreInst = "Adder">   --->   Core 1 'Adder' <Latency = 0> <II = 1> <Delay = 2.07> <FuncUnit> <Opcode : 'add' 'sub'> <InPorts = 2> <OutPorts = 1>
ST_5 : Operation 1532 [1/1] (0.00ns)   --->   "%sext_ln162_221 = sext i17 %add_ln162_163" [cnn_hls.cpp:162]   --->   Operation 1532 'sext' 'sext_ln162_221' <Predicate = true> <Delay = 0.00>
ST_5 : Operation 1533 [1/1] (3.96ns) (root node of TernaryAdder)   --->   "%add_ln162_164 = add i18 %sext_ln162_221, i18 %add_ln162_152" [cnn_hls.cpp:162]   --->   Operation 1533 'add' 'add_ln162_164' <Predicate = true> <Delay = 3.96> <CoreInst = "TAddSub">   --->   Core 10 'TAddSub' <Latency = 0> <II = 1> <Delay = 1.99> <IPBlock> <Opcode : 'add' 'sub'> <InPorts = 3> <OutPorts = 1> <Sync> <CReg>
ST_5 : Operation 1534 [1/1] (0.00ns)   --->   "%sext_ln162_222 = sext i18 %add_ln162_164" [cnn_hls.cpp:162]   --->   Operation 1534 'sext' 'sext_ln162_222' <Predicate = true> <Delay = 0.00>
ST_5 : Operation 1535 [1/1] (0.00ns)   --->   "%sext_ln162_223 = sext i15 %add_ln162_166" [cnn_hls.cpp:162]   --->   Operation 1535 'sext' 'sext_ln162_223' <Predicate = true> <Delay = 0.00>
ST_5 : Operation 1536 [1/2] (2.10ns) (root node of the DSP)   --->   "%add_ln162_168 = add i16 %sext_ln162_224, i16 %sext_ln162_95" [cnn_hls.cpp:162]   --->   Operation 1536 'add' 'add_ln162_168' <Predicate = true> <Delay = 2.10> <CoreInst = "DSP48">   --->   Core 116 'DSP48' <Latency = 3> <II = 1> <Delay = 2.15> <IPBlock> <Opcode : 'add' 'sub' 'mul' 'select'> <InPorts = 0> <OutPorts = 1> <Sync> <CReg>
ST_5 : Operation 1537 [1/1] (0.00ns)   --->   "%sext_ln162_225 = sext i16 %add_ln162_168" [cnn_hls.cpp:162]   --->   Operation 1537 'sext' 'sext_ln162_225' <Predicate = true> <Delay = 0.00>
ST_5 : Operation 1538 [1/1] (2.07ns)   --->   "%add_ln162_169 = add i17 %sext_ln162_225, i17 %sext_ln162_223" [cnn_hls.cpp:162]   --->   Operation 1538 'add' 'add_ln162_169' <Predicate = true> <Delay = 2.07> <CoreInst = "Adder">   --->   Core 1 'Adder' <Latency = 0> <II = 1> <Delay = 2.07> <FuncUnit> <Opcode : 'add' 'sub'> <InPorts = 2> <OutPorts = 1>
ST_5 : Operation 1539 [1/1] (0.00ns)   --->   "%sext_ln162_226 = sext i17 %add_ln162_169" [cnn_hls.cpp:162]   --->   Operation 1539 'sext' 'sext_ln162_226' <Predicate = true> <Delay = 0.00>
ST_5 : Operation 1540 [1/2] (2.10ns) (root node of the DSP)   --->   "%add_ln162_171 = add i16 %add_ln162_170, i16 %sext_ln162_93" [cnn_hls.cpp:162]   --->   Operation 1540 'add' 'add_ln162_171' <Predicate = true> <Delay = 2.10> <CoreInst = "DSP48">   --->   Core 116 'DSP48' <Latency = 3> <II = 1> <Delay = 2.15> <IPBlock> <Opcode : 'add' 'sub' 'mul' 'select'> <InPorts = 0> <OutPorts = 1> <Sync> <CReg>
ST_5 : Operation 1541 [1/1] (0.00ns)   --->   "%sext_ln162_227 = sext i16 %add_ln162_171" [cnn_hls.cpp:162]   --->   Operation 1541 'sext' 'sext_ln162_227' <Predicate = true> <Delay = 0.00>
ST_5 : Operation 1542 [1/2] (2.10ns) (root node of the DSP)   --->   "%add_ln162_173 = add i16 %sext_ln162_228, i16 %sext_ln162_90" [cnn_hls.cpp:162]   --->   Operation 1542 'add' 'add_ln162_173' <Predicate = true> <Delay = 2.10> <CoreInst = "DSP48">   --->   Core 116 'DSP48' <Latency = 3> <II = 1> <Delay = 2.15> <IPBlock> <Opcode : 'add' 'sub' 'mul' 'select'> <InPorts = 0> <OutPorts = 1> <Sync> <CReg>
ST_5 : Operation 1543 [1/1] (0.00ns)   --->   "%sext_ln162_229 = sext i16 %add_ln162_173" [cnn_hls.cpp:162]   --->   Operation 1543 'sext' 'sext_ln162_229' <Predicate = true> <Delay = 0.00>
ST_5 : Operation 1544 [1/1] (2.07ns)   --->   "%add_ln162_174 = add i17 %sext_ln162_229, i17 %sext_ln162_227" [cnn_hls.cpp:162]   --->   Operation 1544 'add' 'add_ln162_174' <Predicate = true> <Delay = 2.07> <CoreInst = "Adder">   --->   Core 1 'Adder' <Latency = 0> <II = 1> <Delay = 2.07> <FuncUnit> <Opcode : 'add' 'sub'> <InPorts = 2> <OutPorts = 1>
ST_5 : Operation 1545 [1/1] (0.00ns)   --->   "%sext_ln162_230 = sext i17 %add_ln162_174" [cnn_hls.cpp:162]   --->   Operation 1545 'sext' 'sext_ln162_230' <Predicate = true> <Delay = 0.00>
ST_5 : Operation 1546 [1/1] (2.10ns)   --->   "%add_ln162_175 = add i18 %sext_ln162_230, i18 %sext_ln162_226" [cnn_hls.cpp:162]   --->   Operation 1546 'add' 'add_ln162_175' <Predicate = true> <Delay = 2.10> <CoreInst = "Adder">   --->   Core 1 'Adder' <Latency = 0> <II = 1> <Delay = 2.10> <FuncUnit> <Opcode : 'add' 'sub'> <InPorts = 2> <OutPorts = 1>
ST_5 : Operation 1547 [1/1] (0.00ns)   --->   "%sext_ln162_231 = sext i18 %add_ln162_175" [cnn_hls.cpp:162]   --->   Operation 1547 'sext' 'sext_ln162_231' <Predicate = true> <Delay = 0.00>
ST_5 : Operation 1548 [1/2] (2.10ns) (root node of the DSP)   --->   "%add_ln162_177 = add i15 %add_ln162_176, i15 %sext_ln162_88" [cnn_hls.cpp:162]   --->   Operation 1548 'add' 'add_ln162_177' <Predicate = true> <Delay = 2.10> <CoreInst = "DSP48">   --->   Core 116 'DSP48' <Latency = 3> <II = 1> <Delay = 2.15> <IPBlock> <Opcode : 'add' 'sub' 'mul' 'select'> <InPorts = 0> <OutPorts = 1> <Sync> <CReg>
ST_5 : Operation 1549 [1/1] (0.00ns)   --->   "%sext_ln162_232 = sext i15 %add_ln162_177" [cnn_hls.cpp:162]   --->   Operation 1549 'sext' 'sext_ln162_232' <Predicate = true> <Delay = 0.00>
ST_5 : Operation 1550 [1/2] (2.10ns) (root node of the DSP)   --->   "%add_ln162_178 = add i15 %select_ln162_22, i15 %mul_ln162_134" [cnn_hls.cpp:162]   --->   Operation 1550 'add' 'add_ln162_178' <Predicate = true> <Delay = 2.10> <CoreInst = "DSP48">   --->   Core 116 'DSP48' <Latency = 3> <II = 1> <Delay = 2.15> <IPBlock> <Opcode : 'add' 'sub' 'mul' 'select'> <InPorts = 0> <OutPorts = 1> <Sync> <CReg>
ST_5 : Operation 1551 [1/1] (0.00ns)   --->   "%sext_ln162_233 = sext i15 %add_ln162_178" [cnn_hls.cpp:162]   --->   Operation 1551 'sext' 'sext_ln162_233' <Predicate = true> <Delay = 0.00>
ST_5 : Operation 1552 [1/1] (0.00ns) (grouped into TernaryAdder)   --->   "%add_ln162_179 = add i16 %sext_ln162_233, i16 %sext_ln162_86" [cnn_hls.cpp:162]   --->   Operation 1552 'add' 'add_ln162_179' <Predicate = true> <Delay = 0.00> <CoreInst = "TAddSub">   --->   Core 10 'TAddSub' <Latency = 0> <II = 1> <Delay = 1.99> <IPBlock> <Opcode : 'add' 'sub'> <InPorts = 3> <OutPorts = 1> <Sync> <CReg>
ST_5 : Operation 1553 [1/1] (3.90ns) (root node of TernaryAdder)   --->   "%add_ln162_180 = add i16 %add_ln162_179, i16 %sext_ln162_232" [cnn_hls.cpp:162]   --->   Operation 1553 'add' 'add_ln162_180' <Predicate = true> <Delay = 3.90> <CoreInst = "TAddSub">   --->   Core 10 'TAddSub' <Latency = 0> <II = 1> <Delay = 1.99> <IPBlock> <Opcode : 'add' 'sub'> <InPorts = 3> <OutPorts = 1> <Sync> <CReg>
ST_5 : Operation 1554 [1/1] (0.00ns)   --->   "%sext_ln162_234 = sext i16 %add_ln162_180" [cnn_hls.cpp:162]   --->   Operation 1554 'sext' 'sext_ln162_234' <Predicate = true> <Delay = 0.00>
ST_5 : Operation 1555 [1/2] (2.10ns) (root node of the DSP)   --->   "%add_ln162_182 = add i16 %add_ln162_181, i16 %sext_ln162_85" [cnn_hls.cpp:162]   --->   Operation 1555 'add' 'add_ln162_182' <Predicate = true> <Delay = 2.10> <CoreInst = "DSP48">   --->   Core 116 'DSP48' <Latency = 3> <II = 1> <Delay = 2.15> <IPBlock> <Opcode : 'add' 'sub' 'mul' 'select'> <InPorts = 0> <OutPorts = 1> <Sync> <CReg>
ST_5 : Operation 1556 [1/1] (0.00ns)   --->   "%sext_ln162_235 = sext i16 %add_ln162_182" [cnn_hls.cpp:162]   --->   Operation 1556 'sext' 'sext_ln162_235' <Predicate = true> <Delay = 0.00>
ST_5 : Operation 1557 [1/2] (2.10ns) (root node of the DSP)   --->   "%add_ln162_184 = add i15 %add_ln162_183, i15 %sext_ln162_83" [cnn_hls.cpp:162]   --->   Operation 1557 'add' 'add_ln162_184' <Predicate = true> <Delay = 2.10> <CoreInst = "DSP48">   --->   Core 116 'DSP48' <Latency = 3> <II = 1> <Delay = 2.15> <IPBlock> <Opcode : 'add' 'sub' 'mul' 'select'> <InPorts = 0> <OutPorts = 1> <Sync> <CReg>
ST_5 : Operation 1558 [1/1] (0.00ns)   --->   "%sext_ln162_236 = sext i15 %add_ln162_184" [cnn_hls.cpp:162]   --->   Operation 1558 'sext' 'sext_ln162_236' <Predicate = true> <Delay = 0.00>
ST_5 : Operation 1559 [1/1] (2.07ns)   --->   "%add_ln162_185 = add i17 %sext_ln162_236, i17 %sext_ln162_235" [cnn_hls.cpp:162]   --->   Operation 1559 'add' 'add_ln162_185' <Predicate = true> <Delay = 2.07> <CoreInst = "Adder">   --->   Core 1 'Adder' <Latency = 0> <II = 1> <Delay = 2.07> <FuncUnit> <Opcode : 'add' 'sub'> <InPorts = 2> <OutPorts = 1>
ST_5 : Operation 1560 [1/1] (0.00ns)   --->   "%sext_ln162_237 = sext i17 %add_ln162_185" [cnn_hls.cpp:162]   --->   Operation 1560 'sext' 'sext_ln162_237' <Predicate = true> <Delay = 0.00>
ST_5 : Operation 1561 [1/1] (2.10ns)   --->   "%add_ln162_186 = add i18 %sext_ln162_237, i18 %sext_ln162_234" [cnn_hls.cpp:162]   --->   Operation 1561 'add' 'add_ln162_186' <Predicate = true> <Delay = 2.10> <CoreInst = "Adder">   --->   Core 1 'Adder' <Latency = 0> <II = 1> <Delay = 2.10> <FuncUnit> <Opcode : 'add' 'sub'> <InPorts = 2> <OutPorts = 1>
ST_5 : Operation 1562 [1/1] (0.00ns)   --->   "%sext_ln162_238 = sext i18 %add_ln162_186" [cnn_hls.cpp:162]   --->   Operation 1562 'sext' 'sext_ln162_238' <Predicate = true> <Delay = 0.00>
ST_5 : Operation 1563 [1/1] (0.00ns) (grouped into TernaryAdder)   --->   "%add_ln162_187 = add i19 %sext_ln162_238, i19 %sext_ln162_231" [cnn_hls.cpp:162]   --->   Operation 1563 'add' 'add_ln162_187' <Predicate = true> <Delay = 0.00> <CoreInst = "TAddSub">   --->   Core 10 'TAddSub' <Latency = 0> <II = 1> <Delay = 1.99> <IPBlock> <Opcode : 'add' 'sub'> <InPorts = 3> <OutPorts = 1> <Sync> <CReg>
ST_5 : Operation 1564 [1/1] (3.99ns) (root node of TernaryAdder)   --->   "%add_ln162_188 = add i19 %add_ln162_187, i19 %sext_ln162_222" [cnn_hls.cpp:162]   --->   Operation 1564 'add' 'add_ln162_188' <Predicate = true> <Delay = 3.99> <CoreInst = "TAddSub">   --->   Core 10 'TAddSub' <Latency = 0> <II = 1> <Delay = 1.99> <IPBlock> <Opcode : 'add' 'sub'> <InPorts = 3> <OutPorts = 1> <Sync> <CReg>

State 6 <SV = 5> <Delay = 8.60>
ST_6 : Operation 1565 [1/1] (0.00ns)   --->   "%sext_ln162_121 = sext i17 %add_ln162_10" [cnn_hls.cpp:162]   --->   Operation 1565 'sext' 'sext_ln162_121' <Predicate = true> <Delay = 0.00>
ST_6 : Operation 1566 [1/1] (0.00ns)   --->   "%sext_ln162_128 = sext i17 %add_ln162_21" [cnn_hls.cpp:162]   --->   Operation 1566 'sext' 'sext_ln162_128' <Predicate = true> <Delay = 0.00>
ST_6 : Operation 1567 [1/1] (2.10ns)   --->   "%add_ln162_22 = add i18 %sext_ln162_128, i18 %sext_ln162_121" [cnn_hls.cpp:162]   --->   Operation 1567 'add' 'add_ln162_22' <Predicate = true> <Delay = 2.10> <CoreInst = "Adder">   --->   Core 1 'Adder' <Latency = 0> <II = 1> <Delay = 2.10> <FuncUnit> <Opcode : 'add' 'sub'> <InPorts = 2> <OutPorts = 1>
ST_6 : Operation 1568 [1/1] (0.00ns)   --->   "%sext_ln162_129 = sext i18 %add_ln162_22" [cnn_hls.cpp:162]   --->   Operation 1568 'sext' 'sext_ln162_129' <Predicate = true> <Delay = 0.00>
ST_6 : Operation 1569 [1/1] (0.00ns)   --->   "%sext_ln162_138 = sext i18 %add_ln162_33" [cnn_hls.cpp:162]   --->   Operation 1569 'sext' 'sext_ln162_138' <Predicate = true> <Delay = 0.00>
ST_6 : Operation 1570 [1/1] (0.00ns)   --->   "%sext_ln162_146 = sext i18 %add_ln162_44" [cnn_hls.cpp:162]   --->   Operation 1570 'sext' 'sext_ln162_146' <Predicate = true> <Delay = 0.00>
ST_6 : Operation 1571 [1/1] (2.13ns)   --->   "%add_ln162_45 = add i19 %sext_ln162_146, i19 %sext_ln162_138" [cnn_hls.cpp:162]   --->   Operation 1571 'add' 'add_ln162_45' <Predicate = true> <Delay = 2.13> <CoreInst = "Adder">   --->   Core 1 'Adder' <Latency = 0> <II = 1> <Delay = 2.13> <FuncUnit> <Opcode : 'add' 'sub'> <InPorts = 2> <OutPorts = 1>
ST_6 : Operation 1572 [1/1] (0.00ns)   --->   "%sext_ln162_147 = sext i19 %add_ln162_45" [cnn_hls.cpp:162]   --->   Operation 1572 'sext' 'sext_ln162_147' <Predicate = true> <Delay = 0.00>
ST_6 : Operation 1573 [1/1] (0.00ns) (grouped into TernaryAdder)   --->   "%add_ln162_46 = add i20 %sext_ln162_147, i20 %sext_ln162_129" [cnn_hls.cpp:162]   --->   Operation 1573 'add' 'add_ln162_46' <Predicate = true> <Delay = 0.00> <CoreInst = "TAddSub">   --->   Core 10 'TAddSub' <Latency = 0> <II = 1> <Delay = 1.99> <IPBlock> <Opcode : 'add' 'sub'> <InPorts = 3> <OutPorts = 1> <Sync> <CReg>
ST_6 : Operation 1574 [1/1] (0.00ns)   --->   "%sext_ln162_177 = sext i19 %add_ln162_93" [cnn_hls.cpp:162]   --->   Operation 1574 'sext' 'sext_ln162_177' <Predicate = true> <Delay = 0.00>
ST_6 : Operation 1575 [1/1] (4.02ns) (root node of TernaryAdder)   --->   "%add_ln162_94 = add i20 %sext_ln162_177, i20 %add_ln162_46" [cnn_hls.cpp:162]   --->   Operation 1575 'add' 'add_ln162_94' <Predicate = true> <Delay = 4.02> <CoreInst = "TAddSub">   --->   Core 10 'TAddSub' <Latency = 0> <II = 1> <Delay = 1.99> <IPBlock> <Opcode : 'add' 'sub'> <InPorts = 3> <OutPorts = 1> <Sync> <CReg>
ST_6 : Operation 1576 [1/1] (0.00ns)   --->   "%sext_ln162_178 = sext i20 %add_ln162_94" [cnn_hls.cpp:162]   --->   Operation 1576 'sext' 'sext_ln162_178' <Predicate = true> <Delay = 0.00>
ST_6 : Operation 1577 [1/1] (0.00ns)   --->   "%sext_ln162_190 = sext i18 %add_ln162_117" [cnn_hls.cpp:162]   --->   Operation 1577 'sext' 'sext_ln162_190' <Predicate = true> <Delay = 0.00>
ST_6 : Operation 1578 [1/1] (0.00ns)   --->   "%sext_ln162_196 = sext i17 %add_ln162_128" [cnn_hls.cpp:162]   --->   Operation 1578 'sext' 'sext_ln162_196' <Predicate = true> <Delay = 0.00>
ST_6 : Operation 1579 [1/1] (0.00ns)   --->   "%sext_ln162_205 = sext i17 %add_ln162_139" [cnn_hls.cpp:162]   --->   Operation 1579 'sext' 'sext_ln162_205' <Predicate = true> <Delay = 0.00>
ST_6 : Operation 1580 [1/1] (2.10ns)   --->   "%add_ln162_140 = add i18 %sext_ln162_205, i18 %sext_ln162_196" [cnn_hls.cpp:162]   --->   Operation 1580 'add' 'add_ln162_140' <Predicate = true> <Delay = 2.10> <CoreInst = "Adder">   --->   Core 1 'Adder' <Latency = 0> <II = 1> <Delay = 2.10> <FuncUnit> <Opcode : 'add' 'sub'> <InPorts = 2> <OutPorts = 1>
ST_6 : Operation 1581 [1/1] (0.00ns)   --->   "%sext_ln162_206 = sext i18 %add_ln162_140" [cnn_hls.cpp:162]   --->   Operation 1581 'sext' 'sext_ln162_206' <Predicate = true> <Delay = 0.00>
ST_6 : Operation 1582 [1/1] (2.13ns)   --->   "%add_ln162_141 = add i19 %sext_ln162_206, i19 %sext_ln162_190" [cnn_hls.cpp:162]   --->   Operation 1582 'add' 'add_ln162_141' <Predicate = true> <Delay = 2.13> <CoreInst = "Adder">   --->   Core 1 'Adder' <Latency = 0> <II = 1> <Delay = 2.13> <FuncUnit> <Opcode : 'add' 'sub'> <InPorts = 2> <OutPorts = 1>
ST_6 : Operation 1583 [1/1] (0.00ns)   --->   "%sext_ln162_207 = sext i19 %add_ln162_141" [cnn_hls.cpp:162]   --->   Operation 1583 'sext' 'sext_ln162_207' <Predicate = true> <Delay = 0.00>
ST_6 : Operation 1584 [1/1] (0.00ns)   --->   "%sext_ln162_239 = sext i19 %add_ln162_188" [cnn_hls.cpp:162]   --->   Operation 1584 'sext' 'sext_ln162_239' <Predicate = true> <Delay = 0.00>
ST_6 : Operation 1585 [1/1] (2.16ns)   --->   "%add_ln162_189 = add i20 %sext_ln162_239, i20 %sext_ln162_207" [cnn_hls.cpp:162]   --->   Operation 1585 'add' 'add_ln162_189' <Predicate = true> <Delay = 2.16> <CoreInst = "Adder">   --->   Core 1 'Adder' <Latency = 0> <II = 1> <Delay = 2.16> <FuncUnit> <Opcode : 'add' 'sub'> <InPorts = 2> <OutPorts = 1>
ST_6 : Operation 1586 [1/1] (0.00ns)   --->   "%sext_ln162_240 = sext i20 %add_ln162_189" [cnn_hls.cpp:162]   --->   Operation 1586 'sext' 'sext_ln162_240' <Predicate = true> <Delay = 0.00>
ST_6 : Operation 1587 [1/1] (2.19ns)   --->   "%acc = add i21 %sext_ln162_240, i21 %sext_ln162_178" [cnn_hls.cpp:162]   --->   Operation 1587 'add' 'acc' <Predicate = true> <Delay = 2.19> <CoreInst = "Adder">   --->   Core 1 'Adder' <Latency = 0> <II = 1> <Delay = 2.19> <FuncUnit> <Opcode : 'add' 'sub'> <InPorts = 2> <OutPorts = 1>

State 7 <SV = 6> <Delay = 12.1>
ST_7 : Operation 1588 [1/1] (0.00ns)   --->   "%sext_ln26 = sext i21 %acc" [cnn_hls.cpp:26->cnn_hls.cpp:165]   --->   Operation 1588 'sext' 'sext_ln26' <Predicate = true> <Delay = 0.00>
ST_7 : Operation 1589 [1/1] (0.73ns)   --->   "%select_ln26 = select i1 %icmp_ln158, i51 993988979, i51 1011030417" [cnn_hls.cpp:26->cnn_hls.cpp:165]   --->   Operation 1589 'select' 'select_ln26' <Predicate = true> <Delay = 0.73> <CoreInst = "Sel">   --->   Core 73 'Sel' <Latency = 0> <II = 1> <Delay = 0.73> <FuncUnit> <Opcode : 'select'> <InPorts = 3> <OutPorts = 1>
ST_7 : Operation 1590 [1/1] (8.24ns)   --->   "%acc64 = mul i51 %select_ln26, i51 %sext_ln26" [cnn_hls.cpp:26->cnn_hls.cpp:165]   --->   Operation 1590 'mul' 'acc64' <Predicate = true> <Delay = 8.24> <CoreInst = "Multiplier">   --->   Core 3 'Multiplier' <Latency = 0> <II = 1> <Delay = 8.24> <FuncUnit> <Opcode : 'mul'> <InPorts = 2> <OutPorts = 1>
ST_7 : Operation 1591 [1/1] (3.18ns)   --->   "%acc64_3 = add i51 %acc64, i51 274877906944" [cnn_hls.cpp:29->cnn_hls.cpp:165]   --->   Operation 1591 'add' 'acc64_3' <Predicate = true> <Delay = 3.18> <CoreInst = "Adder">   --->   Core 1 'Adder' <Latency = 0> <II = 1> <Delay = 3.18> <FuncUnit> <Opcode : 'add' 'sub'> <InPorts = 2> <OutPorts = 1>
ST_7 : Operation 1592 [1/1] (0.00ns)   --->   "%tmp_25 = partselect i12 @_ssdm_op_PartSelect.i12.i51.i32.i32, i51 %acc64_3, i32 39, i32 50" [cnn_hls.cpp:32->cnn_hls.cpp:165]   --->   Operation 1592 'partselect' 'tmp_25' <Predicate = true> <Delay = 0.00>

State 8 <SV = 7> <Delay = 4.66>
ST_8 : Operation 1593 [1/1] (0.00ns)   --->   "%sext_ln33 = sext i12 %tmp_25" [cnn_hls.cpp:33->cnn_hls.cpp:165]   --->   Operation 1593 'sext' 'sext_ln33' <Predicate = true> <Delay = 0.00>
ST_8 : Operation 1594 [1/1] (1.54ns)   --->   "%res = add i14 %sext_ln33, i14 16264" [cnn_hls.cpp:33->cnn_hls.cpp:165]   --->   Operation 1594 'add' 'res' <Predicate = true> <Delay = 1.54> <CoreInst = "Adder">   --->   Core 1 'Adder' <Latency = 0> <II = 1> <Delay = 1.54> <FuncUnit> <Opcode : 'add' 'sub'> <InPorts = 2> <OutPorts = 1>
ST_8 : Operation 1595 [1/1] (0.00ns)   --->   "%tmp_26 = partselect i7 @_ssdm_op_PartSelect.i7.i14.i32.i32, i14 %res, i32 7, i32 13" [cnn_hls.cpp:36->cnn_hls.cpp:165]   --->   Operation 1595 'partselect' 'tmp_26' <Predicate = true> <Delay = 0.00>
ST_8 : Operation 1596 [1/1] (1.87ns)   --->   "%icmp_ln36 = icmp_sgt  i7 %tmp_26, i7 0" [cnn_hls.cpp:36->cnn_hls.cpp:165]   --->   Operation 1596 'icmp' 'icmp_ln36' <Predicate = true> <Delay = 1.87> <CoreInst = "Cmp">   --->   Core 9 'Cmp' <Latency = 0> <II = 1> <Delay = 1.87> <FuncUnit> <Opcode : 'seteq' 'setne' 'setle' 'setge' 'setlt' 'setgt'> <InPorts = 2> <OutPorts = 1>
ST_8 : Operation 1597 [1/1] (1.67ns)   --->   "%icmp_ln37 = icmp_slt  i14 %res, i14 16256" [cnn_hls.cpp:37->cnn_hls.cpp:165]   --->   Operation 1597 'icmp' 'icmp_ln37' <Predicate = true> <Delay = 1.67> <CoreInst = "Cmp">   --->   Core 9 'Cmp' <Latency = 0> <II = 1> <Delay = 1.67> <FuncUnit> <Opcode : 'seteq' 'setne' 'setle' 'setge' 'setlt' 'setgt'> <InPorts = 2> <OutPorts = 1>
ST_8 : Operation 1598 [1/1] (0.00ns) (grouped into LUT with out node select_ln36)   --->   "%trunc_ln38 = trunc i14 %res" [cnn_hls.cpp:38->cnn_hls.cpp:165]   --->   Operation 1598 'trunc' 'trunc_ln38' <Predicate = true> <Delay = 0.00>
ST_8 : Operation 1599 [1/1] (0.00ns) (grouped into LUT with out node select_ln36)   --->   "%select_ln36_1 = select i1 %icmp_ln36, i8 127, i8 128" [cnn_hls.cpp:36->cnn_hls.cpp:165]   --->   Operation 1599 'select' 'select_ln36_1' <Predicate = true> <Delay = 0.00> <CoreInst = "Sel">   --->   Core 73 'Sel' <Latency = 0> <II = 1> <Delay = 1.24> <FuncUnit> <Opcode : 'select'> <InPorts = 3> <OutPorts = 1>
ST_8 : Operation 1600 [1/1] (0.00ns) (grouped into LUT with out node select_ln36)   --->   "%or_ln36 = or i1 %icmp_ln36, i1 %icmp_ln37" [cnn_hls.cpp:36->cnn_hls.cpp:165]   --->   Operation 1600 'or' 'or_ln36' <Predicate = true> <Delay = 0.00> <CoreInst = "LogicGate">   --->   Core 74 'LogicGate' <Latency = 0> <II = 1> <Delay = 0.97> <FuncUnit> <Opcode : 'and' 'or' 'xor'> <InPorts = 2> <OutPorts = 1>
ST_8 : Operation 1601 [1/1] (1.24ns) (out node of the LUT)   --->   "%select_ln36 = select i1 %or_ln36, i8 %select_ln36_1, i8 %trunc_ln38" [cnn_hls.cpp:36->cnn_hls.cpp:165]   --->   Operation 1601 'select' 'select_ln36' <Predicate = true> <Delay = 1.24> <CoreInst = "Sel">   --->   Core 73 'Sel' <Latency = 0> <II = 1> <Delay = 1.24> <FuncUnit> <Opcode : 'select'> <InPorts = 3> <OutPorts = 1>
ST_8 : Operation 1608 [1/1] (1.58ns)   --->   "%ret_ln0 = ret"   --->   Operation 1608 'ret' 'ret_ln0' <Predicate = (icmp_ln156)> <Delay = 1.58>

State 9 <SV = 8> <Delay = 14.6>
ST_9 : Operation 1602 [1/1] (0.00ns)   --->   "%DATA_OUT_addr = getelementptr i8 %DATA_OUT, i64 %output_logits_read" [cnn_hls.cpp:156]   --->   Operation 1602 'getelementptr' 'DATA_OUT_addr' <Predicate = true> <Delay = 0.00>
ST_9 : Operation 1603 [1/1] (0.00ns)   --->   "%specpipeline_ln157 = specpipeline void @_ssdm_op_SpecPipeline, i32 1, i32 0, i32 0, i32 0, i32 4294967295, void @empty_4" [cnn_hls.cpp:157]   --->   Operation 1603 'specpipeline' 'specpipeline_ln157' <Predicate = true> <Delay = 0.00>
ST_9 : Operation 1604 [1/1] (0.00ns)   --->   "%speclooptripcount_ln156 = speclooptripcount void @_ssdm_op_SpecLoopTripCount, i64 2, i64 2, i64 2" [cnn_hls.cpp:156]   --->   Operation 1604 'speclooptripcount' 'speclooptripcount_ln156' <Predicate = true> <Delay = 0.00>
ST_9 : Operation 1605 [1/1] (0.00ns)   --->   "%specloopname_ln156 = specloopname void @_ssdm_op_SpecLoopName, void @empty_6" [cnn_hls.cpp:156]   --->   Operation 1605 'specloopname' 'specloopname_ln156' <Predicate = true> <Delay = 0.00>
ST_9 : Operation 1606 [1/1] ( I:14.6ns O:14.6ns )   --->   "%write_ln165 = write void @_ssdm_op_Write.m_axi.p1i8.i8, i8 %DATA_OUT_addr, i8 %select_ln36, i1 1" [cnn_hls.cpp:165]   --->   Operation 1606 'write' 'write_ln165' <Predicate = true> <Delay = 14.6> <CoreInst = "m_axi">   --->   Core 111 'm_axi' <Latency = 5> <II = 1> <Delay = 1.00> <Adapter> <Opcode : 'readrequnaligned' 'writerequnaligned' 'read' 'write' 'readreq' 'writereq' 'writeresp'>
ST_9 : Operation 1607 [1/1] (0.00ns)   --->   "%br_ln156 = br void %VITIS_LOOP_160_16" [cnn_hls.cpp:156]   --->   Operation 1607 'br' 'br_ln156' <Predicate = true> <Delay = 0.00>


============================================================
+ Verbose Summary: Timing violations
============================================================
Target clock period: 20.000ns, clock uncertainty: 5.400ns.

 <State 1>: 5.451ns
The critical path consists of the following:
	'store' operation ('store_ln156', cnn_hls.cpp:156) of constant 0 2 bit on local variable 'out_class', cnn_hls.cpp:156 [601]  (1.588 ns)
	'load' operation 2 bit ('out_class', cnn_hls.cpp:156) on local variable 'out_class', cnn_hls.cpp:156 [604]  (0.000 ns)
	'icmp' operation 1 bit ('icmp_ln158', cnn_hls.cpp:158) [614]  (1.565 ns)
	'select' operation 15 bit ('select_ln161_106', cnn_hls.cpp:161) [721]  (1.248 ns)
	'mul' operation 15 bit of DSP[1407] ('mul_ln162_5', cnn_hls.cpp:162) [787]  (1.050 ns)

 <State 2>: 2.298ns
The critical path consists of the following:
	'select' operation 15 bit ('select_ln161_110', cnn_hls.cpp:161) [725]  (1.248 ns)
	'mul' operation 15 bit of DSP[1417] ('mul_ln162', cnn_hls.cpp:162) [776]  (1.050 ns)

 <State 3>: 8.645ns
The critical path consists of the following:
	'select' operation 13 bit ('select_ln161_2', cnn_hls.cpp:161) [617]  (0.993 ns)
	'mul' operation 13 bit ('mul_ln162_123', cnn_hls.cpp:162) [1055]  (3.740 ns)
	'add' operation 14 bit ('add_ln162_2', cnn_hls.cpp:162) [1211]  (1.812 ns)
	'add' operation 15 bit of DSP[1213] ('add_ln162_3', cnn_hls.cpp:162) [1213]  (2.100 ns)

 <State 4>: 12.974ns
The critical path consists of the following:
	'select' operation 14 bit ('select_ln161_47', cnn_hls.cpp:161) [662]  (1.248 ns)
	'mul' operation 14 bit ('mul_ln162_70', cnn_hls.cpp:162) [932]  (4.170 ns)
	'add' operation 14 bit ('add_ln162_54', cnn_hls.cpp:162) [1299]  (1.812 ns)
	'add' operation 16 bit ('add_ln162_55', cnn_hls.cpp:162) [1301]  (1.812 ns)
	'add' operation 17 bit ('add_ln162_56', cnn_hls.cpp:162) [1303]  (3.932 ns)

 <State 5>: 14.442ns
The critical path consists of the following:
	'mul' operation 14 bit ('mul_ln162_212', cnn_hls.cpp:162) [1091]  (3.740 ns)
	'select' operation 14 bit ('select_ln162_24', cnn_hls.cpp:162) [1093]  (0.702 ns)
	'add' operation 16 bit ('add_ln162_179', cnn_hls.cpp:162) [1509]  (0.000 ns)
	'add' operation 16 bit ('add_ln162_180', cnn_hls.cpp:162) [1510]  (3.903 ns)
	'add' operation 18 bit ('add_ln162_186', cnn_hls.cpp:162) [1520]  (2.107 ns)
	'add' operation 19 bit ('add_ln162_187', cnn_hls.cpp:162) [1522]  (0.000 ns)
	'add' operation 19 bit ('add_ln162_188', cnn_hls.cpp:162) [1523]  (3.991 ns)

 <State 6>: 8.605ns
The critical path consists of the following:
	'add' operation 18 bit ('add_ln162_140', cnn_hls.cpp:162) [1442]  (2.107 ns)
	'add' operation 19 bit ('add_ln162_141', cnn_hls.cpp:162) [1444]  (2.136 ns)
	'add' operation 20 bit ('add_ln162_189', cnn_hls.cpp:162) [1525]  (2.166 ns)
	'add' operation 21 bit ('acc', cnn_hls.cpp:162) [1527]  (2.196 ns)

 <State 7>: 12.162ns
The critical path consists of the following:
	'select' operation 51 bit ('select_ln26', cnn_hls.cpp:26->cnn_hls.cpp:165) [1529]  (0.733 ns)
	'mul' operation 51 bit ('acc64', cnn_hls.cpp:26->cnn_hls.cpp:165) [1530]  (8.244 ns)
	'add' operation 51 bit ('acc64', cnn_hls.cpp:29->cnn_hls.cpp:165) [1531]  (3.185 ns)

 <State 8>: 4.665ns
The critical path consists of the following:
	'add' operation 14 bit ('res', cnn_hls.cpp:33->cnn_hls.cpp:165) [1534]  (1.547 ns)
	'icmp' operation 1 bit ('icmp_ln36', cnn_hls.cpp:36->cnn_hls.cpp:165) [1536]  (1.870 ns)
	'select' operation 8 bit ('select_ln36_1', cnn_hls.cpp:36->cnn_hls.cpp:165) [1539]  (0.000 ns)
	'select' operation 8 bit ('select_ln36', cnn_hls.cpp:36->cnn_hls.cpp:165) [1541]  (1.248 ns)

 <State 9>: 14.600ns
The critical path consists of the following:
	'getelementptr' operation 8 bit ('DATA_OUT_addr', cnn_hls.cpp:156) [610]  (0.000 ns)
	bus write operation ('write_ln165', cnn_hls.cpp:165) on port 'DATA_OUT' (cnn_hls.cpp:165) [1542]  (14.600 ns)


============================================================
+ Verbose Summary: Binding
============================================================
N/A
* FSMD analyzer results:
  - Output states:
 - Input state : 
  - Chain level:
	State 1
	State 2
	State 3
	State 4
	State 5
	State 6
	State 7
	State 8
	State 9


============================================================
+ Verbose Summary: Datapath Resource usage 
============================================================
N/A
