

================================================================
== Vitis HLS Report for 'tiny_ecg_inference_Pipeline_VITIS_LOOP_167_15'
================================================================
* Date:           Thu Sep 24 13:05:01 2026

* Version:        2026.1 (Build 6493734 on Jun 16 2026)
* Project:        solution1
* Solution:       hls
* Product family: zynq
* Target device:  xc7z020-clg484-1


================================================================
== Performance Estimates
================================================================
+ Timing: 
    * Summary: 
    +--------+----------+----------+------------+
    |  Clock |  Target  | Estimated| Uncertainty|
    +--------+----------+----------+------------+
    |ap_clk  |  10.00 ns|  7.263 ns|     2.70 ns|
    +--------+----------+----------+------------+

+ Latency: 
    * Summary: 
    +---------+---------+----------+----------+-----+-----+-------------------+
    |  Latency (cycles) |  Latency (absolute) |  Interval |      Pipeline     |
    |   min   |   max   |    min   |    max   | min | max |        Type       |
    +---------+---------+----------+----------+-----+-----+-------------------+
    |       15|       15|  0.150 us|  0.150 us|    0|    0|  loop pipeline stp|
    +---------+---------+----------+----------+-----+-----+-------------------+

    + Detail: 
        * Instance: 
        N/A

        * Loop: 
        +---------------------+---------+---------+----------+-----------+-----------+------+----------+
        |                     |  Latency (cycles) | Iteration|  Initiation Interval  | Trip |          |
        |      Loop Name      |   min   |   max   |  Latency |  achieved |   target  | Count| Pipelined|
        +---------------------+---------+---------+----------+-----------+-----------+------+----------+
        |- VITIS_LOOP_167_15  |       13|       13|        13|          1|          1|     2|       yes|
        +---------------------+---------+---------+----------+-----------+-----------+------+----------+

============================================================
+ Verbose Summary: Synthesis Manager
============================================================
InlineROM: 1
ExposeGlobal: 0
============================================================
+ Verbose Summary: CDFG Model
============================================================
IsTopModel: 0
ResetActiveHigh: 1
IsCombinational: 0
IsDatapathOnly: 0
HasWiredReturn: 1
HasMFsm: 2
HasVarLatency: 1
IsPipeline: 0
IsRtlPipelined: 0
IsInstanceOverlapped: 0
IsDontTouch: 0
HasImplIP: 0
IsGatedGlobalClock: 0

+ Individual pipeline summary: 
  * Pipeline-0: initiation interval (II) = 1, depth = 13


============================================================
+ Verbose Summary: Schedule
============================================================
* Number of FSM states : 13
* Pipeline : 1
  Pipeline-0 : II = 1, D = 13, States = { 1 2 3 4 5 6 7 8 9 10 11 12 13 }
* Dataflow Pipeline: 0

* FSM state transitions: 
1 --> 2 
2 --> 3 
3 --> 4 
4 --> 5 
5 --> 6 
6 --> 7 
7 --> 8 
8 --> 9 
9 --> 10 
10 --> 11 
11 --> 12 
12 --> 13 
13 --> 

* FSM state operations: 

State 1 <SV = 0> <Delay = 5.45>
ST_1 : Operation 16 [1/1] (0.00ns)   --->   "%out_class = alloca i32 1" [../cnn_hls.cpp:167]   --->   Operation 16 'alloca' 'out_class' <Predicate = true> <Delay = 0.00>
ST_1 : Operation 17 [1/1] (0.00ns)   --->   "%zext_ln173_64_read = read i8 @_ssdm_op_Read.ap_auto.i8, i8 %zext_ln173_64"   --->   Operation 17 'read' 'zext_ln173_64_read' <Predicate = true> <Delay = 0.00>
ST_1 : Operation 18 [1/1] (0.00ns)   --->   "%zext_ln173_191_read = read i8 @_ssdm_op_Read.ap_auto.i8, i8 %zext_ln173_191"   --->   Operation 18 'read' 'zext_ln173_191_read' <Predicate = true> <Delay = 0.00>
ST_1 : Operation 19 [1/1] (0.00ns)   --->   "%zext_ln173_129_read = read i8 @_ssdm_op_Read.ap_auto.i8, i8 %zext_ln173_129"   --->   Operation 19 'read' 'zext_ln173_129_read' <Predicate = true> <Delay = 0.00>
ST_1 : Operation 20 [1/1] (0.00ns)   --->   "%zext_ln173_130_read = read i8 @_ssdm_op_Read.ap_auto.i8, i8 %zext_ln173_130"   --->   Operation 20 'read' 'zext_ln173_130_read' <Predicate = true> <Delay = 0.00>
ST_1 : Operation 21 [1/1] (0.00ns)   --->   "%zext_ln173_131_read = read i8 @_ssdm_op_Read.ap_auto.i8, i8 %zext_ln173_131"   --->   Operation 21 'read' 'zext_ln173_131_read' <Predicate = true> <Delay = 0.00>
ST_1 : Operation 22 [1/1] (0.00ns)   --->   "%zext_ln173_132_read = read i8 @_ssdm_op_Read.ap_auto.i8, i8 %zext_ln173_132"   --->   Operation 22 'read' 'zext_ln173_132_read' <Predicate = true> <Delay = 0.00>
ST_1 : Operation 23 [1/1] (0.00ns)   --->   "%zext_ln173_133_read = read i8 @_ssdm_op_Read.ap_auto.i8, i8 %zext_ln173_133"   --->   Operation 23 'read' 'zext_ln173_133_read' <Predicate = true> <Delay = 0.00>
ST_1 : Operation 24 [1/1] (0.00ns)   --->   "%zext_ln173_134_read = read i8 @_ssdm_op_Read.ap_auto.i8, i8 %zext_ln173_134"   --->   Operation 24 'read' 'zext_ln173_134_read' <Predicate = true> <Delay = 0.00>
ST_1 : Operation 25 [1/1] (0.00ns)   --->   "%zext_ln173_135_read = read i8 @_ssdm_op_Read.ap_auto.i8, i8 %zext_ln173_135"   --->   Operation 25 'read' 'zext_ln173_135_read' <Predicate = true> <Delay = 0.00>
ST_1 : Operation 26 [1/1] (0.00ns)   --->   "%zext_ln173_136_read = read i8 @_ssdm_op_Read.ap_auto.i8, i8 %zext_ln173_136"   --->   Operation 26 'read' 'zext_ln173_136_read' <Predicate = true> <Delay = 0.00>
ST_1 : Operation 27 [1/1] (0.00ns)   --->   "%zext_ln173_137_read = read i8 @_ssdm_op_Read.ap_auto.i8, i8 %zext_ln173_137"   --->   Operation 27 'read' 'zext_ln173_137_read' <Predicate = true> <Delay = 0.00>
ST_1 : Operation 28 [1/1] (0.00ns)   --->   "%zext_ln173_138_read = read i8 @_ssdm_op_Read.ap_auto.i8, i8 %zext_ln173_138"   --->   Operation 28 'read' 'zext_ln173_138_read' <Predicate = true> <Delay = 0.00>
ST_1 : Operation 29 [1/1] (0.00ns)   --->   "%zext_ln173_139_read = read i8 @_ssdm_op_Read.ap_auto.i8, i8 %zext_ln173_139"   --->   Operation 29 'read' 'zext_ln173_139_read' <Predicate = true> <Delay = 0.00>
ST_1 : Operation 30 [1/1] (0.00ns)   --->   "%zext_ln173_140_read = read i8 @_ssdm_op_Read.ap_auto.i8, i8 %zext_ln173_140"   --->   Operation 30 'read' 'zext_ln173_140_read' <Predicate = true> <Delay = 0.00>
ST_1 : Operation 31 [1/1] (0.00ns)   --->   "%zext_ln173_141_read = read i8 @_ssdm_op_Read.ap_auto.i8, i8 %zext_ln173_141"   --->   Operation 31 'read' 'zext_ln173_141_read' <Predicate = true> <Delay = 0.00>
ST_1 : Operation 32 [1/1] (0.00ns)   --->   "%zext_ln173_142_read = read i8 @_ssdm_op_Read.ap_auto.i8, i8 %zext_ln173_142"   --->   Operation 32 'read' 'zext_ln173_142_read' <Predicate = true> <Delay = 0.00>
ST_1 : Operation 33 [1/1] (0.00ns)   --->   "%zext_ln173_143_read = read i8 @_ssdm_op_Read.ap_auto.i8, i8 %zext_ln173_143"   --->   Operation 33 'read' 'zext_ln173_143_read' <Predicate = true> <Delay = 0.00>
ST_1 : Operation 34 [1/1] (0.00ns)   --->   "%x_525_read = read i8 @_ssdm_op_Read.ap_auto.i8, i8 %x_525"   --->   Operation 34 'read' 'x_525_read' <Predicate = true> <Delay = 0.00>
ST_1 : Operation 35 [1/1] (0.00ns)   --->   "%zext_ln173_144_read = read i8 @_ssdm_op_Read.ap_auto.i8, i8 %zext_ln173_144"   --->   Operation 35 'read' 'zext_ln173_144_read' <Predicate = true> <Delay = 0.00>
ST_1 : Operation 36 [1/1] (0.00ns)   --->   "%zext_ln173_145_read = read i8 @_ssdm_op_Read.ap_auto.i8, i8 %zext_ln173_145"   --->   Operation 36 'read' 'zext_ln173_145_read' <Predicate = true> <Delay = 0.00>
ST_1 : Operation 37 [1/1] (0.00ns)   --->   "%zext_ln173_146_read = read i8 @_ssdm_op_Read.ap_auto.i8, i8 %zext_ln173_146"   --->   Operation 37 'read' 'zext_ln173_146_read' <Predicate = true> <Delay = 0.00>
ST_1 : Operation 38 [1/1] (0.00ns)   --->   "%zext_ln173_147_read = read i8 @_ssdm_op_Read.ap_auto.i8, i8 %zext_ln173_147"   --->   Operation 38 'read' 'zext_ln173_147_read' <Predicate = true> <Delay = 0.00>
ST_1 : Operation 39 [1/1] (0.00ns)   --->   "%x_529_read = read i8 @_ssdm_op_Read.ap_auto.i8, i8 %x_529"   --->   Operation 39 'read' 'x_529_read' <Predicate = true> <Delay = 0.00>
ST_1 : Operation 40 [1/1] (0.00ns)   --->   "%zext_ln173_148_read = read i8 @_ssdm_op_Read.ap_auto.i8, i8 %zext_ln173_148"   --->   Operation 40 'read' 'zext_ln173_148_read' <Predicate = true> <Delay = 0.00>
ST_1 : Operation 41 [1/1] (0.00ns)   --->   "%zext_ln173_149_read = read i8 @_ssdm_op_Read.ap_auto.i8, i8 %zext_ln173_149"   --->   Operation 41 'read' 'zext_ln173_149_read' <Predicate = true> <Delay = 0.00>
ST_1 : Operation 42 [1/1] (0.00ns)   --->   "%zext_ln173_150_read = read i8 @_ssdm_op_Read.ap_auto.i8, i8 %zext_ln173_150"   --->   Operation 42 'read' 'zext_ln173_150_read' <Predicate = true> <Delay = 0.00>
ST_1 : Operation 43 [1/1] (0.00ns)   --->   "%zext_ln173_151_read = read i8 @_ssdm_op_Read.ap_auto.i8, i8 %zext_ln173_151"   --->   Operation 43 'read' 'zext_ln173_151_read' <Predicate = true> <Delay = 0.00>
ST_1 : Operation 44 [1/1] (0.00ns)   --->   "%zext_ln173_152_read = read i8 @_ssdm_op_Read.ap_auto.i8, i8 %zext_ln173_152"   --->   Operation 44 'read' 'zext_ln173_152_read' <Predicate = true> <Delay = 0.00>
ST_1 : Operation 45 [1/1] (0.00ns)   --->   "%zext_ln173_153_read = read i8 @_ssdm_op_Read.ap_auto.i8, i8 %zext_ln173_153"   --->   Operation 45 'read' 'zext_ln173_153_read' <Predicate = true> <Delay = 0.00>
ST_1 : Operation 46 [1/1] (0.00ns)   --->   "%zext_ln173_154_read = read i8 @_ssdm_op_Read.ap_auto.i8, i8 %zext_ln173_154"   --->   Operation 46 'read' 'zext_ln173_154_read' <Predicate = true> <Delay = 0.00>
ST_1 : Operation 47 [1/1] (0.00ns)   --->   "%zext_ln173_155_read = read i8 @_ssdm_op_Read.ap_auto.i8, i8 %zext_ln173_155"   --->   Operation 47 'read' 'zext_ln173_155_read' <Predicate = true> <Delay = 0.00>
ST_1 : Operation 48 [1/1] (0.00ns)   --->   "%zext_ln173_156_read = read i8 @_ssdm_op_Read.ap_auto.i8, i8 %zext_ln173_156"   --->   Operation 48 'read' 'zext_ln173_156_read' <Predicate = true> <Delay = 0.00>
ST_1 : Operation 49 [1/1] (0.00ns)   --->   "%zext_ln173_157_read = read i8 @_ssdm_op_Read.ap_auto.i8, i8 %zext_ln173_157"   --->   Operation 49 'read' 'zext_ln173_157_read' <Predicate = true> <Delay = 0.00>
ST_1 : Operation 50 [1/1] (0.00ns)   --->   "%zext_ln173_158_read = read i8 @_ssdm_op_Read.ap_auto.i8, i8 %zext_ln173_158"   --->   Operation 50 'read' 'zext_ln173_158_read' <Predicate = true> <Delay = 0.00>
ST_1 : Operation 51 [1/1] (0.00ns)   --->   "%zext_ln173_159_read = read i8 @_ssdm_op_Read.ap_auto.i8, i8 %zext_ln173_159"   --->   Operation 51 'read' 'zext_ln173_159_read' <Predicate = true> <Delay = 0.00>
ST_1 : Operation 52 [1/1] (0.00ns)   --->   "%zext_ln173_160_read = read i8 @_ssdm_op_Read.ap_auto.i8, i8 %zext_ln173_160"   --->   Operation 52 'read' 'zext_ln173_160_read' <Predicate = true> <Delay = 0.00>
ST_1 : Operation 53 [1/1] (0.00ns)   --->   "%zext_ln173_161_read = read i8 @_ssdm_op_Read.ap_auto.i8, i8 %zext_ln173_161"   --->   Operation 53 'read' 'zext_ln173_161_read' <Predicate = true> <Delay = 0.00>
ST_1 : Operation 54 [1/1] (0.00ns)   --->   "%zext_ln173_162_read = read i8 @_ssdm_op_Read.ap_auto.i8, i8 %zext_ln173_162"   --->   Operation 54 'read' 'zext_ln173_162_read' <Predicate = true> <Delay = 0.00>
ST_1 : Operation 55 [1/1] (0.00ns)   --->   "%zext_ln173_163_read = read i8 @_ssdm_op_Read.ap_auto.i8, i8 %zext_ln173_163"   --->   Operation 55 'read' 'zext_ln173_163_read' <Predicate = true> <Delay = 0.00>
ST_1 : Operation 56 [1/1] (0.00ns)   --->   "%zext_ln173_164_read = read i8 @_ssdm_op_Read.ap_auto.i8, i8 %zext_ln173_164"   --->   Operation 56 'read' 'zext_ln173_164_read' <Predicate = true> <Delay = 0.00>
ST_1 : Operation 57 [1/1] (0.00ns)   --->   "%zext_ln173_165_read = read i8 @_ssdm_op_Read.ap_auto.i8, i8 %zext_ln173_165"   --->   Operation 57 'read' 'zext_ln173_165_read' <Predicate = true> <Delay = 0.00>
ST_1 : Operation 58 [1/1] (0.00ns)   --->   "%zext_ln173_166_read = read i8 @_ssdm_op_Read.ap_auto.i8, i8 %zext_ln173_166"   --->   Operation 58 'read' 'zext_ln173_166_read' <Predicate = true> <Delay = 0.00>
ST_1 : Operation 59 [1/1] (0.00ns)   --->   "%zext_ln173_167_read = read i8 @_ssdm_op_Read.ap_auto.i8, i8 %zext_ln173_167"   --->   Operation 59 'read' 'zext_ln173_167_read' <Predicate = true> <Delay = 0.00>
ST_1 : Operation 60 [1/1] (0.00ns)   --->   "%zext_ln173_168_read = read i8 @_ssdm_op_Read.ap_auto.i8, i8 %zext_ln173_168"   --->   Operation 60 'read' 'zext_ln173_168_read' <Predicate = true> <Delay = 0.00>
ST_1 : Operation 61 [1/1] (0.00ns)   --->   "%zext_ln173_169_read = read i8 @_ssdm_op_Read.ap_auto.i8, i8 %zext_ln173_169"   --->   Operation 61 'read' 'zext_ln173_169_read' <Predicate = true> <Delay = 0.00>
ST_1 : Operation 62 [1/1] (0.00ns)   --->   "%zext_ln173_170_read = read i8 @_ssdm_op_Read.ap_auto.i8, i8 %zext_ln173_170"   --->   Operation 62 'read' 'zext_ln173_170_read' <Predicate = true> <Delay = 0.00>
ST_1 : Operation 63 [1/1] (0.00ns)   --->   "%zext_ln173_171_read = read i8 @_ssdm_op_Read.ap_auto.i8, i8 %zext_ln173_171"   --->   Operation 63 'read' 'zext_ln173_171_read' <Predicate = true> <Delay = 0.00>
ST_1 : Operation 64 [1/1] (0.00ns)   --->   "%zext_ln173_172_read = read i8 @_ssdm_op_Read.ap_auto.i8, i8 %zext_ln173_172"   --->   Operation 64 'read' 'zext_ln173_172_read' <Predicate = true> <Delay = 0.00>
ST_1 : Operation 65 [1/1] (0.00ns)   --->   "%zext_ln173_173_read = read i8 @_ssdm_op_Read.ap_auto.i8, i8 %zext_ln173_173"   --->   Operation 65 'read' 'zext_ln173_173_read' <Predicate = true> <Delay = 0.00>
ST_1 : Operation 66 [1/1] (0.00ns)   --->   "%zext_ln173_174_read = read i8 @_ssdm_op_Read.ap_auto.i8, i8 %zext_ln173_174"   --->   Operation 66 'read' 'zext_ln173_174_read' <Predicate = true> <Delay = 0.00>
ST_1 : Operation 67 [1/1] (0.00ns)   --->   "%zext_ln173_175_read = read i8 @_ssdm_op_Read.ap_auto.i8, i8 %zext_ln173_175"   --->   Operation 67 'read' 'zext_ln173_175_read' <Predicate = true> <Delay = 0.00>
ST_1 : Operation 68 [1/1] (0.00ns)   --->   "%zext_ln173_176_read = read i8 @_ssdm_op_Read.ap_auto.i8, i8 %zext_ln173_176"   --->   Operation 68 'read' 'zext_ln173_176_read' <Predicate = true> <Delay = 0.00>
ST_1 : Operation 69 [1/1] (0.00ns)   --->   "%zext_ln173_177_read = read i8 @_ssdm_op_Read.ap_auto.i8, i8 %zext_ln173_177"   --->   Operation 69 'read' 'zext_ln173_177_read' <Predicate = true> <Delay = 0.00>
ST_1 : Operation 70 [1/1] (0.00ns)   --->   "%zext_ln173_178_read = read i8 @_ssdm_op_Read.ap_auto.i8, i8 %zext_ln173_178"   --->   Operation 70 'read' 'zext_ln173_178_read' <Predicate = true> <Delay = 0.00>
ST_1 : Operation 71 [1/1] (0.00ns)   --->   "%zext_ln173_179_read = read i8 @_ssdm_op_Read.ap_auto.i8, i8 %zext_ln173_179"   --->   Operation 71 'read' 'zext_ln173_179_read' <Predicate = true> <Delay = 0.00>
ST_1 : Operation 72 [1/1] (0.00ns)   --->   "%zext_ln173_180_read = read i8 @_ssdm_op_Read.ap_auto.i8, i8 %zext_ln173_180"   --->   Operation 72 'read' 'zext_ln173_180_read' <Predicate = true> <Delay = 0.00>
ST_1 : Operation 73 [1/1] (0.00ns)   --->   "%zext_ln173_181_read = read i8 @_ssdm_op_Read.ap_auto.i8, i8 %zext_ln173_181"   --->   Operation 73 'read' 'zext_ln173_181_read' <Predicate = true> <Delay = 0.00>
ST_1 : Operation 74 [1/1] (0.00ns)   --->   "%zext_ln173_182_read = read i8 @_ssdm_op_Read.ap_auto.i8, i8 %zext_ln173_182"   --->   Operation 74 'read' 'zext_ln173_182_read' <Predicate = true> <Delay = 0.00>
ST_1 : Operation 75 [1/1] (0.00ns)   --->   "%zext_ln173_183_read = read i8 @_ssdm_op_Read.ap_auto.i8, i8 %zext_ln173_183"   --->   Operation 75 'read' 'zext_ln173_183_read' <Predicate = true> <Delay = 0.00>
ST_1 : Operation 76 [1/1] (0.00ns)   --->   "%zext_ln173_184_read = read i8 @_ssdm_op_Read.ap_auto.i8, i8 %zext_ln173_184"   --->   Operation 76 'read' 'zext_ln173_184_read' <Predicate = true> <Delay = 0.00>
ST_1 : Operation 77 [1/1] (0.00ns)   --->   "%zext_ln173_185_read = read i8 @_ssdm_op_Read.ap_auto.i8, i8 %zext_ln173_185"   --->   Operation 77 'read' 'zext_ln173_185_read' <Predicate = true> <Delay = 0.00>
ST_1 : Operation 78 [1/1] (0.00ns)   --->   "%zext_ln173_186_read = read i8 @_ssdm_op_Read.ap_auto.i8, i8 %zext_ln173_186"   --->   Operation 78 'read' 'zext_ln173_186_read' <Predicate = true> <Delay = 0.00>
ST_1 : Operation 79 [1/1] (0.00ns)   --->   "%zext_ln173_187_read = read i8 @_ssdm_op_Read.ap_auto.i8, i8 %zext_ln173_187"   --->   Operation 79 'read' 'zext_ln173_187_read' <Predicate = true> <Delay = 0.00>
ST_1 : Operation 80 [1/1] (0.00ns)   --->   "%zext_ln173_188_read = read i8 @_ssdm_op_Read.ap_auto.i8, i8 %zext_ln173_188"   --->   Operation 80 'read' 'zext_ln173_188_read' <Predicate = true> <Delay = 0.00>
ST_1 : Operation 81 [1/1] (0.00ns)   --->   "%zext_ln173_189_read = read i8 @_ssdm_op_Read.ap_auto.i8, i8 %zext_ln173_189"   --->   Operation 81 'read' 'zext_ln173_189_read' <Predicate = true> <Delay = 0.00>
ST_1 : Operation 82 [1/1] (0.00ns)   --->   "%zext_ln173_190_read = read i8 @_ssdm_op_Read.ap_auto.i8, i8 %zext_ln173_190"   --->   Operation 82 'read' 'zext_ln173_190_read' <Predicate = true> <Delay = 0.00>
ST_1 : Operation 83 [1/1] (0.00ns)   --->   "%zext_ln167_read = read i8 @_ssdm_op_Read.ap_auto.i8, i8 %zext_ln167"   --->   Operation 83 'read' 'zext_ln167_read' <Predicate = true> <Delay = 0.00>
ST_1 : Operation 84 [1/1] (0.00ns)   --->   "%zext_ln173_read = read i8 @_ssdm_op_Read.ap_auto.i8, i8 %zext_ln173"   --->   Operation 84 'read' 'zext_ln173_read' <Predicate = true> <Delay = 0.00>
ST_1 : Operation 85 [1/1] (0.00ns)   --->   "%zext_ln173_1_read = read i8 @_ssdm_op_Read.ap_auto.i8, i8 %zext_ln173_1"   --->   Operation 85 'read' 'zext_ln173_1_read' <Predicate = true> <Delay = 0.00>
ST_1 : Operation 86 [1/1] (0.00ns)   --->   "%x_383_read = read i8 @_ssdm_op_Read.ap_auto.i8, i8 %x_383"   --->   Operation 86 'read' 'x_383_read' <Predicate = true> <Delay = 0.00>
ST_1 : Operation 87 [1/1] (0.00ns)   --->   "%zext_ln173_2_read = read i8 @_ssdm_op_Read.ap_auto.i8, i8 %zext_ln173_2"   --->   Operation 87 'read' 'zext_ln173_2_read' <Predicate = true> <Delay = 0.00>
ST_1 : Operation 88 [1/1] (0.00ns)   --->   "%zext_ln173_3_read = read i8 @_ssdm_op_Read.ap_auto.i8, i8 %zext_ln173_3"   --->   Operation 88 'read' 'zext_ln173_3_read' <Predicate = true> <Delay = 0.00>
ST_1 : Operation 89 [1/1] (0.00ns)   --->   "%zext_ln173_4_read = read i8 @_ssdm_op_Read.ap_auto.i8, i8 %zext_ln173_4"   --->   Operation 89 'read' 'zext_ln173_4_read' <Predicate = true> <Delay = 0.00>
ST_1 : Operation 90 [1/1] (0.00ns)   --->   "%x_387_read = read i8 @_ssdm_op_Read.ap_auto.i8, i8 %x_387"   --->   Operation 90 'read' 'x_387_read' <Predicate = true> <Delay = 0.00>
ST_1 : Operation 91 [1/1] (0.00ns)   --->   "%zext_ln173_5_read = read i8 @_ssdm_op_Read.ap_auto.i8, i8 %zext_ln173_5"   --->   Operation 91 'read' 'zext_ln173_5_read' <Predicate = true> <Delay = 0.00>
ST_1 : Operation 92 [1/1] (0.00ns)   --->   "%zext_ln173_6_read = read i8 @_ssdm_op_Read.ap_auto.i8, i8 %zext_ln173_6"   --->   Operation 92 'read' 'zext_ln173_6_read' <Predicate = true> <Delay = 0.00>
ST_1 : Operation 93 [1/1] (0.00ns)   --->   "%zext_ln173_7_read = read i8 @_ssdm_op_Read.ap_auto.i8, i8 %zext_ln173_7"   --->   Operation 93 'read' 'zext_ln173_7_read' <Predicate = true> <Delay = 0.00>
ST_1 : Operation 94 [1/1] (0.00ns)   --->   "%zext_ln173_8_read = read i8 @_ssdm_op_Read.ap_auto.i8, i8 %zext_ln173_8"   --->   Operation 94 'read' 'zext_ln173_8_read' <Predicate = true> <Delay = 0.00>
ST_1 : Operation 95 [1/1] (0.00ns)   --->   "%zext_ln173_9_read = read i8 @_ssdm_op_Read.ap_auto.i8, i8 %zext_ln173_9"   --->   Operation 95 'read' 'zext_ln173_9_read' <Predicate = true> <Delay = 0.00>
ST_1 : Operation 96 [1/1] (0.00ns)   --->   "%zext_ln173_10_read = read i8 @_ssdm_op_Read.ap_auto.i8, i8 %zext_ln173_10"   --->   Operation 96 'read' 'zext_ln173_10_read' <Predicate = true> <Delay = 0.00>
ST_1 : Operation 97 [1/1] (0.00ns)   --->   "%zext_ln173_11_read = read i8 @_ssdm_op_Read.ap_auto.i8, i8 %zext_ln173_11"   --->   Operation 97 'read' 'zext_ln173_11_read' <Predicate = true> <Delay = 0.00>
ST_1 : Operation 98 [1/1] (0.00ns)   --->   "%zext_ln173_12_read = read i8 @_ssdm_op_Read.ap_auto.i8, i8 %zext_ln173_12"   --->   Operation 98 'read' 'zext_ln173_12_read' <Predicate = true> <Delay = 0.00>
ST_1 : Operation 99 [1/1] (0.00ns)   --->   "%zext_ln173_13_read = read i8 @_ssdm_op_Read.ap_auto.i8, i8 %zext_ln173_13"   --->   Operation 99 'read' 'zext_ln173_13_read' <Predicate = true> <Delay = 0.00>
ST_1 : Operation 100 [1/1] (0.00ns)   --->   "%zext_ln173_14_read = read i8 @_ssdm_op_Read.ap_auto.i8, i8 %zext_ln173_14"   --->   Operation 100 'read' 'zext_ln173_14_read' <Predicate = true> <Delay = 0.00>
ST_1 : Operation 101 [1/1] (0.00ns)   --->   "%zext_ln173_15_read = read i8 @_ssdm_op_Read.ap_auto.i8, i8 %zext_ln173_15"   --->   Operation 101 'read' 'zext_ln173_15_read' <Predicate = true> <Delay = 0.00>
ST_1 : Operation 102 [1/1] (0.00ns)   --->   "%zext_ln173_16_read = read i8 @_ssdm_op_Read.ap_auto.i8, i8 %zext_ln173_16"   --->   Operation 102 'read' 'zext_ln173_16_read' <Predicate = true> <Delay = 0.00>
ST_1 : Operation 103 [1/1] (0.00ns)   --->   "%zext_ln173_17_read = read i8 @_ssdm_op_Read.ap_auto.i8, i8 %zext_ln173_17"   --->   Operation 103 'read' 'zext_ln173_17_read' <Predicate = true> <Delay = 0.00>
ST_1 : Operation 104 [1/1] (0.00ns)   --->   "%zext_ln173_18_read = read i8 @_ssdm_op_Read.ap_auto.i8, i8 %zext_ln173_18"   --->   Operation 104 'read' 'zext_ln173_18_read' <Predicate = true> <Delay = 0.00>
ST_1 : Operation 105 [1/1] (0.00ns)   --->   "%zext_ln173_19_read = read i8 @_ssdm_op_Read.ap_auto.i8, i8 %zext_ln173_19"   --->   Operation 105 'read' 'zext_ln173_19_read' <Predicate = true> <Delay = 0.00>
ST_1 : Operation 106 [1/1] (0.00ns)   --->   "%zext_ln173_20_read = read i8 @_ssdm_op_Read.ap_auto.i8, i8 %zext_ln173_20"   --->   Operation 106 'read' 'zext_ln173_20_read' <Predicate = true> <Delay = 0.00>
ST_1 : Operation 107 [1/1] (0.00ns)   --->   "%zext_ln173_21_read = read i8 @_ssdm_op_Read.ap_auto.i8, i8 %zext_ln173_21"   --->   Operation 107 'read' 'zext_ln173_21_read' <Predicate = true> <Delay = 0.00>
ST_1 : Operation 108 [1/1] (0.00ns)   --->   "%zext_ln173_22_read = read i8 @_ssdm_op_Read.ap_auto.i8, i8 %zext_ln173_22"   --->   Operation 108 'read' 'zext_ln173_22_read' <Predicate = true> <Delay = 0.00>
ST_1 : Operation 109 [1/1] (0.00ns)   --->   "%zext_ln173_23_read = read i8 @_ssdm_op_Read.ap_auto.i8, i8 %zext_ln173_23"   --->   Operation 109 'read' 'zext_ln173_23_read' <Predicate = true> <Delay = 0.00>
ST_1 : Operation 110 [1/1] (0.00ns)   --->   "%zext_ln173_24_read = read i8 @_ssdm_op_Read.ap_auto.i8, i8 %zext_ln173_24"   --->   Operation 110 'read' 'zext_ln173_24_read' <Predicate = true> <Delay = 0.00>
ST_1 : Operation 111 [1/1] (0.00ns)   --->   "%zext_ln173_25_read = read i8 @_ssdm_op_Read.ap_auto.i8, i8 %zext_ln173_25"   --->   Operation 111 'read' 'zext_ln173_25_read' <Predicate = true> <Delay = 0.00>
ST_1 : Operation 112 [1/1] (0.00ns)   --->   "%zext_ln173_26_read = read i8 @_ssdm_op_Read.ap_auto.i8, i8 %zext_ln173_26"   --->   Operation 112 'read' 'zext_ln173_26_read' <Predicate = true> <Delay = 0.00>
ST_1 : Operation 113 [1/1] (0.00ns)   --->   "%zext_ln173_27_read = read i8 @_ssdm_op_Read.ap_auto.i8, i8 %zext_ln173_27"   --->   Operation 113 'read' 'zext_ln173_27_read' <Predicate = true> <Delay = 0.00>
ST_1 : Operation 114 [1/1] (0.00ns)   --->   "%zext_ln173_28_read = read i8 @_ssdm_op_Read.ap_auto.i8, i8 %zext_ln173_28"   --->   Operation 114 'read' 'zext_ln173_28_read' <Predicate = true> <Delay = 0.00>
ST_1 : Operation 115 [1/1] (0.00ns)   --->   "%zext_ln173_29_read = read i8 @_ssdm_op_Read.ap_auto.i8, i8 %zext_ln173_29"   --->   Operation 115 'read' 'zext_ln173_29_read' <Predicate = true> <Delay = 0.00>
ST_1 : Operation 116 [1/1] (0.00ns)   --->   "%zext_ln173_30_read = read i8 @_ssdm_op_Read.ap_auto.i8, i8 %zext_ln173_30"   --->   Operation 116 'read' 'zext_ln173_30_read' <Predicate = true> <Delay = 0.00>
ST_1 : Operation 117 [1/1] (0.00ns)   --->   "%zext_ln173_31_read = read i8 @_ssdm_op_Read.ap_auto.i8, i8 %zext_ln173_31"   --->   Operation 117 'read' 'zext_ln173_31_read' <Predicate = true> <Delay = 0.00>
ST_1 : Operation 118 [1/1] (0.00ns)   --->   "%zext_ln173_32_read = read i8 @_ssdm_op_Read.ap_auto.i8, i8 %zext_ln173_32"   --->   Operation 118 'read' 'zext_ln173_32_read' <Predicate = true> <Delay = 0.00>
ST_1 : Operation 119 [1/1] (0.00ns)   --->   "%zext_ln173_33_read = read i8 @_ssdm_op_Read.ap_auto.i8, i8 %zext_ln173_33"   --->   Operation 119 'read' 'zext_ln173_33_read' <Predicate = true> <Delay = 0.00>
ST_1 : Operation 120 [1/1] (0.00ns)   --->   "%zext_ln173_34_read = read i8 @_ssdm_op_Read.ap_auto.i8, i8 %zext_ln173_34"   --->   Operation 120 'read' 'zext_ln173_34_read' <Predicate = true> <Delay = 0.00>
ST_1 : Operation 121 [1/1] (0.00ns)   --->   "%zext_ln173_35_read = read i8 @_ssdm_op_Read.ap_auto.i8, i8 %zext_ln173_35"   --->   Operation 121 'read' 'zext_ln173_35_read' <Predicate = true> <Delay = 0.00>
ST_1 : Operation 122 [1/1] (0.00ns)   --->   "%zext_ln173_36_read = read i8 @_ssdm_op_Read.ap_auto.i8, i8 %zext_ln173_36"   --->   Operation 122 'read' 'zext_ln173_36_read' <Predicate = true> <Delay = 0.00>
ST_1 : Operation 123 [1/1] (0.00ns)   --->   "%zext_ln173_37_read = read i8 @_ssdm_op_Read.ap_auto.i8, i8 %zext_ln173_37"   --->   Operation 123 'read' 'zext_ln173_37_read' <Predicate = true> <Delay = 0.00>
ST_1 : Operation 124 [1/1] (0.00ns)   --->   "%zext_ln173_38_read = read i8 @_ssdm_op_Read.ap_auto.i8, i8 %zext_ln173_38"   --->   Operation 124 'read' 'zext_ln173_38_read' <Predicate = true> <Delay = 0.00>
ST_1 : Operation 125 [1/1] (0.00ns)   --->   "%zext_ln173_39_read = read i8 @_ssdm_op_Read.ap_auto.i8, i8 %zext_ln173_39"   --->   Operation 125 'read' 'zext_ln173_39_read' <Predicate = true> <Delay = 0.00>
ST_1 : Operation 126 [1/1] (0.00ns)   --->   "%zext_ln173_40_read = read i8 @_ssdm_op_Read.ap_auto.i8, i8 %zext_ln173_40"   --->   Operation 126 'read' 'zext_ln173_40_read' <Predicate = true> <Delay = 0.00>
ST_1 : Operation 127 [1/1] (0.00ns)   --->   "%zext_ln173_41_read = read i8 @_ssdm_op_Read.ap_auto.i8, i8 %zext_ln173_41"   --->   Operation 127 'read' 'zext_ln173_41_read' <Predicate = true> <Delay = 0.00>
ST_1 : Operation 128 [1/1] (0.00ns)   --->   "%zext_ln173_42_read = read i8 @_ssdm_op_Read.ap_auto.i8, i8 %zext_ln173_42"   --->   Operation 128 'read' 'zext_ln173_42_read' <Predicate = true> <Delay = 0.00>
ST_1 : Operation 129 [1/1] (0.00ns)   --->   "%zext_ln173_43_read = read i8 @_ssdm_op_Read.ap_auto.i8, i8 %zext_ln173_43"   --->   Operation 129 'read' 'zext_ln173_43_read' <Predicate = true> <Delay = 0.00>
ST_1 : Operation 130 [1/1] (0.00ns)   --->   "%zext_ln173_44_read = read i8 @_ssdm_op_Read.ap_auto.i8, i8 %zext_ln173_44"   --->   Operation 130 'read' 'zext_ln173_44_read' <Predicate = true> <Delay = 0.00>
ST_1 : Operation 131 [1/1] (0.00ns)   --->   "%zext_ln173_45_read = read i8 @_ssdm_op_Read.ap_auto.i8, i8 %zext_ln173_45"   --->   Operation 131 'read' 'zext_ln173_45_read' <Predicate = true> <Delay = 0.00>
ST_1 : Operation 132 [1/1] (0.00ns)   --->   "%zext_ln173_46_read = read i8 @_ssdm_op_Read.ap_auto.i8, i8 %zext_ln173_46"   --->   Operation 132 'read' 'zext_ln173_46_read' <Predicate = true> <Delay = 0.00>
ST_1 : Operation 133 [1/1] (0.00ns)   --->   "%zext_ln173_47_read = read i8 @_ssdm_op_Read.ap_auto.i8, i8 %zext_ln173_47"   --->   Operation 133 'read' 'zext_ln173_47_read' <Predicate = true> <Delay = 0.00>
ST_1 : Operation 134 [1/1] (0.00ns)   --->   "%x_429_read = read i8 @_ssdm_op_Read.ap_auto.i8, i8 %x_429"   --->   Operation 134 'read' 'x_429_read' <Predicate = true> <Delay = 0.00>
ST_1 : Operation 135 [1/1] (0.00ns)   --->   "%zext_ln173_48_read = read i8 @_ssdm_op_Read.ap_auto.i8, i8 %zext_ln173_48"   --->   Operation 135 'read' 'zext_ln173_48_read' <Predicate = true> <Delay = 0.00>
ST_1 : Operation 136 [1/1] (0.00ns)   --->   "%zext_ln173_49_read = read i8 @_ssdm_op_Read.ap_auto.i8, i8 %zext_ln173_49"   --->   Operation 136 'read' 'zext_ln173_49_read' <Predicate = true> <Delay = 0.00>
ST_1 : Operation 137 [1/1] (0.00ns)   --->   "%zext_ln173_50_read = read i8 @_ssdm_op_Read.ap_auto.i8, i8 %zext_ln173_50"   --->   Operation 137 'read' 'zext_ln173_50_read' <Predicate = true> <Delay = 0.00>
ST_1 : Operation 138 [1/1] (0.00ns)   --->   "%zext_ln173_51_read = read i8 @_ssdm_op_Read.ap_auto.i8, i8 %zext_ln173_51"   --->   Operation 138 'read' 'zext_ln173_51_read' <Predicate = true> <Delay = 0.00>
ST_1 : Operation 139 [1/1] (0.00ns)   --->   "%zext_ln173_52_read = read i8 @_ssdm_op_Read.ap_auto.i8, i8 %zext_ln173_52"   --->   Operation 139 'read' 'zext_ln173_52_read' <Predicate = true> <Delay = 0.00>
ST_1 : Operation 140 [1/1] (0.00ns)   --->   "%zext_ln173_53_read = read i8 @_ssdm_op_Read.ap_auto.i8, i8 %zext_ln173_53"   --->   Operation 140 'read' 'zext_ln173_53_read' <Predicate = true> <Delay = 0.00>
ST_1 : Operation 141 [1/1] (0.00ns)   --->   "%zext_ln173_54_read = read i8 @_ssdm_op_Read.ap_auto.i8, i8 %zext_ln173_54"   --->   Operation 141 'read' 'zext_ln173_54_read' <Predicate = true> <Delay = 0.00>
ST_1 : Operation 142 [1/1] (0.00ns)   --->   "%zext_ln173_55_read = read i8 @_ssdm_op_Read.ap_auto.i8, i8 %zext_ln173_55"   --->   Operation 142 'read' 'zext_ln173_55_read' <Predicate = true> <Delay = 0.00>
ST_1 : Operation 143 [1/1] (0.00ns)   --->   "%zext_ln173_56_read = read i8 @_ssdm_op_Read.ap_auto.i8, i8 %zext_ln173_56"   --->   Operation 143 'read' 'zext_ln173_56_read' <Predicate = true> <Delay = 0.00>
ST_1 : Operation 144 [1/1] (0.00ns)   --->   "%zext_ln173_57_read = read i8 @_ssdm_op_Read.ap_auto.i8, i8 %zext_ln173_57"   --->   Operation 144 'read' 'zext_ln173_57_read' <Predicate = true> <Delay = 0.00>
ST_1 : Operation 145 [1/1] (0.00ns)   --->   "%zext_ln173_58_read = read i8 @_ssdm_op_Read.ap_auto.i8, i8 %zext_ln173_58"   --->   Operation 145 'read' 'zext_ln173_58_read' <Predicate = true> <Delay = 0.00>
ST_1 : Operation 146 [1/1] (0.00ns)   --->   "%zext_ln173_59_read = read i8 @_ssdm_op_Read.ap_auto.i8, i8 %zext_ln173_59"   --->   Operation 146 'read' 'zext_ln173_59_read' <Predicate = true> <Delay = 0.00>
ST_1 : Operation 147 [1/1] (0.00ns)   --->   "%zext_ln173_60_read = read i8 @_ssdm_op_Read.ap_auto.i8, i8 %zext_ln173_60"   --->   Operation 147 'read' 'zext_ln173_60_read' <Predicate = true> <Delay = 0.00>
ST_1 : Operation 148 [1/1] (0.00ns)   --->   "%zext_ln173_61_read = read i8 @_ssdm_op_Read.ap_auto.i8, i8 %zext_ln173_61"   --->   Operation 148 'read' 'zext_ln173_61_read' <Predicate = true> <Delay = 0.00>
ST_1 : Operation 149 [1/1] (0.00ns)   --->   "%zext_ln173_62_read = read i8 @_ssdm_op_Read.ap_auto.i8, i8 %zext_ln173_62"   --->   Operation 149 'read' 'zext_ln173_62_read' <Predicate = true> <Delay = 0.00>
ST_1 : Operation 150 [1/1] (0.00ns)   --->   "%zext_ln173_63_read = read i8 @_ssdm_op_Read.ap_auto.i8, i8 %zext_ln173_63"   --->   Operation 150 'read' 'zext_ln173_63_read' <Predicate = true> <Delay = 0.00>
ST_1 : Operation 151 [1/1] (0.00ns)   --->   "%zext_ln173_65_read = read i8 @_ssdm_op_Read.ap_auto.i8, i8 %zext_ln173_65"   --->   Operation 151 'read' 'zext_ln173_65_read' <Predicate = true> <Delay = 0.00>
ST_1 : Operation 152 [1/1] (0.00ns)   --->   "%zext_ln173_66_read = read i8 @_ssdm_op_Read.ap_auto.i8, i8 %zext_ln173_66"   --->   Operation 152 'read' 'zext_ln173_66_read' <Predicate = true> <Delay = 0.00>
ST_1 : Operation 153 [1/1] (0.00ns)   --->   "%zext_ln173_67_read = read i8 @_ssdm_op_Read.ap_auto.i8, i8 %zext_ln173_67"   --->   Operation 153 'read' 'zext_ln173_67_read' <Predicate = true> <Delay = 0.00>
ST_1 : Operation 154 [1/1] (0.00ns)   --->   "%zext_ln173_68_read = read i8 @_ssdm_op_Read.ap_auto.i8, i8 %zext_ln173_68"   --->   Operation 154 'read' 'zext_ln173_68_read' <Predicate = true> <Delay = 0.00>
ST_1 : Operation 155 [1/1] (0.00ns)   --->   "%zext_ln173_69_read = read i8 @_ssdm_op_Read.ap_auto.i8, i8 %zext_ln173_69"   --->   Operation 155 'read' 'zext_ln173_69_read' <Predicate = true> <Delay = 0.00>
ST_1 : Operation 156 [1/1] (0.00ns)   --->   "%zext_ln173_70_read = read i8 @_ssdm_op_Read.ap_auto.i8, i8 %zext_ln173_70"   --->   Operation 156 'read' 'zext_ln173_70_read' <Predicate = true> <Delay = 0.00>
ST_1 : Operation 157 [1/1] (0.00ns)   --->   "%zext_ln173_71_read = read i8 @_ssdm_op_Read.ap_auto.i8, i8 %zext_ln173_71"   --->   Operation 157 'read' 'zext_ln173_71_read' <Predicate = true> <Delay = 0.00>
ST_1 : Operation 158 [1/1] (0.00ns)   --->   "%zext_ln173_72_read = read i8 @_ssdm_op_Read.ap_auto.i8, i8 %zext_ln173_72"   --->   Operation 158 'read' 'zext_ln173_72_read' <Predicate = true> <Delay = 0.00>
ST_1 : Operation 159 [1/1] (0.00ns)   --->   "%zext_ln173_73_read = read i8 @_ssdm_op_Read.ap_auto.i8, i8 %zext_ln173_73"   --->   Operation 159 'read' 'zext_ln173_73_read' <Predicate = true> <Delay = 0.00>
ST_1 : Operation 160 [1/1] (0.00ns)   --->   "%zext_ln173_74_read = read i8 @_ssdm_op_Read.ap_auto.i8, i8 %zext_ln173_74"   --->   Operation 160 'read' 'zext_ln173_74_read' <Predicate = true> <Delay = 0.00>
ST_1 : Operation 161 [1/1] (0.00ns)   --->   "%zext_ln173_75_read = read i8 @_ssdm_op_Read.ap_auto.i8, i8 %zext_ln173_75"   --->   Operation 161 'read' 'zext_ln173_75_read' <Predicate = true> <Delay = 0.00>
ST_1 : Operation 162 [1/1] (0.00ns)   --->   "%zext_ln173_76_read = read i8 @_ssdm_op_Read.ap_auto.i8, i8 %zext_ln173_76"   --->   Operation 162 'read' 'zext_ln173_76_read' <Predicate = true> <Delay = 0.00>
ST_1 : Operation 163 [1/1] (0.00ns)   --->   "%x_459_read = read i8 @_ssdm_op_Read.ap_auto.i8, i8 %x_459"   --->   Operation 163 'read' 'x_459_read' <Predicate = true> <Delay = 0.00>
ST_1 : Operation 164 [1/1] (0.00ns)   --->   "%zext_ln173_77_read = read i8 @_ssdm_op_Read.ap_auto.i8, i8 %zext_ln173_77"   --->   Operation 164 'read' 'zext_ln173_77_read' <Predicate = true> <Delay = 0.00>
ST_1 : Operation 165 [1/1] (0.00ns)   --->   "%zext_ln173_78_read = read i8 @_ssdm_op_Read.ap_auto.i8, i8 %zext_ln173_78"   --->   Operation 165 'read' 'zext_ln173_78_read' <Predicate = true> <Delay = 0.00>
ST_1 : Operation 166 [1/1] (0.00ns)   --->   "%zext_ln173_79_read = read i8 @_ssdm_op_Read.ap_auto.i8, i8 %zext_ln173_79"   --->   Operation 166 'read' 'zext_ln173_79_read' <Predicate = true> <Delay = 0.00>
ST_1 : Operation 167 [1/1] (0.00ns)   --->   "%zext_ln173_80_read = read i8 @_ssdm_op_Read.ap_auto.i8, i8 %zext_ln173_80"   --->   Operation 167 'read' 'zext_ln173_80_read' <Predicate = true> <Delay = 0.00>
ST_1 : Operation 168 [1/1] (0.00ns)   --->   "%zext_ln173_81_read = read i8 @_ssdm_op_Read.ap_auto.i8, i8 %zext_ln173_81"   --->   Operation 168 'read' 'zext_ln173_81_read' <Predicate = true> <Delay = 0.00>
ST_1 : Operation 169 [1/1] (0.00ns)   --->   "%x_464_read = read i8 @_ssdm_op_Read.ap_auto.i8, i8 %x_464"   --->   Operation 169 'read' 'x_464_read' <Predicate = true> <Delay = 0.00>
ST_1 : Operation 170 [1/1] (0.00ns)   --->   "%zext_ln173_82_read = read i8 @_ssdm_op_Read.ap_auto.i8, i8 %zext_ln173_82"   --->   Operation 170 'read' 'zext_ln173_82_read' <Predicate = true> <Delay = 0.00>
ST_1 : Operation 171 [1/1] (0.00ns)   --->   "%zext_ln173_83_read = read i8 @_ssdm_op_Read.ap_auto.i8, i8 %zext_ln173_83"   --->   Operation 171 'read' 'zext_ln173_83_read' <Predicate = true> <Delay = 0.00>
ST_1 : Operation 172 [1/1] (0.00ns)   --->   "%zext_ln173_84_read = read i8 @_ssdm_op_Read.ap_auto.i8, i8 %zext_ln173_84"   --->   Operation 172 'read' 'zext_ln173_84_read' <Predicate = true> <Delay = 0.00>
ST_1 : Operation 173 [1/1] (0.00ns)   --->   "%zext_ln173_85_read = read i8 @_ssdm_op_Read.ap_auto.i8, i8 %zext_ln173_85"   --->   Operation 173 'read' 'zext_ln173_85_read' <Predicate = true> <Delay = 0.00>
ST_1 : Operation 174 [1/1] (0.00ns)   --->   "%zext_ln173_86_read = read i8 @_ssdm_op_Read.ap_auto.i8, i8 %zext_ln173_86"   --->   Operation 174 'read' 'zext_ln173_86_read' <Predicate = true> <Delay = 0.00>
ST_1 : Operation 175 [1/1] (0.00ns)   --->   "%zext_ln173_87_read = read i8 @_ssdm_op_Read.ap_auto.i8, i8 %zext_ln173_87"   --->   Operation 175 'read' 'zext_ln173_87_read' <Predicate = true> <Delay = 0.00>
ST_1 : Operation 176 [1/1] (0.00ns)   --->   "%zext_ln173_88_read = read i8 @_ssdm_op_Read.ap_auto.i8, i8 %zext_ln173_88"   --->   Operation 176 'read' 'zext_ln173_88_read' <Predicate = true> <Delay = 0.00>
ST_1 : Operation 177 [1/1] (0.00ns)   --->   "%zext_ln173_89_read = read i8 @_ssdm_op_Read.ap_auto.i8, i8 %zext_ln173_89"   --->   Operation 177 'read' 'zext_ln173_89_read' <Predicate = true> <Delay = 0.00>
ST_1 : Operation 178 [1/1] (0.00ns)   --->   "%zext_ln173_90_read = read i8 @_ssdm_op_Read.ap_auto.i8, i8 %zext_ln173_90"   --->   Operation 178 'read' 'zext_ln173_90_read' <Predicate = true> <Delay = 0.00>
ST_1 : Operation 179 [1/1] (0.00ns)   --->   "%zext_ln173_91_read = read i8 @_ssdm_op_Read.ap_auto.i8, i8 %zext_ln173_91"   --->   Operation 179 'read' 'zext_ln173_91_read' <Predicate = true> <Delay = 0.00>
ST_1 : Operation 180 [1/1] (0.00ns)   --->   "%zext_ln173_92_read = read i8 @_ssdm_op_Read.ap_auto.i8, i8 %zext_ln173_92"   --->   Operation 180 'read' 'zext_ln173_92_read' <Predicate = true> <Delay = 0.00>
ST_1 : Operation 181 [1/1] (0.00ns)   --->   "%zext_ln173_93_read = read i8 @_ssdm_op_Read.ap_auto.i8, i8 %zext_ln173_93"   --->   Operation 181 'read' 'zext_ln173_93_read' <Predicate = true> <Delay = 0.00>
ST_1 : Operation 182 [1/1] (0.00ns)   --->   "%zext_ln173_94_read = read i8 @_ssdm_op_Read.ap_auto.i8, i8 %zext_ln173_94"   --->   Operation 182 'read' 'zext_ln173_94_read' <Predicate = true> <Delay = 0.00>
ST_1 : Operation 183 [1/1] (0.00ns)   --->   "%zext_ln173_95_read = read i8 @_ssdm_op_Read.ap_auto.i8, i8 %zext_ln173_95"   --->   Operation 183 'read' 'zext_ln173_95_read' <Predicate = true> <Delay = 0.00>
ST_1 : Operation 184 [1/1] (0.00ns)   --->   "%zext_ln173_96_read = read i8 @_ssdm_op_Read.ap_auto.i8, i8 %zext_ln173_96"   --->   Operation 184 'read' 'zext_ln173_96_read' <Predicate = true> <Delay = 0.00>
ST_1 : Operation 185 [1/1] (0.00ns)   --->   "%x_479_read = read i8 @_ssdm_op_Read.ap_auto.i8, i8 %x_479"   --->   Operation 185 'read' 'x_479_read' <Predicate = true> <Delay = 0.00>
ST_1 : Operation 186 [1/1] (0.00ns)   --->   "%zext_ln173_97_read = read i8 @_ssdm_op_Read.ap_auto.i8, i8 %zext_ln173_97"   --->   Operation 186 'read' 'zext_ln173_97_read' <Predicate = true> <Delay = 0.00>
ST_1 : Operation 187 [1/1] (0.00ns)   --->   "%zext_ln173_98_read = read i8 @_ssdm_op_Read.ap_auto.i8, i8 %zext_ln173_98"   --->   Operation 187 'read' 'zext_ln173_98_read' <Predicate = true> <Delay = 0.00>
ST_1 : Operation 188 [1/1] (0.00ns)   --->   "%zext_ln173_99_read = read i8 @_ssdm_op_Read.ap_auto.i8, i8 %zext_ln173_99"   --->   Operation 188 'read' 'zext_ln173_99_read' <Predicate = true> <Delay = 0.00>
ST_1 : Operation 189 [1/1] (0.00ns)   --->   "%zext_ln173_100_read = read i8 @_ssdm_op_Read.ap_auto.i8, i8 %zext_ln173_100"   --->   Operation 189 'read' 'zext_ln173_100_read' <Predicate = true> <Delay = 0.00>
ST_1 : Operation 190 [1/1] (0.00ns)   --->   "%x_483_read = read i8 @_ssdm_op_Read.ap_auto.i8, i8 %x_483"   --->   Operation 190 'read' 'x_483_read' <Predicate = true> <Delay = 0.00>
ST_1 : Operation 191 [1/1] (0.00ns)   --->   "%zext_ln173_101_read = read i8 @_ssdm_op_Read.ap_auto.i8, i8 %zext_ln173_101"   --->   Operation 191 'read' 'zext_ln173_101_read' <Predicate = true> <Delay = 0.00>
ST_1 : Operation 192 [1/1] (0.00ns)   --->   "%zext_ln173_102_read = read i8 @_ssdm_op_Read.ap_auto.i8, i8 %zext_ln173_102"   --->   Operation 192 'read' 'zext_ln173_102_read' <Predicate = true> <Delay = 0.00>
ST_1 : Operation 193 [1/1] (0.00ns)   --->   "%zext_ln173_103_read = read i8 @_ssdm_op_Read.ap_auto.i8, i8 %zext_ln173_103"   --->   Operation 193 'read' 'zext_ln173_103_read' <Predicate = true> <Delay = 0.00>
ST_1 : Operation 194 [1/1] (0.00ns)   --->   "%zext_ln173_104_read = read i8 @_ssdm_op_Read.ap_auto.i8, i8 %zext_ln173_104"   --->   Operation 194 'read' 'zext_ln173_104_read' <Predicate = true> <Delay = 0.00>
ST_1 : Operation 195 [1/1] (0.00ns)   --->   "%zext_ln173_105_read = read i8 @_ssdm_op_Read.ap_auto.i8, i8 %zext_ln173_105"   --->   Operation 195 'read' 'zext_ln173_105_read' <Predicate = true> <Delay = 0.00>
ST_1 : Operation 196 [1/1] (0.00ns)   --->   "%zext_ln173_106_read = read i8 @_ssdm_op_Read.ap_auto.i8, i8 %zext_ln173_106"   --->   Operation 196 'read' 'zext_ln173_106_read' <Predicate = true> <Delay = 0.00>
ST_1 : Operation 197 [1/1] (0.00ns)   --->   "%zext_ln173_107_read = read i8 @_ssdm_op_Read.ap_auto.i8, i8 %zext_ln173_107"   --->   Operation 197 'read' 'zext_ln173_107_read' <Predicate = true> <Delay = 0.00>
ST_1 : Operation 198 [1/1] (0.00ns)   --->   "%zext_ln173_108_read = read i8 @_ssdm_op_Read.ap_auto.i8, i8 %zext_ln173_108"   --->   Operation 198 'read' 'zext_ln173_108_read' <Predicate = true> <Delay = 0.00>
ST_1 : Operation 199 [1/1] (0.00ns)   --->   "%zext_ln173_109_read = read i8 @_ssdm_op_Read.ap_auto.i8, i8 %zext_ln173_109"   --->   Operation 199 'read' 'zext_ln173_109_read' <Predicate = true> <Delay = 0.00>
ST_1 : Operation 200 [1/1] (0.00ns)   --->   "%zext_ln173_110_read = read i8 @_ssdm_op_Read.ap_auto.i8, i8 %zext_ln173_110"   --->   Operation 200 'read' 'zext_ln173_110_read' <Predicate = true> <Delay = 0.00>
ST_1 : Operation 201 [1/1] (0.00ns)   --->   "%zext_ln173_111_read = read i8 @_ssdm_op_Read.ap_auto.i8, i8 %zext_ln173_111"   --->   Operation 201 'read' 'zext_ln173_111_read' <Predicate = true> <Delay = 0.00>
ST_1 : Operation 202 [1/1] (0.00ns)   --->   "%zext_ln173_112_read = read i8 @_ssdm_op_Read.ap_auto.i8, i8 %zext_ln173_112"   --->   Operation 202 'read' 'zext_ln173_112_read' <Predicate = true> <Delay = 0.00>
ST_1 : Operation 203 [1/1] (0.00ns)   --->   "%zext_ln173_113_read = read i8 @_ssdm_op_Read.ap_auto.i8, i8 %zext_ln173_113"   --->   Operation 203 'read' 'zext_ln173_113_read' <Predicate = true> <Delay = 0.00>
ST_1 : Operation 204 [1/1] (0.00ns)   --->   "%zext_ln173_114_read = read i8 @_ssdm_op_Read.ap_auto.i8, i8 %zext_ln173_114"   --->   Operation 204 'read' 'zext_ln173_114_read' <Predicate = true> <Delay = 0.00>
ST_1 : Operation 205 [1/1] (0.00ns)   --->   "%zext_ln173_115_read = read i8 @_ssdm_op_Read.ap_auto.i8, i8 %zext_ln173_115"   --->   Operation 205 'read' 'zext_ln173_115_read' <Predicate = true> <Delay = 0.00>
ST_1 : Operation 206 [1/1] (0.00ns)   --->   "%zext_ln173_116_read = read i8 @_ssdm_op_Read.ap_auto.i8, i8 %zext_ln173_116"   --->   Operation 206 'read' 'zext_ln173_116_read' <Predicate = true> <Delay = 0.00>
ST_1 : Operation 207 [1/1] (0.00ns)   --->   "%zext_ln173_117_read = read i8 @_ssdm_op_Read.ap_auto.i8, i8 %zext_ln173_117"   --->   Operation 207 'read' 'zext_ln173_117_read' <Predicate = true> <Delay = 0.00>
ST_1 : Operation 208 [1/1] (0.00ns)   --->   "%zext_ln173_118_read = read i8 @_ssdm_op_Read.ap_auto.i8, i8 %zext_ln173_118"   --->   Operation 208 'read' 'zext_ln173_118_read' <Predicate = true> <Delay = 0.00>
ST_1 : Operation 209 [1/1] (0.00ns)   --->   "%zext_ln173_119_read = read i8 @_ssdm_op_Read.ap_auto.i8, i8 %zext_ln173_119"   --->   Operation 209 'read' 'zext_ln173_119_read' <Predicate = true> <Delay = 0.00>
ST_1 : Operation 210 [1/1] (0.00ns)   --->   "%zext_ln173_120_read = read i8 @_ssdm_op_Read.ap_auto.i8, i8 %zext_ln173_120"   --->   Operation 210 'read' 'zext_ln173_120_read' <Predicate = true> <Delay = 0.00>
ST_1 : Operation 211 [1/1] (0.00ns)   --->   "%zext_ln173_121_read = read i8 @_ssdm_op_Read.ap_auto.i8, i8 %zext_ln173_121"   --->   Operation 211 'read' 'zext_ln173_121_read' <Predicate = true> <Delay = 0.00>
ST_1 : Operation 212 [1/1] (0.00ns)   --->   "%zext_ln173_122_read = read i8 @_ssdm_op_Read.ap_auto.i8, i8 %zext_ln173_122"   --->   Operation 212 'read' 'zext_ln173_122_read' <Predicate = true> <Delay = 0.00>
ST_1 : Operation 213 [1/1] (0.00ns)   --->   "%zext_ln173_123_read = read i8 @_ssdm_op_Read.ap_auto.i8, i8 %zext_ln173_123"   --->   Operation 213 'read' 'zext_ln173_123_read' <Predicate = true> <Delay = 0.00>
ST_1 : Operation 214 [1/1] (0.00ns)   --->   "%zext_ln173_124_read = read i8 @_ssdm_op_Read.ap_auto.i8, i8 %zext_ln173_124"   --->   Operation 214 'read' 'zext_ln173_124_read' <Predicate = true> <Delay = 0.00>
ST_1 : Operation 215 [1/1] (0.00ns)   --->   "%zext_ln173_125_read = read i8 @_ssdm_op_Read.ap_auto.i8, i8 %zext_ln173_125"   --->   Operation 215 'read' 'zext_ln173_125_read' <Predicate = true> <Delay = 0.00>
ST_1 : Operation 216 [1/1] (0.00ns)   --->   "%zext_ln173_126_read = read i8 @_ssdm_op_Read.ap_auto.i8, i8 %zext_ln173_126"   --->   Operation 216 'read' 'zext_ln173_126_read' <Predicate = true> <Delay = 0.00>
ST_1 : Operation 217 [1/1] (0.00ns)   --->   "%zext_ln173_127_read = read i8 @_ssdm_op_Read.ap_auto.i8, i8 %zext_ln173_127"   --->   Operation 217 'read' 'zext_ln173_127_read' <Predicate = true> <Delay = 0.00>
ST_1 : Operation 218 [1/1] (0.00ns)   --->   "%zext_ln173_128_read = read i8 @_ssdm_op_Read.ap_auto.i8, i8 %zext_ln173_128"   --->   Operation 218 'read' 'zext_ln173_128_read' <Predicate = true> <Delay = 0.00>
ST_1 : Operation 219 [1/1] (0.00ns)   --->   "%zext_ln173_64_cast = zext i8 %zext_ln173_64_read"   --->   Operation 219 'zext' 'zext_ln173_64_cast' <Predicate = true> <Delay = 0.00>
ST_1 : Operation 220 [1/1] (0.00ns)   --->   "%zext_ln173_191_cast = zext i8 %zext_ln173_191_read"   --->   Operation 220 'zext' 'zext_ln173_191_cast' <Predicate = true> <Delay = 0.00>
ST_1 : Operation 221 [1/1] (0.00ns)   --->   "%zext_ln173_129_cast = zext i8 %zext_ln173_129_read"   --->   Operation 221 'zext' 'zext_ln173_129_cast' <Predicate = true> <Delay = 0.00>
ST_1 : Operation 222 [1/1] (0.00ns)   --->   "%zext_ln173_130_cast = zext i8 %zext_ln173_130_read"   --->   Operation 222 'zext' 'zext_ln173_130_cast' <Predicate = true> <Delay = 0.00>
ST_1 : Operation 223 [1/1] (0.00ns)   --->   "%zext_ln173_131_cast = zext i8 %zext_ln173_131_read"   --->   Operation 223 'zext' 'zext_ln173_131_cast' <Predicate = true> <Delay = 0.00>
ST_1 : Operation 224 [1/1] (0.00ns)   --->   "%zext_ln173_132_cast = zext i8 %zext_ln173_132_read"   --->   Operation 224 'zext' 'zext_ln173_132_cast' <Predicate = true> <Delay = 0.00>
ST_1 : Operation 225 [1/1] (0.00ns)   --->   "%zext_ln173_133_cast = zext i8 %zext_ln173_133_read"   --->   Operation 225 'zext' 'zext_ln173_133_cast' <Predicate = true> <Delay = 0.00>
ST_1 : Operation 226 [1/1] (0.00ns)   --->   "%zext_ln173_134_cast = zext i8 %zext_ln173_134_read"   --->   Operation 226 'zext' 'zext_ln173_134_cast' <Predicate = true> <Delay = 0.00>
ST_1 : Operation 227 [1/1] (0.00ns)   --->   "%zext_ln173_135_cast = zext i8 %zext_ln173_135_read"   --->   Operation 227 'zext' 'zext_ln173_135_cast' <Predicate = true> <Delay = 0.00>
ST_1 : Operation 228 [1/1] (0.00ns)   --->   "%zext_ln173_136_cast = zext i8 %zext_ln173_136_read"   --->   Operation 228 'zext' 'zext_ln173_136_cast' <Predicate = true> <Delay = 0.00>
ST_1 : Operation 229 [1/1] (0.00ns)   --->   "%zext_ln173_137_cast = zext i8 %zext_ln173_137_read"   --->   Operation 229 'zext' 'zext_ln173_137_cast' <Predicate = true> <Delay = 0.00>
ST_1 : Operation 230 [1/1] (0.00ns)   --->   "%zext_ln173_138_cast = zext i8 %zext_ln173_138_read"   --->   Operation 230 'zext' 'zext_ln173_138_cast' <Predicate = true> <Delay = 0.00>
ST_1 : Operation 231 [1/1] (0.00ns)   --->   "%zext_ln173_139_cast = zext i8 %zext_ln173_139_read"   --->   Operation 231 'zext' 'zext_ln173_139_cast' <Predicate = true> <Delay = 0.00>
ST_1 : Operation 232 [1/1] (0.00ns)   --->   "%zext_ln173_140_cast = zext i8 %zext_ln173_140_read"   --->   Operation 232 'zext' 'zext_ln173_140_cast' <Predicate = true> <Delay = 0.00>
ST_1 : Operation 233 [1/1] (0.00ns)   --->   "%zext_ln173_141_cast = zext i8 %zext_ln173_141_read"   --->   Operation 233 'zext' 'zext_ln173_141_cast' <Predicate = true> <Delay = 0.00>
ST_1 : Operation 234 [1/1] (0.00ns)   --->   "%zext_ln173_142_cast = zext i8 %zext_ln173_142_read"   --->   Operation 234 'zext' 'zext_ln173_142_cast' <Predicate = true> <Delay = 0.00>
ST_1 : Operation 235 [1/1] (0.00ns)   --->   "%zext_ln173_143_cast = zext i8 %zext_ln173_143_read"   --->   Operation 235 'zext' 'zext_ln173_143_cast' <Predicate = true> <Delay = 0.00>
ST_1 : Operation 236 [1/1] (0.00ns)   --->   "%zext_ln173_144_cast = zext i8 %zext_ln173_144_read"   --->   Operation 236 'zext' 'zext_ln173_144_cast' <Predicate = true> <Delay = 0.00>
ST_1 : Operation 237 [1/1] (0.00ns)   --->   "%zext_ln173_145_cast = zext i8 %zext_ln173_145_read"   --->   Operation 237 'zext' 'zext_ln173_145_cast' <Predicate = true> <Delay = 0.00>
ST_1 : Operation 238 [1/1] (0.00ns)   --->   "%zext_ln173_146_cast = zext i8 %zext_ln173_146_read"   --->   Operation 238 'zext' 'zext_ln173_146_cast' <Predicate = true> <Delay = 0.00>
ST_1 : Operation 239 [1/1] (0.00ns)   --->   "%zext_ln173_147_cast = zext i8 %zext_ln173_147_read"   --->   Operation 239 'zext' 'zext_ln173_147_cast' <Predicate = true> <Delay = 0.00>
ST_1 : Operation 240 [1/1] (0.00ns)   --->   "%zext_ln173_148_cast = zext i8 %zext_ln173_148_read"   --->   Operation 240 'zext' 'zext_ln173_148_cast' <Predicate = true> <Delay = 0.00>
ST_1 : Operation 241 [1/1] (0.00ns)   --->   "%zext_ln173_149_cast = zext i8 %zext_ln173_149_read"   --->   Operation 241 'zext' 'zext_ln173_149_cast' <Predicate = true> <Delay = 0.00>
ST_1 : Operation 242 [1/1] (0.00ns)   --->   "%zext_ln173_150_cast = zext i8 %zext_ln173_150_read"   --->   Operation 242 'zext' 'zext_ln173_150_cast' <Predicate = true> <Delay = 0.00>
ST_1 : Operation 243 [1/1] (0.00ns)   --->   "%zext_ln173_151_cast = zext i8 %zext_ln173_151_read"   --->   Operation 243 'zext' 'zext_ln173_151_cast' <Predicate = true> <Delay = 0.00>
ST_1 : Operation 244 [1/1] (0.00ns)   --->   "%zext_ln173_152_cast = zext i8 %zext_ln173_152_read"   --->   Operation 244 'zext' 'zext_ln173_152_cast' <Predicate = true> <Delay = 0.00>
ST_1 : Operation 245 [1/1] (0.00ns)   --->   "%zext_ln173_153_cast = zext i8 %zext_ln173_153_read"   --->   Operation 245 'zext' 'zext_ln173_153_cast' <Predicate = true> <Delay = 0.00>
ST_1 : Operation 246 [1/1] (0.00ns)   --->   "%zext_ln173_154_cast = zext i8 %zext_ln173_154_read"   --->   Operation 246 'zext' 'zext_ln173_154_cast' <Predicate = true> <Delay = 0.00>
ST_1 : Operation 247 [1/1] (0.00ns)   --->   "%zext_ln173_155_cast = zext i8 %zext_ln173_155_read"   --->   Operation 247 'zext' 'zext_ln173_155_cast' <Predicate = true> <Delay = 0.00>
ST_1 : Operation 248 [1/1] (0.00ns)   --->   "%zext_ln173_156_cast = zext i8 %zext_ln173_156_read"   --->   Operation 248 'zext' 'zext_ln173_156_cast' <Predicate = true> <Delay = 0.00>
ST_1 : Operation 249 [1/1] (0.00ns)   --->   "%zext_ln173_157_cast = zext i8 %zext_ln173_157_read"   --->   Operation 249 'zext' 'zext_ln173_157_cast' <Predicate = true> <Delay = 0.00>
ST_1 : Operation 250 [1/1] (0.00ns)   --->   "%zext_ln173_158_cast = zext i8 %zext_ln173_158_read"   --->   Operation 250 'zext' 'zext_ln173_158_cast' <Predicate = true> <Delay = 0.00>
ST_1 : Operation 251 [1/1] (0.00ns)   --->   "%zext_ln173_159_cast = zext i8 %zext_ln173_159_read"   --->   Operation 251 'zext' 'zext_ln173_159_cast' <Predicate = true> <Delay = 0.00>
ST_1 : Operation 252 [1/1] (0.00ns)   --->   "%zext_ln173_160_cast = zext i8 %zext_ln173_160_read"   --->   Operation 252 'zext' 'zext_ln173_160_cast' <Predicate = true> <Delay = 0.00>
ST_1 : Operation 253 [1/1] (0.00ns)   --->   "%zext_ln173_161_cast = zext i8 %zext_ln173_161_read"   --->   Operation 253 'zext' 'zext_ln173_161_cast' <Predicate = true> <Delay = 0.00>
ST_1 : Operation 254 [1/1] (0.00ns)   --->   "%zext_ln173_162_cast = zext i8 %zext_ln173_162_read"   --->   Operation 254 'zext' 'zext_ln173_162_cast' <Predicate = true> <Delay = 0.00>
ST_1 : Operation 255 [1/1] (0.00ns)   --->   "%zext_ln173_163_cast = zext i8 %zext_ln173_163_read"   --->   Operation 255 'zext' 'zext_ln173_163_cast' <Predicate = true> <Delay = 0.00>
ST_1 : Operation 256 [1/1] (0.00ns)   --->   "%zext_ln173_164_cast = zext i8 %zext_ln173_164_read"   --->   Operation 256 'zext' 'zext_ln173_164_cast' <Predicate = true> <Delay = 0.00>
ST_1 : Operation 257 [1/1] (0.00ns)   --->   "%zext_ln173_165_cast = zext i8 %zext_ln173_165_read"   --->   Operation 257 'zext' 'zext_ln173_165_cast' <Predicate = true> <Delay = 0.00>
ST_1 : Operation 258 [1/1] (0.00ns)   --->   "%zext_ln173_166_cast = zext i8 %zext_ln173_166_read"   --->   Operation 258 'zext' 'zext_ln173_166_cast' <Predicate = true> <Delay = 0.00>
ST_1 : Operation 259 [1/1] (0.00ns)   --->   "%zext_ln173_167_cast = zext i8 %zext_ln173_167_read"   --->   Operation 259 'zext' 'zext_ln173_167_cast' <Predicate = true> <Delay = 0.00>
ST_1 : Operation 260 [1/1] (0.00ns)   --->   "%zext_ln173_168_cast = zext i8 %zext_ln173_168_read"   --->   Operation 260 'zext' 'zext_ln173_168_cast' <Predicate = true> <Delay = 0.00>
ST_1 : Operation 261 [1/1] (0.00ns)   --->   "%zext_ln173_169_cast = zext i8 %zext_ln173_169_read"   --->   Operation 261 'zext' 'zext_ln173_169_cast' <Predicate = true> <Delay = 0.00>
ST_1 : Operation 262 [1/1] (0.00ns)   --->   "%zext_ln173_170_cast = zext i8 %zext_ln173_170_read"   --->   Operation 262 'zext' 'zext_ln173_170_cast' <Predicate = true> <Delay = 0.00>
ST_1 : Operation 263 [1/1] (0.00ns)   --->   "%zext_ln173_171_cast = zext i8 %zext_ln173_171_read"   --->   Operation 263 'zext' 'zext_ln173_171_cast' <Predicate = true> <Delay = 0.00>
ST_1 : Operation 264 [1/1] (0.00ns)   --->   "%zext_ln173_172_cast = zext i8 %zext_ln173_172_read"   --->   Operation 264 'zext' 'zext_ln173_172_cast' <Predicate = true> <Delay = 0.00>
ST_1 : Operation 265 [1/1] (0.00ns)   --->   "%zext_ln173_173_cast = zext i8 %zext_ln173_173_read"   --->   Operation 265 'zext' 'zext_ln173_173_cast' <Predicate = true> <Delay = 0.00>
ST_1 : Operation 266 [1/1] (0.00ns)   --->   "%zext_ln173_174_cast = zext i8 %zext_ln173_174_read"   --->   Operation 266 'zext' 'zext_ln173_174_cast' <Predicate = true> <Delay = 0.00>
ST_1 : Operation 267 [1/1] (0.00ns)   --->   "%zext_ln173_175_cast = zext i8 %zext_ln173_175_read"   --->   Operation 267 'zext' 'zext_ln173_175_cast' <Predicate = true> <Delay = 0.00>
ST_1 : Operation 268 [1/1] (0.00ns)   --->   "%zext_ln173_176_cast = zext i8 %zext_ln173_176_read"   --->   Operation 268 'zext' 'zext_ln173_176_cast' <Predicate = true> <Delay = 0.00>
ST_1 : Operation 269 [1/1] (0.00ns)   --->   "%zext_ln173_177_cast = zext i8 %zext_ln173_177_read"   --->   Operation 269 'zext' 'zext_ln173_177_cast' <Predicate = true> <Delay = 0.00>
ST_1 : Operation 270 [1/1] (0.00ns)   --->   "%zext_ln173_178_cast = zext i8 %zext_ln173_178_read"   --->   Operation 270 'zext' 'zext_ln173_178_cast' <Predicate = true> <Delay = 0.00>
ST_1 : Operation 271 [1/1] (0.00ns)   --->   "%zext_ln173_179_cast = zext i8 %zext_ln173_179_read"   --->   Operation 271 'zext' 'zext_ln173_179_cast' <Predicate = true> <Delay = 0.00>
ST_1 : Operation 272 [1/1] (0.00ns)   --->   "%zext_ln173_180_cast = zext i8 %zext_ln173_180_read"   --->   Operation 272 'zext' 'zext_ln173_180_cast' <Predicate = true> <Delay = 0.00>
ST_1 : Operation 273 [1/1] (0.00ns)   --->   "%zext_ln173_181_cast = zext i8 %zext_ln173_181_read"   --->   Operation 273 'zext' 'zext_ln173_181_cast' <Predicate = true> <Delay = 0.00>
ST_1 : Operation 274 [1/1] (0.00ns)   --->   "%zext_ln173_182_cast = zext i8 %zext_ln173_182_read"   --->   Operation 274 'zext' 'zext_ln173_182_cast' <Predicate = true> <Delay = 0.00>
ST_1 : Operation 275 [1/1] (0.00ns)   --->   "%zext_ln173_183_cast = zext i8 %zext_ln173_183_read"   --->   Operation 275 'zext' 'zext_ln173_183_cast' <Predicate = true> <Delay = 0.00>
ST_1 : Operation 276 [1/1] (0.00ns)   --->   "%zext_ln173_184_cast = zext i8 %zext_ln173_184_read"   --->   Operation 276 'zext' 'zext_ln173_184_cast' <Predicate = true> <Delay = 0.00>
ST_1 : Operation 277 [1/1] (0.00ns)   --->   "%zext_ln173_185_cast = zext i8 %zext_ln173_185_read"   --->   Operation 277 'zext' 'zext_ln173_185_cast' <Predicate = true> <Delay = 0.00>
ST_1 : Operation 278 [1/1] (0.00ns)   --->   "%zext_ln173_186_cast = zext i8 %zext_ln173_186_read"   --->   Operation 278 'zext' 'zext_ln173_186_cast' <Predicate = true> <Delay = 0.00>
ST_1 : Operation 279 [1/1] (0.00ns)   --->   "%zext_ln173_187_cast = zext i8 %zext_ln173_187_read"   --->   Operation 279 'zext' 'zext_ln173_187_cast' <Predicate = true> <Delay = 0.00>
ST_1 : Operation 280 [1/1] (0.00ns)   --->   "%zext_ln173_188_cast = zext i8 %zext_ln173_188_read"   --->   Operation 280 'zext' 'zext_ln173_188_cast' <Predicate = true> <Delay = 0.00>
ST_1 : Operation 281 [1/1] (0.00ns)   --->   "%zext_ln173_189_cast = zext i8 %zext_ln173_189_read"   --->   Operation 281 'zext' 'zext_ln173_189_cast' <Predicate = true> <Delay = 0.00>
ST_1 : Operation 282 [1/1] (0.00ns)   --->   "%zext_ln173_190_cast = zext i8 %zext_ln173_190_read"   --->   Operation 282 'zext' 'zext_ln173_190_cast' <Predicate = true> <Delay = 0.00>
ST_1 : Operation 283 [1/1] (0.00ns)   --->   "%zext_ln167_cast = zext i8 %zext_ln167_read"   --->   Operation 283 'zext' 'zext_ln167_cast' <Predicate = true> <Delay = 0.00>
ST_1 : Operation 284 [1/1] (0.00ns)   --->   "%zext_ln173_cast = zext i8 %zext_ln173_read"   --->   Operation 284 'zext' 'zext_ln173_cast' <Predicate = true> <Delay = 0.00>
ST_1 : Operation 285 [1/1] (0.00ns)   --->   "%zext_ln173_1_cast = zext i8 %zext_ln173_1_read"   --->   Operation 285 'zext' 'zext_ln173_1_cast' <Predicate = true> <Delay = 0.00>
ST_1 : Operation 286 [1/1] (0.00ns)   --->   "%zext_ln173_2_cast = zext i8 %zext_ln173_2_read"   --->   Operation 286 'zext' 'zext_ln173_2_cast' <Predicate = true> <Delay = 0.00>
ST_1 : Operation 287 [1/1] (0.00ns)   --->   "%zext_ln173_3_cast = zext i8 %zext_ln173_3_read"   --->   Operation 287 'zext' 'zext_ln173_3_cast' <Predicate = true> <Delay = 0.00>
ST_1 : Operation 288 [1/1] (0.00ns)   --->   "%zext_ln173_4_cast = zext i8 %zext_ln173_4_read"   --->   Operation 288 'zext' 'zext_ln173_4_cast' <Predicate = true> <Delay = 0.00>
ST_1 : Operation 289 [1/1] (0.00ns)   --->   "%zext_ln173_5_cast = zext i8 %zext_ln173_5_read"   --->   Operation 289 'zext' 'zext_ln173_5_cast' <Predicate = true> <Delay = 0.00>
ST_1 : Operation 290 [1/1] (0.00ns)   --->   "%zext_ln173_6_cast = zext i8 %zext_ln173_6_read"   --->   Operation 290 'zext' 'zext_ln173_6_cast' <Predicate = true> <Delay = 0.00>
ST_1 : Operation 291 [1/1] (0.00ns)   --->   "%zext_ln173_7_cast = zext i8 %zext_ln173_7_read"   --->   Operation 291 'zext' 'zext_ln173_7_cast' <Predicate = true> <Delay = 0.00>
ST_1 : Operation 292 [1/1] (0.00ns)   --->   "%zext_ln173_8_cast = zext i8 %zext_ln173_8_read"   --->   Operation 292 'zext' 'zext_ln173_8_cast' <Predicate = true> <Delay = 0.00>
ST_1 : Operation 293 [1/1] (0.00ns)   --->   "%zext_ln173_9_cast = zext i8 %zext_ln173_9_read"   --->   Operation 293 'zext' 'zext_ln173_9_cast' <Predicate = true> <Delay = 0.00>
ST_1 : Operation 294 [1/1] (0.00ns)   --->   "%zext_ln173_10_cast = zext i8 %zext_ln173_10_read"   --->   Operation 294 'zext' 'zext_ln173_10_cast' <Predicate = true> <Delay = 0.00>
ST_1 : Operation 295 [1/1] (0.00ns)   --->   "%zext_ln173_11_cast = zext i8 %zext_ln173_11_read"   --->   Operation 295 'zext' 'zext_ln173_11_cast' <Predicate = true> <Delay = 0.00>
ST_1 : Operation 296 [1/1] (0.00ns)   --->   "%zext_ln173_12_cast = zext i8 %zext_ln173_12_read"   --->   Operation 296 'zext' 'zext_ln173_12_cast' <Predicate = true> <Delay = 0.00>
ST_1 : Operation 297 [1/1] (0.00ns)   --->   "%zext_ln173_13_cast = zext i8 %zext_ln173_13_read"   --->   Operation 297 'zext' 'zext_ln173_13_cast' <Predicate = true> <Delay = 0.00>
ST_1 : Operation 298 [1/1] (0.00ns)   --->   "%zext_ln173_14_cast = zext i8 %zext_ln173_14_read"   --->   Operation 298 'zext' 'zext_ln173_14_cast' <Predicate = true> <Delay = 0.00>
ST_1 : Operation 299 [1/1] (0.00ns)   --->   "%zext_ln173_15_cast = zext i8 %zext_ln173_15_read"   --->   Operation 299 'zext' 'zext_ln173_15_cast' <Predicate = true> <Delay = 0.00>
ST_1 : Operation 300 [1/1] (0.00ns)   --->   "%zext_ln173_16_cast = zext i8 %zext_ln173_16_read"   --->   Operation 300 'zext' 'zext_ln173_16_cast' <Predicate = true> <Delay = 0.00>
ST_1 : Operation 301 [1/1] (0.00ns)   --->   "%zext_ln173_17_cast = zext i8 %zext_ln173_17_read"   --->   Operation 301 'zext' 'zext_ln173_17_cast' <Predicate = true> <Delay = 0.00>
ST_1 : Operation 302 [1/1] (0.00ns)   --->   "%zext_ln173_18_cast = zext i8 %zext_ln173_18_read"   --->   Operation 302 'zext' 'zext_ln173_18_cast' <Predicate = true> <Delay = 0.00>
ST_1 : Operation 303 [1/1] (0.00ns)   --->   "%zext_ln173_19_cast = zext i8 %zext_ln173_19_read"   --->   Operation 303 'zext' 'zext_ln173_19_cast' <Predicate = true> <Delay = 0.00>
ST_1 : Operation 304 [1/1] (0.00ns)   --->   "%zext_ln173_20_cast = zext i8 %zext_ln173_20_read"   --->   Operation 304 'zext' 'zext_ln173_20_cast' <Predicate = true> <Delay = 0.00>
ST_1 : Operation 305 [1/1] (0.00ns)   --->   "%zext_ln173_21_cast = zext i8 %zext_ln173_21_read"   --->   Operation 305 'zext' 'zext_ln173_21_cast' <Predicate = true> <Delay = 0.00>
ST_1 : Operation 306 [1/1] (0.00ns)   --->   "%zext_ln173_22_cast = zext i8 %zext_ln173_22_read"   --->   Operation 306 'zext' 'zext_ln173_22_cast' <Predicate = true> <Delay = 0.00>
ST_1 : Operation 307 [1/1] (0.00ns)   --->   "%zext_ln173_23_cast = zext i8 %zext_ln173_23_read"   --->   Operation 307 'zext' 'zext_ln173_23_cast' <Predicate = true> <Delay = 0.00>
ST_1 : Operation 308 [1/1] (0.00ns)   --->   "%zext_ln173_24_cast = zext i8 %zext_ln173_24_read"   --->   Operation 308 'zext' 'zext_ln173_24_cast' <Predicate = true> <Delay = 0.00>
ST_1 : Operation 309 [1/1] (0.00ns)   --->   "%zext_ln173_25_cast = zext i8 %zext_ln173_25_read"   --->   Operation 309 'zext' 'zext_ln173_25_cast' <Predicate = true> <Delay = 0.00>
ST_1 : Operation 310 [1/1] (0.00ns)   --->   "%zext_ln173_26_cast = zext i8 %zext_ln173_26_read"   --->   Operation 310 'zext' 'zext_ln173_26_cast' <Predicate = true> <Delay = 0.00>
ST_1 : Operation 311 [1/1] (0.00ns)   --->   "%zext_ln173_27_cast = zext i8 %zext_ln173_27_read"   --->   Operation 311 'zext' 'zext_ln173_27_cast' <Predicate = true> <Delay = 0.00>
ST_1 : Operation 312 [1/1] (0.00ns)   --->   "%zext_ln173_28_cast = zext i8 %zext_ln173_28_read"   --->   Operation 312 'zext' 'zext_ln173_28_cast' <Predicate = true> <Delay = 0.00>
ST_1 : Operation 313 [1/1] (0.00ns)   --->   "%zext_ln173_29_cast = zext i8 %zext_ln173_29_read"   --->   Operation 313 'zext' 'zext_ln173_29_cast' <Predicate = true> <Delay = 0.00>
ST_1 : Operation 314 [1/1] (0.00ns)   --->   "%zext_ln173_30_cast = zext i8 %zext_ln173_30_read"   --->   Operation 314 'zext' 'zext_ln173_30_cast' <Predicate = true> <Delay = 0.00>
ST_1 : Operation 315 [1/1] (0.00ns)   --->   "%zext_ln173_31_cast = zext i8 %zext_ln173_31_read"   --->   Operation 315 'zext' 'zext_ln173_31_cast' <Predicate = true> <Delay = 0.00>
ST_1 : Operation 316 [1/1] (0.00ns)   --->   "%zext_ln173_32_cast = zext i8 %zext_ln173_32_read"   --->   Operation 316 'zext' 'zext_ln173_32_cast' <Predicate = true> <Delay = 0.00>
ST_1 : Operation 317 [1/1] (0.00ns)   --->   "%zext_ln173_33_cast = zext i8 %zext_ln173_33_read"   --->   Operation 317 'zext' 'zext_ln173_33_cast' <Predicate = true> <Delay = 0.00>
ST_1 : Operation 318 [1/1] (0.00ns)   --->   "%zext_ln173_34_cast = zext i8 %zext_ln173_34_read"   --->   Operation 318 'zext' 'zext_ln173_34_cast' <Predicate = true> <Delay = 0.00>
ST_1 : Operation 319 [1/1] (0.00ns)   --->   "%zext_ln173_35_cast = zext i8 %zext_ln173_35_read"   --->   Operation 319 'zext' 'zext_ln173_35_cast' <Predicate = true> <Delay = 0.00>
ST_1 : Operation 320 [1/1] (0.00ns)   --->   "%zext_ln173_36_cast = zext i8 %zext_ln173_36_read"   --->   Operation 320 'zext' 'zext_ln173_36_cast' <Predicate = true> <Delay = 0.00>
ST_1 : Operation 321 [1/1] (0.00ns)   --->   "%zext_ln173_37_cast = zext i8 %zext_ln173_37_read"   --->   Operation 321 'zext' 'zext_ln173_37_cast' <Predicate = true> <Delay = 0.00>
ST_1 : Operation 322 [1/1] (0.00ns)   --->   "%zext_ln173_38_cast = zext i8 %zext_ln173_38_read"   --->   Operation 322 'zext' 'zext_ln173_38_cast' <Predicate = true> <Delay = 0.00>
ST_1 : Operation 323 [1/1] (0.00ns)   --->   "%zext_ln173_39_cast = zext i8 %zext_ln173_39_read"   --->   Operation 323 'zext' 'zext_ln173_39_cast' <Predicate = true> <Delay = 0.00>
ST_1 : Operation 324 [1/1] (0.00ns)   --->   "%zext_ln173_40_cast = zext i8 %zext_ln173_40_read"   --->   Operation 324 'zext' 'zext_ln173_40_cast' <Predicate = true> <Delay = 0.00>
ST_1 : Operation 325 [1/1] (0.00ns)   --->   "%zext_ln173_41_cast = zext i8 %zext_ln173_41_read"   --->   Operation 325 'zext' 'zext_ln173_41_cast' <Predicate = true> <Delay = 0.00>
ST_1 : Operation 326 [1/1] (0.00ns)   --->   "%zext_ln173_42_cast = zext i8 %zext_ln173_42_read"   --->   Operation 326 'zext' 'zext_ln173_42_cast' <Predicate = true> <Delay = 0.00>
ST_1 : Operation 327 [1/1] (0.00ns)   --->   "%zext_ln173_43_cast = zext i8 %zext_ln173_43_read"   --->   Operation 327 'zext' 'zext_ln173_43_cast' <Predicate = true> <Delay = 0.00>
ST_1 : Operation 328 [1/1] (0.00ns)   --->   "%zext_ln173_44_cast = zext i8 %zext_ln173_44_read"   --->   Operation 328 'zext' 'zext_ln173_44_cast' <Predicate = true> <Delay = 0.00>
ST_1 : Operation 329 [1/1] (0.00ns)   --->   "%zext_ln173_45_cast = zext i8 %zext_ln173_45_read"   --->   Operation 329 'zext' 'zext_ln173_45_cast' <Predicate = true> <Delay = 0.00>
ST_1 : Operation 330 [1/1] (0.00ns)   --->   "%zext_ln173_46_cast = zext i8 %zext_ln173_46_read"   --->   Operation 330 'zext' 'zext_ln173_46_cast' <Predicate = true> <Delay = 0.00>
ST_1 : Operation 331 [1/1] (0.00ns)   --->   "%zext_ln173_48_cast = zext i8 %zext_ln173_48_read"   --->   Operation 331 'zext' 'zext_ln173_48_cast' <Predicate = true> <Delay = 0.00>
ST_1 : Operation 332 [1/1] (0.00ns)   --->   "%zext_ln173_49_cast = zext i8 %zext_ln173_49_read"   --->   Operation 332 'zext' 'zext_ln173_49_cast' <Predicate = true> <Delay = 0.00>
ST_1 : Operation 333 [1/1] (0.00ns)   --->   "%zext_ln173_50_cast = zext i8 %zext_ln173_50_read"   --->   Operation 333 'zext' 'zext_ln173_50_cast' <Predicate = true> <Delay = 0.00>
ST_1 : Operation 334 [1/1] (0.00ns)   --->   "%zext_ln173_51_cast = zext i8 %zext_ln173_51_read"   --->   Operation 334 'zext' 'zext_ln173_51_cast' <Predicate = true> <Delay = 0.00>
ST_1 : Operation 335 [1/1] (0.00ns)   --->   "%zext_ln173_52_cast = zext i8 %zext_ln173_52_read"   --->   Operation 335 'zext' 'zext_ln173_52_cast' <Predicate = true> <Delay = 0.00>
ST_1 : Operation 336 [1/1] (0.00ns)   --->   "%zext_ln173_53_cast = zext i8 %zext_ln173_53_read"   --->   Operation 336 'zext' 'zext_ln173_53_cast' <Predicate = true> <Delay = 0.00>
ST_1 : Operation 337 [1/1] (0.00ns)   --->   "%zext_ln173_54_cast = zext i8 %zext_ln173_54_read"   --->   Operation 337 'zext' 'zext_ln173_54_cast' <Predicate = true> <Delay = 0.00>
ST_1 : Operation 338 [1/1] (0.00ns)   --->   "%zext_ln173_55_cast = zext i8 %zext_ln173_55_read"   --->   Operation 338 'zext' 'zext_ln173_55_cast' <Predicate = true> <Delay = 0.00>
ST_1 : Operation 339 [1/1] (0.00ns)   --->   "%zext_ln173_56_cast = zext i8 %zext_ln173_56_read"   --->   Operation 339 'zext' 'zext_ln173_56_cast' <Predicate = true> <Delay = 0.00>
ST_1 : Operation 340 [1/1] (0.00ns)   --->   "%zext_ln173_57_cast = zext i8 %zext_ln173_57_read"   --->   Operation 340 'zext' 'zext_ln173_57_cast' <Predicate = true> <Delay = 0.00>
ST_1 : Operation 341 [1/1] (0.00ns)   --->   "%zext_ln173_58_cast = zext i8 %zext_ln173_58_read"   --->   Operation 341 'zext' 'zext_ln173_58_cast' <Predicate = true> <Delay = 0.00>
ST_1 : Operation 342 [1/1] (0.00ns)   --->   "%zext_ln173_59_cast = zext i8 %zext_ln173_59_read"   --->   Operation 342 'zext' 'zext_ln173_59_cast' <Predicate = true> <Delay = 0.00>
ST_1 : Operation 343 [1/1] (0.00ns)   --->   "%zext_ln173_60_cast = zext i8 %zext_ln173_60_read"   --->   Operation 343 'zext' 'zext_ln173_60_cast' <Predicate = true> <Delay = 0.00>
ST_1 : Operation 344 [1/1] (0.00ns)   --->   "%zext_ln173_61_cast = zext i8 %zext_ln173_61_read"   --->   Operation 344 'zext' 'zext_ln173_61_cast' <Predicate = true> <Delay = 0.00>
ST_1 : Operation 345 [1/1] (0.00ns)   --->   "%zext_ln173_62_cast = zext i8 %zext_ln173_62_read"   --->   Operation 345 'zext' 'zext_ln173_62_cast' <Predicate = true> <Delay = 0.00>
ST_1 : Operation 346 [1/1] (0.00ns)   --->   "%zext_ln173_63_cast = zext i8 %zext_ln173_63_read"   --->   Operation 346 'zext' 'zext_ln173_63_cast' <Predicate = true> <Delay = 0.00>
ST_1 : Operation 347 [1/1] (0.00ns)   --->   "%zext_ln173_65_cast = zext i8 %zext_ln173_65_read"   --->   Operation 347 'zext' 'zext_ln173_65_cast' <Predicate = true> <Delay = 0.00>
ST_1 : Operation 348 [1/1] (0.00ns)   --->   "%zext_ln173_66_cast = zext i8 %zext_ln173_66_read"   --->   Operation 348 'zext' 'zext_ln173_66_cast' <Predicate = true> <Delay = 0.00>
ST_1 : Operation 349 [1/1] (0.00ns)   --->   "%zext_ln173_67_cast = zext i8 %zext_ln173_67_read"   --->   Operation 349 'zext' 'zext_ln173_67_cast' <Predicate = true> <Delay = 0.00>
ST_1 : Operation 350 [1/1] (0.00ns)   --->   "%zext_ln173_68_cast = zext i8 %zext_ln173_68_read"   --->   Operation 350 'zext' 'zext_ln173_68_cast' <Predicate = true> <Delay = 0.00>
ST_1 : Operation 351 [1/1] (0.00ns)   --->   "%zext_ln173_69_cast = zext i8 %zext_ln173_69_read"   --->   Operation 351 'zext' 'zext_ln173_69_cast' <Predicate = true> <Delay = 0.00>
ST_1 : Operation 352 [1/1] (0.00ns)   --->   "%zext_ln173_70_cast = zext i8 %zext_ln173_70_read"   --->   Operation 352 'zext' 'zext_ln173_70_cast' <Predicate = true> <Delay = 0.00>
ST_1 : Operation 353 [1/1] (0.00ns)   --->   "%zext_ln173_71_cast = zext i8 %zext_ln173_71_read"   --->   Operation 353 'zext' 'zext_ln173_71_cast' <Predicate = true> <Delay = 0.00>
ST_1 : Operation 354 [1/1] (0.00ns)   --->   "%zext_ln173_72_cast = zext i8 %zext_ln173_72_read"   --->   Operation 354 'zext' 'zext_ln173_72_cast' <Predicate = true> <Delay = 0.00>
ST_1 : Operation 355 [1/1] (0.00ns)   --->   "%zext_ln173_73_cast = zext i8 %zext_ln173_73_read"   --->   Operation 355 'zext' 'zext_ln173_73_cast' <Predicate = true> <Delay = 0.00>
ST_1 : Operation 356 [1/1] (0.00ns)   --->   "%zext_ln173_74_cast = zext i8 %zext_ln173_74_read"   --->   Operation 356 'zext' 'zext_ln173_74_cast' <Predicate = true> <Delay = 0.00>
ST_1 : Operation 357 [1/1] (0.00ns)   --->   "%zext_ln173_75_cast = zext i8 %zext_ln173_75_read"   --->   Operation 357 'zext' 'zext_ln173_75_cast' <Predicate = true> <Delay = 0.00>
ST_1 : Operation 358 [1/1] (0.00ns)   --->   "%zext_ln173_76_cast = zext i8 %zext_ln173_76_read"   --->   Operation 358 'zext' 'zext_ln173_76_cast' <Predicate = true> <Delay = 0.00>
ST_1 : Operation 359 [1/1] (0.00ns)   --->   "%zext_ln173_77_cast = zext i8 %zext_ln173_77_read"   --->   Operation 359 'zext' 'zext_ln173_77_cast' <Predicate = true> <Delay = 0.00>
ST_1 : Operation 360 [1/1] (0.00ns)   --->   "%zext_ln173_78_cast = zext i8 %zext_ln173_78_read"   --->   Operation 360 'zext' 'zext_ln173_78_cast' <Predicate = true> <Delay = 0.00>
ST_1 : Operation 361 [1/1] (0.00ns)   --->   "%zext_ln173_79_cast = zext i8 %zext_ln173_79_read"   --->   Operation 361 'zext' 'zext_ln173_79_cast' <Predicate = true> <Delay = 0.00>
ST_1 : Operation 362 [1/1] (0.00ns)   --->   "%zext_ln173_80_cast = zext i8 %zext_ln173_80_read"   --->   Operation 362 'zext' 'zext_ln173_80_cast' <Predicate = true> <Delay = 0.00>
ST_1 : Operation 363 [1/1] (0.00ns)   --->   "%zext_ln173_81_cast = zext i8 %zext_ln173_81_read"   --->   Operation 363 'zext' 'zext_ln173_81_cast' <Predicate = true> <Delay = 0.00>
ST_1 : Operation 364 [1/1] (0.00ns)   --->   "%zext_ln173_82_cast = zext i8 %zext_ln173_82_read"   --->   Operation 364 'zext' 'zext_ln173_82_cast' <Predicate = true> <Delay = 0.00>
ST_1 : Operation 365 [1/1] (0.00ns)   --->   "%zext_ln173_83_cast = zext i8 %zext_ln173_83_read"   --->   Operation 365 'zext' 'zext_ln173_83_cast' <Predicate = true> <Delay = 0.00>
ST_1 : Operation 366 [1/1] (0.00ns)   --->   "%zext_ln173_84_cast = zext i8 %zext_ln173_84_read"   --->   Operation 366 'zext' 'zext_ln173_84_cast' <Predicate = true> <Delay = 0.00>
ST_1 : Operation 367 [1/1] (0.00ns)   --->   "%zext_ln173_85_cast = zext i8 %zext_ln173_85_read"   --->   Operation 367 'zext' 'zext_ln173_85_cast' <Predicate = true> <Delay = 0.00>
ST_1 : Operation 368 [1/1] (0.00ns)   --->   "%zext_ln173_86_cast = zext i8 %zext_ln173_86_read"   --->   Operation 368 'zext' 'zext_ln173_86_cast' <Predicate = true> <Delay = 0.00>
ST_1 : Operation 369 [1/1] (0.00ns)   --->   "%zext_ln173_87_cast = zext i8 %zext_ln173_87_read"   --->   Operation 369 'zext' 'zext_ln173_87_cast' <Predicate = true> <Delay = 0.00>
ST_1 : Operation 370 [1/1] (0.00ns)   --->   "%zext_ln173_88_cast = zext i8 %zext_ln173_88_read"   --->   Operation 370 'zext' 'zext_ln173_88_cast' <Predicate = true> <Delay = 0.00>
ST_1 : Operation 371 [1/1] (0.00ns)   --->   "%zext_ln173_89_cast = zext i8 %zext_ln173_89_read"   --->   Operation 371 'zext' 'zext_ln173_89_cast' <Predicate = true> <Delay = 0.00>
ST_1 : Operation 372 [1/1] (0.00ns)   --->   "%zext_ln173_90_cast = zext i8 %zext_ln173_90_read"   --->   Operation 372 'zext' 'zext_ln173_90_cast' <Predicate = true> <Delay = 0.00>
ST_1 : Operation 373 [1/1] (0.00ns)   --->   "%zext_ln173_91_cast = zext i8 %zext_ln173_91_read"   --->   Operation 373 'zext' 'zext_ln173_91_cast' <Predicate = true> <Delay = 0.00>
ST_1 : Operation 374 [1/1] (0.00ns)   --->   "%zext_ln173_92_cast = zext i8 %zext_ln173_92_read"   --->   Operation 374 'zext' 'zext_ln173_92_cast' <Predicate = true> <Delay = 0.00>
ST_1 : Operation 375 [1/1] (0.00ns)   --->   "%zext_ln173_93_cast = zext i8 %zext_ln173_93_read"   --->   Operation 375 'zext' 'zext_ln173_93_cast' <Predicate = true> <Delay = 0.00>
ST_1 : Operation 376 [1/1] (0.00ns)   --->   "%zext_ln173_94_cast = zext i8 %zext_ln173_94_read"   --->   Operation 376 'zext' 'zext_ln173_94_cast' <Predicate = true> <Delay = 0.00>
ST_1 : Operation 377 [1/1] (0.00ns)   --->   "%zext_ln173_95_cast = zext i8 %zext_ln173_95_read"   --->   Operation 377 'zext' 'zext_ln173_95_cast' <Predicate = true> <Delay = 0.00>
ST_1 : Operation 378 [1/1] (0.00ns)   --->   "%zext_ln173_96_cast = zext i8 %zext_ln173_96_read"   --->   Operation 378 'zext' 'zext_ln173_96_cast' <Predicate = true> <Delay = 0.00>
ST_1 : Operation 379 [1/1] (0.00ns)   --->   "%zext_ln173_98_cast = zext i8 %zext_ln173_98_read"   --->   Operation 379 'zext' 'zext_ln173_98_cast' <Predicate = true> <Delay = 0.00>
ST_1 : Operation 380 [1/1] (0.00ns)   --->   "%zext_ln173_99_cast = zext i8 %zext_ln173_99_read"   --->   Operation 380 'zext' 'zext_ln173_99_cast' <Predicate = true> <Delay = 0.00>
ST_1 : Operation 381 [1/1] (0.00ns)   --->   "%zext_ln173_100_cast = zext i8 %zext_ln173_100_read"   --->   Operation 381 'zext' 'zext_ln173_100_cast' <Predicate = true> <Delay = 0.00>
ST_1 : Operation 382 [1/1] (0.00ns)   --->   "%zext_ln173_101_cast = zext i8 %zext_ln173_101_read"   --->   Operation 382 'zext' 'zext_ln173_101_cast' <Predicate = true> <Delay = 0.00>
ST_1 : Operation 383 [1/1] (0.00ns)   --->   "%zext_ln173_102_cast = zext i8 %zext_ln173_102_read"   --->   Operation 383 'zext' 'zext_ln173_102_cast' <Predicate = true> <Delay = 0.00>
ST_1 : Operation 384 [1/1] (0.00ns)   --->   "%zext_ln173_103_cast = zext i8 %zext_ln173_103_read"   --->   Operation 384 'zext' 'zext_ln173_103_cast' <Predicate = true> <Delay = 0.00>
ST_1 : Operation 385 [1/1] (0.00ns)   --->   "%zext_ln173_104_cast = zext i8 %zext_ln173_104_read"   --->   Operation 385 'zext' 'zext_ln173_104_cast' <Predicate = true> <Delay = 0.00>
ST_1 : Operation 386 [1/1] (0.00ns)   --->   "%zext_ln173_105_cast = zext i8 %zext_ln173_105_read"   --->   Operation 386 'zext' 'zext_ln173_105_cast' <Predicate = true> <Delay = 0.00>
ST_1 : Operation 387 [1/1] (0.00ns)   --->   "%zext_ln173_106_cast = zext i8 %zext_ln173_106_read"   --->   Operation 387 'zext' 'zext_ln173_106_cast' <Predicate = true> <Delay = 0.00>
ST_1 : Operation 388 [1/1] (0.00ns)   --->   "%zext_ln173_107_cast = zext i8 %zext_ln173_107_read"   --->   Operation 388 'zext' 'zext_ln173_107_cast' <Predicate = true> <Delay = 0.00>
ST_1 : Operation 389 [1/1] (0.00ns)   --->   "%zext_ln173_108_cast = zext i8 %zext_ln173_108_read"   --->   Operation 389 'zext' 'zext_ln173_108_cast' <Predicate = true> <Delay = 0.00>
ST_1 : Operation 390 [1/1] (0.00ns)   --->   "%zext_ln173_109_cast = zext i8 %zext_ln173_109_read"   --->   Operation 390 'zext' 'zext_ln173_109_cast' <Predicate = true> <Delay = 0.00>
ST_1 : Operation 391 [1/1] (0.00ns)   --->   "%zext_ln173_110_cast = zext i8 %zext_ln173_110_read"   --->   Operation 391 'zext' 'zext_ln173_110_cast' <Predicate = true> <Delay = 0.00>
ST_1 : Operation 392 [1/1] (0.00ns)   --->   "%zext_ln173_111_cast = zext i8 %zext_ln173_111_read"   --->   Operation 392 'zext' 'zext_ln173_111_cast' <Predicate = true> <Delay = 0.00>
ST_1 : Operation 393 [1/1] (0.00ns)   --->   "%zext_ln173_112_cast = zext i8 %zext_ln173_112_read"   --->   Operation 393 'zext' 'zext_ln173_112_cast' <Predicate = true> <Delay = 0.00>
ST_1 : Operation 394 [1/1] (0.00ns)   --->   "%zext_ln173_113_cast = zext i8 %zext_ln173_113_read"   --->   Operation 394 'zext' 'zext_ln173_113_cast' <Predicate = true> <Delay = 0.00>
ST_1 : Operation 395 [1/1] (0.00ns)   --->   "%zext_ln173_114_cast = zext i8 %zext_ln173_114_read"   --->   Operation 395 'zext' 'zext_ln173_114_cast' <Predicate = true> <Delay = 0.00>
ST_1 : Operation 396 [1/1] (0.00ns)   --->   "%zext_ln173_115_cast = zext i8 %zext_ln173_115_read"   --->   Operation 396 'zext' 'zext_ln173_115_cast' <Predicate = true> <Delay = 0.00>
ST_1 : Operation 397 [1/1] (0.00ns)   --->   "%zext_ln173_116_cast = zext i8 %zext_ln173_116_read"   --->   Operation 397 'zext' 'zext_ln173_116_cast' <Predicate = true> <Delay = 0.00>
ST_1 : Operation 398 [1/1] (0.00ns)   --->   "%zext_ln173_117_cast = zext i8 %zext_ln173_117_read"   --->   Operation 398 'zext' 'zext_ln173_117_cast' <Predicate = true> <Delay = 0.00>
ST_1 : Operation 399 [1/1] (0.00ns)   --->   "%zext_ln173_118_cast = zext i8 %zext_ln173_118_read"   --->   Operation 399 'zext' 'zext_ln173_118_cast' <Predicate = true> <Delay = 0.00>
ST_1 : Operation 400 [1/1] (0.00ns)   --->   "%zext_ln173_119_cast = zext i8 %zext_ln173_119_read"   --->   Operation 400 'zext' 'zext_ln173_119_cast' <Predicate = true> <Delay = 0.00>
ST_1 : Operation 401 [1/1] (0.00ns)   --->   "%zext_ln173_120_cast = zext i8 %zext_ln173_120_read"   --->   Operation 401 'zext' 'zext_ln173_120_cast' <Predicate = true> <Delay = 0.00>
ST_1 : Operation 402 [1/1] (0.00ns)   --->   "%zext_ln173_121_cast = zext i8 %zext_ln173_121_read"   --->   Operation 402 'zext' 'zext_ln173_121_cast' <Predicate = true> <Delay = 0.00>
ST_1 : Operation 403 [1/1] (0.00ns)   --->   "%zext_ln173_122_cast = zext i8 %zext_ln173_122_read"   --->   Operation 403 'zext' 'zext_ln173_122_cast' <Predicate = true> <Delay = 0.00>
ST_1 : Operation 404 [1/1] (0.00ns)   --->   "%zext_ln173_123_cast = zext i8 %zext_ln173_123_read"   --->   Operation 404 'zext' 'zext_ln173_123_cast' <Predicate = true> <Delay = 0.00>
ST_1 : Operation 405 [1/1] (0.00ns)   --->   "%zext_ln173_124_cast = zext i8 %zext_ln173_124_read"   --->   Operation 405 'zext' 'zext_ln173_124_cast' <Predicate = true> <Delay = 0.00>
ST_1 : Operation 406 [1/1] (0.00ns)   --->   "%zext_ln173_125_cast = zext i8 %zext_ln173_125_read"   --->   Operation 406 'zext' 'zext_ln173_125_cast' <Predicate = true> <Delay = 0.00>
ST_1 : Operation 407 [1/1] (0.00ns)   --->   "%zext_ln173_126_cast = zext i8 %zext_ln173_126_read"   --->   Operation 407 'zext' 'zext_ln173_126_cast' <Predicate = true> <Delay = 0.00>
ST_1 : Operation 408 [1/1] (0.00ns)   --->   "%zext_ln173_127_cast = zext i8 %zext_ln173_127_read"   --->   Operation 408 'zext' 'zext_ln173_127_cast' <Predicate = true> <Delay = 0.00>
ST_1 : Operation 409 [1/1] (0.00ns)   --->   "%zext_ln173_128_cast = zext i8 %zext_ln173_128_read"   --->   Operation 409 'zext' 'zext_ln173_128_cast' <Predicate = true> <Delay = 0.00>
ST_1 : Operation 410 [1/1] (1.58ns)   --->   "%store_ln167 = store i2 0, i2 %out_class" [../cnn_hls.cpp:167]   --->   Operation 410 'store' 'store_ln167' <Predicate = true> <Delay = 1.58>
ST_1 : Operation 411 [1/1] (0.00ns)   --->   "%br_ln0 = br void %VITIS_LOOP_171_16"   --->   Operation 411 'br' 'br_ln0' <Predicate = true> <Delay = 0.00>
ST_1 : Operation 412 [1/1] (0.00ns)   --->   "%out_class_1 = load i2 %out_class" [../cnn_hls.cpp:167]   --->   Operation 412 'load' 'out_class_1' <Predicate = true> <Delay = 0.00>
ST_1 : Operation 413 [1/1] (1.56ns)   --->   "%icmp_ln167 = icmp_eq  i2 %out_class_1, i2 2" [../cnn_hls.cpp:167]   --->   Operation 413 'icmp' 'icmp_ln167' <Predicate = true> <Delay = 1.56> <CoreInst = "Cmp">   --->   Core 9 'Cmp' <Latency = 0> <II = 1> <Delay = 1.56> <FuncUnit> <Opcode : 'seteq' 'setne' 'setle' 'setge' 'setlt' 'setgt'> <InPorts = 2> <OutPorts = 1>
ST_1 : Operation 414 [1/1] (1.56ns)   --->   "%add_ln167 = add i2 %out_class_1, i2 1" [../cnn_hls.cpp:167]   --->   Operation 414 'add' 'add_ln167' <Predicate = true> <Delay = 1.56> <CoreInst = "Adder">   --->   Core 1 'Adder' <Latency = 0> <II = 1> <Delay = 1.56> <FuncUnit> <Opcode : 'add' 'sub'> <InPorts = 2> <OutPorts = 1>
ST_1 : Operation 415 [1/1] (0.00ns)   --->   "%br_ln167 = br i1 %icmp_ln167, void %VITIS_LOOP_171_16.split, void %VITIS_LOOP_181_17.exitStub" [../cnn_hls.cpp:167]   --->   Operation 415 'br' 'br_ln167' <Predicate = true> <Delay = 0.00>
ST_1 : Operation 416 [1/1] (1.56ns)   --->   "%icmp_ln169 = icmp_eq  i2 %out_class_1, i2 1" [../cnn_hls.cpp:169]   --->   Operation 416 'icmp' 'icmp_ln169' <Predicate = (!icmp_ln167)> <Delay = 1.56> <CoreInst = "Cmp">   --->   Core 9 'Cmp' <Latency = 0> <II = 1> <Delay = 1.56> <FuncUnit> <Opcode : 'seteq' 'setne' 'setle' 'setge' 'setlt' 'setgt'> <InPorts = 2> <OutPorts = 1>
ST_1 : Operation 417 [1/1] (1.02ns)   --->   "%select_ln173_15 = select i1 %icmp_ln169, i12 4093, i12 4091" [../cnn_hls.cpp:173]   --->   Operation 417 'select' 'select_ln173_15' <Predicate = (!icmp_ln167)> <Delay = 1.02> <CoreInst = "Sel">   --->   Core 73 'Sel' <Latency = 0> <II = 1> <Delay = 1.02> <FuncUnit> <Opcode : 'select'> <InPorts = 3> <OutPorts = 1>
ST_1 : Operation 418 [1/1] (0.99ns)   --->   "%select_ln173_20 = select i1 %icmp_ln169, i15 32721, i15 32741" [../cnn_hls.cpp:173]   --->   Operation 418 'select' 'select_ln173_20' <Predicate = (!icmp_ln167)> <Delay = 0.99> <CoreInst = "Sel">   --->   Core 73 'Sel' <Latency = 0> <II = 1> <Delay = 0.99> <FuncUnit> <Opcode : 'select'> <InPorts = 3> <OutPorts = 1>
ST_1 : Operation 419 [1/1] (0.99ns)   --->   "%select_ln173_68 = select i1 %icmp_ln169, i15 39, i15 32709" [../cnn_hls.cpp:173]   --->   Operation 419 'select' 'select_ln173_68' <Predicate = (!icmp_ln167)> <Delay = 0.99> <CoreInst = "Sel">   --->   Core 73 'Sel' <Latency = 0> <II = 1> <Delay = 0.99> <FuncUnit> <Opcode : 'select'> <InPorts = 3> <OutPorts = 1>
ST_1 : Operation 420 [1/1] (0.99ns)   --->   "%select_ln173_102 = select i1 %icmp_ln169, i15 36, i15 32763" [../cnn_hls.cpp:173]   --->   Operation 420 'select' 'select_ln173_102' <Predicate = (!icmp_ln167)> <Delay = 0.99> <CoreInst = "Sel">   --->   Core 73 'Sel' <Latency = 0> <II = 1> <Delay = 0.99> <FuncUnit> <Opcode : 'select'> <InPorts = 3> <OutPorts = 1>
ST_1 : Operation 421 [1/1] (1.18ns)   --->   "%select_ln173_111 = select i1 %icmp_ln169, i14 17, i14 16371" [../cnn_hls.cpp:173]   --->   Operation 421 'select' 'select_ln173_111' <Predicate = (!icmp_ln167)> <Delay = 1.18> <CoreInst = "Sel">   --->   Core 73 'Sel' <Latency = 0> <II = 1> <Delay = 1.18> <FuncUnit> <Opcode : 'select'> <InPorts = 3> <OutPorts = 1>
ST_1 : Operation 422 [1/1] (1.24ns)   --->   "%select_ln173_125 = select i1 %icmp_ln169, i16 65467, i16 37" [../cnn_hls.cpp:173]   --->   Operation 422 'select' 'select_ln173_125' <Predicate = (!icmp_ln167)> <Delay = 1.24> <CoreInst = "Sel">   --->   Core 73 'Sel' <Latency = 0> <II = 1> <Delay = 1.24> <FuncUnit> <Opcode : 'select'> <InPorts = 3> <OutPorts = 1>
ST_1 : Operation 423 [1/1] (0.99ns)   --->   "%select_ln173_130 = select i1 %icmp_ln169, i15 14, i15 32724" [../cnn_hls.cpp:173]   --->   Operation 423 'select' 'select_ln173_130' <Predicate = (!icmp_ln167)> <Delay = 0.99> <CoreInst = "Sel">   --->   Core 73 'Sel' <Latency = 0> <II = 1> <Delay = 0.99> <FuncUnit> <Opcode : 'select'> <InPorts = 3> <OutPorts = 1>
ST_1 : Operation 424 [1/1] (1.18ns)   --->   "%select_ln173_132 = select i1 %icmp_ln169, i14 16355, i14 16358" [../cnn_hls.cpp:173]   --->   Operation 424 'select' 'select_ln173_132' <Predicate = (!icmp_ln167)> <Delay = 1.18> <CoreInst = "Sel">   --->   Core 73 'Sel' <Latency = 0> <II = 1> <Delay = 1.18> <FuncUnit> <Opcode : 'select'> <InPorts = 3> <OutPorts = 1>
ST_1 : Operation 425 [1/1] (0.99ns)   --->   "%select_ln173_134 = select i1 %icmp_ln169, i15 32715, i15 32758" [../cnn_hls.cpp:173]   --->   Operation 425 'select' 'select_ln173_134' <Predicate = (!icmp_ln167)> <Delay = 0.99> <CoreInst = "Sel">   --->   Core 73 'Sel' <Latency = 0> <II = 1> <Delay = 0.99> <FuncUnit> <Opcode : 'select'> <InPorts = 3> <OutPorts = 1>
ST_1 : Operation 426 [1/1] (1.18ns)   --->   "%select_ln173_139 = select i1 %icmp_ln169, i14 16366, i14 16377" [../cnn_hls.cpp:173]   --->   Operation 426 'select' 'select_ln173_139' <Predicate = (!icmp_ln167)> <Delay = 1.18> <CoreInst = "Sel">   --->   Core 73 'Sel' <Latency = 0> <II = 1> <Delay = 1.18> <FuncUnit> <Opcode : 'select'> <InPorts = 3> <OutPorts = 1>
ST_1 : Operation 427 [1/1] (1.18ns)   --->   "%select_ln173_153 = select i1 %icmp_ln169, i14 16367, i14 16358" [../cnn_hls.cpp:173]   --->   Operation 427 'select' 'select_ln173_153' <Predicate = (!icmp_ln167)> <Delay = 1.18> <CoreInst = "Sel">   --->   Core 73 'Sel' <Latency = 0> <II = 1> <Delay = 1.18> <FuncUnit> <Opcode : 'select'> <InPorts = 3> <OutPorts = 1>
ST_1 : Operation 428 [3/3] (1.05ns) (grouped into DSP with root node add_ln174_113)   --->   "%mul_ln174_10 = mul i15 %select_ln173_102, i15 %zext_ln173_118_cast" [../cnn_hls.cpp:174]   --->   Operation 428 'mul' 'mul_ln174_10' <Predicate = (!icmp_ln167)> <Delay = 1.05> <CoreInst = "DSP48">   --->   Core 116 'DSP48' <Latency = 3> <II = 1> <Delay = 2.15> <IPBlock> <Opcode : 'add' 'sub' 'mul' 'select'> <InPorts = 0> <OutPorts = 1> <Sync> <CReg>
ST_1 : Operation 429 [3/3] (1.05ns) (grouped into DSP with root node add_ln174_77)   --->   "%mul_ln174_47 = mul i15 %select_ln173_68, i15 %zext_ln173_81_cast" [../cnn_hls.cpp:174]   --->   Operation 429 'mul' 'mul_ln174_47' <Predicate = (!icmp_ln167)> <Delay = 1.05> <CoreInst = "DSP48">   --->   Core 116 'DSP48' <Latency = 3> <II = 1> <Delay = 2.15> <IPBlock> <Opcode : 'add' 'sub' 'mul' 'select'> <InPorts = 0> <OutPorts = 1> <Sync> <CReg>
ST_1 : Operation 430 [3/3] (1.05ns) (grouped into DSP with root node add_ln174_25)   --->   "%mul_ln174_100 = mul i15 %select_ln173_20, i15 %zext_ln173_27_cast" [../cnn_hls.cpp:174]   --->   Operation 430 'mul' 'mul_ln174_100' <Predicate = (!icmp_ln167)> <Delay = 1.05> <CoreInst = "DSP48">   --->   Core 116 'DSP48' <Latency = 3> <II = 1> <Delay = 2.15> <IPBlock> <Opcode : 'add' 'sub' 'mul' 'select'> <InPorts = 0> <OutPorts = 1> <Sync> <CReg>
ST_1 : Operation 431 [3/3] (1.05ns) (grouped into DSP with root node add_ln174_18)   --->   "%mul_ln174_105 = mul i12 %select_ln173_15, i12 %zext_ln173_22_cast" [../cnn_hls.cpp:174]   --->   Operation 431 'mul' 'mul_ln174_105' <Predicate = (!icmp_ln167)> <Delay = 1.05> <CoreInst = "DSP48">   --->   Core 116 'DSP48' <Latency = 3> <II = 1> <Delay = 2.15> <IPBlock> <Opcode : 'add' 'sub' 'mul' 'select'> <InPorts = 0> <OutPorts = 1> <Sync> <CReg>
ST_1 : Operation 432 [3/3] (1.05ns) (grouped into DSP with root node add_ln174_176)   --->   "%mul_ln174_138 = mul i14 %select_ln173_153, i14 %zext_ln173_181_cast" [../cnn_hls.cpp:174]   --->   Operation 432 'mul' 'mul_ln174_138' <Predicate = (!icmp_ln167)> <Delay = 1.05> <CoreInst = "DSP48">   --->   Core 116 'DSP48' <Latency = 3> <II = 1> <Delay = 2.15> <IPBlock> <Opcode : 'add' 'sub' 'mul' 'select'> <InPorts = 0> <OutPorts = 1> <Sync> <CReg>
ST_1 : Operation 433 [3/3] (1.05ns) (grouped into DSP with root node add_ln174_160)   --->   "%mul_ln174_153 = mul i14 %select_ln173_139, i14 %zext_ln173_165_cast" [../cnn_hls.cpp:174]   --->   Operation 433 'mul' 'mul_ln174_153' <Predicate = (!icmp_ln167)> <Delay = 1.05> <CoreInst = "DSP48">   --->   Core 116 'DSP48' <Latency = 3> <II = 1> <Delay = 2.15> <IPBlock> <Opcode : 'add' 'sub' 'mul' 'select'> <InPorts = 0> <OutPorts = 1> <Sync> <CReg>
ST_1 : Operation 434 [3/3] (1.05ns) (grouped into DSP with root node add_ln174_155)   --->   "%mul_ln174_159 = mul i15 %select_ln173_134, i15 %zext_ln173_159_cast" [../cnn_hls.cpp:174]   --->   Operation 434 'mul' 'mul_ln174_159' <Predicate = (!icmp_ln167)> <Delay = 1.05> <CoreInst = "DSP48">   --->   Core 116 'DSP48' <Latency = 3> <II = 1> <Delay = 2.15> <IPBlock> <Opcode : 'add' 'sub' 'mul' 'select'> <InPorts = 0> <OutPorts = 1> <Sync> <CReg>
ST_1 : Operation 435 [3/3] (1.05ns) (grouped into DSP with root node add_ln174_153)   --->   "%mul_ln174_162 = mul i14 %select_ln173_132, i14 %zext_ln173_156_cast" [../cnn_hls.cpp:174]   --->   Operation 435 'mul' 'mul_ln174_162' <Predicate = (!icmp_ln167)> <Delay = 1.05> <CoreInst = "DSP48">   --->   Core 116 'DSP48' <Latency = 3> <II = 1> <Delay = 2.15> <IPBlock> <Opcode : 'add' 'sub' 'mul' 'select'> <InPorts = 0> <OutPorts = 1> <Sync> <CReg>
ST_1 : Operation 436 [3/3] (1.05ns) (grouped into DSP with root node add_ln174_149)   --->   "%mul_ln174_164 = mul i15 %select_ln173_130, i15 %zext_ln173_154_cast" [../cnn_hls.cpp:174]   --->   Operation 436 'mul' 'mul_ln174_164' <Predicate = (!icmp_ln167)> <Delay = 1.05> <CoreInst = "DSP48">   --->   Core 116 'DSP48' <Latency = 3> <II = 1> <Delay = 2.15> <IPBlock> <Opcode : 'add' 'sub' 'mul' 'select'> <InPorts = 0> <OutPorts = 1> <Sync> <CReg>
ST_1 : Operation 437 [3/3] (1.05ns) (grouped into DSP with root node add_ln174_144)   --->   "%mul_ln174_170 = mul i16 %select_ln173_125, i16 %zext_ln173_148_cast" [../cnn_hls.cpp:174]   --->   Operation 437 'mul' 'mul_ln174_170' <Predicate = (!icmp_ln167)> <Delay = 1.05> <CoreInst = "DSP48">   --->   Core 116 'DSP48' <Latency = 3> <II = 1> <Delay = 2.15> <IPBlock> <Opcode : 'add' 'sub' 'mul' 'select'> <InPorts = 0> <OutPorts = 1> <Sync> <CReg>
ST_1 : Operation 438 [3/3] (1.05ns) (grouped into DSP with root node add_ln174_134)   --->   "%mul_ln174_179 = mul i13 %zext_ln173_139_cast, i13 8179" [../cnn_hls.cpp:174]   --->   Operation 438 'mul' 'mul_ln174_179' <Predicate = (!icmp_ln167)> <Delay = 1.05> <CoreInst = "DSP48">   --->   Core 116 'DSP48' <Latency = 3> <II = 1> <Delay = 2.15> <IPBlock> <Opcode : 'add' 'sub' 'mul' 'select'> <InPorts = 0> <OutPorts = 1> <Sync> <CReg>
ST_1 : Operation 439 [3/3] (1.05ns) (grouped into DSP with root node add_ln174_125)   --->   "%mul_ln174_189 = mul i14 %select_ln173_111, i14 %zext_ln173_129_cast" [../cnn_hls.cpp:174]   --->   Operation 439 'mul' 'mul_ln174_189' <Predicate = (!icmp_ln167)> <Delay = 1.05> <CoreInst = "DSP48">   --->   Core 116 'DSP48' <Latency = 3> <II = 1> <Delay = 2.15> <IPBlock> <Opcode : 'add' 'sub' 'mul' 'select'> <InPorts = 0> <OutPorts = 1> <Sync> <CReg>
ST_1 : Operation 440 [1/1] (1.58ns)   --->   "%store_ln167 = store i2 %add_ln167, i2 %out_class" [../cnn_hls.cpp:167]   --->   Operation 440 'store' 'store_ln167' <Predicate = (!icmp_ln167)> <Delay = 1.58>

State 2 <SV = 1> <Delay = 5.41>
ST_2 : Operation 441 [1/1] (1.24ns)   --->   "%select_ln173_8 = select i1 %icmp_ln169, i16 65, i16 65479" [../cnn_hls.cpp:173]   --->   Operation 441 'select' 'select_ln173_8' <Predicate = true> <Delay = 1.24> <CoreInst = "Sel">   --->   Core 73 'Sel' <Latency = 0> <II = 1> <Delay = 1.24> <FuncUnit> <Opcode : 'select'> <InPorts = 3> <OutPorts = 1>
ST_2 : Operation 442 [1/1] (0.99ns)   --->   "%select_ln173_12 = select i1 %icmp_ln169, i15 32751, i15 32723" [../cnn_hls.cpp:173]   --->   Operation 442 'select' 'select_ln173_12' <Predicate = true> <Delay = 0.99> <CoreInst = "Sel">   --->   Core 73 'Sel' <Latency = 0> <II = 1> <Delay = 0.99> <FuncUnit> <Opcode : 'select'> <InPorts = 3> <OutPorts = 1>
ST_2 : Operation 443 [1/1] (1.24ns)   --->   "%select_ln173_13 = select i1 %icmp_ln169, i16 114, i16 65508" [../cnn_hls.cpp:173]   --->   Operation 443 'select' 'select_ln173_13' <Predicate = true> <Delay = 1.24> <CoreInst = "Sel">   --->   Core 73 'Sel' <Latency = 0> <II = 1> <Delay = 1.24> <FuncUnit> <Opcode : 'select'> <InPorts = 3> <OutPorts = 1>
ST_2 : Operation 444 [1/1] (1.24ns)   --->   "%select_ln173_14 = select i1 %icmp_ln169, i15 66, i15 27" [../cnn_hls.cpp:173]   --->   Operation 444 'select' 'select_ln173_14' <Predicate = true> <Delay = 1.24> <CoreInst = "Sel">   --->   Core 73 'Sel' <Latency = 0> <II = 1> <Delay = 1.24> <FuncUnit> <Opcode : 'select'> <InPorts = 3> <OutPorts = 1>
ST_2 : Operation 445 [1/1] (1.18ns)   --->   "%select_ln173_19 = select i1 %icmp_ln169, i14 16354, i14 16359" [../cnn_hls.cpp:173]   --->   Operation 445 'select' 'select_ln173_19' <Predicate = true> <Delay = 1.18> <CoreInst = "Sel">   --->   Core 73 'Sel' <Latency = 0> <II = 1> <Delay = 1.18> <FuncUnit> <Opcode : 'select'> <InPorts = 3> <OutPorts = 1>
ST_2 : Operation 446 [1/1] (1.24ns)   --->   "%select_ln173_21 = select i1 %icmp_ln169, i16 127, i16 65456" [../cnn_hls.cpp:173]   --->   Operation 446 'select' 'select_ln173_21' <Predicate = true> <Delay = 1.24> <CoreInst = "Sel">   --->   Core 73 'Sel' <Latency = 0> <II = 1> <Delay = 1.24> <FuncUnit> <Opcode : 'select'> <InPorts = 3> <OutPorts = 1>
ST_2 : Operation 447 [1/1] (1.24ns)   --->   "%select_ln173_23 = select i1 %icmp_ln169, i16 127, i16 65529" [../cnn_hls.cpp:173]   --->   Operation 447 'select' 'select_ln173_23' <Predicate = true> <Delay = 1.24> <CoreInst = "Sel">   --->   Core 73 'Sel' <Latency = 0> <II = 1> <Delay = 1.24> <FuncUnit> <Opcode : 'select'> <InPorts = 3> <OutPorts = 1>
ST_2 : Operation 448 [1/1] (0.99ns)   --->   "%select_ln173_26 = select i1 %icmp_ln169, i15 32759, i15 48" [../cnn_hls.cpp:173]   --->   Operation 448 'select' 'select_ln173_26' <Predicate = true> <Delay = 0.99> <CoreInst = "Sel">   --->   Core 73 'Sel' <Latency = 0> <II = 1> <Delay = 0.99> <FuncUnit> <Opcode : 'select'> <InPorts = 3> <OutPorts = 1>
ST_2 : Operation 449 [1/1] (1.24ns)   --->   "%select_ln173_29 = select i1 %icmp_ln169, i16 65459, i16 62" [../cnn_hls.cpp:173]   --->   Operation 449 'select' 'select_ln173_29' <Predicate = true> <Delay = 1.24> <CoreInst = "Sel">   --->   Core 73 'Sel' <Latency = 0> <II = 1> <Delay = 1.24> <FuncUnit> <Opcode : 'select'> <InPorts = 3> <OutPorts = 1>
ST_2 : Operation 450 [1/1] (1.24ns)   --->   "%select_ln173_33 = select i1 %icmp_ln169, i16 65458, i16 65512" [../cnn_hls.cpp:173]   --->   Operation 450 'select' 'select_ln173_33' <Predicate = true> <Delay = 1.24> <CoreInst = "Sel">   --->   Core 73 'Sel' <Latency = 0> <II = 1> <Delay = 1.24> <FuncUnit> <Opcode : 'select'> <InPorts = 3> <OutPorts = 1>
ST_2 : Operation 451 [1/1] (1.18ns)   --->   "%select_ln173_58 = select i1 %icmp_ln169, i14 16367, i14 16360" [../cnn_hls.cpp:173]   --->   Operation 451 'select' 'select_ln173_58' <Predicate = true> <Delay = 1.18> <CoreInst = "Sel">   --->   Core 73 'Sel' <Latency = 0> <II = 1> <Delay = 1.18> <FuncUnit> <Opcode : 'select'> <InPorts = 3> <OutPorts = 1>
ST_2 : Operation 452 [1/1] (0.99ns)   --->   "%select_ln173_63 = select i1 %icmp_ln169, i15 32729, i15 37" [../cnn_hls.cpp:173]   --->   Operation 452 'select' 'select_ln173_63' <Predicate = true> <Delay = 0.99> <CoreInst = "Sel">   --->   Core 73 'Sel' <Latency = 0> <II = 1> <Delay = 0.99> <FuncUnit> <Opcode : 'select'> <InPorts = 3> <OutPorts = 1>
ST_2 : Operation 453 [1/1] (0.99ns)   --->   "%select_ln173_66 = select i1 %icmp_ln169, i15 32717, i15 38" [../cnn_hls.cpp:173]   --->   Operation 453 'select' 'select_ln173_66' <Predicate = true> <Delay = 0.99> <CoreInst = "Sel">   --->   Core 73 'Sel' <Latency = 0> <II = 1> <Delay = 0.99> <FuncUnit> <Opcode : 'select'> <InPorts = 3> <OutPorts = 1>
ST_2 : Operation 454 [1/1] (0.99ns)   --->   "%select_ln173_67 = select i1 %icmp_ln169, i15 32757, i15 32730" [../cnn_hls.cpp:173]   --->   Operation 454 'select' 'select_ln173_67' <Predicate = true> <Delay = 0.99> <CoreInst = "Sel">   --->   Core 73 'Sel' <Latency = 0> <II = 1> <Delay = 0.99> <FuncUnit> <Opcode : 'select'> <InPorts = 3> <OutPorts = 1>
ST_2 : Operation 455 [1/1] (0.99ns)   --->   "%select_ln173_70 = select i1 %icmp_ln169, i15 6, i15 32733" [../cnn_hls.cpp:173]   --->   Operation 455 'select' 'select_ln173_70' <Predicate = true> <Delay = 0.99> <CoreInst = "Sel">   --->   Core 73 'Sel' <Latency = 0> <II = 1> <Delay = 0.99> <FuncUnit> <Opcode : 'select'> <InPorts = 3> <OutPorts = 1>
ST_2 : Operation 456 [1/1] (1.24ns)   --->   "%select_ln173_74 = select i1 %icmp_ln169, i16 65453, i16 79" [../cnn_hls.cpp:173]   --->   Operation 456 'select' 'select_ln173_74' <Predicate = true> <Delay = 1.24> <CoreInst = "Sel">   --->   Core 73 'Sel' <Latency = 0> <II = 1> <Delay = 1.24> <FuncUnit> <Opcode : 'select'> <InPorts = 3> <OutPorts = 1>
ST_2 : Operation 457 [1/1] (1.21ns)   --->   "%select_ln173_76 = select i1 %icmp_ln169, i13 10, i13 8182" [../cnn_hls.cpp:173]   --->   Operation 457 'select' 'select_ln173_76' <Predicate = true> <Delay = 1.21> <CoreInst = "Sel">   --->   Core 73 'Sel' <Latency = 0> <II = 1> <Delay = 1.21> <FuncUnit> <Opcode : 'select'> <InPorts = 3> <OutPorts = 1>
ST_2 : Operation 458 [1/1] (1.24ns)   --->   "%select_ln173_80 = select i1 %icmp_ln169, i16 65, i16 65525" [../cnn_hls.cpp:173]   --->   Operation 458 'select' 'select_ln173_80' <Predicate = true> <Delay = 1.24> <CoreInst = "Sel">   --->   Core 73 'Sel' <Latency = 0> <II = 1> <Delay = 1.24> <FuncUnit> <Opcode : 'select'> <InPorts = 3> <OutPorts = 1>
ST_2 : Operation 459 [1/1] (0.99ns)   --->   "%select_ln173_82 = select i1 %icmp_ln169, i15 32723, i15 32747" [../cnn_hls.cpp:173]   --->   Operation 459 'select' 'select_ln173_82' <Predicate = true> <Delay = 0.99> <CoreInst = "Sel">   --->   Core 73 'Sel' <Latency = 0> <II = 1> <Delay = 0.99> <FuncUnit> <Opcode : 'select'> <InPorts = 3> <OutPorts = 1>
ST_2 : Operation 460 [1/1] (1.18ns)   --->   "%select_ln173_84 = select i1 %icmp_ln169, i14 16365, i14 16378" [../cnn_hls.cpp:173]   --->   Operation 460 'select' 'select_ln173_84' <Predicate = true> <Delay = 1.18> <CoreInst = "Sel">   --->   Core 73 'Sel' <Latency = 0> <II = 1> <Delay = 1.18> <FuncUnit> <Opcode : 'select'> <InPorts = 3> <OutPorts = 1>
ST_2 : Operation 461 [1/1] (1.18ns)   --->   "%select_ln173_90 = select i1 %icmp_ln169, i14 16367, i14 7" [../cnn_hls.cpp:173]   --->   Operation 461 'select' 'select_ln173_90' <Predicate = true> <Delay = 1.18> <CoreInst = "Sel">   --->   Core 73 'Sel' <Latency = 0> <II = 1> <Delay = 1.18> <FuncUnit> <Opcode : 'select'> <InPorts = 3> <OutPorts = 1>
ST_2 : Operation 462 [1/1] (0.99ns)   --->   "%select_ln173_93 = select i1 %icmp_ln169, i15 32761, i15 32724" [../cnn_hls.cpp:173]   --->   Operation 462 'select' 'select_ln173_93' <Predicate = true> <Delay = 0.99> <CoreInst = "Sel">   --->   Core 73 'Sel' <Latency = 0> <II = 1> <Delay = 0.99> <FuncUnit> <Opcode : 'select'> <InPorts = 3> <OutPorts = 1>
ST_2 : Operation 463 [1/1] (1.18ns)   --->   "%select_ln173_95 = select i1 %icmp_ln169, i14 27, i14 16366" [../cnn_hls.cpp:173]   --->   Operation 463 'select' 'select_ln173_95' <Predicate = true> <Delay = 1.18> <CoreInst = "Sel">   --->   Core 73 'Sel' <Latency = 0> <II = 1> <Delay = 1.18> <FuncUnit> <Opcode : 'select'> <InPorts = 3> <OutPorts = 1>
ST_2 : Operation 464 [1/1] (0.99ns)   --->   "%select_ln173_98 = select i1 %icmp_ln169, i15 32710, i15 32730" [../cnn_hls.cpp:173]   --->   Operation 464 'select' 'select_ln173_98' <Predicate = true> <Delay = 0.99> <CoreInst = "Sel">   --->   Core 73 'Sel' <Latency = 0> <II = 1> <Delay = 0.99> <FuncUnit> <Opcode : 'select'> <InPorts = 3> <OutPorts = 1>
ST_2 : Operation 465 [1/1] (1.24ns)   --->   "%select_ln173_100 = select i1 %icmp_ln169, i16 82, i16 65514" [../cnn_hls.cpp:173]   --->   Operation 465 'select' 'select_ln173_100' <Predicate = true> <Delay = 1.24> <CoreInst = "Sel">   --->   Core 73 'Sel' <Latency = 0> <II = 1> <Delay = 1.24> <FuncUnit> <Opcode : 'select'> <InPorts = 3> <OutPorts = 1>
ST_2 : Operation 466 [1/1] (1.24ns)   --->   "%select_ln173_101 = select i1 %icmp_ln169, i16 15, i16 65467" [../cnn_hls.cpp:173]   --->   Operation 466 'select' 'select_ln173_101' <Predicate = true> <Delay = 1.24> <CoreInst = "Sel">   --->   Core 73 'Sel' <Latency = 0> <II = 1> <Delay = 1.24> <FuncUnit> <Opcode : 'select'> <InPorts = 3> <OutPorts = 1>
ST_2 : Operation 467 [1/1] (0.99ns)   --->   "%select_ln173_104 = select i1 %icmp_ln169, i15 32722, i15 11" [../cnn_hls.cpp:173]   --->   Operation 467 'select' 'select_ln173_104' <Predicate = true> <Delay = 0.99> <CoreInst = "Sel">   --->   Core 73 'Sel' <Latency = 0> <II = 1> <Delay = 0.99> <FuncUnit> <Opcode : 'select'> <InPorts = 3> <OutPorts = 1>
ST_2 : Operation 468 [1/1] (1.24ns)   --->   "%select_ln173_106 = select i1 %icmp_ln169, i16 65467, i16 65533" [../cnn_hls.cpp:173]   --->   Operation 468 'select' 'select_ln173_106' <Predicate = true> <Delay = 1.24> <CoreInst = "Sel">   --->   Core 73 'Sel' <Latency = 0> <II = 1> <Delay = 1.24> <FuncUnit> <Opcode : 'select'> <InPorts = 3> <OutPorts = 1>
ST_2 : Operation 469 [1/1] (1.24ns)   --->   "%select_ln173_107 = select i1 %icmp_ln169, i16 65522, i16 79" [../cnn_hls.cpp:173]   --->   Operation 469 'select' 'select_ln173_107' <Predicate = true> <Delay = 1.24> <CoreInst = "Sel">   --->   Core 73 'Sel' <Latency = 0> <II = 1> <Delay = 1.24> <FuncUnit> <Opcode : 'select'> <InPorts = 3> <OutPorts = 1>
ST_2 : Operation 470 [1/1] (1.24ns)   --->   "%select_ln173_110 = select i1 %icmp_ln169, i16 65512, i16 65" [../cnn_hls.cpp:173]   --->   Operation 470 'select' 'select_ln173_110' <Predicate = true> <Delay = 1.24> <CoreInst = "Sel">   --->   Core 73 'Sel' <Latency = 0> <II = 1> <Delay = 1.24> <FuncUnit> <Opcode : 'select'> <InPorts = 3> <OutPorts = 1>
ST_2 : Operation 471 [1/1] (1.24ns)   --->   "%select_ln173_112 = select i1 %icmp_ln169, i16 101, i16 65441" [../cnn_hls.cpp:173]   --->   Operation 471 'select' 'select_ln173_112' <Predicate = true> <Delay = 1.24> <CoreInst = "Sel">   --->   Core 73 'Sel' <Latency = 0> <II = 1> <Delay = 1.24> <FuncUnit> <Opcode : 'select'> <InPorts = 3> <OutPorts = 1>
ST_2 : Operation 472 [1/1] (1.18ns)   --->   "%select_ln173_115 = select i1 %icmp_ln169, i14 16372, i14 16355" [../cnn_hls.cpp:173]   --->   Operation 472 'select' 'select_ln173_115' <Predicate = true> <Delay = 1.18> <CoreInst = "Sel">   --->   Core 73 'Sel' <Latency = 0> <II = 1> <Delay = 1.18> <FuncUnit> <Opcode : 'select'> <InPorts = 3> <OutPorts = 1>
ST_2 : Operation 473 [1/1] (1.24ns)   --->   "%select_ln173_117 = select i1 %icmp_ln169, i16 31, i16 65462" [../cnn_hls.cpp:173]   --->   Operation 473 'select' 'select_ln173_117' <Predicate = true> <Delay = 1.24> <CoreInst = "Sel">   --->   Core 73 'Sel' <Latency = 0> <II = 1> <Delay = 1.24> <FuncUnit> <Opcode : 'select'> <InPorts = 3> <OutPorts = 1>
ST_2 : Operation 474 [1/1] (1.18ns)   --->   "%select_ln173_118 = select i1 %icmp_ln169, i14 15, i14 16356" [../cnn_hls.cpp:173]   --->   Operation 474 'select' 'select_ln173_118' <Predicate = true> <Delay = 1.18> <CoreInst = "Sel">   --->   Core 73 'Sel' <Latency = 0> <II = 1> <Delay = 1.18> <FuncUnit> <Opcode : 'select'> <InPorts = 3> <OutPorts = 1>
ST_2 : Operation 475 [1/1] (0.99ns)   --->   "%select_ln173_123 = select i1 %icmp_ln169, i15 32735, i15 44" [../cnn_hls.cpp:173]   --->   Operation 475 'select' 'select_ln173_123' <Predicate = true> <Delay = 0.99> <CoreInst = "Sel">   --->   Core 73 'Sel' <Latency = 0> <II = 1> <Delay = 0.99> <FuncUnit> <Opcode : 'select'> <InPorts = 3> <OutPorts = 1>
ST_2 : Operation 476 [1/1] (1.24ns)   --->   "%select_ln173_124 = select i1 %icmp_ln169, i16 65460, i16 74" [../cnn_hls.cpp:173]   --->   Operation 476 'select' 'select_ln173_124' <Predicate = true> <Delay = 1.24> <CoreInst = "Sel">   --->   Core 73 'Sel' <Latency = 0> <II = 1> <Delay = 1.24> <FuncUnit> <Opcode : 'select'> <InPorts = 3> <OutPorts = 1>
ST_2 : Operation 477 [1/1] (1.24ns)   --->   "%select_ln173_129 = select i1 %icmp_ln169, i16 73, i16 65462" [../cnn_hls.cpp:173]   --->   Operation 477 'select' 'select_ln173_129' <Predicate = true> <Delay = 1.24> <CoreInst = "Sel">   --->   Core 73 'Sel' <Latency = 0> <II = 1> <Delay = 1.24> <FuncUnit> <Opcode : 'select'> <InPorts = 3> <OutPorts = 1>
ST_2 : Operation 478 [1/1] (0.99ns)   --->   "%select_ln173_131 = select i1 %icmp_ln169, i15 20, i15 32706" [../cnn_hls.cpp:173]   --->   Operation 478 'select' 'select_ln173_131' <Predicate = true> <Delay = 0.99> <CoreInst = "Sel">   --->   Core 73 'Sel' <Latency = 0> <II = 1> <Delay = 0.99> <FuncUnit> <Opcode : 'select'> <InPorts = 3> <OutPorts = 1>
ST_2 : Operation 479 [1/1] (1.24ns)   --->   "%select_ln173_133 = select i1 %icmp_ln169, i16 86, i16 65517" [../cnn_hls.cpp:173]   --->   Operation 479 'select' 'select_ln173_133' <Predicate = true> <Delay = 1.24> <CoreInst = "Sel">   --->   Core 73 'Sel' <Latency = 0> <II = 1> <Delay = 1.24> <FuncUnit> <Opcode : 'select'> <InPorts = 3> <OutPorts = 1>
ST_2 : Operation 480 [1/1] (1.24ns)   --->   "%select_ln173_140 = select i1 %icmp_ln169, i16 67, i16 65444" [../cnn_hls.cpp:173]   --->   Operation 480 'select' 'select_ln173_140' <Predicate = true> <Delay = 1.24> <CoreInst = "Sel">   --->   Core 73 'Sel' <Latency = 0> <II = 1> <Delay = 1.24> <FuncUnit> <Opcode : 'select'> <InPorts = 3> <OutPorts = 1>
ST_2 : Operation 481 [1/1] (1.24ns)   --->   "%select_ln173_142 = select i1 %icmp_ln169, i16 65418, i16 65452" [../cnn_hls.cpp:173]   --->   Operation 481 'select' 'select_ln173_142' <Predicate = true> <Delay = 1.24> <CoreInst = "Sel">   --->   Core 73 'Sel' <Latency = 0> <II = 1> <Delay = 1.24> <FuncUnit> <Opcode : 'select'> <InPorts = 3> <OutPorts = 1>
ST_2 : Operation 482 [1/1] (0.99ns)   --->   "%select_ln173_145 = select i1 %icmp_ln169, i15 32765, i15 36" [../cnn_hls.cpp:173]   --->   Operation 482 'select' 'select_ln173_145' <Predicate = true> <Delay = 0.99> <CoreInst = "Sel">   --->   Core 73 'Sel' <Latency = 0> <II = 1> <Delay = 0.99> <FuncUnit> <Opcode : 'select'> <InPorts = 3> <OutPorts = 1>
ST_2 : Operation 483 [1/1] (0.99ns)   --->   "%select_ln173_148 = select i1 %icmp_ln169, i15 32719, i15 58" [../cnn_hls.cpp:173]   --->   Operation 483 'select' 'select_ln173_148' <Predicate = true> <Delay = 0.99> <CoreInst = "Sel">   --->   Core 73 'Sel' <Latency = 0> <II = 1> <Delay = 0.99> <FuncUnit> <Opcode : 'select'> <InPorts = 3> <OutPorts = 1>
ST_2 : Operation 484 [1/1] (1.18ns)   --->   "%select_ln173_150 = select i1 %icmp_ln169, i14 28, i14 16379" [../cnn_hls.cpp:173]   --->   Operation 484 'select' 'select_ln173_150' <Predicate = true> <Delay = 1.18> <CoreInst = "Sel">   --->   Core 73 'Sel' <Latency = 0> <II = 1> <Delay = 1.18> <FuncUnit> <Opcode : 'select'> <InPorts = 3> <OutPorts = 1>
ST_2 : Operation 485 [1/1] (0.99ns)   --->   "%select_ln173_152 = select i1 %icmp_ln169, i15 42, i15 32733" [../cnn_hls.cpp:173]   --->   Operation 485 'select' 'select_ln173_152' <Predicate = true> <Delay = 0.99> <CoreInst = "Sel">   --->   Core 73 'Sel' <Latency = 0> <II = 1> <Delay = 0.99> <FuncUnit> <Opcode : 'select'> <InPorts = 3> <OutPorts = 1>
ST_2 : Operation 486 [1/1] (1.24ns)   --->   "%select_ln173_154 = select i1 %icmp_ln169, i15 19, i15 78" [../cnn_hls.cpp:173]   --->   Operation 486 'select' 'select_ln173_154' <Predicate = true> <Delay = 1.24> <CoreInst = "Sel">   --->   Core 73 'Sel' <Latency = 0> <II = 1> <Delay = 1.24> <FuncUnit> <Opcode : 'select'> <InPorts = 3> <OutPorts = 1>
ST_2 : Operation 487 [1/1] (1.24ns)   --->   "%select_ln173_155 = select i1 %icmp_ln169, i16 74, i16 65481" [../cnn_hls.cpp:173]   --->   Operation 487 'select' 'select_ln173_155' <Predicate = true> <Delay = 1.24> <CoreInst = "Sel">   --->   Core 73 'Sel' <Latency = 0> <II = 1> <Delay = 1.24> <FuncUnit> <Opcode : 'select'> <InPorts = 3> <OutPorts = 1>
ST_2 : Operation 488 [1/1] (1.24ns)   --->   "%select_ln173_157 = select i1 %icmp_ln169, i16 126, i16 65419" [../cnn_hls.cpp:173]   --->   Operation 488 'select' 'select_ln173_157' <Predicate = true> <Delay = 1.24> <CoreInst = "Sel">   --->   Core 73 'Sel' <Latency = 0> <II = 1> <Delay = 1.24> <FuncUnit> <Opcode : 'select'> <InPorts = 3> <OutPorts = 1>
ST_2 : Operation 489 [1/1] (1.18ns)   --->   "%select_ln174 = select i1 %icmp_ln169, i14 16365, i14 29" [../cnn_hls.cpp:174]   --->   Operation 489 'select' 'select_ln174' <Predicate = true> <Delay = 1.18> <CoreInst = "Sel">   --->   Core 73 'Sel' <Latency = 0> <II = 1> <Delay = 1.18> <FuncUnit> <Opcode : 'select'> <InPorts = 3> <OutPorts = 1>
ST_2 : Operation 490 [3/3] (1.05ns) (grouped into DSP with root node add_ln174_126)   --->   "%mul_ln174 = mul i16 %select_ln173_110, i16 %zext_ln173_128_cast" [../cnn_hls.cpp:174]   --->   Operation 490 'mul' 'mul_ln174' <Predicate = true> <Delay = 1.05> <CoreInst = "DSP48">   --->   Core 116 'DSP48' <Latency = 3> <II = 1> <Delay = 2.15> <IPBlock> <Opcode : 'add' 'sub' 'mul' 'select'> <InPorts = 0> <OutPorts = 1> <Sync> <CReg>
ST_2 : Operation 491 [3/3] (1.05ns) (grouped into DSP with root node add_ln174_124)   --->   "%mul_ln174_3 = mul i16 %select_ln173_107, i16 %zext_ln173_125_cast" [../cnn_hls.cpp:174]   --->   Operation 491 'mul' 'mul_ln174_3' <Predicate = true> <Delay = 1.05> <CoreInst = "DSP48">   --->   Core 116 'DSP48' <Latency = 3> <II = 1> <Delay = 2.15> <IPBlock> <Opcode : 'add' 'sub' 'mul' 'select'> <InPorts = 0> <OutPorts = 1> <Sync> <CReg>
ST_2 : Operation 492 [3/3] (1.05ns) (grouped into DSP with root node add_ln174_120)   --->   "%mul_ln174_5 = mul i16 %select_ln173_106, i16 %zext_ln173_123_cast" [../cnn_hls.cpp:174]   --->   Operation 492 'mul' 'mul_ln174_5' <Predicate = true> <Delay = 1.05> <CoreInst = "DSP48">   --->   Core 116 'DSP48' <Latency = 3> <II = 1> <Delay = 2.15> <IPBlock> <Opcode : 'add' 'sub' 'mul' 'select'> <InPorts = 0> <OutPorts = 1> <Sync> <CReg>
ST_2 : Operation 493 [3/3] (1.05ns) (grouped into DSP with root node add_ln174_118)   --->   "%mul_ln174_7 = mul i15 %select_ln173_104, i15 %zext_ln173_121_cast" [../cnn_hls.cpp:174]   --->   Operation 493 'mul' 'mul_ln174_7' <Predicate = true> <Delay = 1.05> <CoreInst = "DSP48">   --->   Core 116 'DSP48' <Latency = 3> <II = 1> <Delay = 2.15> <IPBlock> <Opcode : 'add' 'sub' 'mul' 'select'> <InPorts = 0> <OutPorts = 1> <Sync> <CReg>
ST_2 : Operation 494 [2/3] (1.05ns) (grouped into DSP with root node add_ln174_113)   --->   "%mul_ln174_10 = mul i15 %select_ln173_102, i15 %zext_ln173_118_cast" [../cnn_hls.cpp:174]   --->   Operation 494 'mul' 'mul_ln174_10' <Predicate = true> <Delay = 1.05> <CoreInst = "DSP48">   --->   Core 116 'DSP48' <Latency = 3> <II = 1> <Delay = 2.15> <IPBlock> <Opcode : 'add' 'sub' 'mul' 'select'> <InPorts = 0> <OutPorts = 1> <Sync> <CReg>
ST_2 : Operation 495 [1/1] (4.17ns)   --->   "%mul_ln174_11 = mul i16 %select_ln173_101, i16 %zext_ln173_117_cast" [../cnn_hls.cpp:174]   --->   Operation 495 'mul' 'mul_ln174_11' <Predicate = true> <Delay = 4.17> <CoreInst = "Multiplier">   --->   Core 3 'Multiplier' <Latency = 0> <II = 1> <Delay = 4.17> <FuncUnit> <Opcode : 'mul'> <InPorts = 2> <OutPorts = 1>
ST_2 : Operation 496 [3/3] (1.05ns) (grouped into DSP with root node add_ln174_114)   --->   "%mul_ln174_12 = mul i16 %select_ln173_100, i16 %zext_ln173_116_cast" [../cnn_hls.cpp:174]   --->   Operation 496 'mul' 'mul_ln174_12' <Predicate = true> <Delay = 1.05> <CoreInst = "DSP48">   --->   Core 116 'DSP48' <Latency = 3> <II = 1> <Delay = 2.15> <IPBlock> <Opcode : 'add' 'sub' 'mul' 'select'> <InPorts = 0> <OutPorts = 1> <Sync> <CReg>
ST_2 : Operation 497 [3/3] (1.05ns) (grouped into DSP with root node add_ln174_111)   --->   "%mul_ln174_14 = mul i15 %select_ln173_98, i15 %zext_ln173_114_cast" [../cnn_hls.cpp:174]   --->   Operation 497 'mul' 'mul_ln174_14' <Predicate = true> <Delay = 1.05> <CoreInst = "DSP48">   --->   Core 116 'DSP48' <Latency = 3> <II = 1> <Delay = 2.15> <IPBlock> <Opcode : 'add' 'sub' 'mul' 'select'> <InPorts = 0> <OutPorts = 1> <Sync> <CReg>
ST_2 : Operation 498 [3/3] (1.05ns) (grouped into DSP with root node add_ln174_108)   --->   "%mul_ln174_17 = mul i14 %select_ln173_95, i14 %zext_ln173_111_cast" [../cnn_hls.cpp:174]   --->   Operation 498 'mul' 'mul_ln174_17' <Predicate = true> <Delay = 1.05> <CoreInst = "DSP48">   --->   Core 116 'DSP48' <Latency = 3> <II = 1> <Delay = 2.15> <IPBlock> <Opcode : 'add' 'sub' 'mul' 'select'> <InPorts = 0> <OutPorts = 1> <Sync> <CReg>
ST_2 : Operation 499 [3/3] (1.05ns) (grouped into DSP with root node add_ln174_106)   --->   "%mul_ln174_19 = mul i15 %select_ln173_93, i15 %zext_ln173_109_cast" [../cnn_hls.cpp:174]   --->   Operation 499 'mul' 'mul_ln174_19' <Predicate = true> <Delay = 1.05> <CoreInst = "DSP48">   --->   Core 116 'DSP48' <Latency = 3> <II = 1> <Delay = 2.15> <IPBlock> <Opcode : 'add' 'sub' 'mul' 'select'> <InPorts = 0> <OutPorts = 1> <Sync> <CReg>
ST_2 : Operation 500 [3/3] (1.05ns) (grouped into DSP with root node add_ln174_102)   --->   "%mul_ln174_22 = mul i14 %select_ln173_90, i14 %zext_ln173_106_cast" [../cnn_hls.cpp:174]   --->   Operation 500 'mul' 'mul_ln174_22' <Predicate = true> <Delay = 1.05> <CoreInst = "DSP48">   --->   Core 116 'DSP48' <Latency = 3> <II = 1> <Delay = 2.15> <IPBlock> <Opcode : 'add' 'sub' 'mul' 'select'> <InPorts = 0> <OutPorts = 1> <Sync> <CReg>
ST_2 : Operation 501 [3/3] (1.05ns) (grouped into DSP with root node add_ln174_97)   --->   "%mul_ln174_29 = mul i14 %select_ln173_84, i14 %zext_ln173_99_cast" [../cnn_hls.cpp:174]   --->   Operation 501 'mul' 'mul_ln174_29' <Predicate = true> <Delay = 1.05> <CoreInst = "DSP48">   --->   Core 116 'DSP48' <Latency = 3> <II = 1> <Delay = 2.15> <IPBlock> <Opcode : 'add' 'sub' 'mul' 'select'> <InPorts = 0> <OutPorts = 1> <Sync> <CReg>
ST_2 : Operation 502 [3/3] (1.05ns) (grouped into DSP with root node add_ln174_95)   --->   "%mul_ln174_32 = mul i15 %select_ln173_82, i15 %zext_ln173_96_cast" [../cnn_hls.cpp:174]   --->   Operation 502 'mul' 'mul_ln174_32' <Predicate = true> <Delay = 1.05> <CoreInst = "DSP48">   --->   Core 116 'DSP48' <Latency = 3> <II = 1> <Delay = 2.15> <IPBlock> <Opcode : 'add' 'sub' 'mul' 'select'> <InPorts = 0> <OutPorts = 1> <Sync> <CReg>
ST_2 : Operation 503 [3/3] (1.05ns) (grouped into DSP with root node add_ln174_88)   --->   "%mul_ln174_34 = mul i16 %select_ln173_80, i16 %zext_ln173_94_cast" [../cnn_hls.cpp:174]   --->   Operation 503 'mul' 'mul_ln174_34' <Predicate = true> <Delay = 1.05> <CoreInst = "DSP48">   --->   Core 116 'DSP48' <Latency = 3> <II = 1> <Delay = 2.15> <IPBlock> <Opcode : 'add' 'sub' 'mul' 'select'> <InPorts = 0> <OutPorts = 1> <Sync> <CReg>
ST_2 : Operation 504 [3/3] (1.05ns) (grouped into DSP with root node add_ln174_86)   --->   "%mul_ln174_38 = mul i13 %select_ln173_76, i13 %zext_ln173_90_cast" [../cnn_hls.cpp:174]   --->   Operation 504 'mul' 'mul_ln174_38' <Predicate = true> <Delay = 1.05> <CoreInst = "DSP48">   --->   Core 116 'DSP48' <Latency = 3> <II = 1> <Delay = 2.15> <IPBlock> <Opcode : 'add' 'sub' 'mul' 'select'> <InPorts = 0> <OutPorts = 1> <Sync> <CReg>
ST_2 : Operation 505 [3/3] (1.05ns) (grouped into DSP with root node add_ln174_83)   --->   "%mul_ln174_40 = mul i16 %select_ln173_74, i16 %zext_ln173_88_cast" [../cnn_hls.cpp:174]   --->   Operation 505 'mul' 'mul_ln174_40' <Predicate = true> <Delay = 1.05> <CoreInst = "DSP48">   --->   Core 116 'DSP48' <Latency = 3> <II = 1> <Delay = 2.15> <IPBlock> <Opcode : 'add' 'sub' 'mul' 'select'> <InPorts = 0> <OutPorts = 1> <Sync> <CReg>
ST_2 : Operation 506 [3/3] (1.05ns) (grouped into DSP with root node add_ln174_81)   --->   "%mul_ln174_44 = mul i15 %select_ln173_70, i15 %zext_ln173_84_cast" [../cnn_hls.cpp:174]   --->   Operation 506 'mul' 'mul_ln174_44' <Predicate = true> <Delay = 1.05> <CoreInst = "DSP48">   --->   Core 116 'DSP48' <Latency = 3> <II = 1> <Delay = 2.15> <IPBlock> <Opcode : 'add' 'sub' 'mul' 'select'> <InPorts = 0> <OutPorts = 1> <Sync> <CReg>
ST_2 : Operation 507 [2/3] (1.05ns) (grouped into DSP with root node add_ln174_77)   --->   "%mul_ln174_47 = mul i15 %select_ln173_68, i15 %zext_ln173_81_cast" [../cnn_hls.cpp:174]   --->   Operation 507 'mul' 'mul_ln174_47' <Predicate = true> <Delay = 1.05> <CoreInst = "DSP48">   --->   Core 116 'DSP48' <Latency = 3> <II = 1> <Delay = 2.15> <IPBlock> <Opcode : 'add' 'sub' 'mul' 'select'> <InPorts = 0> <OutPorts = 1> <Sync> <CReg>
ST_2 : Operation 508 [3/3] (1.05ns) (grouped into DSP with root node add_ln174_78)   --->   "%mul_ln174_48 = mul i15 %select_ln173_67, i15 %zext_ln173_80_cast" [../cnn_hls.cpp:174]   --->   Operation 508 'mul' 'mul_ln174_48' <Predicate = true> <Delay = 1.05> <CoreInst = "DSP48">   --->   Core 116 'DSP48' <Latency = 3> <II = 1> <Delay = 2.15> <IPBlock> <Opcode : 'add' 'sub' 'mul' 'select'> <InPorts = 0> <OutPorts = 1> <Sync> <CReg>
ST_2 : Operation 509 [3/3] (1.05ns) (grouped into DSP with root node add_ln174_75)   --->   "%mul_ln174_49 = mul i15 %select_ln173_66, i15 %zext_ln173_79_cast" [../cnn_hls.cpp:174]   --->   Operation 509 'mul' 'mul_ln174_49' <Predicate = true> <Delay = 1.05> <CoreInst = "DSP48">   --->   Core 116 'DSP48' <Latency = 3> <II = 1> <Delay = 2.15> <IPBlock> <Opcode : 'add' 'sub' 'mul' 'select'> <InPorts = 0> <OutPorts = 1> <Sync> <CReg>
ST_2 : Operation 510 [3/3] (1.05ns) (grouped into DSP with root node add_ln174_72)   --->   "%mul_ln174_53 = mul i15 %select_ln173_63, i15 %zext_ln173_75_cast" [../cnn_hls.cpp:174]   --->   Operation 510 'mul' 'mul_ln174_53' <Predicate = true> <Delay = 1.05> <CoreInst = "DSP48">   --->   Core 116 'DSP48' <Latency = 3> <II = 1> <Delay = 2.15> <IPBlock> <Opcode : 'add' 'sub' 'mul' 'select'> <InPorts = 0> <OutPorts = 1> <Sync> <CReg>
ST_2 : Operation 511 [3/3] (1.05ns) (grouped into DSP with root node add_ln174_65)   --->   "%mul_ln174_59 = mul i14 %select_ln173_58, i14 %zext_ln173_69_cast" [../cnn_hls.cpp:174]   --->   Operation 511 'mul' 'mul_ln174_59' <Predicate = true> <Delay = 1.05> <CoreInst = "DSP48">   --->   Core 116 'DSP48' <Latency = 3> <II = 1> <Delay = 2.15> <IPBlock> <Opcode : 'add' 'sub' 'mul' 'select'> <InPorts = 0> <OutPorts = 1> <Sync> <CReg>
ST_2 : Operation 512 [3/3] (1.05ns) (grouped into DSP with root node add_ln174_40)   --->   "%mul_ln174_86 = mul i16 %select_ln173_33, i16 %zext_ln173_41_cast" [../cnn_hls.cpp:174]   --->   Operation 512 'mul' 'mul_ln174_86' <Predicate = true> <Delay = 1.05> <CoreInst = "DSP48">   --->   Core 116 'DSP48' <Latency = 3> <II = 1> <Delay = 2.15> <IPBlock> <Opcode : 'add' 'sub' 'mul' 'select'> <InPorts = 0> <OutPorts = 1> <Sync> <CReg>
ST_2 : Operation 513 [3/3] (1.05ns) (grouped into DSP with root node add_ln174_34)   --->   "%mul_ln174_90 = mul i16 %select_ln173_29, i16 %zext_ln173_37_cast" [../cnn_hls.cpp:174]   --->   Operation 513 'mul' 'mul_ln174_90' <Predicate = true> <Delay = 1.05> <CoreInst = "DSP48">   --->   Core 116 'DSP48' <Latency = 3> <II = 1> <Delay = 2.15> <IPBlock> <Opcode : 'add' 'sub' 'mul' 'select'> <InPorts = 0> <OutPorts = 1> <Sync> <CReg>
ST_2 : Operation 514 [3/3] (1.05ns) (grouped into DSP with root node add_ln174_30)   --->   "%mul_ln174_93 = mul i15 %select_ln173_26, i15 %zext_ln173_34_cast" [../cnn_hls.cpp:174]   --->   Operation 514 'mul' 'mul_ln174_93' <Predicate = true> <Delay = 1.05> <CoreInst = "DSP48">   --->   Core 116 'DSP48' <Latency = 3> <II = 1> <Delay = 2.15> <IPBlock> <Opcode : 'add' 'sub' 'mul' 'select'> <InPorts = 0> <OutPorts = 1> <Sync> <CReg>
ST_2 : Operation 515 [3/3] (1.05ns) (grouped into DSP with root node add_ln174_28)   --->   "%mul_ln174_96 = mul i16 %select_ln173_23, i16 %zext_ln173_31_cast" [../cnn_hls.cpp:174]   --->   Operation 515 'mul' 'mul_ln174_96' <Predicate = true> <Delay = 1.05> <CoreInst = "DSP48">   --->   Core 116 'DSP48' <Latency = 3> <II = 1> <Delay = 2.15> <IPBlock> <Opcode : 'add' 'sub' 'mul' 'select'> <InPorts = 0> <OutPorts = 1> <Sync> <CReg>
ST_2 : Operation 516 [1/1] (4.17ns)   --->   "%mul_ln174_99 = mul i16 %select_ln173_21, i16 %zext_ln173_28_cast" [../cnn_hls.cpp:174]   --->   Operation 516 'mul' 'mul_ln174_99' <Predicate = true> <Delay = 4.17> <CoreInst = "Multiplier">   --->   Core 3 'Multiplier' <Latency = 0> <II = 1> <Delay = 4.17> <FuncUnit> <Opcode : 'mul'> <InPorts = 2> <OutPorts = 1>
ST_2 : Operation 517 [2/3] (1.05ns) (grouped into DSP with root node add_ln174_25)   --->   "%mul_ln174_100 = mul i15 %select_ln173_20, i15 %zext_ln173_27_cast" [../cnn_hls.cpp:174]   --->   Operation 517 'mul' 'mul_ln174_100' <Predicate = true> <Delay = 1.05> <CoreInst = "DSP48">   --->   Core 116 'DSP48' <Latency = 3> <II = 1> <Delay = 2.15> <IPBlock> <Opcode : 'add' 'sub' 'mul' 'select'> <InPorts = 0> <OutPorts = 1> <Sync> <CReg>
ST_2 : Operation 518 [3/3] (1.05ns) (grouped into DSP with root node add_ln174_26)   --->   "%mul_ln174_101 = mul i14 %select_ln173_19, i14 %zext_ln173_26_cast" [../cnn_hls.cpp:174]   --->   Operation 518 'mul' 'mul_ln174_101' <Predicate = true> <Delay = 1.05> <CoreInst = "DSP48">   --->   Core 116 'DSP48' <Latency = 3> <II = 1> <Delay = 2.15> <IPBlock> <Opcode : 'add' 'sub' 'mul' 'select'> <InPorts = 0> <OutPorts = 1> <Sync> <CReg>
ST_2 : Operation 519 [2/3] (1.05ns) (grouped into DSP with root node add_ln174_18)   --->   "%mul_ln174_105 = mul i12 %select_ln173_15, i12 %zext_ln173_22_cast" [../cnn_hls.cpp:174]   --->   Operation 519 'mul' 'mul_ln174_105' <Predicate = true> <Delay = 1.05> <CoreInst = "DSP48">   --->   Core 116 'DSP48' <Latency = 3> <II = 1> <Delay = 2.15> <IPBlock> <Opcode : 'add' 'sub' 'mul' 'select'> <InPorts = 0> <OutPorts = 1> <Sync> <CReg>
ST_2 : Operation 520 [1/1] (4.17ns)   --->   "%mul_ln174_106 = mul i15 %select_ln173_14, i15 %zext_ln173_21_cast" [../cnn_hls.cpp:174]   --->   Operation 520 'mul' 'mul_ln174_106' <Predicate = true> <Delay = 4.17> <CoreInst = "Multiplier">   --->   Core 3 'Multiplier' <Latency = 0> <II = 1> <Delay = 4.17> <FuncUnit> <Opcode : 'mul'> <InPorts = 2> <OutPorts = 1>
ST_2 : Operation 521 [3/3] (1.05ns) (grouped into DSP with root node add_ln174_19)   --->   "%mul_ln174_107 = mul i16 %select_ln173_13, i16 %zext_ln173_20_cast" [../cnn_hls.cpp:174]   --->   Operation 521 'mul' 'mul_ln174_107' <Predicate = true> <Delay = 1.05> <CoreInst = "DSP48">   --->   Core 116 'DSP48' <Latency = 3> <II = 1> <Delay = 2.15> <IPBlock> <Opcode : 'add' 'sub' 'mul' 'select'> <InPorts = 0> <OutPorts = 1> <Sync> <CReg>
ST_2 : Operation 522 [3/3] (1.05ns) (grouped into DSP with root node add_ln174_16)   --->   "%mul_ln174_108 = mul i15 %select_ln173_12, i15 %zext_ln173_19_cast" [../cnn_hls.cpp:174]   --->   Operation 522 'mul' 'mul_ln174_108' <Predicate = true> <Delay = 1.05> <CoreInst = "DSP48">   --->   Core 116 'DSP48' <Latency = 3> <II = 1> <Delay = 2.15> <IPBlock> <Opcode : 'add' 'sub' 'mul' 'select'> <InPorts = 0> <OutPorts = 1> <Sync> <CReg>
ST_2 : Operation 523 [3/3] (1.05ns) (grouped into DSP with root node add_ln174_11)   --->   "%mul_ln174_114 = mul i16 %select_ln173_8, i16 %zext_ln173_13_cast" [../cnn_hls.cpp:174]   --->   Operation 523 'mul' 'mul_ln174_114' <Predicate = true> <Delay = 1.05> <CoreInst = "DSP48">   --->   Core 116 'DSP48' <Latency = 3> <II = 1> <Delay = 2.15> <IPBlock> <Opcode : 'add' 'sub' 'mul' 'select'> <InPorts = 0> <OutPorts = 1> <Sync> <CReg>
ST_2 : Operation 524 [3/3] (1.05ns) (grouped into DSP with root node add_ln174_183)   --->   "%mul_ln174_129 = mul i14 %select_ln174, i14 %zext_ln173_190_cast" [../cnn_hls.cpp:174]   --->   Operation 524 'mul' 'mul_ln174_129' <Predicate = true> <Delay = 1.05> <CoreInst = "DSP48">   --->   Core 116 'DSP48' <Latency = 3> <II = 1> <Delay = 2.15> <IPBlock> <Opcode : 'add' 'sub' 'mul' 'select'> <InPorts = 0> <OutPorts = 1> <Sync> <CReg>
ST_2 : Operation 525 [3/3] (1.05ns) (grouped into DSP with root node add_ln174_181)   --->   "%mul_ln174_132 = mul i16 %select_ln173_157, i16 %zext_ln173_187_cast" [../cnn_hls.cpp:174]   --->   Operation 525 'mul' 'mul_ln174_132' <Predicate = true> <Delay = 1.05> <CoreInst = "DSP48">   --->   Core 116 'DSP48' <Latency = 3> <II = 1> <Delay = 2.15> <IPBlock> <Opcode : 'add' 'sub' 'mul' 'select'> <InPorts = 0> <OutPorts = 1> <Sync> <CReg>
ST_2 : Operation 526 [3/3] (1.05ns) (grouped into DSP with root node add_ln174_178)   --->   "%mul_ln174_134 = mul i16 %select_ln173_155, i16 %zext_ln173_185_cast" [../cnn_hls.cpp:174]   --->   Operation 526 'mul' 'mul_ln174_134' <Predicate = true> <Delay = 1.05> <CoreInst = "DSP48">   --->   Core 116 'DSP48' <Latency = 3> <II = 1> <Delay = 2.15> <IPBlock> <Opcode : 'add' 'sub' 'mul' 'select'> <InPorts = 0> <OutPorts = 1> <Sync> <CReg>
ST_2 : Operation 527 [1/1] (4.17ns)   --->   "%mul_ln174_137 = mul i15 %select_ln173_154, i15 %zext_ln173_182_cast" [../cnn_hls.cpp:174]   --->   Operation 527 'mul' 'mul_ln174_137' <Predicate = true> <Delay = 4.17> <CoreInst = "Multiplier">   --->   Core 3 'Multiplier' <Latency = 0> <II = 1> <Delay = 4.17> <FuncUnit> <Opcode : 'mul'> <InPorts = 2> <OutPorts = 1>
ST_2 : Operation 528 [2/3] (1.05ns) (grouped into DSP with root node add_ln174_176)   --->   "%mul_ln174_138 = mul i14 %select_ln173_153, i14 %zext_ln173_181_cast" [../cnn_hls.cpp:174]   --->   Operation 528 'mul' 'mul_ln174_138' <Predicate = true> <Delay = 1.05> <CoreInst = "DSP48">   --->   Core 116 'DSP48' <Latency = 3> <II = 1> <Delay = 2.15> <IPBlock> <Opcode : 'add' 'sub' 'mul' 'select'> <InPorts = 0> <OutPorts = 1> <Sync> <CReg>
ST_2 : Operation 529 [3/3] (1.05ns) (grouped into DSP with root node add_ln174_177)   --->   "%mul_ln174_139 = mul i15 %select_ln173_152, i15 %zext_ln173_180_cast" [../cnn_hls.cpp:174]   --->   Operation 529 'mul' 'mul_ln174_139' <Predicate = true> <Delay = 1.05> <CoreInst = "DSP48">   --->   Core 116 'DSP48' <Latency = 3> <II = 1> <Delay = 2.15> <IPBlock> <Opcode : 'add' 'sub' 'mul' 'select'> <InPorts = 0> <OutPorts = 1> <Sync> <CReg>
ST_2 : Operation 530 [3/3] (1.05ns) (grouped into DSP with root node add_ln174_172)   --->   "%mul_ln174_141 = mul i14 %select_ln173_150, i14 %zext_ln173_178_cast" [../cnn_hls.cpp:174]   --->   Operation 530 'mul' 'mul_ln174_141' <Predicate = true> <Delay = 1.05> <CoreInst = "DSP48">   --->   Core 116 'DSP48' <Latency = 3> <II = 1> <Delay = 2.15> <IPBlock> <Opcode : 'add' 'sub' 'mul' 'select'> <InPorts = 0> <OutPorts = 1> <Sync> <CReg>
ST_2 : Operation 531 [3/3] (1.05ns) (grouped into DSP with root node add_ln174_170)   --->   "%mul_ln174_143 = mul i15 %select_ln173_148, i15 %zext_ln173_176_cast" [../cnn_hls.cpp:174]   --->   Operation 531 'mul' 'mul_ln174_143' <Predicate = true> <Delay = 1.05> <CoreInst = "DSP48">   --->   Core 116 'DSP48' <Latency = 3> <II = 1> <Delay = 2.15> <IPBlock> <Opcode : 'add' 'sub' 'mul' 'select'> <InPorts = 0> <OutPorts = 1> <Sync> <CReg>
ST_2 : Operation 532 [3/3] (1.05ns) (grouped into DSP with root node add_ln174_167)   --->   "%mul_ln174_146 = mul i15 %select_ln173_145, i15 %zext_ln173_173_cast" [../cnn_hls.cpp:174]   --->   Operation 532 'mul' 'mul_ln174_146' <Predicate = true> <Delay = 1.05> <CoreInst = "DSP48">   --->   Core 116 'DSP48' <Latency = 3> <II = 1> <Delay = 2.15> <IPBlock> <Opcode : 'add' 'sub' 'mul' 'select'> <InPorts = 0> <OutPorts = 1> <Sync> <CReg>
ST_2 : Operation 533 [3/3] (1.05ns) (grouped into DSP with root node add_ln174_165)   --->   "%mul_ln174_150 = mul i16 %select_ln173_142, i16 %zext_ln173_168_cast" [../cnn_hls.cpp:174]   --->   Operation 533 'mul' 'mul_ln174_150' <Predicate = true> <Delay = 1.05> <CoreInst = "DSP48">   --->   Core 116 'DSP48' <Latency = 3> <II = 1> <Delay = 2.15> <IPBlock> <Opcode : 'add' 'sub' 'mul' 'select'> <InPorts = 0> <OutPorts = 1> <Sync> <CReg>
ST_2 : Operation 534 [1/1] (4.17ns)   --->   "%mul_ln174_152 = mul i16 %select_ln173_140, i16 %zext_ln173_166_cast" [../cnn_hls.cpp:174]   --->   Operation 534 'mul' 'mul_ln174_152' <Predicate = true> <Delay = 4.17> <CoreInst = "Multiplier">   --->   Core 3 'Multiplier' <Latency = 0> <II = 1> <Delay = 4.17> <FuncUnit> <Opcode : 'mul'> <InPorts = 2> <OutPorts = 1>
ST_2 : Operation 535 [2/3] (1.05ns) (grouped into DSP with root node add_ln174_160)   --->   "%mul_ln174_153 = mul i14 %select_ln173_139, i14 %zext_ln173_165_cast" [../cnn_hls.cpp:174]   --->   Operation 535 'mul' 'mul_ln174_153' <Predicate = true> <Delay = 1.05> <CoreInst = "DSP48">   --->   Core 116 'DSP48' <Latency = 3> <II = 1> <Delay = 2.15> <IPBlock> <Opcode : 'add' 'sub' 'mul' 'select'> <InPorts = 0> <OutPorts = 1> <Sync> <CReg>
ST_2 : Operation 536 [2/3] (1.05ns) (grouped into DSP with root node add_ln174_155)   --->   "%mul_ln174_159 = mul i15 %select_ln173_134, i15 %zext_ln173_159_cast" [../cnn_hls.cpp:174]   --->   Operation 536 'mul' 'mul_ln174_159' <Predicate = true> <Delay = 1.05> <CoreInst = "DSP48">   --->   Core 116 'DSP48' <Latency = 3> <II = 1> <Delay = 2.15> <IPBlock> <Opcode : 'add' 'sub' 'mul' 'select'> <InPorts = 0> <OutPorts = 1> <Sync> <CReg>
ST_2 : Operation 537 [3/3] (1.05ns) (grouped into DSP with root node add_ln174_156)   --->   "%mul_ln174_160 = mul i13 %zext_ln173_158_cast, i13 23" [../cnn_hls.cpp:174]   --->   Operation 537 'mul' 'mul_ln174_160' <Predicate = true> <Delay = 1.05> <CoreInst = "DSP48">   --->   Core 116 'DSP48' <Latency = 3> <II = 1> <Delay = 2.15> <IPBlock> <Opcode : 'add' 'sub' 'mul' 'select'> <InPorts = 0> <OutPorts = 1> <Sync> <CReg>
ST_2 : Operation 538 [1/1] (4.17ns)   --->   "%mul_ln174_161 = mul i16 %select_ln173_133, i16 %zext_ln173_157_cast" [../cnn_hls.cpp:174]   --->   Operation 538 'mul' 'mul_ln174_161' <Predicate = true> <Delay = 4.17> <CoreInst = "Multiplier">   --->   Core 3 'Multiplier' <Latency = 0> <II = 1> <Delay = 4.17> <FuncUnit> <Opcode : 'mul'> <InPorts = 2> <OutPorts = 1>
ST_2 : Operation 539 [2/3] (1.05ns) (grouped into DSP with root node add_ln174_153)   --->   "%mul_ln174_162 = mul i14 %select_ln173_132, i14 %zext_ln173_156_cast" [../cnn_hls.cpp:174]   --->   Operation 539 'mul' 'mul_ln174_162' <Predicate = true> <Delay = 1.05> <CoreInst = "DSP48">   --->   Core 116 'DSP48' <Latency = 3> <II = 1> <Delay = 2.15> <IPBlock> <Opcode : 'add' 'sub' 'mul' 'select'> <InPorts = 0> <OutPorts = 1> <Sync> <CReg>
ST_2 : Operation 540 [3/3] (1.05ns) (grouped into DSP with root node add_ln174_154)   --->   "%mul_ln174_163 = mul i15 %select_ln173_131, i15 %zext_ln173_155_cast" [../cnn_hls.cpp:174]   --->   Operation 540 'mul' 'mul_ln174_163' <Predicate = true> <Delay = 1.05> <CoreInst = "DSP48">   --->   Core 116 'DSP48' <Latency = 3> <II = 1> <Delay = 2.15> <IPBlock> <Opcode : 'add' 'sub' 'mul' 'select'> <InPorts = 0> <OutPorts = 1> <Sync> <CReg>
ST_2 : Operation 541 [2/3] (1.05ns) (grouped into DSP with root node add_ln174_149)   --->   "%mul_ln174_164 = mul i15 %select_ln173_130, i15 %zext_ln173_154_cast" [../cnn_hls.cpp:174]   --->   Operation 541 'mul' 'mul_ln174_164' <Predicate = true> <Delay = 1.05> <CoreInst = "DSP48">   --->   Core 116 'DSP48' <Latency = 3> <II = 1> <Delay = 2.15> <IPBlock> <Opcode : 'add' 'sub' 'mul' 'select'> <InPorts = 0> <OutPorts = 1> <Sync> <CReg>
ST_2 : Operation 542 [1/1] (4.17ns)   --->   "%mul_ln174_165 = mul i16 %select_ln173_129, i16 %zext_ln173_153_cast" [../cnn_hls.cpp:174]   --->   Operation 542 'mul' 'mul_ln174_165' <Predicate = true> <Delay = 4.17> <CoreInst = "Multiplier">   --->   Core 3 'Multiplier' <Latency = 0> <II = 1> <Delay = 4.17> <FuncUnit> <Opcode : 'mul'> <InPorts = 2> <OutPorts = 1>
ST_2 : Operation 543 [2/3] (1.05ns) (grouped into DSP with root node add_ln174_144)   --->   "%mul_ln174_170 = mul i16 %select_ln173_125, i16 %zext_ln173_148_cast" [../cnn_hls.cpp:174]   --->   Operation 543 'mul' 'mul_ln174_170' <Predicate = true> <Delay = 1.05> <CoreInst = "DSP48">   --->   Core 116 'DSP48' <Latency = 3> <II = 1> <Delay = 2.15> <IPBlock> <Opcode : 'add' 'sub' 'mul' 'select'> <InPorts = 0> <OutPorts = 1> <Sync> <CReg>
ST_2 : Operation 544 [3/3] (1.05ns) (grouped into DSP with root node add_ln174_145)   --->   "%mul_ln174_172 = mul i16 %select_ln173_124, i16 %zext_ln173_146_cast" [../cnn_hls.cpp:174]   --->   Operation 544 'mul' 'mul_ln174_172' <Predicate = true> <Delay = 1.05> <CoreInst = "DSP48">   --->   Core 116 'DSP48' <Latency = 3> <II = 1> <Delay = 2.15> <IPBlock> <Opcode : 'add' 'sub' 'mul' 'select'> <InPorts = 0> <OutPorts = 1> <Sync> <CReg>
ST_2 : Operation 545 [3/3] (1.05ns) (grouped into DSP with root node add_ln174_142)   --->   "%mul_ln174_173 = mul i15 %select_ln173_123, i15 %zext_ln173_145_cast" [../cnn_hls.cpp:174]   --->   Operation 545 'mul' 'mul_ln174_173' <Predicate = true> <Delay = 1.05> <CoreInst = "DSP48">   --->   Core 116 'DSP48' <Latency = 3> <II = 1> <Delay = 2.15> <IPBlock> <Opcode : 'add' 'sub' 'mul' 'select'> <InPorts = 0> <OutPorts = 1> <Sync> <CReg>
ST_2 : Operation 546 [2/3] (1.05ns) (grouped into DSP with root node add_ln174_134)   --->   "%mul_ln174_179 = mul i13 %zext_ln173_139_cast, i13 8179" [../cnn_hls.cpp:174]   --->   Operation 546 'mul' 'mul_ln174_179' <Predicate = true> <Delay = 1.05> <CoreInst = "DSP48">   --->   Core 116 'DSP48' <Latency = 3> <II = 1> <Delay = 2.15> <IPBlock> <Opcode : 'add' 'sub' 'mul' 'select'> <InPorts = 0> <OutPorts = 1> <Sync> <CReg>
ST_2 : Operation 547 [3/3] (1.05ns) (grouped into DSP with root node add_ln174_135)   --->   "%mul_ln174_181 = mul i14 %select_ln173_118, i14 %zext_ln173_137_cast" [../cnn_hls.cpp:174]   --->   Operation 547 'mul' 'mul_ln174_181' <Predicate = true> <Delay = 1.05> <CoreInst = "DSP48">   --->   Core 116 'DSP48' <Latency = 3> <II = 1> <Delay = 2.15> <IPBlock> <Opcode : 'add' 'sub' 'mul' 'select'> <InPorts = 0> <OutPorts = 1> <Sync> <CReg>
ST_2 : Operation 548 [3/3] (1.05ns) (grouped into DSP with root node add_ln174_131)   --->   "%mul_ln174_182 = mul i16 %select_ln173_117, i16 %zext_ln173_136_cast" [../cnn_hls.cpp:174]   --->   Operation 548 'mul' 'mul_ln174_182' <Predicate = true> <Delay = 1.05> <CoreInst = "DSP48">   --->   Core 116 'DSP48' <Latency = 3> <II = 1> <Delay = 2.15> <IPBlock> <Opcode : 'add' 'sub' 'mul' 'select'> <InPorts = 0> <OutPorts = 1> <Sync> <CReg>
ST_2 : Operation 549 [3/3] (1.05ns) (grouped into DSP with root node add_ln174_129)   --->   "%mul_ln174_185 = mul i14 %select_ln173_115, i14 %zext_ln173_133_cast" [../cnn_hls.cpp:174]   --->   Operation 549 'mul' 'mul_ln174_185' <Predicate = true> <Delay = 1.05> <CoreInst = "DSP48">   --->   Core 116 'DSP48' <Latency = 3> <II = 1> <Delay = 2.15> <IPBlock> <Opcode : 'add' 'sub' 'mul' 'select'> <InPorts = 0> <OutPorts = 1> <Sync> <CReg>
ST_2 : Operation 550 [1/1] (4.17ns)   --->   "%mul_ln174_188 = mul i16 %select_ln173_112, i16 %zext_ln173_130_cast" [../cnn_hls.cpp:174]   --->   Operation 550 'mul' 'mul_ln174_188' <Predicate = true> <Delay = 4.17> <CoreInst = "Multiplier">   --->   Core 3 'Multiplier' <Latency = 0> <II = 1> <Delay = 4.17> <FuncUnit> <Opcode : 'mul'> <InPorts = 2> <OutPorts = 1>
ST_2 : Operation 551 [2/3] (1.05ns) (grouped into DSP with root node add_ln174_125)   --->   "%mul_ln174_189 = mul i14 %select_ln173_111, i14 %zext_ln173_129_cast" [../cnn_hls.cpp:174]   --->   Operation 551 'mul' 'mul_ln174_189' <Predicate = true> <Delay = 1.05> <CoreInst = "DSP48">   --->   Core 116 'DSP48' <Latency = 3> <II = 1> <Delay = 2.15> <IPBlock> <Opcode : 'add' 'sub' 'mul' 'select'> <InPorts = 0> <OutPorts = 1> <Sync> <CReg>

State 3 <SV = 2> <Delay = 7.26>
ST_3 : Operation 552 [1/1] (1.18ns)   --->   "%select_ln173_1 = select i1 %icmp_ln169, i14 16355, i14 16357" [../cnn_hls.cpp:173]   --->   Operation 552 'select' 'select_ln173_1' <Predicate = true> <Delay = 1.18> <CoreInst = "Sel">   --->   Core 73 'Sel' <Latency = 0> <II = 1> <Delay = 1.18> <FuncUnit> <Opcode : 'select'> <InPorts = 3> <OutPorts = 1>
ST_3 : Operation 553 [1/1] (0.99ns)   --->   "%select_ln173_3 = select i1 %icmp_ln169, i15 32731, i15 32735" [../cnn_hls.cpp:173]   --->   Operation 553 'select' 'select_ln173_3' <Predicate = true> <Delay = 0.99> <CoreInst = "Sel">   --->   Core 73 'Sel' <Latency = 0> <II = 1> <Delay = 0.99> <FuncUnit> <Opcode : 'select'> <InPorts = 3> <OutPorts = 1>
ST_3 : Operation 554 [1/1] (1.02ns)   --->   "%select_ln173_5 = select i1 %icmp_ln169, i12 4090, i12 4093" [../cnn_hls.cpp:173]   --->   Operation 554 'select' 'select_ln173_5' <Predicate = true> <Delay = 1.02> <CoreInst = "Sel">   --->   Core 73 'Sel' <Latency = 0> <II = 1> <Delay = 1.02> <FuncUnit> <Opcode : 'select'> <InPorts = 3> <OutPorts = 1>
ST_3 : Operation 555 [1/1] (1.18ns)   --->   "%select_ln173_7 = select i1 %icmp_ln169, i14 16356, i14 6" [../cnn_hls.cpp:173]   --->   Operation 555 'select' 'select_ln173_7' <Predicate = true> <Delay = 1.18> <CoreInst = "Sel">   --->   Core 73 'Sel' <Latency = 0> <II = 1> <Delay = 1.18> <FuncUnit> <Opcode : 'select'> <InPorts = 3> <OutPorts = 1>
ST_3 : Operation 556 [1/1] (1.24ns)   --->   "%select_ln173_22 = select i1 %icmp_ln169, i16 125, i16 65411" [../cnn_hls.cpp:173]   --->   Operation 556 'select' 'select_ln173_22' <Predicate = true> <Delay = 1.24> <CoreInst = "Sel">   --->   Core 73 'Sel' <Latency = 0> <II = 1> <Delay = 1.24> <FuncUnit> <Opcode : 'select'> <InPorts = 3> <OutPorts = 1>
ST_3 : Operation 557 [1/1] (1.24ns)   --->   "%select_ln173_25 = select i1 %icmp_ln169, i15 14, i15 69" [../cnn_hls.cpp:173]   --->   Operation 557 'select' 'select_ln173_25' <Predicate = true> <Delay = 1.24> <CoreInst = "Sel">   --->   Core 73 'Sel' <Latency = 0> <II = 1> <Delay = 1.24> <FuncUnit> <Opcode : 'select'> <InPorts = 3> <OutPorts = 1>
ST_3 : Operation 558 [1/1] (1.21ns)   --->   "%select_ln173_27 = select i1 %icmp_ln169, i13 8187, i13 9" [../cnn_hls.cpp:173]   --->   Operation 558 'select' 'select_ln173_27' <Predicate = true> <Delay = 1.21> <CoreInst = "Sel">   --->   Core 73 'Sel' <Latency = 0> <II = 1> <Delay = 1.21> <FuncUnit> <Opcode : 'select'> <InPorts = 3> <OutPorts = 1>
ST_3 : Operation 559 [1/1] (1.24ns)   --->   "%select_ln173_28 = select i1 %icmp_ln169, i16 77, i16 65481" [../cnn_hls.cpp:173]   --->   Operation 559 'select' 'select_ln173_28' <Predicate = true> <Delay = 1.24> <CoreInst = "Sel">   --->   Core 73 'Sel' <Latency = 0> <II = 1> <Delay = 1.24> <FuncUnit> <Opcode : 'select'> <InPorts = 3> <OutPorts = 1>
ST_3 : Operation 560 [1/1] (1.18ns)   --->   "%select_ln173_30 = select i1 %icmp_ln169, i14 28, i14 16371" [../cnn_hls.cpp:173]   --->   Operation 560 'select' 'select_ln173_30' <Predicate = true> <Delay = 1.18> <CoreInst = "Sel">   --->   Core 73 'Sel' <Latency = 0> <II = 1> <Delay = 1.18> <FuncUnit> <Opcode : 'select'> <InPorts = 3> <OutPorts = 1>
ST_3 : Operation 561 [1/1] (1.18ns)   --->   "%select_ln173_34 = select i1 %icmp_ln169, i14 16355, i14 27" [../cnn_hls.cpp:173]   --->   Operation 561 'select' 'select_ln173_34' <Predicate = true> <Delay = 1.18> <CoreInst = "Sel">   --->   Core 73 'Sel' <Latency = 0> <II = 1> <Delay = 1.18> <FuncUnit> <Opcode : 'select'> <InPorts = 3> <OutPorts = 1>
ST_3 : Operation 562 [1/1] (1.18ns)   --->   "%select_ln173_35 = select i1 %icmp_ln169, i13 23, i13 11" [../cnn_hls.cpp:173]   --->   Operation 562 'select' 'select_ln173_35' <Predicate = true> <Delay = 1.18> <CoreInst = "Sel">   --->   Core 73 'Sel' <Latency = 0> <II = 1> <Delay = 1.18> <FuncUnit> <Opcode : 'select'> <InPorts = 3> <OutPorts = 1>
ST_3 : Operation 563 [1/1] (1.18ns)   --->   "%select_ln173_40 = select i1 %icmp_ln169, i14 16353, i14 16369" [../cnn_hls.cpp:173]   --->   Operation 563 'select' 'select_ln173_40' <Predicate = true> <Delay = 1.18> <CoreInst = "Sel">   --->   Core 73 'Sel' <Latency = 0> <II = 1> <Delay = 1.18> <FuncUnit> <Opcode : 'select'> <InPorts = 3> <OutPorts = 1>
ST_3 : Operation 564 [1/1] (1.24ns)   --->   "%select_ln173_46 = select i1 %icmp_ln169, i16 109, i16 65427" [../cnn_hls.cpp:173]   --->   Operation 564 'select' 'select_ln173_46' <Predicate = true> <Delay = 1.24> <CoreInst = "Sel">   --->   Core 73 'Sel' <Latency = 0> <II = 1> <Delay = 1.24> <FuncUnit> <Opcode : 'select'> <InPorts = 3> <OutPorts = 1>
ST_3 : Operation 565 [1/1] (0.99ns)   --->   "%select_ln173_53 = select i1 %icmp_ln169, i16 65511, i16 37" [../cnn_hls.cpp:173]   --->   Operation 565 'select' 'select_ln173_53' <Predicate = true> <Delay = 0.99> <CoreInst = "Sel">   --->   Core 73 'Sel' <Latency = 0> <II = 1> <Delay = 0.99> <FuncUnit> <Opcode : 'select'> <InPorts = 3> <OutPorts = 1>
ST_3 : Operation 566 [1/1] (1.24ns)   --->   "%select_ln173_56 = select i1 %icmp_ln169, i16 65456, i16 39" [../cnn_hls.cpp:173]   --->   Operation 566 'select' 'select_ln173_56' <Predicate = true> <Delay = 1.24> <CoreInst = "Sel">   --->   Core 73 'Sel' <Latency = 0> <II = 1> <Delay = 1.24> <FuncUnit> <Opcode : 'select'> <InPorts = 3> <OutPorts = 1>
ST_3 : Operation 567 [1/1] (0.99ns)   --->   "%select_ln173_57 = select i1 %icmp_ln169, i15 32735, i15 25" [../cnn_hls.cpp:173]   --->   Operation 567 'select' 'select_ln173_57' <Predicate = true> <Delay = 0.99> <CoreInst = "Sel">   --->   Core 73 'Sel' <Latency = 0> <II = 1> <Delay = 0.99> <FuncUnit> <Opcode : 'select'> <InPorts = 3> <OutPorts = 1>
ST_3 : Operation 568 [1/1] (1.24ns)   --->   "%select_ln173_59 = select i1 %icmp_ln169, i16 65469, i16 65485" [../cnn_hls.cpp:173]   --->   Operation 568 'select' 'select_ln173_59' <Predicate = true> <Delay = 1.24> <CoreInst = "Sel">   --->   Core 73 'Sel' <Latency = 0> <II = 1> <Delay = 1.24> <FuncUnit> <Opcode : 'select'> <InPorts = 3> <OutPorts = 1>
ST_3 : Operation 569 [1/1] (1.21ns)   --->   "%select_ln173_61 = select i1 %icmp_ln169, i12 15, i12 13" [../cnn_hls.cpp:173]   --->   Operation 569 'select' 'select_ln173_61' <Predicate = true> <Delay = 1.21> <CoreInst = "Sel">   --->   Core 73 'Sel' <Latency = 0> <II = 1> <Delay = 1.21> <FuncUnit> <Opcode : 'select'> <InPorts = 3> <OutPorts = 1>
ST_3 : Operation 570 [1/1] (1.24ns)   --->   "%select_ln173_62 = select i1 %icmp_ln169, i16 65488, i16 117" [../cnn_hls.cpp:173]   --->   Operation 570 'select' 'select_ln173_62' <Predicate = true> <Delay = 1.24> <CoreInst = "Sel">   --->   Core 73 'Sel' <Latency = 0> <II = 1> <Delay = 1.24> <FuncUnit> <Opcode : 'select'> <InPorts = 3> <OutPorts = 1>
ST_3 : Operation 571 [1/1] (1.24ns)   --->   "%select_ln173_64 = select i1 %icmp_ln169, i16 65460, i16 65526" [../cnn_hls.cpp:173]   --->   Operation 571 'select' 'select_ln173_64' <Predicate = true> <Delay = 1.24> <CoreInst = "Sel">   --->   Core 73 'Sel' <Latency = 0> <II = 1> <Delay = 1.24> <FuncUnit> <Opcode : 'select'> <InPorts = 3> <OutPorts = 1>
ST_3 : Operation 572 [1/1] (1.24ns)   --->   "%select_ln173_65 = select i1 %icmp_ln169, i16 75, i16 65469" [../cnn_hls.cpp:173]   --->   Operation 572 'select' 'select_ln173_65' <Predicate = true> <Delay = 1.24> <CoreInst = "Sel">   --->   Core 73 'Sel' <Latency = 0> <II = 1> <Delay = 1.24> <FuncUnit> <Opcode : 'select'> <InPorts = 3> <OutPorts = 1>
ST_3 : Operation 573 [1/1] (0.98ns)   --->   "%select_ln173_69 = select i1 %icmp_ln169, i11 2045, i11 3" [../cnn_hls.cpp:173]   --->   Operation 573 'select' 'select_ln173_69' <Predicate = true> <Delay = 0.98> <CoreInst = "Sel">   --->   Core 73 'Sel' <Latency = 0> <II = 1> <Delay = 0.98> <FuncUnit> <Opcode : 'select'> <InPorts = 3> <OutPorts = 1>
ST_3 : Operation 574 [1/1] (1.24ns)   --->   "%select_ln173_71 = select i1 %icmp_ln169, i16 51, i16 65471" [../cnn_hls.cpp:173]   --->   Operation 574 'select' 'select_ln173_71' <Predicate = true> <Delay = 1.24> <CoreInst = "Sel">   --->   Core 73 'Sel' <Latency = 0> <II = 1> <Delay = 1.24> <FuncUnit> <Opcode : 'select'> <InPorts = 3> <OutPorts = 1>
ST_3 : Operation 575 [1/1] (1.24ns)   --->   "%select_ln173_72 = select i1 %icmp_ln169, i16 65492, i16 126" [../cnn_hls.cpp:173]   --->   Operation 575 'select' 'select_ln173_72' <Predicate = true> <Delay = 1.24> <CoreInst = "Sel">   --->   Core 73 'Sel' <Latency = 0> <II = 1> <Delay = 1.24> <FuncUnit> <Opcode : 'select'> <InPorts = 3> <OutPorts = 1>
ST_3 : Operation 576 [1/1] (1.24ns)   --->   "%select_ln173_73 = select i1 %icmp_ln169, i16 65435, i16 101" [../cnn_hls.cpp:173]   --->   Operation 576 'select' 'select_ln173_73' <Predicate = true> <Delay = 1.24> <CoreInst = "Sel">   --->   Core 73 'Sel' <Latency = 0> <II = 1> <Delay = 1.24> <FuncUnit> <Opcode : 'select'> <InPorts = 3> <OutPorts = 1>
ST_3 : Operation 577 [1/1] (1.18ns)   --->   "%select_ln173_75 = select i1 %icmp_ln169, i14 16354, i14 16358" [../cnn_hls.cpp:173]   --->   Operation 577 'select' 'select_ln173_75' <Predicate = true> <Delay = 1.18> <CoreInst = "Sel">   --->   Core 73 'Sel' <Latency = 0> <II = 1> <Delay = 1.18> <FuncUnit> <Opcode : 'select'> <InPorts = 3> <OutPorts = 1>
ST_3 : Operation 578 [1/1] (1.24ns)   --->   "%select_ln173_79 = select i1 %icmp_ln169, i16 65512, i16 65452" [../cnn_hls.cpp:173]   --->   Operation 578 'select' 'select_ln173_79' <Predicate = true> <Delay = 1.24> <CoreInst = "Sel">   --->   Core 73 'Sel' <Latency = 0> <II = 1> <Delay = 1.24> <FuncUnit> <Opcode : 'select'> <InPorts = 3> <OutPorts = 1>
ST_3 : Operation 579 [1/1] (1.18ns)   --->   "%select_ln173_83 = select i1 %icmp_ln169, i14 16353, i14 10" [../cnn_hls.cpp:173]   --->   Operation 579 'select' 'select_ln173_83' <Predicate = true> <Delay = 1.18> <CoreInst = "Sel">   --->   Core 73 'Sel' <Latency = 0> <II = 1> <Delay = 1.18> <FuncUnit> <Opcode : 'select'> <InPorts = 3> <OutPorts = 1>
ST_3 : Operation 580 [1/1] (1.24ns)   --->   "%select_ln173_87 = select i1 %icmp_ln169, i16 65452, i16 21" [../cnn_hls.cpp:173]   --->   Operation 580 'select' 'select_ln173_87' <Predicate = true> <Delay = 1.24> <CoreInst = "Sel">   --->   Core 73 'Sel' <Latency = 0> <II = 1> <Delay = 1.24> <FuncUnit> <Opcode : 'select'> <InPorts = 3> <OutPorts = 1>
ST_3 : Operation 581 [1/1] (1.18ns)   --->   "%select_ln173_88 = select i1 %icmp_ln169, i14 16365, i14 28" [../cnn_hls.cpp:173]   --->   Operation 581 'select' 'select_ln173_88' <Predicate = true> <Delay = 1.18> <CoreInst = "Sel">   --->   Core 73 'Sel' <Latency = 0> <II = 1> <Delay = 1.18> <FuncUnit> <Opcode : 'select'> <InPorts = 3> <OutPorts = 1>
ST_3 : Operation 582 [1/1] (1.24ns)   --->   "%select_ln173_89 = select i1 %icmp_ln169, i16 68, i16 65471" [../cnn_hls.cpp:173]   --->   Operation 582 'select' 'select_ln173_89' <Predicate = true> <Delay = 1.24> <CoreInst = "Sel">   --->   Core 73 'Sel' <Latency = 0> <II = 1> <Delay = 1.24> <FuncUnit> <Opcode : 'select'> <InPorts = 3> <OutPorts = 1>
ST_3 : Operation 583 [1/1] (1.18ns)   --->   "%select_ln173_91 = select i1 %icmp_ln169, i14 26, i14 16369" [../cnn_hls.cpp:173]   --->   Operation 583 'select' 'select_ln173_91' <Predicate = true> <Delay = 1.18> <CoreInst = "Sel">   --->   Core 73 'Sel' <Latency = 0> <II = 1> <Delay = 1.18> <FuncUnit> <Opcode : 'select'> <InPorts = 3> <OutPorts = 1>
ST_3 : Operation 584 [1/1] (1.24ns)   --->   "%select_ln173_92 = select i1 %icmp_ln169, i16 66, i16 65497" [../cnn_hls.cpp:173]   --->   Operation 584 'select' 'select_ln173_92' <Predicate = true> <Delay = 1.24> <CoreInst = "Sel">   --->   Core 73 'Sel' <Latency = 0> <II = 1> <Delay = 1.24> <FuncUnit> <Opcode : 'select'> <InPorts = 3> <OutPorts = 1>
ST_3 : Operation 585 [1/1] (1.18ns)   --->   "%select_ln173_94 = select i1 %icmp_ln169, i14 19, i14 16354" [../cnn_hls.cpp:173]   --->   Operation 585 'select' 'select_ln173_94' <Predicate = true> <Delay = 1.18> <CoreInst = "Sel">   --->   Core 73 'Sel' <Latency = 0> <II = 1> <Delay = 1.18> <FuncUnit> <Opcode : 'select'> <InPorts = 3> <OutPorts = 1>
ST_3 : Operation 586 [1/1] (1.24ns)   --->   "%select_ln173_96 = select i1 %icmp_ln169, i16 65516, i16 65422" [../cnn_hls.cpp:173]   --->   Operation 586 'select' 'select_ln173_96' <Predicate = true> <Delay = 1.24> <CoreInst = "Sel">   --->   Core 73 'Sel' <Latency = 0> <II = 1> <Delay = 1.24> <FuncUnit> <Opcode : 'select'> <InPorts = 3> <OutPorts = 1>
ST_3 : Operation 587 [1/1] (1.24ns)   --->   "%select_ln173_99 = select i1 %icmp_ln169, i16 40, i16 65457" [../cnn_hls.cpp:173]   --->   Operation 587 'select' 'select_ln173_99' <Predicate = true> <Delay = 1.24> <CoreInst = "Sel">   --->   Core 73 'Sel' <Latency = 0> <II = 1> <Delay = 1.24> <FuncUnit> <Opcode : 'select'> <InPorts = 3> <OutPorts = 1>
ST_3 : Operation 588 [1/1] (1.21ns)   --->   "%select_ln173_103 = select i1 %icmp_ln169, i13 8178, i13 13" [../cnn_hls.cpp:173]   --->   Operation 588 'select' 'select_ln173_103' <Predicate = true> <Delay = 1.21> <CoreInst = "Sel">   --->   Core 73 'Sel' <Latency = 0> <II = 1> <Delay = 1.21> <FuncUnit> <Opcode : 'select'> <InPorts = 3> <OutPorts = 1>
ST_3 : Operation 589 [1/1] (1.21ns)   --->   "%select_ln173_105 = select i1 %icmp_ln169, i13 15, i13 8182" [../cnn_hls.cpp:173]   --->   Operation 589 'select' 'select_ln173_105' <Predicate = true> <Delay = 1.21> <CoreInst = "Sel">   --->   Core 73 'Sel' <Latency = 0> <II = 1> <Delay = 1.21> <FuncUnit> <Opcode : 'select'> <InPorts = 3> <OutPorts = 1>
ST_3 : Operation 590 [1/1] (1.21ns)   --->   "%select_ln173_108 = select i1 %icmp_ln169, i12 5, i12 15" [../cnn_hls.cpp:173]   --->   Operation 590 'select' 'select_ln173_108' <Predicate = true> <Delay = 1.21> <CoreInst = "Sel">   --->   Core 73 'Sel' <Latency = 0> <II = 1> <Delay = 1.21> <FuncUnit> <Opcode : 'select'> <InPorts = 3> <OutPorts = 1>
ST_3 : Operation 591 [1/1] (1.18ns)   --->   "%select_ln173_109 = select i1 %icmp_ln169, i13 18, i13 23" [../cnn_hls.cpp:173]   --->   Operation 591 'select' 'select_ln173_109' <Predicate = true> <Delay = 1.18> <CoreInst = "Sel">   --->   Core 73 'Sel' <Latency = 0> <II = 1> <Delay = 1.18> <FuncUnit> <Opcode : 'select'> <InPorts = 3> <OutPorts = 1>
ST_3 : Operation 592 [1/1] (0.99ns)   --->   "%select_ln173_113 = select i1 %icmp_ln169, i15 32758, i15 32720" [../cnn_hls.cpp:173]   --->   Operation 592 'select' 'select_ln173_113' <Predicate = true> <Delay = 0.99> <CoreInst = "Sel">   --->   Core 73 'Sel' <Latency = 0> <II = 1> <Delay = 0.99> <FuncUnit> <Opcode : 'select'> <InPorts = 3> <OutPorts = 1>
ST_3 : Operation 593 [1/1] (1.24ns)   --->   "%select_ln173_114 = select i1 %icmp_ln169, i16 65456, i16 65516" [../cnn_hls.cpp:173]   --->   Operation 593 'select' 'select_ln173_114' <Predicate = true> <Delay = 1.24> <CoreInst = "Sel">   --->   Core 73 'Sel' <Latency = 0> <II = 1> <Delay = 1.24> <FuncUnit> <Opcode : 'select'> <InPorts = 3> <OutPorts = 1>
ST_3 : Operation 594 [1/1] (1.24ns)   --->   "%select_ln173_116 = select i1 %icmp_ln169, i16 65483, i16 70" [../cnn_hls.cpp:173]   --->   Operation 594 'select' 'select_ln173_116' <Predicate = true> <Delay = 1.24> <CoreInst = "Sel">   --->   Core 73 'Sel' <Latency = 0> <II = 1> <Delay = 1.24> <FuncUnit> <Opcode : 'select'> <InPorts = 3> <OutPorts = 1>
ST_3 : Operation 595 [1/1] (0.99ns)   --->   "%select_ln173_119 = select i1 %icmp_ln169, i15 32725, i15 32722" [../cnn_hls.cpp:173]   --->   Operation 595 'select' 'select_ln173_119' <Predicate = true> <Delay = 0.99> <CoreInst = "Sel">   --->   Core 73 'Sel' <Latency = 0> <II = 1> <Delay = 0.99> <FuncUnit> <Opcode : 'select'> <InPorts = 3> <OutPorts = 1>
ST_3 : Operation 596 [1/1] (1.18ns)   --->   "%select_ln173_135 = select i1 %icmp_ln169, i13 5, i13 20" [../cnn_hls.cpp:173]   --->   Operation 596 'select' 'select_ln173_135' <Predicate = true> <Delay = 1.18> <CoreInst = "Sel">   --->   Core 73 'Sel' <Latency = 0> <II = 1> <Delay = 1.18> <FuncUnit> <Opcode : 'select'> <InPorts = 3> <OutPorts = 1>
ST_3 : Operation 597 [1/1] (1.21ns)   --->   "%select_ln173_136 = select i1 %icmp_ln169, i12 14, i12 9" [../cnn_hls.cpp:173]   --->   Operation 597 'select' 'select_ln173_136' <Predicate = true> <Delay = 1.21> <CoreInst = "Sel">   --->   Core 73 'Sel' <Latency = 0> <II = 1> <Delay = 1.21> <FuncUnit> <Opcode : 'select'> <InPorts = 3> <OutPorts = 1>
ST_3 : Operation 598 [1/1] (1.24ns)   --->   "%select_ln173_137 = select i1 %icmp_ln169, i16 65486, i16 76" [../cnn_hls.cpp:173]   --->   Operation 598 'select' 'select_ln173_137' <Predicate = true> <Delay = 1.24> <CoreInst = "Sel">   --->   Core 73 'Sel' <Latency = 0> <II = 1> <Delay = 1.24> <FuncUnit> <Opcode : 'select'> <InPorts = 3> <OutPorts = 1>
ST_3 : Operation 599 [1/1] (0.99ns)   --->   "%select_ln173_138 = select i1 %icmp_ln169, i14 40, i14 46" [../cnn_hls.cpp:173]   --->   Operation 599 'select' 'select_ln173_138' <Predicate = true> <Delay = 0.99> <CoreInst = "Sel">   --->   Core 73 'Sel' <Latency = 0> <II = 1> <Delay = 0.99> <FuncUnit> <Opcode : 'select'> <InPorts = 3> <OutPorts = 1>
ST_3 : Operation 600 [1/1] (1.24ns)   --->   "%select_ln173_143 = select i1 %icmp_ln169, i16 65442, i16 84" [../cnn_hls.cpp:173]   --->   Operation 600 'select' 'select_ln173_143' <Predicate = true> <Delay = 1.24> <CoreInst = "Sel">   --->   Core 73 'Sel' <Latency = 0> <II = 1> <Delay = 1.24> <FuncUnit> <Opcode : 'select'> <InPorts = 3> <OutPorts = 1>
ST_3 : Operation 601 [1/1] (1.24ns)   --->   "%select_ln173_144 = select i1 %icmp_ln169, i16 65446, i16 84" [../cnn_hls.cpp:173]   --->   Operation 601 'select' 'select_ln173_144' <Predicate = true> <Delay = 1.24> <CoreInst = "Sel">   --->   Core 73 'Sel' <Latency = 0> <II = 1> <Delay = 1.24> <FuncUnit> <Opcode : 'select'> <InPorts = 3> <OutPorts = 1>
ST_3 : Operation 602 [1/1] (0.99ns)   --->   "%select_ln173_146 = select i1 %icmp_ln169, i15 32709, i15 22" [../cnn_hls.cpp:173]   --->   Operation 602 'select' 'select_ln173_146' <Predicate = true> <Delay = 0.99> <CoreInst = "Sel">   --->   Core 73 'Sel' <Latency = 0> <II = 1> <Delay = 0.99> <FuncUnit> <Opcode : 'select'> <InPorts = 3> <OutPorts = 1>
ST_3 : Operation 603 [1/1] (1.24ns)   --->   "%select_ln173_147 = select i1 %icmp_ln169, i16 65455, i16 65518" [../cnn_hls.cpp:173]   --->   Operation 603 'select' 'select_ln173_147' <Predicate = true> <Delay = 1.24> <CoreInst = "Sel">   --->   Core 73 'Sel' <Latency = 0> <II = 1> <Delay = 1.24> <FuncUnit> <Opcode : 'select'> <InPorts = 3> <OutPorts = 1>
ST_3 : Operation 604 [1/1] (1.24ns)   --->   "%select_ln173_149 = select i1 %icmp_ln169, i16 65471, i16 95" [../cnn_hls.cpp:173]   --->   Operation 604 'select' 'select_ln173_149' <Predicate = true> <Delay = 1.24> <CoreInst = "Sel">   --->   Core 73 'Sel' <Latency = 0> <II = 1> <Delay = 1.24> <FuncUnit> <Opcode : 'select'> <InPorts = 3> <OutPorts = 1>
ST_3 : Operation 605 [1/1] (0.99ns)   --->   "%select_ln173_156 = select i1 %icmp_ln169, i15 32731, i15 7" [../cnn_hls.cpp:173]   --->   Operation 605 'select' 'select_ln173_156' <Predicate = true> <Delay = 0.99> <CoreInst = "Sel">   --->   Core 73 'Sel' <Latency = 0> <II = 1> <Delay = 0.99> <FuncUnit> <Opcode : 'select'> <InPorts = 3> <OutPorts = 1>
ST_3 : Operation 606 [1/1] (0.99ns)   --->   "%select_ln173_158 = select i1 %icmp_ln169, i15 32733, i15 32728" [../cnn_hls.cpp:173]   --->   Operation 606 'select' 'select_ln173_158' <Predicate = true> <Delay = 0.99> <CoreInst = "Sel">   --->   Core 73 'Sel' <Latency = 0> <II = 1> <Delay = 0.99> <FuncUnit> <Opcode : 'select'> <InPorts = 3> <OutPorts = 1>
ST_3 : Operation 607 [1/1] (1.24ns)   --->   "%select_ln174_1 = select i1 %icmp_ln169, i15 76, i15 37" [../cnn_hls.cpp:174]   --->   Operation 607 'select' 'select_ln174_1' <Predicate = true> <Delay = 1.24> <CoreInst = "Sel">   --->   Core 73 'Sel' <Latency = 0> <II = 1> <Delay = 1.24> <FuncUnit> <Opcode : 'select'> <InPorts = 3> <OutPorts = 1>
ST_3 : Operation 608 [2/3] (1.05ns) (grouped into DSP with root node add_ln174_126)   --->   "%mul_ln174 = mul i16 %select_ln173_110, i16 %zext_ln173_128_cast" [../cnn_hls.cpp:174]   --->   Operation 608 'mul' 'mul_ln174' <Predicate = true> <Delay = 1.05> <CoreInst = "DSP48">   --->   Core 116 'DSP48' <Latency = 3> <II = 1> <Delay = 2.15> <IPBlock> <Opcode : 'add' 'sub' 'mul' 'select'> <InPorts = 0> <OutPorts = 1> <Sync> <CReg>
ST_3 : Operation 609 [1/1] (4.17ns)   --->   "%mul_ln174_1 = mul i13 %select_ln173_109, i13 %zext_ln173_127_cast" [../cnn_hls.cpp:174]   --->   Operation 609 'mul' 'mul_ln174_1' <Predicate = true> <Delay = 4.17> <CoreInst = "Multiplier">   --->   Core 3 'Multiplier' <Latency = 0> <II = 1> <Delay = 4.17> <FuncUnit> <Opcode : 'mul'> <InPorts = 2> <OutPorts = 1>
ST_3 : Operation 610 [1/1] (0.00ns)   --->   "%zext_ln174 = zext i13 %mul_ln174_1" [../cnn_hls.cpp:174]   --->   Operation 610 'zext' 'zext_ln174' <Predicate = true> <Delay = 0.00>
ST_3 : Operation 611 [1/1] (4.17ns)   --->   "%mul_ln174_2 = mul i12 %select_ln173_108, i12 %zext_ln173_126_cast" [../cnn_hls.cpp:174]   --->   Operation 611 'mul' 'mul_ln174_2' <Predicate = true> <Delay = 4.17> <CoreInst = "Multiplier">   --->   Core 3 'Multiplier' <Latency = 0> <II = 1> <Delay = 4.17> <FuncUnit> <Opcode : 'mul'> <InPorts = 2> <OutPorts = 1>
ST_3 : Operation 612 [1/1] (0.00ns)   --->   "%zext_ln174_1 = zext i12 %mul_ln174_2" [../cnn_hls.cpp:174]   --->   Operation 612 'zext' 'zext_ln174_1' <Predicate = true> <Delay = 0.00>
ST_3 : Operation 613 [2/3] (1.05ns) (grouped into DSP with root node add_ln174_124)   --->   "%mul_ln174_3 = mul i16 %select_ln173_107, i16 %zext_ln173_125_cast" [../cnn_hls.cpp:174]   --->   Operation 613 'mul' 'mul_ln174_3' <Predicate = true> <Delay = 1.05> <CoreInst = "DSP48">   --->   Core 116 'DSP48' <Latency = 3> <II = 1> <Delay = 2.15> <IPBlock> <Opcode : 'add' 'sub' 'mul' 'select'> <InPorts = 0> <OutPorts = 1> <Sync> <CReg>
ST_3 : Operation 614 [2/3] (1.05ns) (grouped into DSP with root node add_ln174_120)   --->   "%mul_ln174_5 = mul i16 %select_ln173_106, i16 %zext_ln173_123_cast" [../cnn_hls.cpp:174]   --->   Operation 614 'mul' 'mul_ln174_5' <Predicate = true> <Delay = 1.05> <CoreInst = "DSP48">   --->   Core 116 'DSP48' <Latency = 3> <II = 1> <Delay = 2.15> <IPBlock> <Opcode : 'add' 'sub' 'mul' 'select'> <InPorts = 0> <OutPorts = 1> <Sync> <CReg>
ST_3 : Operation 615 [3/3] (1.05ns) (grouped into DSP with root node add_ln174_121)   --->   "%mul_ln174_6 = mul i13 %select_ln173_105, i13 %zext_ln173_122_cast" [../cnn_hls.cpp:174]   --->   Operation 615 'mul' 'mul_ln174_6' <Predicate = true> <Delay = 1.05> <CoreInst = "DSP48">   --->   Core 116 'DSP48' <Latency = 3> <II = 1> <Delay = 2.15> <IPBlock> <Opcode : 'add' 'sub' 'mul' 'select'> <InPorts = 0> <OutPorts = 1> <Sync> <CReg>
ST_3 : Operation 616 [2/3] (1.05ns) (grouped into DSP with root node add_ln174_118)   --->   "%mul_ln174_7 = mul i15 %select_ln173_104, i15 %zext_ln173_121_cast" [../cnn_hls.cpp:174]   --->   Operation 616 'mul' 'mul_ln174_7' <Predicate = true> <Delay = 1.05> <CoreInst = "DSP48">   --->   Core 116 'DSP48' <Latency = 3> <II = 1> <Delay = 2.15> <IPBlock> <Opcode : 'add' 'sub' 'mul' 'select'> <InPorts = 0> <OutPorts = 1> <Sync> <CReg>
ST_3 : Operation 617 [3/3] (1.05ns) (grouped into DSP with root node add_ln174_119)   --->   "%mul_ln174_9 = mul i13 %select_ln173_103, i13 %zext_ln173_119_cast" [../cnn_hls.cpp:174]   --->   Operation 617 'mul' 'mul_ln174_9' <Predicate = true> <Delay = 1.05> <CoreInst = "DSP48">   --->   Core 116 'DSP48' <Latency = 3> <II = 1> <Delay = 2.15> <IPBlock> <Opcode : 'add' 'sub' 'mul' 'select'> <InPorts = 0> <OutPorts = 1> <Sync> <CReg>
ST_3 : Operation 618 [1/3] (0.00ns) (grouped into DSP with root node add_ln174_113)   --->   "%mul_ln174_10 = mul i15 %select_ln173_102, i15 %zext_ln173_118_cast" [../cnn_hls.cpp:174]   --->   Operation 618 'mul' 'mul_ln174_10' <Predicate = true> <Delay = 0.00> <CoreInst = "DSP48">   --->   Core 116 'DSP48' <Latency = 3> <II = 1> <Delay = 2.15> <IPBlock> <Opcode : 'add' 'sub' 'mul' 'select'> <InPorts = 0> <OutPorts = 1> <Sync> <CReg>
ST_3 : Operation 619 [1/1] (0.00ns) (grouped into DSP with root node add_ln174_113)   --->   "%sext_ln174_6 = sext i15 %mul_ln174_10" [../cnn_hls.cpp:174]   --->   Operation 619 'sext' 'sext_ln174_6' <Predicate = true> <Delay = 0.00>
ST_3 : Operation 620 [2/3] (1.05ns) (grouped into DSP with root node add_ln174_114)   --->   "%mul_ln174_12 = mul i16 %select_ln173_100, i16 %zext_ln173_116_cast" [../cnn_hls.cpp:174]   --->   Operation 620 'mul' 'mul_ln174_12' <Predicate = true> <Delay = 1.05> <CoreInst = "DSP48">   --->   Core 116 'DSP48' <Latency = 3> <II = 1> <Delay = 2.15> <IPBlock> <Opcode : 'add' 'sub' 'mul' 'select'> <InPorts = 0> <OutPorts = 1> <Sync> <CReg>
ST_3 : Operation 621 [1/1] (4.17ns)   --->   "%mul_ln174_13 = mul i16 %select_ln173_99, i16 %zext_ln173_115_cast" [../cnn_hls.cpp:174]   --->   Operation 621 'mul' 'mul_ln174_13' <Predicate = true> <Delay = 4.17> <CoreInst = "Multiplier">   --->   Core 3 'Multiplier' <Latency = 0> <II = 1> <Delay = 4.17> <FuncUnit> <Opcode : 'mul'> <InPorts = 2> <OutPorts = 1>
ST_3 : Operation 622 [2/3] (1.05ns) (grouped into DSP with root node add_ln174_111)   --->   "%mul_ln174_14 = mul i15 %select_ln173_98, i15 %zext_ln173_114_cast" [../cnn_hls.cpp:174]   --->   Operation 622 'mul' 'mul_ln174_14' <Predicate = true> <Delay = 1.05> <CoreInst = "DSP48">   --->   Core 116 'DSP48' <Latency = 3> <II = 1> <Delay = 2.15> <IPBlock> <Opcode : 'add' 'sub' 'mul' 'select'> <InPorts = 0> <OutPorts = 1> <Sync> <CReg>
ST_3 : Operation 623 [1/1] (4.17ns)   --->   "%mul_ln174_16 = mul i16 %select_ln173_96, i16 %zext_ln173_112_cast" [../cnn_hls.cpp:174]   --->   Operation 623 'mul' 'mul_ln174_16' <Predicate = true> <Delay = 4.17> <CoreInst = "Multiplier">   --->   Core 3 'Multiplier' <Latency = 0> <II = 1> <Delay = 4.17> <FuncUnit> <Opcode : 'mul'> <InPorts = 2> <OutPorts = 1>
ST_3 : Operation 624 [2/3] (1.05ns) (grouped into DSP with root node add_ln174_108)   --->   "%mul_ln174_17 = mul i14 %select_ln173_95, i14 %zext_ln173_111_cast" [../cnn_hls.cpp:174]   --->   Operation 624 'mul' 'mul_ln174_17' <Predicate = true> <Delay = 1.05> <CoreInst = "DSP48">   --->   Core 116 'DSP48' <Latency = 3> <II = 1> <Delay = 2.15> <IPBlock> <Opcode : 'add' 'sub' 'mul' 'select'> <InPorts = 0> <OutPorts = 1> <Sync> <CReg>
ST_3 : Operation 625 [3/3] (1.05ns) (grouped into DSP with root node add_ln174_109)   --->   "%mul_ln174_18 = mul i14 %select_ln173_94, i14 %zext_ln173_110_cast" [../cnn_hls.cpp:174]   --->   Operation 625 'mul' 'mul_ln174_18' <Predicate = true> <Delay = 1.05> <CoreInst = "DSP48">   --->   Core 116 'DSP48' <Latency = 3> <II = 1> <Delay = 2.15> <IPBlock> <Opcode : 'add' 'sub' 'mul' 'select'> <InPorts = 0> <OutPorts = 1> <Sync> <CReg>
ST_3 : Operation 626 [2/3] (1.05ns) (grouped into DSP with root node add_ln174_106)   --->   "%mul_ln174_19 = mul i15 %select_ln173_93, i15 %zext_ln173_109_cast" [../cnn_hls.cpp:174]   --->   Operation 626 'mul' 'mul_ln174_19' <Predicate = true> <Delay = 1.05> <CoreInst = "DSP48">   --->   Core 116 'DSP48' <Latency = 3> <II = 1> <Delay = 2.15> <IPBlock> <Opcode : 'add' 'sub' 'mul' 'select'> <InPorts = 0> <OutPorts = 1> <Sync> <CReg>
ST_3 : Operation 627 [1/1] (4.17ns)   --->   "%mul_ln174_20 = mul i16 %select_ln173_92, i16 %zext_ln173_108_cast" [../cnn_hls.cpp:174]   --->   Operation 627 'mul' 'mul_ln174_20' <Predicate = true> <Delay = 4.17> <CoreInst = "Multiplier">   --->   Core 3 'Multiplier' <Latency = 0> <II = 1> <Delay = 4.17> <FuncUnit> <Opcode : 'mul'> <InPorts = 2> <OutPorts = 1>
ST_3 : Operation 628 [3/3] (1.05ns) (grouped into DSP with root node add_ln174_107)   --->   "%mul_ln174_21 = mul i14 %select_ln173_91, i14 %zext_ln173_107_cast" [../cnn_hls.cpp:174]   --->   Operation 628 'mul' 'mul_ln174_21' <Predicate = true> <Delay = 1.05> <CoreInst = "DSP48">   --->   Core 116 'DSP48' <Latency = 3> <II = 1> <Delay = 2.15> <IPBlock> <Opcode : 'add' 'sub' 'mul' 'select'> <InPorts = 0> <OutPorts = 1> <Sync> <CReg>
ST_3 : Operation 629 [2/3] (1.05ns) (grouped into DSP with root node add_ln174_102)   --->   "%mul_ln174_22 = mul i14 %select_ln173_90, i14 %zext_ln173_106_cast" [../cnn_hls.cpp:174]   --->   Operation 629 'mul' 'mul_ln174_22' <Predicate = true> <Delay = 1.05> <CoreInst = "DSP48">   --->   Core 116 'DSP48' <Latency = 3> <II = 1> <Delay = 2.15> <IPBlock> <Opcode : 'add' 'sub' 'mul' 'select'> <InPorts = 0> <OutPorts = 1> <Sync> <CReg>
ST_3 : Operation 630 [1/1] (4.17ns)   --->   "%mul_ln174_23 = mul i16 %select_ln173_89, i16 %zext_ln173_105_cast" [../cnn_hls.cpp:174]   --->   Operation 630 'mul' 'mul_ln174_23' <Predicate = true> <Delay = 4.17> <CoreInst = "Multiplier">   --->   Core 3 'Multiplier' <Latency = 0> <II = 1> <Delay = 4.17> <FuncUnit> <Opcode : 'mul'> <InPorts = 2> <OutPorts = 1>
ST_3 : Operation 631 [3/3] (1.05ns) (grouped into DSP with root node add_ln174_103)   --->   "%mul_ln174_24 = mul i14 %select_ln173_88, i14 %zext_ln173_104_cast" [../cnn_hls.cpp:174]   --->   Operation 631 'mul' 'mul_ln174_24' <Predicate = true> <Delay = 1.05> <CoreInst = "DSP48">   --->   Core 116 'DSP48' <Latency = 3> <II = 1> <Delay = 2.15> <IPBlock> <Opcode : 'add' 'sub' 'mul' 'select'> <InPorts = 0> <OutPorts = 1> <Sync> <CReg>
ST_3 : Operation 632 [3/3] (1.05ns) (grouped into DSP with root node add_ln174_100)   --->   "%mul_ln174_25 = mul i16 %select_ln173_87, i16 %zext_ln173_103_cast" [../cnn_hls.cpp:174]   --->   Operation 632 'mul' 'mul_ln174_25' <Predicate = true> <Delay = 1.05> <CoreInst = "DSP48">   --->   Core 116 'DSP48' <Latency = 3> <II = 1> <Delay = 2.15> <IPBlock> <Opcode : 'add' 'sub' 'mul' 'select'> <InPorts = 0> <OutPorts = 1> <Sync> <CReg>
ST_3 : Operation 633 [2/3] (1.05ns) (grouped into DSP with root node add_ln174_97)   --->   "%mul_ln174_29 = mul i14 %select_ln173_84, i14 %zext_ln173_99_cast" [../cnn_hls.cpp:174]   --->   Operation 633 'mul' 'mul_ln174_29' <Predicate = true> <Delay = 1.05> <CoreInst = "DSP48">   --->   Core 116 'DSP48' <Latency = 3> <II = 1> <Delay = 2.15> <IPBlock> <Opcode : 'add' 'sub' 'mul' 'select'> <InPorts = 0> <OutPorts = 1> <Sync> <CReg>
ST_3 : Operation 634 [3/3] (1.05ns) (grouped into DSP with root node add_ln174_98)   --->   "%mul_ln174_30 = mul i14 %select_ln173_83, i14 %zext_ln173_98_cast" [../cnn_hls.cpp:174]   --->   Operation 634 'mul' 'mul_ln174_30' <Predicate = true> <Delay = 1.05> <CoreInst = "DSP48">   --->   Core 116 'DSP48' <Latency = 3> <II = 1> <Delay = 2.15> <IPBlock> <Opcode : 'add' 'sub' 'mul' 'select'> <InPorts = 0> <OutPorts = 1> <Sync> <CReg>
ST_3 : Operation 635 [2/3] (1.05ns) (grouped into DSP with root node add_ln174_95)   --->   "%mul_ln174_32 = mul i15 %select_ln173_82, i15 %zext_ln173_96_cast" [../cnn_hls.cpp:174]   --->   Operation 635 'mul' 'mul_ln174_32' <Predicate = true> <Delay = 1.05> <CoreInst = "DSP48">   --->   Core 116 'DSP48' <Latency = 3> <II = 1> <Delay = 2.15> <IPBlock> <Opcode : 'add' 'sub' 'mul' 'select'> <InPorts = 0> <OutPorts = 1> <Sync> <CReg>
ST_3 : Operation 636 [2/3] (1.05ns) (grouped into DSP with root node add_ln174_88)   --->   "%mul_ln174_34 = mul i16 %select_ln173_80, i16 %zext_ln173_94_cast" [../cnn_hls.cpp:174]   --->   Operation 636 'mul' 'mul_ln174_34' <Predicate = true> <Delay = 1.05> <CoreInst = "DSP48">   --->   Core 116 'DSP48' <Latency = 3> <II = 1> <Delay = 2.15> <IPBlock> <Opcode : 'add' 'sub' 'mul' 'select'> <InPorts = 0> <OutPorts = 1> <Sync> <CReg>
ST_3 : Operation 637 [1/1] (4.17ns)   --->   "%mul_ln174_35 = mul i16 %select_ln173_79, i16 %zext_ln173_93_cast" [../cnn_hls.cpp:174]   --->   Operation 637 'mul' 'mul_ln174_35' <Predicate = true> <Delay = 4.17> <CoreInst = "Multiplier">   --->   Core 3 'Multiplier' <Latency = 0> <II = 1> <Delay = 4.17> <FuncUnit> <Opcode : 'mul'> <InPorts = 2> <OutPorts = 1>
ST_3 : Operation 638 [2/3] (1.05ns) (grouped into DSP with root node add_ln174_86)   --->   "%mul_ln174_38 = mul i13 %select_ln173_76, i13 %zext_ln173_90_cast" [../cnn_hls.cpp:174]   --->   Operation 638 'mul' 'mul_ln174_38' <Predicate = true> <Delay = 1.05> <CoreInst = "DSP48">   --->   Core 116 'DSP48' <Latency = 3> <II = 1> <Delay = 2.15> <IPBlock> <Opcode : 'add' 'sub' 'mul' 'select'> <InPorts = 0> <OutPorts = 1> <Sync> <CReg>
ST_3 : Operation 639 [3/3] (1.05ns) (grouped into DSP with root node add_ln174_87)   --->   "%mul_ln174_39 = mul i14 %select_ln173_75, i14 %zext_ln173_89_cast" [../cnn_hls.cpp:174]   --->   Operation 639 'mul' 'mul_ln174_39' <Predicate = true> <Delay = 1.05> <CoreInst = "DSP48">   --->   Core 116 'DSP48' <Latency = 3> <II = 1> <Delay = 2.15> <IPBlock> <Opcode : 'add' 'sub' 'mul' 'select'> <InPorts = 0> <OutPorts = 1> <Sync> <CReg>
ST_3 : Operation 640 [2/3] (1.05ns) (grouped into DSP with root node add_ln174_83)   --->   "%mul_ln174_40 = mul i16 %select_ln173_74, i16 %zext_ln173_88_cast" [../cnn_hls.cpp:174]   --->   Operation 640 'mul' 'mul_ln174_40' <Predicate = true> <Delay = 1.05> <CoreInst = "DSP48">   --->   Core 116 'DSP48' <Latency = 3> <II = 1> <Delay = 2.15> <IPBlock> <Opcode : 'add' 'sub' 'mul' 'select'> <InPorts = 0> <OutPorts = 1> <Sync> <CReg>
ST_3 : Operation 641 [1/1] (4.17ns)   --->   "%mul_ln174_41 = mul i16 %select_ln173_73, i16 %zext_ln173_87_cast" [../cnn_hls.cpp:174]   --->   Operation 641 'mul' 'mul_ln174_41' <Predicate = true> <Delay = 4.17> <CoreInst = "Multiplier">   --->   Core 3 'Multiplier' <Latency = 0> <II = 1> <Delay = 4.17> <FuncUnit> <Opcode : 'mul'> <InPorts = 2> <OutPorts = 1>
ST_3 : Operation 642 [3/3] (1.05ns) (grouped into DSP with root node add_ln174_84)   --->   "%mul_ln174_42 = mul i16 %select_ln173_72, i16 %zext_ln173_86_cast" [../cnn_hls.cpp:174]   --->   Operation 642 'mul' 'mul_ln174_42' <Predicate = true> <Delay = 1.05> <CoreInst = "DSP48">   --->   Core 116 'DSP48' <Latency = 3> <II = 1> <Delay = 2.15> <IPBlock> <Opcode : 'add' 'sub' 'mul' 'select'> <InPorts = 0> <OutPorts = 1> <Sync> <CReg>
ST_3 : Operation 643 [1/1] (4.17ns)   --->   "%mul_ln174_43 = mul i16 %select_ln173_71, i16 %zext_ln173_85_cast" [../cnn_hls.cpp:174]   --->   Operation 643 'mul' 'mul_ln174_43' <Predicate = true> <Delay = 4.17> <CoreInst = "Multiplier">   --->   Core 3 'Multiplier' <Latency = 0> <II = 1> <Delay = 4.17> <FuncUnit> <Opcode : 'mul'> <InPorts = 2> <OutPorts = 1>
ST_3 : Operation 644 [2/3] (1.05ns) (grouped into DSP with root node add_ln174_81)   --->   "%mul_ln174_44 = mul i15 %select_ln173_70, i15 %zext_ln173_84_cast" [../cnn_hls.cpp:174]   --->   Operation 644 'mul' 'mul_ln174_44' <Predicate = true> <Delay = 1.05> <CoreInst = "DSP48">   --->   Core 116 'DSP48' <Latency = 3> <II = 1> <Delay = 2.15> <IPBlock> <Opcode : 'add' 'sub' 'mul' 'select'> <InPorts = 0> <OutPorts = 1> <Sync> <CReg>
ST_3 : Operation 645 [3/3] (1.05ns) (grouped into DSP with root node add_ln174_82)   --->   "%mul_ln174_45 = mul i11 %select_ln173_69, i11 %zext_ln173_83_cast" [../cnn_hls.cpp:174]   --->   Operation 645 'mul' 'mul_ln174_45' <Predicate = true> <Delay = 1.05> <CoreInst = "DSP48">   --->   Core 116 'DSP48' <Latency = 3> <II = 1> <Delay = 2.15> <IPBlock> <Opcode : 'add' 'sub' 'mul' 'select'> <InPorts = 0> <OutPorts = 1> <Sync> <CReg>
ST_3 : Operation 646 [1/1] (4.17ns)   --->   "%mul_ln174_46 = mul i14 %zext_ln173_82_cast, i14 45" [../cnn_hls.cpp:174]   --->   Operation 646 'mul' 'mul_ln174_46' <Predicate = (icmp_ln169)> <Delay = 4.17> <CoreInst = "Multiplier">   --->   Core 3 'Multiplier' <Latency = 0> <II = 1> <Delay = 4.17> <FuncUnit> <Opcode : 'mul'> <InPorts = 2> <OutPorts = 1>
ST_3 : Operation 647 [1/1] (0.00ns)   --->   "%shl_ln174_2 = bitconcatenate i9 @_ssdm_op_BitConcatenate.i9.i8.i1, i8 %x_464_read, i1 0" [../cnn_hls.cpp:174]   --->   Operation 647 'bitconcatenate' 'shl_ln174_2' <Predicate = (!icmp_ln169)> <Delay = 0.00>
ST_3 : Operation 648 [1/1] (0.00ns)   --->   "%zext_ln174_7 = zext i9 %shl_ln174_2" [../cnn_hls.cpp:174]   --->   Operation 648 'zext' 'zext_ln174_7' <Predicate = (!icmp_ln169)> <Delay = 0.00>
ST_3 : Operation 649 [1/1] (0.70ns)   --->   "%select_ln174_5 = select i1 %icmp_ln169, i14 %mul_ln174_46, i14 %zext_ln174_7" [../cnn_hls.cpp:174]   --->   Operation 649 'select' 'select_ln174_5' <Predicate = true> <Delay = 0.70> <CoreInst = "Sel">   --->   Core 73 'Sel' <Latency = 0> <II = 1> <Delay = 0.70> <FuncUnit> <Opcode : 'select'> <InPorts = 3> <OutPorts = 1>
ST_3 : Operation 650 [1/1] (0.00ns)   --->   "%zext_ln174_8 = zext i14 %select_ln174_5" [../cnn_hls.cpp:174]   --->   Operation 650 'zext' 'zext_ln174_8' <Predicate = true> <Delay = 0.00>
ST_3 : Operation 651 [1/3] (0.00ns) (grouped into DSP with root node add_ln174_77)   --->   "%mul_ln174_47 = mul i15 %select_ln173_68, i15 %zext_ln173_81_cast" [../cnn_hls.cpp:174]   --->   Operation 651 'mul' 'mul_ln174_47' <Predicate = true> <Delay = 0.00> <CoreInst = "DSP48">   --->   Core 116 'DSP48' <Latency = 3> <II = 1> <Delay = 2.15> <IPBlock> <Opcode : 'add' 'sub' 'mul' 'select'> <InPorts = 0> <OutPorts = 1> <Sync> <CReg>
ST_3 : Operation 652 [1/1] (0.00ns) (grouped into DSP with root node add_ln174_77)   --->   "%sext_ln174_32 = sext i15 %mul_ln174_47" [../cnn_hls.cpp:174]   --->   Operation 652 'sext' 'sext_ln174_32' <Predicate = true> <Delay = 0.00>
ST_3 : Operation 653 [2/3] (1.05ns) (grouped into DSP with root node add_ln174_78)   --->   "%mul_ln174_48 = mul i15 %select_ln173_67, i15 %zext_ln173_80_cast" [../cnn_hls.cpp:174]   --->   Operation 653 'mul' 'mul_ln174_48' <Predicate = true> <Delay = 1.05> <CoreInst = "DSP48">   --->   Core 116 'DSP48' <Latency = 3> <II = 1> <Delay = 2.15> <IPBlock> <Opcode : 'add' 'sub' 'mul' 'select'> <InPorts = 0> <OutPorts = 1> <Sync> <CReg>
ST_3 : Operation 654 [2/3] (1.05ns) (grouped into DSP with root node add_ln174_75)   --->   "%mul_ln174_49 = mul i15 %select_ln173_66, i15 %zext_ln173_79_cast" [../cnn_hls.cpp:174]   --->   Operation 654 'mul' 'mul_ln174_49' <Predicate = true> <Delay = 1.05> <CoreInst = "DSP48">   --->   Core 116 'DSP48' <Latency = 3> <II = 1> <Delay = 2.15> <IPBlock> <Opcode : 'add' 'sub' 'mul' 'select'> <InPorts = 0> <OutPorts = 1> <Sync> <CReg>
ST_3 : Operation 655 [1/1] (4.17ns)   --->   "%mul_ln174_50 = mul i16 %select_ln173_65, i16 %zext_ln173_78_cast" [../cnn_hls.cpp:174]   --->   Operation 655 'mul' 'mul_ln174_50' <Predicate = true> <Delay = 4.17> <CoreInst = "Multiplier">   --->   Core 3 'Multiplier' <Latency = 0> <II = 1> <Delay = 4.17> <FuncUnit> <Opcode : 'mul'> <InPorts = 2> <OutPorts = 1>
ST_3 : Operation 656 [1/1] (4.17ns)   --->   "%mul_ln174_52 = mul i16 %select_ln173_64, i16 %zext_ln173_76_cast" [../cnn_hls.cpp:174]   --->   Operation 656 'mul' 'mul_ln174_52' <Predicate = true> <Delay = 4.17> <CoreInst = "Multiplier">   --->   Core 3 'Multiplier' <Latency = 0> <II = 1> <Delay = 4.17> <FuncUnit> <Opcode : 'mul'> <InPorts = 2> <OutPorts = 1>
ST_3 : Operation 657 [2/3] (1.05ns) (grouped into DSP with root node add_ln174_72)   --->   "%mul_ln174_53 = mul i15 %select_ln173_63, i15 %zext_ln173_75_cast" [../cnn_hls.cpp:174]   --->   Operation 657 'mul' 'mul_ln174_53' <Predicate = true> <Delay = 1.05> <CoreInst = "DSP48">   --->   Core 116 'DSP48' <Latency = 3> <II = 1> <Delay = 2.15> <IPBlock> <Opcode : 'add' 'sub' 'mul' 'select'> <InPorts = 0> <OutPorts = 1> <Sync> <CReg>
ST_3 : Operation 658 [3/3] (1.05ns) (grouped into DSP with root node add_ln174_73)   --->   "%mul_ln174_54 = mul i16 %select_ln173_62, i16 %zext_ln173_74_cast" [../cnn_hls.cpp:174]   --->   Operation 658 'mul' 'mul_ln174_54' <Predicate = true> <Delay = 1.05> <CoreInst = "DSP48">   --->   Core 116 'DSP48' <Latency = 3> <II = 1> <Delay = 2.15> <IPBlock> <Opcode : 'add' 'sub' 'mul' 'select'> <InPorts = 0> <OutPorts = 1> <Sync> <CReg>
ST_3 : Operation 659 [1/1] (4.17ns)   --->   "%mul_ln174_55 = mul i12 %select_ln173_61, i12 %zext_ln173_73_cast" [../cnn_hls.cpp:174]   --->   Operation 659 'mul' 'mul_ln174_55' <Predicate = true> <Delay = 4.17> <CoreInst = "Multiplier">   --->   Core 3 'Multiplier' <Latency = 0> <II = 1> <Delay = 4.17> <FuncUnit> <Opcode : 'mul'> <InPorts = 2> <OutPorts = 1>
ST_3 : Operation 660 [1/1] (4.17ns)   --->   "%mul_ln174_58 = mul i16 %select_ln173_59, i16 %zext_ln173_70_cast" [../cnn_hls.cpp:174]   --->   Operation 660 'mul' 'mul_ln174_58' <Predicate = true> <Delay = 4.17> <CoreInst = "Multiplier">   --->   Core 3 'Multiplier' <Latency = 0> <II = 1> <Delay = 4.17> <FuncUnit> <Opcode : 'mul'> <InPorts = 2> <OutPorts = 1>
ST_3 : Operation 661 [2/3] (1.05ns) (grouped into DSP with root node add_ln174_65)   --->   "%mul_ln174_59 = mul i14 %select_ln173_58, i14 %zext_ln173_69_cast" [../cnn_hls.cpp:174]   --->   Operation 661 'mul' 'mul_ln174_59' <Predicate = true> <Delay = 1.05> <CoreInst = "DSP48">   --->   Core 116 'DSP48' <Latency = 3> <II = 1> <Delay = 2.15> <IPBlock> <Opcode : 'add' 'sub' 'mul' 'select'> <InPorts = 0> <OutPorts = 1> <Sync> <CReg>
ST_3 : Operation 662 [3/3] (1.05ns) (grouped into DSP with root node add_ln174_66)   --->   "%mul_ln174_60 = mul i15 %select_ln173_57, i15 %zext_ln173_68_cast" [../cnn_hls.cpp:174]   --->   Operation 662 'mul' 'mul_ln174_60' <Predicate = true> <Delay = 1.05> <CoreInst = "DSP48">   --->   Core 116 'DSP48' <Latency = 3> <II = 1> <Delay = 2.15> <IPBlock> <Opcode : 'add' 'sub' 'mul' 'select'> <InPorts = 0> <OutPorts = 1> <Sync> <CReg>
ST_3 : Operation 663 [3/3] (1.05ns) (grouped into DSP with root node add_ln174_63)   --->   "%mul_ln174_61 = mul i16 %select_ln173_56, i16 %zext_ln173_67_cast" [../cnn_hls.cpp:174]   --->   Operation 663 'mul' 'mul_ln174_61' <Predicate = true> <Delay = 1.05> <CoreInst = "DSP48">   --->   Core 116 'DSP48' <Latency = 3> <II = 1> <Delay = 2.15> <IPBlock> <Opcode : 'add' 'sub' 'mul' 'select'> <InPorts = 0> <OutPorts = 1> <Sync> <CReg>
ST_3 : Operation 664 [3/3] (1.05ns) (grouped into DSP with root node add_ln174_52)   --->   "%mul_ln174_72 = mul i16 %select_ln173_46, i16 %zext_ln173_55_cast" [../cnn_hls.cpp:174]   --->   Operation 664 'mul' 'mul_ln174_72' <Predicate = true> <Delay = 1.05> <CoreInst = "DSP48">   --->   Core 116 'DSP48' <Latency = 3> <II = 1> <Delay = 2.15> <IPBlock> <Opcode : 'add' 'sub' 'mul' 'select'> <InPorts = 0> <OutPorts = 1> <Sync> <CReg>
ST_3 : Operation 665 [3/3] (1.05ns) (grouped into DSP with root node add_ln174_47)   --->   "%mul_ln174_78 = mul i14 %select_ln173_40, i14 %zext_ln173_49_cast" [../cnn_hls.cpp:174]   --->   Operation 665 'mul' 'mul_ln174_78' <Predicate = true> <Delay = 1.05> <CoreInst = "DSP48">   --->   Core 116 'DSP48' <Latency = 3> <II = 1> <Delay = 2.15> <IPBlock> <Opcode : 'add' 'sub' 'mul' 'select'> <InPorts = 0> <OutPorts = 1> <Sync> <CReg>
ST_3 : Operation 666 [1/1] (4.17ns)   --->   "%mul_ln174_84 = mul i13 %select_ln173_35, i13 %zext_ln173_43_cast" [../cnn_hls.cpp:174]   --->   Operation 666 'mul' 'mul_ln174_84' <Predicate = true> <Delay = 4.17> <CoreInst = "Multiplier">   --->   Core 3 'Multiplier' <Latency = 0> <II = 1> <Delay = 4.17> <FuncUnit> <Opcode : 'mul'> <InPorts = 2> <OutPorts = 1>
ST_3 : Operation 667 [1/1] (0.00ns)   --->   "%zext_ln174_19 = zext i13 %mul_ln174_84" [../cnn_hls.cpp:174]   --->   Operation 667 'zext' 'zext_ln174_19' <Predicate = true> <Delay = 0.00>
ST_3 : Operation 668 [1/1] (4.17ns)   --->   "%mul_ln174_85 = mul i14 %select_ln173_34, i14 %zext_ln173_42_cast" [../cnn_hls.cpp:174]   --->   Operation 668 'mul' 'mul_ln174_85' <Predicate = true> <Delay = 4.17> <CoreInst = "Multiplier">   --->   Core 3 'Multiplier' <Latency = 0> <II = 1> <Delay = 4.17> <FuncUnit> <Opcode : 'mul'> <InPorts = 2> <OutPorts = 1>
ST_3 : Operation 669 [1/1] (0.00ns)   --->   "%sext_ln174_55 = sext i14 %mul_ln174_85" [../cnn_hls.cpp:174]   --->   Operation 669 'sext' 'sext_ln174_55' <Predicate = true> <Delay = 0.00>
ST_3 : Operation 670 [2/3] (1.05ns) (grouped into DSP with root node add_ln174_40)   --->   "%mul_ln174_86 = mul i16 %select_ln173_33, i16 %zext_ln173_41_cast" [../cnn_hls.cpp:174]   --->   Operation 670 'mul' 'mul_ln174_86' <Predicate = true> <Delay = 1.05> <CoreInst = "DSP48">   --->   Core 116 'DSP48' <Latency = 3> <II = 1> <Delay = 2.15> <IPBlock> <Opcode : 'add' 'sub' 'mul' 'select'> <InPorts = 0> <OutPorts = 1> <Sync> <CReg>
ST_3 : Operation 671 [3/3] (1.05ns) (grouped into DSP with root node add_ln174_37)   --->   "%mul_ln174_89 = mul i14 %select_ln173_30, i14 %zext_ln173_38_cast" [../cnn_hls.cpp:174]   --->   Operation 671 'mul' 'mul_ln174_89' <Predicate = true> <Delay = 1.05> <CoreInst = "DSP48">   --->   Core 116 'DSP48' <Latency = 3> <II = 1> <Delay = 2.15> <IPBlock> <Opcode : 'add' 'sub' 'mul' 'select'> <InPorts = 0> <OutPorts = 1> <Sync> <CReg>
ST_3 : Operation 672 [2/3] (1.05ns) (grouped into DSP with root node add_ln174_34)   --->   "%mul_ln174_90 = mul i16 %select_ln173_29, i16 %zext_ln173_37_cast" [../cnn_hls.cpp:174]   --->   Operation 672 'mul' 'mul_ln174_90' <Predicate = true> <Delay = 1.05> <CoreInst = "DSP48">   --->   Core 116 'DSP48' <Latency = 3> <II = 1> <Delay = 2.15> <IPBlock> <Opcode : 'add' 'sub' 'mul' 'select'> <InPorts = 0> <OutPorts = 1> <Sync> <CReg>
ST_3 : Operation 673 [1/1] (4.17ns)   --->   "%mul_ln174_91 = mul i16 %select_ln173_28, i16 %zext_ln173_36_cast" [../cnn_hls.cpp:174]   --->   Operation 673 'mul' 'mul_ln174_91' <Predicate = true> <Delay = 4.17> <CoreInst = "Multiplier">   --->   Core 3 'Multiplier' <Latency = 0> <II = 1> <Delay = 4.17> <FuncUnit> <Opcode : 'mul'> <InPorts = 2> <OutPorts = 1>
ST_3 : Operation 674 [3/3] (1.05ns) (grouped into DSP with root node add_ln174_35)   --->   "%mul_ln174_92 = mul i13 %select_ln173_27, i13 %zext_ln173_35_cast" [../cnn_hls.cpp:174]   --->   Operation 674 'mul' 'mul_ln174_92' <Predicate = true> <Delay = 1.05> <CoreInst = "DSP48">   --->   Core 116 'DSP48' <Latency = 3> <II = 1> <Delay = 2.15> <IPBlock> <Opcode : 'add' 'sub' 'mul' 'select'> <InPorts = 0> <OutPorts = 1> <Sync> <CReg>
ST_3 : Operation 675 [2/3] (1.05ns) (grouped into DSP with root node add_ln174_30)   --->   "%mul_ln174_93 = mul i15 %select_ln173_26, i15 %zext_ln173_34_cast" [../cnn_hls.cpp:174]   --->   Operation 675 'mul' 'mul_ln174_93' <Predicate = true> <Delay = 1.05> <CoreInst = "DSP48">   --->   Core 116 'DSP48' <Latency = 3> <II = 1> <Delay = 2.15> <IPBlock> <Opcode : 'add' 'sub' 'mul' 'select'> <InPorts = 0> <OutPorts = 1> <Sync> <CReg>
ST_3 : Operation 676 [1/1] (4.17ns)   --->   "%mul_ln174_94 = mul i15 %select_ln173_25, i15 %zext_ln173_33_cast" [../cnn_hls.cpp:174]   --->   Operation 676 'mul' 'mul_ln174_94' <Predicate = true> <Delay = 4.17> <CoreInst = "Multiplier">   --->   Core 3 'Multiplier' <Latency = 0> <II = 1> <Delay = 4.17> <FuncUnit> <Opcode : 'mul'> <InPorts = 2> <OutPorts = 1>
ST_3 : Operation 677 [2/3] (1.05ns) (grouped into DSP with root node add_ln174_28)   --->   "%mul_ln174_96 = mul i16 %select_ln173_23, i16 %zext_ln173_31_cast" [../cnn_hls.cpp:174]   --->   Operation 677 'mul' 'mul_ln174_96' <Predicate = true> <Delay = 1.05> <CoreInst = "DSP48">   --->   Core 116 'DSP48' <Latency = 3> <II = 1> <Delay = 2.15> <IPBlock> <Opcode : 'add' 'sub' 'mul' 'select'> <InPorts = 0> <OutPorts = 1> <Sync> <CReg>
ST_3 : Operation 678 [3/3] (1.05ns) (grouped into DSP with root node add_ln174_29)   --->   "%mul_ln174_98 = mul i16 %select_ln173_22, i16 %zext_ln173_29_cast" [../cnn_hls.cpp:174]   --->   Operation 678 'mul' 'mul_ln174_98' <Predicate = true> <Delay = 1.05> <CoreInst = "DSP48">   --->   Core 116 'DSP48' <Latency = 3> <II = 1> <Delay = 2.15> <IPBlock> <Opcode : 'add' 'sub' 'mul' 'select'> <InPorts = 0> <OutPorts = 1> <Sync> <CReg>
ST_3 : Operation 679 [1/3] (0.00ns) (grouped into DSP with root node add_ln174_25)   --->   "%mul_ln174_100 = mul i15 %select_ln173_20, i15 %zext_ln173_27_cast" [../cnn_hls.cpp:174]   --->   Operation 679 'mul' 'mul_ln174_100' <Predicate = true> <Delay = 0.00> <CoreInst = "DSP48">   --->   Core 116 'DSP48' <Latency = 3> <II = 1> <Delay = 2.15> <IPBlock> <Opcode : 'add' 'sub' 'mul' 'select'> <InPorts = 0> <OutPorts = 1> <Sync> <CReg>
ST_3 : Operation 680 [1/1] (0.00ns) (grouped into DSP with root node add_ln174_25)   --->   "%sext_ln174_65 = sext i15 %mul_ln174_100" [../cnn_hls.cpp:174]   --->   Operation 680 'sext' 'sext_ln174_65' <Predicate = true> <Delay = 0.00>
ST_3 : Operation 681 [2/3] (1.05ns) (grouped into DSP with root node add_ln174_26)   --->   "%mul_ln174_101 = mul i14 %select_ln173_19, i14 %zext_ln173_26_cast" [../cnn_hls.cpp:174]   --->   Operation 681 'mul' 'mul_ln174_101' <Predicate = true> <Delay = 1.05> <CoreInst = "DSP48">   --->   Core 116 'DSP48' <Latency = 3> <II = 1> <Delay = 2.15> <IPBlock> <Opcode : 'add' 'sub' 'mul' 'select'> <InPorts = 0> <OutPorts = 1> <Sync> <CReg>
ST_3 : Operation 682 [1/3] (0.00ns) (grouped into DSP with root node add_ln174_18)   --->   "%mul_ln174_105 = mul i12 %select_ln173_15, i12 %zext_ln173_22_cast" [../cnn_hls.cpp:174]   --->   Operation 682 'mul' 'mul_ln174_105' <Predicate = true> <Delay = 0.00> <CoreInst = "DSP48">   --->   Core 116 'DSP48' <Latency = 3> <II = 1> <Delay = 2.15> <IPBlock> <Opcode : 'add' 'sub' 'mul' 'select'> <InPorts = 0> <OutPorts = 1> <Sync> <CReg>
ST_3 : Operation 683 [1/1] (0.00ns) (grouped into DSP with root node add_ln174_18)   --->   "%sext_ln174_67 = sext i12 %mul_ln174_105" [../cnn_hls.cpp:174]   --->   Operation 683 'sext' 'sext_ln174_67' <Predicate = true> <Delay = 0.00>
ST_3 : Operation 684 [1/1] (0.00ns)   --->   "%zext_ln174_25 = zext i15 %mul_ln174_106" [../cnn_hls.cpp:174]   --->   Operation 684 'zext' 'zext_ln174_25' <Predicate = true> <Delay = 0.00>
ST_3 : Operation 685 [2/3] (1.05ns) (grouped into DSP with root node add_ln174_19)   --->   "%mul_ln174_107 = mul i16 %select_ln173_13, i16 %zext_ln173_20_cast" [../cnn_hls.cpp:174]   --->   Operation 685 'mul' 'mul_ln174_107' <Predicate = true> <Delay = 1.05> <CoreInst = "DSP48">   --->   Core 116 'DSP48' <Latency = 3> <II = 1> <Delay = 2.15> <IPBlock> <Opcode : 'add' 'sub' 'mul' 'select'> <InPorts = 0> <OutPorts = 1> <Sync> <CReg>
ST_3 : Operation 686 [2/3] (1.05ns) (grouped into DSP with root node add_ln174_16)   --->   "%mul_ln174_108 = mul i15 %select_ln173_12, i15 %zext_ln173_19_cast" [../cnn_hls.cpp:174]   --->   Operation 686 'mul' 'mul_ln174_108' <Predicate = true> <Delay = 1.05> <CoreInst = "DSP48">   --->   Core 116 'DSP48' <Latency = 3> <II = 1> <Delay = 2.15> <IPBlock> <Opcode : 'add' 'sub' 'mul' 'select'> <InPorts = 0> <OutPorts = 1> <Sync> <CReg>
ST_3 : Operation 687 [2/3] (1.05ns) (grouped into DSP with root node add_ln174_11)   --->   "%mul_ln174_114 = mul i16 %select_ln173_8, i16 %zext_ln173_13_cast" [../cnn_hls.cpp:174]   --->   Operation 687 'mul' 'mul_ln174_114' <Predicate = true> <Delay = 1.05> <CoreInst = "DSP48">   --->   Core 116 'DSP48' <Latency = 3> <II = 1> <Delay = 2.15> <IPBlock> <Opcode : 'add' 'sub' 'mul' 'select'> <InPorts = 0> <OutPorts = 1> <Sync> <CReg>
ST_3 : Operation 688 [3/3] (1.05ns) (grouped into DSP with root node add_ln174_12)   --->   "%mul_ln174_116 = mul i14 %select_ln173_7, i14 %zext_ln173_11_cast" [../cnn_hls.cpp:174]   --->   Operation 688 'mul' 'mul_ln174_116' <Predicate = true> <Delay = 1.05> <CoreInst = "DSP48">   --->   Core 116 'DSP48' <Latency = 3> <II = 1> <Delay = 2.15> <IPBlock> <Opcode : 'add' 'sub' 'mul' 'select'> <InPorts = 0> <OutPorts = 1> <Sync> <CReg>
ST_3 : Operation 689 [3/3] (1.05ns) (grouped into DSP with root node add_ln174_7)   --->   "%mul_ln174_118 = mul i12 %select_ln173_5, i12 %zext_ln173_9_cast" [../cnn_hls.cpp:174]   --->   Operation 689 'mul' 'mul_ln174_118' <Predicate = true> <Delay = 1.05> <CoreInst = "DSP48">   --->   Core 116 'DSP48' <Latency = 3> <II = 1> <Delay = 2.15> <IPBlock> <Opcode : 'add' 'sub' 'mul' 'select'> <InPorts = 0> <OutPorts = 1> <Sync> <CReg>
ST_3 : Operation 690 [3/3] (1.05ns) (grouped into DSP with root node add_ln174_5)   --->   "%mul_ln174_121 = mul i15 %select_ln173_3, i15 %zext_ln173_6_cast" [../cnn_hls.cpp:174]   --->   Operation 690 'mul' 'mul_ln174_121' <Predicate = true> <Delay = 1.05> <CoreInst = "DSP48">   --->   Core 116 'DSP48' <Latency = 3> <II = 1> <Delay = 2.15> <IPBlock> <Opcode : 'add' 'sub' 'mul' 'select'> <InPorts = 0> <OutPorts = 1> <Sync> <CReg>
ST_3 : Operation 691 [3/3] (1.05ns) (grouped into DSP with root node add_ln174_3)   --->   "%mul_ln174_125 = mul i14 %select_ln173_1, i14 %zext_ln173_2_cast" [../cnn_hls.cpp:174]   --->   Operation 691 'mul' 'mul_ln174_125' <Predicate = true> <Delay = 1.05> <CoreInst = "DSP48">   --->   Core 116 'DSP48' <Latency = 3> <II = 1> <Delay = 2.15> <IPBlock> <Opcode : 'add' 'sub' 'mul' 'select'> <InPorts = 0> <OutPorts = 1> <Sync> <CReg>
ST_3 : Operation 692 [1/1] (4.17ns)   --->   "%mul_ln174_128 = mul i15 %select_ln174_1, i15 %zext_ln167_cast" [../cnn_hls.cpp:174]   --->   Operation 692 'mul' 'mul_ln174_128' <Predicate = true> <Delay = 4.17> <CoreInst = "Multiplier">   --->   Core 3 'Multiplier' <Latency = 0> <II = 1> <Delay = 4.17> <FuncUnit> <Opcode : 'mul'> <InPorts = 2> <OutPorts = 1>
ST_3 : Operation 693 [2/3] (1.05ns) (grouped into DSP with root node add_ln174_183)   --->   "%mul_ln174_129 = mul i14 %select_ln174, i14 %zext_ln173_190_cast" [../cnn_hls.cpp:174]   --->   Operation 693 'mul' 'mul_ln174_129' <Predicate = true> <Delay = 1.05> <CoreInst = "DSP48">   --->   Core 116 'DSP48' <Latency = 3> <II = 1> <Delay = 2.15> <IPBlock> <Opcode : 'add' 'sub' 'mul' 'select'> <InPorts = 0> <OutPorts = 1> <Sync> <CReg>
ST_3 : Operation 694 [3/3] (1.05ns) (grouped into DSP with root node add_ln174_184)   --->   "%mul_ln174_130 = mul i15 %select_ln173_158, i15 %zext_ln173_189_cast" [../cnn_hls.cpp:174]   --->   Operation 694 'mul' 'mul_ln174_130' <Predicate = true> <Delay = 1.05> <CoreInst = "DSP48">   --->   Core 116 'DSP48' <Latency = 3> <II = 1> <Delay = 2.15> <IPBlock> <Opcode : 'add' 'sub' 'mul' 'select'> <InPorts = 0> <OutPorts = 1> <Sync> <CReg>
ST_3 : Operation 695 [2/3] (1.05ns) (grouped into DSP with root node add_ln174_181)   --->   "%mul_ln174_132 = mul i16 %select_ln173_157, i16 %zext_ln173_187_cast" [../cnn_hls.cpp:174]   --->   Operation 695 'mul' 'mul_ln174_132' <Predicate = true> <Delay = 1.05> <CoreInst = "DSP48">   --->   Core 116 'DSP48' <Latency = 3> <II = 1> <Delay = 2.15> <IPBlock> <Opcode : 'add' 'sub' 'mul' 'select'> <InPorts = 0> <OutPorts = 1> <Sync> <CReg>
ST_3 : Operation 696 [3/3] (1.05ns) (grouped into DSP with root node add_ln174_182)   --->   "%mul_ln174_133 = mul i15 %select_ln173_156, i15 %zext_ln173_186_cast" [../cnn_hls.cpp:174]   --->   Operation 696 'mul' 'mul_ln174_133' <Predicate = true> <Delay = 1.05> <CoreInst = "DSP48">   --->   Core 116 'DSP48' <Latency = 3> <II = 1> <Delay = 2.15> <IPBlock> <Opcode : 'add' 'sub' 'mul' 'select'> <InPorts = 0> <OutPorts = 1> <Sync> <CReg>
ST_3 : Operation 697 [2/3] (1.05ns) (grouped into DSP with root node add_ln174_178)   --->   "%mul_ln174_134 = mul i16 %select_ln173_155, i16 %zext_ln173_185_cast" [../cnn_hls.cpp:174]   --->   Operation 697 'mul' 'mul_ln174_134' <Predicate = true> <Delay = 1.05> <CoreInst = "DSP48">   --->   Core 116 'DSP48' <Latency = 3> <II = 1> <Delay = 2.15> <IPBlock> <Opcode : 'add' 'sub' 'mul' 'select'> <InPorts = 0> <OutPorts = 1> <Sync> <CReg>
ST_3 : Operation 698 [1/1] (0.00ns)   --->   "%zext_ln174_34 = zext i15 %mul_ln174_137" [../cnn_hls.cpp:174]   --->   Operation 698 'zext' 'zext_ln174_34' <Predicate = true> <Delay = 0.00>
ST_3 : Operation 699 [1/3] (0.00ns) (grouped into DSP with root node add_ln174_176)   --->   "%mul_ln174_138 = mul i14 %select_ln173_153, i14 %zext_ln173_181_cast" [../cnn_hls.cpp:174]   --->   Operation 699 'mul' 'mul_ln174_138' <Predicate = true> <Delay = 0.00> <CoreInst = "DSP48">   --->   Core 116 'DSP48' <Latency = 3> <II = 1> <Delay = 2.15> <IPBlock> <Opcode : 'add' 'sub' 'mul' 'select'> <InPorts = 0> <OutPorts = 1> <Sync> <CReg>
ST_3 : Operation 700 [1/1] (0.00ns) (grouped into DSP with root node add_ln174_176)   --->   "%sext_ln174_88 = sext i14 %mul_ln174_138" [../cnn_hls.cpp:174]   --->   Operation 700 'sext' 'sext_ln174_88' <Predicate = true> <Delay = 0.00>
ST_3 : Operation 701 [2/3] (1.05ns) (grouped into DSP with root node add_ln174_177)   --->   "%mul_ln174_139 = mul i15 %select_ln173_152, i15 %zext_ln173_180_cast" [../cnn_hls.cpp:174]   --->   Operation 701 'mul' 'mul_ln174_139' <Predicate = true> <Delay = 1.05> <CoreInst = "DSP48">   --->   Core 116 'DSP48' <Latency = 3> <II = 1> <Delay = 2.15> <IPBlock> <Opcode : 'add' 'sub' 'mul' 'select'> <InPorts = 0> <OutPorts = 1> <Sync> <CReg>
ST_3 : Operation 702 [2/3] (1.05ns) (grouped into DSP with root node add_ln174_172)   --->   "%mul_ln174_141 = mul i14 %select_ln173_150, i14 %zext_ln173_178_cast" [../cnn_hls.cpp:174]   --->   Operation 702 'mul' 'mul_ln174_141' <Predicate = true> <Delay = 1.05> <CoreInst = "DSP48">   --->   Core 116 'DSP48' <Latency = 3> <II = 1> <Delay = 2.15> <IPBlock> <Opcode : 'add' 'sub' 'mul' 'select'> <InPorts = 0> <OutPorts = 1> <Sync> <CReg>
ST_3 : Operation 703 [3/3] (1.05ns) (grouped into DSP with root node add_ln174_173)   --->   "%mul_ln174_142 = mul i16 %select_ln173_149, i16 %zext_ln173_177_cast" [../cnn_hls.cpp:174]   --->   Operation 703 'mul' 'mul_ln174_142' <Predicate = true> <Delay = 1.05> <CoreInst = "DSP48">   --->   Core 116 'DSP48' <Latency = 3> <II = 1> <Delay = 2.15> <IPBlock> <Opcode : 'add' 'sub' 'mul' 'select'> <InPorts = 0> <OutPorts = 1> <Sync> <CReg>
ST_3 : Operation 704 [2/3] (1.05ns) (grouped into DSP with root node add_ln174_170)   --->   "%mul_ln174_143 = mul i15 %select_ln173_148, i15 %zext_ln173_176_cast" [../cnn_hls.cpp:174]   --->   Operation 704 'mul' 'mul_ln174_143' <Predicate = true> <Delay = 1.05> <CoreInst = "DSP48">   --->   Core 116 'DSP48' <Latency = 3> <II = 1> <Delay = 2.15> <IPBlock> <Opcode : 'add' 'sub' 'mul' 'select'> <InPorts = 0> <OutPorts = 1> <Sync> <CReg>
ST_3 : Operation 705 [1/1] (4.17ns)   --->   "%mul_ln174_144 = mul i16 %select_ln173_147, i16 %zext_ln173_175_cast" [../cnn_hls.cpp:174]   --->   Operation 705 'mul' 'mul_ln174_144' <Predicate = true> <Delay = 4.17> <CoreInst = "Multiplier">   --->   Core 3 'Multiplier' <Latency = 0> <II = 1> <Delay = 4.17> <FuncUnit> <Opcode : 'mul'> <InPorts = 2> <OutPorts = 1>
ST_3 : Operation 706 [3/3] (1.05ns) (grouped into DSP with root node add_ln174_171)   --->   "%mul_ln174_145 = mul i15 %select_ln173_146, i15 %zext_ln173_174_cast" [../cnn_hls.cpp:174]   --->   Operation 706 'mul' 'mul_ln174_145' <Predicate = true> <Delay = 1.05> <CoreInst = "DSP48">   --->   Core 116 'DSP48' <Latency = 3> <II = 1> <Delay = 2.15> <IPBlock> <Opcode : 'add' 'sub' 'mul' 'select'> <InPorts = 0> <OutPorts = 1> <Sync> <CReg>
ST_3 : Operation 707 [2/3] (1.05ns) (grouped into DSP with root node add_ln174_167)   --->   "%mul_ln174_146 = mul i15 %select_ln173_145, i15 %zext_ln173_173_cast" [../cnn_hls.cpp:174]   --->   Operation 707 'mul' 'mul_ln174_146' <Predicate = true> <Delay = 1.05> <CoreInst = "DSP48">   --->   Core 116 'DSP48' <Latency = 3> <II = 1> <Delay = 2.15> <IPBlock> <Opcode : 'add' 'sub' 'mul' 'select'> <InPorts = 0> <OutPorts = 1> <Sync> <CReg>
ST_3 : Operation 708 [1/1] (4.17ns)   --->   "%mul_ln174_147 = mul i16 %select_ln173_144, i16 %zext_ln173_172_cast" [../cnn_hls.cpp:174]   --->   Operation 708 'mul' 'mul_ln174_147' <Predicate = true> <Delay = 4.17> <CoreInst = "Multiplier">   --->   Core 3 'Multiplier' <Latency = 0> <II = 1> <Delay = 4.17> <FuncUnit> <Opcode : 'mul'> <InPorts = 2> <OutPorts = 1>
ST_3 : Operation 709 [3/3] (1.05ns) (grouped into DSP with root node add_ln174_168)   --->   "%mul_ln174_148 = mul i16 %select_ln173_143, i16 %zext_ln173_171_cast" [../cnn_hls.cpp:174]   --->   Operation 709 'mul' 'mul_ln174_148' <Predicate = true> <Delay = 1.05> <CoreInst = "DSP48">   --->   Core 116 'DSP48' <Latency = 3> <II = 1> <Delay = 2.15> <IPBlock> <Opcode : 'add' 'sub' 'mul' 'select'> <InPorts = 0> <OutPorts = 1> <Sync> <CReg>
ST_3 : Operation 710 [2/3] (1.05ns) (grouped into DSP with root node add_ln174_165)   --->   "%mul_ln174_150 = mul i16 %select_ln173_142, i16 %zext_ln173_168_cast" [../cnn_hls.cpp:174]   --->   Operation 710 'mul' 'mul_ln174_150' <Predicate = true> <Delay = 1.05> <CoreInst = "DSP48">   --->   Core 116 'DSP48' <Latency = 3> <II = 1> <Delay = 2.15> <IPBlock> <Opcode : 'add' 'sub' 'mul' 'select'> <InPorts = 0> <OutPorts = 1> <Sync> <CReg>
ST_3 : Operation 711 [1/3] (0.00ns) (grouped into DSP with root node add_ln174_160)   --->   "%mul_ln174_153 = mul i14 %select_ln173_139, i14 %zext_ln173_165_cast" [../cnn_hls.cpp:174]   --->   Operation 711 'mul' 'mul_ln174_153' <Predicate = true> <Delay = 0.00> <CoreInst = "DSP48">   --->   Core 116 'DSP48' <Latency = 3> <II = 1> <Delay = 2.15> <IPBlock> <Opcode : 'add' 'sub' 'mul' 'select'> <InPorts = 0> <OutPorts = 1> <Sync> <CReg>
ST_3 : Operation 712 [1/1] (0.00ns) (grouped into DSP with root node add_ln174_160)   --->   "%sext_ln174_99 = sext i14 %mul_ln174_153" [../cnn_hls.cpp:174]   --->   Operation 712 'sext' 'sext_ln174_99' <Predicate = true> <Delay = 0.00>
ST_3 : Operation 713 [1/1] (4.17ns)   --->   "%mul_ln174_154 = mul i14 %select_ln173_138, i14 %zext_ln173_164_cast" [../cnn_hls.cpp:174]   --->   Operation 713 'mul' 'mul_ln174_154' <Predicate = true> <Delay = 4.17> <CoreInst = "Multiplier">   --->   Core 3 'Multiplier' <Latency = 0> <II = 1> <Delay = 4.17> <FuncUnit> <Opcode : 'mul'> <InPorts = 2> <OutPorts = 1>
ST_3 : Operation 714 [1/1] (4.17ns)   --->   "%mul_ln174_155 = mul i16 %select_ln173_137, i16 %zext_ln173_163_cast" [../cnn_hls.cpp:174]   --->   Operation 714 'mul' 'mul_ln174_155' <Predicate = true> <Delay = 4.17> <CoreInst = "Multiplier">   --->   Core 3 'Multiplier' <Latency = 0> <II = 1> <Delay = 4.17> <FuncUnit> <Opcode : 'mul'> <InPorts = 2> <OutPorts = 1>
ST_3 : Operation 715 [1/1] (4.17ns)   --->   "%mul_ln174_156 = mul i12 %select_ln173_136, i12 %zext_ln173_162_cast" [../cnn_hls.cpp:174]   --->   Operation 715 'mul' 'mul_ln174_156' <Predicate = true> <Delay = 4.17> <CoreInst = "Multiplier">   --->   Core 3 'Multiplier' <Latency = 0> <II = 1> <Delay = 4.17> <FuncUnit> <Opcode : 'mul'> <InPorts = 2> <OutPorts = 1>
ST_3 : Operation 716 [1/1] (4.17ns)   --->   "%mul_ln174_157 = mul i13 %select_ln173_135, i13 %zext_ln173_161_cast" [../cnn_hls.cpp:174]   --->   Operation 716 'mul' 'mul_ln174_157' <Predicate = true> <Delay = 4.17> <CoreInst = "Multiplier">   --->   Core 3 'Multiplier' <Latency = 0> <II = 1> <Delay = 4.17> <FuncUnit> <Opcode : 'mul'> <InPorts = 2> <OutPorts = 1>
ST_3 : Operation 717 [1/1] (4.17ns)   --->   "%mul_ln174_214 = mul i15 %zext_ln173_160_cast, i15 32704" [../cnn_hls.cpp:174]   --->   Operation 717 'mul' 'mul_ln174_214' <Predicate = (icmp_ln169)> <Delay = 4.17> <CoreInst = "Multiplier">   --->   Core 3 'Multiplier' <Latency = 0> <II = 1> <Delay = 4.17> <FuncUnit> <Opcode : 'mul'> <InPorts = 2> <OutPorts = 1>
ST_3 : Operation 718 [1/1] (4.17ns)   --->   "%mul_ln174_215 = mul i15 %zext_ln173_160_cast, i15 56" [../cnn_hls.cpp:174]   --->   Operation 718 'mul' 'mul_ln174_215' <Predicate = (!icmp_ln169)> <Delay = 4.17> <CoreInst = "Multiplier">   --->   Core 3 'Multiplier' <Latency = 0> <II = 1> <Delay = 4.17> <FuncUnit> <Opcode : 'mul'> <InPorts = 2> <OutPorts = 1>
ST_3 : Operation 719 [1/1] (0.75ns)   --->   "%select_ln174_25 = select i1 %icmp_ln169, i15 %mul_ln174_214, i15 %mul_ln174_215" [../cnn_hls.cpp:174]   --->   Operation 719 'select' 'select_ln174_25' <Predicate = true> <Delay = 0.75> <CoreInst = "Sel">   --->   Core 73 'Sel' <Latency = 0> <II = 1> <Delay = 0.75> <FuncUnit> <Opcode : 'select'> <InPorts = 3> <OutPorts = 1>
ST_3 : Operation 720 [1/1] (0.00ns)   --->   "%sext_ln174_100 = sext i15 %select_ln174_25" [../cnn_hls.cpp:174]   --->   Operation 720 'sext' 'sext_ln174_100' <Predicate = true> <Delay = 0.00>
ST_3 : Operation 721 [1/3] (0.00ns) (grouped into DSP with root node add_ln174_155)   --->   "%mul_ln174_159 = mul i15 %select_ln173_134, i15 %zext_ln173_159_cast" [../cnn_hls.cpp:174]   --->   Operation 721 'mul' 'mul_ln174_159' <Predicate = true> <Delay = 0.00> <CoreInst = "DSP48">   --->   Core 116 'DSP48' <Latency = 3> <II = 1> <Delay = 2.15> <IPBlock> <Opcode : 'add' 'sub' 'mul' 'select'> <InPorts = 0> <OutPorts = 1> <Sync> <CReg>
ST_3 : Operation 722 [1/1] (0.00ns) (grouped into DSP with root node add_ln174_155)   --->   "%sext_ln174_101 = sext i15 %mul_ln174_159" [../cnn_hls.cpp:174]   --->   Operation 722 'sext' 'sext_ln174_101' <Predicate = true> <Delay = 0.00>
ST_3 : Operation 723 [2/3] (1.05ns) (grouped into DSP with root node add_ln174_156)   --->   "%mul_ln174_160 = mul i13 %zext_ln173_158_cast, i13 23" [../cnn_hls.cpp:174]   --->   Operation 723 'mul' 'mul_ln174_160' <Predicate = true> <Delay = 1.05> <CoreInst = "DSP48">   --->   Core 116 'DSP48' <Latency = 3> <II = 1> <Delay = 2.15> <IPBlock> <Opcode : 'add' 'sub' 'mul' 'select'> <InPorts = 0> <OutPorts = 1> <Sync> <CReg>
ST_3 : Operation 724 [1/3] (0.00ns) (grouped into DSP with root node add_ln174_153)   --->   "%mul_ln174_162 = mul i14 %select_ln173_132, i14 %zext_ln173_156_cast" [../cnn_hls.cpp:174]   --->   Operation 724 'mul' 'mul_ln174_162' <Predicate = true> <Delay = 0.00> <CoreInst = "DSP48">   --->   Core 116 'DSP48' <Latency = 3> <II = 1> <Delay = 2.15> <IPBlock> <Opcode : 'add' 'sub' 'mul' 'select'> <InPorts = 0> <OutPorts = 1> <Sync> <CReg>
ST_3 : Operation 725 [1/1] (0.00ns) (grouped into DSP with root node add_ln174_153)   --->   "%sext_ln174_102 = sext i14 %mul_ln174_162" [../cnn_hls.cpp:174]   --->   Operation 725 'sext' 'sext_ln174_102' <Predicate = true> <Delay = 0.00>
ST_3 : Operation 726 [2/3] (1.05ns) (grouped into DSP with root node add_ln174_154)   --->   "%mul_ln174_163 = mul i15 %select_ln173_131, i15 %zext_ln173_155_cast" [../cnn_hls.cpp:174]   --->   Operation 726 'mul' 'mul_ln174_163' <Predicate = true> <Delay = 1.05> <CoreInst = "DSP48">   --->   Core 116 'DSP48' <Latency = 3> <II = 1> <Delay = 2.15> <IPBlock> <Opcode : 'add' 'sub' 'mul' 'select'> <InPorts = 0> <OutPorts = 1> <Sync> <CReg>
ST_3 : Operation 727 [1/3] (0.00ns) (grouped into DSP with root node add_ln174_149)   --->   "%mul_ln174_164 = mul i15 %select_ln173_130, i15 %zext_ln173_154_cast" [../cnn_hls.cpp:174]   --->   Operation 727 'mul' 'mul_ln174_164' <Predicate = true> <Delay = 0.00> <CoreInst = "DSP48">   --->   Core 116 'DSP48' <Latency = 3> <II = 1> <Delay = 2.15> <IPBlock> <Opcode : 'add' 'sub' 'mul' 'select'> <InPorts = 0> <OutPorts = 1> <Sync> <CReg>
ST_3 : Operation 728 [1/1] (0.00ns) (grouped into DSP with root node add_ln174_149)   --->   "%sext_ln174_104 = sext i15 %mul_ln174_164" [../cnn_hls.cpp:174]   --->   Operation 728 'sext' 'sext_ln174_104' <Predicate = true> <Delay = 0.00>
ST_3 : Operation 729 [1/3] (0.00ns) (grouped into DSP with root node add_ln174_144)   --->   "%mul_ln174_170 = mul i16 %select_ln173_125, i16 %zext_ln173_148_cast" [../cnn_hls.cpp:174]   --->   Operation 729 'mul' 'mul_ln174_170' <Predicate = true> <Delay = 0.00> <CoreInst = "DSP48">   --->   Core 116 'DSP48' <Latency = 3> <II = 1> <Delay = 2.15> <IPBlock> <Opcode : 'add' 'sub' 'mul' 'select'> <InPorts = 0> <OutPorts = 1> <Sync> <CReg>
ST_3 : Operation 730 [1/1] (0.00ns)   --->   "%shl_ln174_7 = bitconcatenate i14 @_ssdm_op_BitConcatenate.i14.i8.i6, i8 %x_529_read, i6 0" [../cnn_hls.cpp:174]   --->   Operation 730 'bitconcatenate' 'shl_ln174_7' <Predicate = (icmp_ln169)> <Delay = 0.00>
ST_3 : Operation 731 [1/1] (4.17ns)   --->   "%mul_ln174_171 = mul i14 %zext_ln173_147_cast, i14 35" [../cnn_hls.cpp:174]   --->   Operation 731 'mul' 'mul_ln174_171' <Predicate = (!icmp_ln169)> <Delay = 4.17> <CoreInst = "Multiplier">   --->   Core 3 'Multiplier' <Latency = 0> <II = 1> <Delay = 4.17> <FuncUnit> <Opcode : 'mul'> <InPorts = 2> <OutPorts = 1>
ST_3 : Operation 732 [1/1] (0.70ns)   --->   "%select_ln174_26 = select i1 %icmp_ln169, i14 %shl_ln174_7, i14 %mul_ln174_171" [../cnn_hls.cpp:174]   --->   Operation 732 'select' 'select_ln174_26' <Predicate = true> <Delay = 0.70> <CoreInst = "Sel">   --->   Core 73 'Sel' <Latency = 0> <II = 1> <Delay = 0.70> <FuncUnit> <Opcode : 'select'> <InPorts = 3> <OutPorts = 1>
ST_3 : Operation 733 [1/1] (0.00ns)   --->   "%zext_ln174_43 = zext i14 %select_ln174_26" [../cnn_hls.cpp:174]   --->   Operation 733 'zext' 'zext_ln174_43' <Predicate = true> <Delay = 0.00>
ST_3 : Operation 734 [2/3] (1.05ns) (grouped into DSP with root node add_ln174_145)   --->   "%mul_ln174_172 = mul i16 %select_ln173_124, i16 %zext_ln173_146_cast" [../cnn_hls.cpp:174]   --->   Operation 734 'mul' 'mul_ln174_172' <Predicate = true> <Delay = 1.05> <CoreInst = "DSP48">   --->   Core 116 'DSP48' <Latency = 3> <II = 1> <Delay = 2.15> <IPBlock> <Opcode : 'add' 'sub' 'mul' 'select'> <InPorts = 0> <OutPorts = 1> <Sync> <CReg>
ST_3 : Operation 735 [2/3] (1.05ns) (grouped into DSP with root node add_ln174_142)   --->   "%mul_ln174_173 = mul i15 %select_ln173_123, i15 %zext_ln173_145_cast" [../cnn_hls.cpp:174]   --->   Operation 735 'mul' 'mul_ln174_173' <Predicate = true> <Delay = 1.05> <CoreInst = "DSP48">   --->   Core 116 'DSP48' <Latency = 3> <II = 1> <Delay = 2.15> <IPBlock> <Opcode : 'add' 'sub' 'mul' 'select'> <InPorts = 0> <OutPorts = 1> <Sync> <CReg>
ST_3 : Operation 736 [1/3] (0.00ns) (grouped into DSP with root node add_ln174_134)   --->   "%mul_ln174_179 = mul i13 %zext_ln173_139_cast, i13 8179" [../cnn_hls.cpp:174]   --->   Operation 736 'mul' 'mul_ln174_179' <Predicate = true> <Delay = 0.00> <CoreInst = "DSP48">   --->   Core 116 'DSP48' <Latency = 3> <II = 1> <Delay = 2.15> <IPBlock> <Opcode : 'add' 'sub' 'mul' 'select'> <InPorts = 0> <OutPorts = 1> <Sync> <CReg>
ST_3 : Operation 737 [1/1] (0.00ns) (grouped into DSP with root node add_ln174_134)   --->   "%sext_ln174_110 = sext i13 %mul_ln174_179" [../cnn_hls.cpp:174]   --->   Operation 737 'sext' 'sext_ln174_110' <Predicate = true> <Delay = 0.00>
ST_3 : Operation 738 [1/1] (4.17ns)   --->   "%mul_ln174_180 = mul i15 %select_ln173_119, i15 %zext_ln173_138_cast" [../cnn_hls.cpp:174]   --->   Operation 738 'mul' 'mul_ln174_180' <Predicate = true> <Delay = 4.17> <CoreInst = "Multiplier">   --->   Core 3 'Multiplier' <Latency = 0> <II = 1> <Delay = 4.17> <FuncUnit> <Opcode : 'mul'> <InPorts = 2> <OutPorts = 1>
ST_3 : Operation 739 [2/3] (1.05ns) (grouped into DSP with root node add_ln174_135)   --->   "%mul_ln174_181 = mul i14 %select_ln173_118, i14 %zext_ln173_137_cast" [../cnn_hls.cpp:174]   --->   Operation 739 'mul' 'mul_ln174_181' <Predicate = true> <Delay = 1.05> <CoreInst = "DSP48">   --->   Core 116 'DSP48' <Latency = 3> <II = 1> <Delay = 2.15> <IPBlock> <Opcode : 'add' 'sub' 'mul' 'select'> <InPorts = 0> <OutPorts = 1> <Sync> <CReg>
ST_3 : Operation 740 [2/3] (1.05ns) (grouped into DSP with root node add_ln174_131)   --->   "%mul_ln174_182 = mul i16 %select_ln173_117, i16 %zext_ln173_136_cast" [../cnn_hls.cpp:174]   --->   Operation 740 'mul' 'mul_ln174_182' <Predicate = true> <Delay = 1.05> <CoreInst = "DSP48">   --->   Core 116 'DSP48' <Latency = 3> <II = 1> <Delay = 2.15> <IPBlock> <Opcode : 'add' 'sub' 'mul' 'select'> <InPorts = 0> <OutPorts = 1> <Sync> <CReg>
ST_3 : Operation 741 [1/1] (4.17ns)   --->   "%mul_ln174_183 = mul i16 %select_ln173_116, i16 %zext_ln173_135_cast" [../cnn_hls.cpp:174]   --->   Operation 741 'mul' 'mul_ln174_183' <Predicate = true> <Delay = 4.17> <CoreInst = "Multiplier">   --->   Core 3 'Multiplier' <Latency = 0> <II = 1> <Delay = 4.17> <FuncUnit> <Opcode : 'mul'> <InPorts = 2> <OutPorts = 1>
ST_3 : Operation 742 [2/3] (1.05ns) (grouped into DSP with root node add_ln174_129)   --->   "%mul_ln174_185 = mul i14 %select_ln173_115, i14 %zext_ln173_133_cast" [../cnn_hls.cpp:174]   --->   Operation 742 'mul' 'mul_ln174_185' <Predicate = true> <Delay = 1.05> <CoreInst = "DSP48">   --->   Core 116 'DSP48' <Latency = 3> <II = 1> <Delay = 2.15> <IPBlock> <Opcode : 'add' 'sub' 'mul' 'select'> <InPorts = 0> <OutPorts = 1> <Sync> <CReg>
ST_3 : Operation 743 [1/1] (4.17ns)   --->   "%mul_ln174_186 = mul i16 %select_ln173_114, i16 %zext_ln173_132_cast" [../cnn_hls.cpp:174]   --->   Operation 743 'mul' 'mul_ln174_186' <Predicate = true> <Delay = 4.17> <CoreInst = "Multiplier">   --->   Core 3 'Multiplier' <Latency = 0> <II = 1> <Delay = 4.17> <FuncUnit> <Opcode : 'mul'> <InPorts = 2> <OutPorts = 1>
ST_3 : Operation 744 [3/3] (1.05ns) (grouped into DSP with root node add_ln174_130)   --->   "%mul_ln174_187 = mul i15 %select_ln173_113, i15 %zext_ln173_131_cast" [../cnn_hls.cpp:174]   --->   Operation 744 'mul' 'mul_ln174_187' <Predicate = true> <Delay = 1.05> <CoreInst = "DSP48">   --->   Core 116 'DSP48' <Latency = 3> <II = 1> <Delay = 2.15> <IPBlock> <Opcode : 'add' 'sub' 'mul' 'select'> <InPorts = 0> <OutPorts = 1> <Sync> <CReg>
ST_3 : Operation 745 [1/3] (0.00ns) (grouped into DSP with root node add_ln174_125)   --->   "%mul_ln174_189 = mul i14 %select_ln173_111, i14 %zext_ln173_129_cast" [../cnn_hls.cpp:174]   --->   Operation 745 'mul' 'mul_ln174_189' <Predicate = true> <Delay = 0.00> <CoreInst = "DSP48">   --->   Core 116 'DSP48' <Latency = 3> <II = 1> <Delay = 2.15> <IPBlock> <Opcode : 'add' 'sub' 'mul' 'select'> <InPorts = 0> <OutPorts = 1> <Sync> <CReg>
ST_3 : Operation 746 [1/1] (0.00ns) (grouped into DSP with root node add_ln174_125)   --->   "%mul_ln174_189_cast = sext i14 %mul_ln174_189" [../cnn_hls.cpp:174]   --->   Operation 746 'sext' 'mul_ln174_189_cast' <Predicate = true> <Delay = 0.00>
ST_3 : Operation 747 [1/1] (1.65ns) (grouped into DSP with root node add_ln174_60)   --->   "%tmp = add i9 %zext_ln173_191_cast, i9 %zext_ln173_64_cast"   --->   Operation 747 'add' 'tmp' <Predicate = true> <Delay = 1.65> <CoreInst = "DSP48">   --->   Core 116 'DSP48' <Latency = 3> <II = 1> <Delay = 2.15> <IPBlock> <Opcode : 'add' 'sub' 'mul' 'select'> <InPorts = 0> <OutPorts = 1> <Sync> <CReg>
ST_3 : Operation 748 [1/1] (0.00ns) (grouped into DSP with root node add_ln174_60)   --->   "%tmp_cast = zext i9 %tmp"   --->   Operation 748 'zext' 'tmp_cast' <Predicate = true> <Delay = 0.00>
ST_3 : Operation 749 [3/3] (1.05ns) (grouped into DSP with root node add_ln174_60)   --->   "%tmp1 = mul i16 %select_ln173_53, i16 %tmp_cast" [../cnn_hls.cpp:173]   --->   Operation 749 'mul' 'tmp1' <Predicate = true> <Delay = 1.05> <CoreInst = "DSP48">   --->   Core 116 'DSP48' <Latency = 3> <II = 1> <Delay = 2.15> <IPBlock> <Opcode : 'add' 'sub' 'mul' 'select'> <InPorts = 0> <OutPorts = 1> <Sync> <CReg>
ST_3 : Operation 750 [2/2] (2.10ns) (root node of the DSP)   --->   "%add_ln174_18 = add i16 %zext_ln174_25, i16 %sext_ln174_67" [../cnn_hls.cpp:174]   --->   Operation 750 'add' 'add_ln174_18' <Predicate = true> <Delay = 2.10> <CoreInst = "DSP48">   --->   Core 116 'DSP48' <Latency = 3> <II = 1> <Delay = 2.15> <IPBlock> <Opcode : 'add' 'sub' 'mul' 'select'> <InPorts = 0> <OutPorts = 1> <Sync> <CReg>
ST_3 : Operation 751 [2/2] (2.10ns) (root node of the DSP)   --->   "%add_ln174_25 = add i16 %sext_ln174_65, i16 %mul_ln174_99" [../cnn_hls.cpp:174]   --->   Operation 751 'add' 'add_ln174_25' <Predicate = true> <Delay = 2.10> <CoreInst = "DSP48">   --->   Core 116 'DSP48' <Latency = 3> <II = 1> <Delay = 2.15> <IPBlock> <Opcode : 'add' 'sub' 'mul' 'select'> <InPorts = 0> <OutPorts = 1> <Sync> <CReg>
ST_3 : Operation 752 [1/1] (1.81ns)   --->   "%add_ln174_39 = add i15 %sext_ln174_55, i15 %zext_ln174_19" [../cnn_hls.cpp:174]   --->   Operation 752 'add' 'add_ln174_39' <Predicate = true> <Delay = 1.81> <CoreInst = "Adder">   --->   Core 1 'Adder' <Latency = 0> <II = 1> <Delay = 1.81> <FuncUnit> <Opcode : 'add' 'sub'> <InPorts = 2> <OutPorts = 1>
ST_3 : Operation 753 [2/2] (2.10ns) (root node of the DSP)   --->   "%add_ln174_77 = add i16 %sext_ln174_32, i16 %zext_ln174_8" [../cnn_hls.cpp:174]   --->   Operation 753 'add' 'add_ln174_77' <Predicate = true> <Delay = 2.10> <CoreInst = "DSP48">   --->   Core 116 'DSP48' <Latency = 3> <II = 1> <Delay = 2.15> <IPBlock> <Opcode : 'add' 'sub' 'mul' 'select'> <InPorts = 0> <OutPorts = 1> <Sync> <CReg>
ST_3 : Operation 754 [2/2] (2.10ns) (root node of the DSP)   --->   "%add_ln174_113 = add i16 %mul_ln174_11, i16 %sext_ln174_6" [../cnn_hls.cpp:174]   --->   Operation 754 'add' 'add_ln174_113' <Predicate = true> <Delay = 2.10> <CoreInst = "DSP48">   --->   Core 116 'DSP48' <Latency = 3> <II = 1> <Delay = 2.15> <IPBlock> <Opcode : 'add' 'sub' 'mul' 'select'> <InPorts = 0> <OutPorts = 1> <Sync> <CReg>
ST_3 : Operation 755 [1/1] (1.67ns)   --->   "%add_ln174_123 = add i14 %zext_ln174_1, i14 %zext_ln174" [../cnn_hls.cpp:174]   --->   Operation 755 'add' 'add_ln174_123' <Predicate = true> <Delay = 1.67> <CoreInst = "Adder">   --->   Core 1 'Adder' <Latency = 0> <II = 1> <Delay = 1.67> <FuncUnit> <Opcode : 'add' 'sub'> <InPorts = 2> <OutPorts = 1>
ST_3 : Operation 756 [2/2] (2.10ns) (root node of the DSP)   --->   "%add_ln174_125 = add i16 %mul_ln174_189_cast, i16 %mul_ln174_188" [../cnn_hls.cpp:174]   --->   Operation 756 'add' 'add_ln174_125' <Predicate = true> <Delay = 2.10> <CoreInst = "DSP48">   --->   Core 116 'DSP48' <Latency = 3> <II = 1> <Delay = 2.15> <IPBlock> <Opcode : 'add' 'sub' 'mul' 'select'> <InPorts = 0> <OutPorts = 1> <Sync> <CReg>
ST_3 : Operation 757 [2/2] (2.10ns) (root node of the DSP)   --->   "%add_ln174_134 = add i15 %mul_ln174_180, i15 %sext_ln174_110" [../cnn_hls.cpp:174]   --->   Operation 757 'add' 'add_ln174_134' <Predicate = true> <Delay = 2.10> <CoreInst = "DSP48">   --->   Core 116 'DSP48' <Latency = 3> <II = 1> <Delay = 2.15> <IPBlock> <Opcode : 'add' 'sub' 'mul' 'select'> <InPorts = 0> <OutPorts = 1> <Sync> <CReg>
ST_3 : Operation 758 [2/2] (2.10ns) (root node of the DSP)   --->   "%add_ln174_144 = add i16 %zext_ln174_43, i16 %mul_ln174_170" [../cnn_hls.cpp:174]   --->   Operation 758 'add' 'add_ln174_144' <Predicate = true> <Delay = 2.10> <CoreInst = "DSP48">   --->   Core 116 'DSP48' <Latency = 3> <II = 1> <Delay = 2.15> <IPBlock> <Opcode : 'add' 'sub' 'mul' 'select'> <InPorts = 0> <OutPorts = 1> <Sync> <CReg>
ST_3 : Operation 759 [2/2] (2.10ns) (root node of the DSP)   --->   "%add_ln174_149 = add i16 %mul_ln174_165, i16 %sext_ln174_104" [../cnn_hls.cpp:174]   --->   Operation 759 'add' 'add_ln174_149' <Predicate = true> <Delay = 2.10> <CoreInst = "DSP48">   --->   Core 116 'DSP48' <Latency = 3> <II = 1> <Delay = 2.15> <IPBlock> <Opcode : 'add' 'sub' 'mul' 'select'> <InPorts = 0> <OutPorts = 1> <Sync> <CReg>
ST_3 : Operation 760 [2/2] (2.10ns) (root node of the DSP)   --->   "%add_ln174_153 = add i16 %sext_ln174_102, i16 %mul_ln174_161" [../cnn_hls.cpp:174]   --->   Operation 760 'add' 'add_ln174_153' <Predicate = true> <Delay = 2.10> <CoreInst = "DSP48">   --->   Core 116 'DSP48' <Latency = 3> <II = 1> <Delay = 2.15> <IPBlock> <Opcode : 'add' 'sub' 'mul' 'select'> <InPorts = 0> <OutPorts = 1> <Sync> <CReg>
ST_3 : Operation 761 [2/2] (2.10ns) (root node of the DSP)   --->   "%add_ln174_155 = add i16 %sext_ln174_101, i16 %sext_ln174_100" [../cnn_hls.cpp:174]   --->   Operation 761 'add' 'add_ln174_155' <Predicate = true> <Delay = 2.10> <CoreInst = "DSP48">   --->   Core 116 'DSP48' <Latency = 3> <II = 1> <Delay = 2.15> <IPBlock> <Opcode : 'add' 'sub' 'mul' 'select'> <InPorts = 0> <OutPorts = 1> <Sync> <CReg>
ST_3 : Operation 762 [2/2] (2.10ns) (root node of the DSP)   --->   "%add_ln174_160 = add i16 %sext_ln174_99, i16 %mul_ln174_152" [../cnn_hls.cpp:174]   --->   Operation 762 'add' 'add_ln174_160' <Predicate = true> <Delay = 2.10> <CoreInst = "DSP48">   --->   Core 116 'DSP48' <Latency = 3> <II = 1> <Delay = 2.15> <IPBlock> <Opcode : 'add' 'sub' 'mul' 'select'> <InPorts = 0> <OutPorts = 1> <Sync> <CReg>
ST_3 : Operation 763 [2/2] (2.10ns) (root node of the DSP)   --->   "%add_ln174_176 = add i16 %sext_ln174_88, i16 %zext_ln174_34" [../cnn_hls.cpp:174]   --->   Operation 763 'add' 'add_ln174_176' <Predicate = true> <Delay = 2.10> <CoreInst = "DSP48">   --->   Core 116 'DSP48' <Latency = 3> <II = 1> <Delay = 2.15> <IPBlock> <Opcode : 'add' 'sub' 'mul' 'select'> <InPorts = 0> <OutPorts = 1> <Sync> <CReg>

State 4 <SV = 3> <Delay = 7.26>
ST_4 : Operation 764 [1/1] (0.99ns)   --->   "%select_ln173_2 = select i1 %icmp_ln169, i14 22, i14 58" [../cnn_hls.cpp:173]   --->   Operation 764 'select' 'select_ln173_2' <Predicate = true> <Delay = 0.99> <CoreInst = "Sel">   --->   Core 73 'Sel' <Latency = 0> <II = 1> <Delay = 0.99> <FuncUnit> <Opcode : 'select'> <InPorts = 3> <OutPorts = 1>
ST_4 : Operation 765 [1/1] (1.24ns)   --->   "%select_ln173_4 = select i1 %icmp_ln169, i16 119, i16 65411" [../cnn_hls.cpp:173]   --->   Operation 765 'select' 'select_ln173_4' <Predicate = true> <Delay = 1.24> <CoreInst = "Sel">   --->   Core 73 'Sel' <Latency = 0> <II = 1> <Delay = 1.24> <FuncUnit> <Opcode : 'select'> <InPorts = 3> <OutPorts = 1>
ST_4 : Operation 766 [1/1] (0.99ns)   --->   "%select_ln173_9 = select i1 %icmp_ln169, i14 14, i14 44" [../cnn_hls.cpp:173]   --->   Operation 766 'select' 'select_ln173_9' <Predicate = true> <Delay = 0.99> <CoreInst = "Sel">   --->   Core 73 'Sel' <Latency = 0> <II = 1> <Delay = 0.99> <FuncUnit> <Opcode : 'select'> <InPorts = 3> <OutPorts = 1>
ST_4 : Operation 767 [1/1] (0.99ns)   --->   "%select_ln173_10 = select i1 %icmp_ln169, i14 35, i14 24" [../cnn_hls.cpp:173]   --->   Operation 767 'select' 'select_ln173_10' <Predicate = true> <Delay = 0.99> <CoreInst = "Sel">   --->   Core 73 'Sel' <Latency = 0> <II = 1> <Delay = 0.99> <FuncUnit> <Opcode : 'select'> <InPorts = 3> <OutPorts = 1>
ST_4 : Operation 768 [1/1] (1.24ns)   --->   "%select_ln173_11 = select i1 %icmp_ln169, i16 94, i16 65424" [../cnn_hls.cpp:173]   --->   Operation 768 'select' 'select_ln173_11' <Predicate = true> <Delay = 1.24> <CoreInst = "Sel">   --->   Core 73 'Sel' <Latency = 0> <II = 1> <Delay = 1.24> <FuncUnit> <Opcode : 'select'> <InPorts = 3> <OutPorts = 1>
ST_4 : Operation 769 [1/1] (1.24ns)   --->   "%select_ln173_16 = select i1 %icmp_ln169, i15 75, i15 23" [../cnn_hls.cpp:173]   --->   Operation 769 'select' 'select_ln173_16' <Predicate = true> <Delay = 1.24> <CoreInst = "Sel">   --->   Core 73 'Sel' <Latency = 0> <II = 1> <Delay = 1.24> <FuncUnit> <Opcode : 'select'> <InPorts = 3> <OutPorts = 1>
ST_4 : Operation 770 [1/1] (1.18ns)   --->   "%select_ln173_17 = select i1 %icmp_ln169, i14 16357, i14 25" [../cnn_hls.cpp:173]   --->   Operation 770 'select' 'select_ln173_17' <Predicate = true> <Delay = 1.18> <CoreInst = "Sel">   --->   Core 73 'Sel' <Latency = 0> <II = 1> <Delay = 1.18> <FuncUnit> <Opcode : 'select'> <InPorts = 3> <OutPorts = 1>
ST_4 : Operation 771 [1/1] (1.02ns)   --->   "%select_ln173_18 = select i1 %icmp_ln169, i11 3, i11 7" [../cnn_hls.cpp:173]   --->   Operation 771 'select' 'select_ln173_18' <Predicate = true> <Delay = 1.02> <CoreInst = "Sel">   --->   Core 73 'Sel' <Latency = 0> <II = 1> <Delay = 1.02> <FuncUnit> <Opcode : 'select'> <InPorts = 3> <OutPorts = 1>
ST_4 : Operation 772 [1/1] (1.24ns)   --->   "%select_ln173_31 = select i1 %icmp_ln169, i15 49, i15 124" [../cnn_hls.cpp:173]   --->   Operation 772 'select' 'select_ln173_31' <Predicate = true> <Delay = 1.24> <CoreInst = "Sel">   --->   Core 73 'Sel' <Latency = 0> <II = 1> <Delay = 1.24> <FuncUnit> <Opcode : 'select'> <InPorts = 3> <OutPorts = 1>
ST_4 : Operation 773 [1/1] (1.24ns)   --->   "%select_ln173_32 = select i1 %icmp_ln169, i16 108, i16 65473" [../cnn_hls.cpp:173]   --->   Operation 773 'select' 'select_ln173_32' <Predicate = true> <Delay = 1.24> <CoreInst = "Sel">   --->   Core 73 'Sel' <Latency = 0> <II = 1> <Delay = 1.24> <FuncUnit> <Opcode : 'select'> <InPorts = 3> <OutPorts = 1>
ST_4 : Operation 774 [1/1] (1.24ns)   --->   "%select_ln173_36 = select i1 %icmp_ln169, i15 98, i15 18" [../cnn_hls.cpp:173]   --->   Operation 774 'select' 'select_ln173_36' <Predicate = true> <Delay = 1.24> <CoreInst = "Sel">   --->   Core 73 'Sel' <Latency = 0> <II = 1> <Delay = 1.24> <FuncUnit> <Opcode : 'select'> <InPorts = 3> <OutPorts = 1>
ST_4 : Operation 775 [1/1] (1.24ns)   --->   "%select_ln173_37 = select i1 %icmp_ln169, i16 3, i16 65441" [../cnn_hls.cpp:173]   --->   Operation 775 'select' 'select_ln173_37' <Predicate = true> <Delay = 1.24> <CoreInst = "Sel">   --->   Core 73 'Sel' <Latency = 0> <II = 1> <Delay = 1.24> <FuncUnit> <Opcode : 'select'> <InPorts = 3> <OutPorts = 1>
ST_4 : Operation 776 [1/1] (0.99ns)   --->   "%select_ln173_38 = select i1 %icmp_ln169, i14 44, i14 22" [../cnn_hls.cpp:173]   --->   Operation 776 'select' 'select_ln173_38' <Predicate = true> <Delay = 0.99> <CoreInst = "Sel">   --->   Core 73 'Sel' <Latency = 0> <II = 1> <Delay = 0.99> <FuncUnit> <Opcode : 'select'> <InPorts = 3> <OutPorts = 1>
ST_4 : Operation 777 [1/1] (1.18ns)   --->   "%select_ln173_41 = select i1 %icmp_ln169, i14 16359, i14 15" [../cnn_hls.cpp:173]   --->   Operation 777 'select' 'select_ln173_41' <Predicate = true> <Delay = 1.18> <CoreInst = "Sel">   --->   Core 73 'Sel' <Latency = 0> <II = 1> <Delay = 1.18> <FuncUnit> <Opcode : 'select'> <InPorts = 3> <OutPorts = 1>
ST_4 : Operation 778 [1/1] (1.24ns)   --->   "%select_ln173_45 = select i1 %icmp_ln169, i16 121, i16 65414" [../cnn_hls.cpp:173]   --->   Operation 778 'select' 'select_ln173_45' <Predicate = true> <Delay = 1.24> <CoreInst = "Sel">   --->   Core 73 'Sel' <Latency = 0> <II = 1> <Delay = 1.24> <FuncUnit> <Opcode : 'select'> <InPorts = 3> <OutPorts = 1>
ST_4 : Operation 779 [1/1] (1.24ns)   --->   "%select_ln173_47 = select i1 %icmp_ln169, i15 23, i15 76" [../cnn_hls.cpp:173]   --->   Operation 779 'select' 'select_ln173_47' <Predicate = true> <Delay = 1.24> <CoreInst = "Sel">   --->   Core 73 'Sel' <Latency = 0> <II = 1> <Delay = 1.24> <FuncUnit> <Opcode : 'select'> <InPorts = 3> <OutPorts = 1>
ST_4 : Operation 780 [1/1] (1.18ns)   --->   "%select_ln173_48 = select i1 %icmp_ln169, i13 29, i13 27" [../cnn_hls.cpp:173]   --->   Operation 780 'select' 'select_ln173_48' <Predicate = true> <Delay = 1.18> <CoreInst = "Sel">   --->   Core 73 'Sel' <Latency = 0> <II = 1> <Delay = 1.18> <FuncUnit> <Opcode : 'select'> <InPorts = 3> <OutPorts = 1>
ST_4 : Operation 781 [1/1] (0.99ns)   --->   "%select_ln173_49 = select i1 %icmp_ln169, i15 32732, i15 32741" [../cnn_hls.cpp:173]   --->   Operation 781 'select' 'select_ln173_49' <Predicate = true> <Delay = 0.99> <CoreInst = "Sel">   --->   Core 73 'Sel' <Latency = 0> <II = 1> <Delay = 0.99> <FuncUnit> <Opcode : 'select'> <InPorts = 3> <OutPorts = 1>
ST_4 : Operation 782 [1/1] (1.24ns)   --->   "%select_ln173_51 = select i1 %icmp_ln169, i16 65458, i16 74" [../cnn_hls.cpp:173]   --->   Operation 782 'select' 'select_ln173_51' <Predicate = true> <Delay = 1.24> <CoreInst = "Sel">   --->   Core 73 'Sel' <Latency = 0> <II = 1> <Delay = 1.24> <FuncUnit> <Opcode : 'select'> <InPorts = 3> <OutPorts = 1>
ST_4 : Operation 783 [1/1] (1.24ns)   --->   "%select_ln173_55 = select i1 %icmp_ln169, i16 68, i16 65429" [../cnn_hls.cpp:173]   --->   Operation 783 'select' 'select_ln173_55' <Predicate = true> <Delay = 1.24> <CoreInst = "Sel">   --->   Core 73 'Sel' <Latency = 0> <II = 1> <Delay = 1.24> <FuncUnit> <Opcode : 'select'> <InPorts = 3> <OutPorts = 1>
ST_4 : Operation 784 [1/1] (0.99ns)   --->   "%select_ln173_60 = select i1 %icmp_ln169, i15 30, i15 32725" [../cnn_hls.cpp:173]   --->   Operation 784 'select' 'select_ln173_60' <Predicate = true> <Delay = 0.99> <CoreInst = "Sel">   --->   Core 73 'Sel' <Latency = 0> <II = 1> <Delay = 0.99> <FuncUnit> <Opcode : 'select'> <InPorts = 3> <OutPorts = 1>
ST_4 : Operation 785 [1/1] (0.99ns)   --->   "%select_ln173_77 = select i1 %icmp_ln169, i15 32765, i15 32718" [../cnn_hls.cpp:173]   --->   Operation 785 'select' 'select_ln173_77' <Predicate = true> <Delay = 0.99> <CoreInst = "Sel">   --->   Core 73 'Sel' <Latency = 0> <II = 1> <Delay = 0.99> <FuncUnit> <Opcode : 'select'> <InPorts = 3> <OutPorts = 1>
ST_4 : Operation 786 [1/1] (0.99ns)   --->   "%select_ln173_85 = select i1 %icmp_ln169, i15 32757, i15 32722" [../cnn_hls.cpp:173]   --->   Operation 786 'select' 'select_ln173_85' <Predicate = true> <Delay = 0.99> <CoreInst = "Sel">   --->   Core 73 'Sel' <Latency = 0> <II = 1> <Delay = 0.99> <FuncUnit> <Opcode : 'select'> <InPorts = 3> <OutPorts = 1>
ST_4 : Operation 787 [1/1] (1.24ns)   --->   "%select_ln173_86 = select i1 %icmp_ln169, i16 65, i16 65424" [../cnn_hls.cpp:173]   --->   Operation 787 'select' 'select_ln173_86' <Predicate = true> <Delay = 1.24> <CoreInst = "Sel">   --->   Core 73 'Sel' <Latency = 0> <II = 1> <Delay = 1.24> <FuncUnit> <Opcode : 'select'> <InPorts = 3> <OutPorts = 1>
ST_4 : Operation 788 [1/1] (0.99ns)   --->   "%select_ln173_97 = select i1 %icmp_ln169, i14 40, i14 15" [../cnn_hls.cpp:173]   --->   Operation 788 'select' 'select_ln173_97' <Predicate = true> <Delay = 0.99> <CoreInst = "Sel">   --->   Core 73 'Sel' <Latency = 0> <II = 1> <Delay = 0.99> <FuncUnit> <Opcode : 'select'> <InPorts = 3> <OutPorts = 1>
ST_4 : Operation 789 [1/1] (0.99ns)   --->   "%select_ln173_120 = select i1 %icmp_ln169, i14 24, i14 42" [../cnn_hls.cpp:173]   --->   Operation 789 'select' 'select_ln173_120' <Predicate = true> <Delay = 0.99> <CoreInst = "Sel">   --->   Core 73 'Sel' <Latency = 0> <II = 1> <Delay = 0.99> <FuncUnit> <Opcode : 'select'> <InPorts = 3> <OutPorts = 1>
ST_4 : Operation 790 [1/1] (0.99ns)   --->   "%select_ln173_121 = select i1 %icmp_ln169, i14 47, i14 15" [../cnn_hls.cpp:173]   --->   Operation 790 'select' 'select_ln173_121' <Predicate = true> <Delay = 0.99> <CoreInst = "Sel">   --->   Core 73 'Sel' <Latency = 0> <II = 1> <Delay = 0.99> <FuncUnit> <Opcode : 'select'> <InPorts = 3> <OutPorts = 1>
ST_4 : Operation 791 [1/1] (0.99ns)   --->   "%select_ln173_122 = select i1 %icmp_ln169, i15 50, i15 32713" [../cnn_hls.cpp:173]   --->   Operation 791 'select' 'select_ln173_122' <Predicate = true> <Delay = 0.99> <CoreInst = "Sel">   --->   Core 73 'Sel' <Latency = 0> <II = 1> <Delay = 0.99> <FuncUnit> <Opcode : 'select'> <InPorts = 3> <OutPorts = 1>
ST_4 : Operation 792 [1/1] (1.24ns)   --->   "%select_ln173_126 = select i1 %icmp_ln169, i15 66, i15 60" [../cnn_hls.cpp:173]   --->   Operation 792 'select' 'select_ln173_126' <Predicate = true> <Delay = 1.24> <CoreInst = "Sel">   --->   Core 73 'Sel' <Latency = 0> <II = 1> <Delay = 1.24> <FuncUnit> <Opcode : 'select'> <InPorts = 3> <OutPorts = 1>
ST_4 : Operation 793 [1/1] (0.99ns)   --->   "%select_ln173_127 = select i1 %icmp_ln169, i14 29, i14 40" [../cnn_hls.cpp:173]   --->   Operation 793 'select' 'select_ln173_127' <Predicate = true> <Delay = 0.99> <CoreInst = "Sel">   --->   Core 73 'Sel' <Latency = 0> <II = 1> <Delay = 0.99> <FuncUnit> <Opcode : 'select'> <InPorts = 3> <OutPorts = 1>
ST_4 : Operation 794 [1/1] (1.24ns)   --->   "%select_ln173_128 = select i1 %icmp_ln169, i16 65507, i16 83" [../cnn_hls.cpp:173]   --->   Operation 794 'select' 'select_ln173_128' <Predicate = true> <Delay = 1.24> <CoreInst = "Sel">   --->   Core 73 'Sel' <Latency = 0> <II = 1> <Delay = 1.24> <FuncUnit> <Opcode : 'select'> <InPorts = 3> <OutPorts = 1>
ST_4 : Operation 795 [1/1] (0.99ns)   --->   "%select_ln173_151 = select i1 %icmp_ln169, i15 32722, i15 14" [../cnn_hls.cpp:173]   --->   Operation 795 'select' 'select_ln173_151' <Predicate = true> <Delay = 0.99> <CoreInst = "Sel">   --->   Core 73 'Sel' <Latency = 0> <II = 1> <Delay = 0.99> <FuncUnit> <Opcode : 'select'> <InPorts = 3> <OutPorts = 1>
ST_4 : Operation 796 [1/3] (0.00ns) (grouped into DSP with root node add_ln174_126)   --->   "%mul_ln174 = mul i16 %select_ln173_110, i16 %zext_ln173_128_cast" [../cnn_hls.cpp:174]   --->   Operation 796 'mul' 'mul_ln174' <Predicate = true> <Delay = 0.00> <CoreInst = "DSP48">   --->   Core 116 'DSP48' <Latency = 3> <II = 1> <Delay = 2.15> <IPBlock> <Opcode : 'add' 'sub' 'mul' 'select'> <InPorts = 0> <OutPorts = 1> <Sync> <CReg>
ST_4 : Operation 797 [1/1] (0.00ns) (grouped into DSP with root node add_ln174_126)   --->   "%sext_ln174 = sext i16 %mul_ln174" [../cnn_hls.cpp:174]   --->   Operation 797 'sext' 'sext_ln174' <Predicate = true> <Delay = 0.00>
ST_4 : Operation 798 [1/3] (0.00ns) (grouped into DSP with root node add_ln174_124)   --->   "%mul_ln174_3 = mul i16 %select_ln173_107, i16 %zext_ln173_125_cast" [../cnn_hls.cpp:174]   --->   Operation 798 'mul' 'mul_ln174_3' <Predicate = true> <Delay = 0.00> <CoreInst = "DSP48">   --->   Core 116 'DSP48' <Latency = 3> <II = 1> <Delay = 2.15> <IPBlock> <Opcode : 'add' 'sub' 'mul' 'select'> <InPorts = 0> <OutPorts = 1> <Sync> <CReg>
ST_4 : Operation 799 [1/1] (4.17ns)   --->   "%mul_ln174_190 = mul i14 %zext_ln173_124_cast, i14 16382" [../cnn_hls.cpp:174]   --->   Operation 799 'mul' 'mul_ln174_190' <Predicate = (icmp_ln169)> <Delay = 4.17> <CoreInst = "Multiplier">   --->   Core 3 'Multiplier' <Latency = 0> <II = 1> <Delay = 4.17> <FuncUnit> <Opcode : 'mul'> <InPorts = 2> <OutPorts = 1>
ST_4 : Operation 800 [1/1] (4.17ns)   --->   "%mul_ln174_191 = mul i14 %zext_ln173_124_cast, i14 16359" [../cnn_hls.cpp:174]   --->   Operation 800 'mul' 'mul_ln174_191' <Predicate = (!icmp_ln169)> <Delay = 4.17> <CoreInst = "Multiplier">   --->   Core 3 'Multiplier' <Latency = 0> <II = 1> <Delay = 4.17> <FuncUnit> <Opcode : 'mul'> <InPorts = 2> <OutPorts = 1>
ST_4 : Operation 801 [1/1] (0.70ns)   --->   "%select_ln174_2 = select i1 %icmp_ln169, i14 %mul_ln174_190, i14 %mul_ln174_191" [../cnn_hls.cpp:174]   --->   Operation 801 'select' 'select_ln174_2' <Predicate = true> <Delay = 0.70> <CoreInst = "Sel">   --->   Core 73 'Sel' <Latency = 0> <II = 1> <Delay = 0.70> <FuncUnit> <Opcode : 'select'> <InPorts = 3> <OutPorts = 1>
ST_4 : Operation 802 [1/1] (0.00ns)   --->   "%sext_ln174_1 = sext i14 %select_ln174_2" [../cnn_hls.cpp:174]   --->   Operation 802 'sext' 'sext_ln174_1' <Predicate = true> <Delay = 0.00>
ST_4 : Operation 803 [1/3] (0.00ns) (grouped into DSP with root node add_ln174_120)   --->   "%mul_ln174_5 = mul i16 %select_ln173_106, i16 %zext_ln173_123_cast" [../cnn_hls.cpp:174]   --->   Operation 803 'mul' 'mul_ln174_5' <Predicate = true> <Delay = 0.00> <CoreInst = "DSP48">   --->   Core 116 'DSP48' <Latency = 3> <II = 1> <Delay = 2.15> <IPBlock> <Opcode : 'add' 'sub' 'mul' 'select'> <InPorts = 0> <OutPorts = 1> <Sync> <CReg>
ST_4 : Operation 804 [2/3] (1.05ns) (grouped into DSP with root node add_ln174_121)   --->   "%mul_ln174_6 = mul i13 %select_ln173_105, i13 %zext_ln173_122_cast" [../cnn_hls.cpp:174]   --->   Operation 804 'mul' 'mul_ln174_6' <Predicate = true> <Delay = 1.05> <CoreInst = "DSP48">   --->   Core 116 'DSP48' <Latency = 3> <II = 1> <Delay = 2.15> <IPBlock> <Opcode : 'add' 'sub' 'mul' 'select'> <InPorts = 0> <OutPorts = 1> <Sync> <CReg>
ST_4 : Operation 805 [1/3] (0.00ns) (grouped into DSP with root node add_ln174_118)   --->   "%mul_ln174_7 = mul i15 %select_ln173_104, i15 %zext_ln173_121_cast" [../cnn_hls.cpp:174]   --->   Operation 805 'mul' 'mul_ln174_7' <Predicate = true> <Delay = 0.00> <CoreInst = "DSP48">   --->   Core 116 'DSP48' <Latency = 3> <II = 1> <Delay = 2.15> <IPBlock> <Opcode : 'add' 'sub' 'mul' 'select'> <InPorts = 0> <OutPorts = 1> <Sync> <CReg>
ST_4 : Operation 806 [1/1] (0.00ns) (grouped into DSP with root node add_ln174_118)   --->   "%sext_ln174_3 = sext i15 %mul_ln174_7" [../cnn_hls.cpp:174]   --->   Operation 806 'sext' 'sext_ln174_3' <Predicate = true> <Delay = 0.00>
ST_4 : Operation 807 [1/1] (4.17ns)   --->   "%mul_ln174_192 = mul i16 %zext_ln173_120_cast, i16 65534" [../cnn_hls.cpp:174]   --->   Operation 807 'mul' 'mul_ln174_192' <Predicate = (icmp_ln169)> <Delay = 4.17> <CoreInst = "Multiplier">   --->   Core 3 'Multiplier' <Latency = 0> <II = 1> <Delay = 4.17> <FuncUnit> <Opcode : 'mul'> <InPorts = 2> <OutPorts = 1>
ST_4 : Operation 808 [1/1] (4.17ns)   --->   "%mul_ln174_193 = mul i16 %zext_ln173_120_cast, i16 65423" [../cnn_hls.cpp:174]   --->   Operation 808 'mul' 'mul_ln174_193' <Predicate = (!icmp_ln169)> <Delay = 4.17> <CoreInst = "Multiplier">   --->   Core 3 'Multiplier' <Latency = 0> <II = 1> <Delay = 4.17> <FuncUnit> <Opcode : 'mul'> <InPorts = 2> <OutPorts = 1>
ST_4 : Operation 809 [1/1] (0.80ns)   --->   "%select_ln174_7 = select i1 %icmp_ln169, i16 %mul_ln174_192, i16 %mul_ln174_193" [../cnn_hls.cpp:174]   --->   Operation 809 'select' 'select_ln174_7' <Predicate = true> <Delay = 0.80> <CoreInst = "Sel">   --->   Core 73 'Sel' <Latency = 0> <II = 1> <Delay = 0.80> <FuncUnit> <Opcode : 'select'> <InPorts = 3> <OutPorts = 1>
ST_4 : Operation 810 [1/1] (0.00ns)   --->   "%sext_ln174_4 = sext i16 %select_ln174_7" [../cnn_hls.cpp:174]   --->   Operation 810 'sext' 'sext_ln174_4' <Predicate = true> <Delay = 0.00>
ST_4 : Operation 811 [2/3] (1.05ns) (grouped into DSP with root node add_ln174_119)   --->   "%mul_ln174_9 = mul i13 %select_ln173_103, i13 %zext_ln173_119_cast" [../cnn_hls.cpp:174]   --->   Operation 811 'mul' 'mul_ln174_9' <Predicate = true> <Delay = 1.05> <CoreInst = "DSP48">   --->   Core 116 'DSP48' <Latency = 3> <II = 1> <Delay = 2.15> <IPBlock> <Opcode : 'add' 'sub' 'mul' 'select'> <InPorts = 0> <OutPorts = 1> <Sync> <CReg>
ST_4 : Operation 812 [1/3] (0.00ns) (grouped into DSP with root node add_ln174_114)   --->   "%mul_ln174_12 = mul i16 %select_ln173_100, i16 %zext_ln173_116_cast" [../cnn_hls.cpp:174]   --->   Operation 812 'mul' 'mul_ln174_12' <Predicate = true> <Delay = 0.00> <CoreInst = "DSP48">   --->   Core 116 'DSP48' <Latency = 3> <II = 1> <Delay = 2.15> <IPBlock> <Opcode : 'add' 'sub' 'mul' 'select'> <InPorts = 0> <OutPorts = 1> <Sync> <CReg>
ST_4 : Operation 813 [1/1] (0.00ns) (grouped into DSP with root node add_ln174_114)   --->   "%sext_ln174_7 = sext i16 %mul_ln174_12" [../cnn_hls.cpp:174]   --->   Operation 813 'sext' 'sext_ln174_7' <Predicate = true> <Delay = 0.00>
ST_4 : Operation 814 [1/1] (0.00ns)   --->   "%sext_ln174_8 = sext i16 %mul_ln174_13" [../cnn_hls.cpp:174]   --->   Operation 814 'sext' 'sext_ln174_8' <Predicate = true> <Delay = 0.00>
ST_4 : Operation 815 [1/3] (0.00ns) (grouped into DSP with root node add_ln174_111)   --->   "%mul_ln174_14 = mul i15 %select_ln173_98, i15 %zext_ln173_114_cast" [../cnn_hls.cpp:174]   --->   Operation 815 'mul' 'mul_ln174_14' <Predicate = true> <Delay = 0.00> <CoreInst = "DSP48">   --->   Core 116 'DSP48' <Latency = 3> <II = 1> <Delay = 2.15> <IPBlock> <Opcode : 'add' 'sub' 'mul' 'select'> <InPorts = 0> <OutPorts = 1> <Sync> <CReg>
ST_4 : Operation 816 [1/1] (0.00ns) (grouped into DSP with root node add_ln174_111)   --->   "%sext_ln174_9 = sext i15 %mul_ln174_14" [../cnn_hls.cpp:174]   --->   Operation 816 'sext' 'sext_ln174_9' <Predicate = true> <Delay = 0.00>
ST_4 : Operation 817 [1/1] (4.17ns)   --->   "%mul_ln174_15 = mul i14 %select_ln173_97, i14 %zext_ln173_113_cast" [../cnn_hls.cpp:174]   --->   Operation 817 'mul' 'mul_ln174_15' <Predicate = true> <Delay = 4.17> <CoreInst = "Multiplier">   --->   Core 3 'Multiplier' <Latency = 0> <II = 1> <Delay = 4.17> <FuncUnit> <Opcode : 'mul'> <InPorts = 2> <OutPorts = 1>
ST_4 : Operation 818 [1/1] (0.00ns)   --->   "%sext_ln174_10 = sext i16 %mul_ln174_16" [../cnn_hls.cpp:174]   --->   Operation 818 'sext' 'sext_ln174_10' <Predicate = true> <Delay = 0.00>
ST_4 : Operation 819 [1/3] (0.00ns) (grouped into DSP with root node add_ln174_108)   --->   "%mul_ln174_17 = mul i14 %select_ln173_95, i14 %zext_ln173_111_cast" [../cnn_hls.cpp:174]   --->   Operation 819 'mul' 'mul_ln174_17' <Predicate = true> <Delay = 0.00> <CoreInst = "DSP48">   --->   Core 116 'DSP48' <Latency = 3> <II = 1> <Delay = 2.15> <IPBlock> <Opcode : 'add' 'sub' 'mul' 'select'> <InPorts = 0> <OutPorts = 1> <Sync> <CReg>
ST_4 : Operation 820 [1/1] (0.00ns) (grouped into DSP with root node add_ln174_108)   --->   "%sext_ln174_11 = sext i14 %mul_ln174_17" [../cnn_hls.cpp:174]   --->   Operation 820 'sext' 'sext_ln174_11' <Predicate = true> <Delay = 0.00>
ST_4 : Operation 821 [2/3] (1.05ns) (grouped into DSP with root node add_ln174_109)   --->   "%mul_ln174_18 = mul i14 %select_ln173_94, i14 %zext_ln173_110_cast" [../cnn_hls.cpp:174]   --->   Operation 821 'mul' 'mul_ln174_18' <Predicate = true> <Delay = 1.05> <CoreInst = "DSP48">   --->   Core 116 'DSP48' <Latency = 3> <II = 1> <Delay = 2.15> <IPBlock> <Opcode : 'add' 'sub' 'mul' 'select'> <InPorts = 0> <OutPorts = 1> <Sync> <CReg>
ST_4 : Operation 822 [1/3] (0.00ns) (grouped into DSP with root node add_ln174_106)   --->   "%mul_ln174_19 = mul i15 %select_ln173_93, i15 %zext_ln173_109_cast" [../cnn_hls.cpp:174]   --->   Operation 822 'mul' 'mul_ln174_19' <Predicate = true> <Delay = 0.00> <CoreInst = "DSP48">   --->   Core 116 'DSP48' <Latency = 3> <II = 1> <Delay = 2.15> <IPBlock> <Opcode : 'add' 'sub' 'mul' 'select'> <InPorts = 0> <OutPorts = 1> <Sync> <CReg>
ST_4 : Operation 823 [1/1] (0.00ns) (grouped into DSP with root node add_ln174_106)   --->   "%sext_ln174_13 = sext i15 %mul_ln174_19" [../cnn_hls.cpp:174]   --->   Operation 823 'sext' 'sext_ln174_13' <Predicate = true> <Delay = 0.00>
ST_4 : Operation 824 [2/3] (1.05ns) (grouped into DSP with root node add_ln174_107)   --->   "%mul_ln174_21 = mul i14 %select_ln173_91, i14 %zext_ln173_107_cast" [../cnn_hls.cpp:174]   --->   Operation 824 'mul' 'mul_ln174_21' <Predicate = true> <Delay = 1.05> <CoreInst = "DSP48">   --->   Core 116 'DSP48' <Latency = 3> <II = 1> <Delay = 2.15> <IPBlock> <Opcode : 'add' 'sub' 'mul' 'select'> <InPorts = 0> <OutPorts = 1> <Sync> <CReg>
ST_4 : Operation 825 [1/3] (0.00ns) (grouped into DSP with root node add_ln174_102)   --->   "%mul_ln174_22 = mul i14 %select_ln173_90, i14 %zext_ln173_106_cast" [../cnn_hls.cpp:174]   --->   Operation 825 'mul' 'mul_ln174_22' <Predicate = true> <Delay = 0.00> <CoreInst = "DSP48">   --->   Core 116 'DSP48' <Latency = 3> <II = 1> <Delay = 2.15> <IPBlock> <Opcode : 'add' 'sub' 'mul' 'select'> <InPorts = 0> <OutPorts = 1> <Sync> <CReg>
ST_4 : Operation 826 [1/1] (0.00ns) (grouped into DSP with root node add_ln174_102)   --->   "%sext_ln174_15 = sext i14 %mul_ln174_22" [../cnn_hls.cpp:174]   --->   Operation 826 'sext' 'sext_ln174_15' <Predicate = true> <Delay = 0.00>
ST_4 : Operation 827 [2/3] (1.05ns) (grouped into DSP with root node add_ln174_103)   --->   "%mul_ln174_24 = mul i14 %select_ln173_88, i14 %zext_ln173_104_cast" [../cnn_hls.cpp:174]   --->   Operation 827 'mul' 'mul_ln174_24' <Predicate = true> <Delay = 1.05> <CoreInst = "DSP48">   --->   Core 116 'DSP48' <Latency = 3> <II = 1> <Delay = 2.15> <IPBlock> <Opcode : 'add' 'sub' 'mul' 'select'> <InPorts = 0> <OutPorts = 1> <Sync> <CReg>
ST_4 : Operation 828 [2/3] (1.05ns) (grouped into DSP with root node add_ln174_100)   --->   "%mul_ln174_25 = mul i16 %select_ln173_87, i16 %zext_ln173_103_cast" [../cnn_hls.cpp:174]   --->   Operation 828 'mul' 'mul_ln174_25' <Predicate = true> <Delay = 1.05> <CoreInst = "DSP48">   --->   Core 116 'DSP48' <Latency = 3> <II = 1> <Delay = 2.15> <IPBlock> <Opcode : 'add' 'sub' 'mul' 'select'> <InPorts = 0> <OutPorts = 1> <Sync> <CReg>
ST_4 : Operation 829 [1/1] (4.17ns)   --->   "%mul_ln174_26 = mul i16 %select_ln173_86, i16 %zext_ln173_102_cast" [../cnn_hls.cpp:174]   --->   Operation 829 'mul' 'mul_ln174_26' <Predicate = true> <Delay = 4.17> <CoreInst = "Multiplier">   --->   Core 3 'Multiplier' <Latency = 0> <II = 1> <Delay = 4.17> <FuncUnit> <Opcode : 'mul'> <InPorts = 2> <OutPorts = 1>
ST_4 : Operation 830 [1/1] (4.17ns)   --->   "%mul_ln174_28 = mul i15 %select_ln173_85, i15 %zext_ln173_100_cast" [../cnn_hls.cpp:174]   --->   Operation 830 'mul' 'mul_ln174_28' <Predicate = true> <Delay = 4.17> <CoreInst = "Multiplier">   --->   Core 3 'Multiplier' <Latency = 0> <II = 1> <Delay = 4.17> <FuncUnit> <Opcode : 'mul'> <InPorts = 2> <OutPorts = 1>
ST_4 : Operation 831 [1/1] (0.00ns)   --->   "%sext_ln174_20 = sext i15 %mul_ln174_28" [../cnn_hls.cpp:174]   --->   Operation 831 'sext' 'sext_ln174_20' <Predicate = true> <Delay = 0.00>
ST_4 : Operation 832 [1/3] (0.00ns) (grouped into DSP with root node add_ln174_97)   --->   "%mul_ln174_29 = mul i14 %select_ln173_84, i14 %zext_ln173_99_cast" [../cnn_hls.cpp:174]   --->   Operation 832 'mul' 'mul_ln174_29' <Predicate = true> <Delay = 0.00> <CoreInst = "DSP48">   --->   Core 116 'DSP48' <Latency = 3> <II = 1> <Delay = 2.15> <IPBlock> <Opcode : 'add' 'sub' 'mul' 'select'> <InPorts = 0> <OutPorts = 1> <Sync> <CReg>
ST_4 : Operation 833 [1/1] (0.00ns) (grouped into DSP with root node add_ln174_97)   --->   "%sext_ln174_21 = sext i14 %mul_ln174_29" [../cnn_hls.cpp:174]   --->   Operation 833 'sext' 'sext_ln174_21' <Predicate = true> <Delay = 0.00>
ST_4 : Operation 834 [2/3] (1.05ns) (grouped into DSP with root node add_ln174_98)   --->   "%mul_ln174_30 = mul i14 %select_ln173_83, i14 %zext_ln173_98_cast" [../cnn_hls.cpp:174]   --->   Operation 834 'mul' 'mul_ln174_30' <Predicate = true> <Delay = 1.05> <CoreInst = "DSP48">   --->   Core 116 'DSP48' <Latency = 3> <II = 1> <Delay = 2.15> <IPBlock> <Opcode : 'add' 'sub' 'mul' 'select'> <InPorts = 0> <OutPorts = 1> <Sync> <CReg>
ST_4 : Operation 835 [1/1] (0.00ns)   --->   "%tmp_14 = bitconcatenate i12 @_ssdm_op_BitConcatenate.i12.i8.i4, i8 %zext_ln173_97_read, i4 0" [../cnn_hls.cpp:174]   --->   Operation 835 'bitconcatenate' 'tmp_14' <Predicate = (icmp_ln169)> <Delay = 0.00>
ST_4 : Operation 836 [1/1] (0.00ns)   --->   "%zext_ln174_51 = zext i12 %tmp_14" [../cnn_hls.cpp:174]   --->   Operation 836 'zext' 'zext_ln174_51' <Predicate = (icmp_ln169)> <Delay = 0.00>
ST_4 : Operation 837 [1/1] (0.00ns) (grouped into TernaryAdder)   --->   "%sub_ln174_2 = sub i14 0, i14 %zext_ln174_51" [../cnn_hls.cpp:174]   --->   Operation 837 'sub' 'sub_ln174_2' <Predicate = (icmp_ln169)> <Delay = 0.00> <CoreInst = "TAddSub">   --->   Core 10 'TAddSub' <Latency = 0> <II = 1> <Delay = 2.01> <IPBlock> <Opcode : 'add' 'sub'> <InPorts = 3> <OutPorts = 1> <Sync> <CReg>
ST_4 : Operation 838 [1/1] (0.00ns)   --->   "%tmp_15 = bitconcatenate i10 @_ssdm_op_BitConcatenate.i10.i8.i2, i8 %zext_ln173_97_read, i2 0" [../cnn_hls.cpp:174]   --->   Operation 838 'bitconcatenate' 'tmp_15' <Predicate = (icmp_ln169)> <Delay = 0.00>
ST_4 : Operation 839 [1/1] (0.00ns)   --->   "%zext_ln174_52 = zext i10 %tmp_15" [../cnn_hls.cpp:174]   --->   Operation 839 'zext' 'zext_ln174_52' <Predicate = (icmp_ln169)> <Delay = 0.00>
ST_4 : Operation 840 [1/1] (3.81ns) (root node of TernaryAdder)   --->   "%sub_ln174_3 = sub i14 %sub_ln174_2, i14 %zext_ln174_52" [../cnn_hls.cpp:174]   --->   Operation 840 'sub' 'sub_ln174_3' <Predicate = (icmp_ln169)> <Delay = 3.81> <CoreInst = "TAddSub">   --->   Core 10 'TAddSub' <Latency = 0> <II = 1> <Delay = 2.01> <IPBlock> <Opcode : 'add' 'sub'> <InPorts = 3> <OutPorts = 1> <Sync> <CReg>
ST_4 : Operation 841 [1/1] (0.00ns)   --->   "%shl_ln174_1 = bitconcatenate i12 @_ssdm_op_BitConcatenate.i12.i8.i4, i8 %x_479_read, i4 0" [../cnn_hls.cpp:174]   --->   Operation 841 'bitconcatenate' 'shl_ln174_1' <Predicate = (!icmp_ln169)> <Delay = 0.00>
ST_4 : Operation 842 [1/1] (0.00ns)   --->   "%zext_ln174_4 = zext i12 %shl_ln174_1" [../cnn_hls.cpp:174]   --->   Operation 842 'zext' 'zext_ln174_4' <Predicate = (!icmp_ln169)> <Delay = 0.00>
ST_4 : Operation 843 [1/1] (0.70ns)   --->   "%select_ln174_4 = select i1 %icmp_ln169, i14 %sub_ln174_3, i14 %zext_ln174_4" [../cnn_hls.cpp:174]   --->   Operation 843 'select' 'select_ln174_4' <Predicate = true> <Delay = 0.70> <CoreInst = "Sel">   --->   Core 73 'Sel' <Latency = 0> <II = 1> <Delay = 0.70> <FuncUnit> <Opcode : 'select'> <InPorts = 3> <OutPorts = 1>
ST_4 : Operation 844 [1/1] (0.00ns)   --->   "%sext_ln174_23 = sext i14 %select_ln174_4" [../cnn_hls.cpp:174]   --->   Operation 844 'sext' 'sext_ln174_23' <Predicate = true> <Delay = 0.00>
ST_4 : Operation 845 [1/3] (0.00ns) (grouped into DSP with root node add_ln174_95)   --->   "%mul_ln174_32 = mul i15 %select_ln173_82, i15 %zext_ln173_96_cast" [../cnn_hls.cpp:174]   --->   Operation 845 'mul' 'mul_ln174_32' <Predicate = true> <Delay = 0.00> <CoreInst = "DSP48">   --->   Core 116 'DSP48' <Latency = 3> <II = 1> <Delay = 2.15> <IPBlock> <Opcode : 'add' 'sub' 'mul' 'select'> <InPorts = 0> <OutPorts = 1> <Sync> <CReg>
ST_4 : Operation 846 [1/1] (0.00ns) (grouped into DSP with root node add_ln174_95)   --->   "%sext_ln174_24 = sext i15 %mul_ln174_32" [../cnn_hls.cpp:174]   --->   Operation 846 'sext' 'sext_ln174_24' <Predicate = true> <Delay = 0.00>
ST_4 : Operation 847 [1/3] (0.00ns) (grouped into DSP with root node add_ln174_88)   --->   "%mul_ln174_34 = mul i16 %select_ln173_80, i16 %zext_ln173_94_cast" [../cnn_hls.cpp:174]   --->   Operation 847 'mul' 'mul_ln174_34' <Predicate = true> <Delay = 0.00> <CoreInst = "DSP48">   --->   Core 116 'DSP48' <Latency = 3> <II = 1> <Delay = 2.15> <IPBlock> <Opcode : 'add' 'sub' 'mul' 'select'> <InPorts = 0> <OutPorts = 1> <Sync> <CReg>
ST_4 : Operation 848 [1/1] (4.17ns)   --->   "%mul_ln174_37 = mul i15 %select_ln173_77, i15 %zext_ln173_91_cast" [../cnn_hls.cpp:174]   --->   Operation 848 'mul' 'mul_ln174_37' <Predicate = true> <Delay = 4.17> <CoreInst = "Multiplier">   --->   Core 3 'Multiplier' <Latency = 0> <II = 1> <Delay = 4.17> <FuncUnit> <Opcode : 'mul'> <InPorts = 2> <OutPorts = 1>
ST_4 : Operation 849 [1/3] (0.00ns) (grouped into DSP with root node add_ln174_86)   --->   "%mul_ln174_38 = mul i13 %select_ln173_76, i13 %zext_ln173_90_cast" [../cnn_hls.cpp:174]   --->   Operation 849 'mul' 'mul_ln174_38' <Predicate = true> <Delay = 0.00> <CoreInst = "DSP48">   --->   Core 116 'DSP48' <Latency = 3> <II = 1> <Delay = 2.15> <IPBlock> <Opcode : 'add' 'sub' 'mul' 'select'> <InPorts = 0> <OutPorts = 1> <Sync> <CReg>
ST_4 : Operation 850 [1/1] (0.00ns) (grouped into DSP with root node add_ln174_86)   --->   "%sext_ln174_25 = sext i13 %mul_ln174_38" [../cnn_hls.cpp:174]   --->   Operation 850 'sext' 'sext_ln174_25' <Predicate = true> <Delay = 0.00>
ST_4 : Operation 851 [2/3] (1.05ns) (grouped into DSP with root node add_ln174_87)   --->   "%mul_ln174_39 = mul i14 %select_ln173_75, i14 %zext_ln173_89_cast" [../cnn_hls.cpp:174]   --->   Operation 851 'mul' 'mul_ln174_39' <Predicate = true> <Delay = 1.05> <CoreInst = "DSP48">   --->   Core 116 'DSP48' <Latency = 3> <II = 1> <Delay = 2.15> <IPBlock> <Opcode : 'add' 'sub' 'mul' 'select'> <InPorts = 0> <OutPorts = 1> <Sync> <CReg>
ST_4 : Operation 852 [1/3] (0.00ns) (grouped into DSP with root node add_ln174_83)   --->   "%mul_ln174_40 = mul i16 %select_ln173_74, i16 %zext_ln173_88_cast" [../cnn_hls.cpp:174]   --->   Operation 852 'mul' 'mul_ln174_40' <Predicate = true> <Delay = 0.00> <CoreInst = "DSP48">   --->   Core 116 'DSP48' <Latency = 3> <II = 1> <Delay = 2.15> <IPBlock> <Opcode : 'add' 'sub' 'mul' 'select'> <InPorts = 0> <OutPorts = 1> <Sync> <CReg>
ST_4 : Operation 853 [1/1] (0.00ns) (grouped into DSP with root node add_ln174_83)   --->   "%sext_ln174_27 = sext i16 %mul_ln174_40" [../cnn_hls.cpp:174]   --->   Operation 853 'sext' 'sext_ln174_27' <Predicate = true> <Delay = 0.00>
ST_4 : Operation 854 [1/1] (0.00ns)   --->   "%sext_ln174_28 = sext i16 %mul_ln174_41" [../cnn_hls.cpp:174]   --->   Operation 854 'sext' 'sext_ln174_28' <Predicate = true> <Delay = 0.00>
ST_4 : Operation 855 [2/3] (1.05ns) (grouped into DSP with root node add_ln174_84)   --->   "%mul_ln174_42 = mul i16 %select_ln173_72, i16 %zext_ln173_86_cast" [../cnn_hls.cpp:174]   --->   Operation 855 'mul' 'mul_ln174_42' <Predicate = true> <Delay = 1.05> <CoreInst = "DSP48">   --->   Core 116 'DSP48' <Latency = 3> <II = 1> <Delay = 2.15> <IPBlock> <Opcode : 'add' 'sub' 'mul' 'select'> <InPorts = 0> <OutPorts = 1> <Sync> <CReg>
ST_4 : Operation 856 [1/3] (0.00ns) (grouped into DSP with root node add_ln174_81)   --->   "%mul_ln174_44 = mul i15 %select_ln173_70, i15 %zext_ln173_84_cast" [../cnn_hls.cpp:174]   --->   Operation 856 'mul' 'mul_ln174_44' <Predicate = true> <Delay = 0.00> <CoreInst = "DSP48">   --->   Core 116 'DSP48' <Latency = 3> <II = 1> <Delay = 2.15> <IPBlock> <Opcode : 'add' 'sub' 'mul' 'select'> <InPorts = 0> <OutPorts = 1> <Sync> <CReg>
ST_4 : Operation 857 [1/1] (0.00ns) (grouped into DSP with root node add_ln174_81)   --->   "%sext_ln174_30 = sext i15 %mul_ln174_44" [../cnn_hls.cpp:174]   --->   Operation 857 'sext' 'sext_ln174_30' <Predicate = true> <Delay = 0.00>
ST_4 : Operation 858 [2/3] (1.05ns) (grouped into DSP with root node add_ln174_82)   --->   "%mul_ln174_45 = mul i11 %select_ln173_69, i11 %zext_ln173_83_cast" [../cnn_hls.cpp:174]   --->   Operation 858 'mul' 'mul_ln174_45' <Predicate = true> <Delay = 1.05> <CoreInst = "DSP48">   --->   Core 116 'DSP48' <Latency = 3> <II = 1> <Delay = 2.15> <IPBlock> <Opcode : 'add' 'sub' 'mul' 'select'> <InPorts = 0> <OutPorts = 1> <Sync> <CReg>
ST_4 : Operation 859 [1/3] (0.00ns) (grouped into DSP with root node add_ln174_78)   --->   "%mul_ln174_48 = mul i15 %select_ln173_67, i15 %zext_ln173_80_cast" [../cnn_hls.cpp:174]   --->   Operation 859 'mul' 'mul_ln174_48' <Predicate = true> <Delay = 0.00> <CoreInst = "DSP48">   --->   Core 116 'DSP48' <Latency = 3> <II = 1> <Delay = 2.15> <IPBlock> <Opcode : 'add' 'sub' 'mul' 'select'> <InPorts = 0> <OutPorts = 1> <Sync> <CReg>
ST_4 : Operation 860 [1/1] (0.00ns) (grouped into DSP with root node add_ln174_78)   --->   "%sext_ln174_33 = sext i15 %mul_ln174_48" [../cnn_hls.cpp:174]   --->   Operation 860 'sext' 'sext_ln174_33' <Predicate = true> <Delay = 0.00>
ST_4 : Operation 861 [1/3] (0.00ns) (grouped into DSP with root node add_ln174_75)   --->   "%mul_ln174_49 = mul i15 %select_ln173_66, i15 %zext_ln173_79_cast" [../cnn_hls.cpp:174]   --->   Operation 861 'mul' 'mul_ln174_49' <Predicate = true> <Delay = 0.00> <CoreInst = "DSP48">   --->   Core 116 'DSP48' <Latency = 3> <II = 1> <Delay = 2.15> <IPBlock> <Opcode : 'add' 'sub' 'mul' 'select'> <InPorts = 0> <OutPorts = 1> <Sync> <CReg>
ST_4 : Operation 862 [1/1] (0.00ns) (grouped into DSP with root node add_ln174_75)   --->   "%sext_ln174_34 = sext i15 %mul_ln174_49" [../cnn_hls.cpp:174]   --->   Operation 862 'sext' 'sext_ln174_34' <Predicate = true> <Delay = 0.00>
ST_4 : Operation 863 [1/3] (0.00ns) (grouped into DSP with root node add_ln174_72)   --->   "%mul_ln174_53 = mul i15 %select_ln173_63, i15 %zext_ln173_75_cast" [../cnn_hls.cpp:174]   --->   Operation 863 'mul' 'mul_ln174_53' <Predicate = true> <Delay = 0.00> <CoreInst = "DSP48">   --->   Core 116 'DSP48' <Latency = 3> <II = 1> <Delay = 2.15> <IPBlock> <Opcode : 'add' 'sub' 'mul' 'select'> <InPorts = 0> <OutPorts = 1> <Sync> <CReg>
ST_4 : Operation 864 [1/1] (0.00ns) (grouped into DSP with root node add_ln174_72)   --->   "%sext_ln174_37 = sext i15 %mul_ln174_53" [../cnn_hls.cpp:174]   --->   Operation 864 'sext' 'sext_ln174_37' <Predicate = true> <Delay = 0.00>
ST_4 : Operation 865 [2/3] (1.05ns) (grouped into DSP with root node add_ln174_73)   --->   "%mul_ln174_54 = mul i16 %select_ln173_62, i16 %zext_ln173_74_cast" [../cnn_hls.cpp:174]   --->   Operation 865 'mul' 'mul_ln174_54' <Predicate = true> <Delay = 1.05> <CoreInst = "DSP48">   --->   Core 116 'DSP48' <Latency = 3> <II = 1> <Delay = 2.15> <IPBlock> <Opcode : 'add' 'sub' 'mul' 'select'> <InPorts = 0> <OutPorts = 1> <Sync> <CReg>
ST_4 : Operation 866 [1/1] (0.00ns)   --->   "%zext_ln174_10 = zext i12 %mul_ln174_55" [../cnn_hls.cpp:174]   --->   Operation 866 'zext' 'zext_ln174_10' <Predicate = true> <Delay = 0.00>
ST_4 : Operation 867 [1/1] (4.17ns)   --->   "%mul_ln174_56 = mul i15 %select_ln173_60, i15 %zext_ln173_72_cast" [../cnn_hls.cpp:174]   --->   Operation 867 'mul' 'mul_ln174_56' <Predicate = true> <Delay = 4.17> <CoreInst = "Multiplier">   --->   Core 3 'Multiplier' <Latency = 0> <II = 1> <Delay = 4.17> <FuncUnit> <Opcode : 'mul'> <InPorts = 2> <OutPorts = 1>
ST_4 : Operation 868 [1/3] (0.00ns) (grouped into DSP with root node add_ln174_65)   --->   "%mul_ln174_59 = mul i14 %select_ln173_58, i14 %zext_ln173_69_cast" [../cnn_hls.cpp:174]   --->   Operation 868 'mul' 'mul_ln174_59' <Predicate = true> <Delay = 0.00> <CoreInst = "DSP48">   --->   Core 116 'DSP48' <Latency = 3> <II = 1> <Delay = 2.15> <IPBlock> <Opcode : 'add' 'sub' 'mul' 'select'> <InPorts = 0> <OutPorts = 1> <Sync> <CReg>
ST_4 : Operation 869 [1/1] (0.00ns) (grouped into DSP with root node add_ln174_65)   --->   "%sext_ln174_40 = sext i14 %mul_ln174_59" [../cnn_hls.cpp:174]   --->   Operation 869 'sext' 'sext_ln174_40' <Predicate = true> <Delay = 0.00>
ST_4 : Operation 870 [2/3] (1.05ns) (grouped into DSP with root node add_ln174_66)   --->   "%mul_ln174_60 = mul i15 %select_ln173_57, i15 %zext_ln173_68_cast" [../cnn_hls.cpp:174]   --->   Operation 870 'mul' 'mul_ln174_60' <Predicate = true> <Delay = 1.05> <CoreInst = "DSP48">   --->   Core 116 'DSP48' <Latency = 3> <II = 1> <Delay = 2.15> <IPBlock> <Opcode : 'add' 'sub' 'mul' 'select'> <InPorts = 0> <OutPorts = 1> <Sync> <CReg>
ST_4 : Operation 871 [2/3] (1.05ns) (grouped into DSP with root node add_ln174_63)   --->   "%mul_ln174_61 = mul i16 %select_ln173_56, i16 %zext_ln173_67_cast" [../cnn_hls.cpp:174]   --->   Operation 871 'mul' 'mul_ln174_61' <Predicate = true> <Delay = 1.05> <CoreInst = "DSP48">   --->   Core 116 'DSP48' <Latency = 3> <II = 1> <Delay = 2.15> <IPBlock> <Opcode : 'add' 'sub' 'mul' 'select'> <InPorts = 0> <OutPorts = 1> <Sync> <CReg>
ST_4 : Operation 872 [1/1] (4.17ns)   --->   "%mul_ln174_62 = mul i16 %select_ln173_55, i16 %zext_ln173_66_cast" [../cnn_hls.cpp:174]   --->   Operation 872 'mul' 'mul_ln174_62' <Predicate = true> <Delay = 4.17> <CoreInst = "Multiplier">   --->   Core 3 'Multiplier' <Latency = 0> <II = 1> <Delay = 4.17> <FuncUnit> <Opcode : 'mul'> <InPorts = 2> <OutPorts = 1>
ST_4 : Operation 873 [3/3] (1.05ns) (grouped into DSP with root node add_ln174_61)   --->   "%mul_ln174_65 = mul i16 %select_ln173_51, i16 %zext_ln173_62_cast" [../cnn_hls.cpp:174]   --->   Operation 873 'mul' 'mul_ln174_65' <Predicate = true> <Delay = 1.05> <CoreInst = "DSP48">   --->   Core 116 'DSP48' <Latency = 3> <II = 1> <Delay = 2.15> <IPBlock> <Opcode : 'add' 'sub' 'mul' 'select'> <InPorts = 0> <OutPorts = 1> <Sync> <CReg>
ST_4 : Operation 874 [3/3] (1.05ns) (grouped into DSP with root node add_ln174_59)   --->   "%mul_ln174_68 = mul i15 %select_ln173_49, i15 %zext_ln173_59_cast" [../cnn_hls.cpp:174]   --->   Operation 874 'mul' 'mul_ln174_68' <Predicate = true> <Delay = 1.05> <CoreInst = "DSP48">   --->   Core 116 'DSP48' <Latency = 3> <II = 1> <Delay = 2.15> <IPBlock> <Opcode : 'add' 'sub' 'mul' 'select'> <InPorts = 0> <OutPorts = 1> <Sync> <CReg>
ST_4 : Operation 875 [1/1] (4.17ns)   --->   "%mul_ln174_69 = mul i13 %select_ln173_48, i13 %zext_ln173_58_cast" [../cnn_hls.cpp:174]   --->   Operation 875 'mul' 'mul_ln174_69' <Predicate = true> <Delay = 4.17> <CoreInst = "Multiplier">   --->   Core 3 'Multiplier' <Latency = 0> <II = 1> <Delay = 4.17> <FuncUnit> <Opcode : 'mul'> <InPorts = 2> <OutPorts = 1>
ST_4 : Operation 876 [1/1] (4.17ns)   --->   "%mul_ln174_70 = mul i15 %select_ln173_47, i15 %zext_ln173_57_cast" [../cnn_hls.cpp:174]   --->   Operation 876 'mul' 'mul_ln174_70' <Predicate = true> <Delay = 4.17> <CoreInst = "Multiplier">   --->   Core 3 'Multiplier' <Latency = 0> <II = 1> <Delay = 4.17> <FuncUnit> <Opcode : 'mul'> <InPorts = 2> <OutPorts = 1>
ST_4 : Operation 877 [2/3] (1.05ns) (grouped into DSP with root node add_ln174_52)   --->   "%mul_ln174_72 = mul i16 %select_ln173_46, i16 %zext_ln173_55_cast" [../cnn_hls.cpp:174]   --->   Operation 877 'mul' 'mul_ln174_72' <Predicate = true> <Delay = 1.05> <CoreInst = "DSP48">   --->   Core 116 'DSP48' <Latency = 3> <II = 1> <Delay = 2.15> <IPBlock> <Opcode : 'add' 'sub' 'mul' 'select'> <InPorts = 0> <OutPorts = 1> <Sync> <CReg>
ST_4 : Operation 878 [1/1] (4.17ns)   --->   "%mul_ln174_73 = mul i16 %select_ln173_45, i16 %zext_ln173_54_cast" [../cnn_hls.cpp:174]   --->   Operation 878 'mul' 'mul_ln174_73' <Predicate = true> <Delay = 4.17> <CoreInst = "Multiplier">   --->   Core 3 'Multiplier' <Latency = 0> <II = 1> <Delay = 4.17> <FuncUnit> <Opcode : 'mul'> <InPorts = 2> <OutPorts = 1>
ST_4 : Operation 879 [3/3] (1.05ns) (grouped into DSP with root node add_ln174_50)   --->   "%mul_ln174_77 = mul i14 %select_ln173_41, i14 %zext_ln173_50_cast" [../cnn_hls.cpp:174]   --->   Operation 879 'mul' 'mul_ln174_77' <Predicate = true> <Delay = 1.05> <CoreInst = "DSP48">   --->   Core 116 'DSP48' <Latency = 3> <II = 1> <Delay = 2.15> <IPBlock> <Opcode : 'add' 'sub' 'mul' 'select'> <InPorts = 0> <OutPorts = 1> <Sync> <CReg>
ST_4 : Operation 880 [2/3] (1.05ns) (grouped into DSP with root node add_ln174_47)   --->   "%mul_ln174_78 = mul i14 %select_ln173_40, i14 %zext_ln173_49_cast" [../cnn_hls.cpp:174]   --->   Operation 880 'mul' 'mul_ln174_78' <Predicate = true> <Delay = 1.05> <CoreInst = "DSP48">   --->   Core 116 'DSP48' <Latency = 3> <II = 1> <Delay = 2.15> <IPBlock> <Opcode : 'add' 'sub' 'mul' 'select'> <InPorts = 0> <OutPorts = 1> <Sync> <CReg>
ST_4 : Operation 881 [1/1] (4.17ns)   --->   "%mul_ln174_81 = mul i14 %select_ln173_38, i14 %zext_ln173_46_cast" [../cnn_hls.cpp:174]   --->   Operation 881 'mul' 'mul_ln174_81' <Predicate = true> <Delay = 4.17> <CoreInst = "Multiplier">   --->   Core 3 'Multiplier' <Latency = 0> <II = 1> <Delay = 4.17> <FuncUnit> <Opcode : 'mul'> <InPorts = 2> <OutPorts = 1>
ST_4 : Operation 882 [1/1] (4.17ns)   --->   "%mul_ln174_82 = mul i16 %select_ln173_37, i16 %zext_ln173_45_cast" [../cnn_hls.cpp:174]   --->   Operation 882 'mul' 'mul_ln174_82' <Predicate = true> <Delay = 4.17> <CoreInst = "Multiplier">   --->   Core 3 'Multiplier' <Latency = 0> <II = 1> <Delay = 4.17> <FuncUnit> <Opcode : 'mul'> <InPorts = 2> <OutPorts = 1>
ST_4 : Operation 883 [1/1] (4.17ns)   --->   "%mul_ln174_83 = mul i15 %select_ln173_36, i15 %zext_ln173_44_cast" [../cnn_hls.cpp:174]   --->   Operation 883 'mul' 'mul_ln174_83' <Predicate = true> <Delay = 4.17> <CoreInst = "Multiplier">   --->   Core 3 'Multiplier' <Latency = 0> <II = 1> <Delay = 4.17> <FuncUnit> <Opcode : 'mul'> <InPorts = 2> <OutPorts = 1>
ST_4 : Operation 884 [1/3] (0.00ns) (grouped into DSP with root node add_ln174_40)   --->   "%mul_ln174_86 = mul i16 %select_ln173_33, i16 %zext_ln173_41_cast" [../cnn_hls.cpp:174]   --->   Operation 884 'mul' 'mul_ln174_86' <Predicate = true> <Delay = 0.00> <CoreInst = "DSP48">   --->   Core 116 'DSP48' <Latency = 3> <II = 1> <Delay = 2.15> <IPBlock> <Opcode : 'add' 'sub' 'mul' 'select'> <InPorts = 0> <OutPorts = 1> <Sync> <CReg>
ST_4 : Operation 885 [1/1] (4.17ns)   --->   "%mul_ln174_87 = mul i16 %select_ln173_32, i16 %zext_ln173_40_cast" [../cnn_hls.cpp:174]   --->   Operation 885 'mul' 'mul_ln174_87' <Predicate = true> <Delay = 4.17> <CoreInst = "Multiplier">   --->   Core 3 'Multiplier' <Latency = 0> <II = 1> <Delay = 4.17> <FuncUnit> <Opcode : 'mul'> <InPorts = 2> <OutPorts = 1>
ST_4 : Operation 886 [1/1] (4.17ns)   --->   "%mul_ln174_88 = mul i15 %select_ln173_31, i15 %zext_ln173_39_cast" [../cnn_hls.cpp:174]   --->   Operation 886 'mul' 'mul_ln174_88' <Predicate = true> <Delay = 4.17> <CoreInst = "Multiplier">   --->   Core 3 'Multiplier' <Latency = 0> <II = 1> <Delay = 4.17> <FuncUnit> <Opcode : 'mul'> <InPorts = 2> <OutPorts = 1>
ST_4 : Operation 887 [2/3] (1.05ns) (grouped into DSP with root node add_ln174_37)   --->   "%mul_ln174_89 = mul i14 %select_ln173_30, i14 %zext_ln173_38_cast" [../cnn_hls.cpp:174]   --->   Operation 887 'mul' 'mul_ln174_89' <Predicate = true> <Delay = 1.05> <CoreInst = "DSP48">   --->   Core 116 'DSP48' <Latency = 3> <II = 1> <Delay = 2.15> <IPBlock> <Opcode : 'add' 'sub' 'mul' 'select'> <InPorts = 0> <OutPorts = 1> <Sync> <CReg>
ST_4 : Operation 888 [1/3] (0.00ns) (grouped into DSP with root node add_ln174_34)   --->   "%mul_ln174_90 = mul i16 %select_ln173_29, i16 %zext_ln173_37_cast" [../cnn_hls.cpp:174]   --->   Operation 888 'mul' 'mul_ln174_90' <Predicate = true> <Delay = 0.00> <CoreInst = "DSP48">   --->   Core 116 'DSP48' <Latency = 3> <II = 1> <Delay = 2.15> <IPBlock> <Opcode : 'add' 'sub' 'mul' 'select'> <InPorts = 0> <OutPorts = 1> <Sync> <CReg>
ST_4 : Operation 889 [1/1] (0.00ns) (grouped into DSP with root node add_ln174_34)   --->   "%sext_ln174_58 = sext i16 %mul_ln174_90" [../cnn_hls.cpp:174]   --->   Operation 889 'sext' 'sext_ln174_58' <Predicate = true> <Delay = 0.00>
ST_4 : Operation 890 [1/1] (0.00ns)   --->   "%sext_ln174_59 = sext i16 %mul_ln174_91" [../cnn_hls.cpp:174]   --->   Operation 890 'sext' 'sext_ln174_59' <Predicate = true> <Delay = 0.00>
ST_4 : Operation 891 [2/3] (1.05ns) (grouped into DSP with root node add_ln174_35)   --->   "%mul_ln174_92 = mul i13 %select_ln173_27, i13 %zext_ln173_35_cast" [../cnn_hls.cpp:174]   --->   Operation 891 'mul' 'mul_ln174_92' <Predicate = true> <Delay = 1.05> <CoreInst = "DSP48">   --->   Core 116 'DSP48' <Latency = 3> <II = 1> <Delay = 2.15> <IPBlock> <Opcode : 'add' 'sub' 'mul' 'select'> <InPorts = 0> <OutPorts = 1> <Sync> <CReg>
ST_4 : Operation 892 [1/3] (0.00ns) (grouped into DSP with root node add_ln174_30)   --->   "%mul_ln174_93 = mul i15 %select_ln173_26, i15 %zext_ln173_34_cast" [../cnn_hls.cpp:174]   --->   Operation 892 'mul' 'mul_ln174_93' <Predicate = true> <Delay = 0.00> <CoreInst = "DSP48">   --->   Core 116 'DSP48' <Latency = 3> <II = 1> <Delay = 2.15> <IPBlock> <Opcode : 'add' 'sub' 'mul' 'select'> <InPorts = 0> <OutPorts = 1> <Sync> <CReg>
ST_4 : Operation 893 [1/1] (0.00ns) (grouped into DSP with root node add_ln174_30)   --->   "%sext_ln174_61 = sext i15 %mul_ln174_93" [../cnn_hls.cpp:174]   --->   Operation 893 'sext' 'sext_ln174_61' <Predicate = true> <Delay = 0.00>
ST_4 : Operation 894 [1/1] (0.00ns)   --->   "%zext_ln174_21 = zext i15 %mul_ln174_94" [../cnn_hls.cpp:174]   --->   Operation 894 'zext' 'zext_ln174_21' <Predicate = true> <Delay = 0.00>
ST_4 : Operation 895 [1/3] (0.00ns) (grouped into DSP with root node add_ln174_28)   --->   "%mul_ln174_96 = mul i16 %select_ln173_23, i16 %zext_ln173_31_cast" [../cnn_hls.cpp:174]   --->   Operation 895 'mul' 'mul_ln174_96' <Predicate = true> <Delay = 0.00> <CoreInst = "DSP48">   --->   Core 116 'DSP48' <Latency = 3> <II = 1> <Delay = 2.15> <IPBlock> <Opcode : 'add' 'sub' 'mul' 'select'> <InPorts = 0> <OutPorts = 1> <Sync> <CReg>
ST_4 : Operation 896 [1/1] (0.00ns) (grouped into DSP with root node add_ln174_28)   --->   "%sext_ln174_62 = sext i16 %mul_ln174_96" [../cnn_hls.cpp:174]   --->   Operation 896 'sext' 'sext_ln174_62' <Predicate = true> <Delay = 0.00>
ST_4 : Operation 897 [1/1] (4.17ns)   --->   "%mul_ln174_200 = mul i16 %zext_ln173_30_cast, i16 126" [../cnn_hls.cpp:174]   --->   Operation 897 'mul' 'mul_ln174_200' <Predicate = (icmp_ln169)> <Delay = 4.17> <CoreInst = "Multiplier">   --->   Core 3 'Multiplier' <Latency = 0> <II = 1> <Delay = 4.17> <FuncUnit> <Opcode : 'mul'> <InPorts = 2> <OutPorts = 1>
ST_4 : Operation 898 [1/1] (4.17ns)   --->   "%mul_ln174_201 = mul i16 %zext_ln173_30_cast, i16 65408" [../cnn_hls.cpp:174]   --->   Operation 898 'mul' 'mul_ln174_201' <Predicate = (!icmp_ln169)> <Delay = 4.17> <CoreInst = "Multiplier">   --->   Core 3 'Multiplier' <Latency = 0> <II = 1> <Delay = 4.17> <FuncUnit> <Opcode : 'mul'> <InPorts = 2> <OutPorts = 1>
ST_4 : Operation 899 [1/1] (0.80ns)   --->   "%select_ln174_12 = select i1 %icmp_ln169, i16 %mul_ln174_200, i16 %mul_ln174_201" [../cnn_hls.cpp:174]   --->   Operation 899 'select' 'select_ln174_12' <Predicate = true> <Delay = 0.80> <CoreInst = "Sel">   --->   Core 73 'Sel' <Latency = 0> <II = 1> <Delay = 0.80> <FuncUnit> <Opcode : 'select'> <InPorts = 3> <OutPorts = 1>
ST_4 : Operation 900 [1/1] (0.00ns)   --->   "%sext_ln174_63 = sext i16 %select_ln174_12" [../cnn_hls.cpp:174]   --->   Operation 900 'sext' 'sext_ln174_63' <Predicate = true> <Delay = 0.00>
ST_4 : Operation 901 [2/3] (1.05ns) (grouped into DSP with root node add_ln174_29)   --->   "%mul_ln174_98 = mul i16 %select_ln173_22, i16 %zext_ln173_29_cast" [../cnn_hls.cpp:174]   --->   Operation 901 'mul' 'mul_ln174_98' <Predicate = true> <Delay = 1.05> <CoreInst = "DSP48">   --->   Core 116 'DSP48' <Latency = 3> <II = 1> <Delay = 2.15> <IPBlock> <Opcode : 'add' 'sub' 'mul' 'select'> <InPorts = 0> <OutPorts = 1> <Sync> <CReg>
ST_4 : Operation 902 [1/3] (0.00ns) (grouped into DSP with root node add_ln174_26)   --->   "%mul_ln174_101 = mul i14 %select_ln173_19, i14 %zext_ln173_26_cast" [../cnn_hls.cpp:174]   --->   Operation 902 'mul' 'mul_ln174_101' <Predicate = true> <Delay = 0.00> <CoreInst = "DSP48">   --->   Core 116 'DSP48' <Latency = 3> <II = 1> <Delay = 2.15> <IPBlock> <Opcode : 'add' 'sub' 'mul' 'select'> <InPorts = 0> <OutPorts = 1> <Sync> <CReg>
ST_4 : Operation 903 [1/1] (0.00ns) (grouped into DSP with root node add_ln174_26)   --->   "%sext_ln174_66 = sext i14 %mul_ln174_101" [../cnn_hls.cpp:174]   --->   Operation 903 'sext' 'sext_ln174_66' <Predicate = true> <Delay = 0.00>
ST_4 : Operation 904 [1/1] (4.17ns)   --->   "%mul_ln174_102 = mul i11 %select_ln173_18, i11 %zext_ln173_25_cast" [../cnn_hls.cpp:174]   --->   Operation 904 'mul' 'mul_ln174_102' <Predicate = true> <Delay = 4.17> <CoreInst = "Multiplier">   --->   Core 3 'Multiplier' <Latency = 0> <II = 1> <Delay = 4.17> <FuncUnit> <Opcode : 'mul'> <InPorts = 2> <OutPorts = 1>
ST_4 : Operation 905 [1/1] (0.00ns)   --->   "%zext_ln174_23 = zext i11 %mul_ln174_102" [../cnn_hls.cpp:174]   --->   Operation 905 'zext' 'zext_ln174_23' <Predicate = true> <Delay = 0.00>
ST_4 : Operation 906 [1/1] (4.17ns)   --->   "%mul_ln174_103 = mul i14 %select_ln173_17, i14 %zext_ln173_24_cast" [../cnn_hls.cpp:174]   --->   Operation 906 'mul' 'mul_ln174_103' <Predicate = true> <Delay = 4.17> <CoreInst = "Multiplier">   --->   Core 3 'Multiplier' <Latency = 0> <II = 1> <Delay = 4.17> <FuncUnit> <Opcode : 'mul'> <InPorts = 2> <OutPorts = 1>
ST_4 : Operation 907 [1/1] (4.17ns)   --->   "%mul_ln174_104 = mul i15 %select_ln173_16, i15 %zext_ln173_23_cast" [../cnn_hls.cpp:174]   --->   Operation 907 'mul' 'mul_ln174_104' <Predicate = true> <Delay = 4.17> <CoreInst = "Multiplier">   --->   Core 3 'Multiplier' <Latency = 0> <II = 1> <Delay = 4.17> <FuncUnit> <Opcode : 'mul'> <InPorts = 2> <OutPorts = 1>
ST_4 : Operation 908 [1/3] (0.00ns) (grouped into DSP with root node add_ln174_19)   --->   "%mul_ln174_107 = mul i16 %select_ln173_13, i16 %zext_ln173_20_cast" [../cnn_hls.cpp:174]   --->   Operation 908 'mul' 'mul_ln174_107' <Predicate = true> <Delay = 0.00> <CoreInst = "DSP48">   --->   Core 116 'DSP48' <Latency = 3> <II = 1> <Delay = 2.15> <IPBlock> <Opcode : 'add' 'sub' 'mul' 'select'> <InPorts = 0> <OutPorts = 1> <Sync> <CReg>
ST_4 : Operation 909 [1/1] (0.00ns) (grouped into DSP with root node add_ln174_19)   --->   "%sext_ln174_68 = sext i16 %mul_ln174_107" [../cnn_hls.cpp:174]   --->   Operation 909 'sext' 'sext_ln174_68' <Predicate = true> <Delay = 0.00>
ST_4 : Operation 910 [1/3] (0.00ns) (grouped into DSP with root node add_ln174_16)   --->   "%mul_ln174_108 = mul i15 %select_ln173_12, i15 %zext_ln173_19_cast" [../cnn_hls.cpp:174]   --->   Operation 910 'mul' 'mul_ln174_108' <Predicate = true> <Delay = 0.00> <CoreInst = "DSP48">   --->   Core 116 'DSP48' <Latency = 3> <II = 1> <Delay = 2.15> <IPBlock> <Opcode : 'add' 'sub' 'mul' 'select'> <InPorts = 0> <OutPorts = 1> <Sync> <CReg>
ST_4 : Operation 911 [1/1] (0.00ns) (grouped into DSP with root node add_ln174_16)   --->   "%sext_ln174_69 = sext i15 %mul_ln174_108" [../cnn_hls.cpp:174]   --->   Operation 911 'sext' 'sext_ln174_69' <Predicate = true> <Delay = 0.00>
ST_4 : Operation 912 [1/1] (4.17ns)   --->   "%mul_ln174_202 = mul i15 %zext_ln173_18_cast, i15 32732" [../cnn_hls.cpp:174]   --->   Operation 912 'mul' 'mul_ln174_202' <Predicate = (icmp_ln169)> <Delay = 4.17> <CoreInst = "Multiplier">   --->   Core 3 'Multiplier' <Latency = 0> <II = 1> <Delay = 4.17> <FuncUnit> <Opcode : 'mul'> <InPorts = 2> <OutPorts = 1>
ST_4 : Operation 913 [1/1] (4.17ns)   --->   "%mul_ln174_203 = mul i15 %zext_ln173_18_cast, i15 32752" [../cnn_hls.cpp:174]   --->   Operation 913 'mul' 'mul_ln174_203' <Predicate = (!icmp_ln169)> <Delay = 4.17> <CoreInst = "Multiplier">   --->   Core 3 'Multiplier' <Latency = 0> <II = 1> <Delay = 4.17> <FuncUnit> <Opcode : 'mul'> <InPorts = 2> <OutPorts = 1>
ST_4 : Operation 914 [1/1] (0.75ns)   --->   "%select_ln174_14 = select i1 %icmp_ln169, i15 %mul_ln174_202, i15 %mul_ln174_203" [../cnn_hls.cpp:174]   --->   Operation 914 'select' 'select_ln174_14' <Predicate = true> <Delay = 0.75> <CoreInst = "Sel">   --->   Core 73 'Sel' <Latency = 0> <II = 1> <Delay = 0.75> <FuncUnit> <Opcode : 'select'> <InPorts = 3> <OutPorts = 1>
ST_4 : Operation 915 [1/1] (0.00ns)   --->   "%sext_ln174_70 = sext i15 %select_ln174_14" [../cnn_hls.cpp:174]   --->   Operation 915 'sext' 'sext_ln174_70' <Predicate = true> <Delay = 0.00>
ST_4 : Operation 916 [1/1] (4.17ns)   --->   "%mul_ln174_110 = mul i16 %zext_ln173_17_cast, i16 65454" [../cnn_hls.cpp:174]   --->   Operation 916 'mul' 'mul_ln174_110' <Predicate = (!icmp_ln169)> <Delay = 4.17> <CoreInst = "Multiplier">   --->   Core 3 'Multiplier' <Latency = 0> <II = 1> <Delay = 4.17> <FuncUnit> <Opcode : 'mul'> <InPorts = 2> <OutPorts = 1>
ST_4 : Operation 917 [1/1] (0.80ns)   --->   "%select_ln174_13 = select i1 %icmp_ln169, i16 %zext_ln173_17_cast, i16 %mul_ln174_110" [../cnn_hls.cpp:174]   --->   Operation 917 'select' 'select_ln174_13' <Predicate = true> <Delay = 0.80> <CoreInst = "Sel">   --->   Core 73 'Sel' <Latency = 0> <II = 1> <Delay = 0.80> <FuncUnit> <Opcode : 'select'> <InPorts = 3> <OutPorts = 1>
ST_4 : Operation 918 [1/1] (4.17ns)   --->   "%mul_ln174_111 = mul i16 %select_ln173_11, i16 %zext_ln173_16_cast" [../cnn_hls.cpp:174]   --->   Operation 918 'mul' 'mul_ln174_111' <Predicate = true> <Delay = 4.17> <CoreInst = "Multiplier">   --->   Core 3 'Multiplier' <Latency = 0> <II = 1> <Delay = 4.17> <FuncUnit> <Opcode : 'mul'> <InPorts = 2> <OutPorts = 1>
ST_4 : Operation 919 [1/1] (4.17ns)   --->   "%mul_ln174_112 = mul i14 %select_ln173_10, i14 %zext_ln173_15_cast" [../cnn_hls.cpp:174]   --->   Operation 919 'mul' 'mul_ln174_112' <Predicate = true> <Delay = 4.17> <CoreInst = "Multiplier">   --->   Core 3 'Multiplier' <Latency = 0> <II = 1> <Delay = 4.17> <FuncUnit> <Opcode : 'mul'> <InPorts = 2> <OutPorts = 1>
ST_4 : Operation 920 [1/1] (4.17ns)   --->   "%mul_ln174_113 = mul i14 %select_ln173_9, i14 %zext_ln173_14_cast" [../cnn_hls.cpp:174]   --->   Operation 920 'mul' 'mul_ln174_113' <Predicate = true> <Delay = 4.17> <CoreInst = "Multiplier">   --->   Core 3 'Multiplier' <Latency = 0> <II = 1> <Delay = 4.17> <FuncUnit> <Opcode : 'mul'> <InPorts = 2> <OutPorts = 1>
ST_4 : Operation 921 [1/3] (0.00ns) (grouped into DSP with root node add_ln174_11)   --->   "%mul_ln174_114 = mul i16 %select_ln173_8, i16 %zext_ln173_13_cast" [../cnn_hls.cpp:174]   --->   Operation 921 'mul' 'mul_ln174_114' <Predicate = true> <Delay = 0.00> <CoreInst = "DSP48">   --->   Core 116 'DSP48' <Latency = 3> <II = 1> <Delay = 2.15> <IPBlock> <Opcode : 'add' 'sub' 'mul' 'select'> <InPorts = 0> <OutPorts = 1> <Sync> <CReg>
ST_4 : Operation 922 [1/1] (4.17ns)   --->   "%mul_ln174_204 = mul i14 %zext_ln173_12_cast, i14 16368" [../cnn_hls.cpp:174]   --->   Operation 922 'mul' 'mul_ln174_204' <Predicate = (icmp_ln169)> <Delay = 4.17> <CoreInst = "Multiplier">   --->   Core 3 'Multiplier' <Latency = 0> <II = 1> <Delay = 4.17> <FuncUnit> <Opcode : 'mul'> <InPorts = 2> <OutPorts = 1>
ST_4 : Operation 923 [1/1] (4.17ns)   --->   "%mul_ln174_205 = mul i14 %zext_ln173_12_cast, i14 24" [../cnn_hls.cpp:174]   --->   Operation 923 'mul' 'mul_ln174_205' <Predicate = (!icmp_ln169)> <Delay = 4.17> <CoreInst = "Multiplier">   --->   Core 3 'Multiplier' <Latency = 0> <II = 1> <Delay = 4.17> <FuncUnit> <Opcode : 'mul'> <InPorts = 2> <OutPorts = 1>
ST_4 : Operation 924 [1/1] (0.70ns)   --->   "%select_ln174_17 = select i1 %icmp_ln169, i14 %mul_ln174_204, i14 %mul_ln174_205" [../cnn_hls.cpp:174]   --->   Operation 924 'select' 'select_ln174_17' <Predicate = true> <Delay = 0.70> <CoreInst = "Sel">   --->   Core 73 'Sel' <Latency = 0> <II = 1> <Delay = 0.70> <FuncUnit> <Opcode : 'select'> <InPorts = 3> <OutPorts = 1>
ST_4 : Operation 925 [1/1] (0.00ns)   --->   "%sext_ln174_73 = sext i14 %select_ln174_17" [../cnn_hls.cpp:174]   --->   Operation 925 'sext' 'sext_ln174_73' <Predicate = true> <Delay = 0.00>
ST_4 : Operation 926 [2/3] (1.05ns) (grouped into DSP with root node add_ln174_12)   --->   "%mul_ln174_116 = mul i14 %select_ln173_7, i14 %zext_ln173_11_cast" [../cnn_hls.cpp:174]   --->   Operation 926 'mul' 'mul_ln174_116' <Predicate = true> <Delay = 1.05> <CoreInst = "DSP48">   --->   Core 116 'DSP48' <Latency = 3> <II = 1> <Delay = 2.15> <IPBlock> <Opcode : 'add' 'sub' 'mul' 'select'> <InPorts = 0> <OutPorts = 1> <Sync> <CReg>
ST_4 : Operation 927 [2/3] (1.05ns) (grouped into DSP with root node add_ln174_7)   --->   "%mul_ln174_118 = mul i12 %select_ln173_5, i12 %zext_ln173_9_cast" [../cnn_hls.cpp:174]   --->   Operation 927 'mul' 'mul_ln174_118' <Predicate = true> <Delay = 1.05> <CoreInst = "DSP48">   --->   Core 116 'DSP48' <Latency = 3> <II = 1> <Delay = 2.15> <IPBlock> <Opcode : 'add' 'sub' 'mul' 'select'> <InPorts = 0> <OutPorts = 1> <Sync> <CReg>
ST_4 : Operation 928 [1/1] (4.17ns)   --->   "%mul_ln174_120 = mul i16 %select_ln173_4, i16 %zext_ln173_7_cast" [../cnn_hls.cpp:174]   --->   Operation 928 'mul' 'mul_ln174_120' <Predicate = true> <Delay = 4.17> <CoreInst = "Multiplier">   --->   Core 3 'Multiplier' <Latency = 0> <II = 1> <Delay = 4.17> <FuncUnit> <Opcode : 'mul'> <InPorts = 2> <OutPorts = 1>
ST_4 : Operation 929 [2/3] (1.05ns) (grouped into DSP with root node add_ln174_5)   --->   "%mul_ln174_121 = mul i15 %select_ln173_3, i15 %zext_ln173_6_cast" [../cnn_hls.cpp:174]   --->   Operation 929 'mul' 'mul_ln174_121' <Predicate = true> <Delay = 1.05> <CoreInst = "DSP48">   --->   Core 116 'DSP48' <Latency = 3> <II = 1> <Delay = 2.15> <IPBlock> <Opcode : 'add' 'sub' 'mul' 'select'> <InPorts = 0> <OutPorts = 1> <Sync> <CReg>
ST_4 : Operation 930 [1/1] (4.17ns)   --->   "%mul_ln174_123 = mul i14 %select_ln173_2, i14 %zext_ln173_4_cast" [../cnn_hls.cpp:174]   --->   Operation 930 'mul' 'mul_ln174_123' <Predicate = true> <Delay = 4.17> <CoreInst = "Multiplier">   --->   Core 3 'Multiplier' <Latency = 0> <II = 1> <Delay = 4.17> <FuncUnit> <Opcode : 'mul'> <InPorts = 2> <OutPorts = 1>
ST_4 : Operation 931 [1/1] (0.00ns) (grouped into LUT with out node add_ln174_2)   --->   "%zext_ln174_30 = zext i14 %mul_ln174_123" [../cnn_hls.cpp:174]   --->   Operation 931 'zext' 'zext_ln174_30' <Predicate = true> <Delay = 0.00>
ST_4 : Operation 932 [1/1] (4.17ns)   --->   "%mul_ln174_206 = mul i15 %zext_ln173_3_cast, i15 32738" [../cnn_hls.cpp:174]   --->   Operation 932 'mul' 'mul_ln174_206' <Predicate = (icmp_ln169)> <Delay = 4.17> <CoreInst = "Multiplier">   --->   Core 3 'Multiplier' <Latency = 0> <II = 1> <Delay = 4.17> <FuncUnit> <Opcode : 'mul'> <InPorts = 2> <OutPorts = 1>
ST_4 : Operation 933 [1/1] (4.17ns)   --->   "%mul_ln174_207 = mul i15 %zext_ln173_3_cast, i15 32704" [../cnn_hls.cpp:174]   --->   Operation 933 'mul' 'mul_ln174_207' <Predicate = (!icmp_ln169)> <Delay = 4.17> <CoreInst = "Multiplier">   --->   Core 3 'Multiplier' <Latency = 0> <II = 1> <Delay = 4.17> <FuncUnit> <Opcode : 'mul'> <InPorts = 2> <OutPorts = 1>
ST_4 : Operation 934 [1/1] (0.00ns) (grouped into LUT with out node add_ln174_2)   --->   "%select_ln174_19 = select i1 %icmp_ln169, i15 %mul_ln174_206, i15 %mul_ln174_207" [../cnn_hls.cpp:174]   --->   Operation 934 'select' 'select_ln174_19' <Predicate = true> <Delay = 0.00> <CoreInst = "Sel">   --->   Core 73 'Sel' <Latency = 0> <II = 1> <Delay = 0.75> <FuncUnit> <Opcode : 'select'> <InPorts = 3> <OutPorts = 1>
ST_4 : Operation 935 [2/3] (1.05ns) (grouped into DSP with root node add_ln174_3)   --->   "%mul_ln174_125 = mul i14 %select_ln173_1, i14 %zext_ln173_2_cast" [../cnn_hls.cpp:174]   --->   Operation 935 'mul' 'mul_ln174_125' <Predicate = true> <Delay = 1.05> <CoreInst = "DSP48">   --->   Core 116 'DSP48' <Latency = 3> <II = 1> <Delay = 2.15> <IPBlock> <Opcode : 'add' 'sub' 'mul' 'select'> <InPorts = 0> <OutPorts = 1> <Sync> <CReg>
ST_4 : Operation 936 [1/1] (0.00ns)   --->   "%zext_ln174_32 = zext i15 %mul_ln174_128" [../cnn_hls.cpp:174]   --->   Operation 936 'zext' 'zext_ln174_32' <Predicate = true> <Delay = 0.00>
ST_4 : Operation 937 [1/3] (0.00ns) (grouped into DSP with root node add_ln174_183)   --->   "%mul_ln174_129 = mul i14 %select_ln174, i14 %zext_ln173_190_cast" [../cnn_hls.cpp:174]   --->   Operation 937 'mul' 'mul_ln174_129' <Predicate = true> <Delay = 0.00> <CoreInst = "DSP48">   --->   Core 116 'DSP48' <Latency = 3> <II = 1> <Delay = 2.15> <IPBlock> <Opcode : 'add' 'sub' 'mul' 'select'> <InPorts = 0> <OutPorts = 1> <Sync> <CReg>
ST_4 : Operation 938 [1/1] (0.00ns) (grouped into DSP with root node add_ln174_183)   --->   "%sext_ln174_83 = sext i14 %mul_ln174_129" [../cnn_hls.cpp:174]   --->   Operation 938 'sext' 'sext_ln174_83' <Predicate = true> <Delay = 0.00>
ST_4 : Operation 939 [2/3] (1.05ns) (grouped into DSP with root node add_ln174_184)   --->   "%mul_ln174_130 = mul i15 %select_ln173_158, i15 %zext_ln173_189_cast" [../cnn_hls.cpp:174]   --->   Operation 939 'mul' 'mul_ln174_130' <Predicate = true> <Delay = 1.05> <CoreInst = "DSP48">   --->   Core 116 'DSP48' <Latency = 3> <II = 1> <Delay = 2.15> <IPBlock> <Opcode : 'add' 'sub' 'mul' 'select'> <InPorts = 0> <OutPorts = 1> <Sync> <CReg>
ST_4 : Operation 940 [1/1] (4.17ns)   --->   "%mul_ln174_131 = mul i15 %zext_ln173_188_cast, i15 125" [../cnn_hls.cpp:174]   --->   Operation 940 'mul' 'mul_ln174_131' <Predicate = (icmp_ln169)> <Delay = 4.17> <CoreInst = "Multiplier">   --->   Core 3 'Multiplier' <Latency = 0> <II = 1> <Delay = 4.17> <FuncUnit> <Opcode : 'mul'> <InPorts = 2> <OutPorts = 1>
ST_4 : Operation 941 [1/1] (0.75ns)   --->   "%select_ln174_20 = select i1 %icmp_ln169, i15 %mul_ln174_131, i15 0" [../cnn_hls.cpp:174]   --->   Operation 941 'select' 'select_ln174_20' <Predicate = true> <Delay = 0.75> <CoreInst = "Sel">   --->   Core 73 'Sel' <Latency = 0> <II = 1> <Delay = 0.75> <FuncUnit> <Opcode : 'select'> <InPorts = 3> <OutPorts = 1>
ST_4 : Operation 942 [1/1] (0.00ns)   --->   "%zext_ln174_33 = zext i15 %select_ln174_20" [../cnn_hls.cpp:174]   --->   Operation 942 'zext' 'zext_ln174_33' <Predicate = true> <Delay = 0.00>
ST_4 : Operation 943 [1/3] (0.00ns) (grouped into DSP with root node add_ln174_181)   --->   "%mul_ln174_132 = mul i16 %select_ln173_157, i16 %zext_ln173_187_cast" [../cnn_hls.cpp:174]   --->   Operation 943 'mul' 'mul_ln174_132' <Predicate = true> <Delay = 0.00> <CoreInst = "DSP48">   --->   Core 116 'DSP48' <Latency = 3> <II = 1> <Delay = 2.15> <IPBlock> <Opcode : 'add' 'sub' 'mul' 'select'> <InPorts = 0> <OutPorts = 1> <Sync> <CReg>
ST_4 : Operation 944 [1/1] (0.00ns) (grouped into DSP with root node add_ln174_181)   --->   "%sext_ln174_85 = sext i16 %mul_ln174_132" [../cnn_hls.cpp:174]   --->   Operation 944 'sext' 'sext_ln174_85' <Predicate = true> <Delay = 0.00>
ST_4 : Operation 945 [2/3] (1.05ns) (grouped into DSP with root node add_ln174_182)   --->   "%mul_ln174_133 = mul i15 %select_ln173_156, i15 %zext_ln173_186_cast" [../cnn_hls.cpp:174]   --->   Operation 945 'mul' 'mul_ln174_133' <Predicate = true> <Delay = 1.05> <CoreInst = "DSP48">   --->   Core 116 'DSP48' <Latency = 3> <II = 1> <Delay = 2.15> <IPBlock> <Opcode : 'add' 'sub' 'mul' 'select'> <InPorts = 0> <OutPorts = 1> <Sync> <CReg>
ST_4 : Operation 946 [1/3] (0.00ns) (grouped into DSP with root node add_ln174_178)   --->   "%mul_ln174_134 = mul i16 %select_ln173_155, i16 %zext_ln173_185_cast" [../cnn_hls.cpp:174]   --->   Operation 946 'mul' 'mul_ln174_134' <Predicate = true> <Delay = 0.00> <CoreInst = "DSP48">   --->   Core 116 'DSP48' <Latency = 3> <II = 1> <Delay = 2.15> <IPBlock> <Opcode : 'add' 'sub' 'mul' 'select'> <InPorts = 0> <OutPorts = 1> <Sync> <CReg>
ST_4 : Operation 947 [1/1] (4.17ns)   --->   "%mul_ln174_210 = mul i16 %zext_ln173_184_cast, i16 65468" [../cnn_hls.cpp:174]   --->   Operation 947 'mul' 'mul_ln174_210' <Predicate = (icmp_ln169)> <Delay = 4.17> <CoreInst = "Multiplier">   --->   Core 3 'Multiplier' <Latency = 0> <II = 1> <Delay = 4.17> <FuncUnit> <Opcode : 'mul'> <InPorts = 2> <OutPorts = 1>
ST_4 : Operation 948 [1/1] (4.17ns)   --->   "%mul_ln174_211 = mul i16 %zext_ln173_184_cast, i16 65534" [../cnn_hls.cpp:174]   --->   Operation 948 'mul' 'mul_ln174_211' <Predicate = (!icmp_ln169)> <Delay = 4.17> <CoreInst = "Multiplier">   --->   Core 3 'Multiplier' <Latency = 0> <II = 1> <Delay = 4.17> <FuncUnit> <Opcode : 'mul'> <InPorts = 2> <OutPorts = 1>
ST_4 : Operation 949 [1/1] (0.80ns)   --->   "%select_ln174_22 = select i1 %icmp_ln169, i16 %mul_ln174_210, i16 %mul_ln174_211" [../cnn_hls.cpp:174]   --->   Operation 949 'select' 'select_ln174_22' <Predicate = true> <Delay = 0.80> <CoreInst = "Sel">   --->   Core 73 'Sel' <Latency = 0> <II = 1> <Delay = 0.80> <FuncUnit> <Opcode : 'select'> <InPorts = 3> <OutPorts = 1>
ST_4 : Operation 950 [1/1] (4.17ns)   --->   "%mul_ln174_212 = mul i15 %zext_ln173_183_cast, i15 32716" [../cnn_hls.cpp:174]   --->   Operation 950 'mul' 'mul_ln174_212' <Predicate = (icmp_ln169)> <Delay = 4.17> <CoreInst = "Multiplier">   --->   Core 3 'Multiplier' <Latency = 0> <II = 1> <Delay = 4.17> <FuncUnit> <Opcode : 'mul'> <InPorts = 2> <OutPorts = 1>
ST_4 : Operation 951 [1/1] (4.17ns)   --->   "%mul_ln174_213 = mul i15 %zext_ln173_183_cast, i15 32766" [../cnn_hls.cpp:174]   --->   Operation 951 'mul' 'mul_ln174_213' <Predicate = (!icmp_ln169)> <Delay = 4.17> <CoreInst = "Multiplier">   --->   Core 3 'Multiplier' <Latency = 0> <II = 1> <Delay = 4.17> <FuncUnit> <Opcode : 'mul'> <InPorts = 2> <OutPorts = 1>
ST_4 : Operation 952 [1/1] (0.75ns)   --->   "%select_ln174_24 = select i1 %icmp_ln169, i15 %mul_ln174_212, i15 %mul_ln174_213" [../cnn_hls.cpp:174]   --->   Operation 952 'select' 'select_ln174_24' <Predicate = true> <Delay = 0.75> <CoreInst = "Sel">   --->   Core 73 'Sel' <Latency = 0> <II = 1> <Delay = 0.75> <FuncUnit> <Opcode : 'select'> <InPorts = 3> <OutPorts = 1>
ST_4 : Operation 953 [1/3] (0.00ns) (grouped into DSP with root node add_ln174_177)   --->   "%mul_ln174_139 = mul i15 %select_ln173_152, i15 %zext_ln173_180_cast" [../cnn_hls.cpp:174]   --->   Operation 953 'mul' 'mul_ln174_139' <Predicate = true> <Delay = 0.00> <CoreInst = "DSP48">   --->   Core 116 'DSP48' <Latency = 3> <II = 1> <Delay = 2.15> <IPBlock> <Opcode : 'add' 'sub' 'mul' 'select'> <InPorts = 0> <OutPorts = 1> <Sync> <CReg>
ST_4 : Operation 954 [1/1] (0.00ns) (grouped into DSP with root node add_ln174_177)   --->   "%sext_ln174_89 = sext i15 %mul_ln174_139" [../cnn_hls.cpp:174]   --->   Operation 954 'sext' 'sext_ln174_89' <Predicate = true> <Delay = 0.00>
ST_4 : Operation 955 [1/1] (4.17ns)   --->   "%mul_ln174_140 = mul i15 %select_ln173_151, i15 %zext_ln173_179_cast" [../cnn_hls.cpp:174]   --->   Operation 955 'mul' 'mul_ln174_140' <Predicate = true> <Delay = 4.17> <CoreInst = "Multiplier">   --->   Core 3 'Multiplier' <Latency = 0> <II = 1> <Delay = 4.17> <FuncUnit> <Opcode : 'mul'> <InPorts = 2> <OutPorts = 1>
ST_4 : Operation 956 [1/3] (0.00ns) (grouped into DSP with root node add_ln174_172)   --->   "%mul_ln174_141 = mul i14 %select_ln173_150, i14 %zext_ln173_178_cast" [../cnn_hls.cpp:174]   --->   Operation 956 'mul' 'mul_ln174_141' <Predicate = true> <Delay = 0.00> <CoreInst = "DSP48">   --->   Core 116 'DSP48' <Latency = 3> <II = 1> <Delay = 2.15> <IPBlock> <Opcode : 'add' 'sub' 'mul' 'select'> <InPorts = 0> <OutPorts = 1> <Sync> <CReg>
ST_4 : Operation 957 [1/1] (0.00ns) (grouped into DSP with root node add_ln174_172)   --->   "%sext_ln174_90 = sext i14 %mul_ln174_141" [../cnn_hls.cpp:174]   --->   Operation 957 'sext' 'sext_ln174_90' <Predicate = true> <Delay = 0.00>
ST_4 : Operation 958 [2/3] (1.05ns) (grouped into DSP with root node add_ln174_173)   --->   "%mul_ln174_142 = mul i16 %select_ln173_149, i16 %zext_ln173_177_cast" [../cnn_hls.cpp:174]   --->   Operation 958 'mul' 'mul_ln174_142' <Predicate = true> <Delay = 1.05> <CoreInst = "DSP48">   --->   Core 116 'DSP48' <Latency = 3> <II = 1> <Delay = 2.15> <IPBlock> <Opcode : 'add' 'sub' 'mul' 'select'> <InPorts = 0> <OutPorts = 1> <Sync> <CReg>
ST_4 : Operation 959 [1/3] (0.00ns) (grouped into DSP with root node add_ln174_170)   --->   "%mul_ln174_143 = mul i15 %select_ln173_148, i15 %zext_ln173_176_cast" [../cnn_hls.cpp:174]   --->   Operation 959 'mul' 'mul_ln174_143' <Predicate = true> <Delay = 0.00> <CoreInst = "DSP48">   --->   Core 116 'DSP48' <Latency = 3> <II = 1> <Delay = 2.15> <IPBlock> <Opcode : 'add' 'sub' 'mul' 'select'> <InPorts = 0> <OutPorts = 1> <Sync> <CReg>
ST_4 : Operation 960 [1/1] (0.00ns) (grouped into DSP with root node add_ln174_170)   --->   "%sext_ln174_92 = sext i15 %mul_ln174_143" [../cnn_hls.cpp:174]   --->   Operation 960 'sext' 'sext_ln174_92' <Predicate = true> <Delay = 0.00>
ST_4 : Operation 961 [1/1] (0.00ns)   --->   "%sext_ln174_93 = sext i16 %mul_ln174_144" [../cnn_hls.cpp:174]   --->   Operation 961 'sext' 'sext_ln174_93' <Predicate = true> <Delay = 0.00>
ST_4 : Operation 962 [2/3] (1.05ns) (grouped into DSP with root node add_ln174_171)   --->   "%mul_ln174_145 = mul i15 %select_ln173_146, i15 %zext_ln173_174_cast" [../cnn_hls.cpp:174]   --->   Operation 962 'mul' 'mul_ln174_145' <Predicate = true> <Delay = 1.05> <CoreInst = "DSP48">   --->   Core 116 'DSP48' <Latency = 3> <II = 1> <Delay = 2.15> <IPBlock> <Opcode : 'add' 'sub' 'mul' 'select'> <InPorts = 0> <OutPorts = 1> <Sync> <CReg>
ST_4 : Operation 963 [1/3] (0.00ns) (grouped into DSP with root node add_ln174_167)   --->   "%mul_ln174_146 = mul i15 %select_ln173_145, i15 %zext_ln173_173_cast" [../cnn_hls.cpp:174]   --->   Operation 963 'mul' 'mul_ln174_146' <Predicate = true> <Delay = 0.00> <CoreInst = "DSP48">   --->   Core 116 'DSP48' <Latency = 3> <II = 1> <Delay = 2.15> <IPBlock> <Opcode : 'add' 'sub' 'mul' 'select'> <InPorts = 0> <OutPorts = 1> <Sync> <CReg>
ST_4 : Operation 964 [1/1] (0.00ns) (grouped into DSP with root node add_ln174_167)   --->   "%sext_ln174_95 = sext i15 %mul_ln174_146" [../cnn_hls.cpp:174]   --->   Operation 964 'sext' 'sext_ln174_95' <Predicate = true> <Delay = 0.00>
ST_4 : Operation 965 [2/3] (1.05ns) (grouped into DSP with root node add_ln174_168)   --->   "%mul_ln174_148 = mul i16 %select_ln173_143, i16 %zext_ln173_171_cast" [../cnn_hls.cpp:174]   --->   Operation 965 'mul' 'mul_ln174_148' <Predicate = true> <Delay = 1.05> <CoreInst = "DSP48">   --->   Core 116 'DSP48' <Latency = 3> <II = 1> <Delay = 2.15> <IPBlock> <Opcode : 'add' 'sub' 'mul' 'select'> <InPorts = 0> <OutPorts = 1> <Sync> <CReg>
ST_4 : Operation 966 [1/1] (1.91ns)   --->   "%sub_ln174 = sub i9 0, i9 %zext_ln173_170_cast" [../cnn_hls.cpp:174]   --->   Operation 966 'sub' 'sub_ln174' <Predicate = (icmp_ln169)> <Delay = 1.91> <CoreInst = "Adder">   --->   Core 1 'Adder' <Latency = 0> <II = 1> <Delay = 1.91> <FuncUnit> <Opcode : 'add' 'sub'> <InPorts = 2> <OutPorts = 1>
ST_4 : Operation 967 [1/1] (0.00ns)   --->   "%sext_ln174_97 = sext i9 %sub_ln174" [../cnn_hls.cpp:174]   --->   Operation 967 'sext' 'sext_ln174_97' <Predicate = (icmp_ln169)> <Delay = 0.00>
ST_4 : Operation 968 [1/1] (4.17ns)   --->   "%mul_ln174_149 = mul i13 %zext_ln173_169_cast, i13 26" [../cnn_hls.cpp:174]   --->   Operation 968 'mul' 'mul_ln174_149' <Predicate = (!icmp_ln169)> <Delay = 4.17> <CoreInst = "Multiplier">   --->   Core 3 'Multiplier' <Latency = 0> <II = 1> <Delay = 4.17> <FuncUnit> <Opcode : 'mul'> <InPorts = 2> <OutPorts = 1>
ST_4 : Operation 969 [1/1] (0.00ns)   --->   "%zext_ln174_35 = zext i13 %mul_ln174_149" [../cnn_hls.cpp:174]   --->   Operation 969 'zext' 'zext_ln174_35' <Predicate = (!icmp_ln169)> <Delay = 0.00>
ST_4 : Operation 970 [1/1] (0.69ns)   --->   "%select_ln174_23 = select i1 %icmp_ln169, i14 %sext_ln174_97, i14 %zext_ln174_35" [../cnn_hls.cpp:174]   --->   Operation 970 'select' 'select_ln174_23' <Predicate = true> <Delay = 0.69> <CoreInst = "Sel">   --->   Core 73 'Sel' <Latency = 0> <II = 1> <Delay = 0.69> <FuncUnit> <Opcode : 'select'> <InPorts = 3> <OutPorts = 1>
ST_4 : Operation 971 [1/1] (0.00ns)   --->   "%sext_ln174_98 = sext i14 %select_ln174_23" [../cnn_hls.cpp:174]   --->   Operation 971 'sext' 'sext_ln174_98' <Predicate = true> <Delay = 0.00>
ST_4 : Operation 972 [1/3] (0.00ns) (grouped into DSP with root node add_ln174_165)   --->   "%mul_ln174_150 = mul i16 %select_ln173_142, i16 %zext_ln173_168_cast" [../cnn_hls.cpp:174]   --->   Operation 972 'mul' 'mul_ln174_150' <Predicate = true> <Delay = 0.00> <CoreInst = "DSP48">   --->   Core 116 'DSP48' <Latency = 3> <II = 1> <Delay = 2.15> <IPBlock> <Opcode : 'add' 'sub' 'mul' 'select'> <InPorts = 0> <OutPorts = 1> <Sync> <CReg>
ST_4 : Operation 973 [1/1] (0.00ns)   --->   "%zext_ln174_37 = zext i14 %mul_ln174_154" [../cnn_hls.cpp:174]   --->   Operation 973 'zext' 'zext_ln174_37' <Predicate = true> <Delay = 0.00>
ST_4 : Operation 974 [1/1] (0.00ns)   --->   "%zext_ln174_38 = zext i12 %mul_ln174_156" [../cnn_hls.cpp:174]   --->   Operation 974 'zext' 'zext_ln174_38' <Predicate = true> <Delay = 0.00>
ST_4 : Operation 975 [1/1] (0.00ns)   --->   "%zext_ln174_39 = zext i13 %mul_ln174_157" [../cnn_hls.cpp:174]   --->   Operation 975 'zext' 'zext_ln174_39' <Predicate = true> <Delay = 0.00>
ST_4 : Operation 976 [1/3] (0.00ns) (grouped into DSP with root node add_ln174_156)   --->   "%mul_ln174_160 = mul i13 %zext_ln173_158_cast, i13 23" [../cnn_hls.cpp:174]   --->   Operation 976 'mul' 'mul_ln174_160' <Predicate = true> <Delay = 0.00> <CoreInst = "DSP48">   --->   Core 116 'DSP48' <Latency = 3> <II = 1> <Delay = 2.15> <IPBlock> <Opcode : 'add' 'sub' 'mul' 'select'> <InPorts = 0> <OutPorts = 1> <Sync> <CReg>
ST_4 : Operation 977 [1/1] (0.00ns) (grouped into DSP with root node add_ln174_156)   --->   "%zext_ln174_40 = zext i13 %mul_ln174_160" [../cnn_hls.cpp:174]   --->   Operation 977 'zext' 'zext_ln174_40' <Predicate = true> <Delay = 0.00>
ST_4 : Operation 978 [1/3] (0.00ns) (grouped into DSP with root node add_ln174_154)   --->   "%mul_ln174_163 = mul i15 %select_ln173_131, i15 %zext_ln173_155_cast" [../cnn_hls.cpp:174]   --->   Operation 978 'mul' 'mul_ln174_163' <Predicate = true> <Delay = 0.00> <CoreInst = "DSP48">   --->   Core 116 'DSP48' <Latency = 3> <II = 1> <Delay = 2.15> <IPBlock> <Opcode : 'add' 'sub' 'mul' 'select'> <InPorts = 0> <OutPorts = 1> <Sync> <CReg>
ST_4 : Operation 979 [1/1] (0.00ns) (grouped into DSP with root node add_ln174_154)   --->   "%sext_ln174_103 = sext i15 %mul_ln174_163" [../cnn_hls.cpp:174]   --->   Operation 979 'sext' 'sext_ln174_103' <Predicate = true> <Delay = 0.00>
ST_4 : Operation 980 [1/1] (4.17ns)   --->   "%mul_ln174_216 = mul i15 %zext_ln173_152_cast, i15 35" [../cnn_hls.cpp:174]   --->   Operation 980 'mul' 'mul_ln174_216' <Predicate = (icmp_ln169)> <Delay = 4.17> <CoreInst = "Multiplier">   --->   Core 3 'Multiplier' <Latency = 0> <II = 1> <Delay = 4.17> <FuncUnit> <Opcode : 'mul'> <InPorts = 2> <OutPorts = 1>
ST_4 : Operation 981 [1/1] (4.17ns)   --->   "%mul_ln174_217 = mul i15 %zext_ln173_152_cast, i15 32760" [../cnn_hls.cpp:174]   --->   Operation 981 'mul' 'mul_ln174_217' <Predicate = (!icmp_ln169)> <Delay = 4.17> <CoreInst = "Multiplier">   --->   Core 3 'Multiplier' <Latency = 0> <II = 1> <Delay = 4.17> <FuncUnit> <Opcode : 'mul'> <InPorts = 2> <OutPorts = 1>
ST_4 : Operation 982 [1/1] (0.00ns) (grouped into LUT with out node add_ln174_150)   --->   "%select_ln174_27 = select i1 %icmp_ln169, i15 %mul_ln174_216, i15 %mul_ln174_217" [../cnn_hls.cpp:174]   --->   Operation 982 'select' 'select_ln174_27' <Predicate = true> <Delay = 0.00> <CoreInst = "Sel">   --->   Core 73 'Sel' <Latency = 0> <II = 1> <Delay = 0.75> <FuncUnit> <Opcode : 'select'> <InPorts = 3> <OutPorts = 1>
ST_4 : Operation 983 [1/1] (0.00ns) (grouped into LUT with out node add_ln174_150)   --->   "%sext_ln174_105 = sext i15 %select_ln174_27" [../cnn_hls.cpp:174]   --->   Operation 983 'sext' 'sext_ln174_105' <Predicate = true> <Delay = 0.00>
ST_4 : Operation 984 [1/1] (4.17ns)   --->   "%mul_ln174_167 = mul i16 %select_ln173_128, i16 %zext_ln173_151_cast" [../cnn_hls.cpp:174]   --->   Operation 984 'mul' 'mul_ln174_167' <Predicate = true> <Delay = 4.17> <CoreInst = "Multiplier">   --->   Core 3 'Multiplier' <Latency = 0> <II = 1> <Delay = 4.17> <FuncUnit> <Opcode : 'mul'> <InPorts = 2> <OutPorts = 1>
ST_4 : Operation 985 [1/1] (4.17ns)   --->   "%mul_ln174_168 = mul i14 %select_ln173_127, i14 %zext_ln173_150_cast" [../cnn_hls.cpp:174]   --->   Operation 985 'mul' 'mul_ln174_168' <Predicate = true> <Delay = 4.17> <CoreInst = "Multiplier">   --->   Core 3 'Multiplier' <Latency = 0> <II = 1> <Delay = 4.17> <FuncUnit> <Opcode : 'mul'> <InPorts = 2> <OutPorts = 1>
ST_4 : Operation 986 [1/1] (4.17ns)   --->   "%mul_ln174_169 = mul i15 %select_ln173_126, i15 %zext_ln173_149_cast" [../cnn_hls.cpp:174]   --->   Operation 986 'mul' 'mul_ln174_169' <Predicate = true> <Delay = 4.17> <CoreInst = "Multiplier">   --->   Core 3 'Multiplier' <Latency = 0> <II = 1> <Delay = 4.17> <FuncUnit> <Opcode : 'mul'> <InPorts = 2> <OutPorts = 1>
ST_4 : Operation 987 [1/3] (0.00ns) (grouped into DSP with root node add_ln174_145)   --->   "%mul_ln174_172 = mul i16 %select_ln173_124, i16 %zext_ln173_146_cast" [../cnn_hls.cpp:174]   --->   Operation 987 'mul' 'mul_ln174_172' <Predicate = true> <Delay = 0.00> <CoreInst = "DSP48">   --->   Core 116 'DSP48' <Latency = 3> <II = 1> <Delay = 2.15> <IPBlock> <Opcode : 'add' 'sub' 'mul' 'select'> <InPorts = 0> <OutPorts = 1> <Sync> <CReg>
ST_4 : Operation 988 [1/1] (0.00ns) (grouped into DSP with root node add_ln174_145)   --->   "%sext_ln174_106 = sext i16 %mul_ln174_172" [../cnn_hls.cpp:174]   --->   Operation 988 'sext' 'sext_ln174_106' <Predicate = true> <Delay = 0.00>
ST_4 : Operation 989 [1/3] (0.00ns) (grouped into DSP with root node add_ln174_142)   --->   "%mul_ln174_173 = mul i15 %select_ln173_123, i15 %zext_ln173_145_cast" [../cnn_hls.cpp:174]   --->   Operation 989 'mul' 'mul_ln174_173' <Predicate = true> <Delay = 0.00> <CoreInst = "DSP48">   --->   Core 116 'DSP48' <Latency = 3> <II = 1> <Delay = 2.15> <IPBlock> <Opcode : 'add' 'sub' 'mul' 'select'> <InPorts = 0> <OutPorts = 1> <Sync> <CReg>
ST_4 : Operation 990 [1/1] (0.00ns) (grouped into DSP with root node add_ln174_142)   --->   "%sext_ln174_107 = sext i15 %mul_ln174_173" [../cnn_hls.cpp:174]   --->   Operation 990 'sext' 'sext_ln174_107' <Predicate = true> <Delay = 0.00>
ST_4 : Operation 991 [1/1] (4.17ns)   --->   "%mul_ln174_218 = mul i15 %zext_ln173_144_cast, i15 32727" [../cnn_hls.cpp:174]   --->   Operation 991 'mul' 'mul_ln174_218' <Predicate = (icmp_ln169)> <Delay = 4.17> <CoreInst = "Multiplier">   --->   Core 3 'Multiplier' <Latency = 0> <II = 1> <Delay = 4.17> <FuncUnit> <Opcode : 'mul'> <InPorts = 2> <OutPorts = 1>
ST_4 : Operation 992 [1/1] (4.17ns)   --->   "%mul_ln174_219 = mul i15 %zext_ln173_144_cast, i15 32752" [../cnn_hls.cpp:174]   --->   Operation 992 'mul' 'mul_ln174_219' <Predicate = (!icmp_ln169)> <Delay = 4.17> <CoreInst = "Multiplier">   --->   Core 3 'Multiplier' <Latency = 0> <II = 1> <Delay = 4.17> <FuncUnit> <Opcode : 'mul'> <InPorts = 2> <OutPorts = 1>
ST_4 : Operation 993 [1/1] (0.75ns)   --->   "%select_ln174_29 = select i1 %icmp_ln169, i15 %mul_ln174_218, i15 %mul_ln174_219" [../cnn_hls.cpp:174]   --->   Operation 993 'select' 'select_ln174_29' <Predicate = true> <Delay = 0.75> <CoreInst = "Sel">   --->   Core 73 'Sel' <Latency = 0> <II = 1> <Delay = 0.75> <FuncUnit> <Opcode : 'select'> <InPorts = 3> <OutPorts = 1>
ST_4 : Operation 994 [1/1] (0.00ns)   --->   "%sext_ln174_108 = sext i15 %select_ln174_29" [../cnn_hls.cpp:174]   --->   Operation 994 'sext' 'sext_ln174_108' <Predicate = true> <Delay = 0.00>
ST_4 : Operation 995 [1/1] (4.17ns)   --->   "%mul_ln174_175 = mul i13 %zext_ln173_143_cast, i13 25" [../cnn_hls.cpp:174]   --->   Operation 995 'mul' 'mul_ln174_175' <Predicate = (!icmp_ln169)> <Delay = 4.17> <CoreInst = "Multiplier">   --->   Core 3 'Multiplier' <Latency = 0> <II = 1> <Delay = 4.17> <FuncUnit> <Opcode : 'mul'> <InPorts = 2> <OutPorts = 1>
ST_4 : Operation 996 [1/1] (4.17ns)   --->   "%mul_ln174_176 = mul i15 %select_ln173_122, i15 %zext_ln173_142_cast" [../cnn_hls.cpp:174]   --->   Operation 996 'mul' 'mul_ln174_176' <Predicate = true> <Delay = 4.17> <CoreInst = "Multiplier">   --->   Core 3 'Multiplier' <Latency = 0> <II = 1> <Delay = 4.17> <FuncUnit> <Opcode : 'mul'> <InPorts = 2> <OutPorts = 1>
ST_4 : Operation 997 [1/1] (0.00ns)   --->   "%sext_ln174_109 = sext i15 %mul_ln174_176" [../cnn_hls.cpp:174]   --->   Operation 997 'sext' 'sext_ln174_109' <Predicate = true> <Delay = 0.00>
ST_4 : Operation 998 [1/1] (4.17ns)   --->   "%mul_ln174_177 = mul i14 %select_ln173_121, i14 %zext_ln173_141_cast" [../cnn_hls.cpp:174]   --->   Operation 998 'mul' 'mul_ln174_177' <Predicate = true> <Delay = 4.17> <CoreInst = "Multiplier">   --->   Core 3 'Multiplier' <Latency = 0> <II = 1> <Delay = 4.17> <FuncUnit> <Opcode : 'mul'> <InPorts = 2> <OutPorts = 1>
ST_4 : Operation 999 [1/1] (0.00ns)   --->   "%zext_ln174_46 = zext i14 %mul_ln174_177" [../cnn_hls.cpp:174]   --->   Operation 999 'zext' 'zext_ln174_46' <Predicate = true> <Delay = 0.00>
ST_4 : Operation 1000 [1/1] (4.17ns)   --->   "%mul_ln174_178 = mul i14 %select_ln173_120, i14 %zext_ln173_140_cast" [../cnn_hls.cpp:174]   --->   Operation 1000 'mul' 'mul_ln174_178' <Predicate = true> <Delay = 4.17> <CoreInst = "Multiplier">   --->   Core 3 'Multiplier' <Latency = 0> <II = 1> <Delay = 4.17> <FuncUnit> <Opcode : 'mul'> <InPorts = 2> <OutPorts = 1>
ST_4 : Operation 1001 [1/3] (0.00ns) (grouped into DSP with root node add_ln174_135)   --->   "%mul_ln174_181 = mul i14 %select_ln173_118, i14 %zext_ln173_137_cast" [../cnn_hls.cpp:174]   --->   Operation 1001 'mul' 'mul_ln174_181' <Predicate = true> <Delay = 0.00> <CoreInst = "DSP48">   --->   Core 116 'DSP48' <Latency = 3> <II = 1> <Delay = 2.15> <IPBlock> <Opcode : 'add' 'sub' 'mul' 'select'> <InPorts = 0> <OutPorts = 1> <Sync> <CReg>
ST_4 : Operation 1002 [1/1] (0.00ns) (grouped into DSP with root node add_ln174_135)   --->   "%sext_ln174_111 = sext i14 %mul_ln174_181" [../cnn_hls.cpp:174]   --->   Operation 1002 'sext' 'sext_ln174_111' <Predicate = true> <Delay = 0.00>
ST_4 : Operation 1003 [1/3] (0.00ns) (grouped into DSP with root node add_ln174_131)   --->   "%mul_ln174_182 = mul i16 %select_ln173_117, i16 %zext_ln173_136_cast" [../cnn_hls.cpp:174]   --->   Operation 1003 'mul' 'mul_ln174_182' <Predicate = true> <Delay = 0.00> <CoreInst = "DSP48">   --->   Core 116 'DSP48' <Latency = 3> <II = 1> <Delay = 2.15> <IPBlock> <Opcode : 'add' 'sub' 'mul' 'select'> <InPorts = 0> <OutPorts = 1> <Sync> <CReg>
ST_4 : Operation 1004 [1/3] (0.00ns) (grouped into DSP with root node add_ln174_129)   --->   "%mul_ln174_185 = mul i14 %select_ln173_115, i14 %zext_ln173_133_cast" [../cnn_hls.cpp:174]   --->   Operation 1004 'mul' 'mul_ln174_185' <Predicate = true> <Delay = 0.00> <CoreInst = "DSP48">   --->   Core 116 'DSP48' <Latency = 3> <II = 1> <Delay = 2.15> <IPBlock> <Opcode : 'add' 'sub' 'mul' 'select'> <InPorts = 0> <OutPorts = 1> <Sync> <CReg>
ST_4 : Operation 1005 [1/1] (0.00ns) (grouped into DSP with root node add_ln174_129)   --->   "%sext_ln174_113 = sext i14 %mul_ln174_185" [../cnn_hls.cpp:174]   --->   Operation 1005 'sext' 'sext_ln174_113' <Predicate = true> <Delay = 0.00>
ST_4 : Operation 1006 [2/3] (1.05ns) (grouped into DSP with root node add_ln174_130)   --->   "%mul_ln174_187 = mul i15 %select_ln173_113, i15 %zext_ln173_131_cast" [../cnn_hls.cpp:174]   --->   Operation 1006 'mul' 'mul_ln174_187' <Predicate = true> <Delay = 1.05> <CoreInst = "DSP48">   --->   Core 116 'DSP48' <Latency = 3> <II = 1> <Delay = 2.15> <IPBlock> <Opcode : 'add' 'sub' 'mul' 'select'> <InPorts = 0> <OutPorts = 1> <Sync> <CReg>
ST_4 : Operation 1007 [2/3] (1.05ns) (grouped into DSP with root node add_ln174_60)   --->   "%tmp1 = mul i16 %select_ln173_53, i16 %tmp_cast" [../cnn_hls.cpp:173]   --->   Operation 1007 'mul' 'tmp1' <Predicate = true> <Delay = 1.05> <CoreInst = "DSP48">   --->   Core 116 'DSP48' <Latency = 3> <II = 1> <Delay = 2.15> <IPBlock> <Opcode : 'add' 'sub' 'mul' 'select'> <InPorts = 0> <OutPorts = 1> <Sync> <CReg>
ST_4 : Operation 1008 [1/1] (1.94ns) (out node of the LUT)   --->   "%add_ln174_2 = add i15 %select_ln174_19, i15 %zext_ln174_30" [../cnn_hls.cpp:174]   --->   Operation 1008 'add' 'add_ln174_2' <Predicate = true> <Delay = 1.94> <CoreInst = "Adder">   --->   Core 1 'Adder' <Latency = 0> <II = 1> <Delay = 1.94> <FuncUnit> <Opcode : 'add' 'sub'> <InPorts = 2> <OutPorts = 1>
ST_4 : Operation 1009 [2/2] (2.10ns) (root node of the DSP)   --->   "%add_ln174_11 = add i16 %sext_ln174_73, i16 %mul_ln174_114" [../cnn_hls.cpp:174]   --->   Operation 1009 'add' 'add_ln174_11' <Predicate = true> <Delay = 2.10> <CoreInst = "DSP48">   --->   Core 116 'DSP48' <Latency = 3> <II = 1> <Delay = 2.15> <IPBlock> <Opcode : 'add' 'sub' 'mul' 'select'> <InPorts = 0> <OutPorts = 1> <Sync> <CReg>
ST_4 : Operation 1010 [2/2] (2.10ns) (root node of the DSP)   --->   "%add_ln174_16 = add i16 %sext_ln174_70, i16 %sext_ln174_69" [../cnn_hls.cpp:174]   --->   Operation 1010 'add' 'add_ln174_16' <Predicate = true> <Delay = 2.10> <CoreInst = "DSP48">   --->   Core 116 'DSP48' <Latency = 3> <II = 1> <Delay = 2.15> <IPBlock> <Opcode : 'add' 'sub' 'mul' 'select'> <InPorts = 0> <OutPorts = 1> <Sync> <CReg>
ST_4 : Operation 1011 [1/2] (2.10ns) (root node of the DSP)   --->   "%add_ln174_18 = add i16 %zext_ln174_25, i16 %sext_ln174_67" [../cnn_hls.cpp:174]   --->   Operation 1011 'add' 'add_ln174_18' <Predicate = true> <Delay = 2.10> <CoreInst = "DSP48">   --->   Core 116 'DSP48' <Latency = 3> <II = 1> <Delay = 2.15> <IPBlock> <Opcode : 'add' 'sub' 'mul' 'select'> <InPorts = 0> <OutPorts = 1> <Sync> <CReg>
ST_4 : Operation 1012 [1/1] (0.00ns)   --->   "%sext_ln174_127 = sext i16 %add_ln174_18" [../cnn_hls.cpp:174]   --->   Operation 1012 'sext' 'sext_ln174_127' <Predicate = true> <Delay = 0.00>
ST_4 : Operation 1013 [2/2] (2.10ns) (root node of the DSP)   --->   "%add_ln174_19 = add i17 %sext_ln174_127, i17 %sext_ln174_68" [../cnn_hls.cpp:174]   --->   Operation 1013 'add' 'add_ln174_19' <Predicate = true> <Delay = 2.10> <CoreInst = "DSP48">   --->   Core 116 'DSP48' <Latency = 3> <II = 1> <Delay = 2.15> <IPBlock> <Opcode : 'add' 'sub' 'mul' 'select'> <InPorts = 0> <OutPorts = 1> <Sync> <CReg>
ST_4 : Operation 1014 [1/1] (1.81ns)   --->   "%add_ln174_23 = add i14 %mul_ln174_103, i14 %zext_ln174_23" [../cnn_hls.cpp:174]   --->   Operation 1014 'add' 'add_ln174_23' <Predicate = true> <Delay = 1.81> <CoreInst = "Adder">   --->   Core 1 'Adder' <Latency = 0> <II = 1> <Delay = 1.81> <FuncUnit> <Opcode : 'add' 'sub'> <InPorts = 2> <OutPorts = 1>
ST_4 : Operation 1015 [1/2] (2.10ns) (root node of the DSP)   --->   "%add_ln174_25 = add i16 %sext_ln174_65, i16 %mul_ln174_99" [../cnn_hls.cpp:174]   --->   Operation 1015 'add' 'add_ln174_25' <Predicate = true> <Delay = 2.10> <CoreInst = "DSP48">   --->   Core 116 'DSP48' <Latency = 3> <II = 1> <Delay = 2.15> <IPBlock> <Opcode : 'add' 'sub' 'mul' 'select'> <InPorts = 0> <OutPorts = 1> <Sync> <CReg>
ST_4 : Operation 1016 [1/1] (0.00ns)   --->   "%sext_ln174_133 = sext i16 %add_ln174_25" [../cnn_hls.cpp:174]   --->   Operation 1016 'sext' 'sext_ln174_133' <Predicate = true> <Delay = 0.00>
ST_4 : Operation 1017 [2/2] (2.10ns) (root node of the DSP)   --->   "%add_ln174_26 = add i17 %sext_ln174_133, i17 %sext_ln174_66" [../cnn_hls.cpp:174]   --->   Operation 1017 'add' 'add_ln174_26' <Predicate = true> <Delay = 2.10> <CoreInst = "DSP48">   --->   Core 116 'DSP48' <Latency = 3> <II = 1> <Delay = 2.15> <IPBlock> <Opcode : 'add' 'sub' 'mul' 'select'> <InPorts = 0> <OutPorts = 1> <Sync> <CReg>
ST_4 : Operation 1018 [2/2] (2.10ns) (root node of the DSP)   --->   "%add_ln174_28 = add i17 %sext_ln174_63, i17 %sext_ln174_62" [../cnn_hls.cpp:174]   --->   Operation 1018 'add' 'add_ln174_28' <Predicate = true> <Delay = 2.10> <CoreInst = "DSP48">   --->   Core 116 'DSP48' <Latency = 3> <II = 1> <Delay = 2.15> <IPBlock> <Opcode : 'add' 'sub' 'mul' 'select'> <InPorts = 0> <OutPorts = 1> <Sync> <CReg>
ST_4 : Operation 1019 [2/2] (2.10ns) (root node of the DSP)   --->   "%add_ln174_30 = add i16 %zext_ln174_21, i16 %sext_ln174_61" [../cnn_hls.cpp:174]   --->   Operation 1019 'add' 'add_ln174_30' <Predicate = true> <Delay = 2.10> <CoreInst = "DSP48">   --->   Core 116 'DSP48' <Latency = 3> <II = 1> <Delay = 2.15> <IPBlock> <Opcode : 'add' 'sub' 'mul' 'select'> <InPorts = 0> <OutPorts = 1> <Sync> <CReg>
ST_4 : Operation 1020 [2/2] (2.10ns) (root node of the DSP)   --->   "%add_ln174_34 = add i17 %sext_ln174_59, i17 %sext_ln174_58" [../cnn_hls.cpp:174]   --->   Operation 1020 'add' 'add_ln174_34' <Predicate = true> <Delay = 2.10> <CoreInst = "DSP48">   --->   Core 116 'DSP48' <Latency = 3> <II = 1> <Delay = 2.15> <IPBlock> <Opcode : 'add' 'sub' 'mul' 'select'> <InPorts = 0> <OutPorts = 1> <Sync> <CReg>
ST_4 : Operation 1021 [1/1] (0.00ns)   --->   "%sext_ln174_143 = sext i15 %add_ln174_39" [../cnn_hls.cpp:174]   --->   Operation 1021 'sext' 'sext_ln174_143' <Predicate = true> <Delay = 0.00>
ST_4 : Operation 1022 [2/2] (2.10ns) (root node of the DSP)   --->   "%add_ln174_40 = add i16 %sext_ln174_143, i16 %mul_ln174_86" [../cnn_hls.cpp:174]   --->   Operation 1022 'add' 'add_ln174_40' <Predicate = true> <Delay = 2.10> <CoreInst = "DSP48">   --->   Core 116 'DSP48' <Latency = 3> <II = 1> <Delay = 2.15> <IPBlock> <Opcode : 'add' 'sub' 'mul' 'select'> <InPorts = 0> <OutPorts = 1> <Sync> <CReg>
ST_4 : Operation 1023 [2/2] (2.10ns) (root node of the DSP)   --->   "%add_ln174_65 = add i16 %sext_ln174_40, i16 %mul_ln174_58" [../cnn_hls.cpp:174]   --->   Operation 1023 'add' 'add_ln174_65' <Predicate = true> <Delay = 2.10> <CoreInst = "DSP48">   --->   Core 116 'DSP48' <Latency = 3> <II = 1> <Delay = 2.15> <IPBlock> <Opcode : 'add' 'sub' 'mul' 'select'> <InPorts = 0> <OutPorts = 1> <Sync> <CReg>
ST_4 : Operation 1024 [1/1] (1.94ns)   --->   "%add_ln174_70 = add i15 %mul_ln174_56, i15 %zext_ln174_10" [../cnn_hls.cpp:174]   --->   Operation 1024 'add' 'add_ln174_70' <Predicate = true> <Delay = 1.94> <CoreInst = "Adder">   --->   Core 1 'Adder' <Latency = 0> <II = 1> <Delay = 1.94> <FuncUnit> <Opcode : 'add' 'sub'> <InPorts = 2> <OutPorts = 1>
ST_4 : Operation 1025 [2/2] (2.10ns) (root node of the DSP)   --->   "%add_ln174_72 = add i16 %sext_ln174_37, i16 %mul_ln174_52" [../cnn_hls.cpp:174]   --->   Operation 1025 'add' 'add_ln174_72' <Predicate = true> <Delay = 2.10> <CoreInst = "DSP48">   --->   Core 116 'DSP48' <Latency = 3> <II = 1> <Delay = 2.15> <IPBlock> <Opcode : 'add' 'sub' 'mul' 'select'> <InPorts = 0> <OutPorts = 1> <Sync> <CReg>
ST_4 : Operation 1026 [2/2] (2.10ns) (root node of the DSP)   --->   "%add_ln174_75 = add i16 %mul_ln174_50, i16 %sext_ln174_34" [../cnn_hls.cpp:174]   --->   Operation 1026 'add' 'add_ln174_75' <Predicate = true> <Delay = 2.10> <CoreInst = "DSP48">   --->   Core 116 'DSP48' <Latency = 3> <II = 1> <Delay = 2.15> <IPBlock> <Opcode : 'add' 'sub' 'mul' 'select'> <InPorts = 0> <OutPorts = 1> <Sync> <CReg>
ST_4 : Operation 1027 [1/2] (2.10ns) (root node of the DSP)   --->   "%add_ln174_77 = add i16 %sext_ln174_32, i16 %zext_ln174_8" [../cnn_hls.cpp:174]   --->   Operation 1027 'add' 'add_ln174_77' <Predicate = true> <Delay = 2.10> <CoreInst = "DSP48">   --->   Core 116 'DSP48' <Latency = 3> <II = 1> <Delay = 2.15> <IPBlock> <Opcode : 'add' 'sub' 'mul' 'select'> <InPorts = 0> <OutPorts = 1> <Sync> <CReg>
ST_4 : Operation 1028 [2/2] (2.10ns) (root node of the DSP)   --->   "%add_ln174_78 = add i16 %add_ln174_77, i16 %sext_ln174_33" [../cnn_hls.cpp:174]   --->   Operation 1028 'add' 'add_ln174_78' <Predicate = true> <Delay = 2.10> <CoreInst = "DSP48">   --->   Core 116 'DSP48' <Latency = 3> <II = 1> <Delay = 2.15> <IPBlock> <Opcode : 'add' 'sub' 'mul' 'select'> <InPorts = 0> <OutPorts = 1> <Sync> <CReg>
ST_4 : Operation 1029 [2/2] (2.10ns) (root node of the DSP)   --->   "%add_ln174_81 = add i16 %sext_ln174_30, i16 %mul_ln174_43" [../cnn_hls.cpp:174]   --->   Operation 1029 'add' 'add_ln174_81' <Predicate = true> <Delay = 2.10> <CoreInst = "DSP48">   --->   Core 116 'DSP48' <Latency = 3> <II = 1> <Delay = 2.15> <IPBlock> <Opcode : 'add' 'sub' 'mul' 'select'> <InPorts = 0> <OutPorts = 1> <Sync> <CReg>
ST_4 : Operation 1030 [2/2] (2.10ns) (root node of the DSP)   --->   "%add_ln174_83 = add i17 %sext_ln174_28, i17 %sext_ln174_27" [../cnn_hls.cpp:174]   --->   Operation 1030 'add' 'add_ln174_83' <Predicate = true> <Delay = 2.10> <CoreInst = "DSP48">   --->   Core 116 'DSP48' <Latency = 3> <II = 1> <Delay = 2.15> <IPBlock> <Opcode : 'add' 'sub' 'mul' 'select'> <InPorts = 0> <OutPorts = 1> <Sync> <CReg>
ST_4 : Operation 1031 [2/2] (2.10ns) (root node of the DSP)   --->   "%add_ln174_86 = add i15 %sext_ln174_25, i15 %mul_ln174_37" [../cnn_hls.cpp:174]   --->   Operation 1031 'add' 'add_ln174_86' <Predicate = true> <Delay = 2.10> <CoreInst = "DSP48">   --->   Core 116 'DSP48' <Latency = 3> <II = 1> <Delay = 2.15> <IPBlock> <Opcode : 'add' 'sub' 'mul' 'select'> <InPorts = 0> <OutPorts = 1> <Sync> <CReg>
ST_4 : Operation 1032 [2/2] (2.10ns) (root node of the DSP)   --->   "%add_ln174_88 = add i16 %mul_ln174_35, i16 %mul_ln174_34" [../cnn_hls.cpp:174]   --->   Operation 1032 'add' 'add_ln174_88' <Predicate = true> <Delay = 2.10> <CoreInst = "DSP48">   --->   Core 116 'DSP48' <Latency = 3> <II = 1> <Delay = 2.15> <IPBlock> <Opcode : 'add' 'sub' 'mul' 'select'> <InPorts = 0> <OutPorts = 1> <Sync> <CReg>
ST_4 : Operation 1033 [2/2] (2.10ns) (root node of the DSP)   --->   "%add_ln174_95 = add i16 %sext_ln174_24, i16 %sext_ln174_23" [../cnn_hls.cpp:174]   --->   Operation 1033 'add' 'add_ln174_95' <Predicate = true> <Delay = 2.10> <CoreInst = "DSP48">   --->   Core 116 'DSP48' <Latency = 3> <II = 1> <Delay = 2.15> <IPBlock> <Opcode : 'add' 'sub' 'mul' 'select'> <InPorts = 0> <OutPorts = 1> <Sync> <CReg>
ST_4 : Operation 1034 [2/2] (2.10ns) (root node of the DSP)   --->   "%add_ln174_97 = add i16 %sext_ln174_21, i16 %sext_ln174_20" [../cnn_hls.cpp:174]   --->   Operation 1034 'add' 'add_ln174_97' <Predicate = true> <Delay = 2.10> <CoreInst = "DSP48">   --->   Core 116 'DSP48' <Latency = 3> <II = 1> <Delay = 2.15> <IPBlock> <Opcode : 'add' 'sub' 'mul' 'select'> <InPorts = 0> <OutPorts = 1> <Sync> <CReg>
ST_4 : Operation 1035 [2/2] (2.10ns) (root node of the DSP)   --->   "%add_ln174_102 = add i16 %mul_ln174_23, i16 %sext_ln174_15" [../cnn_hls.cpp:174]   --->   Operation 1035 'add' 'add_ln174_102' <Predicate = true> <Delay = 2.10> <CoreInst = "DSP48">   --->   Core 116 'DSP48' <Latency = 3> <II = 1> <Delay = 2.15> <IPBlock> <Opcode : 'add' 'sub' 'mul' 'select'> <InPorts = 0> <OutPorts = 1> <Sync> <CReg>
ST_4 : Operation 1036 [2/2] (2.10ns) (root node of the DSP)   --->   "%add_ln174_106 = add i16 %mul_ln174_20, i16 %sext_ln174_13" [../cnn_hls.cpp:174]   --->   Operation 1036 'add' 'add_ln174_106' <Predicate = true> <Delay = 2.10> <CoreInst = "DSP48">   --->   Core 116 'DSP48' <Latency = 3> <II = 1> <Delay = 2.15> <IPBlock> <Opcode : 'add' 'sub' 'mul' 'select'> <InPorts = 0> <OutPorts = 1> <Sync> <CReg>
ST_4 : Operation 1037 [2/2] (2.10ns) (root node of the DSP)   --->   "%add_ln174_108 = add i17 %sext_ln174_11, i17 %sext_ln174_10" [../cnn_hls.cpp:174]   --->   Operation 1037 'add' 'add_ln174_108' <Predicate = true> <Delay = 2.10> <CoreInst = "DSP48">   --->   Core 116 'DSP48' <Latency = 3> <II = 1> <Delay = 2.15> <IPBlock> <Opcode : 'add' 'sub' 'mul' 'select'> <InPorts = 0> <OutPorts = 1> <Sync> <CReg>
ST_4 : Operation 1038 [2/2] (2.10ns) (root node of the DSP)   --->   "%add_ln174_111 = add i17 %sext_ln174_9, i17 %sext_ln174_8" [../cnn_hls.cpp:174]   --->   Operation 1038 'add' 'add_ln174_111' <Predicate = true> <Delay = 2.10> <CoreInst = "DSP48">   --->   Core 116 'DSP48' <Latency = 3> <II = 1> <Delay = 2.15> <IPBlock> <Opcode : 'add' 'sub' 'mul' 'select'> <InPorts = 0> <OutPorts = 1> <Sync> <CReg>
ST_4 : Operation 1039 [1/2] (2.10ns) (root node of the DSP)   --->   "%add_ln174_113 = add i16 %mul_ln174_11, i16 %sext_ln174_6" [../cnn_hls.cpp:174]   --->   Operation 1039 'add' 'add_ln174_113' <Predicate = true> <Delay = 2.10> <CoreInst = "DSP48">   --->   Core 116 'DSP48' <Latency = 3> <II = 1> <Delay = 2.15> <IPBlock> <Opcode : 'add' 'sub' 'mul' 'select'> <InPorts = 0> <OutPorts = 1> <Sync> <CReg>
ST_4 : Operation 1040 [1/1] (0.00ns)   --->   "%sext_ln174_188 = sext i16 %add_ln174_113" [../cnn_hls.cpp:174]   --->   Operation 1040 'sext' 'sext_ln174_188' <Predicate = true> <Delay = 0.00>
ST_4 : Operation 1041 [2/2] (2.10ns) (root node of the DSP)   --->   "%add_ln174_114 = add i17 %sext_ln174_188, i17 %sext_ln174_7" [../cnn_hls.cpp:174]   --->   Operation 1041 'add' 'add_ln174_114' <Predicate = true> <Delay = 2.10> <CoreInst = "DSP48">   --->   Core 116 'DSP48' <Latency = 3> <II = 1> <Delay = 2.15> <IPBlock> <Opcode : 'add' 'sub' 'mul' 'select'> <InPorts = 0> <OutPorts = 1> <Sync> <CReg>
ST_4 : Operation 1042 [2/2] (2.10ns) (root node of the DSP)   --->   "%add_ln174_118 = add i17 %sext_ln174_4, i17 %sext_ln174_3" [../cnn_hls.cpp:174]   --->   Operation 1042 'add' 'add_ln174_118' <Predicate = true> <Delay = 2.10> <CoreInst = "DSP48">   --->   Core 116 'DSP48' <Latency = 3> <II = 1> <Delay = 2.15> <IPBlock> <Opcode : 'add' 'sub' 'mul' 'select'> <InPorts = 0> <OutPorts = 1> <Sync> <CReg>
ST_4 : Operation 1043 [2/2] (2.10ns) (root node of the DSP)   --->   "%add_ln174_120 = add i16 %mul_ln174_5, i16 %sext_ln174_1" [../cnn_hls.cpp:174]   --->   Operation 1043 'add' 'add_ln174_120' <Predicate = true> <Delay = 2.10> <CoreInst = "DSP48">   --->   Core 116 'DSP48' <Latency = 3> <II = 1> <Delay = 2.15> <IPBlock> <Opcode : 'add' 'sub' 'mul' 'select'> <InPorts = 0> <OutPorts = 1> <Sync> <CReg>
ST_4 : Operation 1044 [1/1] (0.00ns)   --->   "%zext_ln174_49 = zext i14 %add_ln174_123" [../cnn_hls.cpp:174]   --->   Operation 1044 'zext' 'zext_ln174_49' <Predicate = true> <Delay = 0.00>
ST_4 : Operation 1045 [2/2] (2.10ns) (root node of the DSP)   --->   "%add_ln174_124 = add i16 %zext_ln174_49, i16 %mul_ln174_3" [../cnn_hls.cpp:174]   --->   Operation 1045 'add' 'add_ln174_124' <Predicate = true> <Delay = 2.10> <CoreInst = "DSP48">   --->   Core 116 'DSP48' <Latency = 3> <II = 1> <Delay = 2.15> <IPBlock> <Opcode : 'add' 'sub' 'mul' 'select'> <InPorts = 0> <OutPorts = 1> <Sync> <CReg>
ST_4 : Operation 1046 [1/2] (2.10ns) (root node of the DSP)   --->   "%add_ln174_125 = add i16 %mul_ln174_189_cast, i16 %mul_ln174_188" [../cnn_hls.cpp:174]   --->   Operation 1046 'add' 'add_ln174_125' <Predicate = true> <Delay = 2.10> <CoreInst = "DSP48">   --->   Core 116 'DSP48' <Latency = 3> <II = 1> <Delay = 2.15> <IPBlock> <Opcode : 'add' 'sub' 'mul' 'select'> <InPorts = 0> <OutPorts = 1> <Sync> <CReg>
ST_4 : Operation 1047 [1/1] (0.00ns)   --->   "%sext_ln174_195 = sext i16 %add_ln174_125" [../cnn_hls.cpp:174]   --->   Operation 1047 'sext' 'sext_ln174_195' <Predicate = true> <Delay = 0.00>
ST_4 : Operation 1048 [2/2] (2.10ns) (root node of the DSP)   --->   "%add_ln174_126 = add i17 %sext_ln174_195, i17 %sext_ln174" [../cnn_hls.cpp:174]   --->   Operation 1048 'add' 'add_ln174_126' <Predicate = true> <Delay = 2.10> <CoreInst = "DSP48">   --->   Core 116 'DSP48' <Latency = 3> <II = 1> <Delay = 2.15> <IPBlock> <Opcode : 'add' 'sub' 'mul' 'select'> <InPorts = 0> <OutPorts = 1> <Sync> <CReg>
ST_4 : Operation 1049 [2/2] (2.10ns) (root node of the DSP)   --->   "%add_ln174_129 = add i16 %mul_ln174_186, i16 %sext_ln174_113" [../cnn_hls.cpp:174]   --->   Operation 1049 'add' 'add_ln174_129' <Predicate = true> <Delay = 2.10> <CoreInst = "DSP48">   --->   Core 116 'DSP48' <Latency = 3> <II = 1> <Delay = 2.15> <IPBlock> <Opcode : 'add' 'sub' 'mul' 'select'> <InPorts = 0> <OutPorts = 1> <Sync> <CReg>
ST_4 : Operation 1050 [2/2] (2.10ns) (root node of the DSP)   --->   "%add_ln174_131 = add i16 %mul_ln174_183, i16 %mul_ln174_182" [../cnn_hls.cpp:174]   --->   Operation 1050 'add' 'add_ln174_131' <Predicate = true> <Delay = 2.10> <CoreInst = "DSP48">   --->   Core 116 'DSP48' <Latency = 3> <II = 1> <Delay = 2.15> <IPBlock> <Opcode : 'add' 'sub' 'mul' 'select'> <InPorts = 0> <OutPorts = 1> <Sync> <CReg>
ST_4 : Operation 1051 [1/2] (2.10ns) (root node of the DSP)   --->   "%add_ln174_134 = add i15 %mul_ln174_180, i15 %sext_ln174_110" [../cnn_hls.cpp:174]   --->   Operation 1051 'add' 'add_ln174_134' <Predicate = true> <Delay = 2.10> <CoreInst = "DSP48">   --->   Core 116 'DSP48' <Latency = 3> <II = 1> <Delay = 2.15> <IPBlock> <Opcode : 'add' 'sub' 'mul' 'select'> <InPorts = 0> <OutPorts = 1> <Sync> <CReg>
ST_4 : Operation 1052 [1/1] (0.00ns)   --->   "%sext_ln174_202 = sext i15 %add_ln174_134" [../cnn_hls.cpp:174]   --->   Operation 1052 'sext' 'sext_ln174_202' <Predicate = true> <Delay = 0.00>
ST_4 : Operation 1053 [2/2] (2.10ns) (root node of the DSP)   --->   "%add_ln174_135 = add i16 %sext_ln174_202, i16 %sext_ln174_111" [../cnn_hls.cpp:174]   --->   Operation 1053 'add' 'add_ln174_135' <Predicate = true> <Delay = 2.10> <CoreInst = "DSP48">   --->   Core 116 'DSP48' <Latency = 3> <II = 1> <Delay = 2.15> <IPBlock> <Opcode : 'add' 'sub' 'mul' 'select'> <InPorts = 0> <OutPorts = 1> <Sync> <CReg>
ST_4 : Operation 1054 [1/1] (1.94ns)   --->   "%add_ln174_136 = add i16 %zext_ln174_46, i16 %sext_ln174_109" [../cnn_hls.cpp:174]   --->   Operation 1054 'add' 'add_ln174_136' <Predicate = true> <Delay = 1.94> <CoreInst = "Adder">   --->   Core 1 'Adder' <Latency = 0> <II = 1> <Delay = 1.94> <FuncUnit> <Opcode : 'add' 'sub'> <InPorts = 2> <OutPorts = 1>
ST_4 : Operation 1055 [2/2] (2.10ns) (root node of the DSP)   --->   "%add_ln174_142 = add i16 %sext_ln174_108, i16 %sext_ln174_107" [../cnn_hls.cpp:174]   --->   Operation 1055 'add' 'add_ln174_142' <Predicate = true> <Delay = 2.10> <CoreInst = "DSP48">   --->   Core 116 'DSP48' <Latency = 3> <II = 1> <Delay = 2.15> <IPBlock> <Opcode : 'add' 'sub' 'mul' 'select'> <InPorts = 0> <OutPorts = 1> <Sync> <CReg>
ST_4 : Operation 1056 [1/2] (2.10ns) (root node of the DSP)   --->   "%add_ln174_144 = add i16 %zext_ln174_43, i16 %mul_ln174_170" [../cnn_hls.cpp:174]   --->   Operation 1056 'add' 'add_ln174_144' <Predicate = true> <Delay = 2.10> <CoreInst = "DSP48">   --->   Core 116 'DSP48' <Latency = 3> <II = 1> <Delay = 2.15> <IPBlock> <Opcode : 'add' 'sub' 'mul' 'select'> <InPorts = 0> <OutPorts = 1> <Sync> <CReg>
ST_4 : Operation 1057 [1/1] (0.00ns)   --->   "%sext_ln174_210 = sext i16 %add_ln174_144" [../cnn_hls.cpp:174]   --->   Operation 1057 'sext' 'sext_ln174_210' <Predicate = true> <Delay = 0.00>
ST_4 : Operation 1058 [2/2] (2.10ns) (root node of the DSP)   --->   "%add_ln174_145 = add i17 %sext_ln174_210, i17 %sext_ln174_106" [../cnn_hls.cpp:174]   --->   Operation 1058 'add' 'add_ln174_145' <Predicate = true> <Delay = 2.10> <CoreInst = "DSP48">   --->   Core 116 'DSP48' <Latency = 3> <II = 1> <Delay = 2.15> <IPBlock> <Opcode : 'add' 'sub' 'mul' 'select'> <InPorts = 0> <OutPorts = 1> <Sync> <CReg>
ST_4 : Operation 1059 [1/2] (2.10ns) (root node of the DSP)   --->   "%add_ln174_149 = add i16 %mul_ln174_165, i16 %sext_ln174_104" [../cnn_hls.cpp:174]   --->   Operation 1059 'add' 'add_ln174_149' <Predicate = true> <Delay = 2.10> <CoreInst = "DSP48">   --->   Core 116 'DSP48' <Latency = 3> <II = 1> <Delay = 2.15> <IPBlock> <Opcode : 'add' 'sub' 'mul' 'select'> <InPorts = 0> <OutPorts = 1> <Sync> <CReg>
ST_4 : Operation 1060 [1/1] (2.07ns) (out node of the LUT)   --->   "%add_ln174_150 = add i16 %add_ln174_149, i16 %sext_ln174_105" [../cnn_hls.cpp:174]   --->   Operation 1060 'add' 'add_ln174_150' <Predicate = true> <Delay = 2.07> <CoreInst = "Adder">   --->   Core 1 'Adder' <Latency = 0> <II = 1> <Delay = 2.07> <FuncUnit> <Opcode : 'add' 'sub'> <InPorts = 2> <OutPorts = 1>
ST_4 : Operation 1061 [1/2] (2.10ns) (root node of the DSP)   --->   "%add_ln174_153 = add i16 %sext_ln174_102, i16 %mul_ln174_161" [../cnn_hls.cpp:174]   --->   Operation 1061 'add' 'add_ln174_153' <Predicate = true> <Delay = 2.10> <CoreInst = "DSP48">   --->   Core 116 'DSP48' <Latency = 3> <II = 1> <Delay = 2.15> <IPBlock> <Opcode : 'add' 'sub' 'mul' 'select'> <InPorts = 0> <OutPorts = 1> <Sync> <CReg>
ST_4 : Operation 1062 [2/2] (2.10ns) (root node of the DSP)   --->   "%add_ln174_154 = add i16 %add_ln174_153, i16 %sext_ln174_103" [../cnn_hls.cpp:174]   --->   Operation 1062 'add' 'add_ln174_154' <Predicate = true> <Delay = 2.10> <CoreInst = "DSP48">   --->   Core 116 'DSP48' <Latency = 3> <II = 1> <Delay = 2.15> <IPBlock> <Opcode : 'add' 'sub' 'mul' 'select'> <InPorts = 0> <OutPorts = 1> <Sync> <CReg>
ST_4 : Operation 1063 [1/2] (2.10ns) (root node of the DSP)   --->   "%add_ln174_155 = add i16 %sext_ln174_101, i16 %sext_ln174_100" [../cnn_hls.cpp:174]   --->   Operation 1063 'add' 'add_ln174_155' <Predicate = true> <Delay = 2.10> <CoreInst = "DSP48">   --->   Core 116 'DSP48' <Latency = 3> <II = 1> <Delay = 2.15> <IPBlock> <Opcode : 'add' 'sub' 'mul' 'select'> <InPorts = 0> <OutPorts = 1> <Sync> <CReg>
ST_4 : Operation 1064 [2/2] (2.10ns) (root node of the DSP)   --->   "%add_ln174_156 = add i16 %add_ln174_155, i16 %zext_ln174_40" [../cnn_hls.cpp:174]   --->   Operation 1064 'add' 'add_ln174_156' <Predicate = true> <Delay = 2.10> <CoreInst = "DSP48">   --->   Core 116 'DSP48' <Latency = 3> <II = 1> <Delay = 2.15> <IPBlock> <Opcode : 'add' 'sub' 'mul' 'select'> <InPorts = 0> <OutPorts = 1> <Sync> <CReg>
ST_4 : Operation 1065 [1/1] (0.00ns) (grouped into TernaryAdder)   --->   "%add_ln174_158 = add i16 %zext_ln174_38, i16 %mul_ln174_155" [../cnn_hls.cpp:174]   --->   Operation 1065 'add' 'add_ln174_158' <Predicate = true> <Delay = 0.00> <CoreInst = "TAddSub">   --->   Core 10 'TAddSub' <Latency = 0> <II = 1> <Delay = 2.01> <IPBlock> <Opcode : 'add' 'sub'> <InPorts = 3> <OutPorts = 1> <Sync> <CReg>
ST_4 : Operation 1066 [1/1] (3.90ns) (root node of TernaryAdder)   --->   "%add_ln174_159 = add i16 %add_ln174_158, i16 %zext_ln174_39" [../cnn_hls.cpp:174]   --->   Operation 1066 'add' 'add_ln174_159' <Predicate = true> <Delay = 3.90> <CoreInst = "TAddSub">   --->   Core 10 'TAddSub' <Latency = 0> <II = 1> <Delay = 2.01> <IPBlock> <Opcode : 'add' 'sub'> <InPorts = 3> <OutPorts = 1> <Sync> <CReg>
ST_4 : Operation 1067 [1/1] (0.00ns)   --->   "%sext_ln174_219 = sext i16 %add_ln174_159" [../cnn_hls.cpp:174]   --->   Operation 1067 'sext' 'sext_ln174_219' <Predicate = true> <Delay = 0.00>
ST_4 : Operation 1068 [1/2] (2.10ns) (root node of the DSP)   --->   "%add_ln174_160 = add i16 %sext_ln174_99, i16 %mul_ln174_152" [../cnn_hls.cpp:174]   --->   Operation 1068 'add' 'add_ln174_160' <Predicate = true> <Delay = 2.10> <CoreInst = "DSP48">   --->   Core 116 'DSP48' <Latency = 3> <II = 1> <Delay = 2.15> <IPBlock> <Opcode : 'add' 'sub' 'mul' 'select'> <InPorts = 0> <OutPorts = 1> <Sync> <CReg>
ST_4 : Operation 1069 [1/1] (2.07ns)   --->   "%add_ln174_161 = add i16 %add_ln174_160, i16 %zext_ln174_37" [../cnn_hls.cpp:174]   --->   Operation 1069 'add' 'add_ln174_161' <Predicate = true> <Delay = 2.07> <CoreInst = "Adder">   --->   Core 1 'Adder' <Latency = 0> <II = 1> <Delay = 2.07> <FuncUnit> <Opcode : 'add' 'sub'> <InPorts = 2> <OutPorts = 1>
ST_4 : Operation 1070 [1/1] (0.00ns)   --->   "%sext_ln174_220 = sext i16 %add_ln174_161" [../cnn_hls.cpp:174]   --->   Operation 1070 'sext' 'sext_ln174_220' <Predicate = true> <Delay = 0.00>
ST_4 : Operation 1071 [1/1] (2.07ns)   --->   "%add_ln174_162 = add i17 %sext_ln174_220, i17 %sext_ln174_219" [../cnn_hls.cpp:174]   --->   Operation 1071 'add' 'add_ln174_162' <Predicate = true> <Delay = 2.07> <CoreInst = "Adder">   --->   Core 1 'Adder' <Latency = 0> <II = 1> <Delay = 2.07> <FuncUnit> <Opcode : 'add' 'sub'> <InPorts = 2> <OutPorts = 1>
ST_4 : Operation 1072 [2/2] (2.10ns) (root node of the DSP)   --->   "%add_ln174_165 = add i16 %mul_ln174_150, i16 %sext_ln174_98" [../cnn_hls.cpp:174]   --->   Operation 1072 'add' 'add_ln174_165' <Predicate = true> <Delay = 2.10> <CoreInst = "DSP48">   --->   Core 116 'DSP48' <Latency = 3> <II = 1> <Delay = 2.15> <IPBlock> <Opcode : 'add' 'sub' 'mul' 'select'> <InPorts = 0> <OutPorts = 1> <Sync> <CReg>
ST_4 : Operation 1073 [2/2] (2.10ns) (root node of the DSP)   --->   "%add_ln174_167 = add i16 %mul_ln174_147, i16 %sext_ln174_95" [../cnn_hls.cpp:174]   --->   Operation 1073 'add' 'add_ln174_167' <Predicate = true> <Delay = 2.10> <CoreInst = "DSP48">   --->   Core 116 'DSP48' <Latency = 3> <II = 1> <Delay = 2.15> <IPBlock> <Opcode : 'add' 'sub' 'mul' 'select'> <InPorts = 0> <OutPorts = 1> <Sync> <CReg>
ST_4 : Operation 1074 [2/2] (2.10ns) (root node of the DSP)   --->   "%add_ln174_170 = add i17 %sext_ln174_93, i17 %sext_ln174_92" [../cnn_hls.cpp:174]   --->   Operation 1074 'add' 'add_ln174_170' <Predicate = true> <Delay = 2.10> <CoreInst = "DSP48">   --->   Core 116 'DSP48' <Latency = 3> <II = 1> <Delay = 2.15> <IPBlock> <Opcode : 'add' 'sub' 'mul' 'select'> <InPorts = 0> <OutPorts = 1> <Sync> <CReg>
ST_4 : Operation 1075 [2/2] (2.10ns) (root node of the DSP)   --->   "%add_ln174_172 = add i15 %sext_ln174_90, i15 %mul_ln174_140" [../cnn_hls.cpp:174]   --->   Operation 1075 'add' 'add_ln174_172' <Predicate = true> <Delay = 2.10> <CoreInst = "DSP48">   --->   Core 116 'DSP48' <Latency = 3> <II = 1> <Delay = 2.15> <IPBlock> <Opcode : 'add' 'sub' 'mul' 'select'> <InPorts = 0> <OutPorts = 1> <Sync> <CReg>
ST_4 : Operation 1076 [1/2] (2.10ns) (root node of the DSP)   --->   "%add_ln174_176 = add i16 %sext_ln174_88, i16 %zext_ln174_34" [../cnn_hls.cpp:174]   --->   Operation 1076 'add' 'add_ln174_176' <Predicate = true> <Delay = 2.10> <CoreInst = "DSP48">   --->   Core 116 'DSP48' <Latency = 3> <II = 1> <Delay = 2.15> <IPBlock> <Opcode : 'add' 'sub' 'mul' 'select'> <InPorts = 0> <OutPorts = 1> <Sync> <CReg>
ST_4 : Operation 1077 [2/2] (2.10ns) (root node of the DSP)   --->   "%add_ln174_177 = add i16 %add_ln174_176, i16 %sext_ln174_89" [../cnn_hls.cpp:174]   --->   Operation 1077 'add' 'add_ln174_177' <Predicate = true> <Delay = 2.10> <CoreInst = "DSP48">   --->   Core 116 'DSP48' <Latency = 3> <II = 1> <Delay = 2.15> <IPBlock> <Opcode : 'add' 'sub' 'mul' 'select'> <InPorts = 0> <OutPorts = 1> <Sync> <CReg>
ST_4 : Operation 1078 [2/2] (2.10ns) (root node of the DSP)   --->   "%add_ln174_178 = add i16 %select_ln174_22, i16 %mul_ln174_134" [../cnn_hls.cpp:174]   --->   Operation 1078 'add' 'add_ln174_178' <Predicate = true> <Delay = 2.10> <CoreInst = "DSP48">   --->   Core 116 'DSP48' <Latency = 3> <II = 1> <Delay = 2.15> <IPBlock> <Opcode : 'add' 'sub' 'mul' 'select'> <InPorts = 0> <OutPorts = 1> <Sync> <CReg>
ST_4 : Operation 1079 [2/2] (2.10ns) (root node of the DSP)   --->   "%add_ln174_181 = add i17 %sext_ln174_85, i17 %zext_ln174_33" [../cnn_hls.cpp:174]   --->   Operation 1079 'add' 'add_ln174_181' <Predicate = true> <Delay = 2.10> <CoreInst = "DSP48">   --->   Core 116 'DSP48' <Latency = 3> <II = 1> <Delay = 2.15> <IPBlock> <Opcode : 'add' 'sub' 'mul' 'select'> <InPorts = 0> <OutPorts = 1> <Sync> <CReg>
ST_4 : Operation 1080 [2/2] (2.10ns) (root node of the DSP)   --->   "%add_ln174_183 = add i16 %sext_ln174_83, i16 %zext_ln174_32" [../cnn_hls.cpp:174]   --->   Operation 1080 'add' 'add_ln174_183' <Predicate = true> <Delay = 2.10> <CoreInst = "DSP48">   --->   Core 116 'DSP48' <Latency = 3> <II = 1> <Delay = 2.15> <IPBlock> <Opcode : 'add' 'sub' 'mul' 'select'> <InPorts = 0> <OutPorts = 1> <Sync> <CReg>

State 5 <SV = 4> <Delay = 7.26>
ST_5 : Operation 1081 [1/1] (0.00ns) (grouped into LUT with out node add_ln174)   --->   "%select_ln173 = select i1 %icmp_ln169, i14 2290, i14 1613" [../cnn_hls.cpp:173]   --->   Operation 1081 'select' 'select_ln173' <Predicate = true> <Delay = 0.00> <CoreInst = "Sel">   --->   Core 73 'Sel' <Latency = 0> <II = 1> <Delay = 0.69> <FuncUnit> <Opcode : 'select'> <InPorts = 3> <OutPorts = 1>
ST_5 : Operation 1082 [1/1] (0.99ns)   --->   "%select_ln173_6 = select i1 %icmp_ln169, i15 32723, i15 32714" [../cnn_hls.cpp:173]   --->   Operation 1082 'select' 'select_ln173_6' <Predicate = true> <Delay = 0.99> <CoreInst = "Sel">   --->   Core 73 'Sel' <Latency = 0> <II = 1> <Delay = 0.99> <FuncUnit> <Opcode : 'select'> <InPorts = 3> <OutPorts = 1>
ST_5 : Operation 1083 [1/1] (1.18ns)   --->   "%select_ln173_24 = select i1 %icmp_ln169, i13 20, i13 15" [../cnn_hls.cpp:173]   --->   Operation 1083 'select' 'select_ln173_24' <Predicate = true> <Delay = 1.18> <CoreInst = "Sel">   --->   Core 73 'Sel' <Latency = 0> <II = 1> <Delay = 1.18> <FuncUnit> <Opcode : 'select'> <InPorts = 3> <OutPorts = 1>
ST_5 : Operation 1084 [1/1] (0.99ns)   --->   "%select_ln173_39 = select i1 %icmp_ln169, i15 32759, i15 32719" [../cnn_hls.cpp:173]   --->   Operation 1084 'select' 'select_ln173_39' <Predicate = true> <Delay = 0.99> <CoreInst = "Sel">   --->   Core 73 'Sel' <Latency = 0> <II = 1> <Delay = 0.99> <FuncUnit> <Opcode : 'select'> <InPorts = 3> <OutPorts = 1>
ST_5 : Operation 1085 [1/1] (1.24ns)   --->   "%select_ln173_42 = select i1 %icmp_ln169, i15 66, i15 28" [../cnn_hls.cpp:173]   --->   Operation 1085 'select' 'select_ln173_42' <Predicate = true> <Delay = 1.24> <CoreInst = "Sel">   --->   Core 73 'Sel' <Latency = 0> <II = 1> <Delay = 1.24> <FuncUnit> <Opcode : 'select'> <InPorts = 3> <OutPorts = 1>
ST_5 : Operation 1086 [1/1] (1.24ns)   --->   "%select_ln173_43 = select i1 %icmp_ln169, i16 73, i16 65427" [../cnn_hls.cpp:173]   --->   Operation 1086 'select' 'select_ln173_43' <Predicate = true> <Delay = 1.24> <CoreInst = "Sel">   --->   Core 73 'Sel' <Latency = 0> <II = 1> <Delay = 1.24> <FuncUnit> <Opcode : 'select'> <InPorts = 3> <OutPorts = 1>
ST_5 : Operation 1087 [1/1] (0.99ns)   --->   "%select_ln173_44 = select i1 %icmp_ln169, i14 46, i14 17" [../cnn_hls.cpp:173]   --->   Operation 1087 'select' 'select_ln173_44' <Predicate = true> <Delay = 0.99> <CoreInst = "Sel">   --->   Core 73 'Sel' <Latency = 0> <II = 1> <Delay = 0.99> <FuncUnit> <Opcode : 'select'> <InPorts = 3> <OutPorts = 1>
ST_5 : Operation 1088 [1/1] (0.99ns)   --->   "%select_ln173_50 = select i1 %icmp_ln169, i14 3, i14 40" [../cnn_hls.cpp:173]   --->   Operation 1088 'select' 'select_ln173_50' <Predicate = true> <Delay = 0.99> <CoreInst = "Sel">   --->   Core 73 'Sel' <Latency = 0> <II = 1> <Delay = 0.99> <FuncUnit> <Opcode : 'select'> <InPorts = 3> <OutPorts = 1>
ST_5 : Operation 1089 [1/1] (0.99ns)   --->   "%select_ln173_52 = select i1 %icmp_ln169, i15 32722, i15 37" [../cnn_hls.cpp:173]   --->   Operation 1089 'select' 'select_ln173_52' <Predicate = true> <Delay = 0.99> <CoreInst = "Sel">   --->   Core 73 'Sel' <Latency = 0> <II = 1> <Delay = 0.99> <FuncUnit> <Opcode : 'select'> <InPorts = 3> <OutPorts = 1>
ST_5 : Operation 1090 [1/1] (1.18ns)   --->   "%select_ln173_54 = select i1 %icmp_ln169, i13 13, i13 23" [../cnn_hls.cpp:173]   --->   Operation 1090 'select' 'select_ln173_54' <Predicate = true> <Delay = 1.18> <CoreInst = "Sel">   --->   Core 73 'Sel' <Latency = 0> <II = 1> <Delay = 1.18> <FuncUnit> <Opcode : 'select'> <InPorts = 3> <OutPorts = 1>
ST_5 : Operation 1091 [1/1] (0.99ns)   --->   "%select_ln173_78 = select i1 %icmp_ln169, i14 15, i14 48" [../cnn_hls.cpp:173]   --->   Operation 1091 'select' 'select_ln173_78' <Predicate = true> <Delay = 0.99> <CoreInst = "Sel">   --->   Core 73 'Sel' <Latency = 0> <II = 1> <Delay = 0.99> <FuncUnit> <Opcode : 'select'> <InPorts = 3> <OutPorts = 1>
ST_5 : Operation 1092 [1/1] (0.99ns)   --->   "%select_ln173_81 = select i1 %icmp_ln169, i14 39, i14 36" [../cnn_hls.cpp:173]   --->   Operation 1092 'select' 'select_ln173_81' <Predicate = true> <Delay = 0.99> <CoreInst = "Sel">   --->   Core 73 'Sel' <Latency = 0> <II = 1> <Delay = 0.99> <FuncUnit> <Opcode : 'select'> <InPorts = 3> <OutPorts = 1>
ST_5 : Operation 1093 [1/1] (0.99ns)   --->   "%select_ln173_141 = select i1 %icmp_ln169, i14 36, i14 48" [../cnn_hls.cpp:173]   --->   Operation 1093 'select' 'select_ln173_141' <Predicate = true> <Delay = 0.99> <CoreInst = "Sel">   --->   Core 73 'Sel' <Latency = 0> <II = 1> <Delay = 0.99> <FuncUnit> <Opcode : 'select'> <InPorts = 3> <OutPorts = 1>
ST_5 : Operation 1094 [1/3] (0.00ns) (grouped into DSP with root node add_ln174_121)   --->   "%mul_ln174_6 = mul i13 %select_ln173_105, i13 %zext_ln173_122_cast" [../cnn_hls.cpp:174]   --->   Operation 1094 'mul' 'mul_ln174_6' <Predicate = true> <Delay = 0.00> <CoreInst = "DSP48">   --->   Core 116 'DSP48' <Latency = 3> <II = 1> <Delay = 2.15> <IPBlock> <Opcode : 'add' 'sub' 'mul' 'select'> <InPorts = 0> <OutPorts = 1> <Sync> <CReg>
ST_5 : Operation 1095 [1/1] (0.00ns) (grouped into DSP with root node add_ln174_121)   --->   "%sext_ln174_2 = sext i13 %mul_ln174_6" [../cnn_hls.cpp:174]   --->   Operation 1095 'sext' 'sext_ln174_2' <Predicate = true> <Delay = 0.00>
ST_5 : Operation 1096 [1/3] (0.00ns) (grouped into DSP with root node add_ln174_119)   --->   "%mul_ln174_9 = mul i13 %select_ln173_103, i13 %zext_ln173_119_cast" [../cnn_hls.cpp:174]   --->   Operation 1096 'mul' 'mul_ln174_9' <Predicate = true> <Delay = 0.00> <CoreInst = "DSP48">   --->   Core 116 'DSP48' <Latency = 3> <II = 1> <Delay = 2.15> <IPBlock> <Opcode : 'add' 'sub' 'mul' 'select'> <InPorts = 0> <OutPorts = 1> <Sync> <CReg>
ST_5 : Operation 1097 [1/1] (0.00ns) (grouped into DSP with root node add_ln174_119)   --->   "%sext_ln174_5 = sext i13 %mul_ln174_9" [../cnn_hls.cpp:174]   --->   Operation 1097 'sext' 'sext_ln174_5' <Predicate = true> <Delay = 0.00>
ST_5 : Operation 1098 [1/1] (0.00ns)   --->   "%zext_ln174_2 = zext i14 %mul_ln174_15" [../cnn_hls.cpp:174]   --->   Operation 1098 'zext' 'zext_ln174_2' <Predicate = true> <Delay = 0.00>
ST_5 : Operation 1099 [1/3] (0.00ns) (grouped into DSP with root node add_ln174_109)   --->   "%mul_ln174_18 = mul i14 %select_ln173_94, i14 %zext_ln173_110_cast" [../cnn_hls.cpp:174]   --->   Operation 1099 'mul' 'mul_ln174_18' <Predicate = true> <Delay = 0.00> <CoreInst = "DSP48">   --->   Core 116 'DSP48' <Latency = 3> <II = 1> <Delay = 2.15> <IPBlock> <Opcode : 'add' 'sub' 'mul' 'select'> <InPorts = 0> <OutPorts = 1> <Sync> <CReg>
ST_5 : Operation 1100 [1/1] (0.00ns) (grouped into DSP with root node add_ln174_109)   --->   "%sext_ln174_12 = sext i14 %mul_ln174_18" [../cnn_hls.cpp:174]   --->   Operation 1100 'sext' 'sext_ln174_12' <Predicate = true> <Delay = 0.00>
ST_5 : Operation 1101 [1/3] (0.00ns) (grouped into DSP with root node add_ln174_107)   --->   "%mul_ln174_21 = mul i14 %select_ln173_91, i14 %zext_ln173_107_cast" [../cnn_hls.cpp:174]   --->   Operation 1101 'mul' 'mul_ln174_21' <Predicate = true> <Delay = 0.00> <CoreInst = "DSP48">   --->   Core 116 'DSP48' <Latency = 3> <II = 1> <Delay = 2.15> <IPBlock> <Opcode : 'add' 'sub' 'mul' 'select'> <InPorts = 0> <OutPorts = 1> <Sync> <CReg>
ST_5 : Operation 1102 [1/1] (0.00ns) (grouped into DSP with root node add_ln174_107)   --->   "%sext_ln174_14 = sext i14 %mul_ln174_21" [../cnn_hls.cpp:174]   --->   Operation 1102 'sext' 'sext_ln174_14' <Predicate = true> <Delay = 0.00>
ST_5 : Operation 1103 [1/3] (0.00ns) (grouped into DSP with root node add_ln174_103)   --->   "%mul_ln174_24 = mul i14 %select_ln173_88, i14 %zext_ln173_104_cast" [../cnn_hls.cpp:174]   --->   Operation 1103 'mul' 'mul_ln174_24' <Predicate = true> <Delay = 0.00> <CoreInst = "DSP48">   --->   Core 116 'DSP48' <Latency = 3> <II = 1> <Delay = 2.15> <IPBlock> <Opcode : 'add' 'sub' 'mul' 'select'> <InPorts = 0> <OutPorts = 1> <Sync> <CReg>
ST_5 : Operation 1104 [1/1] (0.00ns) (grouped into DSP with root node add_ln174_103)   --->   "%sext_ln174_16 = sext i14 %mul_ln174_24" [../cnn_hls.cpp:174]   --->   Operation 1104 'sext' 'sext_ln174_16' <Predicate = true> <Delay = 0.00>
ST_5 : Operation 1105 [1/3] (0.00ns) (grouped into DSP with root node add_ln174_100)   --->   "%mul_ln174_25 = mul i16 %select_ln173_87, i16 %zext_ln173_103_cast" [../cnn_hls.cpp:174]   --->   Operation 1105 'mul' 'mul_ln174_25' <Predicate = true> <Delay = 0.00> <CoreInst = "DSP48">   --->   Core 116 'DSP48' <Latency = 3> <II = 1> <Delay = 2.15> <IPBlock> <Opcode : 'add' 'sub' 'mul' 'select'> <InPorts = 0> <OutPorts = 1> <Sync> <CReg>
ST_5 : Operation 1106 [1/1] (0.00ns) (grouped into DSP with root node add_ln174_100)   --->   "%sext_ln174_17 = sext i16 %mul_ln174_25" [../cnn_hls.cpp:174]   --->   Operation 1106 'sext' 'sext_ln174_17' <Predicate = true> <Delay = 0.00>
ST_5 : Operation 1107 [1/1] (0.00ns)   --->   "%sext_ln174_18 = sext i16 %mul_ln174_26" [../cnn_hls.cpp:174]   --->   Operation 1107 'sext' 'sext_ln174_18' <Predicate = true> <Delay = 0.00>
ST_5 : Operation 1108 [1/3] (0.00ns) (grouped into DSP with root node add_ln174_98)   --->   "%mul_ln174_30 = mul i14 %select_ln173_83, i14 %zext_ln173_98_cast" [../cnn_hls.cpp:174]   --->   Operation 1108 'mul' 'mul_ln174_30' <Predicate = true> <Delay = 0.00> <CoreInst = "DSP48">   --->   Core 116 'DSP48' <Latency = 3> <II = 1> <Delay = 2.15> <IPBlock> <Opcode : 'add' 'sub' 'mul' 'select'> <InPorts = 0> <OutPorts = 1> <Sync> <CReg>
ST_5 : Operation 1109 [1/1] (0.00ns) (grouped into DSP with root node add_ln174_98)   --->   "%sext_ln174_22 = sext i14 %mul_ln174_30" [../cnn_hls.cpp:174]   --->   Operation 1109 'sext' 'sext_ln174_22' <Predicate = true> <Delay = 0.00>
ST_5 : Operation 1110 [1/1] (4.17ns)   --->   "%mul_ln174_33 = mul i14 %select_ln173_81, i14 %zext_ln173_95_cast" [../cnn_hls.cpp:174]   --->   Operation 1110 'mul' 'mul_ln174_33' <Predicate = true> <Delay = 4.17> <CoreInst = "Multiplier">   --->   Core 3 'Multiplier' <Latency = 0> <II = 1> <Delay = 4.17> <FuncUnit> <Opcode : 'mul'> <InPorts = 2> <OutPorts = 1>
ST_5 : Operation 1111 [1/1] (0.00ns)   --->   "%zext_ln174_5 = zext i14 %mul_ln174_33" [../cnn_hls.cpp:174]   --->   Operation 1111 'zext' 'zext_ln174_5' <Predicate = true> <Delay = 0.00>
ST_5 : Operation 1112 [1/1] (4.17ns)   --->   "%mul_ln174_36 = mul i14 %select_ln173_78, i14 %zext_ln173_92_cast" [../cnn_hls.cpp:174]   --->   Operation 1112 'mul' 'mul_ln174_36' <Predicate = true> <Delay = 4.17> <CoreInst = "Multiplier">   --->   Core 3 'Multiplier' <Latency = 0> <II = 1> <Delay = 4.17> <FuncUnit> <Opcode : 'mul'> <InPorts = 2> <OutPorts = 1>
ST_5 : Operation 1113 [1/1] (0.00ns)   --->   "%zext_ln174_6 = zext i14 %mul_ln174_36" [../cnn_hls.cpp:174]   --->   Operation 1113 'zext' 'zext_ln174_6' <Predicate = true> <Delay = 0.00>
ST_5 : Operation 1114 [1/3] (0.00ns) (grouped into DSP with root node add_ln174_87)   --->   "%mul_ln174_39 = mul i14 %select_ln173_75, i14 %zext_ln173_89_cast" [../cnn_hls.cpp:174]   --->   Operation 1114 'mul' 'mul_ln174_39' <Predicate = true> <Delay = 0.00> <CoreInst = "DSP48">   --->   Core 116 'DSP48' <Latency = 3> <II = 1> <Delay = 2.15> <IPBlock> <Opcode : 'add' 'sub' 'mul' 'select'> <InPorts = 0> <OutPorts = 1> <Sync> <CReg>
ST_5 : Operation 1115 [1/1] (0.00ns) (grouped into DSP with root node add_ln174_87)   --->   "%sext_ln174_26 = sext i14 %mul_ln174_39" [../cnn_hls.cpp:174]   --->   Operation 1115 'sext' 'sext_ln174_26' <Predicate = true> <Delay = 0.00>
ST_5 : Operation 1116 [1/3] (0.00ns) (grouped into DSP with root node add_ln174_84)   --->   "%mul_ln174_42 = mul i16 %select_ln173_72, i16 %zext_ln173_86_cast" [../cnn_hls.cpp:174]   --->   Operation 1116 'mul' 'mul_ln174_42' <Predicate = true> <Delay = 0.00> <CoreInst = "DSP48">   --->   Core 116 'DSP48' <Latency = 3> <II = 1> <Delay = 2.15> <IPBlock> <Opcode : 'add' 'sub' 'mul' 'select'> <InPorts = 0> <OutPorts = 1> <Sync> <CReg>
ST_5 : Operation 1117 [1/1] (0.00ns) (grouped into DSP with root node add_ln174_84)   --->   "%sext_ln174_29 = sext i16 %mul_ln174_42" [../cnn_hls.cpp:174]   --->   Operation 1117 'sext' 'sext_ln174_29' <Predicate = true> <Delay = 0.00>
ST_5 : Operation 1118 [1/3] (0.00ns) (grouped into DSP with root node add_ln174_82)   --->   "%mul_ln174_45 = mul i11 %select_ln173_69, i11 %zext_ln173_83_cast" [../cnn_hls.cpp:174]   --->   Operation 1118 'mul' 'mul_ln174_45' <Predicate = true> <Delay = 0.00> <CoreInst = "DSP48">   --->   Core 116 'DSP48' <Latency = 3> <II = 1> <Delay = 2.15> <IPBlock> <Opcode : 'add' 'sub' 'mul' 'select'> <InPorts = 0> <OutPorts = 1> <Sync> <CReg>
ST_5 : Operation 1119 [1/1] (0.00ns) (grouped into DSP with root node add_ln174_82)   --->   "%sext_ln174_31 = sext i11 %mul_ln174_45" [../cnn_hls.cpp:174]   --->   Operation 1119 'sext' 'sext_ln174_31' <Predicate = true> <Delay = 0.00>
ST_5 : Operation 1120 [1/1] (0.00ns)   --->   "%tmp_16 = bitconcatenate i11 @_ssdm_op_BitConcatenate.i11.i8.i3, i8 %zext_ln173_77_read, i3 0" [../cnn_hls.cpp:174]   --->   Operation 1120 'bitconcatenate' 'tmp_16' <Predicate = (icmp_ln169)> <Delay = 0.00>
ST_5 : Operation 1121 [1/1] (0.00ns)   --->   "%zext_ln174_53 = zext i11 %tmp_16" [../cnn_hls.cpp:174]   --->   Operation 1121 'zext' 'zext_ln174_53' <Predicate = (icmp_ln169)> <Delay = 0.00>
ST_5 : Operation 1122 [1/1] (1.63ns)   --->   "%sub_ln174_4 = sub i12 %zext_ln173_77_cast, i12 %zext_ln174_53" [../cnn_hls.cpp:174]   --->   Operation 1122 'sub' 'sub_ln174_4' <Predicate = (icmp_ln169)> <Delay = 1.63> <CoreInst = "Adder">   --->   Core 1 'Adder' <Latency = 0> <II = 1> <Delay = 1.63> <FuncUnit> <Opcode : 'add' 'sub'> <InPorts = 2> <OutPorts = 1>
ST_5 : Operation 1123 [1/1] (0.00ns)   --->   "%sext_ln174_35 = sext i12 %sub_ln174_4" [../cnn_hls.cpp:174]   --->   Operation 1123 'sext' 'sext_ln174_35' <Predicate = (icmp_ln169)> <Delay = 0.00>
ST_5 : Operation 1124 [1/1] (0.00ns)   --->   "%shl_ln174_3 = bitconcatenate i12 @_ssdm_op_BitConcatenate.i12.i8.i4, i8 %x_459_read, i4 0" [../cnn_hls.cpp:174]   --->   Operation 1124 'bitconcatenate' 'shl_ln174_3' <Predicate = (!icmp_ln169)> <Delay = 0.00>
ST_5 : Operation 1125 [1/1] (0.00ns)   --->   "%zext_ln174_9 = zext i12 %shl_ln174_3" [../cnn_hls.cpp:174]   --->   Operation 1125 'zext' 'zext_ln174_9' <Predicate = (!icmp_ln169)> <Delay = 0.00>
ST_5 : Operation 1126 [1/1] (0.69ns)   --->   "%select_ln174_6 = select i1 %icmp_ln169, i13 %sext_ln174_35, i13 %zext_ln174_9" [../cnn_hls.cpp:174]   --->   Operation 1126 'select' 'select_ln174_6' <Predicate = true> <Delay = 0.69> <CoreInst = "Sel">   --->   Core 73 'Sel' <Latency = 0> <II = 1> <Delay = 0.69> <FuncUnit> <Opcode : 'select'> <InPorts = 3> <OutPorts = 1>
ST_5 : Operation 1127 [1/1] (0.00ns)   --->   "%sext_ln174_36 = sext i13 %select_ln174_6" [../cnn_hls.cpp:174]   --->   Operation 1127 'sext' 'sext_ln174_36' <Predicate = true> <Delay = 0.00>
ST_5 : Operation 1128 [1/3] (0.00ns) (grouped into DSP with root node add_ln174_73)   --->   "%mul_ln174_54 = mul i16 %select_ln173_62, i16 %zext_ln173_74_cast" [../cnn_hls.cpp:174]   --->   Operation 1128 'mul' 'mul_ln174_54' <Predicate = true> <Delay = 0.00> <CoreInst = "DSP48">   --->   Core 116 'DSP48' <Latency = 3> <II = 1> <Delay = 2.15> <IPBlock> <Opcode : 'add' 'sub' 'mul' 'select'> <InPorts = 0> <OutPorts = 1> <Sync> <CReg>
ST_5 : Operation 1129 [1/1] (0.00ns) (grouped into DSP with root node add_ln174_73)   --->   "%sext_ln174_38 = sext i16 %mul_ln174_54" [../cnn_hls.cpp:174]   --->   Operation 1129 'sext' 'sext_ln174_38' <Predicate = true> <Delay = 0.00>
ST_5 : Operation 1130 [1/1] (4.17ns)   --->   "%mul_ln174_194 = mul i15 %zext_ln173_71_cast, i15 32714" [../cnn_hls.cpp:174]   --->   Operation 1130 'mul' 'mul_ln174_194' <Predicate = (icmp_ln169)> <Delay = 4.17> <CoreInst = "Multiplier">   --->   Core 3 'Multiplier' <Latency = 0> <II = 1> <Delay = 4.17> <FuncUnit> <Opcode : 'mul'> <InPorts = 2> <OutPorts = 1>
ST_5 : Operation 1131 [1/1] (4.17ns)   --->   "%mul_ln174_195 = mul i15 %zext_ln173_71_cast, i15 32736" [../cnn_hls.cpp:174]   --->   Operation 1131 'mul' 'mul_ln174_195' <Predicate = (!icmp_ln169)> <Delay = 4.17> <CoreInst = "Multiplier">   --->   Core 3 'Multiplier' <Latency = 0> <II = 1> <Delay = 4.17> <FuncUnit> <Opcode : 'mul'> <InPorts = 2> <OutPorts = 1>
ST_5 : Operation 1132 [1/1] (0.00ns) (grouped into LUT with out node add_ln174_71)   --->   "%select_ln174_8 = select i1 %icmp_ln169, i15 %mul_ln174_194, i15 %mul_ln174_195" [../cnn_hls.cpp:174]   --->   Operation 1132 'select' 'select_ln174_8' <Predicate = true> <Delay = 0.00> <CoreInst = "Sel">   --->   Core 73 'Sel' <Latency = 0> <II = 1> <Delay = 0.75> <FuncUnit> <Opcode : 'select'> <InPorts = 3> <OutPorts = 1>
ST_5 : Operation 1133 [1/1] (0.00ns) (grouped into LUT with out node add_ln174_71)   --->   "%sext_ln174_39 = sext i15 %select_ln174_8" [../cnn_hls.cpp:174]   --->   Operation 1133 'sext' 'sext_ln174_39' <Predicate = true> <Delay = 0.00>
ST_5 : Operation 1134 [1/3] (0.00ns) (grouped into DSP with root node add_ln174_66)   --->   "%mul_ln174_60 = mul i15 %select_ln173_57, i15 %zext_ln173_68_cast" [../cnn_hls.cpp:174]   --->   Operation 1134 'mul' 'mul_ln174_60' <Predicate = true> <Delay = 0.00> <CoreInst = "DSP48">   --->   Core 116 'DSP48' <Latency = 3> <II = 1> <Delay = 2.15> <IPBlock> <Opcode : 'add' 'sub' 'mul' 'select'> <InPorts = 0> <OutPorts = 1> <Sync> <CReg>
ST_5 : Operation 1135 [1/1] (0.00ns) (grouped into DSP with root node add_ln174_66)   --->   "%sext_ln174_41 = sext i15 %mul_ln174_60" [../cnn_hls.cpp:174]   --->   Operation 1135 'sext' 'sext_ln174_41' <Predicate = true> <Delay = 0.00>
ST_5 : Operation 1136 [1/3] (0.00ns) (grouped into DSP with root node add_ln174_63)   --->   "%mul_ln174_61 = mul i16 %select_ln173_56, i16 %zext_ln173_67_cast" [../cnn_hls.cpp:174]   --->   Operation 1136 'mul' 'mul_ln174_61' <Predicate = true> <Delay = 0.00> <CoreInst = "DSP48">   --->   Core 116 'DSP48' <Latency = 3> <II = 1> <Delay = 2.15> <IPBlock> <Opcode : 'add' 'sub' 'mul' 'select'> <InPorts = 0> <OutPorts = 1> <Sync> <CReg>
ST_5 : Operation 1137 [1/1] (0.00ns) (grouped into DSP with root node add_ln174_63)   --->   "%sext_ln174_42 = sext i16 %mul_ln174_61" [../cnn_hls.cpp:174]   --->   Operation 1137 'sext' 'sext_ln174_42' <Predicate = true> <Delay = 0.00>
ST_5 : Operation 1138 [1/1] (0.00ns)   --->   "%sext_ln174_43 = sext i16 %mul_ln174_62" [../cnn_hls.cpp:174]   --->   Operation 1138 'sext' 'sext_ln174_43' <Predicate = true> <Delay = 0.00>
ST_5 : Operation 1139 [1/1] (4.17ns)   --->   "%mul_ln174_63 = mul i13 %select_ln173_54, i13 %zext_ln173_65_cast" [../cnn_hls.cpp:174]   --->   Operation 1139 'mul' 'mul_ln174_63' <Predicate = true> <Delay = 4.17> <CoreInst = "Multiplier">   --->   Core 3 'Multiplier' <Latency = 0> <II = 1> <Delay = 4.17> <FuncUnit> <Opcode : 'mul'> <InPorts = 2> <OutPorts = 1>
ST_5 : Operation 1140 [1/1] (4.17ns)   --->   "%mul_ln174_64 = mul i15 %select_ln173_52, i15 %zext_ln173_63_cast" [../cnn_hls.cpp:174]   --->   Operation 1140 'mul' 'mul_ln174_64' <Predicate = true> <Delay = 4.17> <CoreInst = "Multiplier">   --->   Core 3 'Multiplier' <Latency = 0> <II = 1> <Delay = 4.17> <FuncUnit> <Opcode : 'mul'> <InPorts = 2> <OutPorts = 1>
ST_5 : Operation 1141 [1/1] (0.00ns)   --->   "%sext_ln174_44 = sext i15 %mul_ln174_64" [../cnn_hls.cpp:174]   --->   Operation 1141 'sext' 'sext_ln174_44' <Predicate = true> <Delay = 0.00>
ST_5 : Operation 1142 [2/3] (1.05ns) (grouped into DSP with root node add_ln174_61)   --->   "%mul_ln174_65 = mul i16 %select_ln173_51, i16 %zext_ln173_62_cast" [../cnn_hls.cpp:174]   --->   Operation 1142 'mul' 'mul_ln174_65' <Predicate = true> <Delay = 1.05> <CoreInst = "DSP48">   --->   Core 116 'DSP48' <Latency = 3> <II = 1> <Delay = 2.15> <IPBlock> <Opcode : 'add' 'sub' 'mul' 'select'> <InPorts = 0> <OutPorts = 1> <Sync> <CReg>
ST_5 : Operation 1143 [1/1] (4.17ns)   --->   "%mul_ln174_66 = mul i14 %select_ln173_50, i14 %zext_ln173_61_cast" [../cnn_hls.cpp:174]   --->   Operation 1143 'mul' 'mul_ln174_66' <Predicate = true> <Delay = 4.17> <CoreInst = "Multiplier">   --->   Core 3 'Multiplier' <Latency = 0> <II = 1> <Delay = 4.17> <FuncUnit> <Opcode : 'mul'> <InPorts = 2> <OutPorts = 1>
ST_5 : Operation 1144 [1/1] (0.00ns) (grouped into LUT with out node add_ln174_58)   --->   "%zext_ln174_12 = zext i14 %mul_ln174_66" [../cnn_hls.cpp:174]   --->   Operation 1144 'zext' 'zext_ln174_12' <Predicate = true> <Delay = 0.00>
ST_5 : Operation 1145 [1/1] (4.17ns)   --->   "%mul_ln174_196 = mul i13 %zext_ln173_60_cast, i13 8188" [../cnn_hls.cpp:174]   --->   Operation 1145 'mul' 'mul_ln174_196' <Predicate = (icmp_ln169)> <Delay = 4.17> <CoreInst = "Multiplier">   --->   Core 3 'Multiplier' <Latency = 0> <II = 1> <Delay = 4.17> <FuncUnit> <Opcode : 'mul'> <InPorts = 2> <OutPorts = 1>
ST_5 : Operation 1146 [1/1] (4.17ns)   --->   "%mul_ln174_197 = mul i13 %zext_ln173_60_cast, i13 15" [../cnn_hls.cpp:174]   --->   Operation 1146 'mul' 'mul_ln174_197' <Predicate = (!icmp_ln169)> <Delay = 4.17> <CoreInst = "Multiplier">   --->   Core 3 'Multiplier' <Latency = 0> <II = 1> <Delay = 4.17> <FuncUnit> <Opcode : 'mul'> <InPorts = 2> <OutPorts = 1>
ST_5 : Operation 1147 [1/1] (0.00ns) (grouped into LUT with out node add_ln174_58)   --->   "%select_ln174_9 = select i1 %icmp_ln169, i13 %mul_ln174_196, i13 %mul_ln174_197" [../cnn_hls.cpp:174]   --->   Operation 1147 'select' 'select_ln174_9' <Predicate = true> <Delay = 0.00> <CoreInst = "Sel">   --->   Core 73 'Sel' <Latency = 0> <II = 1> <Delay = 0.69> <FuncUnit> <Opcode : 'select'> <InPorts = 3> <OutPorts = 1>
ST_5 : Operation 1148 [1/1] (0.00ns) (grouped into LUT with out node add_ln174_58)   --->   "%sext_ln174_46 = sext i13 %select_ln174_9" [../cnn_hls.cpp:174]   --->   Operation 1148 'sext' 'sext_ln174_46' <Predicate = true> <Delay = 0.00>
ST_5 : Operation 1149 [2/3] (1.05ns) (grouped into DSP with root node add_ln174_59)   --->   "%mul_ln174_68 = mul i15 %select_ln173_49, i15 %zext_ln173_59_cast" [../cnn_hls.cpp:174]   --->   Operation 1149 'mul' 'mul_ln174_68' <Predicate = true> <Delay = 1.05> <CoreInst = "DSP48">   --->   Core 116 'DSP48' <Latency = 3> <II = 1> <Delay = 2.15> <IPBlock> <Opcode : 'add' 'sub' 'mul' 'select'> <InPorts = 0> <OutPorts = 1> <Sync> <CReg>
ST_5 : Operation 1150 [1/1] (0.00ns)   --->   "%zext_ln174_13 = zext i13 %mul_ln174_69" [../cnn_hls.cpp:174]   --->   Operation 1150 'zext' 'zext_ln174_13' <Predicate = true> <Delay = 0.00>
ST_5 : Operation 1151 [1/1] (4.17ns)   --->   "%mul_ln174_198 = mul i15 %zext_ln173_56_cast, i15 32736" [../cnn_hls.cpp:174]   --->   Operation 1151 'mul' 'mul_ln174_198' <Predicate = (icmp_ln169)> <Delay = 4.17> <CoreInst = "Multiplier">   --->   Core 3 'Multiplier' <Latency = 0> <II = 1> <Delay = 4.17> <FuncUnit> <Opcode : 'mul'> <InPorts = 2> <OutPorts = 1>
ST_5 : Operation 1152 [1/1] (4.17ns)   --->   "%mul_ln174_199 = mul i15 %zext_ln173_56_cast, i15 46" [../cnn_hls.cpp:174]   --->   Operation 1152 'mul' 'mul_ln174_199' <Predicate = (!icmp_ln169)> <Delay = 4.17> <CoreInst = "Multiplier">   --->   Core 3 'Multiplier' <Latency = 0> <II = 1> <Delay = 4.17> <FuncUnit> <Opcode : 'mul'> <InPorts = 2> <OutPorts = 1>
ST_5 : Operation 1153 [1/1] (0.00ns) (grouped into LUT with out node add_ln174_55)   --->   "%select_ln174_11 = select i1 %icmp_ln169, i15 %mul_ln174_198, i15 %mul_ln174_199" [../cnn_hls.cpp:174]   --->   Operation 1153 'select' 'select_ln174_11' <Predicate = true> <Delay = 0.00> <CoreInst = "Sel">   --->   Core 73 'Sel' <Latency = 0> <II = 1> <Delay = 0.75> <FuncUnit> <Opcode : 'select'> <InPorts = 3> <OutPorts = 1>
ST_5 : Operation 1154 [1/1] (0.00ns) (grouped into LUT with out node add_ln174_55)   --->   "%sext_ln174_47 = sext i15 %select_ln174_11" [../cnn_hls.cpp:174]   --->   Operation 1154 'sext' 'sext_ln174_47' <Predicate = true> <Delay = 0.00>
ST_5 : Operation 1155 [1/3] (0.00ns) (grouped into DSP with root node add_ln174_52)   --->   "%mul_ln174_72 = mul i16 %select_ln173_46, i16 %zext_ln173_55_cast" [../cnn_hls.cpp:174]   --->   Operation 1155 'mul' 'mul_ln174_72' <Predicate = true> <Delay = 0.00> <CoreInst = "DSP48">   --->   Core 116 'DSP48' <Latency = 3> <II = 1> <Delay = 2.15> <IPBlock> <Opcode : 'add' 'sub' 'mul' 'select'> <InPorts = 0> <OutPorts = 1> <Sync> <CReg>
ST_5 : Operation 1156 [1/1] (0.00ns) (grouped into DSP with root node add_ln174_52)   --->   "%sext_ln174_48 = sext i16 %mul_ln174_72" [../cnn_hls.cpp:174]   --->   Operation 1156 'sext' 'sext_ln174_48' <Predicate = true> <Delay = 0.00>
ST_5 : Operation 1157 [1/1] (0.00ns)   --->   "%sext_ln174_49 = sext i16 %mul_ln174_73" [../cnn_hls.cpp:174]   --->   Operation 1157 'sext' 'sext_ln174_49' <Predicate = true> <Delay = 0.00>
ST_5 : Operation 1158 [1/1] (4.17ns)   --->   "%mul_ln174_74 = mul i14 %select_ln173_44, i14 %zext_ln173_53_cast" [../cnn_hls.cpp:174]   --->   Operation 1158 'mul' 'mul_ln174_74' <Predicate = true> <Delay = 4.17> <CoreInst = "Multiplier">   --->   Core 3 'Multiplier' <Latency = 0> <II = 1> <Delay = 4.17> <FuncUnit> <Opcode : 'mul'> <InPorts = 2> <OutPorts = 1>
ST_5 : Operation 1159 [1/1] (4.17ns)   --->   "%mul_ln174_75 = mul i16 %select_ln173_43, i16 %zext_ln173_52_cast" [../cnn_hls.cpp:174]   --->   Operation 1159 'mul' 'mul_ln174_75' <Predicate = true> <Delay = 4.17> <CoreInst = "Multiplier">   --->   Core 3 'Multiplier' <Latency = 0> <II = 1> <Delay = 4.17> <FuncUnit> <Opcode : 'mul'> <InPorts = 2> <OutPorts = 1>
ST_5 : Operation 1160 [1/1] (4.17ns)   --->   "%mul_ln174_76 = mul i15 %select_ln173_42, i15 %zext_ln173_51_cast" [../cnn_hls.cpp:174]   --->   Operation 1160 'mul' 'mul_ln174_76' <Predicate = true> <Delay = 4.17> <CoreInst = "Multiplier">   --->   Core 3 'Multiplier' <Latency = 0> <II = 1> <Delay = 4.17> <FuncUnit> <Opcode : 'mul'> <InPorts = 2> <OutPorts = 1>
ST_5 : Operation 1161 [2/3] (1.05ns) (grouped into DSP with root node add_ln174_50)   --->   "%mul_ln174_77 = mul i14 %select_ln173_41, i14 %zext_ln173_50_cast" [../cnn_hls.cpp:174]   --->   Operation 1161 'mul' 'mul_ln174_77' <Predicate = true> <Delay = 1.05> <CoreInst = "DSP48">   --->   Core 116 'DSP48' <Latency = 3> <II = 1> <Delay = 2.15> <IPBlock> <Opcode : 'add' 'sub' 'mul' 'select'> <InPorts = 0> <OutPorts = 1> <Sync> <CReg>
ST_5 : Operation 1162 [1/3] (0.00ns) (grouped into DSP with root node add_ln174_47)   --->   "%mul_ln174_78 = mul i14 %select_ln173_40, i14 %zext_ln173_49_cast" [../cnn_hls.cpp:174]   --->   Operation 1162 'mul' 'mul_ln174_78' <Predicate = true> <Delay = 0.00> <CoreInst = "DSP48">   --->   Core 116 'DSP48' <Latency = 3> <II = 1> <Delay = 2.15> <IPBlock> <Opcode : 'add' 'sub' 'mul' 'select'> <InPorts = 0> <OutPorts = 1> <Sync> <CReg>
ST_5 : Operation 1163 [1/1] (0.00ns) (grouped into DSP with root node add_ln174_47)   --->   "%sext_ln174_52 = sext i14 %mul_ln174_78" [../cnn_hls.cpp:174]   --->   Operation 1163 'sext' 'sext_ln174_52' <Predicate = true> <Delay = 0.00>
ST_5 : Operation 1164 [1/1] (4.17ns)   --->   "%mul_ln174_79 = mul i15 %select_ln173_39, i15 %zext_ln173_48_cast" [../cnn_hls.cpp:174]   --->   Operation 1164 'mul' 'mul_ln174_79' <Predicate = true> <Delay = 4.17> <CoreInst = "Multiplier">   --->   Core 3 'Multiplier' <Latency = 0> <II = 1> <Delay = 4.17> <FuncUnit> <Opcode : 'mul'> <InPorts = 2> <OutPorts = 1>
ST_5 : Operation 1165 [1/1] (0.00ns)   --->   "%sext_ln174_53 = sext i15 %mul_ln174_79" [../cnn_hls.cpp:174]   --->   Operation 1165 'sext' 'sext_ln174_53' <Predicate = true> <Delay = 0.00>
ST_5 : Operation 1166 [1/1] (0.00ns)   --->   "%zext_ln174_17 = zext i14 %mul_ln174_81" [../cnn_hls.cpp:174]   --->   Operation 1166 'zext' 'zext_ln174_17' <Predicate = true> <Delay = 0.00>
ST_5 : Operation 1167 [1/1] (0.00ns)   --->   "%zext_ln174_18 = zext i15 %mul_ln174_83" [../cnn_hls.cpp:174]   --->   Operation 1167 'zext' 'zext_ln174_18' <Predicate = true> <Delay = 0.00>
ST_5 : Operation 1168 [1/1] (0.00ns)   --->   "%sext_ln174_56 = sext i16 %mul_ln174_87" [../cnn_hls.cpp:174]   --->   Operation 1168 'sext' 'sext_ln174_56' <Predicate = true> <Delay = 0.00>
ST_5 : Operation 1169 [1/1] (0.00ns)   --->   "%zext_ln174_20 = zext i15 %mul_ln174_88" [../cnn_hls.cpp:174]   --->   Operation 1169 'zext' 'zext_ln174_20' <Predicate = true> <Delay = 0.00>
ST_5 : Operation 1170 [1/3] (0.00ns) (grouped into DSP with root node add_ln174_37)   --->   "%mul_ln174_89 = mul i14 %select_ln173_30, i14 %zext_ln173_38_cast" [../cnn_hls.cpp:174]   --->   Operation 1170 'mul' 'mul_ln174_89' <Predicate = true> <Delay = 0.00> <CoreInst = "DSP48">   --->   Core 116 'DSP48' <Latency = 3> <II = 1> <Delay = 2.15> <IPBlock> <Opcode : 'add' 'sub' 'mul' 'select'> <InPorts = 0> <OutPorts = 1> <Sync> <CReg>
ST_5 : Operation 1171 [1/1] (0.00ns) (grouped into DSP with root node add_ln174_37)   --->   "%sext_ln174_57 = sext i14 %mul_ln174_89" [../cnn_hls.cpp:174]   --->   Operation 1171 'sext' 'sext_ln174_57' <Predicate = true> <Delay = 0.00>
ST_5 : Operation 1172 [1/3] (0.00ns) (grouped into DSP with root node add_ln174_35)   --->   "%mul_ln174_92 = mul i13 %select_ln173_27, i13 %zext_ln173_35_cast" [../cnn_hls.cpp:174]   --->   Operation 1172 'mul' 'mul_ln174_92' <Predicate = true> <Delay = 0.00> <CoreInst = "DSP48">   --->   Core 116 'DSP48' <Latency = 3> <II = 1> <Delay = 2.15> <IPBlock> <Opcode : 'add' 'sub' 'mul' 'select'> <InPorts = 0> <OutPorts = 1> <Sync> <CReg>
ST_5 : Operation 1173 [1/1] (0.00ns) (grouped into DSP with root node add_ln174_35)   --->   "%sext_ln174_60 = sext i13 %mul_ln174_92" [../cnn_hls.cpp:174]   --->   Operation 1173 'sext' 'sext_ln174_60' <Predicate = true> <Delay = 0.00>
ST_5 : Operation 1174 [1/1] (4.17ns)   --->   "%mul_ln174_95 = mul i13 %select_ln173_24, i13 %zext_ln173_32_cast" [../cnn_hls.cpp:174]   --->   Operation 1174 'mul' 'mul_ln174_95' <Predicate = true> <Delay = 4.17> <CoreInst = "Multiplier">   --->   Core 3 'Multiplier' <Latency = 0> <II = 1> <Delay = 4.17> <FuncUnit> <Opcode : 'mul'> <InPorts = 2> <OutPorts = 1>
ST_5 : Operation 1175 [1/3] (0.00ns) (grouped into DSP with root node add_ln174_29)   --->   "%mul_ln174_98 = mul i16 %select_ln173_22, i16 %zext_ln173_29_cast" [../cnn_hls.cpp:174]   --->   Operation 1175 'mul' 'mul_ln174_98' <Predicate = true> <Delay = 0.00> <CoreInst = "DSP48">   --->   Core 116 'DSP48' <Latency = 3> <II = 1> <Delay = 2.15> <IPBlock> <Opcode : 'add' 'sub' 'mul' 'select'> <InPorts = 0> <OutPorts = 1> <Sync> <CReg>
ST_5 : Operation 1176 [1/1] (0.00ns) (grouped into DSP with root node add_ln174_29)   --->   "%sext_ln174_64 = sext i16 %mul_ln174_98" [../cnn_hls.cpp:174]   --->   Operation 1176 'sext' 'sext_ln174_64' <Predicate = true> <Delay = 0.00>
ST_5 : Operation 1177 [1/1] (0.00ns)   --->   "%zext_ln174_24 = zext i15 %mul_ln174_104" [../cnn_hls.cpp:174]   --->   Operation 1177 'zext' 'zext_ln174_24' <Predicate = true> <Delay = 0.00>
ST_5 : Operation 1178 [1/1] (0.00ns)   --->   "%sext_ln174_71 = sext i16 %select_ln174_13" [../cnn_hls.cpp:174]   --->   Operation 1178 'sext' 'sext_ln174_71' <Predicate = true> <Delay = 0.00>
ST_5 : Operation 1179 [1/1] (0.00ns)   --->   "%sext_ln174_72 = sext i16 %mul_ln174_111" [../cnn_hls.cpp:174]   --->   Operation 1179 'sext' 'sext_ln174_72' <Predicate = true> <Delay = 0.00>
ST_5 : Operation 1180 [1/1] (0.00ns)   --->   "%zext_ln174_26 = zext i14 %mul_ln174_112" [../cnn_hls.cpp:174]   --->   Operation 1180 'zext' 'zext_ln174_26' <Predicate = true> <Delay = 0.00>
ST_5 : Operation 1181 [1/1] (0.00ns)   --->   "%zext_ln174_27 = zext i14 %mul_ln174_113" [../cnn_hls.cpp:174]   --->   Operation 1181 'zext' 'zext_ln174_27' <Predicate = true> <Delay = 0.00>
ST_5 : Operation 1182 [1/3] (0.00ns) (grouped into DSP with root node add_ln174_12)   --->   "%mul_ln174_116 = mul i14 %select_ln173_7, i14 %zext_ln173_11_cast" [../cnn_hls.cpp:174]   --->   Operation 1182 'mul' 'mul_ln174_116' <Predicate = true> <Delay = 0.00> <CoreInst = "DSP48">   --->   Core 116 'DSP48' <Latency = 3> <II = 1> <Delay = 2.15> <IPBlock> <Opcode : 'add' 'sub' 'mul' 'select'> <InPorts = 0> <OutPorts = 1> <Sync> <CReg>
ST_5 : Operation 1183 [1/1] (0.00ns) (grouped into DSP with root node add_ln174_12)   --->   "%sext_ln174_74 = sext i14 %mul_ln174_116" [../cnn_hls.cpp:174]   --->   Operation 1183 'sext' 'sext_ln174_74' <Predicate = true> <Delay = 0.00>
ST_5 : Operation 1184 [1/1] (4.17ns)   --->   "%mul_ln174_117 = mul i15 %select_ln173_6, i15 %zext_ln173_10_cast" [../cnn_hls.cpp:174]   --->   Operation 1184 'mul' 'mul_ln174_117' <Predicate = true> <Delay = 4.17> <CoreInst = "Multiplier">   --->   Core 3 'Multiplier' <Latency = 0> <II = 1> <Delay = 4.17> <FuncUnit> <Opcode : 'mul'> <InPorts = 2> <OutPorts = 1>
ST_5 : Operation 1185 [1/3] (0.00ns) (grouped into DSP with root node add_ln174_7)   --->   "%mul_ln174_118 = mul i12 %select_ln173_5, i12 %zext_ln173_9_cast" [../cnn_hls.cpp:174]   --->   Operation 1185 'mul' 'mul_ln174_118' <Predicate = true> <Delay = 0.00> <CoreInst = "DSP48">   --->   Core 116 'DSP48' <Latency = 3> <II = 1> <Delay = 2.15> <IPBlock> <Opcode : 'add' 'sub' 'mul' 'select'> <InPorts = 0> <OutPorts = 1> <Sync> <CReg>
ST_5 : Operation 1186 [1/1] (0.00ns) (grouped into DSP with root node add_ln174_7)   --->   "%sext_ln174_75 = sext i12 %mul_ln174_118" [../cnn_hls.cpp:174]   --->   Operation 1186 'sext' 'sext_ln174_75' <Predicate = true> <Delay = 0.00>
ST_5 : Operation 1187 [1/1] (0.00ns)   --->   "%sext_ln174_77 = sext i16 %mul_ln174_120" [../cnn_hls.cpp:174]   --->   Operation 1187 'sext' 'sext_ln174_77' <Predicate = true> <Delay = 0.00>
ST_5 : Operation 1188 [1/3] (0.00ns) (grouped into DSP with root node add_ln174_5)   --->   "%mul_ln174_121 = mul i15 %select_ln173_3, i15 %zext_ln173_6_cast" [../cnn_hls.cpp:174]   --->   Operation 1188 'mul' 'mul_ln174_121' <Predicate = true> <Delay = 0.00> <CoreInst = "DSP48">   --->   Core 116 'DSP48' <Latency = 3> <II = 1> <Delay = 2.15> <IPBlock> <Opcode : 'add' 'sub' 'mul' 'select'> <InPorts = 0> <OutPorts = 1> <Sync> <CReg>
ST_5 : Operation 1189 [1/1] (0.00ns) (grouped into DSP with root node add_ln174_5)   --->   "%sext_ln174_78 = sext i15 %mul_ln174_121" [../cnn_hls.cpp:174]   --->   Operation 1189 'sext' 'sext_ln174_78' <Predicate = true> <Delay = 0.00>
ST_5 : Operation 1190 [1/3] (0.00ns) (grouped into DSP with root node add_ln174_3)   --->   "%mul_ln174_125 = mul i14 %select_ln173_1, i14 %zext_ln173_2_cast" [../cnn_hls.cpp:174]   --->   Operation 1190 'mul' 'mul_ln174_125' <Predicate = true> <Delay = 0.00> <CoreInst = "DSP48">   --->   Core 116 'DSP48' <Latency = 3> <II = 1> <Delay = 2.15> <IPBlock> <Opcode : 'add' 'sub' 'mul' 'select'> <InPorts = 0> <OutPorts = 1> <Sync> <CReg>
ST_5 : Operation 1191 [1/1] (0.00ns) (grouped into DSP with root node add_ln174_3)   --->   "%sext_ln174_79 = sext i14 %mul_ln174_125" [../cnn_hls.cpp:174]   --->   Operation 1191 'sext' 'sext_ln174_79' <Predicate = true> <Delay = 0.00>
ST_5 : Operation 1192 [1/1] (0.00ns) (grouped into LUT with out node add_ln174)   --->   "%shl_ln174_6 = bitconcatenate i12 @_ssdm_op_BitConcatenate.i12.i8.i4, i8 %x_383_read, i4 0" [../cnn_hls.cpp:174]   --->   Operation 1192 'bitconcatenate' 'shl_ln174_6' <Predicate = (icmp_ln169)> <Delay = 0.00>
ST_5 : Operation 1193 [1/1] (0.00ns) (grouped into LUT with out node add_ln174)   --->   "%zext_ln174_31 = zext i12 %shl_ln174_6" [../cnn_hls.cpp:174]   --->   Operation 1193 'zext' 'zext_ln174_31' <Predicate = (icmp_ln169)> <Delay = 0.00>
ST_5 : Operation 1194 [1/1] (0.00ns)   --->   "%tmp_21 = bitconcatenate i11 @_ssdm_op_BitConcatenate.i11.i8.i3, i8 %zext_ln173_1_read, i3 0" [../cnn_hls.cpp:174]   --->   Operation 1194 'bitconcatenate' 'tmp_21' <Predicate = (!icmp_ln169)> <Delay = 0.00>
ST_5 : Operation 1195 [1/1] (0.00ns)   --->   "%zext_ln174_58 = zext i11 %tmp_21" [../cnn_hls.cpp:174]   --->   Operation 1195 'zext' 'zext_ln174_58' <Predicate = (!icmp_ln169)> <Delay = 0.00>
ST_5 : Operation 1196 [1/1] (1.63ns)   --->   "%sub_ln174_8 = sub i12 %zext_ln173_1_cast, i12 %zext_ln174_58" [../cnn_hls.cpp:174]   --->   Operation 1196 'sub' 'sub_ln174_8' <Predicate = (!icmp_ln169)> <Delay = 1.63> <CoreInst = "Adder">   --->   Core 1 'Adder' <Latency = 0> <II = 1> <Delay = 1.63> <FuncUnit> <Opcode : 'add' 'sub'> <InPorts = 2> <OutPorts = 1>
ST_5 : Operation 1197 [1/1] (0.00ns) (grouped into LUT with out node add_ln174)   --->   "%sext_ln174_80 = sext i12 %sub_ln174_8" [../cnn_hls.cpp:174]   --->   Operation 1197 'sext' 'sext_ln174_80' <Predicate = (!icmp_ln169)> <Delay = 0.00>
ST_5 : Operation 1198 [1/1] (0.00ns) (grouped into LUT with out node add_ln174)   --->   "%select_ln174_18 = select i1 %icmp_ln169, i13 %zext_ln174_31, i13 %sext_ln174_80" [../cnn_hls.cpp:174]   --->   Operation 1198 'select' 'select_ln174_18' <Predicate = true> <Delay = 0.00> <CoreInst = "Sel">   --->   Core 73 'Sel' <Latency = 0> <II = 1> <Delay = 0.69> <FuncUnit> <Opcode : 'select'> <InPorts = 3> <OutPorts = 1>
ST_5 : Operation 1199 [1/1] (0.00ns) (grouped into LUT with out node add_ln174)   --->   "%sext_ln174_81 = sext i13 %select_ln174_18" [../cnn_hls.cpp:174]   --->   Operation 1199 'sext' 'sext_ln174_81' <Predicate = true> <Delay = 0.00>
ST_5 : Operation 1200 [1/1] (4.17ns)   --->   "%mul_ln174_208 = mul i15 %zext_ln173_cast, i15 50" [../cnn_hls.cpp:174]   --->   Operation 1200 'mul' 'mul_ln174_208' <Predicate = (icmp_ln169)> <Delay = 4.17> <CoreInst = "Multiplier">   --->   Core 3 'Multiplier' <Latency = 0> <II = 1> <Delay = 4.17> <FuncUnit> <Opcode : 'mul'> <InPorts = 2> <OutPorts = 1>
ST_5 : Operation 1201 [1/1] (4.17ns)   --->   "%mul_ln174_209 = mul i15 %zext_ln173_cast, i15 32704" [../cnn_hls.cpp:174]   --->   Operation 1201 'mul' 'mul_ln174_209' <Predicate = (!icmp_ln169)> <Delay = 4.17> <CoreInst = "Multiplier">   --->   Core 3 'Multiplier' <Latency = 0> <II = 1> <Delay = 4.17> <FuncUnit> <Opcode : 'mul'> <InPorts = 2> <OutPorts = 1>
ST_5 : Operation 1202 [1/1] (0.00ns) (grouped into LUT with out node add_ln174_1)   --->   "%select_ln174_21 = select i1 %icmp_ln169, i15 %mul_ln174_208, i15 %mul_ln174_209" [../cnn_hls.cpp:174]   --->   Operation 1202 'select' 'select_ln174_21' <Predicate = true> <Delay = 0.00> <CoreInst = "Sel">   --->   Core 73 'Sel' <Latency = 0> <II = 1> <Delay = 0.75> <FuncUnit> <Opcode : 'select'> <InPorts = 3> <OutPorts = 1>
ST_5 : Operation 1203 [1/1] (0.00ns) (grouped into LUT with out node add_ln174_1)   --->   "%sext_ln174_82 = sext i15 %select_ln174_21" [../cnn_hls.cpp:174]   --->   Operation 1203 'sext' 'sext_ln174_82' <Predicate = true> <Delay = 0.00>
ST_5 : Operation 1204 [1/3] (0.00ns) (grouped into DSP with root node add_ln174_184)   --->   "%mul_ln174_130 = mul i15 %select_ln173_158, i15 %zext_ln173_189_cast" [../cnn_hls.cpp:174]   --->   Operation 1204 'mul' 'mul_ln174_130' <Predicate = true> <Delay = 0.00> <CoreInst = "DSP48">   --->   Core 116 'DSP48' <Latency = 3> <II = 1> <Delay = 2.15> <IPBlock> <Opcode : 'add' 'sub' 'mul' 'select'> <InPorts = 0> <OutPorts = 1> <Sync> <CReg>
ST_5 : Operation 1205 [1/1] (0.00ns) (grouped into DSP with root node add_ln174_184)   --->   "%sext_ln174_84 = sext i15 %mul_ln174_130" [../cnn_hls.cpp:174]   --->   Operation 1205 'sext' 'sext_ln174_84' <Predicate = true> <Delay = 0.00>
ST_5 : Operation 1206 [1/3] (0.00ns) (grouped into DSP with root node add_ln174_182)   --->   "%mul_ln174_133 = mul i15 %select_ln173_156, i15 %zext_ln173_186_cast" [../cnn_hls.cpp:174]   --->   Operation 1206 'mul' 'mul_ln174_133' <Predicate = true> <Delay = 0.00> <CoreInst = "DSP48">   --->   Core 116 'DSP48' <Latency = 3> <II = 1> <Delay = 2.15> <IPBlock> <Opcode : 'add' 'sub' 'mul' 'select'> <InPorts = 0> <OutPorts = 1> <Sync> <CReg>
ST_5 : Operation 1207 [1/1] (0.00ns) (grouped into DSP with root node add_ln174_182)   --->   "%sext_ln174_86 = sext i15 %mul_ln174_133" [../cnn_hls.cpp:174]   --->   Operation 1207 'sext' 'sext_ln174_86' <Predicate = true> <Delay = 0.00>
ST_5 : Operation 1208 [1/1] (0.00ns)   --->   "%sext_ln174_87 = sext i15 %select_ln174_24" [../cnn_hls.cpp:174]   --->   Operation 1208 'sext' 'sext_ln174_87' <Predicate = true> <Delay = 0.00>
ST_5 : Operation 1209 [1/3] (0.00ns) (grouped into DSP with root node add_ln174_173)   --->   "%mul_ln174_142 = mul i16 %select_ln173_149, i16 %zext_ln173_177_cast" [../cnn_hls.cpp:174]   --->   Operation 1209 'mul' 'mul_ln174_142' <Predicate = true> <Delay = 0.00> <CoreInst = "DSP48">   --->   Core 116 'DSP48' <Latency = 3> <II = 1> <Delay = 2.15> <IPBlock> <Opcode : 'add' 'sub' 'mul' 'select'> <InPorts = 0> <OutPorts = 1> <Sync> <CReg>
ST_5 : Operation 1210 [1/1] (0.00ns) (grouped into DSP with root node add_ln174_173)   --->   "%sext_ln174_91 = sext i16 %mul_ln174_142" [../cnn_hls.cpp:174]   --->   Operation 1210 'sext' 'sext_ln174_91' <Predicate = true> <Delay = 0.00>
ST_5 : Operation 1211 [1/3] (0.00ns) (grouped into DSP with root node add_ln174_171)   --->   "%mul_ln174_145 = mul i15 %select_ln173_146, i15 %zext_ln173_174_cast" [../cnn_hls.cpp:174]   --->   Operation 1211 'mul' 'mul_ln174_145' <Predicate = true> <Delay = 0.00> <CoreInst = "DSP48">   --->   Core 116 'DSP48' <Latency = 3> <II = 1> <Delay = 2.15> <IPBlock> <Opcode : 'add' 'sub' 'mul' 'select'> <InPorts = 0> <OutPorts = 1> <Sync> <CReg>
ST_5 : Operation 1212 [1/1] (0.00ns) (grouped into DSP with root node add_ln174_171)   --->   "%sext_ln174_94 = sext i15 %mul_ln174_145" [../cnn_hls.cpp:174]   --->   Operation 1212 'sext' 'sext_ln174_94' <Predicate = true> <Delay = 0.00>
ST_5 : Operation 1213 [1/3] (0.00ns) (grouped into DSP with root node add_ln174_168)   --->   "%mul_ln174_148 = mul i16 %select_ln173_143, i16 %zext_ln173_171_cast" [../cnn_hls.cpp:174]   --->   Operation 1213 'mul' 'mul_ln174_148' <Predicate = true> <Delay = 0.00> <CoreInst = "DSP48">   --->   Core 116 'DSP48' <Latency = 3> <II = 1> <Delay = 2.15> <IPBlock> <Opcode : 'add' 'sub' 'mul' 'select'> <InPorts = 0> <OutPorts = 1> <Sync> <CReg>
ST_5 : Operation 1214 [1/1] (0.00ns) (grouped into DSP with root node add_ln174_168)   --->   "%sext_ln174_96 = sext i16 %mul_ln174_148" [../cnn_hls.cpp:174]   --->   Operation 1214 'sext' 'sext_ln174_96' <Predicate = true> <Delay = 0.00>
ST_5 : Operation 1215 [1/1] (4.17ns)   --->   "%mul_ln174_151 = mul i14 %select_ln173_141, i14 %zext_ln173_167_cast" [../cnn_hls.cpp:174]   --->   Operation 1215 'mul' 'mul_ln174_151' <Predicate = true> <Delay = 4.17> <CoreInst = "Multiplier">   --->   Core 3 'Multiplier' <Latency = 0> <II = 1> <Delay = 4.17> <FuncUnit> <Opcode : 'mul'> <InPorts = 2> <OutPorts = 1>
ST_5 : Operation 1216 [1/1] (0.00ns)   --->   "%zext_ln174_36 = zext i14 %mul_ln174_151" [../cnn_hls.cpp:174]   --->   Operation 1216 'zext' 'zext_ln174_36' <Predicate = true> <Delay = 0.00>
ST_5 : Operation 1217 [1/1] (0.00ns)   --->   "%zext_ln174_41 = zext i14 %mul_ln174_168" [../cnn_hls.cpp:174]   --->   Operation 1217 'zext' 'zext_ln174_41' <Predicate = true> <Delay = 0.00>
ST_5 : Operation 1218 [1/1] (0.00ns)   --->   "%zext_ln174_42 = zext i15 %mul_ln174_169" [../cnn_hls.cpp:174]   --->   Operation 1218 'zext' 'zext_ln174_42' <Predicate = true> <Delay = 0.00>
ST_5 : Operation 1219 [1/1] (0.00ns) (grouped into LUT with out node add_ln174_143)   --->   "%shl_ln174_8 = bitconcatenate i11 @_ssdm_op_BitConcatenate.i11.i8.i3, i8 %x_525_read, i3 0" [../cnn_hls.cpp:174]   --->   Operation 1219 'bitconcatenate' 'shl_ln174_8' <Predicate = (icmp_ln169)> <Delay = 0.00>
ST_5 : Operation 1220 [1/1] (0.00ns) (grouped into LUT with out node add_ln174_143)   --->   "%zext_ln174_44 = zext i11 %shl_ln174_8" [../cnn_hls.cpp:174]   --->   Operation 1220 'zext' 'zext_ln174_44' <Predicate = (icmp_ln169)> <Delay = 0.00>
ST_5 : Operation 1221 [1/1] (0.00ns) (grouped into LUT with out node add_ln174_143)   --->   "%select_ln174_28 = select i1 %icmp_ln169, i13 %zext_ln174_44, i13 %mul_ln174_175" [../cnn_hls.cpp:174]   --->   Operation 1221 'select' 'select_ln174_28' <Predicate = true> <Delay = 0.00> <CoreInst = "Sel">   --->   Core 73 'Sel' <Latency = 0> <II = 1> <Delay = 0.69> <FuncUnit> <Opcode : 'select'> <InPorts = 3> <OutPorts = 1>
ST_5 : Operation 1222 [1/1] (0.00ns) (grouped into LUT with out node add_ln174_143)   --->   "%zext_ln174_45 = zext i13 %select_ln174_28" [../cnn_hls.cpp:174]   --->   Operation 1222 'zext' 'zext_ln174_45' <Predicate = true> <Delay = 0.00>
ST_5 : Operation 1223 [1/1] (0.00ns)   --->   "%zext_ln174_47 = zext i14 %mul_ln174_178" [../cnn_hls.cpp:174]   --->   Operation 1223 'zext' 'zext_ln174_47' <Predicate = true> <Delay = 0.00>
ST_5 : Operation 1224 [1/1] (0.00ns)   --->   "%tmp_22 = bitconcatenate i12 @_ssdm_op_BitConcatenate.i12.i8.i4, i8 %zext_ln173_134_read, i4 0" [../cnn_hls.cpp:174]   --->   Operation 1224 'bitconcatenate' 'tmp_22' <Predicate = true> <Delay = 0.00>
ST_5 : Operation 1225 [1/1] (0.00ns)   --->   "%zext_ln174_59 = zext i12 %tmp_22" [../cnn_hls.cpp:174]   --->   Operation 1225 'zext' 'zext_ln174_59' <Predicate = true> <Delay = 0.00>
ST_5 : Operation 1226 [1/1] (1.54ns)   --->   "%sub_ln174_9 = sub i13 %zext_ln173_134_cast, i13 %zext_ln174_59" [../cnn_hls.cpp:174]   --->   Operation 1226 'sub' 'sub_ln174_9' <Predicate = true> <Delay = 1.54> <CoreInst = "Adder">   --->   Core 1 'Adder' <Latency = 0> <II = 1> <Delay = 1.54> <FuncUnit> <Opcode : 'add' 'sub'> <InPorts = 2> <OutPorts = 1>
ST_5 : Operation 1227 [1/1] (0.00ns)   --->   "%sext_ln174_112 = sext i13 %sub_ln174_9" [../cnn_hls.cpp:174]   --->   Operation 1227 'sext' 'sext_ln174_112' <Predicate = true> <Delay = 0.00>
ST_5 : Operation 1228 [1/3] (0.00ns) (grouped into DSP with root node add_ln174_130)   --->   "%mul_ln174_187 = mul i15 %select_ln173_113, i15 %zext_ln173_131_cast" [../cnn_hls.cpp:174]   --->   Operation 1228 'mul' 'mul_ln174_187' <Predicate = true> <Delay = 0.00> <CoreInst = "DSP48">   --->   Core 116 'DSP48' <Latency = 3> <II = 1> <Delay = 2.15> <IPBlock> <Opcode : 'add' 'sub' 'mul' 'select'> <InPorts = 0> <OutPorts = 1> <Sync> <CReg>
ST_5 : Operation 1229 [1/1] (0.00ns) (grouped into DSP with root node add_ln174_130)   --->   "%sext_ln174_114 = sext i15 %mul_ln174_187" [../cnn_hls.cpp:174]   --->   Operation 1229 'sext' 'sext_ln174_114' <Predicate = true> <Delay = 0.00>
ST_5 : Operation 1230 [1/3] (0.00ns) (grouped into DSP with root node add_ln174_60)   --->   "%tmp1 = mul i16 %select_ln173_53, i16 %tmp_cast" [../cnn_hls.cpp:173]   --->   Operation 1230 'mul' 'tmp1' <Predicate = true> <Delay = 0.00> <CoreInst = "DSP48">   --->   Core 116 'DSP48' <Latency = 3> <II = 1> <Delay = 2.15> <IPBlock> <Opcode : 'add' 'sub' 'mul' 'select'> <InPorts = 0> <OutPorts = 1> <Sync> <CReg>
ST_5 : Operation 1231 [1/1] (1.67ns) (out node of the LUT)   --->   "%add_ln174 = add i14 %select_ln173, i14 %sext_ln174_81" [../cnn_hls.cpp:174]   --->   Operation 1231 'add' 'add_ln174' <Predicate = true> <Delay = 1.67> <CoreInst = "Adder">   --->   Core 1 'Adder' <Latency = 0> <II = 1> <Delay = 1.67> <FuncUnit> <Opcode : 'add' 'sub'> <InPorts = 2> <OutPorts = 1>
ST_5 : Operation 1232 [1/1] (0.00ns) (grouped into LUT with out node add_ln174_1)   --->   "%sext_ln174_115 = sext i14 %add_ln174" [../cnn_hls.cpp:174]   --->   Operation 1232 'sext' 'sext_ln174_115' <Predicate = true> <Delay = 0.00>
ST_5 : Operation 1233 [1/1] (1.94ns) (out node of the LUT)   --->   "%add_ln174_1 = add i16 %sext_ln174_115, i16 %sext_ln174_82" [../cnn_hls.cpp:174]   --->   Operation 1233 'add' 'add_ln174_1' <Predicate = true> <Delay = 1.94> <CoreInst = "Adder">   --->   Core 1 'Adder' <Latency = 0> <II = 1> <Delay = 1.94> <FuncUnit> <Opcode : 'add' 'sub'> <InPorts = 2> <OutPorts = 1>
ST_5 : Operation 1234 [1/1] (0.00ns)   --->   "%sext_ln174_117 = sext i15 %add_ln174_2" [../cnn_hls.cpp:174]   --->   Operation 1234 'sext' 'sext_ln174_117' <Predicate = true> <Delay = 0.00>
ST_5 : Operation 1235 [2/2] (2.10ns) (root node of the DSP)   --->   "%add_ln174_3 = add i16 %sext_ln174_117, i16 %sext_ln174_79" [../cnn_hls.cpp:174]   --->   Operation 1235 'add' 'add_ln174_3' <Predicate = true> <Delay = 2.10> <CoreInst = "DSP48">   --->   Core 116 'DSP48' <Latency = 3> <II = 1> <Delay = 2.15> <IPBlock> <Opcode : 'add' 'sub' 'mul' 'select'> <InPorts = 0> <OutPorts = 1> <Sync> <CReg>
ST_5 : Operation 1236 [2/2] (2.10ns) (root node of the DSP)   --->   "%add_ln174_5 = add i17 %sext_ln174_78, i17 %sext_ln174_77" [../cnn_hls.cpp:174]   --->   Operation 1236 'add' 'add_ln174_5' <Predicate = true> <Delay = 2.10> <CoreInst = "DSP48">   --->   Core 116 'DSP48' <Latency = 3> <II = 1> <Delay = 2.15> <IPBlock> <Opcode : 'add' 'sub' 'mul' 'select'> <InPorts = 0> <OutPorts = 1> <Sync> <CReg>
ST_5 : Operation 1237 [2/2] (2.10ns) (root node of the DSP)   --->   "%add_ln174_7 = add i15 %sext_ln174_75, i15 %mul_ln174_117" [../cnn_hls.cpp:174]   --->   Operation 1237 'add' 'add_ln174_7' <Predicate = true> <Delay = 2.10> <CoreInst = "DSP48">   --->   Core 116 'DSP48' <Latency = 3> <II = 1> <Delay = 2.15> <IPBlock> <Opcode : 'add' 'sub' 'mul' 'select'> <InPorts = 0> <OutPorts = 1> <Sync> <CReg>
ST_5 : Operation 1238 [1/2] (2.10ns) (root node of the DSP)   --->   "%add_ln174_11 = add i16 %sext_ln174_73, i16 %mul_ln174_114" [../cnn_hls.cpp:174]   --->   Operation 1238 'add' 'add_ln174_11' <Predicate = true> <Delay = 2.10> <CoreInst = "DSP48">   --->   Core 116 'DSP48' <Latency = 3> <II = 1> <Delay = 2.15> <IPBlock> <Opcode : 'add' 'sub' 'mul' 'select'> <InPorts = 0> <OutPorts = 1> <Sync> <CReg>
ST_5 : Operation 1239 [2/2] (2.10ns) (root node of the DSP)   --->   "%add_ln174_12 = add i16 %add_ln174_11, i16 %sext_ln174_74" [../cnn_hls.cpp:174]   --->   Operation 1239 'add' 'add_ln174_12' <Predicate = true> <Delay = 2.10> <CoreInst = "DSP48">   --->   Core 116 'DSP48' <Latency = 3> <II = 1> <Delay = 2.15> <IPBlock> <Opcode : 'add' 'sub' 'mul' 'select'> <InPorts = 0> <OutPorts = 1> <Sync> <CReg>
ST_5 : Operation 1240 [1/1] (0.00ns) (grouped into TernaryAdder)   --->   "%add_ln174_13 = add i17 %zext_ln174_26, i17 %sext_ln174_72" [../cnn_hls.cpp:174]   --->   Operation 1240 'add' 'add_ln174_13' <Predicate = true> <Delay = 0.00> <CoreInst = "TAddSub">   --->   Core 10 'TAddSub' <Latency = 0> <II = 1> <Delay = 2.01> <IPBlock> <Opcode : 'add' 'sub'> <InPorts = 3> <OutPorts = 1> <Sync> <CReg>
ST_5 : Operation 1241 [1/1] (3.93ns) (root node of TernaryAdder)   --->   "%add_ln174_14 = add i17 %add_ln174_13, i17 %zext_ln174_27" [../cnn_hls.cpp:174]   --->   Operation 1241 'add' 'add_ln174_14' <Predicate = true> <Delay = 3.93> <CoreInst = "TAddSub">   --->   Core 10 'TAddSub' <Latency = 0> <II = 1> <Delay = 2.01> <IPBlock> <Opcode : 'add' 'sub'> <InPorts = 3> <OutPorts = 1> <Sync> <CReg>
ST_5 : Operation 1242 [1/2] (2.10ns) (root node of the DSP)   --->   "%add_ln174_16 = add i16 %sext_ln174_70, i16 %sext_ln174_69" [../cnn_hls.cpp:174]   --->   Operation 1242 'add' 'add_ln174_16' <Predicate = true> <Delay = 2.10> <CoreInst = "DSP48">   --->   Core 116 'DSP48' <Latency = 3> <II = 1> <Delay = 2.15> <IPBlock> <Opcode : 'add' 'sub' 'mul' 'select'> <InPorts = 0> <OutPorts = 1> <Sync> <CReg>
ST_5 : Operation 1243 [1/1] (0.00ns)   --->   "%sext_ln174_126 = sext i16 %add_ln174_16" [../cnn_hls.cpp:174]   --->   Operation 1243 'sext' 'sext_ln174_126' <Predicate = true> <Delay = 0.00>
ST_5 : Operation 1244 [1/1] (0.00ns) (grouped into TernaryAdder)   --->   "%add_ln174_17 = add i17 %sext_ln174_126, i17 %sext_ln174_71" [../cnn_hls.cpp:174]   --->   Operation 1244 'add' 'add_ln174_17' <Predicate = true> <Delay = 0.00> <CoreInst = "TAddSub">   --->   Core 10 'TAddSub' <Latency = 0> <II = 1> <Delay = 2.01> <IPBlock> <Opcode : 'add' 'sub'> <InPorts = 3> <OutPorts = 1> <Sync> <CReg>
ST_5 : Operation 1245 [1/2] (2.10ns) (root node of the DSP)   --->   "%add_ln174_19 = add i17 %sext_ln174_127, i17 %sext_ln174_68" [../cnn_hls.cpp:174]   --->   Operation 1245 'add' 'add_ln174_19' <Predicate = true> <Delay = 2.10> <CoreInst = "DSP48">   --->   Core 116 'DSP48' <Latency = 3> <II = 1> <Delay = 2.15> <IPBlock> <Opcode : 'add' 'sub' 'mul' 'select'> <InPorts = 0> <OutPorts = 1> <Sync> <CReg>
ST_5 : Operation 1246 [1/1] (3.93ns) (root node of TernaryAdder)   --->   "%add_ln174_20 = add i17 %add_ln174_19, i17 %add_ln174_17" [../cnn_hls.cpp:174]   --->   Operation 1246 'add' 'add_ln174_20' <Predicate = true> <Delay = 3.93> <CoreInst = "TAddSub">   --->   Core 10 'TAddSub' <Latency = 0> <II = 1> <Delay = 2.01> <IPBlock> <Opcode : 'add' 'sub'> <InPorts = 3> <OutPorts = 1> <Sync> <CReg>
ST_5 : Operation 1247 [1/1] (0.00ns)   --->   "%sext_ln174_131 = sext i14 %add_ln174_23" [../cnn_hls.cpp:174]   --->   Operation 1247 'sext' 'sext_ln174_131' <Predicate = true> <Delay = 0.00>
ST_5 : Operation 1248 [1/1] (1.94ns)   --->   "%add_ln174_24 = add i16 %sext_ln174_131, i16 %zext_ln174_24" [../cnn_hls.cpp:174]   --->   Operation 1248 'add' 'add_ln174_24' <Predicate = true> <Delay = 1.94> <CoreInst = "Adder">   --->   Core 1 'Adder' <Latency = 0> <II = 1> <Delay = 1.94> <FuncUnit> <Opcode : 'add' 'sub'> <InPorts = 2> <OutPorts = 1>
ST_5 : Operation 1249 [1/1] (0.00ns)   --->   "%sext_ln174_132 = sext i16 %add_ln174_24" [../cnn_hls.cpp:174]   --->   Operation 1249 'sext' 'sext_ln174_132' <Predicate = true> <Delay = 0.00>
ST_5 : Operation 1250 [1/2] (2.10ns) (root node of the DSP)   --->   "%add_ln174_26 = add i17 %sext_ln174_133, i17 %sext_ln174_66" [../cnn_hls.cpp:174]   --->   Operation 1250 'add' 'add_ln174_26' <Predicate = true> <Delay = 2.10> <CoreInst = "DSP48">   --->   Core 116 'DSP48' <Latency = 3> <II = 1> <Delay = 2.15> <IPBlock> <Opcode : 'add' 'sub' 'mul' 'select'> <InPorts = 0> <OutPorts = 1> <Sync> <CReg>
ST_5 : Operation 1251 [1/1] (2.10ns)   --->   "%add_ln174_27 = add i17 %add_ln174_26, i17 %sext_ln174_132" [../cnn_hls.cpp:174]   --->   Operation 1251 'add' 'add_ln174_27' <Predicate = true> <Delay = 2.10> <CoreInst = "Adder">   --->   Core 1 'Adder' <Latency = 0> <II = 1> <Delay = 2.10> <FuncUnit> <Opcode : 'add' 'sub'> <InPorts = 2> <OutPorts = 1>
ST_5 : Operation 1252 [1/2] (2.10ns) (root node of the DSP)   --->   "%add_ln174_28 = add i17 %sext_ln174_63, i17 %sext_ln174_62" [../cnn_hls.cpp:174]   --->   Operation 1252 'add' 'add_ln174_28' <Predicate = true> <Delay = 2.10> <CoreInst = "DSP48">   --->   Core 116 'DSP48' <Latency = 3> <II = 1> <Delay = 2.15> <IPBlock> <Opcode : 'add' 'sub' 'mul' 'select'> <InPorts = 0> <OutPorts = 1> <Sync> <CReg>
ST_5 : Operation 1253 [1/1] (0.00ns)   --->   "%sext_ln174_135 = sext i17 %add_ln174_28" [../cnn_hls.cpp:174]   --->   Operation 1253 'sext' 'sext_ln174_135' <Predicate = true> <Delay = 0.00>
ST_5 : Operation 1254 [2/2] (2.10ns) (root node of the DSP)   --->   "%add_ln174_29 = add i18 %sext_ln174_135, i18 %sext_ln174_64" [../cnn_hls.cpp:174]   --->   Operation 1254 'add' 'add_ln174_29' <Predicate = true> <Delay = 2.10> <CoreInst = "DSP48">   --->   Core 116 'DSP48' <Latency = 3> <II = 1> <Delay = 2.15> <IPBlock> <Opcode : 'add' 'sub' 'mul' 'select'> <InPorts = 0> <OutPorts = 1> <Sync> <CReg>
ST_5 : Operation 1255 [1/2] (2.10ns) (root node of the DSP)   --->   "%add_ln174_30 = add i16 %zext_ln174_21, i16 %sext_ln174_61" [../cnn_hls.cpp:174]   --->   Operation 1255 'add' 'add_ln174_30' <Predicate = true> <Delay = 2.10> <CoreInst = "DSP48">   --->   Core 116 'DSP48' <Latency = 3> <II = 1> <Delay = 2.15> <IPBlock> <Opcode : 'add' 'sub' 'mul' 'select'> <InPorts = 0> <OutPorts = 1> <Sync> <CReg>
ST_5 : Operation 1256 [1/2] (2.10ns) (root node of the DSP)   --->   "%add_ln174_34 = add i17 %sext_ln174_59, i17 %sext_ln174_58" [../cnn_hls.cpp:174]   --->   Operation 1256 'add' 'add_ln174_34' <Predicate = true> <Delay = 2.10> <CoreInst = "DSP48">   --->   Core 116 'DSP48' <Latency = 3> <II = 1> <Delay = 2.15> <IPBlock> <Opcode : 'add' 'sub' 'mul' 'select'> <InPorts = 0> <OutPorts = 1> <Sync> <CReg>
ST_5 : Operation 1257 [2/2] (2.10ns) (root node of the DSP)   --->   "%add_ln174_35 = add i17 %add_ln174_34, i17 %sext_ln174_60" [../cnn_hls.cpp:174]   --->   Operation 1257 'add' 'add_ln174_35' <Predicate = true> <Delay = 2.10> <CoreInst = "DSP48">   --->   Core 116 'DSP48' <Latency = 3> <II = 1> <Delay = 2.15> <IPBlock> <Opcode : 'add' 'sub' 'mul' 'select'> <InPorts = 0> <OutPorts = 1> <Sync> <CReg>
ST_5 : Operation 1258 [1/1] (2.07ns)   --->   "%add_ln174_36 = add i17 %zext_ln174_20, i17 %sext_ln174_56" [../cnn_hls.cpp:174]   --->   Operation 1258 'add' 'add_ln174_36' <Predicate = true> <Delay = 2.07> <CoreInst = "Adder">   --->   Core 1 'Adder' <Latency = 0> <II = 1> <Delay = 2.07> <FuncUnit> <Opcode : 'add' 'sub'> <InPorts = 2> <OutPorts = 1>
ST_5 : Operation 1259 [1/1] (0.00ns)   --->   "%sext_ln174_141 = sext i17 %add_ln174_36" [../cnn_hls.cpp:174]   --->   Operation 1259 'sext' 'sext_ln174_141' <Predicate = true> <Delay = 0.00>
ST_5 : Operation 1260 [2/2] (2.10ns) (root node of the DSP)   --->   "%add_ln174_37 = add i18 %sext_ln174_141, i18 %sext_ln174_57" [../cnn_hls.cpp:174]   --->   Operation 1260 'add' 'add_ln174_37' <Predicate = true> <Delay = 2.10> <CoreInst = "DSP48">   --->   Core 116 'DSP48' <Latency = 3> <II = 1> <Delay = 2.15> <IPBlock> <Opcode : 'add' 'sub' 'mul' 'select'> <InPorts = 0> <OutPorts = 1> <Sync> <CReg>
ST_5 : Operation 1261 [1/2] (2.10ns) (root node of the DSP)   --->   "%add_ln174_40 = add i16 %sext_ln174_143, i16 %mul_ln174_86" [../cnn_hls.cpp:174]   --->   Operation 1261 'add' 'add_ln174_40' <Predicate = true> <Delay = 2.10> <CoreInst = "DSP48">   --->   Core 116 'DSP48' <Latency = 3> <II = 1> <Delay = 2.15> <IPBlock> <Opcode : 'add' 'sub' 'mul' 'select'> <InPorts = 0> <OutPorts = 1> <Sync> <CReg>
ST_5 : Operation 1262 [1/1] (0.00ns)   --->   "%sext_ln174_144 = sext i16 %add_ln174_40" [../cnn_hls.cpp:174]   --->   Operation 1262 'sext' 'sext_ln174_144' <Predicate = true> <Delay = 0.00>
ST_5 : Operation 1263 [1/1] (2.07ns)   --->   "%add_ln174_41 = add i16 %mul_ln174_82, i16 %zext_ln174_17" [../cnn_hls.cpp:174]   --->   Operation 1263 'add' 'add_ln174_41' <Predicate = true> <Delay = 2.07> <CoreInst = "Adder">   --->   Core 1 'Adder' <Latency = 0> <II = 1> <Delay = 2.07> <FuncUnit> <Opcode : 'add' 'sub'> <InPorts = 2> <OutPorts = 1>
ST_5 : Operation 1264 [1/1] (0.00ns)   --->   "%sext_ln174_145 = sext i16 %add_ln174_41" [../cnn_hls.cpp:174]   --->   Operation 1264 'sext' 'sext_ln174_145' <Predicate = true> <Delay = 0.00>
ST_5 : Operation 1265 [1/1] (0.00ns) (grouped into TernaryAdder)   --->   "%add_ln174_42 = add i17 %sext_ln174_145, i17 %zext_ln174_18" [../cnn_hls.cpp:174]   --->   Operation 1265 'add' 'add_ln174_42' <Predicate = true> <Delay = 0.00> <CoreInst = "TAddSub">   --->   Core 10 'TAddSub' <Latency = 0> <II = 1> <Delay = 2.01> <IPBlock> <Opcode : 'add' 'sub'> <InPorts = 3> <OutPorts = 1> <Sync> <CReg>
ST_5 : Operation 1266 [1/1] (3.93ns) (root node of TernaryAdder)   --->   "%add_ln174_43 = add i17 %add_ln174_42, i17 %sext_ln174_144" [../cnn_hls.cpp:174]   --->   Operation 1266 'add' 'add_ln174_43' <Predicate = true> <Delay = 3.93> <CoreInst = "TAddSub">   --->   Core 10 'TAddSub' <Latency = 0> <II = 1> <Delay = 2.01> <IPBlock> <Opcode : 'add' 'sub'> <InPorts = 3> <OutPorts = 1> <Sync> <CReg>
ST_5 : Operation 1267 [2/2] (2.10ns) (root node of the DSP)   --->   "%add_ln174_47 = add i16 %sext_ln174_53, i16 %sext_ln174_52" [../cnn_hls.cpp:174]   --->   Operation 1267 'add' 'add_ln174_47' <Predicate = true> <Delay = 2.10> <CoreInst = "DSP48">   --->   Core 116 'DSP48' <Latency = 3> <II = 1> <Delay = 2.15> <IPBlock> <Opcode : 'add' 'sub' 'mul' 'select'> <InPorts = 0> <OutPorts = 1> <Sync> <CReg>
ST_5 : Operation 1268 [2/2] (2.10ns) (root node of the DSP)   --->   "%add_ln174_52 = add i17 %sext_ln174_49, i17 %sext_ln174_48" [../cnn_hls.cpp:174]   --->   Operation 1268 'add' 'add_ln174_52' <Predicate = true> <Delay = 2.10> <CoreInst = "DSP48">   --->   Core 116 'DSP48' <Latency = 3> <II = 1> <Delay = 2.15> <IPBlock> <Opcode : 'add' 'sub' 'mul' 'select'> <InPorts = 0> <OutPorts = 1> <Sync> <CReg>
ST_5 : Operation 1269 [1/1] (1.94ns)   --->   "%add_ln174_54 = add i15 %mul_ln174_70, i15 %zext_ln174_13" [../cnn_hls.cpp:174]   --->   Operation 1269 'add' 'add_ln174_54' <Predicate = true> <Delay = 1.94> <CoreInst = "Adder">   --->   Core 1 'Adder' <Latency = 0> <II = 1> <Delay = 1.94> <FuncUnit> <Opcode : 'add' 'sub'> <InPorts = 2> <OutPorts = 1>
ST_5 : Operation 1270 [1/1] (0.00ns) (grouped into LUT with out node add_ln174_55)   --->   "%zext_ln174_48 = zext i15 %add_ln174_54" [../cnn_hls.cpp:174]   --->   Operation 1270 'zext' 'zext_ln174_48' <Predicate = true> <Delay = 0.00>
ST_5 : Operation 1271 [1/1] (1.94ns) (out node of the LUT)   --->   "%add_ln174_55 = add i17 %zext_ln174_48, i17 %sext_ln174_47" [../cnn_hls.cpp:174]   --->   Operation 1271 'add' 'add_ln174_55' <Predicate = true> <Delay = 1.94> <CoreInst = "Adder">   --->   Core 1 'Adder' <Latency = 0> <II = 1> <Delay = 1.94> <FuncUnit> <Opcode : 'add' 'sub'> <InPorts = 2> <OutPorts = 1>
ST_5 : Operation 1272 [1/1] (1.81ns) (out node of the LUT)   --->   "%add_ln174_58 = add i15 %sext_ln174_46, i15 %zext_ln174_12" [../cnn_hls.cpp:174]   --->   Operation 1272 'add' 'add_ln174_58' <Predicate = true> <Delay = 1.81> <CoreInst = "Adder">   --->   Core 1 'Adder' <Latency = 0> <II = 1> <Delay = 1.81> <FuncUnit> <Opcode : 'add' 'sub'> <InPorts = 2> <OutPorts = 1>
ST_5 : Operation 1273 [2/2] (2.10ns) (root node of the DSP)   --->   "%add_ln174_60 = add i16 %sext_ln174_44, i16 %tmp1" [../cnn_hls.cpp:174]   --->   Operation 1273 'add' 'add_ln174_60' <Predicate = true> <Delay = 2.10> <CoreInst = "DSP48">   --->   Core 116 'DSP48' <Latency = 3> <II = 1> <Delay = 2.15> <IPBlock> <Opcode : 'add' 'sub' 'mul' 'select'> <InPorts = 0> <OutPorts = 1> <Sync> <CReg>
ST_5 : Operation 1274 [2/2] (2.10ns) (root node of the DSP)   --->   "%add_ln174_63 = add i17 %sext_ln174_43, i17 %sext_ln174_42" [../cnn_hls.cpp:174]   --->   Operation 1274 'add' 'add_ln174_63' <Predicate = true> <Delay = 2.10> <CoreInst = "DSP48">   --->   Core 116 'DSP48' <Latency = 3> <II = 1> <Delay = 2.15> <IPBlock> <Opcode : 'add' 'sub' 'mul' 'select'> <InPorts = 0> <OutPorts = 1> <Sync> <CReg>
ST_5 : Operation 1275 [1/2] (2.10ns) (root node of the DSP)   --->   "%add_ln174_65 = add i16 %sext_ln174_40, i16 %mul_ln174_58" [../cnn_hls.cpp:174]   --->   Operation 1275 'add' 'add_ln174_65' <Predicate = true> <Delay = 2.10> <CoreInst = "DSP48">   --->   Core 116 'DSP48' <Latency = 3> <II = 1> <Delay = 2.15> <IPBlock> <Opcode : 'add' 'sub' 'mul' 'select'> <InPorts = 0> <OutPorts = 1> <Sync> <CReg>
ST_5 : Operation 1276 [2/2] (2.10ns) (root node of the DSP)   --->   "%add_ln174_66 = add i16 %add_ln174_65, i16 %sext_ln174_41" [../cnn_hls.cpp:174]   --->   Operation 1276 'add' 'add_ln174_66' <Predicate = true> <Delay = 2.10> <CoreInst = "DSP48">   --->   Core 116 'DSP48' <Latency = 3> <II = 1> <Delay = 2.15> <IPBlock> <Opcode : 'add' 'sub' 'mul' 'select'> <InPorts = 0> <OutPorts = 1> <Sync> <CReg>
ST_5 : Operation 1277 [1/1] (0.00ns) (grouped into LUT with out node add_ln174_71)   --->   "%sext_ln174_162 = sext i15 %add_ln174_70" [../cnn_hls.cpp:174]   --->   Operation 1277 'sext' 'sext_ln174_162' <Predicate = true> <Delay = 0.00>
ST_5 : Operation 1278 [1/1] (1.94ns) (out node of the LUT)   --->   "%add_ln174_71 = add i16 %sext_ln174_162, i16 %sext_ln174_39" [../cnn_hls.cpp:174]   --->   Operation 1278 'add' 'add_ln174_71' <Predicate = true> <Delay = 1.94> <CoreInst = "Adder">   --->   Core 1 'Adder' <Latency = 0> <II = 1> <Delay = 1.94> <FuncUnit> <Opcode : 'add' 'sub'> <InPorts = 2> <OutPorts = 1>
ST_5 : Operation 1279 [1/2] (2.10ns) (root node of the DSP)   --->   "%add_ln174_72 = add i16 %sext_ln174_37, i16 %mul_ln174_52" [../cnn_hls.cpp:174]   --->   Operation 1279 'add' 'add_ln174_72' <Predicate = true> <Delay = 2.10> <CoreInst = "DSP48">   --->   Core 116 'DSP48' <Latency = 3> <II = 1> <Delay = 2.15> <IPBlock> <Opcode : 'add' 'sub' 'mul' 'select'> <InPorts = 0> <OutPorts = 1> <Sync> <CReg>
ST_5 : Operation 1280 [1/1] (0.00ns)   --->   "%sext_ln174_164 = sext i16 %add_ln174_72" [../cnn_hls.cpp:174]   --->   Operation 1280 'sext' 'sext_ln174_164' <Predicate = true> <Delay = 0.00>
ST_5 : Operation 1281 [2/2] (2.10ns) (root node of the DSP)   --->   "%add_ln174_73 = add i17 %sext_ln174_164, i17 %sext_ln174_38" [../cnn_hls.cpp:174]   --->   Operation 1281 'add' 'add_ln174_73' <Predicate = true> <Delay = 2.10> <CoreInst = "DSP48">   --->   Core 116 'DSP48' <Latency = 3> <II = 1> <Delay = 2.15> <IPBlock> <Opcode : 'add' 'sub' 'mul' 'select'> <InPorts = 0> <OutPorts = 1> <Sync> <CReg>
ST_5 : Operation 1282 [1/2] (2.10ns) (root node of the DSP)   --->   "%add_ln174_75 = add i16 %mul_ln174_50, i16 %sext_ln174_34" [../cnn_hls.cpp:174]   --->   Operation 1282 'add' 'add_ln174_75' <Predicate = true> <Delay = 2.10> <CoreInst = "DSP48">   --->   Core 116 'DSP48' <Latency = 3> <II = 1> <Delay = 2.15> <IPBlock> <Opcode : 'add' 'sub' 'mul' 'select'> <InPorts = 0> <OutPorts = 1> <Sync> <CReg>
ST_5 : Operation 1283 [1/1] (0.00ns)   --->   "%sext_ln174_166 = sext i16 %add_ln174_75" [../cnn_hls.cpp:174]   --->   Operation 1283 'sext' 'sext_ln174_166' <Predicate = true> <Delay = 0.00>
ST_5 : Operation 1284 [1/1] (0.00ns) (grouped into TernaryAdder)   --->   "%add_ln174_76 = add i17 %sext_ln174_166, i17 %sext_ln174_36" [../cnn_hls.cpp:174]   --->   Operation 1284 'add' 'add_ln174_76' <Predicate = true> <Delay = 0.00> <CoreInst = "TAddSub">   --->   Core 10 'TAddSub' <Latency = 0> <II = 1> <Delay = 2.01> <IPBlock> <Opcode : 'add' 'sub'> <InPorts = 3> <OutPorts = 1> <Sync> <CReg>
ST_5 : Operation 1285 [1/2] (2.10ns) (root node of the DSP)   --->   "%add_ln174_78 = add i16 %add_ln174_77, i16 %sext_ln174_33" [../cnn_hls.cpp:174]   --->   Operation 1285 'add' 'add_ln174_78' <Predicate = true> <Delay = 2.10> <CoreInst = "DSP48">   --->   Core 116 'DSP48' <Latency = 3> <II = 1> <Delay = 2.15> <IPBlock> <Opcode : 'add' 'sub' 'mul' 'select'> <InPorts = 0> <OutPorts = 1> <Sync> <CReg>
ST_5 : Operation 1286 [1/1] (0.00ns)   --->   "%sext_ln174_167 = sext i16 %add_ln174_78" [../cnn_hls.cpp:174]   --->   Operation 1286 'sext' 'sext_ln174_167' <Predicate = true> <Delay = 0.00>
ST_5 : Operation 1287 [1/1] (3.93ns) (root node of TernaryAdder)   --->   "%add_ln174_79 = add i17 %sext_ln174_167, i17 %add_ln174_76" [../cnn_hls.cpp:174]   --->   Operation 1287 'add' 'add_ln174_79' <Predicate = true> <Delay = 3.93> <CoreInst = "TAddSub">   --->   Core 10 'TAddSub' <Latency = 0> <II = 1> <Delay = 2.01> <IPBlock> <Opcode : 'add' 'sub'> <InPorts = 3> <OutPorts = 1> <Sync> <CReg>
ST_5 : Operation 1288 [1/2] (2.10ns) (root node of the DSP)   --->   "%add_ln174_81 = add i16 %sext_ln174_30, i16 %mul_ln174_43" [../cnn_hls.cpp:174]   --->   Operation 1288 'add' 'add_ln174_81' <Predicate = true> <Delay = 2.10> <CoreInst = "DSP48">   --->   Core 116 'DSP48' <Latency = 3> <II = 1> <Delay = 2.15> <IPBlock> <Opcode : 'add' 'sub' 'mul' 'select'> <InPorts = 0> <OutPorts = 1> <Sync> <CReg>
ST_5 : Operation 1289 [2/2] (2.10ns) (root node of the DSP)   --->   "%add_ln174_82 = add i16 %add_ln174_81, i16 %sext_ln174_31" [../cnn_hls.cpp:174]   --->   Operation 1289 'add' 'add_ln174_82' <Predicate = true> <Delay = 2.10> <CoreInst = "DSP48">   --->   Core 116 'DSP48' <Latency = 3> <II = 1> <Delay = 2.15> <IPBlock> <Opcode : 'add' 'sub' 'mul' 'select'> <InPorts = 0> <OutPorts = 1> <Sync> <CReg>
ST_5 : Operation 1290 [1/2] (2.10ns) (root node of the DSP)   --->   "%add_ln174_83 = add i17 %sext_ln174_28, i17 %sext_ln174_27" [../cnn_hls.cpp:174]   --->   Operation 1290 'add' 'add_ln174_83' <Predicate = true> <Delay = 2.10> <CoreInst = "DSP48">   --->   Core 116 'DSP48' <Latency = 3> <II = 1> <Delay = 2.15> <IPBlock> <Opcode : 'add' 'sub' 'mul' 'select'> <InPorts = 0> <OutPorts = 1> <Sync> <CReg>
ST_5 : Operation 1291 [1/1] (0.00ns)   --->   "%sext_ln174_171 = sext i17 %add_ln174_83" [../cnn_hls.cpp:174]   --->   Operation 1291 'sext' 'sext_ln174_171' <Predicate = true> <Delay = 0.00>
ST_5 : Operation 1292 [2/2] (2.10ns) (root node of the DSP)   --->   "%add_ln174_84 = add i18 %sext_ln174_171, i18 %sext_ln174_29" [../cnn_hls.cpp:174]   --->   Operation 1292 'add' 'add_ln174_84' <Predicate = true> <Delay = 2.10> <CoreInst = "DSP48">   --->   Core 116 'DSP48' <Latency = 3> <II = 1> <Delay = 2.15> <IPBlock> <Opcode : 'add' 'sub' 'mul' 'select'> <InPorts = 0> <OutPorts = 1> <Sync> <CReg>
ST_5 : Operation 1293 [1/2] (2.10ns) (root node of the DSP)   --->   "%add_ln174_86 = add i15 %sext_ln174_25, i15 %mul_ln174_37" [../cnn_hls.cpp:174]   --->   Operation 1293 'add' 'add_ln174_86' <Predicate = true> <Delay = 2.10> <CoreInst = "DSP48">   --->   Core 116 'DSP48' <Latency = 3> <II = 1> <Delay = 2.15> <IPBlock> <Opcode : 'add' 'sub' 'mul' 'select'> <InPorts = 0> <OutPorts = 1> <Sync> <CReg>
ST_5 : Operation 1294 [1/1] (0.00ns)   --->   "%sext_ln174_173 = sext i15 %add_ln174_86" [../cnn_hls.cpp:174]   --->   Operation 1294 'sext' 'sext_ln174_173' <Predicate = true> <Delay = 0.00>
ST_5 : Operation 1295 [2/2] (2.10ns) (root node of the DSP)   --->   "%add_ln174_87 = add i16 %sext_ln174_173, i16 %sext_ln174_26" [../cnn_hls.cpp:174]   --->   Operation 1295 'add' 'add_ln174_87' <Predicate = true> <Delay = 2.10> <CoreInst = "DSP48">   --->   Core 116 'DSP48' <Latency = 3> <II = 1> <Delay = 2.15> <IPBlock> <Opcode : 'add' 'sub' 'mul' 'select'> <InPorts = 0> <OutPorts = 1> <Sync> <CReg>
ST_5 : Operation 1296 [1/2] (2.10ns) (root node of the DSP)   --->   "%add_ln174_88 = add i16 %mul_ln174_35, i16 %mul_ln174_34" [../cnn_hls.cpp:174]   --->   Operation 1296 'add' 'add_ln174_88' <Predicate = true> <Delay = 2.10> <CoreInst = "DSP48">   --->   Core 116 'DSP48' <Latency = 3> <II = 1> <Delay = 2.15> <IPBlock> <Opcode : 'add' 'sub' 'mul' 'select'> <InPorts = 0> <OutPorts = 1> <Sync> <CReg>
ST_5 : Operation 1297 [1/1] (2.07ns)   --->   "%add_ln174_89 = add i16 %add_ln174_88, i16 %zext_ln174_6" [../cnn_hls.cpp:174]   --->   Operation 1297 'add' 'add_ln174_89' <Predicate = true> <Delay = 2.07> <CoreInst = "Adder">   --->   Core 1 'Adder' <Latency = 0> <II = 1> <Delay = 2.07> <FuncUnit> <Opcode : 'add' 'sub'> <InPorts = 2> <OutPorts = 1>
ST_5 : Operation 1298 [1/2] (2.10ns) (root node of the DSP)   --->   "%add_ln174_95 = add i16 %sext_ln174_24, i16 %sext_ln174_23" [../cnn_hls.cpp:174]   --->   Operation 1298 'add' 'add_ln174_95' <Predicate = true> <Delay = 2.10> <CoreInst = "DSP48">   --->   Core 116 'DSP48' <Latency = 3> <II = 1> <Delay = 2.15> <IPBlock> <Opcode : 'add' 'sub' 'mul' 'select'> <InPorts = 0> <OutPorts = 1> <Sync> <CReg>
ST_5 : Operation 1299 [1/1] (2.07ns)   --->   "%add_ln174_96 = add i16 %add_ln174_95, i16 %zext_ln174_5" [../cnn_hls.cpp:174]   --->   Operation 1299 'add' 'add_ln174_96' <Predicate = true> <Delay = 2.07> <CoreInst = "Adder">   --->   Core 1 'Adder' <Latency = 0> <II = 1> <Delay = 2.07> <FuncUnit> <Opcode : 'add' 'sub'> <InPorts = 2> <OutPorts = 1>
ST_5 : Operation 1300 [1/2] (2.10ns) (root node of the DSP)   --->   "%add_ln174_97 = add i16 %sext_ln174_21, i16 %sext_ln174_20" [../cnn_hls.cpp:174]   --->   Operation 1300 'add' 'add_ln174_97' <Predicate = true> <Delay = 2.10> <CoreInst = "DSP48">   --->   Core 116 'DSP48' <Latency = 3> <II = 1> <Delay = 2.15> <IPBlock> <Opcode : 'add' 'sub' 'mul' 'select'> <InPorts = 0> <OutPorts = 1> <Sync> <CReg>
ST_5 : Operation 1301 [2/2] (2.10ns) (root node of the DSP)   --->   "%add_ln174_98 = add i16 %add_ln174_97, i16 %sext_ln174_22" [../cnn_hls.cpp:174]   --->   Operation 1301 'add' 'add_ln174_98' <Predicate = true> <Delay = 2.10> <CoreInst = "DSP48">   --->   Core 116 'DSP48' <Latency = 3> <II = 1> <Delay = 2.15> <IPBlock> <Opcode : 'add' 'sub' 'mul' 'select'> <InPorts = 0> <OutPorts = 1> <Sync> <CReg>
ST_5 : Operation 1302 [2/2] (2.10ns) (root node of the DSP)   --->   "%add_ln174_100 = add i17 %sext_ln174_18, i17 %sext_ln174_17" [../cnn_hls.cpp:174]   --->   Operation 1302 'add' 'add_ln174_100' <Predicate = true> <Delay = 2.10> <CoreInst = "DSP48">   --->   Core 116 'DSP48' <Latency = 3> <II = 1> <Delay = 2.15> <IPBlock> <Opcode : 'add' 'sub' 'mul' 'select'> <InPorts = 0> <OutPorts = 1> <Sync> <CReg>
ST_5 : Operation 1303 [1/2] (2.10ns) (root node of the DSP)   --->   "%add_ln174_102 = add i16 %mul_ln174_23, i16 %sext_ln174_15" [../cnn_hls.cpp:174]   --->   Operation 1303 'add' 'add_ln174_102' <Predicate = true> <Delay = 2.10> <CoreInst = "DSP48">   --->   Core 116 'DSP48' <Latency = 3> <II = 1> <Delay = 2.15> <IPBlock> <Opcode : 'add' 'sub' 'mul' 'select'> <InPorts = 0> <OutPorts = 1> <Sync> <CReg>
ST_5 : Operation 1304 [2/2] (2.10ns) (root node of the DSP)   --->   "%add_ln174_103 = add i16 %add_ln174_102, i16 %sext_ln174_16" [../cnn_hls.cpp:174]   --->   Operation 1304 'add' 'add_ln174_103' <Predicate = true> <Delay = 2.10> <CoreInst = "DSP48">   --->   Core 116 'DSP48' <Latency = 3> <II = 1> <Delay = 2.15> <IPBlock> <Opcode : 'add' 'sub' 'mul' 'select'> <InPorts = 0> <OutPorts = 1> <Sync> <CReg>
ST_5 : Operation 1305 [1/2] (2.10ns) (root node of the DSP)   --->   "%add_ln174_106 = add i16 %mul_ln174_20, i16 %sext_ln174_13" [../cnn_hls.cpp:174]   --->   Operation 1305 'add' 'add_ln174_106' <Predicate = true> <Delay = 2.10> <CoreInst = "DSP48">   --->   Core 116 'DSP48' <Latency = 3> <II = 1> <Delay = 2.15> <IPBlock> <Opcode : 'add' 'sub' 'mul' 'select'> <InPorts = 0> <OutPorts = 1> <Sync> <CReg>
ST_5 : Operation 1306 [2/2] (2.10ns) (root node of the DSP)   --->   "%add_ln174_107 = add i16 %add_ln174_106, i16 %sext_ln174_14" [../cnn_hls.cpp:174]   --->   Operation 1306 'add' 'add_ln174_107' <Predicate = true> <Delay = 2.10> <CoreInst = "DSP48">   --->   Core 116 'DSP48' <Latency = 3> <II = 1> <Delay = 2.15> <IPBlock> <Opcode : 'add' 'sub' 'mul' 'select'> <InPorts = 0> <OutPorts = 1> <Sync> <CReg>
ST_5 : Operation 1307 [1/2] (2.10ns) (root node of the DSP)   --->   "%add_ln174_108 = add i17 %sext_ln174_11, i17 %sext_ln174_10" [../cnn_hls.cpp:174]   --->   Operation 1307 'add' 'add_ln174_108' <Predicate = true> <Delay = 2.10> <CoreInst = "DSP48">   --->   Core 116 'DSP48' <Latency = 3> <II = 1> <Delay = 2.15> <IPBlock> <Opcode : 'add' 'sub' 'mul' 'select'> <InPorts = 0> <OutPorts = 1> <Sync> <CReg>
ST_5 : Operation 1308 [2/2] (2.10ns) (root node of the DSP)   --->   "%add_ln174_109 = add i17 %add_ln174_108, i17 %sext_ln174_12" [../cnn_hls.cpp:174]   --->   Operation 1308 'add' 'add_ln174_109' <Predicate = true> <Delay = 2.10> <CoreInst = "DSP48">   --->   Core 116 'DSP48' <Latency = 3> <II = 1> <Delay = 2.15> <IPBlock> <Opcode : 'add' 'sub' 'mul' 'select'> <InPorts = 0> <OutPorts = 1> <Sync> <CReg>
ST_5 : Operation 1309 [1/2] (2.10ns) (root node of the DSP)   --->   "%add_ln174_111 = add i17 %sext_ln174_9, i17 %sext_ln174_8" [../cnn_hls.cpp:174]   --->   Operation 1309 'add' 'add_ln174_111' <Predicate = true> <Delay = 2.10> <CoreInst = "DSP48">   --->   Core 116 'DSP48' <Latency = 3> <II = 1> <Delay = 2.15> <IPBlock> <Opcode : 'add' 'sub' 'mul' 'select'> <InPorts = 0> <OutPorts = 1> <Sync> <CReg>
ST_5 : Operation 1310 [1/1] (0.00ns) (grouped into TernaryAdder)   --->   "%add_ln174_112 = add i17 %add_ln174_111, i17 %zext_ln174_2" [../cnn_hls.cpp:174]   --->   Operation 1310 'add' 'add_ln174_112' <Predicate = true> <Delay = 0.00> <CoreInst = "TAddSub">   --->   Core 10 'TAddSub' <Latency = 0> <II = 1> <Delay = 2.01> <IPBlock> <Opcode : 'add' 'sub'> <InPorts = 3> <OutPorts = 1> <Sync> <CReg>
ST_5 : Operation 1311 [1/2] (2.10ns) (root node of the DSP)   --->   "%add_ln174_114 = add i17 %sext_ln174_188, i17 %sext_ln174_7" [../cnn_hls.cpp:174]   --->   Operation 1311 'add' 'add_ln174_114' <Predicate = true> <Delay = 2.10> <CoreInst = "DSP48">   --->   Core 116 'DSP48' <Latency = 3> <II = 1> <Delay = 2.15> <IPBlock> <Opcode : 'add' 'sub' 'mul' 'select'> <InPorts = 0> <OutPorts = 1> <Sync> <CReg>
ST_5 : Operation 1312 [1/1] (3.93ns) (root node of TernaryAdder)   --->   "%add_ln174_115 = add i17 %add_ln174_114, i17 %add_ln174_112" [../cnn_hls.cpp:174]   --->   Operation 1312 'add' 'add_ln174_115' <Predicate = true> <Delay = 3.93> <CoreInst = "TAddSub">   --->   Core 10 'TAddSub' <Latency = 0> <II = 1> <Delay = 2.01> <IPBlock> <Opcode : 'add' 'sub'> <InPorts = 3> <OutPorts = 1> <Sync> <CReg>
ST_5 : Operation 1313 [1/2] (2.10ns) (root node of the DSP)   --->   "%add_ln174_118 = add i17 %sext_ln174_4, i17 %sext_ln174_3" [../cnn_hls.cpp:174]   --->   Operation 1313 'add' 'add_ln174_118' <Predicate = true> <Delay = 2.10> <CoreInst = "DSP48">   --->   Core 116 'DSP48' <Latency = 3> <II = 1> <Delay = 2.15> <IPBlock> <Opcode : 'add' 'sub' 'mul' 'select'> <InPorts = 0> <OutPorts = 1> <Sync> <CReg>
ST_5 : Operation 1314 [2/2] (2.10ns) (root node of the DSP)   --->   "%add_ln174_119 = add i17 %add_ln174_118, i17 %sext_ln174_5" [../cnn_hls.cpp:174]   --->   Operation 1314 'add' 'add_ln174_119' <Predicate = true> <Delay = 2.10> <CoreInst = "DSP48">   --->   Core 116 'DSP48' <Latency = 3> <II = 1> <Delay = 2.15> <IPBlock> <Opcode : 'add' 'sub' 'mul' 'select'> <InPorts = 0> <OutPorts = 1> <Sync> <CReg>
ST_5 : Operation 1315 [1/2] (2.10ns) (root node of the DSP)   --->   "%add_ln174_120 = add i16 %mul_ln174_5, i16 %sext_ln174_1" [../cnn_hls.cpp:174]   --->   Operation 1315 'add' 'add_ln174_120' <Predicate = true> <Delay = 2.10> <CoreInst = "DSP48">   --->   Core 116 'DSP48' <Latency = 3> <II = 1> <Delay = 2.15> <IPBlock> <Opcode : 'add' 'sub' 'mul' 'select'> <InPorts = 0> <OutPorts = 1> <Sync> <CReg>
ST_5 : Operation 1316 [2/2] (2.10ns) (root node of the DSP)   --->   "%add_ln174_121 = add i16 %add_ln174_120, i16 %sext_ln174_2" [../cnn_hls.cpp:174]   --->   Operation 1316 'add' 'add_ln174_121' <Predicate = true> <Delay = 2.10> <CoreInst = "DSP48">   --->   Core 116 'DSP48' <Latency = 3> <II = 1> <Delay = 2.15> <IPBlock> <Opcode : 'add' 'sub' 'mul' 'select'> <InPorts = 0> <OutPorts = 1> <Sync> <CReg>
ST_5 : Operation 1317 [1/2] (2.10ns) (root node of the DSP)   --->   "%add_ln174_124 = add i16 %zext_ln174_49, i16 %mul_ln174_3" [../cnn_hls.cpp:174]   --->   Operation 1317 'add' 'add_ln174_124' <Predicate = true> <Delay = 2.10> <CoreInst = "DSP48">   --->   Core 116 'DSP48' <Latency = 3> <II = 1> <Delay = 2.15> <IPBlock> <Opcode : 'add' 'sub' 'mul' 'select'> <InPorts = 0> <OutPorts = 1> <Sync> <CReg>
ST_5 : Operation 1318 [1/1] (0.00ns)   --->   "%sext_ln174_194 = sext i16 %add_ln174_124" [../cnn_hls.cpp:174]   --->   Operation 1318 'sext' 'sext_ln174_194' <Predicate = true> <Delay = 0.00>
ST_5 : Operation 1319 [1/2] (2.10ns) (root node of the DSP)   --->   "%add_ln174_126 = add i17 %sext_ln174_195, i17 %sext_ln174" [../cnn_hls.cpp:174]   --->   Operation 1319 'add' 'add_ln174_126' <Predicate = true> <Delay = 2.10> <CoreInst = "DSP48">   --->   Core 116 'DSP48' <Latency = 3> <II = 1> <Delay = 2.15> <IPBlock> <Opcode : 'add' 'sub' 'mul' 'select'> <InPorts = 0> <OutPorts = 1> <Sync> <CReg>
ST_5 : Operation 1320 [1/1] (0.00ns)   --->   "%sext_ln174_196 = sext i17 %add_ln174_126" [../cnn_hls.cpp:174]   --->   Operation 1320 'sext' 'sext_ln174_196' <Predicate = true> <Delay = 0.00>
ST_5 : Operation 1321 [1/1] (2.10ns)   --->   "%add_ln174_127 = add i18 %sext_ln174_196, i18 %sext_ln174_194" [../cnn_hls.cpp:174]   --->   Operation 1321 'add' 'add_ln174_127' <Predicate = true> <Delay = 2.10> <CoreInst = "Adder">   --->   Core 1 'Adder' <Latency = 0> <II = 1> <Delay = 2.10> <FuncUnit> <Opcode : 'add' 'sub'> <InPorts = 2> <OutPorts = 1>
ST_5 : Operation 1322 [1/2] (2.10ns) (root node of the DSP)   --->   "%add_ln174_129 = add i16 %mul_ln174_186, i16 %sext_ln174_113" [../cnn_hls.cpp:174]   --->   Operation 1322 'add' 'add_ln174_129' <Predicate = true> <Delay = 2.10> <CoreInst = "DSP48">   --->   Core 116 'DSP48' <Latency = 3> <II = 1> <Delay = 2.15> <IPBlock> <Opcode : 'add' 'sub' 'mul' 'select'> <InPorts = 0> <OutPorts = 1> <Sync> <CReg>
ST_5 : Operation 1323 [1/1] (0.00ns)   --->   "%sext_ln174_198 = sext i16 %add_ln174_129" [../cnn_hls.cpp:174]   --->   Operation 1323 'sext' 'sext_ln174_198' <Predicate = true> <Delay = 0.00>
ST_5 : Operation 1324 [2/2] (2.10ns) (root node of the DSP)   --->   "%add_ln174_130 = add i17 %sext_ln174_198, i17 %sext_ln174_114" [../cnn_hls.cpp:174]   --->   Operation 1324 'add' 'add_ln174_130' <Predicate = true> <Delay = 2.10> <CoreInst = "DSP48">   --->   Core 116 'DSP48' <Latency = 3> <II = 1> <Delay = 2.15> <IPBlock> <Opcode : 'add' 'sub' 'mul' 'select'> <InPorts = 0> <OutPorts = 1> <Sync> <CReg>
ST_5 : Operation 1325 [1/2] (2.10ns) (root node of the DSP)   --->   "%add_ln174_131 = add i16 %mul_ln174_183, i16 %mul_ln174_182" [../cnn_hls.cpp:174]   --->   Operation 1325 'add' 'add_ln174_131' <Predicate = true> <Delay = 2.10> <CoreInst = "DSP48">   --->   Core 116 'DSP48' <Latency = 3> <II = 1> <Delay = 2.15> <IPBlock> <Opcode : 'add' 'sub' 'mul' 'select'> <InPorts = 0> <OutPorts = 1> <Sync> <CReg>
ST_5 : Operation 1326 [1/1] (0.00ns)   --->   "%sext_ln174_200 = sext i16 %add_ln174_131" [../cnn_hls.cpp:174]   --->   Operation 1326 'sext' 'sext_ln174_200' <Predicate = true> <Delay = 0.00>
ST_5 : Operation 1327 [1/1] (2.07ns)   --->   "%add_ln174_132 = add i17 %sext_ln174_200, i17 %sext_ln174_112" [../cnn_hls.cpp:174]   --->   Operation 1327 'add' 'add_ln174_132' <Predicate = true> <Delay = 2.07> <CoreInst = "Adder">   --->   Core 1 'Adder' <Latency = 0> <II = 1> <Delay = 2.07> <FuncUnit> <Opcode : 'add' 'sub'> <InPorts = 2> <OutPorts = 1>
ST_5 : Operation 1328 [1/2] (2.10ns) (root node of the DSP)   --->   "%add_ln174_135 = add i16 %sext_ln174_202, i16 %sext_ln174_111" [../cnn_hls.cpp:174]   --->   Operation 1328 'add' 'add_ln174_135' <Predicate = true> <Delay = 2.10> <CoreInst = "DSP48">   --->   Core 116 'DSP48' <Latency = 3> <II = 1> <Delay = 2.15> <IPBlock> <Opcode : 'add' 'sub' 'mul' 'select'> <InPorts = 0> <OutPorts = 1> <Sync> <CReg>
ST_5 : Operation 1329 [1/1] (0.00ns)   --->   "%sext_ln174_203 = sext i16 %add_ln174_135" [../cnn_hls.cpp:174]   --->   Operation 1329 'sext' 'sext_ln174_203' <Predicate = true> <Delay = 0.00>
ST_5 : Operation 1330 [1/1] (0.00ns)   --->   "%sext_ln174_204 = sext i16 %add_ln174_136" [../cnn_hls.cpp:174]   --->   Operation 1330 'sext' 'sext_ln174_204' <Predicate = true> <Delay = 0.00>
ST_5 : Operation 1331 [1/1] (0.00ns) (grouped into TernaryAdder)   --->   "%add_ln174_137 = add i17 %sext_ln174_204, i17 %zext_ln174_47" [../cnn_hls.cpp:174]   --->   Operation 1331 'add' 'add_ln174_137' <Predicate = true> <Delay = 0.00> <CoreInst = "TAddSub">   --->   Core 10 'TAddSub' <Latency = 0> <II = 1> <Delay = 2.01> <IPBlock> <Opcode : 'add' 'sub'> <InPorts = 3> <OutPorts = 1> <Sync> <CReg>
ST_5 : Operation 1332 [1/1] (3.93ns) (root node of TernaryAdder)   --->   "%add_ln174_138 = add i17 %add_ln174_137, i17 %sext_ln174_203" [../cnn_hls.cpp:174]   --->   Operation 1332 'add' 'add_ln174_138' <Predicate = true> <Delay = 3.93> <CoreInst = "TAddSub">   --->   Core 10 'TAddSub' <Latency = 0> <II = 1> <Delay = 2.01> <IPBlock> <Opcode : 'add' 'sub'> <InPorts = 3> <OutPorts = 1> <Sync> <CReg>
ST_5 : Operation 1333 [1/2] (2.10ns) (root node of the DSP)   --->   "%add_ln174_142 = add i16 %sext_ln174_108, i16 %sext_ln174_107" [../cnn_hls.cpp:174]   --->   Operation 1333 'add' 'add_ln174_142' <Predicate = true> <Delay = 2.10> <CoreInst = "DSP48">   --->   Core 116 'DSP48' <Latency = 3> <II = 1> <Delay = 2.15> <IPBlock> <Opcode : 'add' 'sub' 'mul' 'select'> <InPorts = 0> <OutPorts = 1> <Sync> <CReg>
ST_5 : Operation 1334 [1/1] (2.07ns) (out node of the LUT)   --->   "%add_ln174_143 = add i16 %add_ln174_142, i16 %zext_ln174_45" [../cnn_hls.cpp:174]   --->   Operation 1334 'add' 'add_ln174_143' <Predicate = true> <Delay = 2.07> <CoreInst = "Adder">   --->   Core 1 'Adder' <Latency = 0> <II = 1> <Delay = 2.07> <FuncUnit> <Opcode : 'add' 'sub'> <InPorts = 2> <OutPorts = 1>
ST_5 : Operation 1335 [1/1] (0.00ns)   --->   "%sext_ln174_209 = sext i16 %add_ln174_143" [../cnn_hls.cpp:174]   --->   Operation 1335 'sext' 'sext_ln174_209' <Predicate = true> <Delay = 0.00>
ST_5 : Operation 1336 [1/2] (2.10ns) (root node of the DSP)   --->   "%add_ln174_145 = add i17 %sext_ln174_210, i17 %sext_ln174_106" [../cnn_hls.cpp:174]   --->   Operation 1336 'add' 'add_ln174_145' <Predicate = true> <Delay = 2.10> <CoreInst = "DSP48">   --->   Core 116 'DSP48' <Latency = 3> <II = 1> <Delay = 2.15> <IPBlock> <Opcode : 'add' 'sub' 'mul' 'select'> <InPorts = 0> <OutPorts = 1> <Sync> <CReg>
ST_5 : Operation 1337 [1/1] (2.10ns)   --->   "%add_ln174_146 = add i17 %add_ln174_145, i17 %sext_ln174_209" [../cnn_hls.cpp:174]   --->   Operation 1337 'add' 'add_ln174_146' <Predicate = true> <Delay = 2.10> <CoreInst = "Adder">   --->   Core 1 'Adder' <Latency = 0> <II = 1> <Delay = 2.10> <FuncUnit> <Opcode : 'add' 'sub'> <InPorts = 2> <OutPorts = 1>
ST_5 : Operation 1338 [1/1] (2.07ns)   --->   "%add_ln174_147 = add i16 %zext_ln174_41, i16 %mul_ln174_167" [../cnn_hls.cpp:174]   --->   Operation 1338 'add' 'add_ln174_147' <Predicate = true> <Delay = 2.07> <CoreInst = "Adder">   --->   Core 1 'Adder' <Latency = 0> <II = 1> <Delay = 2.07> <FuncUnit> <Opcode : 'add' 'sub'> <InPorts = 2> <OutPorts = 1>
ST_5 : Operation 1339 [1/1] (0.00ns)   --->   "%sext_ln174_212 = sext i16 %add_ln174_147" [../cnn_hls.cpp:174]   --->   Operation 1339 'sext' 'sext_ln174_212' <Predicate = true> <Delay = 0.00>
ST_5 : Operation 1340 [1/1] (2.07ns)   --->   "%add_ln174_148 = add i17 %sext_ln174_212, i17 %zext_ln174_42" [../cnn_hls.cpp:174]   --->   Operation 1340 'add' 'add_ln174_148' <Predicate = true> <Delay = 2.07> <CoreInst = "Adder">   --->   Core 1 'Adder' <Latency = 0> <II = 1> <Delay = 2.07> <FuncUnit> <Opcode : 'add' 'sub'> <InPorts = 2> <OutPorts = 1>
ST_5 : Operation 1341 [1/1] (0.00ns)   --->   "%sext_ln174_213 = sext i17 %add_ln174_148" [../cnn_hls.cpp:174]   --->   Operation 1341 'sext' 'sext_ln174_213' <Predicate = true> <Delay = 0.00>
ST_5 : Operation 1342 [1/1] (0.00ns)   --->   "%sext_ln174_214 = sext i16 %add_ln174_150" [../cnn_hls.cpp:174]   --->   Operation 1342 'sext' 'sext_ln174_214' <Predicate = true> <Delay = 0.00>
ST_5 : Operation 1343 [1/1] (2.10ns)   --->   "%add_ln174_151 = add i18 %sext_ln174_214, i18 %sext_ln174_213" [../cnn_hls.cpp:174]   --->   Operation 1343 'add' 'add_ln174_151' <Predicate = true> <Delay = 2.10> <CoreInst = "Adder">   --->   Core 1 'Adder' <Latency = 0> <II = 1> <Delay = 2.10> <FuncUnit> <Opcode : 'add' 'sub'> <InPorts = 2> <OutPorts = 1>
ST_5 : Operation 1344 [1/2] (2.10ns) (root node of the DSP)   --->   "%add_ln174_154 = add i16 %add_ln174_153, i16 %sext_ln174_103" [../cnn_hls.cpp:174]   --->   Operation 1344 'add' 'add_ln174_154' <Predicate = true> <Delay = 2.10> <CoreInst = "DSP48">   --->   Core 116 'DSP48' <Latency = 3> <II = 1> <Delay = 2.15> <IPBlock> <Opcode : 'add' 'sub' 'mul' 'select'> <InPorts = 0> <OutPorts = 1> <Sync> <CReg>
ST_5 : Operation 1345 [1/1] (0.00ns)   --->   "%sext_ln174_216 = sext i16 %add_ln174_154" [../cnn_hls.cpp:174]   --->   Operation 1345 'sext' 'sext_ln174_216' <Predicate = true> <Delay = 0.00>
ST_5 : Operation 1346 [1/2] (2.10ns) (root node of the DSP)   --->   "%add_ln174_156 = add i16 %add_ln174_155, i16 %zext_ln174_40" [../cnn_hls.cpp:174]   --->   Operation 1346 'add' 'add_ln174_156' <Predicate = true> <Delay = 2.10> <CoreInst = "DSP48">   --->   Core 116 'DSP48' <Latency = 3> <II = 1> <Delay = 2.15> <IPBlock> <Opcode : 'add' 'sub' 'mul' 'select'> <InPorts = 0> <OutPorts = 1> <Sync> <CReg>
ST_5 : Operation 1347 [1/1] (0.00ns)   --->   "%sext_ln174_217 = sext i16 %add_ln174_156" [../cnn_hls.cpp:174]   --->   Operation 1347 'sext' 'sext_ln174_217' <Predicate = true> <Delay = 0.00>
ST_5 : Operation 1348 [1/1] (2.07ns)   --->   "%add_ln174_157 = add i17 %sext_ln174_217, i17 %sext_ln174_216" [../cnn_hls.cpp:174]   --->   Operation 1348 'add' 'add_ln174_157' <Predicate = true> <Delay = 2.07> <CoreInst = "Adder">   --->   Core 1 'Adder' <Latency = 0> <II = 1> <Delay = 2.07> <FuncUnit> <Opcode : 'add' 'sub'> <InPorts = 2> <OutPorts = 1>
ST_5 : Operation 1349 [1/1] (0.00ns)   --->   "%sext_ln174_218 = sext i17 %add_ln174_157" [../cnn_hls.cpp:174]   --->   Operation 1349 'sext' 'sext_ln174_218' <Predicate = true> <Delay = 0.00>
ST_5 : Operation 1350 [1/1] (0.00ns)   --->   "%sext_ln174_221 = sext i17 %add_ln174_162" [../cnn_hls.cpp:174]   --->   Operation 1350 'sext' 'sext_ln174_221' <Predicate = true> <Delay = 0.00>
ST_5 : Operation 1351 [1/1] (2.10ns)   --->   "%add_ln174_163 = add i18 %sext_ln174_221, i18 %sext_ln174_218" [../cnn_hls.cpp:174]   --->   Operation 1351 'add' 'add_ln174_163' <Predicate = true> <Delay = 2.10> <CoreInst = "Adder">   --->   Core 1 'Adder' <Latency = 0> <II = 1> <Delay = 2.10> <FuncUnit> <Opcode : 'add' 'sub'> <InPorts = 2> <OutPorts = 1>
ST_5 : Operation 1352 [1/2] (2.10ns) (root node of the DSP)   --->   "%add_ln174_165 = add i16 %mul_ln174_150, i16 %sext_ln174_98" [../cnn_hls.cpp:174]   --->   Operation 1352 'add' 'add_ln174_165' <Predicate = true> <Delay = 2.10> <CoreInst = "DSP48">   --->   Core 116 'DSP48' <Latency = 3> <II = 1> <Delay = 2.15> <IPBlock> <Opcode : 'add' 'sub' 'mul' 'select'> <InPorts = 0> <OutPorts = 1> <Sync> <CReg>
ST_5 : Operation 1353 [1/1] (2.07ns)   --->   "%add_ln174_166 = add i16 %add_ln174_165, i16 %zext_ln174_36" [../cnn_hls.cpp:174]   --->   Operation 1353 'add' 'add_ln174_166' <Predicate = true> <Delay = 2.07> <CoreInst = "Adder">   --->   Core 1 'Adder' <Latency = 0> <II = 1> <Delay = 2.07> <FuncUnit> <Opcode : 'add' 'sub'> <InPorts = 2> <OutPorts = 1>
ST_5 : Operation 1354 [1/2] (2.10ns) (root node of the DSP)   --->   "%add_ln174_167 = add i16 %mul_ln174_147, i16 %sext_ln174_95" [../cnn_hls.cpp:174]   --->   Operation 1354 'add' 'add_ln174_167' <Predicate = true> <Delay = 2.10> <CoreInst = "DSP48">   --->   Core 116 'DSP48' <Latency = 3> <II = 1> <Delay = 2.15> <IPBlock> <Opcode : 'add' 'sub' 'mul' 'select'> <InPorts = 0> <OutPorts = 1> <Sync> <CReg>
ST_5 : Operation 1355 [1/1] (0.00ns)   --->   "%sext_ln174_225 = sext i16 %add_ln174_167" [../cnn_hls.cpp:174]   --->   Operation 1355 'sext' 'sext_ln174_225' <Predicate = true> <Delay = 0.00>
ST_5 : Operation 1356 [2/2] (2.10ns) (root node of the DSP)   --->   "%add_ln174_168 = add i17 %sext_ln174_225, i17 %sext_ln174_96" [../cnn_hls.cpp:174]   --->   Operation 1356 'add' 'add_ln174_168' <Predicate = true> <Delay = 2.10> <CoreInst = "DSP48">   --->   Core 116 'DSP48' <Latency = 3> <II = 1> <Delay = 2.15> <IPBlock> <Opcode : 'add' 'sub' 'mul' 'select'> <InPorts = 0> <OutPorts = 1> <Sync> <CReg>
ST_5 : Operation 1357 [1/2] (2.10ns) (root node of the DSP)   --->   "%add_ln174_170 = add i17 %sext_ln174_93, i17 %sext_ln174_92" [../cnn_hls.cpp:174]   --->   Operation 1357 'add' 'add_ln174_170' <Predicate = true> <Delay = 2.10> <CoreInst = "DSP48">   --->   Core 116 'DSP48' <Latency = 3> <II = 1> <Delay = 2.15> <IPBlock> <Opcode : 'add' 'sub' 'mul' 'select'> <InPorts = 0> <OutPorts = 1> <Sync> <CReg>
ST_5 : Operation 1358 [2/2] (2.10ns) (root node of the DSP)   --->   "%add_ln174_171 = add i17 %add_ln174_170, i17 %sext_ln174_94" [../cnn_hls.cpp:174]   --->   Operation 1358 'add' 'add_ln174_171' <Predicate = true> <Delay = 2.10> <CoreInst = "DSP48">   --->   Core 116 'DSP48' <Latency = 3> <II = 1> <Delay = 2.15> <IPBlock> <Opcode : 'add' 'sub' 'mul' 'select'> <InPorts = 0> <OutPorts = 1> <Sync> <CReg>
ST_5 : Operation 1359 [1/2] (2.10ns) (root node of the DSP)   --->   "%add_ln174_172 = add i15 %sext_ln174_90, i15 %mul_ln174_140" [../cnn_hls.cpp:174]   --->   Operation 1359 'add' 'add_ln174_172' <Predicate = true> <Delay = 2.10> <CoreInst = "DSP48">   --->   Core 116 'DSP48' <Latency = 3> <II = 1> <Delay = 2.15> <IPBlock> <Opcode : 'add' 'sub' 'mul' 'select'> <InPorts = 0> <OutPorts = 1> <Sync> <CReg>
ST_5 : Operation 1360 [1/1] (0.00ns)   --->   "%sext_ln174_229 = sext i15 %add_ln174_172" [../cnn_hls.cpp:174]   --->   Operation 1360 'sext' 'sext_ln174_229' <Predicate = true> <Delay = 0.00>
ST_5 : Operation 1361 [2/2] (2.10ns) (root node of the DSP)   --->   "%add_ln174_173 = add i17 %sext_ln174_229, i17 %sext_ln174_91" [../cnn_hls.cpp:174]   --->   Operation 1361 'add' 'add_ln174_173' <Predicate = true> <Delay = 2.10> <CoreInst = "DSP48">   --->   Core 116 'DSP48' <Latency = 3> <II = 1> <Delay = 2.15> <IPBlock> <Opcode : 'add' 'sub' 'mul' 'select'> <InPorts = 0> <OutPorts = 1> <Sync> <CReg>
ST_5 : Operation 1362 [1/2] (2.10ns) (root node of the DSP)   --->   "%add_ln174_177 = add i16 %add_ln174_176, i16 %sext_ln174_89" [../cnn_hls.cpp:174]   --->   Operation 1362 'add' 'add_ln174_177' <Predicate = true> <Delay = 2.10> <CoreInst = "DSP48">   --->   Core 116 'DSP48' <Latency = 3> <II = 1> <Delay = 2.15> <IPBlock> <Opcode : 'add' 'sub' 'mul' 'select'> <InPorts = 0> <OutPorts = 1> <Sync> <CReg>
ST_5 : Operation 1363 [1/1] (0.00ns)   --->   "%sext_ln174_233 = sext i16 %add_ln174_177" [../cnn_hls.cpp:174]   --->   Operation 1363 'sext' 'sext_ln174_233' <Predicate = true> <Delay = 0.00>
ST_5 : Operation 1364 [1/2] (2.10ns) (root node of the DSP)   --->   "%add_ln174_178 = add i16 %select_ln174_22, i16 %mul_ln174_134" [../cnn_hls.cpp:174]   --->   Operation 1364 'add' 'add_ln174_178' <Predicate = true> <Delay = 2.10> <CoreInst = "DSP48">   --->   Core 116 'DSP48' <Latency = 3> <II = 1> <Delay = 2.15> <IPBlock> <Opcode : 'add' 'sub' 'mul' 'select'> <InPorts = 0> <OutPorts = 1> <Sync> <CReg>
ST_5 : Operation 1365 [1/1] (0.00ns)   --->   "%sext_ln174_234 = sext i16 %add_ln174_178" [../cnn_hls.cpp:174]   --->   Operation 1365 'sext' 'sext_ln174_234' <Predicate = true> <Delay = 0.00>
ST_5 : Operation 1366 [1/1] (0.00ns) (grouped into TernaryAdder)   --->   "%add_ln174_179 = add i17 %sext_ln174_234, i17 %sext_ln174_87" [../cnn_hls.cpp:174]   --->   Operation 1366 'add' 'add_ln174_179' <Predicate = true> <Delay = 0.00> <CoreInst = "TAddSub">   --->   Core 10 'TAddSub' <Latency = 0> <II = 1> <Delay = 2.01> <IPBlock> <Opcode : 'add' 'sub'> <InPorts = 3> <OutPorts = 1> <Sync> <CReg>
ST_5 : Operation 1367 [1/1] (3.93ns) (root node of TernaryAdder)   --->   "%add_ln174_180 = add i17 %add_ln174_179, i17 %sext_ln174_233" [../cnn_hls.cpp:174]   --->   Operation 1367 'add' 'add_ln174_180' <Predicate = true> <Delay = 3.93> <CoreInst = "TAddSub">   --->   Core 10 'TAddSub' <Latency = 0> <II = 1> <Delay = 2.01> <IPBlock> <Opcode : 'add' 'sub'> <InPorts = 3> <OutPorts = 1> <Sync> <CReg>
ST_5 : Operation 1368 [1/2] (2.10ns) (root node of the DSP)   --->   "%add_ln174_181 = add i17 %sext_ln174_85, i17 %zext_ln174_33" [../cnn_hls.cpp:174]   --->   Operation 1368 'add' 'add_ln174_181' <Predicate = true> <Delay = 2.10> <CoreInst = "DSP48">   --->   Core 116 'DSP48' <Latency = 3> <II = 1> <Delay = 2.15> <IPBlock> <Opcode : 'add' 'sub' 'mul' 'select'> <InPorts = 0> <OutPorts = 1> <Sync> <CReg>
ST_5 : Operation 1369 [1/1] (0.00ns)   --->   "%sext_ln174_236 = sext i17 %add_ln174_181" [../cnn_hls.cpp:174]   --->   Operation 1369 'sext' 'sext_ln174_236' <Predicate = true> <Delay = 0.00>
ST_5 : Operation 1370 [2/2] (2.10ns) (root node of the DSP)   --->   "%add_ln174_182 = add i18 %sext_ln174_236, i18 %sext_ln174_86" [../cnn_hls.cpp:174]   --->   Operation 1370 'add' 'add_ln174_182' <Predicate = true> <Delay = 2.10> <CoreInst = "DSP48">   --->   Core 116 'DSP48' <Latency = 3> <II = 1> <Delay = 2.15> <IPBlock> <Opcode : 'add' 'sub' 'mul' 'select'> <InPorts = 0> <OutPorts = 1> <Sync> <CReg>
ST_5 : Operation 1371 [1/2] (2.10ns) (root node of the DSP)   --->   "%add_ln174_183 = add i16 %sext_ln174_83, i16 %zext_ln174_32" [../cnn_hls.cpp:174]   --->   Operation 1371 'add' 'add_ln174_183' <Predicate = true> <Delay = 2.10> <CoreInst = "DSP48">   --->   Core 116 'DSP48' <Latency = 3> <II = 1> <Delay = 2.15> <IPBlock> <Opcode : 'add' 'sub' 'mul' 'select'> <InPorts = 0> <OutPorts = 1> <Sync> <CReg>
ST_5 : Operation 1372 [2/2] (2.10ns) (root node of the DSP)   --->   "%add_ln174_184 = add i16 %add_ln174_183, i16 %sext_ln174_84" [../cnn_hls.cpp:174]   --->   Operation 1372 'add' 'add_ln174_184' <Predicate = true> <Delay = 2.10> <CoreInst = "DSP48">   --->   Core 116 'DSP48' <Latency = 3> <II = 1> <Delay = 2.15> <IPBlock> <Opcode : 'add' 'sub' 'mul' 'select'> <InPorts = 0> <OutPorts = 1> <Sync> <CReg>

State 6 <SV = 5> <Delay = 6.52>
ST_6 : Operation 1373 [1/1] (0.00ns)   --->   "%tmp_13 = bitconcatenate i14 @_ssdm_op_BitConcatenate.i14.i8.i6, i8 %zext_ln173_101_read, i6 0" [../cnn_hls.cpp:174]   --->   Operation 1373 'bitconcatenate' 'tmp_13' <Predicate = (icmp_ln169)> <Delay = 0.00>
ST_6 : Operation 1374 [1/1] (0.00ns)   --->   "%zext_ln174_50 = zext i14 %tmp_13" [../cnn_hls.cpp:174]   --->   Operation 1374 'zext' 'zext_ln174_50' <Predicate = (icmp_ln169)> <Delay = 0.00>
ST_6 : Operation 1375 [1/1] (1.81ns)   --->   "%sub_ln174_1 = sub i15 %zext_ln173_101_cast, i15 %zext_ln174_50" [../cnn_hls.cpp:174]   --->   Operation 1375 'sub' 'sub_ln174_1' <Predicate = (icmp_ln169)> <Delay = 1.81> <CoreInst = "Adder">   --->   Core 1 'Adder' <Latency = 0> <II = 1> <Delay = 1.81> <FuncUnit> <Opcode : 'add' 'sub'> <InPorts = 2> <OutPorts = 1>
ST_6 : Operation 1376 [1/1] (0.00ns)   --->   "%shl_ln5 = bitconcatenate i12 @_ssdm_op_BitConcatenate.i12.i8.i4, i8 %x_483_read, i4 0" [../cnn_hls.cpp:174]   --->   Operation 1376 'bitconcatenate' 'shl_ln5' <Predicate = (!icmp_ln169)> <Delay = 0.00>
ST_6 : Operation 1377 [1/1] (0.00ns)   --->   "%zext_ln174_3 = zext i12 %shl_ln5" [../cnn_hls.cpp:174]   --->   Operation 1377 'zext' 'zext_ln174_3' <Predicate = (!icmp_ln169)> <Delay = 0.00>
ST_6 : Operation 1378 [1/1] (0.75ns)   --->   "%select_ln174_3 = select i1 %icmp_ln169, i15 %sub_ln174_1, i15 %zext_ln174_3" [../cnn_hls.cpp:174]   --->   Operation 1378 'select' 'select_ln174_3' <Predicate = true> <Delay = 0.75> <CoreInst = "Sel">   --->   Core 73 'Sel' <Latency = 0> <II = 1> <Delay = 0.75> <FuncUnit> <Opcode : 'select'> <InPorts = 3> <OutPorts = 1>
ST_6 : Operation 1379 [1/1] (0.00ns)   --->   "%sext_ln174_19 = sext i15 %select_ln174_3" [../cnn_hls.cpp:174]   --->   Operation 1379 'sext' 'sext_ln174_19' <Predicate = true> <Delay = 0.00>
ST_6 : Operation 1380 [1/1] (0.00ns)   --->   "%zext_ln174_11 = zext i13 %mul_ln174_63" [../cnn_hls.cpp:174]   --->   Operation 1380 'zext' 'zext_ln174_11' <Predicate = true> <Delay = 0.00>
ST_6 : Operation 1381 [1/3] (0.00ns) (grouped into DSP with root node add_ln174_61)   --->   "%mul_ln174_65 = mul i16 %select_ln173_51, i16 %zext_ln173_62_cast" [../cnn_hls.cpp:174]   --->   Operation 1381 'mul' 'mul_ln174_65' <Predicate = true> <Delay = 0.00> <CoreInst = "DSP48">   --->   Core 116 'DSP48' <Latency = 3> <II = 1> <Delay = 2.15> <IPBlock> <Opcode : 'add' 'sub' 'mul' 'select'> <InPorts = 0> <OutPorts = 1> <Sync> <CReg>
ST_6 : Operation 1382 [1/1] (0.00ns) (grouped into DSP with root node add_ln174_61)   --->   "%sext_ln174_45 = sext i16 %mul_ln174_65" [../cnn_hls.cpp:174]   --->   Operation 1382 'sext' 'sext_ln174_45' <Predicate = true> <Delay = 0.00>
ST_6 : Operation 1383 [1/3] (0.00ns) (grouped into DSP with root node add_ln174_59)   --->   "%mul_ln174_68 = mul i15 %select_ln173_49, i15 %zext_ln173_59_cast" [../cnn_hls.cpp:174]   --->   Operation 1383 'mul' 'mul_ln174_68' <Predicate = true> <Delay = 0.00> <CoreInst = "DSP48">   --->   Core 116 'DSP48' <Latency = 3> <II = 1> <Delay = 2.15> <IPBlock> <Opcode : 'add' 'sub' 'mul' 'select'> <InPorts = 0> <OutPorts = 1> <Sync> <CReg>
ST_6 : Operation 1384 [1/1] (0.00ns)   --->   "%zext_ln174_14 = zext i14 %mul_ln174_74" [../cnn_hls.cpp:174]   --->   Operation 1384 'zext' 'zext_ln174_14' <Predicate = true> <Delay = 0.00>
ST_6 : Operation 1385 [1/1] (0.00ns)   --->   "%sext_ln174_50 = sext i16 %mul_ln174_75" [../cnn_hls.cpp:174]   --->   Operation 1385 'sext' 'sext_ln174_50' <Predicate = true> <Delay = 0.00>
ST_6 : Operation 1386 [1/1] (0.00ns)   --->   "%zext_ln174_15 = zext i15 %mul_ln174_76" [../cnn_hls.cpp:174]   --->   Operation 1386 'zext' 'zext_ln174_15' <Predicate = true> <Delay = 0.00>
ST_6 : Operation 1387 [1/3] (0.00ns) (grouped into DSP with root node add_ln174_50)   --->   "%mul_ln174_77 = mul i14 %select_ln173_41, i14 %zext_ln173_50_cast" [../cnn_hls.cpp:174]   --->   Operation 1387 'mul' 'mul_ln174_77' <Predicate = true> <Delay = 0.00> <CoreInst = "DSP48">   --->   Core 116 'DSP48' <Latency = 3> <II = 1> <Delay = 2.15> <IPBlock> <Opcode : 'add' 'sub' 'mul' 'select'> <InPorts = 0> <OutPorts = 1> <Sync> <CReg>
ST_6 : Operation 1388 [1/1] (0.00ns) (grouped into DSP with root node add_ln174_50)   --->   "%sext_ln174_51 = sext i14 %mul_ln174_77" [../cnn_hls.cpp:174]   --->   Operation 1388 'sext' 'sext_ln174_51' <Predicate = true> <Delay = 0.00>
ST_6 : Operation 1389 [1/1] (0.00ns) (grouped into LUT with out node add_ln174_48)   --->   "%shl_ln174_4 = bitconcatenate i12 @_ssdm_op_BitConcatenate.i12.i8.i4, i8 %x_429_read, i4 0" [../cnn_hls.cpp:174]   --->   Operation 1389 'bitconcatenate' 'shl_ln174_4' <Predicate = (icmp_ln169)> <Delay = 0.00>
ST_6 : Operation 1390 [1/1] (0.00ns) (grouped into LUT with out node add_ln174_48)   --->   "%zext_ln174_16 = zext i12 %shl_ln174_4" [../cnn_hls.cpp:174]   --->   Operation 1390 'zext' 'zext_ln174_16' <Predicate = (icmp_ln169)> <Delay = 0.00>
ST_6 : Operation 1391 [1/1] (0.00ns)   --->   "%tmp_17 = bitconcatenate i13 @_ssdm_op_BitConcatenate.i13.i8.i5, i8 %zext_ln173_47_read, i5 0" [../cnn_hls.cpp:174]   --->   Operation 1391 'bitconcatenate' 'tmp_17' <Predicate = (!icmp_ln169)> <Delay = 0.00>
ST_6 : Operation 1392 [1/1] (0.00ns)   --->   "%zext_ln174_54 = zext i13 %tmp_17" [../cnn_hls.cpp:174]   --->   Operation 1392 'zext' 'zext_ln174_54' <Predicate = (!icmp_ln169)> <Delay = 0.00>
ST_6 : Operation 1393 [1/1] (0.00ns) (grouped into TernaryAdder)   --->   "%sub_ln174_5 = sub i15 0, i15 %zext_ln174_54" [../cnn_hls.cpp:174]   --->   Operation 1393 'sub' 'sub_ln174_5' <Predicate = (!icmp_ln169)> <Delay = 0.00> <CoreInst = "TAddSub">   --->   Core 10 'TAddSub' <Latency = 0> <II = 1> <Delay = 2.01> <IPBlock> <Opcode : 'add' 'sub'> <InPorts = 3> <OutPorts = 1> <Sync> <CReg>
ST_6 : Operation 1394 [1/1] (0.00ns)   --->   "%tmp_18 = bitconcatenate i9 @_ssdm_op_BitConcatenate.i9.i8.i1, i8 %zext_ln173_47_read, i1 0" [../cnn_hls.cpp:174]   --->   Operation 1394 'bitconcatenate' 'tmp_18' <Predicate = (!icmp_ln169)> <Delay = 0.00>
ST_6 : Operation 1395 [1/1] (0.00ns)   --->   "%zext_ln174_55 = zext i9 %tmp_18" [../cnn_hls.cpp:174]   --->   Operation 1395 'zext' 'zext_ln174_55' <Predicate = (!icmp_ln169)> <Delay = 0.00>
ST_6 : Operation 1396 [1/1] (3.84ns) (root node of TernaryAdder)   --->   "%sub_ln174_6 = sub i15 %sub_ln174_5, i15 %zext_ln174_55" [../cnn_hls.cpp:174]   --->   Operation 1396 'sub' 'sub_ln174_6' <Predicate = (!icmp_ln169)> <Delay = 3.84> <CoreInst = "TAddSub">   --->   Core 10 'TAddSub' <Latency = 0> <II = 1> <Delay = 2.01> <IPBlock> <Opcode : 'add' 'sub'> <InPorts = 3> <OutPorts = 1> <Sync> <CReg>
ST_6 : Operation 1397 [1/1] (0.00ns) (grouped into LUT with out node add_ln174_48)   --->   "%select_ln174_10 = select i1 %icmp_ln169, i15 %zext_ln174_16, i15 %sub_ln174_6" [../cnn_hls.cpp:174]   --->   Operation 1397 'select' 'select_ln174_10' <Predicate = true> <Delay = 0.00> <CoreInst = "Sel">   --->   Core 73 'Sel' <Latency = 0> <II = 1> <Delay = 0.75> <FuncUnit> <Opcode : 'select'> <InPorts = 3> <OutPorts = 1>
ST_6 : Operation 1398 [1/1] (0.00ns) (grouped into LUT with out node add_ln174_48)   --->   "%sext_ln174_54 = sext i15 %select_ln174_10" [../cnn_hls.cpp:174]   --->   Operation 1398 'sext' 'sext_ln174_54' <Predicate = true> <Delay = 0.00>
ST_6 : Operation 1399 [1/1] (0.00ns)   --->   "%zext_ln174_22 = zext i13 %mul_ln174_95" [../cnn_hls.cpp:174]   --->   Operation 1399 'zext' 'zext_ln174_22' <Predicate = true> <Delay = 0.00>
ST_6 : Operation 1400 [1/1] (0.00ns)   --->   "%tmp_19 = bitconcatenate i14 @_ssdm_op_BitConcatenate.i14.i8.i6, i8 %zext_ln173_8_read, i6 0" [../cnn_hls.cpp:174]   --->   Operation 1400 'bitconcatenate' 'tmp_19' <Predicate = (!icmp_ln169)> <Delay = 0.00>
ST_6 : Operation 1401 [1/1] (0.00ns)   --->   "%zext_ln174_56 = zext i14 %tmp_19" [../cnn_hls.cpp:174]   --->   Operation 1401 'zext' 'zext_ln174_56' <Predicate = (!icmp_ln169)> <Delay = 0.00>
ST_6 : Operation 1402 [1/1] (0.00ns)   --->   "%tmp_20 = bitconcatenate i12 @_ssdm_op_BitConcatenate.i12.i8.i4, i8 %zext_ln173_8_read, i4 0" [../cnn_hls.cpp:174]   --->   Operation 1402 'bitconcatenate' 'tmp_20' <Predicate = (!icmp_ln169)> <Delay = 0.00>
ST_6 : Operation 1403 [1/1] (0.00ns)   --->   "%zext_ln174_57 = zext i12 %tmp_20" [../cnn_hls.cpp:174]   --->   Operation 1403 'zext' 'zext_ln174_57' <Predicate = (!icmp_ln169)> <Delay = 0.00>
ST_6 : Operation 1404 [1/1] (1.81ns)   --->   "%sub_ln174_7 = sub i15 %zext_ln174_57, i15 %zext_ln174_56" [../cnn_hls.cpp:174]   --->   Operation 1404 'sub' 'sub_ln174_7' <Predicate = (!icmp_ln169)> <Delay = 1.81> <CoreInst = "Adder">   --->   Core 1 'Adder' <Latency = 0> <II = 1> <Delay = 1.81> <FuncUnit> <Opcode : 'add' 'sub'> <InPorts = 2> <OutPorts = 1>
ST_6 : Operation 1405 [1/1] (0.00ns) (grouped into LUT with out node add_ln174_8)   --->   "%select_ln174_15 = select i1 %icmp_ln169, i15 %zext_ln173_8_cast, i15 %sub_ln174_7" [../cnn_hls.cpp:174]   --->   Operation 1405 'select' 'select_ln174_15' <Predicate = true> <Delay = 0.00> <CoreInst = "Sel">   --->   Core 73 'Sel' <Latency = 0> <II = 1> <Delay = 0.75> <FuncUnit> <Opcode : 'select'> <InPorts = 3> <OutPorts = 1>
ST_6 : Operation 1406 [1/1] (0.00ns) (grouped into LUT with out node add_ln174_8)   --->   "%sext_ln174_76 = sext i15 %select_ln174_15" [../cnn_hls.cpp:174]   --->   Operation 1406 'sext' 'sext_ln174_76' <Predicate = true> <Delay = 0.00>
ST_6 : Operation 1407 [1/1] (4.17ns)   --->   "%mul_ln174_122 = mul i14 %zext_ln173_5_cast, i14 38" [../cnn_hls.cpp:174]   --->   Operation 1407 'mul' 'mul_ln174_122' <Predicate = (icmp_ln169)> <Delay = 4.17> <CoreInst = "Multiplier">   --->   Core 3 'Multiplier' <Latency = 0> <II = 1> <Delay = 4.17> <FuncUnit> <Opcode : 'mul'> <InPorts = 2> <OutPorts = 1>
ST_6 : Operation 1408 [1/1] (0.00ns) (grouped into LUT with out node add_ln174_6)   --->   "%shl_ln174_5 = bitconcatenate i10 @_ssdm_op_BitConcatenate.i10.i8.i2, i8 %x_387_read, i2 0" [../cnn_hls.cpp:174]   --->   Operation 1408 'bitconcatenate' 'shl_ln174_5' <Predicate = (!icmp_ln169)> <Delay = 0.00>
ST_6 : Operation 1409 [1/1] (0.00ns) (grouped into LUT with out node add_ln174_6)   --->   "%zext_ln174_28 = zext i10 %shl_ln174_5" [../cnn_hls.cpp:174]   --->   Operation 1409 'zext' 'zext_ln174_28' <Predicate = (!icmp_ln169)> <Delay = 0.00>
ST_6 : Operation 1410 [1/1] (0.00ns) (grouped into LUT with out node add_ln174_6)   --->   "%select_ln174_16 = select i1 %icmp_ln169, i14 %mul_ln174_122, i14 %zext_ln174_28" [../cnn_hls.cpp:174]   --->   Operation 1410 'select' 'select_ln174_16' <Predicate = true> <Delay = 0.00> <CoreInst = "Sel">   --->   Core 73 'Sel' <Latency = 0> <II = 1> <Delay = 0.70> <FuncUnit> <Opcode : 'select'> <InPorts = 3> <OutPorts = 1>
ST_6 : Operation 1411 [1/1] (0.00ns) (grouped into LUT with out node add_ln174_6)   --->   "%zext_ln174_29 = zext i14 %select_ln174_16" [../cnn_hls.cpp:174]   --->   Operation 1411 'zext' 'zext_ln174_29' <Predicate = true> <Delay = 0.00>
ST_6 : Operation 1412 [1/1] (0.00ns)   --->   "%sext_ln174_116 = sext i16 %add_ln174_1" [../cnn_hls.cpp:174]   --->   Operation 1412 'sext' 'sext_ln174_116' <Predicate = true> <Delay = 0.00>
ST_6 : Operation 1413 [1/2] (2.10ns) (root node of the DSP)   --->   "%add_ln174_3 = add i16 %sext_ln174_117, i16 %sext_ln174_79" [../cnn_hls.cpp:174]   --->   Operation 1413 'add' 'add_ln174_3' <Predicate = true> <Delay = 2.10> <CoreInst = "DSP48">   --->   Core 116 'DSP48' <Latency = 3> <II = 1> <Delay = 2.15> <IPBlock> <Opcode : 'add' 'sub' 'mul' 'select'> <InPorts = 0> <OutPorts = 1> <Sync> <CReg>
ST_6 : Operation 1414 [1/1] (0.00ns)   --->   "%sext_ln174_118 = sext i16 %add_ln174_3" [../cnn_hls.cpp:174]   --->   Operation 1414 'sext' 'sext_ln174_118' <Predicate = true> <Delay = 0.00>
ST_6 : Operation 1415 [1/1] (2.07ns)   --->   "%add_ln174_4 = add i17 %sext_ln174_118, i17 %sext_ln174_116" [../cnn_hls.cpp:174]   --->   Operation 1415 'add' 'add_ln174_4' <Predicate = true> <Delay = 2.07> <CoreInst = "Adder">   --->   Core 1 'Adder' <Latency = 0> <II = 1> <Delay = 2.07> <FuncUnit> <Opcode : 'add' 'sub'> <InPorts = 2> <OutPorts = 1>
ST_6 : Operation 1416 [1/2] (2.10ns) (root node of the DSP)   --->   "%add_ln174_5 = add i17 %sext_ln174_78, i17 %sext_ln174_77" [../cnn_hls.cpp:174]   --->   Operation 1416 'add' 'add_ln174_5' <Predicate = true> <Delay = 2.10> <CoreInst = "DSP48">   --->   Core 116 'DSP48' <Latency = 3> <II = 1> <Delay = 2.15> <IPBlock> <Opcode : 'add' 'sub' 'mul' 'select'> <InPorts = 0> <OutPorts = 1> <Sync> <CReg>
ST_6 : Operation 1417 [1/1] (2.10ns) (out node of the LUT)   --->   "%add_ln174_6 = add i17 %add_ln174_5, i17 %zext_ln174_29" [../cnn_hls.cpp:174]   --->   Operation 1417 'add' 'add_ln174_6' <Predicate = true> <Delay = 2.10> <CoreInst = "Adder">   --->   Core 1 'Adder' <Latency = 0> <II = 1> <Delay = 2.10> <FuncUnit> <Opcode : 'add' 'sub'> <InPorts = 2> <OutPorts = 1>
ST_6 : Operation 1418 [1/2] (2.10ns) (root node of the DSP)   --->   "%add_ln174_7 = add i15 %sext_ln174_75, i15 %mul_ln174_117" [../cnn_hls.cpp:174]   --->   Operation 1418 'add' 'add_ln174_7' <Predicate = true> <Delay = 2.10> <CoreInst = "DSP48">   --->   Core 116 'DSP48' <Latency = 3> <II = 1> <Delay = 2.15> <IPBlock> <Opcode : 'add' 'sub' 'mul' 'select'> <InPorts = 0> <OutPorts = 1> <Sync> <CReg>
ST_6 : Operation 1419 [1/1] (0.00ns) (grouped into LUT with out node add_ln174_8)   --->   "%sext_ln174_121 = sext i15 %add_ln174_7" [../cnn_hls.cpp:174]   --->   Operation 1419 'sext' 'sext_ln174_121' <Predicate = true> <Delay = 0.00>
ST_6 : Operation 1420 [1/1] (1.94ns) (out node of the LUT)   --->   "%add_ln174_8 = add i16 %sext_ln174_121, i16 %sext_ln174_76" [../cnn_hls.cpp:174]   --->   Operation 1420 'add' 'add_ln174_8' <Predicate = true> <Delay = 1.94> <CoreInst = "Adder">   --->   Core 1 'Adder' <Latency = 0> <II = 1> <Delay = 1.94> <FuncUnit> <Opcode : 'add' 'sub'> <InPorts = 2> <OutPorts = 1>
ST_6 : Operation 1421 [1/2] (2.10ns) (root node of the DSP)   --->   "%add_ln174_12 = add i16 %add_ln174_11, i16 %sext_ln174_74" [../cnn_hls.cpp:174]   --->   Operation 1421 'add' 'add_ln174_12' <Predicate = true> <Delay = 2.10> <CoreInst = "DSP48">   --->   Core 116 'DSP48' <Latency = 3> <II = 1> <Delay = 2.15> <IPBlock> <Opcode : 'add' 'sub' 'mul' 'select'> <InPorts = 0> <OutPorts = 1> <Sync> <CReg>
ST_6 : Operation 1422 [1/1] (0.00ns)   --->   "%sext_ln174_124 = sext i16 %add_ln174_12" [../cnn_hls.cpp:174]   --->   Operation 1422 'sext' 'sext_ln174_124' <Predicate = true> <Delay = 0.00>
ST_6 : Operation 1423 [1/1] (0.00ns)   --->   "%sext_ln174_125 = sext i17 %add_ln174_14" [../cnn_hls.cpp:174]   --->   Operation 1423 'sext' 'sext_ln174_125' <Predicate = true> <Delay = 0.00>
ST_6 : Operation 1424 [1/1] (0.00ns) (grouped into TernaryAdder)   --->   "%add_ln174_15 = add i18 %sext_ln174_125, i18 %sext_ln174_124" [../cnn_hls.cpp:174]   --->   Operation 1424 'add' 'add_ln174_15' <Predicate = true> <Delay = 0.00> <CoreInst = "TAddSub">   --->   Core 10 'TAddSub' <Latency = 0> <II = 1> <Delay = 2.01> <IPBlock> <Opcode : 'add' 'sub'> <InPorts = 3> <OutPorts = 1> <Sync> <CReg>
ST_6 : Operation 1425 [1/1] (0.00ns)   --->   "%sext_ln174_128 = sext i17 %add_ln174_20" [../cnn_hls.cpp:174]   --->   Operation 1425 'sext' 'sext_ln174_128' <Predicate = true> <Delay = 0.00>
ST_6 : Operation 1426 [1/1] (3.96ns) (root node of TernaryAdder)   --->   "%add_ln174_21 = add i18 %sext_ln174_128, i18 %add_ln174_15" [../cnn_hls.cpp:174]   --->   Operation 1426 'add' 'add_ln174_21' <Predicate = true> <Delay = 3.96> <CoreInst = "TAddSub">   --->   Core 10 'TAddSub' <Latency = 0> <II = 1> <Delay = 2.01> <IPBlock> <Opcode : 'add' 'sub'> <InPorts = 3> <OutPorts = 1> <Sync> <CReg>
ST_6 : Operation 1427 [1/1] (0.00ns)   --->   "%sext_ln174_134 = sext i17 %add_ln174_27" [../cnn_hls.cpp:174]   --->   Operation 1427 'sext' 'sext_ln174_134' <Predicate = true> <Delay = 0.00>
ST_6 : Operation 1428 [1/2] (2.10ns) (root node of the DSP)   --->   "%add_ln174_29 = add i18 %sext_ln174_135, i18 %sext_ln174_64" [../cnn_hls.cpp:174]   --->   Operation 1428 'add' 'add_ln174_29' <Predicate = true> <Delay = 2.10> <CoreInst = "DSP48">   --->   Core 116 'DSP48' <Latency = 3> <II = 1> <Delay = 2.15> <IPBlock> <Opcode : 'add' 'sub' 'mul' 'select'> <InPorts = 0> <OutPorts = 1> <Sync> <CReg>
ST_6 : Operation 1429 [1/1] (0.00ns)   --->   "%sext_ln174_136 = sext i18 %add_ln174_29" [../cnn_hls.cpp:174]   --->   Operation 1429 'sext' 'sext_ln174_136' <Predicate = true> <Delay = 0.00>
ST_6 : Operation 1430 [1/1] (0.00ns)   --->   "%sext_ln174_137 = sext i16 %add_ln174_30" [../cnn_hls.cpp:174]   --->   Operation 1430 'sext' 'sext_ln174_137' <Predicate = true> <Delay = 0.00>
ST_6 : Operation 1431 [1/1] (2.07ns)   --->   "%add_ln174_31 = add i17 %sext_ln174_137, i17 %zext_ln174_22" [../cnn_hls.cpp:174]   --->   Operation 1431 'add' 'add_ln174_31' <Predicate = true> <Delay = 2.07> <CoreInst = "Adder">   --->   Core 1 'Adder' <Latency = 0> <II = 1> <Delay = 2.07> <FuncUnit> <Opcode : 'add' 'sub'> <InPorts = 2> <OutPorts = 1>
ST_6 : Operation 1432 [1/1] (0.00ns)   --->   "%sext_ln174_138 = sext i17 %add_ln174_31" [../cnn_hls.cpp:174]   --->   Operation 1432 'sext' 'sext_ln174_138' <Predicate = true> <Delay = 0.00>
ST_6 : Operation 1433 [1/1] (0.00ns) (grouped into TernaryAdder)   --->   "%add_ln174_32 = add i19 %sext_ln174_138, i19 %sext_ln174_136" [../cnn_hls.cpp:174]   --->   Operation 1433 'add' 'add_ln174_32' <Predicate = true> <Delay = 0.00> <CoreInst = "TAddSub">   --->   Core 10 'TAddSub' <Latency = 0> <II = 1> <Delay = 2.01> <IPBlock> <Opcode : 'add' 'sub'> <InPorts = 3> <OutPorts = 1> <Sync> <CReg>
ST_6 : Operation 1434 [1/1] (3.99ns) (root node of TernaryAdder)   --->   "%add_ln174_33 = add i19 %add_ln174_32, i19 %sext_ln174_134" [../cnn_hls.cpp:174]   --->   Operation 1434 'add' 'add_ln174_33' <Predicate = true> <Delay = 3.99> <CoreInst = "TAddSub">   --->   Core 10 'TAddSub' <Latency = 0> <II = 1> <Delay = 2.01> <IPBlock> <Opcode : 'add' 'sub'> <InPorts = 3> <OutPorts = 1> <Sync> <CReg>
ST_6 : Operation 1435 [1/2] (2.10ns) (root node of the DSP)   --->   "%add_ln174_35 = add i17 %add_ln174_34, i17 %sext_ln174_60" [../cnn_hls.cpp:174]   --->   Operation 1435 'add' 'add_ln174_35' <Predicate = true> <Delay = 2.10> <CoreInst = "DSP48">   --->   Core 116 'DSP48' <Latency = 3> <II = 1> <Delay = 2.15> <IPBlock> <Opcode : 'add' 'sub' 'mul' 'select'> <InPorts = 0> <OutPorts = 1> <Sync> <CReg>
ST_6 : Operation 1436 [1/1] (0.00ns)   --->   "%sext_ln174_140 = sext i17 %add_ln174_35" [../cnn_hls.cpp:174]   --->   Operation 1436 'sext' 'sext_ln174_140' <Predicate = true> <Delay = 0.00>
ST_6 : Operation 1437 [1/2] (2.10ns) (root node of the DSP)   --->   "%add_ln174_37 = add i18 %sext_ln174_141, i18 %sext_ln174_57" [../cnn_hls.cpp:174]   --->   Operation 1437 'add' 'add_ln174_37' <Predicate = true> <Delay = 2.10> <CoreInst = "DSP48">   --->   Core 116 'DSP48' <Latency = 3> <II = 1> <Delay = 2.15> <IPBlock> <Opcode : 'add' 'sub' 'mul' 'select'> <InPorts = 0> <OutPorts = 1> <Sync> <CReg>
ST_6 : Operation 1438 [1/1] (2.13ns)   --->   "%add_ln174_38 = add i18 %add_ln174_37, i18 %sext_ln174_140" [../cnn_hls.cpp:174]   --->   Operation 1438 'add' 'add_ln174_38' <Predicate = true> <Delay = 2.13> <CoreInst = "Adder">   --->   Core 1 'Adder' <Latency = 0> <II = 1> <Delay = 2.13> <FuncUnit> <Opcode : 'add' 'sub'> <InPorts = 2> <OutPorts = 1>
ST_6 : Operation 1439 [1/1] (0.00ns)   --->   "%sext_ln174_142 = sext i18 %add_ln174_38" [../cnn_hls.cpp:174]   --->   Operation 1439 'sext' 'sext_ln174_142' <Predicate = true> <Delay = 0.00>
ST_6 : Operation 1440 [1/1] (0.00ns)   --->   "%sext_ln174_146 = sext i17 %add_ln174_43" [../cnn_hls.cpp:174]   --->   Operation 1440 'sext' 'sext_ln174_146' <Predicate = true> <Delay = 0.00>
ST_6 : Operation 1441 [1/1] (2.13ns)   --->   "%add_ln174_44 = add i19 %sext_ln174_146, i19 %sext_ln174_142" [../cnn_hls.cpp:174]   --->   Operation 1441 'add' 'add_ln174_44' <Predicate = true> <Delay = 2.13> <CoreInst = "Adder">   --->   Core 1 'Adder' <Latency = 0> <II = 1> <Delay = 2.13> <FuncUnit> <Opcode : 'add' 'sub'> <InPorts = 2> <OutPorts = 1>
ST_6 : Operation 1442 [1/2] (2.10ns) (root node of the DSP)   --->   "%add_ln174_47 = add i16 %sext_ln174_53, i16 %sext_ln174_52" [../cnn_hls.cpp:174]   --->   Operation 1442 'add' 'add_ln174_47' <Predicate = true> <Delay = 2.10> <CoreInst = "DSP48">   --->   Core 116 'DSP48' <Latency = 3> <II = 1> <Delay = 2.15> <IPBlock> <Opcode : 'add' 'sub' 'mul' 'select'> <InPorts = 0> <OutPorts = 1> <Sync> <CReg>
ST_6 : Operation 1443 [1/1] (2.07ns) (out node of the LUT)   --->   "%add_ln174_48 = add i16 %add_ln174_47, i16 %sext_ln174_54" [../cnn_hls.cpp:174]   --->   Operation 1443 'add' 'add_ln174_48' <Predicate = true> <Delay = 2.07> <CoreInst = "Adder">   --->   Core 1 'Adder' <Latency = 0> <II = 1> <Delay = 2.07> <FuncUnit> <Opcode : 'add' 'sub'> <InPorts = 2> <OutPorts = 1>
ST_6 : Operation 1444 [1/1] (2.07ns)   --->   "%add_ln174_49 = add i17 %zext_ln174_15, i17 %sext_ln174_50" [../cnn_hls.cpp:174]   --->   Operation 1444 'add' 'add_ln174_49' <Predicate = true> <Delay = 2.07> <CoreInst = "Adder">   --->   Core 1 'Adder' <Latency = 0> <II = 1> <Delay = 2.07> <FuncUnit> <Opcode : 'add' 'sub'> <InPorts = 2> <OutPorts = 1>
ST_6 : Operation 1445 [2/2] (2.10ns) (root node of the DSP)   --->   "%add_ln174_50 = add i17 %add_ln174_49, i17 %sext_ln174_51" [../cnn_hls.cpp:174]   --->   Operation 1445 'add' 'add_ln174_50' <Predicate = true> <Delay = 2.10> <CoreInst = "DSP48">   --->   Core 116 'DSP48' <Latency = 3> <II = 1> <Delay = 2.15> <IPBlock> <Opcode : 'add' 'sub' 'mul' 'select'> <InPorts = 0> <OutPorts = 1> <Sync> <CReg>
ST_6 : Operation 1446 [1/2] (2.10ns) (root node of the DSP)   --->   "%add_ln174_52 = add i17 %sext_ln174_49, i17 %sext_ln174_48" [../cnn_hls.cpp:174]   --->   Operation 1446 'add' 'add_ln174_52' <Predicate = true> <Delay = 2.10> <CoreInst = "DSP48">   --->   Core 116 'DSP48' <Latency = 3> <II = 1> <Delay = 2.15> <IPBlock> <Opcode : 'add' 'sub' 'mul' 'select'> <InPorts = 0> <OutPorts = 1> <Sync> <CReg>
ST_6 : Operation 1447 [1/1] (0.00ns)   --->   "%sext_ln174_151 = sext i17 %add_ln174_52" [../cnn_hls.cpp:174]   --->   Operation 1447 'sext' 'sext_ln174_151' <Predicate = true> <Delay = 0.00>
ST_6 : Operation 1448 [1/1] (0.00ns) (grouped into TernaryAdder)   --->   "%add_ln174_53 = add i18 %sext_ln174_151, i18 %zext_ln174_14" [../cnn_hls.cpp:174]   --->   Operation 1448 'add' 'add_ln174_53' <Predicate = true> <Delay = 0.00> <CoreInst = "TAddSub">   --->   Core 10 'TAddSub' <Latency = 0> <II = 1> <Delay = 2.01> <IPBlock> <Opcode : 'add' 'sub'> <InPorts = 3> <OutPorts = 1> <Sync> <CReg>
ST_6 : Operation 1449 [1/1] (0.00ns)   --->   "%sext_ln174_152 = sext i17 %add_ln174_55" [../cnn_hls.cpp:174]   --->   Operation 1449 'sext' 'sext_ln174_152' <Predicate = true> <Delay = 0.00>
ST_6 : Operation 1450 [1/1] (3.96ns) (root node of TernaryAdder)   --->   "%add_ln174_56 = add i18 %sext_ln174_152, i18 %add_ln174_53" [../cnn_hls.cpp:174]   --->   Operation 1450 'add' 'add_ln174_56' <Predicate = true> <Delay = 3.96> <CoreInst = "TAddSub">   --->   Core 10 'TAddSub' <Latency = 0> <II = 1> <Delay = 2.01> <IPBlock> <Opcode : 'add' 'sub'> <InPorts = 3> <OutPorts = 1> <Sync> <CReg>
ST_6 : Operation 1451 [2/2] (2.10ns) (root node of the DSP)   --->   "%add_ln174_59 = add i15 %add_ln174_58, i15 %mul_ln174_68" [../cnn_hls.cpp:174]   --->   Operation 1451 'add' 'add_ln174_59' <Predicate = true> <Delay = 2.10> <CoreInst = "DSP48">   --->   Core 116 'DSP48' <Latency = 3> <II = 1> <Delay = 2.15> <IPBlock> <Opcode : 'add' 'sub' 'mul' 'select'> <InPorts = 0> <OutPorts = 1> <Sync> <CReg>
ST_6 : Operation 1452 [1/2] (2.10ns) (root node of the DSP)   --->   "%add_ln174_60 = add i16 %sext_ln174_44, i16 %tmp1" [../cnn_hls.cpp:174]   --->   Operation 1452 'add' 'add_ln174_60' <Predicate = true> <Delay = 2.10> <CoreInst = "DSP48">   --->   Core 116 'DSP48' <Latency = 3> <II = 1> <Delay = 2.15> <IPBlock> <Opcode : 'add' 'sub' 'mul' 'select'> <InPorts = 0> <OutPorts = 1> <Sync> <CReg>
ST_6 : Operation 1453 [1/1] (0.00ns)   --->   "%sext_ln174_156 = sext i16 %add_ln174_60" [../cnn_hls.cpp:174]   --->   Operation 1453 'sext' 'sext_ln174_156' <Predicate = true> <Delay = 0.00>
ST_6 : Operation 1454 [2/2] (2.10ns) (root node of the DSP)   --->   "%add_ln174_61 = add i17 %sext_ln174_156, i17 %sext_ln174_45" [../cnn_hls.cpp:174]   --->   Operation 1454 'add' 'add_ln174_61' <Predicate = true> <Delay = 2.10> <CoreInst = "DSP48">   --->   Core 116 'DSP48' <Latency = 3> <II = 1> <Delay = 2.15> <IPBlock> <Opcode : 'add' 'sub' 'mul' 'select'> <InPorts = 0> <OutPorts = 1> <Sync> <CReg>
ST_6 : Operation 1455 [1/2] (2.10ns) (root node of the DSP)   --->   "%add_ln174_63 = add i17 %sext_ln174_43, i17 %sext_ln174_42" [../cnn_hls.cpp:174]   --->   Operation 1455 'add' 'add_ln174_63' <Predicate = true> <Delay = 2.10> <CoreInst = "DSP48">   --->   Core 116 'DSP48' <Latency = 3> <II = 1> <Delay = 2.15> <IPBlock> <Opcode : 'add' 'sub' 'mul' 'select'> <InPorts = 0> <OutPorts = 1> <Sync> <CReg>
ST_6 : Operation 1456 [1/1] (2.10ns)   --->   "%add_ln174_64 = add i17 %add_ln174_63, i17 %zext_ln174_11" [../cnn_hls.cpp:174]   --->   Operation 1456 'add' 'add_ln174_64' <Predicate = true> <Delay = 2.10> <CoreInst = "Adder">   --->   Core 1 'Adder' <Latency = 0> <II = 1> <Delay = 2.10> <FuncUnit> <Opcode : 'add' 'sub'> <InPorts = 2> <OutPorts = 1>
ST_6 : Operation 1457 [1/1] (0.00ns)   --->   "%sext_ln174_158 = sext i17 %add_ln174_64" [../cnn_hls.cpp:174]   --->   Operation 1457 'sext' 'sext_ln174_158' <Predicate = true> <Delay = 0.00>
ST_6 : Operation 1458 [1/2] (2.10ns) (root node of the DSP)   --->   "%add_ln174_66 = add i16 %add_ln174_65, i16 %sext_ln174_41" [../cnn_hls.cpp:174]   --->   Operation 1458 'add' 'add_ln174_66' <Predicate = true> <Delay = 2.10> <CoreInst = "DSP48">   --->   Core 116 'DSP48' <Latency = 3> <II = 1> <Delay = 2.15> <IPBlock> <Opcode : 'add' 'sub' 'mul' 'select'> <InPorts = 0> <OutPorts = 1> <Sync> <CReg>
ST_6 : Operation 1459 [1/1] (0.00ns)   --->   "%sext_ln174_159 = sext i16 %add_ln174_66" [../cnn_hls.cpp:174]   --->   Operation 1459 'sext' 'sext_ln174_159' <Predicate = true> <Delay = 0.00>
ST_6 : Operation 1460 [1/1] (2.10ns)   --->   "%add_ln174_67 = add i18 %sext_ln174_159, i18 %sext_ln174_158" [../cnn_hls.cpp:174]   --->   Operation 1460 'add' 'add_ln174_67' <Predicate = true> <Delay = 2.10> <CoreInst = "Adder">   --->   Core 1 'Adder' <Latency = 0> <II = 1> <Delay = 2.10> <FuncUnit> <Opcode : 'add' 'sub'> <InPorts = 2> <OutPorts = 1>
ST_6 : Operation 1461 [1/1] (0.00ns)   --->   "%sext_ln174_163 = sext i16 %add_ln174_71" [../cnn_hls.cpp:174]   --->   Operation 1461 'sext' 'sext_ln174_163' <Predicate = true> <Delay = 0.00>
ST_6 : Operation 1462 [1/2] (2.10ns) (root node of the DSP)   --->   "%add_ln174_73 = add i17 %sext_ln174_164, i17 %sext_ln174_38" [../cnn_hls.cpp:174]   --->   Operation 1462 'add' 'add_ln174_73' <Predicate = true> <Delay = 2.10> <CoreInst = "DSP48">   --->   Core 116 'DSP48' <Latency = 3> <II = 1> <Delay = 2.15> <IPBlock> <Opcode : 'add' 'sub' 'mul' 'select'> <InPorts = 0> <OutPorts = 1> <Sync> <CReg>
ST_6 : Operation 1463 [1/1] (0.00ns)   --->   "%sext_ln174_165 = sext i17 %add_ln174_73" [../cnn_hls.cpp:174]   --->   Operation 1463 'sext' 'sext_ln174_165' <Predicate = true> <Delay = 0.00>
ST_6 : Operation 1464 [1/1] (0.00ns) (grouped into TernaryAdder)   --->   "%add_ln174_74 = add i18 %sext_ln174_165, i18 %sext_ln174_163" [../cnn_hls.cpp:174]   --->   Operation 1464 'add' 'add_ln174_74' <Predicate = true> <Delay = 0.00> <CoreInst = "TAddSub">   --->   Core 10 'TAddSub' <Latency = 0> <II = 1> <Delay = 2.01> <IPBlock> <Opcode : 'add' 'sub'> <InPorts = 3> <OutPorts = 1> <Sync> <CReg>
ST_6 : Operation 1465 [1/1] (0.00ns)   --->   "%sext_ln174_168 = sext i17 %add_ln174_79" [../cnn_hls.cpp:174]   --->   Operation 1465 'sext' 'sext_ln174_168' <Predicate = true> <Delay = 0.00>
ST_6 : Operation 1466 [1/1] (3.96ns) (root node of TernaryAdder)   --->   "%add_ln174_80 = add i18 %sext_ln174_168, i18 %add_ln174_74" [../cnn_hls.cpp:174]   --->   Operation 1466 'add' 'add_ln174_80' <Predicate = true> <Delay = 3.96> <CoreInst = "TAddSub">   --->   Core 10 'TAddSub' <Latency = 0> <II = 1> <Delay = 2.01> <IPBlock> <Opcode : 'add' 'sub'> <InPorts = 3> <OutPorts = 1> <Sync> <CReg>
ST_6 : Operation 1467 [1/2] (2.10ns) (root node of the DSP)   --->   "%add_ln174_82 = add i16 %add_ln174_81, i16 %sext_ln174_31" [../cnn_hls.cpp:174]   --->   Operation 1467 'add' 'add_ln174_82' <Predicate = true> <Delay = 2.10> <CoreInst = "DSP48">   --->   Core 116 'DSP48' <Latency = 3> <II = 1> <Delay = 2.15> <IPBlock> <Opcode : 'add' 'sub' 'mul' 'select'> <InPorts = 0> <OutPorts = 1> <Sync> <CReg>
ST_6 : Operation 1468 [1/1] (0.00ns)   --->   "%sext_ln174_170 = sext i16 %add_ln174_82" [../cnn_hls.cpp:174]   --->   Operation 1468 'sext' 'sext_ln174_170' <Predicate = true> <Delay = 0.00>
ST_6 : Operation 1469 [1/2] (2.10ns) (root node of the DSP)   --->   "%add_ln174_84 = add i18 %sext_ln174_171, i18 %sext_ln174_29" [../cnn_hls.cpp:174]   --->   Operation 1469 'add' 'add_ln174_84' <Predicate = true> <Delay = 2.10> <CoreInst = "DSP48">   --->   Core 116 'DSP48' <Latency = 3> <II = 1> <Delay = 2.15> <IPBlock> <Opcode : 'add' 'sub' 'mul' 'select'> <InPorts = 0> <OutPorts = 1> <Sync> <CReg>
ST_6 : Operation 1470 [1/1] (2.13ns)   --->   "%add_ln174_85 = add i18 %add_ln174_84, i18 %sext_ln174_170" [../cnn_hls.cpp:174]   --->   Operation 1470 'add' 'add_ln174_85' <Predicate = true> <Delay = 2.13> <CoreInst = "Adder">   --->   Core 1 'Adder' <Latency = 0> <II = 1> <Delay = 2.13> <FuncUnit> <Opcode : 'add' 'sub'> <InPorts = 2> <OutPorts = 1>
ST_6 : Operation 1471 [1/2] (2.10ns) (root node of the DSP)   --->   "%add_ln174_87 = add i16 %sext_ln174_173, i16 %sext_ln174_26" [../cnn_hls.cpp:174]   --->   Operation 1471 'add' 'add_ln174_87' <Predicate = true> <Delay = 2.10> <CoreInst = "DSP48">   --->   Core 116 'DSP48' <Latency = 3> <II = 1> <Delay = 2.15> <IPBlock> <Opcode : 'add' 'sub' 'mul' 'select'> <InPorts = 0> <OutPorts = 1> <Sync> <CReg>
ST_6 : Operation 1472 [1/1] (0.00ns)   --->   "%sext_ln174_174 = sext i16 %add_ln174_87" [../cnn_hls.cpp:174]   --->   Operation 1472 'sext' 'sext_ln174_174' <Predicate = true> <Delay = 0.00>
ST_6 : Operation 1473 [1/1] (0.00ns)   --->   "%sext_ln174_175 = sext i16 %add_ln174_89" [../cnn_hls.cpp:174]   --->   Operation 1473 'sext' 'sext_ln174_175' <Predicate = true> <Delay = 0.00>
ST_6 : Operation 1474 [1/1] (2.07ns)   --->   "%add_ln174_90 = add i17 %sext_ln174_175, i17 %sext_ln174_174" [../cnn_hls.cpp:174]   --->   Operation 1474 'add' 'add_ln174_90' <Predicate = true> <Delay = 2.07> <CoreInst = "Adder">   --->   Core 1 'Adder' <Latency = 0> <II = 1> <Delay = 2.07> <FuncUnit> <Opcode : 'add' 'sub'> <InPorts = 2> <OutPorts = 1>
ST_6 : Operation 1475 [1/1] (0.00ns)   --->   "%sext_ln174_180 = sext i16 %add_ln174_96" [../cnn_hls.cpp:174]   --->   Operation 1475 'sext' 'sext_ln174_180' <Predicate = true> <Delay = 0.00>
ST_6 : Operation 1476 [1/2] (2.10ns) (root node of the DSP)   --->   "%add_ln174_98 = add i16 %add_ln174_97, i16 %sext_ln174_22" [../cnn_hls.cpp:174]   --->   Operation 1476 'add' 'add_ln174_98' <Predicate = true> <Delay = 2.10> <CoreInst = "DSP48">   --->   Core 116 'DSP48' <Latency = 3> <II = 1> <Delay = 2.15> <IPBlock> <Opcode : 'add' 'sub' 'mul' 'select'> <InPorts = 0> <OutPorts = 1> <Sync> <CReg>
ST_6 : Operation 1477 [1/1] (0.00ns)   --->   "%sext_ln174_181 = sext i16 %add_ln174_98" [../cnn_hls.cpp:174]   --->   Operation 1477 'sext' 'sext_ln174_181' <Predicate = true> <Delay = 0.00>
ST_6 : Operation 1478 [1/1] (2.07ns)   --->   "%add_ln174_99 = add i17 %sext_ln174_181, i17 %sext_ln174_180" [../cnn_hls.cpp:174]   --->   Operation 1478 'add' 'add_ln174_99' <Predicate = true> <Delay = 2.07> <CoreInst = "Adder">   --->   Core 1 'Adder' <Latency = 0> <II = 1> <Delay = 2.07> <FuncUnit> <Opcode : 'add' 'sub'> <InPorts = 2> <OutPorts = 1>
ST_6 : Operation 1479 [1/2] (2.10ns) (root node of the DSP)   --->   "%add_ln174_100 = add i17 %sext_ln174_18, i17 %sext_ln174_17" [../cnn_hls.cpp:174]   --->   Operation 1479 'add' 'add_ln174_100' <Predicate = true> <Delay = 2.10> <CoreInst = "DSP48">   --->   Core 116 'DSP48' <Latency = 3> <II = 1> <Delay = 2.15> <IPBlock> <Opcode : 'add' 'sub' 'mul' 'select'> <InPorts = 0> <OutPorts = 1> <Sync> <CReg>
ST_6 : Operation 1480 [1/1] (0.00ns)   --->   "%sext_ln174_183 = sext i17 %add_ln174_100" [../cnn_hls.cpp:174]   --->   Operation 1480 'sext' 'sext_ln174_183' <Predicate = true> <Delay = 0.00>
ST_6 : Operation 1481 [1/1] (0.00ns) (grouped into TernaryAdder)   --->   "%add_ln174_101 = add i18 %sext_ln174_183, i18 %sext_ln174_19" [../cnn_hls.cpp:174]   --->   Operation 1481 'add' 'add_ln174_101' <Predicate = true> <Delay = 0.00> <CoreInst = "TAddSub">   --->   Core 10 'TAddSub' <Latency = 0> <II = 1> <Delay = 2.01> <IPBlock> <Opcode : 'add' 'sub'> <InPorts = 3> <OutPorts = 1> <Sync> <CReg>
ST_6 : Operation 1482 [1/2] (2.10ns) (root node of the DSP)   --->   "%add_ln174_103 = add i16 %add_ln174_102, i16 %sext_ln174_16" [../cnn_hls.cpp:174]   --->   Operation 1482 'add' 'add_ln174_103' <Predicate = true> <Delay = 2.10> <CoreInst = "DSP48">   --->   Core 116 'DSP48' <Latency = 3> <II = 1> <Delay = 2.15> <IPBlock> <Opcode : 'add' 'sub' 'mul' 'select'> <InPorts = 0> <OutPorts = 1> <Sync> <CReg>
ST_6 : Operation 1483 [1/1] (0.00ns)   --->   "%sext_ln174_184 = sext i16 %add_ln174_103" [../cnn_hls.cpp:174]   --->   Operation 1483 'sext' 'sext_ln174_184' <Predicate = true> <Delay = 0.00>
ST_6 : Operation 1484 [1/1] (3.96ns) (root node of TernaryAdder)   --->   "%add_ln174_104 = add i18 %sext_ln174_184, i18 %add_ln174_101" [../cnn_hls.cpp:174]   --->   Operation 1484 'add' 'add_ln174_104' <Predicate = true> <Delay = 3.96> <CoreInst = "TAddSub">   --->   Core 10 'TAddSub' <Latency = 0> <II = 1> <Delay = 2.01> <IPBlock> <Opcode : 'add' 'sub'> <InPorts = 3> <OutPorts = 1> <Sync> <CReg>
ST_6 : Operation 1485 [1/2] (2.10ns) (root node of the DSP)   --->   "%add_ln174_107 = add i16 %add_ln174_106, i16 %sext_ln174_14" [../cnn_hls.cpp:174]   --->   Operation 1485 'add' 'add_ln174_107' <Predicate = true> <Delay = 2.10> <CoreInst = "DSP48">   --->   Core 116 'DSP48' <Latency = 3> <II = 1> <Delay = 2.15> <IPBlock> <Opcode : 'add' 'sub' 'mul' 'select'> <InPorts = 0> <OutPorts = 1> <Sync> <CReg>
ST_6 : Operation 1486 [1/1] (0.00ns)   --->   "%sext_ln174_186 = sext i16 %add_ln174_107" [../cnn_hls.cpp:174]   --->   Operation 1486 'sext' 'sext_ln174_186' <Predicate = true> <Delay = 0.00>
ST_6 : Operation 1487 [1/2] (2.10ns) (root node of the DSP)   --->   "%add_ln174_109 = add i17 %add_ln174_108, i17 %sext_ln174_12" [../cnn_hls.cpp:174]   --->   Operation 1487 'add' 'add_ln174_109' <Predicate = true> <Delay = 2.10> <CoreInst = "DSP48">   --->   Core 116 'DSP48' <Latency = 3> <II = 1> <Delay = 2.15> <IPBlock> <Opcode : 'add' 'sub' 'mul' 'select'> <InPorts = 0> <OutPorts = 1> <Sync> <CReg>
ST_6 : Operation 1488 [1/1] (0.00ns)   --->   "%sext_ln174_187 = sext i17 %add_ln174_109" [../cnn_hls.cpp:174]   --->   Operation 1488 'sext' 'sext_ln174_187' <Predicate = true> <Delay = 0.00>
ST_6 : Operation 1489 [1/1] (0.00ns) (grouped into TernaryAdder)   --->   "%add_ln174_110 = add i18 %sext_ln174_187, i18 %sext_ln174_186" [../cnn_hls.cpp:174]   --->   Operation 1489 'add' 'add_ln174_110' <Predicate = true> <Delay = 0.00> <CoreInst = "TAddSub">   --->   Core 10 'TAddSub' <Latency = 0> <II = 1> <Delay = 2.01> <IPBlock> <Opcode : 'add' 'sub'> <InPorts = 3> <OutPorts = 1> <Sync> <CReg>
ST_6 : Operation 1490 [1/1] (0.00ns)   --->   "%sext_ln174_189 = sext i17 %add_ln174_115" [../cnn_hls.cpp:174]   --->   Operation 1490 'sext' 'sext_ln174_189' <Predicate = true> <Delay = 0.00>
ST_6 : Operation 1491 [1/1] (3.96ns) (root node of TernaryAdder)   --->   "%add_ln174_116 = add i18 %sext_ln174_189, i18 %add_ln174_110" [../cnn_hls.cpp:174]   --->   Operation 1491 'add' 'add_ln174_116' <Predicate = true> <Delay = 3.96> <CoreInst = "TAddSub">   --->   Core 10 'TAddSub' <Latency = 0> <II = 1> <Delay = 2.01> <IPBlock> <Opcode : 'add' 'sub'> <InPorts = 3> <OutPorts = 1> <Sync> <CReg>
ST_6 : Operation 1492 [1/2] (2.10ns) (root node of the DSP)   --->   "%add_ln174_119 = add i17 %add_ln174_118, i17 %sext_ln174_5" [../cnn_hls.cpp:174]   --->   Operation 1492 'add' 'add_ln174_119' <Predicate = true> <Delay = 2.10> <CoreInst = "DSP48">   --->   Core 116 'DSP48' <Latency = 3> <II = 1> <Delay = 2.15> <IPBlock> <Opcode : 'add' 'sub' 'mul' 'select'> <InPorts = 0> <OutPorts = 1> <Sync> <CReg>
ST_6 : Operation 1493 [1/1] (0.00ns)   --->   "%sext_ln174_192 = sext i17 %add_ln174_119" [../cnn_hls.cpp:174]   --->   Operation 1493 'sext' 'sext_ln174_192' <Predicate = true> <Delay = 0.00>
ST_6 : Operation 1494 [1/2] (2.10ns) (root node of the DSP)   --->   "%add_ln174_121 = add i16 %add_ln174_120, i16 %sext_ln174_2" [../cnn_hls.cpp:174]   --->   Operation 1494 'add' 'add_ln174_121' <Predicate = true> <Delay = 2.10> <CoreInst = "DSP48">   --->   Core 116 'DSP48' <Latency = 3> <II = 1> <Delay = 2.15> <IPBlock> <Opcode : 'add' 'sub' 'mul' 'select'> <InPorts = 0> <OutPorts = 1> <Sync> <CReg>
ST_6 : Operation 1495 [1/1] (0.00ns)   --->   "%sext_ln174_193 = sext i16 %add_ln174_121" [../cnn_hls.cpp:174]   --->   Operation 1495 'sext' 'sext_ln174_193' <Predicate = true> <Delay = 0.00>
ST_6 : Operation 1496 [1/1] (0.00ns) (grouped into TernaryAdder)   --->   "%add_ln174_122 = add i18 %sext_ln174_193, i18 %sext_ln174_192" [../cnn_hls.cpp:174]   --->   Operation 1496 'add' 'add_ln174_122' <Predicate = true> <Delay = 0.00> <CoreInst = "TAddSub">   --->   Core 10 'TAddSub' <Latency = 0> <II = 1> <Delay = 2.01> <IPBlock> <Opcode : 'add' 'sub'> <InPorts = 3> <OutPorts = 1> <Sync> <CReg>
ST_6 : Operation 1497 [1/1] (3.96ns) (root node of TernaryAdder)   --->   "%add_ln174_128 = add i18 %add_ln174_127, i18 %add_ln174_122" [../cnn_hls.cpp:174]   --->   Operation 1497 'add' 'add_ln174_128' <Predicate = true> <Delay = 3.96> <CoreInst = "TAddSub">   --->   Core 10 'TAddSub' <Latency = 0> <II = 1> <Delay = 2.01> <IPBlock> <Opcode : 'add' 'sub'> <InPorts = 3> <OutPorts = 1> <Sync> <CReg>
ST_6 : Operation 1498 [1/2] (2.10ns) (root node of the DSP)   --->   "%add_ln174_130 = add i17 %sext_ln174_198, i17 %sext_ln174_114" [../cnn_hls.cpp:174]   --->   Operation 1498 'add' 'add_ln174_130' <Predicate = true> <Delay = 2.10> <CoreInst = "DSP48">   --->   Core 116 'DSP48' <Latency = 3> <II = 1> <Delay = 2.15> <IPBlock> <Opcode : 'add' 'sub' 'mul' 'select'> <InPorts = 0> <OutPorts = 1> <Sync> <CReg>
ST_6 : Operation 1499 [1/1] (0.00ns)   --->   "%sext_ln174_199 = sext i17 %add_ln174_130" [../cnn_hls.cpp:174]   --->   Operation 1499 'sext' 'sext_ln174_199' <Predicate = true> <Delay = 0.00>
ST_6 : Operation 1500 [1/1] (0.00ns)   --->   "%sext_ln174_201 = sext i17 %add_ln174_132" [../cnn_hls.cpp:174]   --->   Operation 1500 'sext' 'sext_ln174_201' <Predicate = true> <Delay = 0.00>
ST_6 : Operation 1501 [1/1] (0.00ns) (grouped into TernaryAdder)   --->   "%add_ln174_133 = add i18 %sext_ln174_201, i18 %sext_ln174_199" [../cnn_hls.cpp:174]   --->   Operation 1501 'add' 'add_ln174_133' <Predicate = true> <Delay = 0.00> <CoreInst = "TAddSub">   --->   Core 10 'TAddSub' <Latency = 0> <II = 1> <Delay = 2.01> <IPBlock> <Opcode : 'add' 'sub'> <InPorts = 3> <OutPorts = 1> <Sync> <CReg>
ST_6 : Operation 1502 [1/1] (0.00ns)   --->   "%sext_ln174_205 = sext i17 %add_ln174_138" [../cnn_hls.cpp:174]   --->   Operation 1502 'sext' 'sext_ln174_205' <Predicate = true> <Delay = 0.00>
ST_6 : Operation 1503 [1/1] (3.96ns) (root node of TernaryAdder)   --->   "%add_ln174_139 = add i18 %sext_ln174_205, i18 %add_ln174_133" [../cnn_hls.cpp:174]   --->   Operation 1503 'add' 'add_ln174_139' <Predicate = true> <Delay = 3.96> <CoreInst = "TAddSub">   --->   Core 10 'TAddSub' <Latency = 0> <II = 1> <Delay = 2.01> <IPBlock> <Opcode : 'add' 'sub'> <InPorts = 3> <OutPorts = 1> <Sync> <CReg>
ST_6 : Operation 1504 [1/1] (0.00ns)   --->   "%sext_ln174_211 = sext i17 %add_ln174_146" [../cnn_hls.cpp:174]   --->   Operation 1504 'sext' 'sext_ln174_211' <Predicate = true> <Delay = 0.00>
ST_6 : Operation 1505 [1/1] (0.00ns)   --->   "%sext_ln174_215 = sext i18 %add_ln174_151" [../cnn_hls.cpp:174]   --->   Operation 1505 'sext' 'sext_ln174_215' <Predicate = true> <Delay = 0.00>
ST_6 : Operation 1506 [1/1] (0.00ns) (grouped into TernaryAdder)   --->   "%add_ln174_152 = add i19 %sext_ln174_215, i19 %sext_ln174_211" [../cnn_hls.cpp:174]   --->   Operation 1506 'add' 'add_ln174_152' <Predicate = true> <Delay = 0.00> <CoreInst = "TAddSub">   --->   Core 10 'TAddSub' <Latency = 0> <II = 1> <Delay = 2.01> <IPBlock> <Opcode : 'add' 'sub'> <InPorts = 3> <OutPorts = 1> <Sync> <CReg>
ST_6 : Operation 1507 [1/1] (0.00ns)   --->   "%sext_ln174_222 = sext i18 %add_ln174_163" [../cnn_hls.cpp:174]   --->   Operation 1507 'sext' 'sext_ln174_222' <Predicate = true> <Delay = 0.00>
ST_6 : Operation 1508 [1/1] (3.99ns) (root node of TernaryAdder)   --->   "%add_ln174_164 = add i19 %sext_ln174_222, i19 %add_ln174_152" [../cnn_hls.cpp:174]   --->   Operation 1508 'add' 'add_ln174_164' <Predicate = true> <Delay = 3.99> <CoreInst = "TAddSub">   --->   Core 10 'TAddSub' <Latency = 0> <II = 1> <Delay = 2.01> <IPBlock> <Opcode : 'add' 'sub'> <InPorts = 3> <OutPorts = 1> <Sync> <CReg>
ST_6 : Operation 1509 [1/1] (0.00ns)   --->   "%sext_ln174_224 = sext i16 %add_ln174_166" [../cnn_hls.cpp:174]   --->   Operation 1509 'sext' 'sext_ln174_224' <Predicate = true> <Delay = 0.00>
ST_6 : Operation 1510 [1/2] (2.10ns) (root node of the DSP)   --->   "%add_ln174_168 = add i17 %sext_ln174_225, i17 %sext_ln174_96" [../cnn_hls.cpp:174]   --->   Operation 1510 'add' 'add_ln174_168' <Predicate = true> <Delay = 2.10> <CoreInst = "DSP48">   --->   Core 116 'DSP48' <Latency = 3> <II = 1> <Delay = 2.15> <IPBlock> <Opcode : 'add' 'sub' 'mul' 'select'> <InPorts = 0> <OutPorts = 1> <Sync> <CReg>
ST_6 : Operation 1511 [1/1] (0.00ns)   --->   "%sext_ln174_226 = sext i17 %add_ln174_168" [../cnn_hls.cpp:174]   --->   Operation 1511 'sext' 'sext_ln174_226' <Predicate = true> <Delay = 0.00>
ST_6 : Operation 1512 [1/1] (2.10ns)   --->   "%add_ln174_169 = add i18 %sext_ln174_226, i18 %sext_ln174_224" [../cnn_hls.cpp:174]   --->   Operation 1512 'add' 'add_ln174_169' <Predicate = true> <Delay = 2.10> <CoreInst = "Adder">   --->   Core 1 'Adder' <Latency = 0> <II = 1> <Delay = 2.10> <FuncUnit> <Opcode : 'add' 'sub'> <InPorts = 2> <OutPorts = 1>
ST_6 : Operation 1513 [1/1] (0.00ns)   --->   "%sext_ln174_227 = sext i18 %add_ln174_169" [../cnn_hls.cpp:174]   --->   Operation 1513 'sext' 'sext_ln174_227' <Predicate = true> <Delay = 0.00>
ST_6 : Operation 1514 [1/2] (2.10ns) (root node of the DSP)   --->   "%add_ln174_171 = add i17 %add_ln174_170, i17 %sext_ln174_94" [../cnn_hls.cpp:174]   --->   Operation 1514 'add' 'add_ln174_171' <Predicate = true> <Delay = 2.10> <CoreInst = "DSP48">   --->   Core 116 'DSP48' <Latency = 3> <II = 1> <Delay = 2.15> <IPBlock> <Opcode : 'add' 'sub' 'mul' 'select'> <InPorts = 0> <OutPorts = 1> <Sync> <CReg>
ST_6 : Operation 1515 [1/1] (0.00ns)   --->   "%sext_ln174_228 = sext i17 %add_ln174_171" [../cnn_hls.cpp:174]   --->   Operation 1515 'sext' 'sext_ln174_228' <Predicate = true> <Delay = 0.00>
ST_6 : Operation 1516 [1/2] (2.10ns) (root node of the DSP)   --->   "%add_ln174_173 = add i17 %sext_ln174_229, i17 %sext_ln174_91" [../cnn_hls.cpp:174]   --->   Operation 1516 'add' 'add_ln174_173' <Predicate = true> <Delay = 2.10> <CoreInst = "DSP48">   --->   Core 116 'DSP48' <Latency = 3> <II = 1> <Delay = 2.15> <IPBlock> <Opcode : 'add' 'sub' 'mul' 'select'> <InPorts = 0> <OutPorts = 1> <Sync> <CReg>
ST_6 : Operation 1517 [1/1] (0.00ns)   --->   "%sext_ln174_230 = sext i17 %add_ln174_173" [../cnn_hls.cpp:174]   --->   Operation 1517 'sext' 'sext_ln174_230' <Predicate = true> <Delay = 0.00>
ST_6 : Operation 1518 [1/1] (2.10ns)   --->   "%add_ln174_174 = add i18 %sext_ln174_230, i18 %sext_ln174_228" [../cnn_hls.cpp:174]   --->   Operation 1518 'add' 'add_ln174_174' <Predicate = true> <Delay = 2.10> <CoreInst = "Adder">   --->   Core 1 'Adder' <Latency = 0> <II = 1> <Delay = 2.10> <FuncUnit> <Opcode : 'add' 'sub'> <InPorts = 2> <OutPorts = 1>
ST_6 : Operation 1519 [1/1] (0.00ns)   --->   "%sext_ln174_231 = sext i18 %add_ln174_174" [../cnn_hls.cpp:174]   --->   Operation 1519 'sext' 'sext_ln174_231' <Predicate = true> <Delay = 0.00>
ST_6 : Operation 1520 [1/1] (2.13ns)   --->   "%add_ln174_175 = add i19 %sext_ln174_231, i19 %sext_ln174_227" [../cnn_hls.cpp:174]   --->   Operation 1520 'add' 'add_ln174_175' <Predicate = true> <Delay = 2.13> <CoreInst = "Adder">   --->   Core 1 'Adder' <Latency = 0> <II = 1> <Delay = 2.13> <FuncUnit> <Opcode : 'add' 'sub'> <InPorts = 2> <OutPorts = 1>
ST_6 : Operation 1521 [1/1] (0.00ns)   --->   "%sext_ln174_235 = sext i17 %add_ln174_180" [../cnn_hls.cpp:174]   --->   Operation 1521 'sext' 'sext_ln174_235' <Predicate = true> <Delay = 0.00>
ST_6 : Operation 1522 [1/2] (2.10ns) (root node of the DSP)   --->   "%add_ln174_182 = add i18 %sext_ln174_236, i18 %sext_ln174_86" [../cnn_hls.cpp:174]   --->   Operation 1522 'add' 'add_ln174_182' <Predicate = true> <Delay = 2.10> <CoreInst = "DSP48">   --->   Core 116 'DSP48' <Latency = 3> <II = 1> <Delay = 2.15> <IPBlock> <Opcode : 'add' 'sub' 'mul' 'select'> <InPorts = 0> <OutPorts = 1> <Sync> <CReg>
ST_6 : Operation 1523 [1/2] (2.10ns) (root node of the DSP)   --->   "%add_ln174_184 = add i16 %add_ln174_183, i16 %sext_ln174_84" [../cnn_hls.cpp:174]   --->   Operation 1523 'add' 'add_ln174_184' <Predicate = true> <Delay = 2.10> <CoreInst = "DSP48">   --->   Core 116 'DSP48' <Latency = 3> <II = 1> <Delay = 2.15> <IPBlock> <Opcode : 'add' 'sub' 'mul' 'select'> <InPorts = 0> <OutPorts = 1> <Sync> <CReg>
ST_6 : Operation 1524 [1/1] (0.00ns)   --->   "%sext_ln174_237 = sext i16 %add_ln174_184" [../cnn_hls.cpp:174]   --->   Operation 1524 'sext' 'sext_ln174_237' <Predicate = true> <Delay = 0.00>
ST_6 : Operation 1525 [1/1] (2.13ns)   --->   "%add_ln174_185 = add i18 %sext_ln174_237, i18 %add_ln174_182" [../cnn_hls.cpp:174]   --->   Operation 1525 'add' 'add_ln174_185' <Predicate = true> <Delay = 2.13> <CoreInst = "Adder">   --->   Core 1 'Adder' <Latency = 0> <II = 1> <Delay = 2.13> <FuncUnit> <Opcode : 'add' 'sub'> <InPorts = 2> <OutPorts = 1>
ST_6 : Operation 1526 [1/1] (0.00ns)   --->   "%sext_ln174_238 = sext i18 %add_ln174_185" [../cnn_hls.cpp:174]   --->   Operation 1526 'sext' 'sext_ln174_238' <Predicate = true> <Delay = 0.00>
ST_6 : Operation 1527 [1/1] (2.13ns)   --->   "%add_ln174_186 = add i19 %sext_ln174_238, i19 %sext_ln174_235" [../cnn_hls.cpp:174]   --->   Operation 1527 'add' 'add_ln174_186' <Predicate = true> <Delay = 2.13> <CoreInst = "Adder">   --->   Core 1 'Adder' <Latency = 0> <II = 1> <Delay = 2.13> <FuncUnit> <Opcode : 'add' 'sub'> <InPorts = 2> <OutPorts = 1>

State 7 <SV = 6> <Delay = 6.34>
ST_7 : Operation 1528 [1/1] (0.00ns)   --->   "%sext_ln174_119 = sext i17 %add_ln174_4" [../cnn_hls.cpp:174]   --->   Operation 1528 'sext' 'sext_ln174_119' <Predicate = true> <Delay = 0.00>
ST_7 : Operation 1529 [1/1] (0.00ns)   --->   "%sext_ln174_120 = sext i17 %add_ln174_6" [../cnn_hls.cpp:174]   --->   Operation 1529 'sext' 'sext_ln174_120' <Predicate = true> <Delay = 0.00>
ST_7 : Operation 1530 [1/1] (0.00ns)   --->   "%sext_ln174_122 = sext i16 %add_ln174_8" [../cnn_hls.cpp:174]   --->   Operation 1530 'sext' 'sext_ln174_122' <Predicate = true> <Delay = 0.00>
ST_7 : Operation 1531 [1/1] (0.00ns) (grouped into TernaryAdder)   --->   "%add_ln174_9 = add i18 %sext_ln174_122, i18 %sext_ln174_120" [../cnn_hls.cpp:174]   --->   Operation 1531 'add' 'add_ln174_9' <Predicate = true> <Delay = 0.00> <CoreInst = "TAddSub">   --->   Core 10 'TAddSub' <Latency = 0> <II = 1> <Delay = 2.01> <IPBlock> <Opcode : 'add' 'sub'> <InPorts = 3> <OutPorts = 1> <Sync> <CReg>
ST_7 : Operation 1532 [1/1] (3.96ns) (root node of TernaryAdder)   --->   "%add_ln174_10 = add i18 %add_ln174_9, i18 %sext_ln174_119" [../cnn_hls.cpp:174]   --->   Operation 1532 'add' 'add_ln174_10' <Predicate = true> <Delay = 3.96> <CoreInst = "TAddSub">   --->   Core 10 'TAddSub' <Latency = 0> <II = 1> <Delay = 2.01> <IPBlock> <Opcode : 'add' 'sub'> <InPorts = 3> <OutPorts = 1> <Sync> <CReg>
ST_7 : Operation 1533 [1/1] (0.00ns)   --->   "%sext_ln174_123 = sext i18 %add_ln174_10" [../cnn_hls.cpp:174]   --->   Operation 1533 'sext' 'sext_ln174_123' <Predicate = true> <Delay = 0.00>
ST_7 : Operation 1534 [1/1] (0.00ns)   --->   "%sext_ln174_129 = sext i18 %add_ln174_21" [../cnn_hls.cpp:174]   --->   Operation 1534 'sext' 'sext_ln174_129' <Predicate = true> <Delay = 0.00>
ST_7 : Operation 1535 [1/1] (2.13ns)   --->   "%add_ln174_22 = add i19 %sext_ln174_129, i19 %sext_ln174_123" [../cnn_hls.cpp:174]   --->   Operation 1535 'add' 'add_ln174_22' <Predicate = true> <Delay = 2.13> <CoreInst = "Adder">   --->   Core 1 'Adder' <Latency = 0> <II = 1> <Delay = 2.13> <FuncUnit> <Opcode : 'add' 'sub'> <InPorts = 2> <OutPorts = 1>
ST_7 : Operation 1536 [1/1] (0.00ns)   --->   "%sext_ln174_139 = sext i19 %add_ln174_33" [../cnn_hls.cpp:174]   --->   Operation 1536 'sext' 'sext_ln174_139' <Predicate = true> <Delay = 0.00>
ST_7 : Operation 1537 [1/1] (0.00ns)   --->   "%sext_ln174_147 = sext i19 %add_ln174_44" [../cnn_hls.cpp:174]   --->   Operation 1537 'sext' 'sext_ln174_147' <Predicate = true> <Delay = 0.00>
ST_7 : Operation 1538 [1/1] (2.16ns)   --->   "%add_ln174_45 = add i20 %sext_ln174_147, i20 %sext_ln174_139" [../cnn_hls.cpp:174]   --->   Operation 1538 'add' 'add_ln174_45' <Predicate = true> <Delay = 2.16> <CoreInst = "Adder">   --->   Core 1 'Adder' <Latency = 0> <II = 1> <Delay = 2.16> <FuncUnit> <Opcode : 'add' 'sub'> <InPorts = 2> <OutPorts = 1>
ST_7 : Operation 1539 [1/1] (0.00ns)   --->   "%sext_ln174_149 = sext i16 %add_ln174_48" [../cnn_hls.cpp:174]   --->   Operation 1539 'sext' 'sext_ln174_149' <Predicate = true> <Delay = 0.00>
ST_7 : Operation 1540 [1/2] (2.10ns) (root node of the DSP)   --->   "%add_ln174_50 = add i17 %add_ln174_49, i17 %sext_ln174_51" [../cnn_hls.cpp:174]   --->   Operation 1540 'add' 'add_ln174_50' <Predicate = true> <Delay = 2.10> <CoreInst = "DSP48">   --->   Core 116 'DSP48' <Latency = 3> <II = 1> <Delay = 2.15> <IPBlock> <Opcode : 'add' 'sub' 'mul' 'select'> <InPorts = 0> <OutPorts = 1> <Sync> <CReg>
ST_7 : Operation 1541 [1/1] (2.10ns)   --->   "%add_ln174_51 = add i17 %add_ln174_50, i17 %sext_ln174_149" [../cnn_hls.cpp:174]   --->   Operation 1541 'add' 'add_ln174_51' <Predicate = true> <Delay = 2.10> <CoreInst = "Adder">   --->   Core 1 'Adder' <Latency = 0> <II = 1> <Delay = 2.10> <FuncUnit> <Opcode : 'add' 'sub'> <InPorts = 2> <OutPorts = 1>
ST_7 : Operation 1542 [1/1] (0.00ns)   --->   "%sext_ln174_150 = sext i17 %add_ln174_51" [../cnn_hls.cpp:174]   --->   Operation 1542 'sext' 'sext_ln174_150' <Predicate = true> <Delay = 0.00>
ST_7 : Operation 1543 [1/1] (0.00ns)   --->   "%sext_ln174_153 = sext i18 %add_ln174_56" [../cnn_hls.cpp:174]   --->   Operation 1543 'sext' 'sext_ln174_153' <Predicate = true> <Delay = 0.00>
ST_7 : Operation 1544 [1/1] (2.13ns)   --->   "%add_ln174_57 = add i19 %sext_ln174_153, i19 %sext_ln174_150" [../cnn_hls.cpp:174]   --->   Operation 1544 'add' 'add_ln174_57' <Predicate = true> <Delay = 2.13> <CoreInst = "Adder">   --->   Core 1 'Adder' <Latency = 0> <II = 1> <Delay = 2.13> <FuncUnit> <Opcode : 'add' 'sub'> <InPorts = 2> <OutPorts = 1>
ST_7 : Operation 1545 [1/2] (2.10ns) (root node of the DSP)   --->   "%add_ln174_59 = add i15 %add_ln174_58, i15 %mul_ln174_68" [../cnn_hls.cpp:174]   --->   Operation 1545 'add' 'add_ln174_59' <Predicate = true> <Delay = 2.10> <CoreInst = "DSP48">   --->   Core 116 'DSP48' <Latency = 3> <II = 1> <Delay = 2.15> <IPBlock> <Opcode : 'add' 'sub' 'mul' 'select'> <InPorts = 0> <OutPorts = 1> <Sync> <CReg>
ST_7 : Operation 1546 [1/1] (0.00ns)   --->   "%sext_ln174_155 = sext i15 %add_ln174_59" [../cnn_hls.cpp:174]   --->   Operation 1546 'sext' 'sext_ln174_155' <Predicate = true> <Delay = 0.00>
ST_7 : Operation 1547 [1/2] (2.10ns) (root node of the DSP)   --->   "%add_ln174_61 = add i17 %sext_ln174_156, i17 %sext_ln174_45" [../cnn_hls.cpp:174]   --->   Operation 1547 'add' 'add_ln174_61' <Predicate = true> <Delay = 2.10> <CoreInst = "DSP48">   --->   Core 116 'DSP48' <Latency = 3> <II = 1> <Delay = 2.15> <IPBlock> <Opcode : 'add' 'sub' 'mul' 'select'> <InPorts = 0> <OutPorts = 1> <Sync> <CReg>
ST_7 : Operation 1548 [1/1] (2.10ns)   --->   "%add_ln174_62 = add i17 %add_ln174_61, i17 %sext_ln174_155" [../cnn_hls.cpp:174]   --->   Operation 1548 'add' 'add_ln174_62' <Predicate = true> <Delay = 2.10> <CoreInst = "Adder">   --->   Core 1 'Adder' <Latency = 0> <II = 1> <Delay = 2.10> <FuncUnit> <Opcode : 'add' 'sub'> <InPorts = 2> <OutPorts = 1>
ST_7 : Operation 1549 [1/1] (0.00ns)   --->   "%sext_ln174_157 = sext i17 %add_ln174_62" [../cnn_hls.cpp:174]   --->   Operation 1549 'sext' 'sext_ln174_157' <Predicate = true> <Delay = 0.00>
ST_7 : Operation 1550 [1/1] (0.00ns)   --->   "%sext_ln174_160 = sext i18 %add_ln174_67" [../cnn_hls.cpp:174]   --->   Operation 1550 'sext' 'sext_ln174_160' <Predicate = true> <Delay = 0.00>
ST_7 : Operation 1551 [1/1] (2.13ns)   --->   "%add_ln174_68 = add i19 %sext_ln174_160, i19 %sext_ln174_157" [../cnn_hls.cpp:174]   --->   Operation 1551 'add' 'add_ln174_68' <Predicate = true> <Delay = 2.13> <CoreInst = "Adder">   --->   Core 1 'Adder' <Latency = 0> <II = 1> <Delay = 2.13> <FuncUnit> <Opcode : 'add' 'sub'> <InPorts = 2> <OutPorts = 1>
ST_7 : Operation 1552 [1/1] (0.00ns)   --->   "%sext_ln174_169 = sext i18 %add_ln174_80" [../cnn_hls.cpp:174]   --->   Operation 1552 'sext' 'sext_ln174_169' <Predicate = true> <Delay = 0.00>
ST_7 : Operation 1553 [1/1] (0.00ns)   --->   "%sext_ln174_172 = sext i18 %add_ln174_85" [../cnn_hls.cpp:174]   --->   Operation 1553 'sext' 'sext_ln174_172' <Predicate = true> <Delay = 0.00>
ST_7 : Operation 1554 [1/1] (0.00ns)   --->   "%sext_ln174_176 = sext i17 %add_ln174_90" [../cnn_hls.cpp:174]   --->   Operation 1554 'sext' 'sext_ln174_176' <Predicate = true> <Delay = 0.00>
ST_7 : Operation 1555 [1/1] (0.00ns) (grouped into TernaryAdder)   --->   "%add_ln174_91 = add i19 %sext_ln174_176, i19 %sext_ln174_172" [../cnn_hls.cpp:174]   --->   Operation 1555 'add' 'add_ln174_91' <Predicate = true> <Delay = 0.00> <CoreInst = "TAddSub">   --->   Core 10 'TAddSub' <Latency = 0> <II = 1> <Delay = 2.01> <IPBlock> <Opcode : 'add' 'sub'> <InPorts = 3> <OutPorts = 1> <Sync> <CReg>
ST_7 : Operation 1556 [1/1] (3.99ns) (root node of TernaryAdder)   --->   "%add_ln174_92 = add i19 %add_ln174_91, i19 %sext_ln174_169" [../cnn_hls.cpp:174]   --->   Operation 1556 'add' 'add_ln174_92' <Predicate = true> <Delay = 3.99> <CoreInst = "TAddSub">   --->   Core 10 'TAddSub' <Latency = 0> <II = 1> <Delay = 2.01> <IPBlock> <Opcode : 'add' 'sub'> <InPorts = 3> <OutPorts = 1> <Sync> <CReg>
ST_7 : Operation 1557 [1/1] (0.00ns)   --->   "%sext_ln174_182 = sext i17 %add_ln174_99" [../cnn_hls.cpp:174]   --->   Operation 1557 'sext' 'sext_ln174_182' <Predicate = true> <Delay = 0.00>
ST_7 : Operation 1558 [1/1] (0.00ns)   --->   "%sext_ln174_185 = sext i18 %add_ln174_104" [../cnn_hls.cpp:174]   --->   Operation 1558 'sext' 'sext_ln174_185' <Predicate = true> <Delay = 0.00>
ST_7 : Operation 1559 [1/1] (0.00ns) (grouped into TernaryAdder)   --->   "%add_ln174_105 = add i19 %sext_ln174_185, i19 %sext_ln174_182" [../cnn_hls.cpp:174]   --->   Operation 1559 'add' 'add_ln174_105' <Predicate = true> <Delay = 0.00> <CoreInst = "TAddSub">   --->   Core 10 'TAddSub' <Latency = 0> <II = 1> <Delay = 2.01> <IPBlock> <Opcode : 'add' 'sub'> <InPorts = 3> <OutPorts = 1> <Sync> <CReg>
ST_7 : Operation 1560 [1/1] (0.00ns)   --->   "%sext_ln174_190 = sext i18 %add_ln174_116" [../cnn_hls.cpp:174]   --->   Operation 1560 'sext' 'sext_ln174_190' <Predicate = true> <Delay = 0.00>
ST_7 : Operation 1561 [1/1] (3.99ns) (root node of TernaryAdder)   --->   "%add_ln174_117 = add i19 %sext_ln174_190, i19 %add_ln174_105" [../cnn_hls.cpp:174]   --->   Operation 1561 'add' 'add_ln174_117' <Predicate = true> <Delay = 3.99> <CoreInst = "TAddSub">   --->   Core 10 'TAddSub' <Latency = 0> <II = 1> <Delay = 2.01> <IPBlock> <Opcode : 'add' 'sub'> <InPorts = 3> <OutPorts = 1> <Sync> <CReg>
ST_7 : Operation 1562 [1/1] (0.00ns)   --->   "%sext_ln174_191 = sext i19 %add_ln174_117" [../cnn_hls.cpp:174]   --->   Operation 1562 'sext' 'sext_ln174_191' <Predicate = true> <Delay = 0.00>
ST_7 : Operation 1563 [1/1] (0.00ns)   --->   "%sext_ln174_197 = sext i18 %add_ln174_128" [../cnn_hls.cpp:174]   --->   Operation 1563 'sext' 'sext_ln174_197' <Predicate = true> <Delay = 0.00>
ST_7 : Operation 1564 [1/1] (0.00ns)   --->   "%sext_ln174_206 = sext i18 %add_ln174_139" [../cnn_hls.cpp:174]   --->   Operation 1564 'sext' 'sext_ln174_206' <Predicate = true> <Delay = 0.00>
ST_7 : Operation 1565 [1/1] (2.13ns)   --->   "%add_ln174_140 = add i19 %sext_ln174_206, i19 %sext_ln174_197" [../cnn_hls.cpp:174]   --->   Operation 1565 'add' 'add_ln174_140' <Predicate = true> <Delay = 2.13> <CoreInst = "Adder">   --->   Core 1 'Adder' <Latency = 0> <II = 1> <Delay = 2.13> <FuncUnit> <Opcode : 'add' 'sub'> <InPorts = 2> <OutPorts = 1>
ST_7 : Operation 1566 [1/1] (0.00ns)   --->   "%sext_ln174_207 = sext i19 %add_ln174_140" [../cnn_hls.cpp:174]   --->   Operation 1566 'sext' 'sext_ln174_207' <Predicate = true> <Delay = 0.00>
ST_7 : Operation 1567 [1/1] (2.16ns)   --->   "%add_ln174_141 = add i20 %sext_ln174_207, i20 %sext_ln174_191" [../cnn_hls.cpp:174]   --->   Operation 1567 'add' 'add_ln174_141' <Predicate = true> <Delay = 2.16> <CoreInst = "Adder">   --->   Core 1 'Adder' <Latency = 0> <II = 1> <Delay = 2.16> <FuncUnit> <Opcode : 'add' 'sub'> <InPorts = 2> <OutPorts = 1>
ST_7 : Operation 1568 [1/1] (0.00ns)   --->   "%sext_ln174_223 = sext i19 %add_ln174_164" [../cnn_hls.cpp:174]   --->   Operation 1568 'sext' 'sext_ln174_223' <Predicate = true> <Delay = 0.00>
ST_7 : Operation 1569 [1/1] (0.00ns)   --->   "%sext_ln174_232 = sext i19 %add_ln174_175" [../cnn_hls.cpp:174]   --->   Operation 1569 'sext' 'sext_ln174_232' <Predicate = true> <Delay = 0.00>
ST_7 : Operation 1570 [1/1] (0.00ns)   --->   "%sext_ln174_239 = sext i19 %add_ln174_186" [../cnn_hls.cpp:174]   --->   Operation 1570 'sext' 'sext_ln174_239' <Predicate = true> <Delay = 0.00>
ST_7 : Operation 1571 [1/1] (0.00ns) (grouped into TernaryAdder)   --->   "%add_ln174_187 = add i20 %sext_ln174_239, i20 %sext_ln174_232" [../cnn_hls.cpp:174]   --->   Operation 1571 'add' 'add_ln174_187' <Predicate = true> <Delay = 0.00> <CoreInst = "TAddSub">   --->   Core 10 'TAddSub' <Latency = 0> <II = 1> <Delay = 2.01> <IPBlock> <Opcode : 'add' 'sub'> <InPorts = 3> <OutPorts = 1> <Sync> <CReg>
ST_7 : Operation 1572 [1/1] (4.02ns) (root node of TernaryAdder)   --->   "%add_ln174_188 = add i20 %add_ln174_187, i20 %sext_ln174_223" [../cnn_hls.cpp:174]   --->   Operation 1572 'add' 'add_ln174_188' <Predicate = true> <Delay = 4.02> <CoreInst = "TAddSub">   --->   Core 10 'TAddSub' <Latency = 0> <II = 1> <Delay = 2.01> <IPBlock> <Opcode : 'add' 'sub'> <InPorts = 3> <OutPorts = 1> <Sync> <CReg>

State 8 <SV = 7> <Delay = 4.02>
ST_8 : Operation 1573 [1/1] (0.00ns)   --->   "%sext_ln174_154 = sext i19 %add_ln174_57" [../cnn_hls.cpp:174]   --->   Operation 1573 'sext' 'sext_ln174_154' <Predicate = true> <Delay = 0.00>
ST_8 : Operation 1574 [1/1] (0.00ns)   --->   "%sext_ln174_161 = sext i19 %add_ln174_68" [../cnn_hls.cpp:174]   --->   Operation 1574 'sext' 'sext_ln174_161' <Predicate = true> <Delay = 0.00>
ST_8 : Operation 1575 [1/1] (0.00ns) (grouped into TernaryAdder)   --->   "%add_ln174_69 = add i20 %sext_ln174_161, i20 %sext_ln174_154" [../cnn_hls.cpp:174]   --->   Operation 1575 'add' 'add_ln174_69' <Predicate = true> <Delay = 0.00> <CoreInst = "TAddSub">   --->   Core 10 'TAddSub' <Latency = 0> <II = 1> <Delay = 2.01> <IPBlock> <Opcode : 'add' 'sub'> <InPorts = 3> <OutPorts = 1> <Sync> <CReg>
ST_8 : Operation 1576 [1/1] (0.00ns)   --->   "%sext_ln174_177 = sext i19 %add_ln174_92" [../cnn_hls.cpp:174]   --->   Operation 1576 'sext' 'sext_ln174_177' <Predicate = true> <Delay = 0.00>
ST_8 : Operation 1577 [1/1] (4.02ns) (root node of TernaryAdder)   --->   "%add_ln174_93 = add i20 %sext_ln174_177, i20 %add_ln174_69" [../cnn_hls.cpp:174]   --->   Operation 1577 'add' 'add_ln174_93' <Predicate = true> <Delay = 4.02> <CoreInst = "TAddSub">   --->   Core 10 'TAddSub' <Latency = 0> <II = 1> <Delay = 2.01> <IPBlock> <Opcode : 'add' 'sub'> <InPorts = 3> <OutPorts = 1> <Sync> <CReg>
ST_8 : Operation 1578 [1/1] (0.00ns)   --->   "%sext_ln174_208 = sext i20 %add_ln174_141" [../cnn_hls.cpp:174]   --->   Operation 1578 'sext' 'sext_ln174_208' <Predicate = true> <Delay = 0.00>
ST_8 : Operation 1579 [1/1] (0.00ns)   --->   "%sext_ln174_240 = sext i20 %add_ln174_188" [../cnn_hls.cpp:174]   --->   Operation 1579 'sext' 'sext_ln174_240' <Predicate = true> <Delay = 0.00>
ST_8 : Operation 1580 [1/1] (2.19ns)   --->   "%add_ln174_189 = add i21 %sext_ln174_240, i21 %sext_ln174_208" [../cnn_hls.cpp:174]   --->   Operation 1580 'add' 'add_ln174_189' <Predicate = true> <Delay = 2.19> <CoreInst = "Adder">   --->   Core 1 'Adder' <Latency = 0> <II = 1> <Delay = 2.19> <FuncUnit> <Opcode : 'add' 'sub'> <InPorts = 2> <OutPorts = 1>

State 9 <SV = 8> <Delay = 6.27>
ST_9 : Operation 1581 [1/1] (0.00ns)   --->   "%sext_ln174_130 = sext i19 %add_ln174_22" [../cnn_hls.cpp:174]   --->   Operation 1581 'sext' 'sext_ln174_130' <Predicate = true> <Delay = 0.00>
ST_9 : Operation 1582 [1/1] (0.00ns)   --->   "%sext_ln174_148 = sext i20 %add_ln174_45" [../cnn_hls.cpp:174]   --->   Operation 1582 'sext' 'sext_ln174_148' <Predicate = true> <Delay = 0.00>
ST_9 : Operation 1583 [1/1] (0.00ns) (grouped into TernaryAdder)   --->   "%add_ln174_46 = add i21 %sext_ln174_148, i21 %sext_ln174_130" [../cnn_hls.cpp:174]   --->   Operation 1583 'add' 'add_ln174_46' <Predicate = true> <Delay = 0.00> <CoreInst = "TAddSub">   --->   Core 10 'TAddSub' <Latency = 0> <II = 1> <Delay = 2.01> <IPBlock> <Opcode : 'add' 'sub'> <InPorts = 3> <OutPorts = 1> <Sync> <CReg>
ST_9 : Operation 1584 [1/1] (0.00ns)   --->   "%sext_ln174_178 = sext i20 %add_ln174_93" [../cnn_hls.cpp:174]   --->   Operation 1584 'sext' 'sext_ln174_178' <Predicate = true> <Delay = 0.00>
ST_9 : Operation 1585 [1/1] (4.04ns) (root node of TernaryAdder)   --->   "%add_ln174_94 = add i21 %sext_ln174_178, i21 %add_ln174_46" [../cnn_hls.cpp:174]   --->   Operation 1585 'add' 'add_ln174_94' <Predicate = true> <Delay = 4.04> <CoreInst = "TAddSub">   --->   Core 10 'TAddSub' <Latency = 0> <II = 1> <Delay = 2.01> <IPBlock> <Opcode : 'add' 'sub'> <InPorts = 3> <OutPorts = 1> <Sync> <CReg>
ST_9 : Operation 1586 [1/1] (0.00ns)   --->   "%sext_ln174_179 = sext i21 %add_ln174_94" [../cnn_hls.cpp:174]   --->   Operation 1586 'sext' 'sext_ln174_179' <Predicate = true> <Delay = 0.00>
ST_9 : Operation 1587 [1/1] (0.00ns)   --->   "%sext_ln174_241 = sext i21 %add_ln174_189" [../cnn_hls.cpp:174]   --->   Operation 1587 'sext' 'sext_ln174_241' <Predicate = true> <Delay = 0.00>
ST_9 : Operation 1588 [1/1] (2.22ns)   --->   "%acc = add i22 %sext_ln174_241, i22 %sext_ln174_179" [../cnn_hls.cpp:174]   --->   Operation 1588 'add' 'acc' <Predicate = true> <Delay = 2.22> <CoreInst = "Adder">   --->   Core 1 'Adder' <Latency = 0> <II = 1> <Delay = 2.22> <FuncUnit> <Opcode : 'add' 'sub'> <InPorts = 2> <OutPorts = 1>
ST_9 : Operation 1589 [1/1] (0.73ns)   --->   "%select_ln31 = select i1 %icmp_ln169, i52 993988979, i52 1011030417" [../cnn_hls.cpp:31->../cnn_hls.cpp:177]   --->   Operation 1589 'select' 'select_ln31' <Predicate = true> <Delay = 0.73> <CoreInst = "Sel">   --->   Core 73 'Sel' <Latency = 0> <II = 1> <Delay = 0.73> <FuncUnit> <Opcode : 'select'> <InPorts = 3> <OutPorts = 1>

State 10 <SV = 9> <Delay = 6.91>
ST_10 : Operation 1590 [1/1] (0.00ns)   --->   "%sext_ln31 = sext i22 %acc" [../cnn_hls.cpp:31->../cnn_hls.cpp:177]   --->   Operation 1590 'sext' 'sext_ln31' <Predicate = true> <Delay = 0.00>
ST_10 : Operation 1591 [2/2] (6.91ns)   --->   "%acc64 = mul i52 %select_ln31, i52 %sext_ln31" [../cnn_hls.cpp:31->../cnn_hls.cpp:177]   --->   Operation 1591 'mul' 'acc64' <Predicate = true> <Delay = 6.91> <CoreInst = "Multiplier">   --->   Core 3 'Multiplier' <Latency = 1> <II = 1> <Delay = 6.91> <FuncUnit> <Opcode : 'mul'> <InPorts = 2> <OutPorts = 1>

State 11 <SV = 10> <Delay = 6.91>
ST_11 : Operation 1592 [1/2] (6.91ns)   --->   "%acc64 = mul i52 %select_ln31, i52 %sext_ln31" [../cnn_hls.cpp:31->../cnn_hls.cpp:177]   --->   Operation 1592 'mul' 'acc64' <Predicate = true> <Delay = 6.91> <CoreInst = "Multiplier">   --->   Core 3 'Multiplier' <Latency = 1> <II = 1> <Delay = 6.91> <FuncUnit> <Opcode : 'mul'> <InPorts = 2> <OutPorts = 1>

State 12 <SV = 11> <Delay = 3.21>
ST_12 : Operation 1593 [1/1] (3.21ns)   --->   "%acc64_2 = add i52 %acc64, i52 274877906944" [../cnn_hls.cpp:34->../cnn_hls.cpp:177]   --->   Operation 1593 'add' 'acc64_2' <Predicate = true> <Delay = 3.21> <CoreInst = "Adder">   --->   Core 1 'Adder' <Latency = 0> <II = 1> <Delay = 3.21> <FuncUnit> <Opcode : 'add' 'sub'> <InPorts = 2> <OutPorts = 1>
ST_12 : Operation 1594 [1/1] (0.00ns)   --->   "%trunc_ln = partselect i13 @_ssdm_op_PartSelect.i13.i52.i32.i32, i52 %acc64_2, i32 39, i32 51" [../cnn_hls.cpp:37->../cnn_hls.cpp:177]   --->   Operation 1594 'partselect' 'trunc_ln' <Predicate = true> <Delay = 0.00>
ST_12 : Operation 1612 [1/1] (1.58ns)   --->   "%ret_ln0 = ret"   --->   Operation 1612 'ret' 'ret_ln0' <Predicate = (icmp_ln167)> <Delay = 1.58>

State 13 <SV = 12> <Delay = 7.07>
ST_13 : Operation 1595 [1/1] (0.00ns)   --->   "%zext_ln167_1 = zext i2 %out_class_1" [../cnn_hls.cpp:167]   --->   Operation 1595 'zext' 'zext_ln167_1' <Predicate = true> <Delay = 0.00>
ST_13 : Operation 1596 [1/1] (0.00ns)   --->   "%specpipeline_ln168 = specpipeline void @_ssdm_op_SpecPipeline, i32 1, i32 0, i32 0, i32 0, i32 4294967295, void @empty_6" [../cnn_hls.cpp:168]   --->   Operation 1596 'specpipeline' 'specpipeline_ln168' <Predicate = true> <Delay = 0.00>
ST_13 : Operation 1597 [1/1] (0.00ns)   --->   "%speclooptripcount_ln167 = speclooptripcount void @_ssdm_op_SpecLoopTripCount, i64 2, i64 2, i64 2" [../cnn_hls.cpp:167]   --->   Operation 1597 'speclooptripcount' 'speclooptripcount_ln167' <Predicate = true> <Delay = 0.00>
ST_13 : Operation 1598 [1/1] (0.00ns)   --->   "%specloopname_ln167 = specloopname void @_ssdm_op_SpecLoopName, void @empty_5" [../cnn_hls.cpp:167]   --->   Operation 1598 'specloopname' 'specloopname_ln167' <Predicate = true> <Delay = 0.00>
ST_13 : Operation 1599 [1/1] (0.00ns)   --->   "%sext_ln38 = sext i13 %trunc_ln" [../cnn_hls.cpp:38->../cnn_hls.cpp:177]   --->   Operation 1599 'sext' 'sext_ln38' <Predicate = true> <Delay = 0.00>
ST_13 : Operation 1600 [1/1] (1.67ns)   --->   "%res = add i14 %sext_ln38, i14 136" [../cnn_hls.cpp:38->../cnn_hls.cpp:177]   --->   Operation 1600 'add' 'res' <Predicate = true> <Delay = 1.67> <CoreInst = "Adder">   --->   Core 1 'Adder' <Latency = 0> <II = 1> <Delay = 1.67> <FuncUnit> <Opcode : 'add' 'sub'> <InPorts = 2> <OutPorts = 1>
ST_13 : Operation 1601 [1/1] (0.00ns) (grouped into LUT with out node select_ln41)   --->   "%sext_ln37 = sext i14 %res" [../cnn_hls.cpp:37->../cnn_hls.cpp:177]   --->   Operation 1601 'sext' 'sext_ln37' <Predicate = true> <Delay = 0.00>
ST_13 : Operation 1602 [1/1] (0.00ns)   --->   "%tmp_23 = partselect i6 @_ssdm_op_PartSelect.i6.i14.i32.i32, i14 %res, i32 8, i32 13" [../cnn_hls.cpp:41->../cnn_hls.cpp:177]   --->   Operation 1602 'partselect' 'tmp_23' <Predicate = true> <Delay = 0.00>
ST_13 : Operation 1603 [1/1] (1.82ns)   --->   "%icmp_ln41 = icmp_sgt  i6 %tmp_23, i6 0" [../cnn_hls.cpp:41->../cnn_hls.cpp:177]   --->   Operation 1603 'icmp' 'icmp_ln41' <Predicate = true> <Delay = 1.82> <CoreInst = "Cmp">   --->   Core 9 'Cmp' <Latency = 0> <II = 1> <Delay = 1.82> <FuncUnit> <Opcode : 'seteq' 'setne' 'setle' 'setge' 'setlt' 'setgt'> <InPorts = 2> <OutPorts = 1>
ST_13 : Operation 1604 [1/1] (0.00ns) (grouped into LUT with out node select_ln41)   --->   "%tmp_24 = bitselect i1 @_ssdm_op_BitSelect.i1.i26.i32, i26 %sext_ln37, i32 25" [../cnn_hls.cpp:42->../cnn_hls.cpp:177]   --->   Operation 1604 'bitselect' 'tmp_24' <Predicate = true> <Delay = 0.00>
ST_13 : Operation 1605 [1/1] (0.00ns) (grouped into LUT with out node select_ln41)   --->   "%trunc_ln43 = trunc i14 %res" [../cnn_hls.cpp:43->../cnn_hls.cpp:177]   --->   Operation 1605 'trunc' 'trunc_ln43' <Predicate = true> <Delay = 0.00>
ST_13 : Operation 1606 [1/1] (0.00ns) (grouped into LUT with out node select_ln41)   --->   "%select_ln41_1 = select i1 %icmp_ln41, i8 255, i8 0" [../cnn_hls.cpp:41->../cnn_hls.cpp:177]   --->   Operation 1606 'select' 'select_ln41_1' <Predicate = true> <Delay = 0.00> <CoreInst = "Sel">   --->   Core 73 'Sel' <Latency = 0> <II = 1> <Delay = 0.99> <FuncUnit> <Opcode : 'select'> <InPorts = 3> <OutPorts = 1>
ST_13 : Operation 1607 [1/1] (0.00ns) (grouped into LUT with out node select_ln41)   --->   "%or_ln41 = or i1 %icmp_ln41, i1 %tmp_24" [../cnn_hls.cpp:41->../cnn_hls.cpp:177]   --->   Operation 1607 'or' 'or_ln41' <Predicate = true> <Delay = 0.00> <CoreInst = "LogicGate">   --->   Core 74 'LogicGate' <Latency = 0> <II = 1> <Delay = 0.97> <FuncUnit> <Opcode : 'and' 'or' 'xor'> <InPorts = 2> <OutPorts = 1>
ST_13 : Operation 1608 [1/1] (1.24ns) (out node of the LUT)   --->   "%select_ln41 = select i1 %or_ln41, i8 %select_ln41_1, i8 %trunc_ln43" [../cnn_hls.cpp:41->../cnn_hls.cpp:177]   --->   Operation 1608 'select' 'select_ln41' <Predicate = true> <Delay = 1.24> <CoreInst = "Sel">   --->   Core 73 'Sel' <Latency = 0> <II = 1> <Delay = 1.24> <FuncUnit> <Opcode : 'select'> <InPorts = 3> <OutPorts = 1>
ST_13 : Operation 1609 [1/1] (0.00ns)   --->   "%local_out_addr = getelementptr i8 %local_out, i64 0, i64 %zext_ln167_1" [../cnn_hls.cpp:177]   --->   Operation 1609 'getelementptr' 'local_out_addr' <Predicate = true> <Delay = 0.00>
ST_13 : Operation 1610 [1/1] ( I:2.32ns O:2.32ns )   --->   "%store_ln177 = store i8 %select_ln41, i3 %local_out_addr" [../cnn_hls.cpp:177]   --->   Operation 1610 'store' 'store_ln177' <Predicate = true> <Delay = 2.32> <CoreInst = "RAM">   --->   Core 81 'RAM' <Latency = 1> <II = 1> <Delay = 2.32> <Storage> <Opcode : 'load' 'store'> <Ports = 2> <Width = 8> <Depth = 8> <RAM>
ST_13 : Operation 1611 [1/1] (0.00ns)   --->   "%br_ln167 = br void %VITIS_LOOP_171_16" [../cnn_hls.cpp:167]   --->   Operation 1611 'br' 'br_ln167' <Predicate = true> <Delay = 0.00>


============================================================
+ Verbose Summary: Timing violations
============================================================
Target clock period: 10.000ns, clock uncertainty: 2.700ns.

 <State 1>: 5.451ns
The critical path consists of the following:
	'store' operation ('store_ln167', ../cnn_hls.cpp:167) of constant 0 2 bit on local variable 'out_class', ../cnn_hls.cpp:167 [598]  (1.588 ns)
	'load' operation 2 bit ('out_class', ../cnn_hls.cpp:167) on local variable 'out_class', ../cnn_hls.cpp:167 [601]  (0.000 ns)
	'icmp' operation 1 bit ('icmp_ln169', ../cnn_hls.cpp:169) [610]  (1.565 ns)
	'select' operation 16 bit ('select_ln173_125', ../cnn_hls.cpp:173) [736]  (1.248 ns)
	'mul' operation 16 bit of DSP[1445] ('mul_ln174_170', ../cnn_hls.cpp:174) [1158]  (1.050 ns)

 <State 2>: 5.418ns
The critical path consists of the following:
	'select' operation 16 bit ('select_ln173_101', ../cnn_hls.cpp:173) [712]  (1.248 ns)
	'mul' operation 16 bit ('mul_ln174_11', ../cnn_hls.cpp:174) [796]  (4.170 ns)

 <State 3>: 7.263ns
The critical path consists of the following:
	'select' operation 15 bit ('select_ln173_119', ../cnn_hls.cpp:173) [730]  (0.993 ns)
	'mul' operation 15 bit ('mul_ln174_180', ../cnn_hls.cpp:174) [1184]  (4.170 ns)
	'add' operation 15 bit of DSP[1427] ('add_ln174_134', ../cnn_hls.cpp:174) [1427]  (2.100 ns)

 <State 4>: 7.263ns
The critical path consists of the following:
	'select' operation 15 bit ('select_ln173_77', ../cnn_hls.cpp:173) [688]  (0.993 ns)
	'mul' operation 15 bit ('mul_ln174_37', ../cnn_hls.cpp:174) [856]  (4.170 ns)
	'add' operation 15 bit of DSP[1349] ('add_ln174_86', ../cnn_hls.cpp:174) [1349]  (2.100 ns)

 <State 5>: 7.263ns
The critical path consists of the following:
	'select' operation 15 bit ('select_ln173_6', ../cnn_hls.cpp:173) [617]  (0.993 ns)
	'mul' operation 15 bit ('mul_ln174_117', ../cnn_hls.cpp:174) [1033]  (4.170 ns)
	'add' operation 15 bit of DSP[1217] ('add_ln174_7', ../cnn_hls.cpp:174) [1217]  (2.100 ns)

 <State 6>: 6.527ns
The critical path consists of the following:
	'sub' operation 15 bit ('sub_ln174_1', ../cnn_hls.cpp:174) [827]  (1.812 ns)
	'select' operation 15 bit ('select_ln174_3', ../cnn_hls.cpp:174) [830]  (0.754 ns)
	'add' operation 18 bit ('add_ln174_101', ../cnn_hls.cpp:174) [1375]  (0.000 ns)
	'add' operation 18 bit ('add_ln174_104', ../cnn_hls.cpp:174) [1379]  (3.962 ns)

 <State 7>: 6.343ns
The critical path consists of the following:
	'add' operation 17 bit of DSP[1289] ('add_ln174_50', ../cnn_hls.cpp:174) [1289]  (2.100 ns)
	'add' operation 17 bit ('add_ln174_51', ../cnn_hls.cpp:174) [1290]  (2.107 ns)
	'add' operation 19 bit ('add_ln174_57', ../cnn_hls.cpp:174) [1301]  (2.136 ns)

 <State 8>: 4.020ns
The critical path consists of the following:
	'add' operation 20 bit ('add_ln174_69', ../cnn_hls.cpp:174) [1321]  (0.000 ns)
	'add' operation 20 bit ('add_ln174_93', ../cnn_hls.cpp:174) [1361]  (4.020 ns)

 <State 9>: 6.275ns
The critical path consists of the following:
	'add' operation 21 bit ('add_ln174_46', ../cnn_hls.cpp:174) [1284]  (0.000 ns)
	'add' operation 21 bit ('add_ln174_94', ../cnn_hls.cpp:174) [1363]  (4.049 ns)
	'add' operation 22 bit ('acc', ../cnn_hls.cpp:174) [1523]  (2.225 ns)

 <State 10>: 6.912ns
The critical path consists of the following:
	'mul' operation 52 bit ('acc64', ../cnn_hls.cpp:31->../cnn_hls.cpp:177) [1526]  (6.912 ns)

 <State 11>: 6.912ns
The critical path consists of the following:
	'mul' operation 52 bit ('acc64', ../cnn_hls.cpp:31->../cnn_hls.cpp:177) [1526]  (6.912 ns)

 <State 12>: 3.211ns
The critical path consists of the following:
	'add' operation 52 bit ('acc64', ../cnn_hls.cpp:34->../cnn_hls.cpp:177) [1527]  (3.211 ns)

 <State 13>: 7.075ns
The critical path consists of the following:
	'add' operation 14 bit ('res', ../cnn_hls.cpp:38->../cnn_hls.cpp:177) [1530]  (1.679 ns)
	'icmp' operation 1 bit ('icmp_ln41', ../cnn_hls.cpp:41->../cnn_hls.cpp:177) [1533]  (1.825 ns)
	'or' operation 1 bit ('or_ln41', ../cnn_hls.cpp:41->../cnn_hls.cpp:177) [1537]  (0.000 ns)
	'select' operation 8 bit ('select_ln41', ../cnn_hls.cpp:41->../cnn_hls.cpp:177) [1538]  (1.248 ns)
	'store' operation ('store_ln177', ../cnn_hls.cpp:177) of variable 'select_ln41', ../cnn_hls.cpp:41->../cnn_hls.cpp:177 8 bit on array 'local_out' [1540]  (2.322 ns)


============================================================
+ Verbose Summary: Binding
============================================================
N/A
* FSMD analyzer results:
  - Output states:
 - Input state : 
  - Chain level:
	State 1
	State 2
	State 3
	State 4
	State 5
	State 6
	State 7
	State 8
	State 9
	State 10
	State 11
	State 12
	State 13


============================================================
+ Verbose Summary: Datapath Resource usage 
============================================================
N/A
