

================================================================
== Vitis HLS Report for 'tiny_ecg_inference_Pipeline_VITIS_LOOP_103_5_VITIS_LOOP_104_6'
================================================================
* Date:           Thu Sep 24 13:04:55 2026

* Version:        2026.1 (Build 6493734 on Jun 16 2026)
* Project:        solution1
* Solution:       hls
* Product family: zynq
* Target device:  xc7z020-clg484-1


================================================================
== Performance Estimates
================================================================
+ Timing: 
    * Summary: 
    +--------+----------+----------+------------+
    |  Clock |  Target  | Estimated| Uncertainty|
    +--------+----------+----------+------------+
    |ap_clk  |  10.00 ns|  7.239 ns|     2.70 ns|
    +--------+----------+----------+------------+

+ Latency: 
    * Summary: 
    +---------+---------+----------+----------+-----+-----+-------------------+
    |  Latency (cycles) |  Latency (absolute) |  Interval |      Pipeline     |
    |   min   |   max   |    min   |    max   | min | max |        Type       |
    +---------+---------+----------+----------+-----+-----+-------------------+
    |      389|      389|  3.890 us|  3.890 us|    0|    0|  loop pipeline stp|
    +---------+---------+----------+----------+-----+-----+-------------------+

    + Detail: 
        * Instance: 
        N/A

        * Loop: 
        +-------------------------------------+---------+---------+----------+-----------+-----------+------+----------+
        |                                     |  Latency (cycles) | Iteration|  Initiation Interval  | Trip |          |
        |              Loop Name              |   min   |   max   |  Latency |  achieved |   target  | Count| Pipelined|
        +-------------------------------------+---------+---------+----------+-----------+-----------+------+----------+
        |- VITIS_LOOP_103_5_VITIS_LOOP_104_6  |      387|      387|        21|          1|          1|   368|       yes|
        +-------------------------------------+---------+---------+----------+-----------+-----------+------+----------+

============================================================
+ Verbose Summary: Synthesis Manager
============================================================
InlineROM: 1
ExposeGlobal: 0
============================================================
+ Verbose Summary: CDFG Model
============================================================
IsTopModel: 0
ResetActiveHigh: 1
IsCombinational: 0
IsDatapathOnly: 0
HasWiredReturn: 1
HasMFsm: 2
HasVarLatency: 1
IsPipeline: 0
IsRtlPipelined: 0
IsInstanceOverlapped: 0
IsDontTouch: 0
HasImplIP: 0
IsGatedGlobalClock: 0

+ Individual pipeline summary: 
  * Pipeline-0: initiation interval (II) = 1, depth = 21


============================================================
+ Verbose Summary: Schedule
============================================================
* Number of FSM states : 21
* Pipeline : 1
  Pipeline-0 : II = 1, D = 21, States = { 1 2 3 4 5 6 7 8 9 10 11 12 13 14 15 16 17 18 19 20 21 }
* Dataflow Pipeline: 0

* FSM state transitions: 
1 --> 2 
2 --> 3 
3 --> 4 
4 --> 5 
5 --> 6 
6 --> 7 
7 --> 8 
8 --> 9 
9 --> 10 
10 --> 11 
11 --> 12 
12 --> 13 
13 --> 14 
14 --> 15 
15 --> 16 
16 --> 17 
17 --> 18 
18 --> 19 
19 --> 20 
20 --> 21 
21 --> 

* FSM state operations: 

State 1 <SV = 0> <Delay = 4.99>
ST_1 : Operation 24 [1/1] (0.00ns)   --->   "%oc = alloca i32 1" [../cnn_hls.cpp:104]   --->   Operation 24 'alloca' 'oc' <Predicate = true> <Delay = 0.00>
ST_1 : Operation 25 [1/1] (0.00ns)   --->   "%out_idx = alloca i32 1" [../cnn_hls.cpp:103]   --->   Operation 25 'alloca' 'out_idx' <Predicate = true> <Delay = 0.00>
ST_1 : Operation 26 [1/1] (0.00ns)   --->   "%indvar_flatten6 = alloca i32 1"   --->   Operation 26 'alloca' 'indvar_flatten6' <Predicate = true> <Delay = 0.00>
ST_1 : Operation 27 [1/1] (1.58ns)   --->   "%store_ln0 = store i9 0, i9 %indvar_flatten6"   --->   Operation 27 'store' 'store_ln0' <Predicate = true> <Delay = 1.58>
ST_1 : Operation 28 [1/1] (1.58ns)   --->   "%store_ln103 = store i5 0, i5 %out_idx" [../cnn_hls.cpp:103]   --->   Operation 28 'store' 'store_ln103' <Predicate = true> <Delay = 1.58>
ST_1 : Operation 29 [1/1] (1.58ns)   --->   "%store_ln104 = store i5 0, i5 %oc" [../cnn_hls.cpp:104]   --->   Operation 29 'store' 'store_ln104' <Predicate = true> <Delay = 1.58>
ST_1 : Operation 30 [1/1] (0.00ns)   --->   "%br_ln0 = br void %VITIS_LOOP_108_7"   --->   Operation 30 'br' 'br_ln0' <Predicate = true> <Delay = 0.00>
ST_1 : Operation 31 [1/1] (0.00ns)   --->   "%indvar_flatten6_load = load i9 %indvar_flatten6" [../cnn_hls.cpp:103]   --->   Operation 31 'load' 'indvar_flatten6_load' <Predicate = true> <Delay = 0.00>
ST_1 : Operation 32 [1/1] (1.82ns)   --->   "%icmp_ln103 = icmp_eq  i9 %indvar_flatten6_load, i9 368" [../cnn_hls.cpp:103]   --->   Operation 32 'icmp' 'icmp_ln103' <Predicate = true> <Delay = 1.82> <CoreInst = "Cmp">   --->   Core 9 'Cmp' <Latency = 0> <II = 1> <Delay = 1.82> <FuncUnit> <Opcode : 'seteq' 'setne' 'setle' 'setge' 'setlt' 'setgt'> <InPorts = 2> <OutPorts = 1>
ST_1 : Operation 33 [1/1] (1.82ns)   --->   "%add_ln103 = add i9 %indvar_flatten6_load, i9 1" [../cnn_hls.cpp:103]   --->   Operation 33 'add' 'add_ln103' <Predicate = true> <Delay = 1.82> <CoreInst = "Adder">   --->   Core 1 'Adder' <Latency = 0> <II = 1> <Delay = 1.82> <FuncUnit> <Opcode : 'add' 'sub'> <InPorts = 2> <OutPorts = 1>
ST_1 : Operation 34 [1/1] (0.00ns)   --->   "%br_ln103 = br i1 %icmp_ln103, void %for.inc111, void %VITIS_LOOP_135_11.preheader.exitStub" [../cnn_hls.cpp:103]   --->   Operation 34 'br' 'br_ln103' <Predicate = true> <Delay = 0.00>
ST_1 : Operation 35 [1/1] (1.58ns)   --->   "%store_ln103 = store i9 %add_ln103, i9 %indvar_flatten6" [../cnn_hls.cpp:103]   --->   Operation 35 'store' 'store_ln103' <Predicate = (!icmp_ln103)> <Delay = 1.58>

State 2 <SV = 1> <Delay = 6.76>
ST_2 : Operation 36 [1/1] (0.00ns)   --->   "%oc_load = load i5 %oc" [../cnn_hls.cpp:104]   --->   Operation 36 'load' 'oc_load' <Predicate = true> <Delay = 0.00>
ST_2 : Operation 37 [1/1] (0.00ns)   --->   "%out_idx_load = load i5 %out_idx" [../cnn_hls.cpp:103]   --->   Operation 37 'load' 'out_idx_load' <Predicate = true> <Delay = 0.00>
ST_2 : Operation 38 [1/1] (1.78ns)   --->   "%icmp_ln104 = icmp_eq  i5 %oc_load, i5 16" [../cnn_hls.cpp:104]   --->   Operation 38 'icmp' 'icmp_ln104' <Predicate = true> <Delay = 1.78> <CoreInst = "Cmp">   --->   Core 9 'Cmp' <Latency = 0> <II = 1> <Delay = 1.78> <FuncUnit> <Opcode : 'seteq' 'setne' 'setle' 'setge' 'setlt' 'setgt'> <InPorts = 2> <OutPorts = 1>
ST_2 : Operation 39 [1/1] (1.21ns)   --->   "%select_ln103 = select i1 %icmp_ln104, i5 0, i5 %oc_load" [../cnn_hls.cpp:103]   --->   Operation 39 'select' 'select_ln103' <Predicate = true> <Delay = 1.21> <CoreInst = "Sel">   --->   Core 73 'Sel' <Latency = 0> <II = 1> <Delay = 1.21> <FuncUnit> <Opcode : 'select'> <InPorts = 3> <OutPorts = 1>
ST_2 : Operation 40 [1/1] (0.00ns) (grouped into LUT with out node add_ln103_1)   --->   "%empty = select i1 %icmp_ln104, i5 1, i5 0" [../cnn_hls.cpp:104]   --->   Operation 40 'select' 'empty' <Predicate = true> <Delay = 0.00> <CoreInst = "Sel">   --->   Core 73 'Sel' <Latency = 0> <II = 1> <Delay = 0.99> <FuncUnit> <Opcode : 'select'> <InPorts = 3> <OutPorts = 1>
ST_2 : Operation 41 [1/1] (1.78ns) (out node of the LUT)   --->   "%add_ln103_1 = add i5 %out_idx_load, i5 %empty" [../cnn_hls.cpp:103]   --->   Operation 41 'add' 'add_ln103_1' <Predicate = true> <Delay = 1.78> <CoreInst = "Adder">   --->   Core 1 'Adder' <Latency = 0> <II = 1> <Delay = 1.78> <FuncUnit> <Opcode : 'add' 'sub'> <InPorts = 2> <OutPorts = 1>
ST_2 : Operation 42 [9/9] (3.20ns)   --->   "%urem_ln103 = urem i5 %add_ln103_1, i5 3" [../cnn_hls.cpp:103]   --->   Operation 42 'urem' 'urem_ln103' <Predicate = true> <Delay = 3.20> <CoreInst = "Divider">   --->   Core 6 'Divider' <Latency = 8> <II = 1> <Delay = 3.20> <FuncUnit> <Opcode : 'udiv' 'sdiv' 'urem' 'srem'> <InPorts = 2> <OutPorts = 1>
ST_2 : Operation 43 [9/9] (3.20ns)   --->   "%urem_ln110 = urem i5 %add_ln103_1, i5 5" [../cnn_hls.cpp:110]   --->   Operation 43 'urem' 'urem_ln110' <Predicate = true> <Delay = 3.20> <CoreInst = "Divider">   --->   Core 6 'Divider' <Latency = 8> <II = 1> <Delay = 3.20> <FuncUnit> <Opcode : 'udiv' 'sdiv' 'urem' 'srem'> <InPorts = 2> <OutPorts = 1>
ST_2 : Operation 44 [1/1] (0.00ns)   --->   "%trunc_ln104 = trunc i5 %select_ln103" [../cnn_hls.cpp:104]   --->   Operation 44 'trunc' 'trunc_ln104' <Predicate = true> <Delay = 0.00>
ST_2 : Operation 45 [1/1] (1.73ns)   --->   "%switch_ln122 = switch i4 %trunc_ln104, void %arrayidx1074.case.15, i4 0, void %arrayidx1074.case.0, i4 1, void %arrayidx1074.case.1, i4 2, void %arrayidx1074.case.2, i4 3, void %arrayidx1074.case.3, i4 4, void %arrayidx1074.case.4, i4 5, void %arrayidx1074.case.5, i4 6, void %arrayidx1074.case.6, i4 7, void %arrayidx1074.case.7, i4 8, void %arrayidx1074.case.8, i4 9, void %arrayidx1074.case.9, i4 10, void %arrayidx1074.case.10, i4 11, void %arrayidx1074.case.11, i4 12, void %arrayidx1074.case.12, i4 13, void %arrayidx1074.case.13, i4 14, void %arrayidx1074.case.14" [../cnn_hls.cpp:122]   --->   Operation 45 'switch' 'switch_ln122' <Predicate = true> <Delay = 1.73>
ST_2 : Operation 46 [1/1] (0.00ns)   --->   "%br_ln122 = br void %arrayidx1074.exit" [../cnn_hls.cpp:122]   --->   Operation 46 'br' 'br_ln122' <Predicate = (trunc_ln104 == 14)> <Delay = 0.00>
ST_2 : Operation 47 [1/1] (0.00ns)   --->   "%br_ln122 = br void %arrayidx1074.exit" [../cnn_hls.cpp:122]   --->   Operation 47 'br' 'br_ln122' <Predicate = (trunc_ln104 == 13)> <Delay = 0.00>
ST_2 : Operation 48 [1/1] (0.00ns)   --->   "%br_ln122 = br void %arrayidx1074.exit" [../cnn_hls.cpp:122]   --->   Operation 48 'br' 'br_ln122' <Predicate = (trunc_ln104 == 12)> <Delay = 0.00>
ST_2 : Operation 49 [1/1] (0.00ns)   --->   "%br_ln122 = br void %arrayidx1074.exit" [../cnn_hls.cpp:122]   --->   Operation 49 'br' 'br_ln122' <Predicate = (trunc_ln104 == 11)> <Delay = 0.00>
ST_2 : Operation 50 [1/1] (0.00ns)   --->   "%br_ln122 = br void %arrayidx1074.exit" [../cnn_hls.cpp:122]   --->   Operation 50 'br' 'br_ln122' <Predicate = (trunc_ln104 == 10)> <Delay = 0.00>
ST_2 : Operation 51 [1/1] (0.00ns)   --->   "%br_ln122 = br void %arrayidx1074.exit" [../cnn_hls.cpp:122]   --->   Operation 51 'br' 'br_ln122' <Predicate = (trunc_ln104 == 9)> <Delay = 0.00>
ST_2 : Operation 52 [1/1] (0.00ns)   --->   "%br_ln122 = br void %arrayidx1074.exit" [../cnn_hls.cpp:122]   --->   Operation 52 'br' 'br_ln122' <Predicate = (trunc_ln104 == 8)> <Delay = 0.00>
ST_2 : Operation 53 [1/1] (0.00ns)   --->   "%br_ln122 = br void %arrayidx1074.exit" [../cnn_hls.cpp:122]   --->   Operation 53 'br' 'br_ln122' <Predicate = (trunc_ln104 == 7)> <Delay = 0.00>
ST_2 : Operation 54 [1/1] (0.00ns)   --->   "%br_ln122 = br void %arrayidx1074.exit" [../cnn_hls.cpp:122]   --->   Operation 54 'br' 'br_ln122' <Predicate = (trunc_ln104 == 6)> <Delay = 0.00>
ST_2 : Operation 55 [1/1] (0.00ns)   --->   "%br_ln122 = br void %arrayidx1074.exit" [../cnn_hls.cpp:122]   --->   Operation 55 'br' 'br_ln122' <Predicate = (trunc_ln104 == 5)> <Delay = 0.00>
ST_2 : Operation 56 [1/1] (0.00ns)   --->   "%br_ln122 = br void %arrayidx1074.exit" [../cnn_hls.cpp:122]   --->   Operation 56 'br' 'br_ln122' <Predicate = (trunc_ln104 == 4)> <Delay = 0.00>
ST_2 : Operation 57 [1/1] (0.00ns)   --->   "%br_ln122 = br void %arrayidx1074.exit" [../cnn_hls.cpp:122]   --->   Operation 57 'br' 'br_ln122' <Predicate = (trunc_ln104 == 3)> <Delay = 0.00>
ST_2 : Operation 58 [1/1] (0.00ns)   --->   "%br_ln122 = br void %arrayidx1074.exit" [../cnn_hls.cpp:122]   --->   Operation 58 'br' 'br_ln122' <Predicate = (trunc_ln104 == 2)> <Delay = 0.00>
ST_2 : Operation 59 [1/1] (0.00ns)   --->   "%br_ln122 = br void %arrayidx1074.exit" [../cnn_hls.cpp:122]   --->   Operation 59 'br' 'br_ln122' <Predicate = (trunc_ln104 == 1)> <Delay = 0.00>
ST_2 : Operation 60 [1/1] (0.00ns)   --->   "%br_ln122 = br void %arrayidx1074.exit" [../cnn_hls.cpp:122]   --->   Operation 60 'br' 'br_ln122' <Predicate = (trunc_ln104 == 0)> <Delay = 0.00>
ST_2 : Operation 61 [1/1] (0.00ns)   --->   "%br_ln122 = br void %arrayidx1074.exit" [../cnn_hls.cpp:122]   --->   Operation 61 'br' 'br_ln122' <Predicate = (trunc_ln104 == 15)> <Delay = 0.00>
ST_2 : Operation 62 [1/1] (1.78ns)   --->   "%add_ln104 = add i5 %select_ln103, i5 1" [../cnn_hls.cpp:104]   --->   Operation 62 'add' 'add_ln104' <Predicate = true> <Delay = 1.78> <CoreInst = "Adder">   --->   Core 1 'Adder' <Latency = 0> <II = 1> <Delay = 1.78> <FuncUnit> <Opcode : 'add' 'sub'> <InPorts = 2> <OutPorts = 1>
ST_2 : Operation 63 [1/1] (1.58ns)   --->   "%store_ln103 = store i5 %add_ln103_1, i5 %out_idx" [../cnn_hls.cpp:103]   --->   Operation 63 'store' 'store_ln103' <Predicate = true> <Delay = 1.58>
ST_2 : Operation 64 [1/1] (1.58ns)   --->   "%store_ln104 = store i5 %add_ln104, i5 %oc" [../cnn_hls.cpp:104]   --->   Operation 64 'store' 'store_ln104' <Predicate = true> <Delay = 1.58>
ST_2 : Operation 65 [1/1] (0.00ns)   --->   "%br_ln104 = br void %VITIS_LOOP_108_7" [../cnn_hls.cpp:104]   --->   Operation 65 'br' 'br_ln104' <Predicate = true> <Delay = 0.00>

State 3 <SV = 2> <Delay = 3.20>
ST_3 : Operation 66 [8/9] (3.20ns)   --->   "%urem_ln103 = urem i5 %add_ln103_1, i5 3" [../cnn_hls.cpp:103]   --->   Operation 66 'urem' 'urem_ln103' <Predicate = true> <Delay = 3.20> <CoreInst = "Divider">   --->   Core 6 'Divider' <Latency = 8> <II = 1> <Delay = 3.20> <FuncUnit> <Opcode : 'udiv' 'sdiv' 'urem' 'srem'> <InPorts = 2> <OutPorts = 1>
ST_3 : Operation 67 [8/9] (3.20ns)   --->   "%urem_ln110 = urem i5 %add_ln103_1, i5 5" [../cnn_hls.cpp:110]   --->   Operation 67 'urem' 'urem_ln110' <Predicate = true> <Delay = 3.20> <CoreInst = "Divider">   --->   Core 6 'Divider' <Latency = 8> <II = 1> <Delay = 3.20> <FuncUnit> <Opcode : 'udiv' 'sdiv' 'urem' 'srem'> <InPorts = 2> <OutPorts = 1>

State 4 <SV = 3> <Delay = 3.20>
ST_4 : Operation 68 [7/9] (3.20ns)   --->   "%urem_ln103 = urem i5 %add_ln103_1, i5 3" [../cnn_hls.cpp:103]   --->   Operation 68 'urem' 'urem_ln103' <Predicate = true> <Delay = 3.20> <CoreInst = "Divider">   --->   Core 6 'Divider' <Latency = 8> <II = 1> <Delay = 3.20> <FuncUnit> <Opcode : 'udiv' 'sdiv' 'urem' 'srem'> <InPorts = 2> <OutPorts = 1>
ST_4 : Operation 69 [1/1] (0.00ns)   --->   "%shl_ln1 = bitconcatenate i6 @_ssdm_op_BitConcatenate.i6.i5.i1, i5 %add_ln103_1, i1 0" [../cnn_hls.cpp:110]   --->   Operation 69 'bitconcatenate' 'shl_ln1' <Predicate = true> <Delay = 0.00>
ST_4 : Operation 70 [1/1] (0.00ns)   --->   "%zext_ln110 = zext i6 %shl_ln1" [../cnn_hls.cpp:110]   --->   Operation 70 'zext' 'zext_ln110' <Predicate = true> <Delay = 0.00>
ST_4 : Operation 71 [7/9] (3.20ns)   --->   "%urem_ln110 = urem i5 %add_ln103_1, i5 5" [../cnn_hls.cpp:110]   --->   Operation 71 'urem' 'urem_ln110' <Predicate = true> <Delay = 3.20> <CoreInst = "Divider">   --->   Core 6 'Divider' <Latency = 8> <II = 1> <Delay = 3.20> <FuncUnit> <Opcode : 'udiv' 'sdiv' 'urem' 'srem'> <InPorts = 2> <OutPorts = 1>
ST_4 : Operation 72 [1/1] (1.82ns)   --->   "%add_ln110 = add i7 %zext_ln110, i7 126" [../cnn_hls.cpp:110]   --->   Operation 72 'add' 'add_ln110' <Predicate = true> <Delay = 1.82> <CoreInst = "Adder">   --->   Core 1 'Adder' <Latency = 0> <II = 1> <Delay = 1.82> <FuncUnit> <Opcode : 'add' 'sub'> <InPorts = 2> <OutPorts = 1>
ST_4 : Operation 73 [1/1] (1.82ns)   --->   "%add_ln110_1 = add i7 %zext_ln110, i7 127" [../cnn_hls.cpp:110]   --->   Operation 73 'add' 'add_ln110_1' <Predicate = true> <Delay = 1.82> <CoreInst = "Adder">   --->   Core 1 'Adder' <Latency = 0> <II = 1> <Delay = 1.82> <FuncUnit> <Opcode : 'add' 'sub'> <InPorts = 2> <OutPorts = 1>

State 5 <SV = 4> <Delay = 6.97>
ST_5 : Operation 74 [6/9] (3.20ns)   --->   "%urem_ln103 = urem i5 %add_ln103_1, i5 3" [../cnn_hls.cpp:103]   --->   Operation 74 'urem' 'urem_ln103' <Predicate = true> <Delay = 3.20> <CoreInst = "Divider">   --->   Core 6 'Divider' <Latency = 8> <II = 1> <Delay = 3.20> <FuncUnit> <Opcode : 'udiv' 'sdiv' 'urem' 'srem'> <InPorts = 2> <OutPorts = 1>
ST_5 : Operation 75 [6/9] (3.20ns)   --->   "%urem_ln110 = urem i5 %add_ln103_1, i5 5" [../cnn_hls.cpp:110]   --->   Operation 75 'urem' 'urem_ln110' <Predicate = true> <Delay = 3.20> <CoreInst = "Divider">   --->   Core 6 'Divider' <Latency = 8> <II = 1> <Delay = 3.20> <FuncUnit> <Opcode : 'udiv' 'sdiv' 'urem' 'srem'> <InPorts = 2> <OutPorts = 1>
ST_5 : Operation 76 [1/1] (0.00ns)   --->   "%sext_ln113 = sext i7 %add_ln110" [../cnn_hls.cpp:113]   --->   Operation 76 'sext' 'sext_ln113' <Predicate = true> <Delay = 0.00>
ST_5 : Operation 77 [1/1] (0.00ns)   --->   "%zext_ln113_2 = zext i64 %sext_ln113" [../cnn_hls.cpp:113]   --->   Operation 77 'zext' 'zext_ln113_2' <Predicate = true> <Delay = 0.00>
ST_5 : Operation 78 [5/5] (6.97ns)   --->   "%mul_ln113 = mul i129 %zext_ln113_2, i129 29514790517935282586" [../cnn_hls.cpp:113]   --->   Operation 78 'mul' 'mul_ln113' <Predicate = true> <Delay = 6.97> <CoreInst = "Multiplier">   --->   Core 3 'Multiplier' <Latency = 4> <II = 1> <Delay = 6.97> <FuncUnit> <Opcode : 'mul'> <InPorts = 2> <OutPorts = 1>
ST_5 : Operation 79 [1/1] (1.87ns)   --->   "%icmp_ln113 = icmp_ugt  i7 %add_ln110, i7 44" [../cnn_hls.cpp:113]   --->   Operation 79 'icmp' 'icmp_ln113' <Predicate = true> <Delay = 1.87> <CoreInst = "Cmp">   --->   Core 9 'Cmp' <Latency = 0> <II = 1> <Delay = 1.87> <FuncUnit> <Opcode : 'seteq' 'setne' 'setle' 'setge' 'setlt' 'setgt'> <InPorts = 2> <OutPorts = 1>
ST_5 : Operation 80 [1/1] (0.00ns)   --->   "%sext_ln113_1 = sext i7 %add_ln110_1" [../cnn_hls.cpp:113]   --->   Operation 80 'sext' 'sext_ln113_1' <Predicate = true> <Delay = 0.00>
ST_5 : Operation 81 [1/1] (0.00ns)   --->   "%zext_ln113_4 = zext i64 %sext_ln113_1" [../cnn_hls.cpp:113]   --->   Operation 81 'zext' 'zext_ln113_4' <Predicate = true> <Delay = 0.00>
ST_5 : Operation 82 [5/5] (6.97ns)   --->   "%mul_ln113_1 = mul i129 %zext_ln113_4, i129 29514790517935282586" [../cnn_hls.cpp:113]   --->   Operation 82 'mul' 'mul_ln113_1' <Predicate = true> <Delay = 6.97> <CoreInst = "Multiplier">   --->   Core 3 'Multiplier' <Latency = 4> <II = 1> <Delay = 6.97> <FuncUnit> <Opcode : 'mul'> <InPorts = 2> <OutPorts = 1>
ST_5 : Operation 83 [1/1] (1.87ns)   --->   "%icmp_ln113_1 = icmp_ugt  i7 %add_ln110_1, i7 44" [../cnn_hls.cpp:113]   --->   Operation 83 'icmp' 'icmp_ln113_1' <Predicate = true> <Delay = 1.87> <CoreInst = "Cmp">   --->   Core 9 'Cmp' <Latency = 0> <II = 1> <Delay = 1.87> <FuncUnit> <Opcode : 'seteq' 'setne' 'setle' 'setge' 'setlt' 'setgt'> <InPorts = 2> <OutPorts = 1>

State 6 <SV = 5> <Delay = 6.97>
ST_6 : Operation 84 [5/9] (3.20ns)   --->   "%urem_ln103 = urem i5 %add_ln103_1, i5 3" [../cnn_hls.cpp:103]   --->   Operation 84 'urem' 'urem_ln103' <Predicate = true> <Delay = 3.20> <CoreInst = "Divider">   --->   Core 6 'Divider' <Latency = 8> <II = 1> <Delay = 3.20> <FuncUnit> <Opcode : 'udiv' 'sdiv' 'urem' 'srem'> <InPorts = 2> <OutPorts = 1>
ST_6 : Operation 85 [5/9] (3.20ns)   --->   "%urem_ln110 = urem i5 %add_ln103_1, i5 5" [../cnn_hls.cpp:110]   --->   Operation 85 'urem' 'urem_ln110' <Predicate = true> <Delay = 3.20> <CoreInst = "Divider">   --->   Core 6 'Divider' <Latency = 8> <II = 1> <Delay = 3.20> <FuncUnit> <Opcode : 'udiv' 'sdiv' 'urem' 'srem'> <InPorts = 2> <OutPorts = 1>
ST_6 : Operation 86 [4/5] (6.97ns)   --->   "%mul_ln113 = mul i129 %zext_ln113_2, i129 29514790517935282586" [../cnn_hls.cpp:113]   --->   Operation 86 'mul' 'mul_ln113' <Predicate = true> <Delay = 6.97> <CoreInst = "Multiplier">   --->   Core 3 'Multiplier' <Latency = 4> <II = 1> <Delay = 6.97> <FuncUnit> <Opcode : 'mul'> <InPorts = 2> <OutPorts = 1>
ST_6 : Operation 87 [4/5] (6.97ns)   --->   "%mul_ln113_1 = mul i129 %zext_ln113_4, i129 29514790517935282586" [../cnn_hls.cpp:113]   --->   Operation 87 'mul' 'mul_ln113_1' <Predicate = true> <Delay = 6.97> <CoreInst = "Multiplier">   --->   Core 3 'Multiplier' <Latency = 4> <II = 1> <Delay = 6.97> <FuncUnit> <Opcode : 'mul'> <InPorts = 2> <OutPorts = 1>

State 7 <SV = 6> <Delay = 6.97>
ST_7 : Operation 88 [4/9] (3.20ns)   --->   "%urem_ln103 = urem i5 %add_ln103_1, i5 3" [../cnn_hls.cpp:103]   --->   Operation 88 'urem' 'urem_ln103' <Predicate = true> <Delay = 3.20> <CoreInst = "Divider">   --->   Core 6 'Divider' <Latency = 8> <II = 1> <Delay = 3.20> <FuncUnit> <Opcode : 'udiv' 'sdiv' 'urem' 'srem'> <InPorts = 2> <OutPorts = 1>
ST_7 : Operation 89 [4/9] (3.20ns)   --->   "%urem_ln110 = urem i5 %add_ln103_1, i5 5" [../cnn_hls.cpp:110]   --->   Operation 89 'urem' 'urem_ln110' <Predicate = true> <Delay = 3.20> <CoreInst = "Divider">   --->   Core 6 'Divider' <Latency = 8> <II = 1> <Delay = 3.20> <FuncUnit> <Opcode : 'udiv' 'sdiv' 'urem' 'srem'> <InPorts = 2> <OutPorts = 1>
ST_7 : Operation 90 [3/5] (6.97ns)   --->   "%mul_ln113 = mul i129 %zext_ln113_2, i129 29514790517935282586" [../cnn_hls.cpp:113]   --->   Operation 90 'mul' 'mul_ln113' <Predicate = true> <Delay = 6.97> <CoreInst = "Multiplier">   --->   Core 3 'Multiplier' <Latency = 4> <II = 1> <Delay = 6.97> <FuncUnit> <Opcode : 'mul'> <InPorts = 2> <OutPorts = 1>
ST_7 : Operation 91 [3/5] (6.97ns)   --->   "%mul_ln113_1 = mul i129 %zext_ln113_4, i129 29514790517935282586" [../cnn_hls.cpp:113]   --->   Operation 91 'mul' 'mul_ln113_1' <Predicate = true> <Delay = 6.97> <CoreInst = "Multiplier">   --->   Core 3 'Multiplier' <Latency = 4> <II = 1> <Delay = 6.97> <FuncUnit> <Opcode : 'mul'> <InPorts = 2> <OutPorts = 1>

State 8 <SV = 7> <Delay = 6.97>
ST_8 : Operation 92 [3/9] (3.20ns)   --->   "%urem_ln103 = urem i5 %add_ln103_1, i5 3" [../cnn_hls.cpp:103]   --->   Operation 92 'urem' 'urem_ln103' <Predicate = true> <Delay = 3.20> <CoreInst = "Divider">   --->   Core 6 'Divider' <Latency = 8> <II = 1> <Delay = 3.20> <FuncUnit> <Opcode : 'udiv' 'sdiv' 'urem' 'srem'> <InPorts = 2> <OutPorts = 1>
ST_8 : Operation 93 [3/9] (3.20ns)   --->   "%urem_ln110 = urem i5 %add_ln103_1, i5 5" [../cnn_hls.cpp:110]   --->   Operation 93 'urem' 'urem_ln110' <Predicate = true> <Delay = 3.20> <CoreInst = "Divider">   --->   Core 6 'Divider' <Latency = 8> <II = 1> <Delay = 3.20> <FuncUnit> <Opcode : 'udiv' 'sdiv' 'urem' 'srem'> <InPorts = 2> <OutPorts = 1>
ST_8 : Operation 94 [2/5] (6.97ns)   --->   "%mul_ln113 = mul i129 %zext_ln113_2, i129 29514790517935282586" [../cnn_hls.cpp:113]   --->   Operation 94 'mul' 'mul_ln113' <Predicate = true> <Delay = 6.97> <CoreInst = "Multiplier">   --->   Core 3 'Multiplier' <Latency = 4> <II = 1> <Delay = 6.97> <FuncUnit> <Opcode : 'mul'> <InPorts = 2> <OutPorts = 1>
ST_8 : Operation 95 [2/5] (6.97ns)   --->   "%mul_ln113_1 = mul i129 %zext_ln113_4, i129 29514790517935282586" [../cnn_hls.cpp:113]   --->   Operation 95 'mul' 'mul_ln113_1' <Predicate = true> <Delay = 6.97> <CoreInst = "Multiplier">   --->   Core 3 'Multiplier' <Latency = 4> <II = 1> <Delay = 6.97> <FuncUnit> <Opcode : 'mul'> <InPorts = 2> <OutPorts = 1>

State 9 <SV = 8> <Delay = 6.97>
ST_9 : Operation 96 [1/1] (0.00ns)   --->   "%zext_ln103 = zext i5 %add_ln103_1" [../cnn_hls.cpp:103]   --->   Operation 96 'zext' 'zext_ln103' <Predicate = true> <Delay = 0.00>
ST_9 : Operation 97 [1/1] (3.74ns)   --->   "%mul_ln103 = mul i11 %zext_ln103, i11 43" [../cnn_hls.cpp:103]   --->   Operation 97 'mul' 'mul_ln103' <Predicate = true> <Delay = 3.74> <CoreInst = "Multiplier">   --->   Core 3 'Multiplier' <Latency = 0> <II = 1> <Delay = 3.74> <FuncUnit> <Opcode : 'mul'> <InPorts = 2> <OutPorts = 1>
ST_9 : Operation 98 [1/1] (0.00ns)   --->   "%tmp = partselect i4 @_ssdm_op_PartSelect.i4.i11.i32.i32, i11 %mul_ln103, i32 7, i32 10" [../cnn_hls.cpp:103]   --->   Operation 98 'partselect' 'tmp' <Predicate = true> <Delay = 0.00>
ST_9 : Operation 99 [2/9] (3.20ns)   --->   "%urem_ln103 = urem i5 %add_ln103_1, i5 3" [../cnn_hls.cpp:103]   --->   Operation 99 'urem' 'urem_ln103' <Predicate = true> <Delay = 3.20> <CoreInst = "Divider">   --->   Core 6 'Divider' <Latency = 8> <II = 1> <Delay = 3.20> <FuncUnit> <Opcode : 'udiv' 'sdiv' 'urem' 'srem'> <InPorts = 2> <OutPorts = 1>
ST_9 : Operation 100 [1/1] (0.00ns)   --->   "%zext_ln110_2 = zext i6 %shl_ln1" [../cnn_hls.cpp:110]   --->   Operation 100 'zext' 'zext_ln110_2' <Predicate = true> <Delay = 0.00>
ST_9 : Operation 101 [1/1] (4.17ns)   --->   "%mul_ln110 = mul i13 %zext_ln110_2, i13 103" [../cnn_hls.cpp:110]   --->   Operation 101 'mul' 'mul_ln110' <Predicate = true> <Delay = 4.17> <CoreInst = "Multiplier">   --->   Core 3 'Multiplier' <Latency = 0> <II = 1> <Delay = 4.17> <FuncUnit> <Opcode : 'mul'> <InPorts = 2> <OutPorts = 1>
ST_9 : Operation 102 [1/1] (0.00ns)   --->   "%tmp_29 = partselect i4 @_ssdm_op_PartSelect.i4.i13.i32.i32, i13 %mul_ln110, i32 9, i32 12" [../cnn_hls.cpp:110]   --->   Operation 102 'partselect' 'tmp_29' <Predicate = true> <Delay = 0.00>
ST_9 : Operation 103 [2/9] (3.20ns)   --->   "%urem_ln110 = urem i5 %add_ln103_1, i5 5" [../cnn_hls.cpp:110]   --->   Operation 103 'urem' 'urem_ln110' <Predicate = true> <Delay = 3.20> <CoreInst = "Divider">   --->   Core 6 'Divider' <Latency = 8> <II = 1> <Delay = 3.20> <FuncUnit> <Opcode : 'udiv' 'sdiv' 'urem' 'srem'> <InPorts = 2> <OutPorts = 1>
ST_9 : Operation 104 [1/5] (6.97ns)   --->   "%mul_ln113 = mul i129 %zext_ln113_2, i129 29514790517935282586" [../cnn_hls.cpp:113]   --->   Operation 104 'mul' 'mul_ln113' <Predicate = true> <Delay = 6.97> <CoreInst = "Multiplier">   --->   Core 3 'Multiplier' <Latency = 4> <II = 1> <Delay = 6.97> <FuncUnit> <Opcode : 'mul'> <InPorts = 2> <OutPorts = 1>
ST_9 : Operation 105 [1/1] (0.00ns)   --->   "%tmp_30 = partselect i62 @_ssdm_op_PartSelect.i62.i129.i32.i32, i129 %mul_ln113, i32 67, i32 128" [../cnn_hls.cpp:113]   --->   Operation 105 'partselect' 'tmp_30' <Predicate = true> <Delay = 0.00>
ST_9 : Operation 106 [1/5] (6.97ns)   --->   "%mul_ln113_1 = mul i129 %zext_ln113_4, i129 29514790517935282586" [../cnn_hls.cpp:113]   --->   Operation 106 'mul' 'mul_ln113_1' <Predicate = true> <Delay = 6.97> <CoreInst = "Multiplier">   --->   Core 3 'Multiplier' <Latency = 4> <II = 1> <Delay = 6.97> <FuncUnit> <Opcode : 'mul'> <InPorts = 2> <OutPorts = 1>
ST_9 : Operation 107 [1/1] (0.00ns)   --->   "%tmp_31 = partselect i62 @_ssdm_op_PartSelect.i62.i129.i32.i32, i129 %mul_ln113_1, i32 67, i32 128" [../cnn_hls.cpp:113]   --->   Operation 107 'partselect' 'tmp_31' <Predicate = true> <Delay = 0.00>
ST_9 : Operation 108 [1/1] (0.00ns)   --->   "%or_ln1 = bitconcatenate i6 @_ssdm_op_BitConcatenate.i6.i5.i1, i5 %add_ln103_1, i1 1" [../cnn_hls.cpp:110]   --->   Operation 108 'bitconcatenate' 'or_ln1' <Predicate = true> <Delay = 0.00>
ST_9 : Operation 109 [1/1] (0.00ns)   --->   "%zext_ln113_6 = zext i6 %or_ln1" [../cnn_hls.cpp:113]   --->   Operation 109 'zext' 'zext_ln113_6' <Predicate = true> <Delay = 0.00>
ST_9 : Operation 110 [1/1] (4.17ns)   --->   "%mul_ln113_2 = mul i13 %zext_ln113_6, i13 103" [../cnn_hls.cpp:113]   --->   Operation 110 'mul' 'mul_ln113_2' <Predicate = true> <Delay = 4.17> <CoreInst = "Multiplier">   --->   Core 3 'Multiplier' <Latency = 0> <II = 1> <Delay = 4.17> <FuncUnit> <Opcode : 'mul'> <InPorts = 2> <OutPorts = 1>
ST_9 : Operation 111 [1/1] (0.00ns)   --->   "%tmp_32 = partselect i4 @_ssdm_op_PartSelect.i4.i13.i32.i32, i13 %mul_ln113_2, i32 9, i32 12" [../cnn_hls.cpp:113]   --->   Operation 111 'partselect' 'tmp_32' <Predicate = true> <Delay = 0.00>
ST_9 : Operation 112 [1/1] (1.82ns)   --->   "%icmp_ln113_2 = icmp_ugt  i6 %or_ln1, i6 44" [../cnn_hls.cpp:113]   --->   Operation 112 'icmp' 'icmp_ln113_2' <Predicate = true> <Delay = 1.82> <CoreInst = "Cmp">   --->   Core 9 'Cmp' <Latency = 0> <II = 1> <Delay = 1.82> <FuncUnit> <Opcode : 'seteq' 'setne' 'setle' 'setge' 'setlt' 'setgt'> <InPorts = 2> <OutPorts = 1>
ST_9 : Operation 113 [1/1] (1.82ns)   --->   "%add_ln110_2 = add i6 %shl_ln1, i6 2" [../cnn_hls.cpp:110]   --->   Operation 113 'add' 'add_ln110_2' <Predicate = true> <Delay = 1.82> <CoreInst = "Adder">   --->   Core 1 'Adder' <Latency = 0> <II = 1> <Delay = 1.82> <FuncUnit> <Opcode : 'add' 'sub'> <InPorts = 2> <OutPorts = 1>
ST_9 : Operation 114 [1/1] (0.00ns)   --->   "%zext_ln113_7 = zext i6 %add_ln110_2" [../cnn_hls.cpp:113]   --->   Operation 114 'zext' 'zext_ln113_7' <Predicate = true> <Delay = 0.00>
ST_9 : Operation 115 [1/1] (4.17ns)   --->   "%mul_ln113_3 = mul i13 %zext_ln113_7, i13 103" [../cnn_hls.cpp:113]   --->   Operation 115 'mul' 'mul_ln113_3' <Predicate = true> <Delay = 4.17> <CoreInst = "Multiplier">   --->   Core 3 'Multiplier' <Latency = 0> <II = 1> <Delay = 4.17> <FuncUnit> <Opcode : 'mul'> <InPorts = 2> <OutPorts = 1>
ST_9 : Operation 116 [1/1] (0.00ns)   --->   "%tmp_33 = partselect i4 @_ssdm_op_PartSelect.i4.i13.i32.i32, i13 %mul_ln113_3, i32 9, i32 12" [../cnn_hls.cpp:113]   --->   Operation 116 'partselect' 'tmp_33' <Predicate = true> <Delay = 0.00>
ST_9 : Operation 117 [1/1] (1.82ns)   --->   "%icmp_ln113_3 = icmp_ugt  i6 %add_ln110_2, i6 44" [../cnn_hls.cpp:113]   --->   Operation 117 'icmp' 'icmp_ln113_3' <Predicate = true> <Delay = 1.82> <CoreInst = "Cmp">   --->   Core 9 'Cmp' <Latency = 0> <II = 1> <Delay = 1.82> <FuncUnit> <Opcode : 'seteq' 'setne' 'setle' 'setge' 'setlt' 'setgt'> <InPorts = 2> <OutPorts = 1>

State 10 <SV = 9> <Delay = 4.76>
ST_10 : Operation 118 [1/9] (3.20ns)   --->   "%urem_ln103 = urem i5 %add_ln103_1, i5 3" [../cnn_hls.cpp:103]   --->   Operation 118 'urem' 'urem_ln103' <Predicate = true> <Delay = 3.20> <CoreInst = "Divider">   --->   Core 6 'Divider' <Latency = 8> <II = 1> <Delay = 3.20> <FuncUnit> <Opcode : 'udiv' 'sdiv' 'urem' 'srem'> <InPorts = 2> <OutPorts = 1>
ST_10 : Operation 119 [1/1] (0.00ns)   --->   "%trunc_ln103 = trunc i2 %urem_ln103" [../cnn_hls.cpp:103]   --->   Operation 119 'trunc' 'trunc_ln103' <Predicate = true> <Delay = 0.00>
ST_10 : Operation 120 [1/1] (0.00ns)   --->   "%zext_ln110_1 = zext i4 %tmp_29" [../cnn_hls.cpp:110]   --->   Operation 120 'zext' 'zext_ln110_1' <Predicate = true> <Delay = 0.00>
ST_10 : Operation 121 [1/9] (3.20ns)   --->   "%urem_ln110 = urem i5 %add_ln103_1, i5 5" [../cnn_hls.cpp:110]   --->   Operation 121 'urem' 'urem_ln110' <Predicate = true> <Delay = 3.20> <CoreInst = "Divider">   --->   Core 6 'Divider' <Latency = 8> <II = 1> <Delay = 3.20> <FuncUnit> <Opcode : 'udiv' 'sdiv' 'urem' 'srem'> <InPorts = 2> <OutPorts = 1>
ST_10 : Operation 122 [1/1] (0.00ns)   --->   "%trunc_ln110 = trunc i3 %urem_ln110" [../cnn_hls.cpp:110]   --->   Operation 122 'trunc' 'trunc_ln110' <Predicate = true> <Delay = 0.00>
ST_10 : Operation 123 [1/1] (0.00ns)   --->   "%zext_ln113_3 = zext i62 %tmp_30" [../cnn_hls.cpp:113]   --->   Operation 123 'zext' 'zext_ln113_3' <Predicate = true> <Delay = 0.00>
ST_10 : Operation 124 [1/1] (0.00ns)   --->   "%buffer_c1_addr = getelementptr i8 %buffer_c1, i64 0, i64 %zext_ln113_3" [../cnn_hls.cpp:115]   --->   Operation 124 'getelementptr' 'buffer_c1_addr' <Predicate = (!icmp_ln113)> <Delay = 0.00>
ST_10 : Operation 125 [1/1] (0.00ns)   --->   "%buffer_c1_1_addr = getelementptr i8 %buffer_c1_1, i64 0, i64 %zext_ln113_3" [../cnn_hls.cpp:115]   --->   Operation 125 'getelementptr' 'buffer_c1_1_addr' <Predicate = (!icmp_ln113)> <Delay = 0.00>
ST_10 : Operation 126 [1/1] (0.00ns)   --->   "%buffer_c1_2_addr = getelementptr i8 %buffer_c1_2, i64 0, i64 %zext_ln113_3" [../cnn_hls.cpp:115]   --->   Operation 126 'getelementptr' 'buffer_c1_2_addr' <Predicate = (!icmp_ln113)> <Delay = 0.00>
ST_10 : Operation 127 [1/1] (0.00ns)   --->   "%buffer_c1_3_addr = getelementptr i8 %buffer_c1_3, i64 0, i64 %zext_ln113_3" [../cnn_hls.cpp:115]   --->   Operation 127 'getelementptr' 'buffer_c1_3_addr' <Predicate = (!icmp_ln113)> <Delay = 0.00>
ST_10 : Operation 128 [1/1] (0.00ns)   --->   "%buffer_c1_4_addr = getelementptr i8 %buffer_c1_4, i64 0, i64 %zext_ln113_3" [../cnn_hls.cpp:115]   --->   Operation 128 'getelementptr' 'buffer_c1_4_addr' <Predicate = (!icmp_ln113)> <Delay = 0.00>
ST_10 : Operation 129 [1/1] (0.00ns)   --->   "%buffer_c1_5_addr = getelementptr i8 %buffer_c1_5, i64 0, i64 %zext_ln113_3" [../cnn_hls.cpp:115]   --->   Operation 129 'getelementptr' 'buffer_c1_5_addr' <Predicate = (!icmp_ln113)> <Delay = 0.00>
ST_10 : Operation 130 [1/1] (0.00ns)   --->   "%buffer_c1_6_addr = getelementptr i8 %buffer_c1_6, i64 0, i64 %zext_ln113_3" [../cnn_hls.cpp:115]   --->   Operation 130 'getelementptr' 'buffer_c1_6_addr' <Predicate = (!icmp_ln113)> <Delay = 0.00>
ST_10 : Operation 131 [1/1] (0.00ns)   --->   "%buffer_c1_7_addr = getelementptr i8 %buffer_c1_7, i64 0, i64 %zext_ln113_3" [../cnn_hls.cpp:115]   --->   Operation 131 'getelementptr' 'buffer_c1_7_addr' <Predicate = (!icmp_ln113)> <Delay = 0.00>
ST_10 : Operation 132 [1/1] (0.00ns)   --->   "%buffer_c1_8_addr = getelementptr i8 %buffer_c1_8, i64 0, i64 %zext_ln113_3" [../cnn_hls.cpp:115]   --->   Operation 132 'getelementptr' 'buffer_c1_8_addr' <Predicate = (!icmp_ln113)> <Delay = 0.00>
ST_10 : Operation 133 [1/1] (0.00ns)   --->   "%buffer_c1_9_addr = getelementptr i8 %buffer_c1_9, i64 0, i64 %zext_ln113_3" [../cnn_hls.cpp:115]   --->   Operation 133 'getelementptr' 'buffer_c1_9_addr' <Predicate = (!icmp_ln113)> <Delay = 0.00>
ST_10 : Operation 134 [1/1] (0.00ns)   --->   "%buffer_c1_10_addr = getelementptr i8 %buffer_c1_10, i64 0, i64 %zext_ln113_3" [../cnn_hls.cpp:115]   --->   Operation 134 'getelementptr' 'buffer_c1_10_addr' <Predicate = (!icmp_ln113)> <Delay = 0.00>
ST_10 : Operation 135 [1/1] (0.00ns)   --->   "%buffer_c1_11_addr = getelementptr i8 %buffer_c1_11, i64 0, i64 %zext_ln113_3" [../cnn_hls.cpp:115]   --->   Operation 135 'getelementptr' 'buffer_c1_11_addr' <Predicate = (!icmp_ln113)> <Delay = 0.00>
ST_10 : Operation 136 [1/1] (0.00ns)   --->   "%buffer_c1_12_addr = getelementptr i8 %buffer_c1_12, i64 0, i64 %zext_ln113_3" [../cnn_hls.cpp:115]   --->   Operation 136 'getelementptr' 'buffer_c1_12_addr' <Predicate = (!icmp_ln113)> <Delay = 0.00>
ST_10 : Operation 137 [1/1] (0.00ns)   --->   "%buffer_c1_13_addr = getelementptr i8 %buffer_c1_13, i64 0, i64 %zext_ln113_3" [../cnn_hls.cpp:115]   --->   Operation 137 'getelementptr' 'buffer_c1_13_addr' <Predicate = (!icmp_ln113)> <Delay = 0.00>
ST_10 : Operation 138 [1/1] (0.00ns)   --->   "%buffer_c1_14_addr = getelementptr i8 %buffer_c1_14, i64 0, i64 %zext_ln113_3" [../cnn_hls.cpp:115]   --->   Operation 138 'getelementptr' 'buffer_c1_14_addr' <Predicate = (!icmp_ln113)> <Delay = 0.00>
ST_10 : Operation 139 [1/1] (0.00ns)   --->   "%buffer_c1_15_addr = getelementptr i8 %buffer_c1_15, i64 0, i64 %zext_ln113_3" [../cnn_hls.cpp:115]   --->   Operation 139 'getelementptr' 'buffer_c1_15_addr' <Predicate = (!icmp_ln113)> <Delay = 0.00>
ST_10 : Operation 140 [1/1] (0.00ns)   --->   "%buffer_c1_16_addr = getelementptr i8 %buffer_c1_16, i64 0, i64 %zext_ln113_3" [../cnn_hls.cpp:115]   --->   Operation 140 'getelementptr' 'buffer_c1_16_addr' <Predicate = (!icmp_ln113)> <Delay = 0.00>
ST_10 : Operation 141 [1/1] (0.00ns)   --->   "%buffer_c1_17_addr = getelementptr i8 %buffer_c1_17, i64 0, i64 %zext_ln113_3" [../cnn_hls.cpp:115]   --->   Operation 141 'getelementptr' 'buffer_c1_17_addr' <Predicate = (!icmp_ln113)> <Delay = 0.00>
ST_10 : Operation 142 [1/1] (0.00ns)   --->   "%buffer_c1_18_addr = getelementptr i8 %buffer_c1_18, i64 0, i64 %zext_ln113_3" [../cnn_hls.cpp:115]   --->   Operation 142 'getelementptr' 'buffer_c1_18_addr' <Predicate = (!icmp_ln113)> <Delay = 0.00>
ST_10 : Operation 143 [1/1] (0.00ns)   --->   "%buffer_c1_19_addr = getelementptr i8 %buffer_c1_19, i64 0, i64 %zext_ln113_3" [../cnn_hls.cpp:115]   --->   Operation 143 'getelementptr' 'buffer_c1_19_addr' <Predicate = (!icmp_ln113)> <Delay = 0.00>
ST_10 : Operation 144 [1/1] (0.00ns)   --->   "%buffer_c1_20_addr = getelementptr i8 %buffer_c1_20, i64 0, i64 %zext_ln113_3" [../cnn_hls.cpp:115]   --->   Operation 144 'getelementptr' 'buffer_c1_20_addr' <Predicate = (!icmp_ln113)> <Delay = 0.00>
ST_10 : Operation 145 [1/1] (0.00ns)   --->   "%buffer_c1_21_addr = getelementptr i8 %buffer_c1_21, i64 0, i64 %zext_ln113_3" [../cnn_hls.cpp:115]   --->   Operation 145 'getelementptr' 'buffer_c1_21_addr' <Predicate = (!icmp_ln113)> <Delay = 0.00>
ST_10 : Operation 146 [1/1] (0.00ns)   --->   "%buffer_c1_22_addr = getelementptr i8 %buffer_c1_22, i64 0, i64 %zext_ln113_3" [../cnn_hls.cpp:115]   --->   Operation 146 'getelementptr' 'buffer_c1_22_addr' <Predicate = (!icmp_ln113)> <Delay = 0.00>
ST_10 : Operation 147 [1/1] (0.00ns)   --->   "%buffer_c1_23_addr = getelementptr i8 %buffer_c1_23, i64 0, i64 %zext_ln113_3" [../cnn_hls.cpp:115]   --->   Operation 147 'getelementptr' 'buffer_c1_23_addr' <Predicate = (!icmp_ln113)> <Delay = 0.00>
ST_10 : Operation 148 [1/1] (0.00ns)   --->   "%buffer_c1_24_addr = getelementptr i8 %buffer_c1_24, i64 0, i64 %zext_ln113_3" [../cnn_hls.cpp:115]   --->   Operation 148 'getelementptr' 'buffer_c1_24_addr' <Predicate = (!icmp_ln113)> <Delay = 0.00>
ST_10 : Operation 149 [1/1] (0.00ns)   --->   "%buffer_c1_25_addr = getelementptr i8 %buffer_c1_25, i64 0, i64 %zext_ln113_3" [../cnn_hls.cpp:115]   --->   Operation 149 'getelementptr' 'buffer_c1_25_addr' <Predicate = (!icmp_ln113)> <Delay = 0.00>
ST_10 : Operation 150 [1/1] (0.00ns)   --->   "%buffer_c1_26_addr = getelementptr i8 %buffer_c1_26, i64 0, i64 %zext_ln113_3" [../cnn_hls.cpp:115]   --->   Operation 150 'getelementptr' 'buffer_c1_26_addr' <Predicate = (!icmp_ln113)> <Delay = 0.00>
ST_10 : Operation 151 [1/1] (0.00ns)   --->   "%buffer_c1_27_addr = getelementptr i8 %buffer_c1_27, i64 0, i64 %zext_ln113_3" [../cnn_hls.cpp:115]   --->   Operation 151 'getelementptr' 'buffer_c1_27_addr' <Predicate = (!icmp_ln113)> <Delay = 0.00>
ST_10 : Operation 152 [1/1] (0.00ns)   --->   "%buffer_c1_28_addr = getelementptr i8 %buffer_c1_28, i64 0, i64 %zext_ln113_3" [../cnn_hls.cpp:115]   --->   Operation 152 'getelementptr' 'buffer_c1_28_addr' <Predicate = (!icmp_ln113)> <Delay = 0.00>
ST_10 : Operation 153 [1/1] (0.00ns)   --->   "%buffer_c1_29_addr = getelementptr i8 %buffer_c1_29, i64 0, i64 %zext_ln113_3" [../cnn_hls.cpp:115]   --->   Operation 153 'getelementptr' 'buffer_c1_29_addr' <Predicate = (!icmp_ln113)> <Delay = 0.00>
ST_10 : Operation 154 [1/1] (0.00ns)   --->   "%buffer_c1_30_addr = getelementptr i8 %buffer_c1_30, i64 0, i64 %zext_ln113_3" [../cnn_hls.cpp:115]   --->   Operation 154 'getelementptr' 'buffer_c1_30_addr' <Predicate = (!icmp_ln113)> <Delay = 0.00>
ST_10 : Operation 155 [1/1] (0.00ns)   --->   "%buffer_c1_31_addr = getelementptr i8 %buffer_c1_31, i64 0, i64 %zext_ln113_3" [../cnn_hls.cpp:115]   --->   Operation 155 'getelementptr' 'buffer_c1_31_addr' <Predicate = (!icmp_ln113)> <Delay = 0.00>
ST_10 : Operation 156 [1/1] (0.00ns)   --->   "%buffer_c1_32_addr = getelementptr i8 %buffer_c1_32, i64 0, i64 %zext_ln113_3" [../cnn_hls.cpp:115]   --->   Operation 156 'getelementptr' 'buffer_c1_32_addr' <Predicate = (!icmp_ln113)> <Delay = 0.00>
ST_10 : Operation 157 [1/1] (0.00ns)   --->   "%buffer_c1_33_addr = getelementptr i8 %buffer_c1_33, i64 0, i64 %zext_ln113_3" [../cnn_hls.cpp:115]   --->   Operation 157 'getelementptr' 'buffer_c1_33_addr' <Predicate = (!icmp_ln113)> <Delay = 0.00>
ST_10 : Operation 158 [1/1] (0.00ns)   --->   "%buffer_c1_34_addr = getelementptr i8 %buffer_c1_34, i64 0, i64 %zext_ln113_3" [../cnn_hls.cpp:115]   --->   Operation 158 'getelementptr' 'buffer_c1_34_addr' <Predicate = (!icmp_ln113)> <Delay = 0.00>
ST_10 : Operation 159 [1/1] (0.00ns)   --->   "%zext_ln113_5 = zext i62 %tmp_31" [../cnn_hls.cpp:113]   --->   Operation 159 'zext' 'zext_ln113_5' <Predicate = true> <Delay = 0.00>
ST_10 : Operation 160 [1/1] (0.00ns)   --->   "%buffer_c1_35_addr = getelementptr i8 %buffer_c1_35, i64 0, i64 %zext_ln113_3" [../cnn_hls.cpp:115]   --->   Operation 160 'getelementptr' 'buffer_c1_35_addr' <Predicate = (!icmp_ln113)> <Delay = 0.00>
ST_10 : Operation 161 [1/1] (0.00ns)   --->   "%buffer_c1_36_addr = getelementptr i8 %buffer_c1_36, i64 0, i64 %zext_ln113_3" [../cnn_hls.cpp:115]   --->   Operation 161 'getelementptr' 'buffer_c1_36_addr' <Predicate = (!icmp_ln113)> <Delay = 0.00>
ST_10 : Operation 162 [1/1] (0.00ns)   --->   "%buffer_c1_37_addr = getelementptr i8 %buffer_c1_37, i64 0, i64 %zext_ln113_3" [../cnn_hls.cpp:115]   --->   Operation 162 'getelementptr' 'buffer_c1_37_addr' <Predicate = (!icmp_ln113)> <Delay = 0.00>
ST_10 : Operation 163 [1/1] (0.00ns)   --->   "%buffer_c1_38_addr = getelementptr i8 %buffer_c1_38, i64 0, i64 %zext_ln113_3" [../cnn_hls.cpp:115]   --->   Operation 163 'getelementptr' 'buffer_c1_38_addr' <Predicate = (!icmp_ln113)> <Delay = 0.00>
ST_10 : Operation 164 [1/1] (0.00ns)   --->   "%buffer_c1_39_addr = getelementptr i8 %buffer_c1_39, i64 0, i64 %zext_ln113_3" [../cnn_hls.cpp:115]   --->   Operation 164 'getelementptr' 'buffer_c1_39_addr' <Predicate = (!icmp_ln113)> <Delay = 0.00>
ST_10 : Operation 165 [1/1] (0.00ns)   --->   "%buffer_c1_addr_1 = getelementptr i8 %buffer_c1, i64 0, i64 %zext_ln113_5" [../cnn_hls.cpp:115]   --->   Operation 165 'getelementptr' 'buffer_c1_addr_1' <Predicate = (!icmp_ln113_1)> <Delay = 0.00>
ST_10 : Operation 166 [1/1] (0.00ns)   --->   "%buffer_c1_1_addr_1 = getelementptr i8 %buffer_c1_1, i64 0, i64 %zext_ln113_5" [../cnn_hls.cpp:115]   --->   Operation 166 'getelementptr' 'buffer_c1_1_addr_1' <Predicate = (!icmp_ln113_1)> <Delay = 0.00>
ST_10 : Operation 167 [1/1] (0.00ns)   --->   "%buffer_c1_2_addr_1 = getelementptr i8 %buffer_c1_2, i64 0, i64 %zext_ln113_5" [../cnn_hls.cpp:115]   --->   Operation 167 'getelementptr' 'buffer_c1_2_addr_1' <Predicate = (!icmp_ln113_1)> <Delay = 0.00>
ST_10 : Operation 168 [1/1] (0.00ns)   --->   "%buffer_c1_3_addr_1 = getelementptr i8 %buffer_c1_3, i64 0, i64 %zext_ln113_5" [../cnn_hls.cpp:115]   --->   Operation 168 'getelementptr' 'buffer_c1_3_addr_1' <Predicate = (!icmp_ln113_1)> <Delay = 0.00>
ST_10 : Operation 169 [1/1] (0.00ns)   --->   "%buffer_c1_4_addr_1 = getelementptr i8 %buffer_c1_4, i64 0, i64 %zext_ln113_5" [../cnn_hls.cpp:115]   --->   Operation 169 'getelementptr' 'buffer_c1_4_addr_1' <Predicate = (!icmp_ln113_1)> <Delay = 0.00>
ST_10 : Operation 170 [1/1] (0.00ns)   --->   "%buffer_c1_5_addr_1 = getelementptr i8 %buffer_c1_5, i64 0, i64 %zext_ln113_5" [../cnn_hls.cpp:115]   --->   Operation 170 'getelementptr' 'buffer_c1_5_addr_1' <Predicate = (!icmp_ln113_1)> <Delay = 0.00>
ST_10 : Operation 171 [1/1] (0.00ns)   --->   "%buffer_c1_6_addr_1 = getelementptr i8 %buffer_c1_6, i64 0, i64 %zext_ln113_5" [../cnn_hls.cpp:115]   --->   Operation 171 'getelementptr' 'buffer_c1_6_addr_1' <Predicate = (!icmp_ln113_1)> <Delay = 0.00>
ST_10 : Operation 172 [1/1] (0.00ns)   --->   "%buffer_c1_7_addr_1 = getelementptr i8 %buffer_c1_7, i64 0, i64 %zext_ln113_5" [../cnn_hls.cpp:115]   --->   Operation 172 'getelementptr' 'buffer_c1_7_addr_1' <Predicate = (!icmp_ln113_1)> <Delay = 0.00>
ST_10 : Operation 173 [1/1] (0.00ns)   --->   "%buffer_c1_8_addr_1 = getelementptr i8 %buffer_c1_8, i64 0, i64 %zext_ln113_5" [../cnn_hls.cpp:115]   --->   Operation 173 'getelementptr' 'buffer_c1_8_addr_1' <Predicate = (!icmp_ln113_1)> <Delay = 0.00>
ST_10 : Operation 174 [1/1] (0.00ns)   --->   "%buffer_c1_9_addr_1 = getelementptr i8 %buffer_c1_9, i64 0, i64 %zext_ln113_5" [../cnn_hls.cpp:115]   --->   Operation 174 'getelementptr' 'buffer_c1_9_addr_1' <Predicate = (!icmp_ln113_1)> <Delay = 0.00>
ST_10 : Operation 175 [1/1] (0.00ns)   --->   "%buffer_c1_10_addr_1 = getelementptr i8 %buffer_c1_10, i64 0, i64 %zext_ln113_5" [../cnn_hls.cpp:115]   --->   Operation 175 'getelementptr' 'buffer_c1_10_addr_1' <Predicate = (!icmp_ln113_1)> <Delay = 0.00>
ST_10 : Operation 176 [1/1] (0.00ns)   --->   "%buffer_c1_11_addr_1 = getelementptr i8 %buffer_c1_11, i64 0, i64 %zext_ln113_5" [../cnn_hls.cpp:115]   --->   Operation 176 'getelementptr' 'buffer_c1_11_addr_1' <Predicate = (!icmp_ln113_1)> <Delay = 0.00>
ST_10 : Operation 177 [1/1] (0.00ns)   --->   "%buffer_c1_12_addr_1 = getelementptr i8 %buffer_c1_12, i64 0, i64 %zext_ln113_5" [../cnn_hls.cpp:115]   --->   Operation 177 'getelementptr' 'buffer_c1_12_addr_1' <Predicate = (!icmp_ln113_1)> <Delay = 0.00>
ST_10 : Operation 178 [1/1] (0.00ns)   --->   "%buffer_c1_13_addr_1 = getelementptr i8 %buffer_c1_13, i64 0, i64 %zext_ln113_5" [../cnn_hls.cpp:115]   --->   Operation 178 'getelementptr' 'buffer_c1_13_addr_1' <Predicate = (!icmp_ln113_1)> <Delay = 0.00>
ST_10 : Operation 179 [1/1] (0.00ns)   --->   "%buffer_c1_14_addr_1 = getelementptr i8 %buffer_c1_14, i64 0, i64 %zext_ln113_5" [../cnn_hls.cpp:115]   --->   Operation 179 'getelementptr' 'buffer_c1_14_addr_1' <Predicate = (!icmp_ln113_1)> <Delay = 0.00>
ST_10 : Operation 180 [1/1] (0.00ns)   --->   "%buffer_c1_15_addr_1 = getelementptr i8 %buffer_c1_15, i64 0, i64 %zext_ln113_5" [../cnn_hls.cpp:115]   --->   Operation 180 'getelementptr' 'buffer_c1_15_addr_1' <Predicate = (!icmp_ln113_1)> <Delay = 0.00>
ST_10 : Operation 181 [1/1] (0.00ns)   --->   "%buffer_c1_16_addr_1 = getelementptr i8 %buffer_c1_16, i64 0, i64 %zext_ln113_5" [../cnn_hls.cpp:115]   --->   Operation 181 'getelementptr' 'buffer_c1_16_addr_1' <Predicate = (!icmp_ln113_1)> <Delay = 0.00>
ST_10 : Operation 182 [1/1] (0.00ns)   --->   "%buffer_c1_17_addr_1 = getelementptr i8 %buffer_c1_17, i64 0, i64 %zext_ln113_5" [../cnn_hls.cpp:115]   --->   Operation 182 'getelementptr' 'buffer_c1_17_addr_1' <Predicate = (!icmp_ln113_1)> <Delay = 0.00>
ST_10 : Operation 183 [1/1] (0.00ns)   --->   "%buffer_c1_18_addr_1 = getelementptr i8 %buffer_c1_18, i64 0, i64 %zext_ln113_5" [../cnn_hls.cpp:115]   --->   Operation 183 'getelementptr' 'buffer_c1_18_addr_1' <Predicate = (!icmp_ln113_1)> <Delay = 0.00>
ST_10 : Operation 184 [1/1] (0.00ns)   --->   "%buffer_c1_19_addr_1 = getelementptr i8 %buffer_c1_19, i64 0, i64 %zext_ln113_5" [../cnn_hls.cpp:115]   --->   Operation 184 'getelementptr' 'buffer_c1_19_addr_1' <Predicate = (!icmp_ln113_1)> <Delay = 0.00>
ST_10 : Operation 185 [1/1] (0.00ns)   --->   "%buffer_c1_20_addr_1 = getelementptr i8 %buffer_c1_20, i64 0, i64 %zext_ln113_5" [../cnn_hls.cpp:115]   --->   Operation 185 'getelementptr' 'buffer_c1_20_addr_1' <Predicate = (!icmp_ln113_1)> <Delay = 0.00>
ST_10 : Operation 186 [1/1] (0.00ns)   --->   "%buffer_c1_21_addr_1 = getelementptr i8 %buffer_c1_21, i64 0, i64 %zext_ln113_5" [../cnn_hls.cpp:115]   --->   Operation 186 'getelementptr' 'buffer_c1_21_addr_1' <Predicate = (!icmp_ln113_1)> <Delay = 0.00>
ST_10 : Operation 187 [1/1] (0.00ns)   --->   "%buffer_c1_22_addr_1 = getelementptr i8 %buffer_c1_22, i64 0, i64 %zext_ln113_5" [../cnn_hls.cpp:115]   --->   Operation 187 'getelementptr' 'buffer_c1_22_addr_1' <Predicate = (!icmp_ln113_1)> <Delay = 0.00>
ST_10 : Operation 188 [1/1] (0.00ns)   --->   "%buffer_c1_23_addr_1 = getelementptr i8 %buffer_c1_23, i64 0, i64 %zext_ln113_5" [../cnn_hls.cpp:115]   --->   Operation 188 'getelementptr' 'buffer_c1_23_addr_1' <Predicate = (!icmp_ln113_1)> <Delay = 0.00>
ST_10 : Operation 189 [1/1] (0.00ns)   --->   "%buffer_c1_24_addr_1 = getelementptr i8 %buffer_c1_24, i64 0, i64 %zext_ln113_5" [../cnn_hls.cpp:115]   --->   Operation 189 'getelementptr' 'buffer_c1_24_addr_1' <Predicate = (!icmp_ln113_1)> <Delay = 0.00>
ST_10 : Operation 190 [1/1] (0.00ns)   --->   "%buffer_c1_25_addr_1 = getelementptr i8 %buffer_c1_25, i64 0, i64 %zext_ln113_5" [../cnn_hls.cpp:115]   --->   Operation 190 'getelementptr' 'buffer_c1_25_addr_1' <Predicate = (!icmp_ln113_1)> <Delay = 0.00>
ST_10 : Operation 191 [1/1] (0.00ns)   --->   "%buffer_c1_26_addr_1 = getelementptr i8 %buffer_c1_26, i64 0, i64 %zext_ln113_5" [../cnn_hls.cpp:115]   --->   Operation 191 'getelementptr' 'buffer_c1_26_addr_1' <Predicate = (!icmp_ln113_1)> <Delay = 0.00>
ST_10 : Operation 192 [1/1] (0.00ns)   --->   "%buffer_c1_27_addr_1 = getelementptr i8 %buffer_c1_27, i64 0, i64 %zext_ln113_5" [../cnn_hls.cpp:115]   --->   Operation 192 'getelementptr' 'buffer_c1_27_addr_1' <Predicate = (!icmp_ln113_1)> <Delay = 0.00>
ST_10 : Operation 193 [1/1] (0.00ns)   --->   "%buffer_c1_28_addr_1 = getelementptr i8 %buffer_c1_28, i64 0, i64 %zext_ln113_5" [../cnn_hls.cpp:115]   --->   Operation 193 'getelementptr' 'buffer_c1_28_addr_1' <Predicate = (!icmp_ln113_1)> <Delay = 0.00>
ST_10 : Operation 194 [1/1] (0.00ns)   --->   "%buffer_c1_29_addr_1 = getelementptr i8 %buffer_c1_29, i64 0, i64 %zext_ln113_5" [../cnn_hls.cpp:115]   --->   Operation 194 'getelementptr' 'buffer_c1_29_addr_1' <Predicate = (!icmp_ln113_1)> <Delay = 0.00>
ST_10 : Operation 195 [1/1] (0.00ns)   --->   "%buffer_c1_30_addr_1 = getelementptr i8 %buffer_c1_30, i64 0, i64 %zext_ln113_5" [../cnn_hls.cpp:115]   --->   Operation 195 'getelementptr' 'buffer_c1_30_addr_1' <Predicate = (!icmp_ln113_1)> <Delay = 0.00>
ST_10 : Operation 196 [1/1] (0.00ns)   --->   "%buffer_c1_31_addr_1 = getelementptr i8 %buffer_c1_31, i64 0, i64 %zext_ln113_5" [../cnn_hls.cpp:115]   --->   Operation 196 'getelementptr' 'buffer_c1_31_addr_1' <Predicate = (!icmp_ln113_1)> <Delay = 0.00>
ST_10 : Operation 197 [1/1] (0.00ns)   --->   "%buffer_c1_32_addr_1 = getelementptr i8 %buffer_c1_32, i64 0, i64 %zext_ln113_5" [../cnn_hls.cpp:115]   --->   Operation 197 'getelementptr' 'buffer_c1_32_addr_1' <Predicate = (!icmp_ln113_1)> <Delay = 0.00>
ST_10 : Operation 198 [1/1] (0.00ns)   --->   "%buffer_c1_33_addr_1 = getelementptr i8 %buffer_c1_33, i64 0, i64 %zext_ln113_5" [../cnn_hls.cpp:115]   --->   Operation 198 'getelementptr' 'buffer_c1_33_addr_1' <Predicate = (!icmp_ln113_1)> <Delay = 0.00>
ST_10 : Operation 199 [1/1] (0.00ns)   --->   "%buffer_c1_34_addr_1 = getelementptr i8 %buffer_c1_34, i64 0, i64 %zext_ln113_5" [../cnn_hls.cpp:115]   --->   Operation 199 'getelementptr' 'buffer_c1_34_addr_1' <Predicate = (!icmp_ln113_1)> <Delay = 0.00>
ST_10 : Operation 200 [1/1] (0.00ns)   --->   "%buffer_c1_35_addr_1 = getelementptr i8 %buffer_c1_35, i64 0, i64 %zext_ln113_5" [../cnn_hls.cpp:115]   --->   Operation 200 'getelementptr' 'buffer_c1_35_addr_1' <Predicate = (!icmp_ln113_1)> <Delay = 0.00>
ST_10 : Operation 201 [1/1] (0.00ns)   --->   "%buffer_c1_36_addr_1 = getelementptr i8 %buffer_c1_36, i64 0, i64 %zext_ln113_5" [../cnn_hls.cpp:115]   --->   Operation 201 'getelementptr' 'buffer_c1_36_addr_1' <Predicate = (!icmp_ln113_1)> <Delay = 0.00>
ST_10 : Operation 202 [1/1] (0.00ns)   --->   "%buffer_c1_37_addr_1 = getelementptr i8 %buffer_c1_37, i64 0, i64 %zext_ln113_5" [../cnn_hls.cpp:115]   --->   Operation 202 'getelementptr' 'buffer_c1_37_addr_1' <Predicate = (!icmp_ln113_1)> <Delay = 0.00>
ST_10 : Operation 203 [1/1] (0.00ns)   --->   "%buffer_c1_38_addr_1 = getelementptr i8 %buffer_c1_38, i64 0, i64 %zext_ln113_5" [../cnn_hls.cpp:115]   --->   Operation 203 'getelementptr' 'buffer_c1_38_addr_1' <Predicate = (!icmp_ln113_1)> <Delay = 0.00>
ST_10 : Operation 204 [1/1] (0.00ns)   --->   "%buffer_c1_39_addr_1 = getelementptr i8 %buffer_c1_39, i64 0, i64 %zext_ln113_5" [../cnn_hls.cpp:115]   --->   Operation 204 'getelementptr' 'buffer_c1_39_addr_1' <Predicate = (!icmp_ln113_1)> <Delay = 0.00>
ST_10 : Operation 205 [1/1] (0.00ns)   --->   "%buffer_c1_addr_2 = getelementptr i8 %buffer_c1, i64 0, i64 %zext_ln110_1" [../cnn_hls.cpp:115]   --->   Operation 205 'getelementptr' 'buffer_c1_addr_2' <Predicate = true> <Delay = 0.00>
ST_10 : Operation 206 [1/1] (0.00ns)   --->   "%buffer_c1_1_addr_2 = getelementptr i8 %buffer_c1_1, i64 0, i64 %zext_ln110_1" [../cnn_hls.cpp:115]   --->   Operation 206 'getelementptr' 'buffer_c1_1_addr_2' <Predicate = true> <Delay = 0.00>
ST_10 : Operation 207 [1/1] (0.00ns)   --->   "%buffer_c1_2_addr_2 = getelementptr i8 %buffer_c1_2, i64 0, i64 %zext_ln110_1" [../cnn_hls.cpp:115]   --->   Operation 207 'getelementptr' 'buffer_c1_2_addr_2' <Predicate = true> <Delay = 0.00>
ST_10 : Operation 208 [1/1] (0.00ns)   --->   "%buffer_c1_3_addr_2 = getelementptr i8 %buffer_c1_3, i64 0, i64 %zext_ln110_1" [../cnn_hls.cpp:115]   --->   Operation 208 'getelementptr' 'buffer_c1_3_addr_2' <Predicate = true> <Delay = 0.00>
ST_10 : Operation 209 [1/1] (0.00ns)   --->   "%buffer_c1_4_addr_2 = getelementptr i8 %buffer_c1_4, i64 0, i64 %zext_ln110_1" [../cnn_hls.cpp:115]   --->   Operation 209 'getelementptr' 'buffer_c1_4_addr_2' <Predicate = true> <Delay = 0.00>
ST_10 : Operation 210 [1/1] (0.00ns)   --->   "%buffer_c1_5_addr_2 = getelementptr i8 %buffer_c1_5, i64 0, i64 %zext_ln110_1" [../cnn_hls.cpp:115]   --->   Operation 210 'getelementptr' 'buffer_c1_5_addr_2' <Predicate = true> <Delay = 0.00>
ST_10 : Operation 211 [1/1] (0.00ns)   --->   "%buffer_c1_6_addr_2 = getelementptr i8 %buffer_c1_6, i64 0, i64 %zext_ln110_1" [../cnn_hls.cpp:115]   --->   Operation 211 'getelementptr' 'buffer_c1_6_addr_2' <Predicate = true> <Delay = 0.00>
ST_10 : Operation 212 [1/1] (0.00ns)   --->   "%buffer_c1_7_addr_2 = getelementptr i8 %buffer_c1_7, i64 0, i64 %zext_ln110_1" [../cnn_hls.cpp:115]   --->   Operation 212 'getelementptr' 'buffer_c1_7_addr_2' <Predicate = true> <Delay = 0.00>
ST_10 : Operation 213 [1/1] (0.00ns)   --->   "%buffer_c1_8_addr_2 = getelementptr i8 %buffer_c1_8, i64 0, i64 %zext_ln110_1" [../cnn_hls.cpp:115]   --->   Operation 213 'getelementptr' 'buffer_c1_8_addr_2' <Predicate = true> <Delay = 0.00>
ST_10 : Operation 214 [1/1] (0.00ns)   --->   "%buffer_c1_9_addr_2 = getelementptr i8 %buffer_c1_9, i64 0, i64 %zext_ln110_1" [../cnn_hls.cpp:115]   --->   Operation 214 'getelementptr' 'buffer_c1_9_addr_2' <Predicate = true> <Delay = 0.00>
ST_10 : Operation 215 [1/1] (0.00ns)   --->   "%buffer_c1_10_addr_2 = getelementptr i8 %buffer_c1_10, i64 0, i64 %zext_ln110_1" [../cnn_hls.cpp:115]   --->   Operation 215 'getelementptr' 'buffer_c1_10_addr_2' <Predicate = true> <Delay = 0.00>
ST_10 : Operation 216 [1/1] (0.00ns)   --->   "%buffer_c1_11_addr_2 = getelementptr i8 %buffer_c1_11, i64 0, i64 %zext_ln110_1" [../cnn_hls.cpp:115]   --->   Operation 216 'getelementptr' 'buffer_c1_11_addr_2' <Predicate = true> <Delay = 0.00>
ST_10 : Operation 217 [1/1] (0.00ns)   --->   "%buffer_c1_12_addr_2 = getelementptr i8 %buffer_c1_12, i64 0, i64 %zext_ln110_1" [../cnn_hls.cpp:115]   --->   Operation 217 'getelementptr' 'buffer_c1_12_addr_2' <Predicate = true> <Delay = 0.00>
ST_10 : Operation 218 [1/1] (0.00ns)   --->   "%buffer_c1_13_addr_2 = getelementptr i8 %buffer_c1_13, i64 0, i64 %zext_ln110_1" [../cnn_hls.cpp:115]   --->   Operation 218 'getelementptr' 'buffer_c1_13_addr_2' <Predicate = true> <Delay = 0.00>
ST_10 : Operation 219 [1/1] (0.00ns)   --->   "%buffer_c1_14_addr_2 = getelementptr i8 %buffer_c1_14, i64 0, i64 %zext_ln110_1" [../cnn_hls.cpp:115]   --->   Operation 219 'getelementptr' 'buffer_c1_14_addr_2' <Predicate = true> <Delay = 0.00>
ST_10 : Operation 220 [1/1] (0.00ns)   --->   "%buffer_c1_15_addr_2 = getelementptr i8 %buffer_c1_15, i64 0, i64 %zext_ln110_1" [../cnn_hls.cpp:115]   --->   Operation 220 'getelementptr' 'buffer_c1_15_addr_2' <Predicate = true> <Delay = 0.00>
ST_10 : Operation 221 [1/1] (0.00ns)   --->   "%buffer_c1_16_addr_2 = getelementptr i8 %buffer_c1_16, i64 0, i64 %zext_ln110_1" [../cnn_hls.cpp:115]   --->   Operation 221 'getelementptr' 'buffer_c1_16_addr_2' <Predicate = true> <Delay = 0.00>
ST_10 : Operation 222 [1/1] (0.00ns)   --->   "%buffer_c1_17_addr_2 = getelementptr i8 %buffer_c1_17, i64 0, i64 %zext_ln110_1" [../cnn_hls.cpp:115]   --->   Operation 222 'getelementptr' 'buffer_c1_17_addr_2' <Predicate = true> <Delay = 0.00>
ST_10 : Operation 223 [1/1] (0.00ns)   --->   "%buffer_c1_18_addr_2 = getelementptr i8 %buffer_c1_18, i64 0, i64 %zext_ln110_1" [../cnn_hls.cpp:115]   --->   Operation 223 'getelementptr' 'buffer_c1_18_addr_2' <Predicate = true> <Delay = 0.00>
ST_10 : Operation 224 [1/1] (0.00ns)   --->   "%buffer_c1_19_addr_2 = getelementptr i8 %buffer_c1_19, i64 0, i64 %zext_ln110_1" [../cnn_hls.cpp:115]   --->   Operation 224 'getelementptr' 'buffer_c1_19_addr_2' <Predicate = true> <Delay = 0.00>
ST_10 : Operation 225 [1/1] (0.00ns)   --->   "%buffer_c1_20_addr_2 = getelementptr i8 %buffer_c1_20, i64 0, i64 %zext_ln110_1" [../cnn_hls.cpp:115]   --->   Operation 225 'getelementptr' 'buffer_c1_20_addr_2' <Predicate = true> <Delay = 0.00>
ST_10 : Operation 226 [1/1] (0.00ns)   --->   "%buffer_c1_21_addr_2 = getelementptr i8 %buffer_c1_21, i64 0, i64 %zext_ln110_1" [../cnn_hls.cpp:115]   --->   Operation 226 'getelementptr' 'buffer_c1_21_addr_2' <Predicate = true> <Delay = 0.00>
ST_10 : Operation 227 [1/1] (0.00ns)   --->   "%buffer_c1_22_addr_2 = getelementptr i8 %buffer_c1_22, i64 0, i64 %zext_ln110_1" [../cnn_hls.cpp:115]   --->   Operation 227 'getelementptr' 'buffer_c1_22_addr_2' <Predicate = true> <Delay = 0.00>
ST_10 : Operation 228 [1/1] (0.00ns)   --->   "%buffer_c1_23_addr_2 = getelementptr i8 %buffer_c1_23, i64 0, i64 %zext_ln110_1" [../cnn_hls.cpp:115]   --->   Operation 228 'getelementptr' 'buffer_c1_23_addr_2' <Predicate = true> <Delay = 0.00>
ST_10 : Operation 229 [1/1] (0.00ns)   --->   "%buffer_c1_24_addr_2 = getelementptr i8 %buffer_c1_24, i64 0, i64 %zext_ln110_1" [../cnn_hls.cpp:115]   --->   Operation 229 'getelementptr' 'buffer_c1_24_addr_2' <Predicate = true> <Delay = 0.00>
ST_10 : Operation 230 [1/1] (0.00ns)   --->   "%buffer_c1_25_addr_2 = getelementptr i8 %buffer_c1_25, i64 0, i64 %zext_ln110_1" [../cnn_hls.cpp:115]   --->   Operation 230 'getelementptr' 'buffer_c1_25_addr_2' <Predicate = true> <Delay = 0.00>
ST_10 : Operation 231 [1/1] (0.00ns)   --->   "%buffer_c1_26_addr_2 = getelementptr i8 %buffer_c1_26, i64 0, i64 %zext_ln110_1" [../cnn_hls.cpp:115]   --->   Operation 231 'getelementptr' 'buffer_c1_26_addr_2' <Predicate = true> <Delay = 0.00>
ST_10 : Operation 232 [1/1] (0.00ns)   --->   "%buffer_c1_27_addr_2 = getelementptr i8 %buffer_c1_27, i64 0, i64 %zext_ln110_1" [../cnn_hls.cpp:115]   --->   Operation 232 'getelementptr' 'buffer_c1_27_addr_2' <Predicate = true> <Delay = 0.00>
ST_10 : Operation 233 [1/1] (0.00ns)   --->   "%buffer_c1_28_addr_2 = getelementptr i8 %buffer_c1_28, i64 0, i64 %zext_ln110_1" [../cnn_hls.cpp:115]   --->   Operation 233 'getelementptr' 'buffer_c1_28_addr_2' <Predicate = true> <Delay = 0.00>
ST_10 : Operation 234 [1/1] (0.00ns)   --->   "%buffer_c1_29_addr_2 = getelementptr i8 %buffer_c1_29, i64 0, i64 %zext_ln110_1" [../cnn_hls.cpp:115]   --->   Operation 234 'getelementptr' 'buffer_c1_29_addr_2' <Predicate = true> <Delay = 0.00>
ST_10 : Operation 235 [1/1] (0.00ns)   --->   "%buffer_c1_30_addr_2 = getelementptr i8 %buffer_c1_30, i64 0, i64 %zext_ln110_1" [../cnn_hls.cpp:115]   --->   Operation 235 'getelementptr' 'buffer_c1_30_addr_2' <Predicate = true> <Delay = 0.00>
ST_10 : Operation 236 [1/1] (0.00ns)   --->   "%buffer_c1_31_addr_2 = getelementptr i8 %buffer_c1_31, i64 0, i64 %zext_ln110_1" [../cnn_hls.cpp:115]   --->   Operation 236 'getelementptr' 'buffer_c1_31_addr_2' <Predicate = true> <Delay = 0.00>
ST_10 : Operation 237 [1/1] (0.00ns)   --->   "%buffer_c1_32_addr_2 = getelementptr i8 %buffer_c1_32, i64 0, i64 %zext_ln110_1" [../cnn_hls.cpp:115]   --->   Operation 237 'getelementptr' 'buffer_c1_32_addr_2' <Predicate = true> <Delay = 0.00>
ST_10 : Operation 238 [1/1] (0.00ns)   --->   "%buffer_c1_33_addr_2 = getelementptr i8 %buffer_c1_33, i64 0, i64 %zext_ln110_1" [../cnn_hls.cpp:115]   --->   Operation 238 'getelementptr' 'buffer_c1_33_addr_2' <Predicate = true> <Delay = 0.00>
ST_10 : Operation 239 [1/1] (0.00ns)   --->   "%buffer_c1_34_addr_2 = getelementptr i8 %buffer_c1_34, i64 0, i64 %zext_ln110_1" [../cnn_hls.cpp:115]   --->   Operation 239 'getelementptr' 'buffer_c1_34_addr_2' <Predicate = true> <Delay = 0.00>
ST_10 : Operation 240 [1/1] (0.00ns)   --->   "%buffer_c1_35_addr_2 = getelementptr i8 %buffer_c1_35, i64 0, i64 %zext_ln110_1" [../cnn_hls.cpp:115]   --->   Operation 240 'getelementptr' 'buffer_c1_35_addr_2' <Predicate = true> <Delay = 0.00>
ST_10 : Operation 241 [1/1] (0.00ns)   --->   "%buffer_c1_36_addr_2 = getelementptr i8 %buffer_c1_36, i64 0, i64 %zext_ln110_1" [../cnn_hls.cpp:115]   --->   Operation 241 'getelementptr' 'buffer_c1_36_addr_2' <Predicate = true> <Delay = 0.00>
ST_10 : Operation 242 [1/1] (0.00ns)   --->   "%buffer_c1_37_addr_2 = getelementptr i8 %buffer_c1_37, i64 0, i64 %zext_ln110_1" [../cnn_hls.cpp:115]   --->   Operation 242 'getelementptr' 'buffer_c1_37_addr_2' <Predicate = true> <Delay = 0.00>
ST_10 : Operation 243 [1/1] (0.00ns)   --->   "%buffer_c1_38_addr_2 = getelementptr i8 %buffer_c1_38, i64 0, i64 %zext_ln110_1" [../cnn_hls.cpp:115]   --->   Operation 243 'getelementptr' 'buffer_c1_38_addr_2' <Predicate = true> <Delay = 0.00>
ST_10 : Operation 244 [1/1] (0.00ns)   --->   "%buffer_c1_39_addr_2 = getelementptr i8 %buffer_c1_39, i64 0, i64 %zext_ln110_1" [../cnn_hls.cpp:115]   --->   Operation 244 'getelementptr' 'buffer_c1_39_addr_2' <Predicate = true> <Delay = 0.00>
ST_10 : Operation 245 [1/1] (0.00ns)   --->   "%zext_ln113 = zext i4 %tmp_32" [../cnn_hls.cpp:113]   --->   Operation 245 'zext' 'zext_ln113' <Predicate = true> <Delay = 0.00>
ST_10 : Operation 246 [1/1] (0.00ns)   --->   "%buffer_c1_addr_3 = getelementptr i8 %buffer_c1, i64 0, i64 %zext_ln113" [../cnn_hls.cpp:115]   --->   Operation 246 'getelementptr' 'buffer_c1_addr_3' <Predicate = (!icmp_ln113_2)> <Delay = 0.00>
ST_10 : Operation 247 [1/1] (0.00ns)   --->   "%buffer_c1_1_addr_3 = getelementptr i8 %buffer_c1_1, i64 0, i64 %zext_ln113" [../cnn_hls.cpp:115]   --->   Operation 247 'getelementptr' 'buffer_c1_1_addr_3' <Predicate = (!icmp_ln113_2)> <Delay = 0.00>
ST_10 : Operation 248 [1/1] (0.00ns)   --->   "%buffer_c1_2_addr_3 = getelementptr i8 %buffer_c1_2, i64 0, i64 %zext_ln113" [../cnn_hls.cpp:115]   --->   Operation 248 'getelementptr' 'buffer_c1_2_addr_3' <Predicate = (!icmp_ln113_2)> <Delay = 0.00>
ST_10 : Operation 249 [1/1] (0.00ns)   --->   "%buffer_c1_3_addr_3 = getelementptr i8 %buffer_c1_3, i64 0, i64 %zext_ln113" [../cnn_hls.cpp:115]   --->   Operation 249 'getelementptr' 'buffer_c1_3_addr_3' <Predicate = (!icmp_ln113_2)> <Delay = 0.00>
ST_10 : Operation 250 [1/1] (0.00ns)   --->   "%buffer_c1_4_addr_3 = getelementptr i8 %buffer_c1_4, i64 0, i64 %zext_ln113" [../cnn_hls.cpp:115]   --->   Operation 250 'getelementptr' 'buffer_c1_4_addr_3' <Predicate = (!icmp_ln113_2)> <Delay = 0.00>
ST_10 : Operation 251 [1/1] (0.00ns)   --->   "%buffer_c1_5_addr_3 = getelementptr i8 %buffer_c1_5, i64 0, i64 %zext_ln113" [../cnn_hls.cpp:115]   --->   Operation 251 'getelementptr' 'buffer_c1_5_addr_3' <Predicate = (!icmp_ln113_2)> <Delay = 0.00>
ST_10 : Operation 252 [1/1] (0.00ns)   --->   "%buffer_c1_6_addr_3 = getelementptr i8 %buffer_c1_6, i64 0, i64 %zext_ln113" [../cnn_hls.cpp:115]   --->   Operation 252 'getelementptr' 'buffer_c1_6_addr_3' <Predicate = (!icmp_ln113_2)> <Delay = 0.00>
ST_10 : Operation 253 [1/1] (0.00ns)   --->   "%buffer_c1_7_addr_3 = getelementptr i8 %buffer_c1_7, i64 0, i64 %zext_ln113" [../cnn_hls.cpp:115]   --->   Operation 253 'getelementptr' 'buffer_c1_7_addr_3' <Predicate = (!icmp_ln113_2)> <Delay = 0.00>
ST_10 : Operation 254 [1/1] (0.00ns)   --->   "%buffer_c1_8_addr_3 = getelementptr i8 %buffer_c1_8, i64 0, i64 %zext_ln113" [../cnn_hls.cpp:115]   --->   Operation 254 'getelementptr' 'buffer_c1_8_addr_3' <Predicate = (!icmp_ln113_2)> <Delay = 0.00>
ST_10 : Operation 255 [1/1] (0.00ns)   --->   "%buffer_c1_9_addr_3 = getelementptr i8 %buffer_c1_9, i64 0, i64 %zext_ln113" [../cnn_hls.cpp:115]   --->   Operation 255 'getelementptr' 'buffer_c1_9_addr_3' <Predicate = (!icmp_ln113_2)> <Delay = 0.00>
ST_10 : Operation 256 [1/1] (0.00ns)   --->   "%buffer_c1_10_addr_3 = getelementptr i8 %buffer_c1_10, i64 0, i64 %zext_ln113" [../cnn_hls.cpp:115]   --->   Operation 256 'getelementptr' 'buffer_c1_10_addr_3' <Predicate = (!icmp_ln113_2)> <Delay = 0.00>
ST_10 : Operation 257 [1/1] (0.00ns)   --->   "%buffer_c1_11_addr_3 = getelementptr i8 %buffer_c1_11, i64 0, i64 %zext_ln113" [../cnn_hls.cpp:115]   --->   Operation 257 'getelementptr' 'buffer_c1_11_addr_3' <Predicate = (!icmp_ln113_2)> <Delay = 0.00>
ST_10 : Operation 258 [1/1] (0.00ns)   --->   "%buffer_c1_12_addr_3 = getelementptr i8 %buffer_c1_12, i64 0, i64 %zext_ln113" [../cnn_hls.cpp:115]   --->   Operation 258 'getelementptr' 'buffer_c1_12_addr_3' <Predicate = (!icmp_ln113_2)> <Delay = 0.00>
ST_10 : Operation 259 [1/1] (0.00ns)   --->   "%buffer_c1_13_addr_3 = getelementptr i8 %buffer_c1_13, i64 0, i64 %zext_ln113" [../cnn_hls.cpp:115]   --->   Operation 259 'getelementptr' 'buffer_c1_13_addr_3' <Predicate = (!icmp_ln113_2)> <Delay = 0.00>
ST_10 : Operation 260 [1/1] (0.00ns)   --->   "%buffer_c1_14_addr_3 = getelementptr i8 %buffer_c1_14, i64 0, i64 %zext_ln113" [../cnn_hls.cpp:115]   --->   Operation 260 'getelementptr' 'buffer_c1_14_addr_3' <Predicate = (!icmp_ln113_2)> <Delay = 0.00>
ST_10 : Operation 261 [1/1] (0.00ns)   --->   "%buffer_c1_15_addr_3 = getelementptr i8 %buffer_c1_15, i64 0, i64 %zext_ln113" [../cnn_hls.cpp:115]   --->   Operation 261 'getelementptr' 'buffer_c1_15_addr_3' <Predicate = (!icmp_ln113_2)> <Delay = 0.00>
ST_10 : Operation 262 [1/1] (0.00ns)   --->   "%buffer_c1_16_addr_3 = getelementptr i8 %buffer_c1_16, i64 0, i64 %zext_ln113" [../cnn_hls.cpp:115]   --->   Operation 262 'getelementptr' 'buffer_c1_16_addr_3' <Predicate = (!icmp_ln113_2)> <Delay = 0.00>
ST_10 : Operation 263 [1/1] (0.00ns)   --->   "%buffer_c1_17_addr_3 = getelementptr i8 %buffer_c1_17, i64 0, i64 %zext_ln113" [../cnn_hls.cpp:115]   --->   Operation 263 'getelementptr' 'buffer_c1_17_addr_3' <Predicate = (!icmp_ln113_2)> <Delay = 0.00>
ST_10 : Operation 264 [1/1] (0.00ns)   --->   "%buffer_c1_18_addr_3 = getelementptr i8 %buffer_c1_18, i64 0, i64 %zext_ln113" [../cnn_hls.cpp:115]   --->   Operation 264 'getelementptr' 'buffer_c1_18_addr_3' <Predicate = (!icmp_ln113_2)> <Delay = 0.00>
ST_10 : Operation 265 [1/1] (0.00ns)   --->   "%buffer_c1_19_addr_3 = getelementptr i8 %buffer_c1_19, i64 0, i64 %zext_ln113" [../cnn_hls.cpp:115]   --->   Operation 265 'getelementptr' 'buffer_c1_19_addr_3' <Predicate = (!icmp_ln113_2)> <Delay = 0.00>
ST_10 : Operation 266 [1/1] (0.00ns)   --->   "%buffer_c1_20_addr_3 = getelementptr i8 %buffer_c1_20, i64 0, i64 %zext_ln113" [../cnn_hls.cpp:115]   --->   Operation 266 'getelementptr' 'buffer_c1_20_addr_3' <Predicate = (!icmp_ln113_2)> <Delay = 0.00>
ST_10 : Operation 267 [1/1] (0.00ns)   --->   "%buffer_c1_21_addr_3 = getelementptr i8 %buffer_c1_21, i64 0, i64 %zext_ln113" [../cnn_hls.cpp:115]   --->   Operation 267 'getelementptr' 'buffer_c1_21_addr_3' <Predicate = (!icmp_ln113_2)> <Delay = 0.00>
ST_10 : Operation 268 [1/1] (0.00ns)   --->   "%buffer_c1_22_addr_3 = getelementptr i8 %buffer_c1_22, i64 0, i64 %zext_ln113" [../cnn_hls.cpp:115]   --->   Operation 268 'getelementptr' 'buffer_c1_22_addr_3' <Predicate = (!icmp_ln113_2)> <Delay = 0.00>
ST_10 : Operation 269 [1/1] (0.00ns)   --->   "%buffer_c1_23_addr_3 = getelementptr i8 %buffer_c1_23, i64 0, i64 %zext_ln113" [../cnn_hls.cpp:115]   --->   Operation 269 'getelementptr' 'buffer_c1_23_addr_3' <Predicate = (!icmp_ln113_2)> <Delay = 0.00>
ST_10 : Operation 270 [1/1] (0.00ns)   --->   "%buffer_c1_24_addr_3 = getelementptr i8 %buffer_c1_24, i64 0, i64 %zext_ln113" [../cnn_hls.cpp:115]   --->   Operation 270 'getelementptr' 'buffer_c1_24_addr_3' <Predicate = (!icmp_ln113_2)> <Delay = 0.00>
ST_10 : Operation 271 [1/1] (0.00ns)   --->   "%buffer_c1_25_addr_3 = getelementptr i8 %buffer_c1_25, i64 0, i64 %zext_ln113" [../cnn_hls.cpp:115]   --->   Operation 271 'getelementptr' 'buffer_c1_25_addr_3' <Predicate = (!icmp_ln113_2)> <Delay = 0.00>
ST_10 : Operation 272 [1/1] (0.00ns)   --->   "%buffer_c1_26_addr_3 = getelementptr i8 %buffer_c1_26, i64 0, i64 %zext_ln113" [../cnn_hls.cpp:115]   --->   Operation 272 'getelementptr' 'buffer_c1_26_addr_3' <Predicate = (!icmp_ln113_2)> <Delay = 0.00>
ST_10 : Operation 273 [1/1] (0.00ns)   --->   "%buffer_c1_27_addr_3 = getelementptr i8 %buffer_c1_27, i64 0, i64 %zext_ln113" [../cnn_hls.cpp:115]   --->   Operation 273 'getelementptr' 'buffer_c1_27_addr_3' <Predicate = (!icmp_ln113_2)> <Delay = 0.00>
ST_10 : Operation 274 [1/1] (0.00ns)   --->   "%buffer_c1_28_addr_3 = getelementptr i8 %buffer_c1_28, i64 0, i64 %zext_ln113" [../cnn_hls.cpp:115]   --->   Operation 274 'getelementptr' 'buffer_c1_28_addr_3' <Predicate = (!icmp_ln113_2)> <Delay = 0.00>
ST_10 : Operation 275 [1/1] (0.00ns)   --->   "%buffer_c1_29_addr_3 = getelementptr i8 %buffer_c1_29, i64 0, i64 %zext_ln113" [../cnn_hls.cpp:115]   --->   Operation 275 'getelementptr' 'buffer_c1_29_addr_3' <Predicate = (!icmp_ln113_2)> <Delay = 0.00>
ST_10 : Operation 276 [1/1] (0.00ns)   --->   "%buffer_c1_30_addr_3 = getelementptr i8 %buffer_c1_30, i64 0, i64 %zext_ln113" [../cnn_hls.cpp:115]   --->   Operation 276 'getelementptr' 'buffer_c1_30_addr_3' <Predicate = (!icmp_ln113_2)> <Delay = 0.00>
ST_10 : Operation 277 [1/1] (0.00ns)   --->   "%buffer_c1_31_addr_3 = getelementptr i8 %buffer_c1_31, i64 0, i64 %zext_ln113" [../cnn_hls.cpp:115]   --->   Operation 277 'getelementptr' 'buffer_c1_31_addr_3' <Predicate = (!icmp_ln113_2)> <Delay = 0.00>
ST_10 : Operation 278 [1/1] (0.00ns)   --->   "%buffer_c1_32_addr_3 = getelementptr i8 %buffer_c1_32, i64 0, i64 %zext_ln113" [../cnn_hls.cpp:115]   --->   Operation 278 'getelementptr' 'buffer_c1_32_addr_3' <Predicate = (!icmp_ln113_2)> <Delay = 0.00>
ST_10 : Operation 279 [1/1] (0.00ns)   --->   "%buffer_c1_33_addr_3 = getelementptr i8 %buffer_c1_33, i64 0, i64 %zext_ln113" [../cnn_hls.cpp:115]   --->   Operation 279 'getelementptr' 'buffer_c1_33_addr_3' <Predicate = (!icmp_ln113_2)> <Delay = 0.00>
ST_10 : Operation 280 [1/1] (0.00ns)   --->   "%buffer_c1_34_addr_3 = getelementptr i8 %buffer_c1_34, i64 0, i64 %zext_ln113" [../cnn_hls.cpp:115]   --->   Operation 280 'getelementptr' 'buffer_c1_34_addr_3' <Predicate = (!icmp_ln113_2)> <Delay = 0.00>
ST_10 : Operation 281 [1/1] (0.00ns)   --->   "%zext_ln113_1 = zext i4 %tmp_33" [../cnn_hls.cpp:113]   --->   Operation 281 'zext' 'zext_ln113_1' <Predicate = true> <Delay = 0.00>
ST_10 : Operation 282 [1/1] (0.00ns)   --->   "%buffer_c1_35_addr_3 = getelementptr i8 %buffer_c1_35, i64 0, i64 %zext_ln113" [../cnn_hls.cpp:115]   --->   Operation 282 'getelementptr' 'buffer_c1_35_addr_3' <Predicate = (!icmp_ln113_2)> <Delay = 0.00>
ST_10 : Operation 283 [1/1] (0.00ns)   --->   "%buffer_c1_36_addr_3 = getelementptr i8 %buffer_c1_36, i64 0, i64 %zext_ln113" [../cnn_hls.cpp:115]   --->   Operation 283 'getelementptr' 'buffer_c1_36_addr_3' <Predicate = (!icmp_ln113_2)> <Delay = 0.00>
ST_10 : Operation 284 [1/1] (0.00ns)   --->   "%buffer_c1_37_addr_3 = getelementptr i8 %buffer_c1_37, i64 0, i64 %zext_ln113" [../cnn_hls.cpp:115]   --->   Operation 284 'getelementptr' 'buffer_c1_37_addr_3' <Predicate = (!icmp_ln113_2)> <Delay = 0.00>
ST_10 : Operation 285 [1/1] (0.00ns)   --->   "%buffer_c1_38_addr_3 = getelementptr i8 %buffer_c1_38, i64 0, i64 %zext_ln113" [../cnn_hls.cpp:115]   --->   Operation 285 'getelementptr' 'buffer_c1_38_addr_3' <Predicate = (!icmp_ln113_2)> <Delay = 0.00>
ST_10 : Operation 286 [1/1] (0.00ns)   --->   "%buffer_c1_39_addr_3 = getelementptr i8 %buffer_c1_39, i64 0, i64 %zext_ln113" [../cnn_hls.cpp:115]   --->   Operation 286 'getelementptr' 'buffer_c1_39_addr_3' <Predicate = (!icmp_ln113_2)> <Delay = 0.00>
ST_10 : Operation 287 [1/1] (0.00ns)   --->   "%buffer_c1_addr_4 = getelementptr i8 %buffer_c1, i64 0, i64 %zext_ln113_1" [../cnn_hls.cpp:115]   --->   Operation 287 'getelementptr' 'buffer_c1_addr_4' <Predicate = (!icmp_ln113_3)> <Delay = 0.00>
ST_10 : Operation 288 [1/1] (0.00ns)   --->   "%buffer_c1_1_addr_4 = getelementptr i8 %buffer_c1_1, i64 0, i64 %zext_ln113_1" [../cnn_hls.cpp:115]   --->   Operation 288 'getelementptr' 'buffer_c1_1_addr_4' <Predicate = (!icmp_ln113_3)> <Delay = 0.00>
ST_10 : Operation 289 [1/1] (0.00ns)   --->   "%buffer_c1_2_addr_4 = getelementptr i8 %buffer_c1_2, i64 0, i64 %zext_ln113_1" [../cnn_hls.cpp:115]   --->   Operation 289 'getelementptr' 'buffer_c1_2_addr_4' <Predicate = (!icmp_ln113_3)> <Delay = 0.00>
ST_10 : Operation 290 [1/1] (0.00ns)   --->   "%buffer_c1_3_addr_4 = getelementptr i8 %buffer_c1_3, i64 0, i64 %zext_ln113_1" [../cnn_hls.cpp:115]   --->   Operation 290 'getelementptr' 'buffer_c1_3_addr_4' <Predicate = (!icmp_ln113_3)> <Delay = 0.00>
ST_10 : Operation 291 [1/1] (0.00ns)   --->   "%buffer_c1_4_addr_4 = getelementptr i8 %buffer_c1_4, i64 0, i64 %zext_ln113_1" [../cnn_hls.cpp:115]   --->   Operation 291 'getelementptr' 'buffer_c1_4_addr_4' <Predicate = (!icmp_ln113_3)> <Delay = 0.00>
ST_10 : Operation 292 [1/1] (0.00ns)   --->   "%buffer_c1_5_addr_4 = getelementptr i8 %buffer_c1_5, i64 0, i64 %zext_ln113_1" [../cnn_hls.cpp:115]   --->   Operation 292 'getelementptr' 'buffer_c1_5_addr_4' <Predicate = (!icmp_ln113_3)> <Delay = 0.00>
ST_10 : Operation 293 [1/1] (0.00ns)   --->   "%buffer_c1_6_addr_4 = getelementptr i8 %buffer_c1_6, i64 0, i64 %zext_ln113_1" [../cnn_hls.cpp:115]   --->   Operation 293 'getelementptr' 'buffer_c1_6_addr_4' <Predicate = (!icmp_ln113_3)> <Delay = 0.00>
ST_10 : Operation 294 [1/1] (0.00ns)   --->   "%buffer_c1_7_addr_4 = getelementptr i8 %buffer_c1_7, i64 0, i64 %zext_ln113_1" [../cnn_hls.cpp:115]   --->   Operation 294 'getelementptr' 'buffer_c1_7_addr_4' <Predicate = (!icmp_ln113_3)> <Delay = 0.00>
ST_10 : Operation 295 [1/1] (0.00ns)   --->   "%buffer_c1_8_addr_4 = getelementptr i8 %buffer_c1_8, i64 0, i64 %zext_ln113_1" [../cnn_hls.cpp:115]   --->   Operation 295 'getelementptr' 'buffer_c1_8_addr_4' <Predicate = (!icmp_ln113_3)> <Delay = 0.00>
ST_10 : Operation 296 [1/1] (0.00ns)   --->   "%buffer_c1_9_addr_4 = getelementptr i8 %buffer_c1_9, i64 0, i64 %zext_ln113_1" [../cnn_hls.cpp:115]   --->   Operation 296 'getelementptr' 'buffer_c1_9_addr_4' <Predicate = (!icmp_ln113_3)> <Delay = 0.00>
ST_10 : Operation 297 [1/1] (0.00ns)   --->   "%buffer_c1_10_addr_4 = getelementptr i8 %buffer_c1_10, i64 0, i64 %zext_ln113_1" [../cnn_hls.cpp:115]   --->   Operation 297 'getelementptr' 'buffer_c1_10_addr_4' <Predicate = (!icmp_ln113_3)> <Delay = 0.00>
ST_10 : Operation 298 [1/1] (0.00ns)   --->   "%buffer_c1_11_addr_4 = getelementptr i8 %buffer_c1_11, i64 0, i64 %zext_ln113_1" [../cnn_hls.cpp:115]   --->   Operation 298 'getelementptr' 'buffer_c1_11_addr_4' <Predicate = (!icmp_ln113_3)> <Delay = 0.00>
ST_10 : Operation 299 [1/1] (0.00ns)   --->   "%buffer_c1_12_addr_4 = getelementptr i8 %buffer_c1_12, i64 0, i64 %zext_ln113_1" [../cnn_hls.cpp:115]   --->   Operation 299 'getelementptr' 'buffer_c1_12_addr_4' <Predicate = (!icmp_ln113_3)> <Delay = 0.00>
ST_10 : Operation 300 [1/1] (0.00ns)   --->   "%buffer_c1_13_addr_4 = getelementptr i8 %buffer_c1_13, i64 0, i64 %zext_ln113_1" [../cnn_hls.cpp:115]   --->   Operation 300 'getelementptr' 'buffer_c1_13_addr_4' <Predicate = (!icmp_ln113_3)> <Delay = 0.00>
ST_10 : Operation 301 [1/1] (0.00ns)   --->   "%buffer_c1_14_addr_4 = getelementptr i8 %buffer_c1_14, i64 0, i64 %zext_ln113_1" [../cnn_hls.cpp:115]   --->   Operation 301 'getelementptr' 'buffer_c1_14_addr_4' <Predicate = (!icmp_ln113_3)> <Delay = 0.00>
ST_10 : Operation 302 [1/1] (0.00ns)   --->   "%buffer_c1_15_addr_4 = getelementptr i8 %buffer_c1_15, i64 0, i64 %zext_ln113_1" [../cnn_hls.cpp:115]   --->   Operation 302 'getelementptr' 'buffer_c1_15_addr_4' <Predicate = (!icmp_ln113_3)> <Delay = 0.00>
ST_10 : Operation 303 [1/1] (0.00ns)   --->   "%buffer_c1_16_addr_4 = getelementptr i8 %buffer_c1_16, i64 0, i64 %zext_ln113_1" [../cnn_hls.cpp:115]   --->   Operation 303 'getelementptr' 'buffer_c1_16_addr_4' <Predicate = (!icmp_ln113_3)> <Delay = 0.00>
ST_10 : Operation 304 [1/1] (0.00ns)   --->   "%buffer_c1_17_addr_4 = getelementptr i8 %buffer_c1_17, i64 0, i64 %zext_ln113_1" [../cnn_hls.cpp:115]   --->   Operation 304 'getelementptr' 'buffer_c1_17_addr_4' <Predicate = (!icmp_ln113_3)> <Delay = 0.00>
ST_10 : Operation 305 [1/1] (0.00ns)   --->   "%buffer_c1_18_addr_4 = getelementptr i8 %buffer_c1_18, i64 0, i64 %zext_ln113_1" [../cnn_hls.cpp:115]   --->   Operation 305 'getelementptr' 'buffer_c1_18_addr_4' <Predicate = (!icmp_ln113_3)> <Delay = 0.00>
ST_10 : Operation 306 [1/1] (0.00ns)   --->   "%buffer_c1_19_addr_4 = getelementptr i8 %buffer_c1_19, i64 0, i64 %zext_ln113_1" [../cnn_hls.cpp:115]   --->   Operation 306 'getelementptr' 'buffer_c1_19_addr_4' <Predicate = (!icmp_ln113_3)> <Delay = 0.00>
ST_10 : Operation 307 [1/1] (0.00ns)   --->   "%buffer_c1_20_addr_4 = getelementptr i8 %buffer_c1_20, i64 0, i64 %zext_ln113_1" [../cnn_hls.cpp:115]   --->   Operation 307 'getelementptr' 'buffer_c1_20_addr_4' <Predicate = (!icmp_ln113_3)> <Delay = 0.00>
ST_10 : Operation 308 [1/1] (0.00ns)   --->   "%buffer_c1_21_addr_4 = getelementptr i8 %buffer_c1_21, i64 0, i64 %zext_ln113_1" [../cnn_hls.cpp:115]   --->   Operation 308 'getelementptr' 'buffer_c1_21_addr_4' <Predicate = (!icmp_ln113_3)> <Delay = 0.00>
ST_10 : Operation 309 [1/1] (0.00ns)   --->   "%buffer_c1_22_addr_4 = getelementptr i8 %buffer_c1_22, i64 0, i64 %zext_ln113_1" [../cnn_hls.cpp:115]   --->   Operation 309 'getelementptr' 'buffer_c1_22_addr_4' <Predicate = (!icmp_ln113_3)> <Delay = 0.00>
ST_10 : Operation 310 [1/1] (0.00ns)   --->   "%buffer_c1_23_addr_4 = getelementptr i8 %buffer_c1_23, i64 0, i64 %zext_ln113_1" [../cnn_hls.cpp:115]   --->   Operation 310 'getelementptr' 'buffer_c1_23_addr_4' <Predicate = (!icmp_ln113_3)> <Delay = 0.00>
ST_10 : Operation 311 [1/1] (0.00ns)   --->   "%buffer_c1_24_addr_4 = getelementptr i8 %buffer_c1_24, i64 0, i64 %zext_ln113_1" [../cnn_hls.cpp:115]   --->   Operation 311 'getelementptr' 'buffer_c1_24_addr_4' <Predicate = (!icmp_ln113_3)> <Delay = 0.00>
ST_10 : Operation 312 [1/1] (0.00ns)   --->   "%buffer_c1_25_addr_4 = getelementptr i8 %buffer_c1_25, i64 0, i64 %zext_ln113_1" [../cnn_hls.cpp:115]   --->   Operation 312 'getelementptr' 'buffer_c1_25_addr_4' <Predicate = (!icmp_ln113_3)> <Delay = 0.00>
ST_10 : Operation 313 [1/1] (0.00ns)   --->   "%buffer_c1_26_addr_4 = getelementptr i8 %buffer_c1_26, i64 0, i64 %zext_ln113_1" [../cnn_hls.cpp:115]   --->   Operation 313 'getelementptr' 'buffer_c1_26_addr_4' <Predicate = (!icmp_ln113_3)> <Delay = 0.00>
ST_10 : Operation 314 [1/1] (0.00ns)   --->   "%buffer_c1_27_addr_4 = getelementptr i8 %buffer_c1_27, i64 0, i64 %zext_ln113_1" [../cnn_hls.cpp:115]   --->   Operation 314 'getelementptr' 'buffer_c1_27_addr_4' <Predicate = (!icmp_ln113_3)> <Delay = 0.00>
ST_10 : Operation 315 [1/1] (0.00ns)   --->   "%buffer_c1_28_addr_4 = getelementptr i8 %buffer_c1_28, i64 0, i64 %zext_ln113_1" [../cnn_hls.cpp:115]   --->   Operation 315 'getelementptr' 'buffer_c1_28_addr_4' <Predicate = (!icmp_ln113_3)> <Delay = 0.00>
ST_10 : Operation 316 [1/1] (0.00ns)   --->   "%buffer_c1_29_addr_4 = getelementptr i8 %buffer_c1_29, i64 0, i64 %zext_ln113_1" [../cnn_hls.cpp:115]   --->   Operation 316 'getelementptr' 'buffer_c1_29_addr_4' <Predicate = (!icmp_ln113_3)> <Delay = 0.00>
ST_10 : Operation 317 [1/1] (0.00ns)   --->   "%buffer_c1_30_addr_4 = getelementptr i8 %buffer_c1_30, i64 0, i64 %zext_ln113_1" [../cnn_hls.cpp:115]   --->   Operation 317 'getelementptr' 'buffer_c1_30_addr_4' <Predicate = (!icmp_ln113_3)> <Delay = 0.00>
ST_10 : Operation 318 [1/1] (0.00ns)   --->   "%buffer_c1_31_addr_4 = getelementptr i8 %buffer_c1_31, i64 0, i64 %zext_ln113_1" [../cnn_hls.cpp:115]   --->   Operation 318 'getelementptr' 'buffer_c1_31_addr_4' <Predicate = (!icmp_ln113_3)> <Delay = 0.00>
ST_10 : Operation 319 [1/1] (0.00ns)   --->   "%buffer_c1_32_addr_4 = getelementptr i8 %buffer_c1_32, i64 0, i64 %zext_ln113_1" [../cnn_hls.cpp:115]   --->   Operation 319 'getelementptr' 'buffer_c1_32_addr_4' <Predicate = (!icmp_ln113_3)> <Delay = 0.00>
ST_10 : Operation 320 [1/1] (0.00ns)   --->   "%buffer_c1_33_addr_4 = getelementptr i8 %buffer_c1_33, i64 0, i64 %zext_ln113_1" [../cnn_hls.cpp:115]   --->   Operation 320 'getelementptr' 'buffer_c1_33_addr_4' <Predicate = (!icmp_ln113_3)> <Delay = 0.00>
ST_10 : Operation 321 [1/1] (0.00ns)   --->   "%buffer_c1_34_addr_4 = getelementptr i8 %buffer_c1_34, i64 0, i64 %zext_ln113_1" [../cnn_hls.cpp:115]   --->   Operation 321 'getelementptr' 'buffer_c1_34_addr_4' <Predicate = (!icmp_ln113_3)> <Delay = 0.00>
ST_10 : Operation 322 [1/1] (0.00ns)   --->   "%buffer_c1_35_addr_4 = getelementptr i8 %buffer_c1_35, i64 0, i64 %zext_ln113_1" [../cnn_hls.cpp:115]   --->   Operation 322 'getelementptr' 'buffer_c1_35_addr_4' <Predicate = (!icmp_ln113_3)> <Delay = 0.00>
ST_10 : Operation 323 [1/1] (0.00ns)   --->   "%buffer_c1_36_addr_4 = getelementptr i8 %buffer_c1_36, i64 0, i64 %zext_ln113_1" [../cnn_hls.cpp:115]   --->   Operation 323 'getelementptr' 'buffer_c1_36_addr_4' <Predicate = (!icmp_ln113_3)> <Delay = 0.00>
ST_10 : Operation 324 [1/1] (0.00ns)   --->   "%buffer_c1_37_addr_4 = getelementptr i8 %buffer_c1_37, i64 0, i64 %zext_ln113_1" [../cnn_hls.cpp:115]   --->   Operation 324 'getelementptr' 'buffer_c1_37_addr_4' <Predicate = (!icmp_ln113_3)> <Delay = 0.00>
ST_10 : Operation 325 [1/1] (0.00ns)   --->   "%buffer_c1_38_addr_4 = getelementptr i8 %buffer_c1_38, i64 0, i64 %zext_ln113_1" [../cnn_hls.cpp:115]   --->   Operation 325 'getelementptr' 'buffer_c1_38_addr_4' <Predicate = (!icmp_ln113_3)> <Delay = 0.00>
ST_10 : Operation 326 [1/1] (0.00ns)   --->   "%buffer_c1_39_addr_4 = getelementptr i8 %buffer_c1_39, i64 0, i64 %zext_ln113_1" [../cnn_hls.cpp:115]   --->   Operation 326 'getelementptr' 'buffer_c1_39_addr_4' <Predicate = (!icmp_ln113_3)> <Delay = 0.00>
ST_10 : Operation 327 [2/2] (2.32ns)   --->   "%buffer_c1_load = load i4 %buffer_c1_addr_2" [../cnn_hls.cpp:115]   --->   Operation 327 'load' 'buffer_c1_load' <Predicate = (trunc_ln110 == 0)> <Delay = 2.32> <CoreInst = "RAM">   --->   Core 81 'RAM' <Latency = 1> <II = 1> <Delay = 2.32> <Storage> <Opcode : 'load' 'store'> <Ports = 2> <Width = 8> <Depth = 9> <RAM>
ST_10 : Operation 328 [2/2] (2.32ns)   --->   "%buffer_c1_1_load = load i4 %buffer_c1_1_addr_2" [../cnn_hls.cpp:115]   --->   Operation 328 'load' 'buffer_c1_1_load' <Predicate = (trunc_ln110 == 3)> <Delay = 2.32> <CoreInst = "RAM">   --->   Core 81 'RAM' <Latency = 1> <II = 1> <Delay = 2.32> <Storage> <Opcode : 'load' 'store'> <Ports = 2> <Width = 8> <Depth = 9> <RAM>
ST_10 : Operation 329 [2/2] (2.32ns)   --->   "%buffer_c1_2_load = load i4 %buffer_c1_2_addr_2" [../cnn_hls.cpp:115]   --->   Operation 329 'load' 'buffer_c1_2_load' <Predicate = (trunc_ln110 == 1)> <Delay = 2.32> <CoreInst = "RAM">   --->   Core 81 'RAM' <Latency = 1> <II = 1> <Delay = 2.32> <Storage> <Opcode : 'load' 'store'> <Ports = 2> <Width = 8> <Depth = 9> <RAM>
ST_10 : Operation 330 [2/2] (2.32ns)   --->   "%buffer_c1_3_load = load i4 %buffer_c1_3_addr_2" [../cnn_hls.cpp:115]   --->   Operation 330 'load' 'buffer_c1_3_load' <Predicate = (trunc_ln110 == 4)> <Delay = 2.32> <CoreInst = "RAM">   --->   Core 81 'RAM' <Latency = 1> <II = 1> <Delay = 2.32> <Storage> <Opcode : 'load' 'store'> <Ports = 2> <Width = 8> <Depth = 9> <RAM>
ST_10 : Operation 331 [2/2] (2.32ns)   --->   "%buffer_c1_4_load = load i4 %buffer_c1_4_addr_2" [../cnn_hls.cpp:115]   --->   Operation 331 'load' 'buffer_c1_4_load' <Predicate = (trunc_ln110 == 2)> <Delay = 2.32> <CoreInst = "RAM">   --->   Core 81 'RAM' <Latency = 1> <II = 1> <Delay = 2.32> <Storage> <Opcode : 'load' 'store'> <Ports = 2> <Width = 8> <Depth = 9> <RAM>
ST_10 : Operation 332 [2/2] (2.32ns)   --->   "%buffer_c1_5_load = load i4 %buffer_c1_5_addr_2" [../cnn_hls.cpp:115]   --->   Operation 332 'load' 'buffer_c1_5_load' <Predicate = (trunc_ln110 == 0)> <Delay = 2.32> <CoreInst = "RAM">   --->   Core 81 'RAM' <Latency = 1> <II = 1> <Delay = 2.32> <Storage> <Opcode : 'load' 'store'> <Ports = 2> <Width = 8> <Depth = 9> <RAM>
ST_10 : Operation 333 [2/2] (2.32ns)   --->   "%buffer_c1_6_load = load i4 %buffer_c1_6_addr_2" [../cnn_hls.cpp:115]   --->   Operation 333 'load' 'buffer_c1_6_load' <Predicate = (trunc_ln110 == 3)> <Delay = 2.32> <CoreInst = "RAM">   --->   Core 81 'RAM' <Latency = 1> <II = 1> <Delay = 2.32> <Storage> <Opcode : 'load' 'store'> <Ports = 2> <Width = 8> <Depth = 9> <RAM>
ST_10 : Operation 334 [2/2] (2.32ns)   --->   "%buffer_c1_7_load = load i4 %buffer_c1_7_addr_2" [../cnn_hls.cpp:115]   --->   Operation 334 'load' 'buffer_c1_7_load' <Predicate = (trunc_ln110 == 1)> <Delay = 2.32> <CoreInst = "RAM">   --->   Core 81 'RAM' <Latency = 1> <II = 1> <Delay = 2.32> <Storage> <Opcode : 'load' 'store'> <Ports = 2> <Width = 8> <Depth = 9> <RAM>
ST_10 : Operation 335 [2/2] (2.32ns)   --->   "%buffer_c1_8_load = load i4 %buffer_c1_8_addr_2" [../cnn_hls.cpp:115]   --->   Operation 335 'load' 'buffer_c1_8_load' <Predicate = (trunc_ln110 == 4)> <Delay = 2.32> <CoreInst = "RAM">   --->   Core 81 'RAM' <Latency = 1> <II = 1> <Delay = 2.32> <Storage> <Opcode : 'load' 'store'> <Ports = 2> <Width = 8> <Depth = 9> <RAM>
ST_10 : Operation 336 [2/2] (2.32ns)   --->   "%buffer_c1_9_load = load i4 %buffer_c1_9_addr_2" [../cnn_hls.cpp:115]   --->   Operation 336 'load' 'buffer_c1_9_load' <Predicate = (trunc_ln110 == 2)> <Delay = 2.32> <CoreInst = "RAM">   --->   Core 81 'RAM' <Latency = 1> <II = 1> <Delay = 2.32> <Storage> <Opcode : 'load' 'store'> <Ports = 2> <Width = 8> <Depth = 9> <RAM>
ST_10 : Operation 337 [2/2] (2.32ns)   --->   "%buffer_c1_10_load = load i4 %buffer_c1_10_addr_2" [../cnn_hls.cpp:115]   --->   Operation 337 'load' 'buffer_c1_10_load' <Predicate = (trunc_ln110 == 0)> <Delay = 2.32> <CoreInst = "RAM">   --->   Core 81 'RAM' <Latency = 1> <II = 1> <Delay = 2.32> <Storage> <Opcode : 'load' 'store'> <Ports = 2> <Width = 8> <Depth = 9> <RAM>
ST_10 : Operation 338 [2/2] (2.32ns)   --->   "%buffer_c1_11_load = load i4 %buffer_c1_11_addr_2" [../cnn_hls.cpp:115]   --->   Operation 338 'load' 'buffer_c1_11_load' <Predicate = (trunc_ln110 == 3)> <Delay = 2.32> <CoreInst = "RAM">   --->   Core 81 'RAM' <Latency = 1> <II = 1> <Delay = 2.32> <Storage> <Opcode : 'load' 'store'> <Ports = 2> <Width = 8> <Depth = 9> <RAM>
ST_10 : Operation 339 [2/2] (2.32ns)   --->   "%buffer_c1_12_load = load i4 %buffer_c1_12_addr_2" [../cnn_hls.cpp:115]   --->   Operation 339 'load' 'buffer_c1_12_load' <Predicate = (trunc_ln110 == 1)> <Delay = 2.32> <CoreInst = "RAM">   --->   Core 81 'RAM' <Latency = 1> <II = 1> <Delay = 2.32> <Storage> <Opcode : 'load' 'store'> <Ports = 2> <Width = 8> <Depth = 9> <RAM>
ST_10 : Operation 340 [2/2] (2.32ns)   --->   "%buffer_c1_13_load = load i4 %buffer_c1_13_addr_2" [../cnn_hls.cpp:115]   --->   Operation 340 'load' 'buffer_c1_13_load' <Predicate = (trunc_ln110 == 4)> <Delay = 2.32> <CoreInst = "RAM">   --->   Core 81 'RAM' <Latency = 1> <II = 1> <Delay = 2.32> <Storage> <Opcode : 'load' 'store'> <Ports = 2> <Width = 8> <Depth = 9> <RAM>
ST_10 : Operation 341 [2/2] (2.32ns)   --->   "%buffer_c1_14_load = load i4 %buffer_c1_14_addr_2" [../cnn_hls.cpp:115]   --->   Operation 341 'load' 'buffer_c1_14_load' <Predicate = (trunc_ln110 == 2)> <Delay = 2.32> <CoreInst = "RAM">   --->   Core 81 'RAM' <Latency = 1> <II = 1> <Delay = 2.32> <Storage> <Opcode : 'load' 'store'> <Ports = 2> <Width = 8> <Depth = 9> <RAM>
ST_10 : Operation 342 [2/2] (2.32ns)   --->   "%buffer_c1_15_load = load i4 %buffer_c1_15_addr_2" [../cnn_hls.cpp:115]   --->   Operation 342 'load' 'buffer_c1_15_load' <Predicate = (trunc_ln110 == 0)> <Delay = 2.32> <CoreInst = "RAM">   --->   Core 81 'RAM' <Latency = 1> <II = 1> <Delay = 2.32> <Storage> <Opcode : 'load' 'store'> <Ports = 2> <Width = 8> <Depth = 9> <RAM>
ST_10 : Operation 343 [2/2] (2.32ns)   --->   "%buffer_c1_16_load = load i4 %buffer_c1_16_addr_2" [../cnn_hls.cpp:115]   --->   Operation 343 'load' 'buffer_c1_16_load' <Predicate = (trunc_ln110 == 3)> <Delay = 2.32> <CoreInst = "RAM">   --->   Core 81 'RAM' <Latency = 1> <II = 1> <Delay = 2.32> <Storage> <Opcode : 'load' 'store'> <Ports = 2> <Width = 8> <Depth = 9> <RAM>
ST_10 : Operation 344 [2/2] (2.32ns)   --->   "%buffer_c1_17_load = load i4 %buffer_c1_17_addr_2" [../cnn_hls.cpp:115]   --->   Operation 344 'load' 'buffer_c1_17_load' <Predicate = (trunc_ln110 == 1)> <Delay = 2.32> <CoreInst = "RAM">   --->   Core 81 'RAM' <Latency = 1> <II = 1> <Delay = 2.32> <Storage> <Opcode : 'load' 'store'> <Ports = 2> <Width = 8> <Depth = 9> <RAM>
ST_10 : Operation 345 [2/2] (2.32ns)   --->   "%buffer_c1_18_load = load i4 %buffer_c1_18_addr_2" [../cnn_hls.cpp:115]   --->   Operation 345 'load' 'buffer_c1_18_load' <Predicate = (trunc_ln110 == 4)> <Delay = 2.32> <CoreInst = "RAM">   --->   Core 81 'RAM' <Latency = 1> <II = 1> <Delay = 2.32> <Storage> <Opcode : 'load' 'store'> <Ports = 2> <Width = 8> <Depth = 9> <RAM>
ST_10 : Operation 346 [2/2] (2.32ns)   --->   "%buffer_c1_19_load = load i4 %buffer_c1_19_addr_2" [../cnn_hls.cpp:115]   --->   Operation 346 'load' 'buffer_c1_19_load' <Predicate = (trunc_ln110 == 2)> <Delay = 2.32> <CoreInst = "RAM">   --->   Core 81 'RAM' <Latency = 1> <II = 1> <Delay = 2.32> <Storage> <Opcode : 'load' 'store'> <Ports = 2> <Width = 8> <Depth = 9> <RAM>
ST_10 : Operation 347 [2/2] (2.32ns)   --->   "%buffer_c1_20_load = load i4 %buffer_c1_20_addr_2" [../cnn_hls.cpp:115]   --->   Operation 347 'load' 'buffer_c1_20_load' <Predicate = (trunc_ln110 == 0)> <Delay = 2.32> <CoreInst = "RAM">   --->   Core 81 'RAM' <Latency = 1> <II = 1> <Delay = 2.32> <Storage> <Opcode : 'load' 'store'> <Ports = 2> <Width = 8> <Depth = 9> <RAM>
ST_10 : Operation 348 [2/2] (2.32ns)   --->   "%buffer_c1_21_load = load i4 %buffer_c1_21_addr_2" [../cnn_hls.cpp:115]   --->   Operation 348 'load' 'buffer_c1_21_load' <Predicate = (trunc_ln110 == 3)> <Delay = 2.32> <CoreInst = "RAM">   --->   Core 81 'RAM' <Latency = 1> <II = 1> <Delay = 2.32> <Storage> <Opcode : 'load' 'store'> <Ports = 2> <Width = 8> <Depth = 9> <RAM>
ST_10 : Operation 349 [2/2] (2.32ns)   --->   "%buffer_c1_22_load = load i4 %buffer_c1_22_addr_2" [../cnn_hls.cpp:115]   --->   Operation 349 'load' 'buffer_c1_22_load' <Predicate = (trunc_ln110 == 1)> <Delay = 2.32> <CoreInst = "RAM">   --->   Core 81 'RAM' <Latency = 1> <II = 1> <Delay = 2.32> <Storage> <Opcode : 'load' 'store'> <Ports = 2> <Width = 8> <Depth = 9> <RAM>
ST_10 : Operation 350 [2/2] (2.32ns)   --->   "%buffer_c1_23_load = load i4 %buffer_c1_23_addr_2" [../cnn_hls.cpp:115]   --->   Operation 350 'load' 'buffer_c1_23_load' <Predicate = (trunc_ln110 == 4)> <Delay = 2.32> <CoreInst = "RAM">   --->   Core 81 'RAM' <Latency = 1> <II = 1> <Delay = 2.32> <Storage> <Opcode : 'load' 'store'> <Ports = 2> <Width = 8> <Depth = 9> <RAM>
ST_10 : Operation 351 [2/2] (2.32ns)   --->   "%buffer_c1_24_load = load i4 %buffer_c1_24_addr_2" [../cnn_hls.cpp:115]   --->   Operation 351 'load' 'buffer_c1_24_load' <Predicate = (trunc_ln110 == 2)> <Delay = 2.32> <CoreInst = "RAM">   --->   Core 81 'RAM' <Latency = 1> <II = 1> <Delay = 2.32> <Storage> <Opcode : 'load' 'store'> <Ports = 2> <Width = 8> <Depth = 9> <RAM>
ST_10 : Operation 352 [2/2] (2.32ns)   --->   "%buffer_c1_25_load = load i4 %buffer_c1_25_addr_2" [../cnn_hls.cpp:115]   --->   Operation 352 'load' 'buffer_c1_25_load' <Predicate = (trunc_ln110 == 0)> <Delay = 2.32> <CoreInst = "RAM">   --->   Core 81 'RAM' <Latency = 1> <II = 1> <Delay = 2.32> <Storage> <Opcode : 'load' 'store'> <Ports = 2> <Width = 8> <Depth = 9> <RAM>
ST_10 : Operation 353 [2/2] (2.32ns)   --->   "%buffer_c1_26_load = load i4 %buffer_c1_26_addr_2" [../cnn_hls.cpp:115]   --->   Operation 353 'load' 'buffer_c1_26_load' <Predicate = (trunc_ln110 == 3)> <Delay = 2.32> <CoreInst = "RAM">   --->   Core 81 'RAM' <Latency = 1> <II = 1> <Delay = 2.32> <Storage> <Opcode : 'load' 'store'> <Ports = 2> <Width = 8> <Depth = 9> <RAM>
ST_10 : Operation 354 [2/2] (2.32ns)   --->   "%buffer_c1_27_load = load i4 %buffer_c1_27_addr_2" [../cnn_hls.cpp:115]   --->   Operation 354 'load' 'buffer_c1_27_load' <Predicate = (trunc_ln110 == 1)> <Delay = 2.32> <CoreInst = "RAM">   --->   Core 81 'RAM' <Latency = 1> <II = 1> <Delay = 2.32> <Storage> <Opcode : 'load' 'store'> <Ports = 2> <Width = 8> <Depth = 9> <RAM>
ST_10 : Operation 355 [2/2] (2.32ns)   --->   "%buffer_c1_28_load = load i4 %buffer_c1_28_addr_2" [../cnn_hls.cpp:115]   --->   Operation 355 'load' 'buffer_c1_28_load' <Predicate = (trunc_ln110 == 4)> <Delay = 2.32> <CoreInst = "RAM">   --->   Core 81 'RAM' <Latency = 1> <II = 1> <Delay = 2.32> <Storage> <Opcode : 'load' 'store'> <Ports = 2> <Width = 8> <Depth = 9> <RAM>
ST_10 : Operation 356 [2/2] (2.32ns)   --->   "%buffer_c1_29_load = load i4 %buffer_c1_29_addr_2" [../cnn_hls.cpp:115]   --->   Operation 356 'load' 'buffer_c1_29_load' <Predicate = (trunc_ln110 == 2)> <Delay = 2.32> <CoreInst = "RAM">   --->   Core 81 'RAM' <Latency = 1> <II = 1> <Delay = 2.32> <Storage> <Opcode : 'load' 'store'> <Ports = 2> <Width = 8> <Depth = 9> <RAM>
ST_10 : Operation 357 [2/2] (2.32ns)   --->   "%buffer_c1_30_load = load i4 %buffer_c1_30_addr_2" [../cnn_hls.cpp:115]   --->   Operation 357 'load' 'buffer_c1_30_load' <Predicate = (trunc_ln110 == 0)> <Delay = 2.32> <CoreInst = "RAM">   --->   Core 81 'RAM' <Latency = 1> <II = 1> <Delay = 2.32> <Storage> <Opcode : 'load' 'store'> <Ports = 2> <Width = 8> <Depth = 9> <RAM>
ST_10 : Operation 358 [2/2] (2.32ns)   --->   "%buffer_c1_31_load = load i4 %buffer_c1_31_addr_2" [../cnn_hls.cpp:115]   --->   Operation 358 'load' 'buffer_c1_31_load' <Predicate = (trunc_ln110 == 3)> <Delay = 2.32> <CoreInst = "RAM">   --->   Core 81 'RAM' <Latency = 1> <II = 1> <Delay = 2.32> <Storage> <Opcode : 'load' 'store'> <Ports = 2> <Width = 8> <Depth = 9> <RAM>
ST_10 : Operation 359 [2/2] (2.32ns)   --->   "%buffer_c1_32_load = load i4 %buffer_c1_32_addr_2" [../cnn_hls.cpp:115]   --->   Operation 359 'load' 'buffer_c1_32_load' <Predicate = (trunc_ln110 == 1)> <Delay = 2.32> <CoreInst = "RAM">   --->   Core 81 'RAM' <Latency = 1> <II = 1> <Delay = 2.32> <Storage> <Opcode : 'load' 'store'> <Ports = 2> <Width = 8> <Depth = 9> <RAM>
ST_10 : Operation 360 [2/2] (2.32ns)   --->   "%buffer_c1_33_load = load i4 %buffer_c1_33_addr_2" [../cnn_hls.cpp:115]   --->   Operation 360 'load' 'buffer_c1_33_load' <Predicate = (trunc_ln110 == 4)> <Delay = 2.32> <CoreInst = "RAM">   --->   Core 81 'RAM' <Latency = 1> <II = 1> <Delay = 2.32> <Storage> <Opcode : 'load' 'store'> <Ports = 2> <Width = 8> <Depth = 9> <RAM>
ST_10 : Operation 361 [2/2] (2.32ns)   --->   "%buffer_c1_34_load = load i4 %buffer_c1_34_addr_2" [../cnn_hls.cpp:115]   --->   Operation 361 'load' 'buffer_c1_34_load' <Predicate = (trunc_ln110 == 2)> <Delay = 2.32> <CoreInst = "RAM">   --->   Core 81 'RAM' <Latency = 1> <II = 1> <Delay = 2.32> <Storage> <Opcode : 'load' 'store'> <Ports = 2> <Width = 8> <Depth = 9> <RAM>
ST_10 : Operation 362 [2/2] (2.32ns)   --->   "%buffer_c1_35_load = load i4 %buffer_c1_35_addr_2" [../cnn_hls.cpp:115]   --->   Operation 362 'load' 'buffer_c1_35_load' <Predicate = (trunc_ln110 == 0)> <Delay = 2.32> <CoreInst = "RAM">   --->   Core 81 'RAM' <Latency = 1> <II = 1> <Delay = 2.32> <Storage> <Opcode : 'load' 'store'> <Ports = 2> <Width = 8> <Depth = 9> <RAM>
ST_10 : Operation 363 [2/2] (2.32ns)   --->   "%buffer_c1_36_load = load i4 %buffer_c1_36_addr_2" [../cnn_hls.cpp:115]   --->   Operation 363 'load' 'buffer_c1_36_load' <Predicate = (trunc_ln110 == 3)> <Delay = 2.32> <CoreInst = "RAM">   --->   Core 81 'RAM' <Latency = 1> <II = 1> <Delay = 2.32> <Storage> <Opcode : 'load' 'store'> <Ports = 2> <Width = 8> <Depth = 9> <RAM>
ST_10 : Operation 364 [2/2] (2.32ns)   --->   "%buffer_c1_37_load = load i4 %buffer_c1_37_addr_2" [../cnn_hls.cpp:115]   --->   Operation 364 'load' 'buffer_c1_37_load' <Predicate = (trunc_ln110 == 1)> <Delay = 2.32> <CoreInst = "RAM">   --->   Core 81 'RAM' <Latency = 1> <II = 1> <Delay = 2.32> <Storage> <Opcode : 'load' 'store'> <Ports = 2> <Width = 8> <Depth = 9> <RAM>
ST_10 : Operation 365 [2/2] (2.32ns)   --->   "%buffer_c1_38_load = load i4 %buffer_c1_38_addr_2" [../cnn_hls.cpp:115]   --->   Operation 365 'load' 'buffer_c1_38_load' <Predicate = (trunc_ln110 == 4)> <Delay = 2.32> <CoreInst = "RAM">   --->   Core 81 'RAM' <Latency = 1> <II = 1> <Delay = 2.32> <Storage> <Opcode : 'load' 'store'> <Ports = 2> <Width = 8> <Depth = 9> <RAM>
ST_10 : Operation 366 [2/2] (2.32ns)   --->   "%buffer_c1_39_load = load i4 %buffer_c1_39_addr_2" [../cnn_hls.cpp:115]   --->   Operation 366 'load' 'buffer_c1_39_load' <Predicate = (trunc_ln110 == 2)> <Delay = 2.32> <CoreInst = "RAM">   --->   Core 81 'RAM' <Latency = 1> <II = 1> <Delay = 2.32> <Storage> <Opcode : 'load' 'store'> <Ports = 2> <Width = 8> <Depth = 9> <RAM>
ST_10 : Operation 367 [2/2] (2.32ns)   --->   "%buffer_c1_load_1 = load i4 %buffer_c1_addr" [../cnn_hls.cpp:115]   --->   Operation 367 'load' 'buffer_c1_load_1' <Predicate = (trunc_ln110 == 1 & !icmp_ln113)> <Delay = 2.32> <CoreInst = "RAM">   --->   Core 81 'RAM' <Latency = 1> <II = 1> <Delay = 2.32> <Storage> <Opcode : 'load' 'store'> <Ports = 2> <Width = 8> <Depth = 9> <RAM>
ST_10 : Operation 368 [2/2] (2.32ns)   --->   "%buffer_c1_1_load_1 = load i4 %buffer_c1_1_addr" [../cnn_hls.cpp:115]   --->   Operation 368 'load' 'buffer_c1_1_load_1' <Predicate = (trunc_ln110 == 4 & !icmp_ln113)> <Delay = 2.32> <CoreInst = "RAM">   --->   Core 81 'RAM' <Latency = 1> <II = 1> <Delay = 2.32> <Storage> <Opcode : 'load' 'store'> <Ports = 2> <Width = 8> <Depth = 9> <RAM>
ST_10 : Operation 369 [2/2] (2.32ns)   --->   "%buffer_c1_2_load_1 = load i4 %buffer_c1_2_addr" [../cnn_hls.cpp:115]   --->   Operation 369 'load' 'buffer_c1_2_load_1' <Predicate = (trunc_ln110 == 2 & !icmp_ln113)> <Delay = 2.32> <CoreInst = "RAM">   --->   Core 81 'RAM' <Latency = 1> <II = 1> <Delay = 2.32> <Storage> <Opcode : 'load' 'store'> <Ports = 2> <Width = 8> <Depth = 9> <RAM>
ST_10 : Operation 370 [2/2] (2.32ns)   --->   "%buffer_c1_3_load_1 = load i4 %buffer_c1_3_addr" [../cnn_hls.cpp:115]   --->   Operation 370 'load' 'buffer_c1_3_load_1' <Predicate = (trunc_ln110 == 0 & !icmp_ln113)> <Delay = 2.32> <CoreInst = "RAM">   --->   Core 81 'RAM' <Latency = 1> <II = 1> <Delay = 2.32> <Storage> <Opcode : 'load' 'store'> <Ports = 2> <Width = 8> <Depth = 9> <RAM>
ST_10 : Operation 371 [2/2] (2.32ns)   --->   "%buffer_c1_4_load_1 = load i4 %buffer_c1_4_addr" [../cnn_hls.cpp:115]   --->   Operation 371 'load' 'buffer_c1_4_load_1' <Predicate = (trunc_ln110 == 3 & !icmp_ln113)> <Delay = 2.32> <CoreInst = "RAM">   --->   Core 81 'RAM' <Latency = 1> <II = 1> <Delay = 2.32> <Storage> <Opcode : 'load' 'store'> <Ports = 2> <Width = 8> <Depth = 9> <RAM>
ST_10 : Operation 372 [2/2] (2.32ns)   --->   "%buffer_c1_5_load_1 = load i4 %buffer_c1_5_addr" [../cnn_hls.cpp:115]   --->   Operation 372 'load' 'buffer_c1_5_load_1' <Predicate = (trunc_ln110 == 1 & !icmp_ln113)> <Delay = 2.32> <CoreInst = "RAM">   --->   Core 81 'RAM' <Latency = 1> <II = 1> <Delay = 2.32> <Storage> <Opcode : 'load' 'store'> <Ports = 2> <Width = 8> <Depth = 9> <RAM>
ST_10 : Operation 373 [2/2] (2.32ns)   --->   "%buffer_c1_6_load_1 = load i4 %buffer_c1_6_addr" [../cnn_hls.cpp:115]   --->   Operation 373 'load' 'buffer_c1_6_load_1' <Predicate = (trunc_ln110 == 4 & !icmp_ln113)> <Delay = 2.32> <CoreInst = "RAM">   --->   Core 81 'RAM' <Latency = 1> <II = 1> <Delay = 2.32> <Storage> <Opcode : 'load' 'store'> <Ports = 2> <Width = 8> <Depth = 9> <RAM>
ST_10 : Operation 374 [2/2] (2.32ns)   --->   "%buffer_c1_7_load_1 = load i4 %buffer_c1_7_addr" [../cnn_hls.cpp:115]   --->   Operation 374 'load' 'buffer_c1_7_load_1' <Predicate = (trunc_ln110 == 2 & !icmp_ln113)> <Delay = 2.32> <CoreInst = "RAM">   --->   Core 81 'RAM' <Latency = 1> <II = 1> <Delay = 2.32> <Storage> <Opcode : 'load' 'store'> <Ports = 2> <Width = 8> <Depth = 9> <RAM>
ST_10 : Operation 375 [2/2] (2.32ns)   --->   "%buffer_c1_8_load_1 = load i4 %buffer_c1_8_addr" [../cnn_hls.cpp:115]   --->   Operation 375 'load' 'buffer_c1_8_load_1' <Predicate = (trunc_ln110 == 0 & !icmp_ln113)> <Delay = 2.32> <CoreInst = "RAM">   --->   Core 81 'RAM' <Latency = 1> <II = 1> <Delay = 2.32> <Storage> <Opcode : 'load' 'store'> <Ports = 2> <Width = 8> <Depth = 9> <RAM>
ST_10 : Operation 376 [2/2] (2.32ns)   --->   "%buffer_c1_9_load_1 = load i4 %buffer_c1_9_addr" [../cnn_hls.cpp:115]   --->   Operation 376 'load' 'buffer_c1_9_load_1' <Predicate = (trunc_ln110 == 3 & !icmp_ln113)> <Delay = 2.32> <CoreInst = "RAM">   --->   Core 81 'RAM' <Latency = 1> <II = 1> <Delay = 2.32> <Storage> <Opcode : 'load' 'store'> <Ports = 2> <Width = 8> <Depth = 9> <RAM>
ST_10 : Operation 377 [2/2] (2.32ns)   --->   "%buffer_c1_10_load_1 = load i4 %buffer_c1_10_addr" [../cnn_hls.cpp:115]   --->   Operation 377 'load' 'buffer_c1_10_load_1' <Predicate = (trunc_ln110 == 1 & !icmp_ln113)> <Delay = 2.32> <CoreInst = "RAM">   --->   Core 81 'RAM' <Latency = 1> <II = 1> <Delay = 2.32> <Storage> <Opcode : 'load' 'store'> <Ports = 2> <Width = 8> <Depth = 9> <RAM>
ST_10 : Operation 378 [2/2] (2.32ns)   --->   "%buffer_c1_11_load_1 = load i4 %buffer_c1_11_addr" [../cnn_hls.cpp:115]   --->   Operation 378 'load' 'buffer_c1_11_load_1' <Predicate = (trunc_ln110 == 4 & !icmp_ln113)> <Delay = 2.32> <CoreInst = "RAM">   --->   Core 81 'RAM' <Latency = 1> <II = 1> <Delay = 2.32> <Storage> <Opcode : 'load' 'store'> <Ports = 2> <Width = 8> <Depth = 9> <RAM>
ST_10 : Operation 379 [2/2] (2.32ns)   --->   "%buffer_c1_12_load_1 = load i4 %buffer_c1_12_addr" [../cnn_hls.cpp:115]   --->   Operation 379 'load' 'buffer_c1_12_load_1' <Predicate = (trunc_ln110 == 2 & !icmp_ln113)> <Delay = 2.32> <CoreInst = "RAM">   --->   Core 81 'RAM' <Latency = 1> <II = 1> <Delay = 2.32> <Storage> <Opcode : 'load' 'store'> <Ports = 2> <Width = 8> <Depth = 9> <RAM>
ST_10 : Operation 380 [2/2] (2.32ns)   --->   "%buffer_c1_13_load_1 = load i4 %buffer_c1_13_addr" [../cnn_hls.cpp:115]   --->   Operation 380 'load' 'buffer_c1_13_load_1' <Predicate = (trunc_ln110 == 0 & !icmp_ln113)> <Delay = 2.32> <CoreInst = "RAM">   --->   Core 81 'RAM' <Latency = 1> <II = 1> <Delay = 2.32> <Storage> <Opcode : 'load' 'store'> <Ports = 2> <Width = 8> <Depth = 9> <RAM>
ST_10 : Operation 381 [2/2] (2.32ns)   --->   "%buffer_c1_14_load_1 = load i4 %buffer_c1_14_addr" [../cnn_hls.cpp:115]   --->   Operation 381 'load' 'buffer_c1_14_load_1' <Predicate = (trunc_ln110 == 3 & !icmp_ln113)> <Delay = 2.32> <CoreInst = "RAM">   --->   Core 81 'RAM' <Latency = 1> <II = 1> <Delay = 2.32> <Storage> <Opcode : 'load' 'store'> <Ports = 2> <Width = 8> <Depth = 9> <RAM>
ST_10 : Operation 382 [2/2] (2.32ns)   --->   "%buffer_c1_15_load_1 = load i4 %buffer_c1_15_addr" [../cnn_hls.cpp:115]   --->   Operation 382 'load' 'buffer_c1_15_load_1' <Predicate = (trunc_ln110 == 1 & !icmp_ln113)> <Delay = 2.32> <CoreInst = "RAM">   --->   Core 81 'RAM' <Latency = 1> <II = 1> <Delay = 2.32> <Storage> <Opcode : 'load' 'store'> <Ports = 2> <Width = 8> <Depth = 9> <RAM>
ST_10 : Operation 383 [2/2] (2.32ns)   --->   "%buffer_c1_16_load_1 = load i4 %buffer_c1_16_addr" [../cnn_hls.cpp:115]   --->   Operation 383 'load' 'buffer_c1_16_load_1' <Predicate = (trunc_ln110 == 4 & !icmp_ln113)> <Delay = 2.32> <CoreInst = "RAM">   --->   Core 81 'RAM' <Latency = 1> <II = 1> <Delay = 2.32> <Storage> <Opcode : 'load' 'store'> <Ports = 2> <Width = 8> <Depth = 9> <RAM>
ST_10 : Operation 384 [2/2] (2.32ns)   --->   "%buffer_c1_17_load_1 = load i4 %buffer_c1_17_addr" [../cnn_hls.cpp:115]   --->   Operation 384 'load' 'buffer_c1_17_load_1' <Predicate = (trunc_ln110 == 2 & !icmp_ln113)> <Delay = 2.32> <CoreInst = "RAM">   --->   Core 81 'RAM' <Latency = 1> <II = 1> <Delay = 2.32> <Storage> <Opcode : 'load' 'store'> <Ports = 2> <Width = 8> <Depth = 9> <RAM>
ST_10 : Operation 385 [2/2] (2.32ns)   --->   "%buffer_c1_18_load_1 = load i4 %buffer_c1_18_addr" [../cnn_hls.cpp:115]   --->   Operation 385 'load' 'buffer_c1_18_load_1' <Predicate = (trunc_ln110 == 0 & !icmp_ln113)> <Delay = 2.32> <CoreInst = "RAM">   --->   Core 81 'RAM' <Latency = 1> <II = 1> <Delay = 2.32> <Storage> <Opcode : 'load' 'store'> <Ports = 2> <Width = 8> <Depth = 9> <RAM>
ST_10 : Operation 386 [2/2] (2.32ns)   --->   "%buffer_c1_19_load_1 = load i4 %buffer_c1_19_addr" [../cnn_hls.cpp:115]   --->   Operation 386 'load' 'buffer_c1_19_load_1' <Predicate = (trunc_ln110 == 3 & !icmp_ln113)> <Delay = 2.32> <CoreInst = "RAM">   --->   Core 81 'RAM' <Latency = 1> <II = 1> <Delay = 2.32> <Storage> <Opcode : 'load' 'store'> <Ports = 2> <Width = 8> <Depth = 9> <RAM>
ST_10 : Operation 387 [2/2] (2.32ns)   --->   "%buffer_c1_20_load_1 = load i4 %buffer_c1_20_addr" [../cnn_hls.cpp:115]   --->   Operation 387 'load' 'buffer_c1_20_load_1' <Predicate = (trunc_ln110 == 1 & !icmp_ln113)> <Delay = 2.32> <CoreInst = "RAM">   --->   Core 81 'RAM' <Latency = 1> <II = 1> <Delay = 2.32> <Storage> <Opcode : 'load' 'store'> <Ports = 2> <Width = 8> <Depth = 9> <RAM>
ST_10 : Operation 388 [2/2] (2.32ns)   --->   "%buffer_c1_21_load_1 = load i4 %buffer_c1_21_addr" [../cnn_hls.cpp:115]   --->   Operation 388 'load' 'buffer_c1_21_load_1' <Predicate = (trunc_ln110 == 4 & !icmp_ln113)> <Delay = 2.32> <CoreInst = "RAM">   --->   Core 81 'RAM' <Latency = 1> <II = 1> <Delay = 2.32> <Storage> <Opcode : 'load' 'store'> <Ports = 2> <Width = 8> <Depth = 9> <RAM>
ST_10 : Operation 389 [2/2] (2.32ns)   --->   "%buffer_c1_22_load_1 = load i4 %buffer_c1_22_addr" [../cnn_hls.cpp:115]   --->   Operation 389 'load' 'buffer_c1_22_load_1' <Predicate = (trunc_ln110 == 2 & !icmp_ln113)> <Delay = 2.32> <CoreInst = "RAM">   --->   Core 81 'RAM' <Latency = 1> <II = 1> <Delay = 2.32> <Storage> <Opcode : 'load' 'store'> <Ports = 2> <Width = 8> <Depth = 9> <RAM>
ST_10 : Operation 390 [2/2] (2.32ns)   --->   "%buffer_c1_23_load_1 = load i4 %buffer_c1_23_addr" [../cnn_hls.cpp:115]   --->   Operation 390 'load' 'buffer_c1_23_load_1' <Predicate = (trunc_ln110 == 0 & !icmp_ln113)> <Delay = 2.32> <CoreInst = "RAM">   --->   Core 81 'RAM' <Latency = 1> <II = 1> <Delay = 2.32> <Storage> <Opcode : 'load' 'store'> <Ports = 2> <Width = 8> <Depth = 9> <RAM>
ST_10 : Operation 391 [2/2] (2.32ns)   --->   "%buffer_c1_24_load_1 = load i4 %buffer_c1_24_addr" [../cnn_hls.cpp:115]   --->   Operation 391 'load' 'buffer_c1_24_load_1' <Predicate = (trunc_ln110 == 3 & !icmp_ln113)> <Delay = 2.32> <CoreInst = "RAM">   --->   Core 81 'RAM' <Latency = 1> <II = 1> <Delay = 2.32> <Storage> <Opcode : 'load' 'store'> <Ports = 2> <Width = 8> <Depth = 9> <RAM>
ST_10 : Operation 392 [2/2] (2.32ns)   --->   "%buffer_c1_25_load_1 = load i4 %buffer_c1_25_addr" [../cnn_hls.cpp:115]   --->   Operation 392 'load' 'buffer_c1_25_load_1' <Predicate = (trunc_ln110 == 1 & !icmp_ln113)> <Delay = 2.32> <CoreInst = "RAM">   --->   Core 81 'RAM' <Latency = 1> <II = 1> <Delay = 2.32> <Storage> <Opcode : 'load' 'store'> <Ports = 2> <Width = 8> <Depth = 9> <RAM>
ST_10 : Operation 393 [2/2] (2.32ns)   --->   "%buffer_c1_26_load_1 = load i4 %buffer_c1_26_addr" [../cnn_hls.cpp:115]   --->   Operation 393 'load' 'buffer_c1_26_load_1' <Predicate = (trunc_ln110 == 4 & !icmp_ln113)> <Delay = 2.32> <CoreInst = "RAM">   --->   Core 81 'RAM' <Latency = 1> <II = 1> <Delay = 2.32> <Storage> <Opcode : 'load' 'store'> <Ports = 2> <Width = 8> <Depth = 9> <RAM>
ST_10 : Operation 394 [2/2] (2.32ns)   --->   "%buffer_c1_27_load_1 = load i4 %buffer_c1_27_addr" [../cnn_hls.cpp:115]   --->   Operation 394 'load' 'buffer_c1_27_load_1' <Predicate = (trunc_ln110 == 2 & !icmp_ln113)> <Delay = 2.32> <CoreInst = "RAM">   --->   Core 81 'RAM' <Latency = 1> <II = 1> <Delay = 2.32> <Storage> <Opcode : 'load' 'store'> <Ports = 2> <Width = 8> <Depth = 9> <RAM>
ST_10 : Operation 395 [2/2] (2.32ns)   --->   "%buffer_c1_28_load_1 = load i4 %buffer_c1_28_addr" [../cnn_hls.cpp:115]   --->   Operation 395 'load' 'buffer_c1_28_load_1' <Predicate = (trunc_ln110 == 0 & !icmp_ln113)> <Delay = 2.32> <CoreInst = "RAM">   --->   Core 81 'RAM' <Latency = 1> <II = 1> <Delay = 2.32> <Storage> <Opcode : 'load' 'store'> <Ports = 2> <Width = 8> <Depth = 9> <RAM>
ST_10 : Operation 396 [2/2] (2.32ns)   --->   "%buffer_c1_29_load_1 = load i4 %buffer_c1_29_addr" [../cnn_hls.cpp:115]   --->   Operation 396 'load' 'buffer_c1_29_load_1' <Predicate = (trunc_ln110 == 3 & !icmp_ln113)> <Delay = 2.32> <CoreInst = "RAM">   --->   Core 81 'RAM' <Latency = 1> <II = 1> <Delay = 2.32> <Storage> <Opcode : 'load' 'store'> <Ports = 2> <Width = 8> <Depth = 9> <RAM>
ST_10 : Operation 397 [2/2] (2.32ns)   --->   "%buffer_c1_30_load_1 = load i4 %buffer_c1_30_addr" [../cnn_hls.cpp:115]   --->   Operation 397 'load' 'buffer_c1_30_load_1' <Predicate = (trunc_ln110 == 1 & !icmp_ln113)> <Delay = 2.32> <CoreInst = "RAM">   --->   Core 81 'RAM' <Latency = 1> <II = 1> <Delay = 2.32> <Storage> <Opcode : 'load' 'store'> <Ports = 2> <Width = 8> <Depth = 9> <RAM>
ST_10 : Operation 398 [2/2] (2.32ns)   --->   "%buffer_c1_31_load_1 = load i4 %buffer_c1_31_addr" [../cnn_hls.cpp:115]   --->   Operation 398 'load' 'buffer_c1_31_load_1' <Predicate = (trunc_ln110 == 4 & !icmp_ln113)> <Delay = 2.32> <CoreInst = "RAM">   --->   Core 81 'RAM' <Latency = 1> <II = 1> <Delay = 2.32> <Storage> <Opcode : 'load' 'store'> <Ports = 2> <Width = 8> <Depth = 9> <RAM>
ST_10 : Operation 399 [2/2] (2.32ns)   --->   "%buffer_c1_32_load_1 = load i4 %buffer_c1_32_addr" [../cnn_hls.cpp:115]   --->   Operation 399 'load' 'buffer_c1_32_load_1' <Predicate = (trunc_ln110 == 2 & !icmp_ln113)> <Delay = 2.32> <CoreInst = "RAM">   --->   Core 81 'RAM' <Latency = 1> <II = 1> <Delay = 2.32> <Storage> <Opcode : 'load' 'store'> <Ports = 2> <Width = 8> <Depth = 9> <RAM>
ST_10 : Operation 400 [2/2] (2.32ns)   --->   "%buffer_c1_33_load_1 = load i4 %buffer_c1_33_addr" [../cnn_hls.cpp:115]   --->   Operation 400 'load' 'buffer_c1_33_load_1' <Predicate = (trunc_ln110 == 0 & !icmp_ln113)> <Delay = 2.32> <CoreInst = "RAM">   --->   Core 81 'RAM' <Latency = 1> <II = 1> <Delay = 2.32> <Storage> <Opcode : 'load' 'store'> <Ports = 2> <Width = 8> <Depth = 9> <RAM>
ST_10 : Operation 401 [2/2] (2.32ns)   --->   "%buffer_c1_34_load_1 = load i4 %buffer_c1_34_addr" [../cnn_hls.cpp:115]   --->   Operation 401 'load' 'buffer_c1_34_load_1' <Predicate = (trunc_ln110 == 3 & !icmp_ln113)> <Delay = 2.32> <CoreInst = "RAM">   --->   Core 81 'RAM' <Latency = 1> <II = 1> <Delay = 2.32> <Storage> <Opcode : 'load' 'store'> <Ports = 2> <Width = 8> <Depth = 9> <RAM>
ST_10 : Operation 402 [2/2] (2.32ns)   --->   "%buffer_c1_35_load_1 = load i4 %buffer_c1_35_addr" [../cnn_hls.cpp:115]   --->   Operation 402 'load' 'buffer_c1_35_load_1' <Predicate = (trunc_ln110 == 1 & !icmp_ln113)> <Delay = 2.32> <CoreInst = "RAM">   --->   Core 81 'RAM' <Latency = 1> <II = 1> <Delay = 2.32> <Storage> <Opcode : 'load' 'store'> <Ports = 2> <Width = 8> <Depth = 9> <RAM>
ST_10 : Operation 403 [2/2] (2.32ns)   --->   "%buffer_c1_36_load_1 = load i4 %buffer_c1_36_addr" [../cnn_hls.cpp:115]   --->   Operation 403 'load' 'buffer_c1_36_load_1' <Predicate = (trunc_ln110 == 4 & !icmp_ln113)> <Delay = 2.32> <CoreInst = "RAM">   --->   Core 81 'RAM' <Latency = 1> <II = 1> <Delay = 2.32> <Storage> <Opcode : 'load' 'store'> <Ports = 2> <Width = 8> <Depth = 9> <RAM>
ST_10 : Operation 404 [2/2] (2.32ns)   --->   "%buffer_c1_37_load_1 = load i4 %buffer_c1_37_addr" [../cnn_hls.cpp:115]   --->   Operation 404 'load' 'buffer_c1_37_load_1' <Predicate = (trunc_ln110 == 2 & !icmp_ln113)> <Delay = 2.32> <CoreInst = "RAM">   --->   Core 81 'RAM' <Latency = 1> <II = 1> <Delay = 2.32> <Storage> <Opcode : 'load' 'store'> <Ports = 2> <Width = 8> <Depth = 9> <RAM>
ST_10 : Operation 405 [2/2] (2.32ns)   --->   "%buffer_c1_38_load_1 = load i4 %buffer_c1_38_addr" [../cnn_hls.cpp:115]   --->   Operation 405 'load' 'buffer_c1_38_load_1' <Predicate = (trunc_ln110 == 0 & !icmp_ln113)> <Delay = 2.32> <CoreInst = "RAM">   --->   Core 81 'RAM' <Latency = 1> <II = 1> <Delay = 2.32> <Storage> <Opcode : 'load' 'store'> <Ports = 2> <Width = 8> <Depth = 9> <RAM>
ST_10 : Operation 406 [2/2] (2.32ns)   --->   "%buffer_c1_39_load_1 = load i4 %buffer_c1_39_addr" [../cnn_hls.cpp:115]   --->   Operation 406 'load' 'buffer_c1_39_load_1' <Predicate = (trunc_ln110 == 3 & !icmp_ln113)> <Delay = 2.32> <CoreInst = "RAM">   --->   Core 81 'RAM' <Latency = 1> <II = 1> <Delay = 2.32> <Storage> <Opcode : 'load' 'store'> <Ports = 2> <Width = 8> <Depth = 9> <RAM>
ST_10 : Operation 407 [2/2] (2.32ns)   --->   "%buffer_c1_load_2 = load i4 %buffer_c1_addr_1" [../cnn_hls.cpp:115]   --->   Operation 407 'load' 'buffer_c1_load_2' <Predicate = (trunc_ln110 == 3 & !icmp_ln113_1)> <Delay = 2.32> <CoreInst = "RAM">   --->   Core 81 'RAM' <Latency = 1> <II = 1> <Delay = 2.32> <Storage> <Opcode : 'load' 'store'> <Ports = 2> <Width = 8> <Depth = 9> <RAM>
ST_10 : Operation 408 [2/2] (2.32ns)   --->   "%buffer_c1_1_load_2 = load i4 %buffer_c1_1_addr_1" [../cnn_hls.cpp:115]   --->   Operation 408 'load' 'buffer_c1_1_load_2' <Predicate = (trunc_ln110 == 1 & !icmp_ln113_1)> <Delay = 2.32> <CoreInst = "RAM">   --->   Core 81 'RAM' <Latency = 1> <II = 1> <Delay = 2.32> <Storage> <Opcode : 'load' 'store'> <Ports = 2> <Width = 8> <Depth = 9> <RAM>
ST_10 : Operation 409 [2/2] (2.32ns)   --->   "%buffer_c1_2_load_2 = load i4 %buffer_c1_2_addr_1" [../cnn_hls.cpp:115]   --->   Operation 409 'load' 'buffer_c1_2_load_2' <Predicate = (trunc_ln110 == 4 & !icmp_ln113_1)> <Delay = 2.32> <CoreInst = "RAM">   --->   Core 81 'RAM' <Latency = 1> <II = 1> <Delay = 2.32> <Storage> <Opcode : 'load' 'store'> <Ports = 2> <Width = 8> <Depth = 9> <RAM>
ST_10 : Operation 410 [2/2] (2.32ns)   --->   "%buffer_c1_3_load_2 = load i4 %buffer_c1_3_addr_1" [../cnn_hls.cpp:115]   --->   Operation 410 'load' 'buffer_c1_3_load_2' <Predicate = (trunc_ln110 == 2 & !icmp_ln113_1)> <Delay = 2.32> <CoreInst = "RAM">   --->   Core 81 'RAM' <Latency = 1> <II = 1> <Delay = 2.32> <Storage> <Opcode : 'load' 'store'> <Ports = 2> <Width = 8> <Depth = 9> <RAM>
ST_10 : Operation 411 [2/2] (2.32ns)   --->   "%buffer_c1_4_load_2 = load i4 %buffer_c1_4_addr_1" [../cnn_hls.cpp:115]   --->   Operation 411 'load' 'buffer_c1_4_load_2' <Predicate = (trunc_ln110 == 0 & !icmp_ln113_1)> <Delay = 2.32> <CoreInst = "RAM">   --->   Core 81 'RAM' <Latency = 1> <II = 1> <Delay = 2.32> <Storage> <Opcode : 'load' 'store'> <Ports = 2> <Width = 8> <Depth = 9> <RAM>
ST_10 : Operation 412 [2/2] (2.32ns)   --->   "%buffer_c1_5_load_2 = load i4 %buffer_c1_5_addr_1" [../cnn_hls.cpp:115]   --->   Operation 412 'load' 'buffer_c1_5_load_2' <Predicate = (trunc_ln110 == 3 & !icmp_ln113_1)> <Delay = 2.32> <CoreInst = "RAM">   --->   Core 81 'RAM' <Latency = 1> <II = 1> <Delay = 2.32> <Storage> <Opcode : 'load' 'store'> <Ports = 2> <Width = 8> <Depth = 9> <RAM>
ST_10 : Operation 413 [2/2] (2.32ns)   --->   "%buffer_c1_6_load_2 = load i4 %buffer_c1_6_addr_1" [../cnn_hls.cpp:115]   --->   Operation 413 'load' 'buffer_c1_6_load_2' <Predicate = (trunc_ln110 == 1 & !icmp_ln113_1)> <Delay = 2.32> <CoreInst = "RAM">   --->   Core 81 'RAM' <Latency = 1> <II = 1> <Delay = 2.32> <Storage> <Opcode : 'load' 'store'> <Ports = 2> <Width = 8> <Depth = 9> <RAM>
ST_10 : Operation 414 [2/2] (2.32ns)   --->   "%buffer_c1_7_load_2 = load i4 %buffer_c1_7_addr_1" [../cnn_hls.cpp:115]   --->   Operation 414 'load' 'buffer_c1_7_load_2' <Predicate = (trunc_ln110 == 4 & !icmp_ln113_1)> <Delay = 2.32> <CoreInst = "RAM">   --->   Core 81 'RAM' <Latency = 1> <II = 1> <Delay = 2.32> <Storage> <Opcode : 'load' 'store'> <Ports = 2> <Width = 8> <Depth = 9> <RAM>
ST_10 : Operation 415 [2/2] (2.32ns)   --->   "%buffer_c1_8_load_2 = load i4 %buffer_c1_8_addr_1" [../cnn_hls.cpp:115]   --->   Operation 415 'load' 'buffer_c1_8_load_2' <Predicate = (trunc_ln110 == 2 & !icmp_ln113_1)> <Delay = 2.32> <CoreInst = "RAM">   --->   Core 81 'RAM' <Latency = 1> <II = 1> <Delay = 2.32> <Storage> <Opcode : 'load' 'store'> <Ports = 2> <Width = 8> <Depth = 9> <RAM>
ST_10 : Operation 416 [2/2] (2.32ns)   --->   "%buffer_c1_9_load_2 = load i4 %buffer_c1_9_addr_1" [../cnn_hls.cpp:115]   --->   Operation 416 'load' 'buffer_c1_9_load_2' <Predicate = (trunc_ln110 == 0 & !icmp_ln113_1)> <Delay = 2.32> <CoreInst = "RAM">   --->   Core 81 'RAM' <Latency = 1> <II = 1> <Delay = 2.32> <Storage> <Opcode : 'load' 'store'> <Ports = 2> <Width = 8> <Depth = 9> <RAM>
ST_10 : Operation 417 [2/2] (2.32ns)   --->   "%buffer_c1_10_load_2 = load i4 %buffer_c1_10_addr_1" [../cnn_hls.cpp:115]   --->   Operation 417 'load' 'buffer_c1_10_load_2' <Predicate = (trunc_ln110 == 3 & !icmp_ln113_1)> <Delay = 2.32> <CoreInst = "RAM">   --->   Core 81 'RAM' <Latency = 1> <II = 1> <Delay = 2.32> <Storage> <Opcode : 'load' 'store'> <Ports = 2> <Width = 8> <Depth = 9> <RAM>
ST_10 : Operation 418 [2/2] (2.32ns)   --->   "%buffer_c1_11_load_2 = load i4 %buffer_c1_11_addr_1" [../cnn_hls.cpp:115]   --->   Operation 418 'load' 'buffer_c1_11_load_2' <Predicate = (trunc_ln110 == 1 & !icmp_ln113_1)> <Delay = 2.32> <CoreInst = "RAM">   --->   Core 81 'RAM' <Latency = 1> <II = 1> <Delay = 2.32> <Storage> <Opcode : 'load' 'store'> <Ports = 2> <Width = 8> <Depth = 9> <RAM>
ST_10 : Operation 419 [2/2] (2.32ns)   --->   "%buffer_c1_12_load_2 = load i4 %buffer_c1_12_addr_1" [../cnn_hls.cpp:115]   --->   Operation 419 'load' 'buffer_c1_12_load_2' <Predicate = (trunc_ln110 == 4 & !icmp_ln113_1)> <Delay = 2.32> <CoreInst = "RAM">   --->   Core 81 'RAM' <Latency = 1> <II = 1> <Delay = 2.32> <Storage> <Opcode : 'load' 'store'> <Ports = 2> <Width = 8> <Depth = 9> <RAM>
ST_10 : Operation 420 [2/2] (2.32ns)   --->   "%buffer_c1_13_load_2 = load i4 %buffer_c1_13_addr_1" [../cnn_hls.cpp:115]   --->   Operation 420 'load' 'buffer_c1_13_load_2' <Predicate = (trunc_ln110 == 2 & !icmp_ln113_1)> <Delay = 2.32> <CoreInst = "RAM">   --->   Core 81 'RAM' <Latency = 1> <II = 1> <Delay = 2.32> <Storage> <Opcode : 'load' 'store'> <Ports = 2> <Width = 8> <Depth = 9> <RAM>
ST_10 : Operation 421 [2/2] (2.32ns)   --->   "%buffer_c1_14_load_2 = load i4 %buffer_c1_14_addr_1" [../cnn_hls.cpp:115]   --->   Operation 421 'load' 'buffer_c1_14_load_2' <Predicate = (trunc_ln110 == 0 & !icmp_ln113_1)> <Delay = 2.32> <CoreInst = "RAM">   --->   Core 81 'RAM' <Latency = 1> <II = 1> <Delay = 2.32> <Storage> <Opcode : 'load' 'store'> <Ports = 2> <Width = 8> <Depth = 9> <RAM>
ST_10 : Operation 422 [2/2] (2.32ns)   --->   "%buffer_c1_15_load_2 = load i4 %buffer_c1_15_addr_1" [../cnn_hls.cpp:115]   --->   Operation 422 'load' 'buffer_c1_15_load_2' <Predicate = (trunc_ln110 == 3 & !icmp_ln113_1)> <Delay = 2.32> <CoreInst = "RAM">   --->   Core 81 'RAM' <Latency = 1> <II = 1> <Delay = 2.32> <Storage> <Opcode : 'load' 'store'> <Ports = 2> <Width = 8> <Depth = 9> <RAM>
ST_10 : Operation 423 [2/2] (2.32ns)   --->   "%buffer_c1_16_load_2 = load i4 %buffer_c1_16_addr_1" [../cnn_hls.cpp:115]   --->   Operation 423 'load' 'buffer_c1_16_load_2' <Predicate = (trunc_ln110 == 1 & !icmp_ln113_1)> <Delay = 2.32> <CoreInst = "RAM">   --->   Core 81 'RAM' <Latency = 1> <II = 1> <Delay = 2.32> <Storage> <Opcode : 'load' 'store'> <Ports = 2> <Width = 8> <Depth = 9> <RAM>
ST_10 : Operation 424 [2/2] (2.32ns)   --->   "%buffer_c1_17_load_2 = load i4 %buffer_c1_17_addr_1" [../cnn_hls.cpp:115]   --->   Operation 424 'load' 'buffer_c1_17_load_2' <Predicate = (trunc_ln110 == 4 & !icmp_ln113_1)> <Delay = 2.32> <CoreInst = "RAM">   --->   Core 81 'RAM' <Latency = 1> <II = 1> <Delay = 2.32> <Storage> <Opcode : 'load' 'store'> <Ports = 2> <Width = 8> <Depth = 9> <RAM>
ST_10 : Operation 425 [2/2] (2.32ns)   --->   "%buffer_c1_18_load_2 = load i4 %buffer_c1_18_addr_1" [../cnn_hls.cpp:115]   --->   Operation 425 'load' 'buffer_c1_18_load_2' <Predicate = (trunc_ln110 == 2 & !icmp_ln113_1)> <Delay = 2.32> <CoreInst = "RAM">   --->   Core 81 'RAM' <Latency = 1> <II = 1> <Delay = 2.32> <Storage> <Opcode : 'load' 'store'> <Ports = 2> <Width = 8> <Depth = 9> <RAM>
ST_10 : Operation 426 [2/2] (2.32ns)   --->   "%buffer_c1_19_load_2 = load i4 %buffer_c1_19_addr_1" [../cnn_hls.cpp:115]   --->   Operation 426 'load' 'buffer_c1_19_load_2' <Predicate = (trunc_ln110 == 0 & !icmp_ln113_1)> <Delay = 2.32> <CoreInst = "RAM">   --->   Core 81 'RAM' <Latency = 1> <II = 1> <Delay = 2.32> <Storage> <Opcode : 'load' 'store'> <Ports = 2> <Width = 8> <Depth = 9> <RAM>
ST_10 : Operation 427 [2/2] (2.32ns)   --->   "%buffer_c1_20_load_2 = load i4 %buffer_c1_20_addr_1" [../cnn_hls.cpp:115]   --->   Operation 427 'load' 'buffer_c1_20_load_2' <Predicate = (trunc_ln110 == 3 & !icmp_ln113_1)> <Delay = 2.32> <CoreInst = "RAM">   --->   Core 81 'RAM' <Latency = 1> <II = 1> <Delay = 2.32> <Storage> <Opcode : 'load' 'store'> <Ports = 2> <Width = 8> <Depth = 9> <RAM>
ST_10 : Operation 428 [2/2] (2.32ns)   --->   "%buffer_c1_21_load_2 = load i4 %buffer_c1_21_addr_1" [../cnn_hls.cpp:115]   --->   Operation 428 'load' 'buffer_c1_21_load_2' <Predicate = (trunc_ln110 == 1 & !icmp_ln113_1)> <Delay = 2.32> <CoreInst = "RAM">   --->   Core 81 'RAM' <Latency = 1> <II = 1> <Delay = 2.32> <Storage> <Opcode : 'load' 'store'> <Ports = 2> <Width = 8> <Depth = 9> <RAM>
ST_10 : Operation 429 [2/2] (2.32ns)   --->   "%buffer_c1_22_load_2 = load i4 %buffer_c1_22_addr_1" [../cnn_hls.cpp:115]   --->   Operation 429 'load' 'buffer_c1_22_load_2' <Predicate = (trunc_ln110 == 4 & !icmp_ln113_1)> <Delay = 2.32> <CoreInst = "RAM">   --->   Core 81 'RAM' <Latency = 1> <II = 1> <Delay = 2.32> <Storage> <Opcode : 'load' 'store'> <Ports = 2> <Width = 8> <Depth = 9> <RAM>
ST_10 : Operation 430 [2/2] (2.32ns)   --->   "%buffer_c1_23_load_2 = load i4 %buffer_c1_23_addr_1" [../cnn_hls.cpp:115]   --->   Operation 430 'load' 'buffer_c1_23_load_2' <Predicate = (trunc_ln110 == 2 & !icmp_ln113_1)> <Delay = 2.32> <CoreInst = "RAM">   --->   Core 81 'RAM' <Latency = 1> <II = 1> <Delay = 2.32> <Storage> <Opcode : 'load' 'store'> <Ports = 2> <Width = 8> <Depth = 9> <RAM>
ST_10 : Operation 431 [2/2] (2.32ns)   --->   "%buffer_c1_24_load_2 = load i4 %buffer_c1_24_addr_1" [../cnn_hls.cpp:115]   --->   Operation 431 'load' 'buffer_c1_24_load_2' <Predicate = (trunc_ln110 == 0 & !icmp_ln113_1)> <Delay = 2.32> <CoreInst = "RAM">   --->   Core 81 'RAM' <Latency = 1> <II = 1> <Delay = 2.32> <Storage> <Opcode : 'load' 'store'> <Ports = 2> <Width = 8> <Depth = 9> <RAM>
ST_10 : Operation 432 [2/2] (2.32ns)   --->   "%buffer_c1_25_load_2 = load i4 %buffer_c1_25_addr_1" [../cnn_hls.cpp:115]   --->   Operation 432 'load' 'buffer_c1_25_load_2' <Predicate = (trunc_ln110 == 3 & !icmp_ln113_1)> <Delay = 2.32> <CoreInst = "RAM">   --->   Core 81 'RAM' <Latency = 1> <II = 1> <Delay = 2.32> <Storage> <Opcode : 'load' 'store'> <Ports = 2> <Width = 8> <Depth = 9> <RAM>
ST_10 : Operation 433 [2/2] (2.32ns)   --->   "%buffer_c1_26_load_2 = load i4 %buffer_c1_26_addr_1" [../cnn_hls.cpp:115]   --->   Operation 433 'load' 'buffer_c1_26_load_2' <Predicate = (trunc_ln110 == 1 & !icmp_ln113_1)> <Delay = 2.32> <CoreInst = "RAM">   --->   Core 81 'RAM' <Latency = 1> <II = 1> <Delay = 2.32> <Storage> <Opcode : 'load' 'store'> <Ports = 2> <Width = 8> <Depth = 9> <RAM>
ST_10 : Operation 434 [2/2] (2.32ns)   --->   "%buffer_c1_27_load_2 = load i4 %buffer_c1_27_addr_1" [../cnn_hls.cpp:115]   --->   Operation 434 'load' 'buffer_c1_27_load_2' <Predicate = (trunc_ln110 == 4 & !icmp_ln113_1)> <Delay = 2.32> <CoreInst = "RAM">   --->   Core 81 'RAM' <Latency = 1> <II = 1> <Delay = 2.32> <Storage> <Opcode : 'load' 'store'> <Ports = 2> <Width = 8> <Depth = 9> <RAM>
ST_10 : Operation 435 [2/2] (2.32ns)   --->   "%buffer_c1_28_load_2 = load i4 %buffer_c1_28_addr_1" [../cnn_hls.cpp:115]   --->   Operation 435 'load' 'buffer_c1_28_load_2' <Predicate = (trunc_ln110 == 2 & !icmp_ln113_1)> <Delay = 2.32> <CoreInst = "RAM">   --->   Core 81 'RAM' <Latency = 1> <II = 1> <Delay = 2.32> <Storage> <Opcode : 'load' 'store'> <Ports = 2> <Width = 8> <Depth = 9> <RAM>
ST_10 : Operation 436 [2/2] (2.32ns)   --->   "%buffer_c1_29_load_2 = load i4 %buffer_c1_29_addr_1" [../cnn_hls.cpp:115]   --->   Operation 436 'load' 'buffer_c1_29_load_2' <Predicate = (trunc_ln110 == 0 & !icmp_ln113_1)> <Delay = 2.32> <CoreInst = "RAM">   --->   Core 81 'RAM' <Latency = 1> <II = 1> <Delay = 2.32> <Storage> <Opcode : 'load' 'store'> <Ports = 2> <Width = 8> <Depth = 9> <RAM>
ST_10 : Operation 437 [2/2] (2.32ns)   --->   "%buffer_c1_30_load_2 = load i4 %buffer_c1_30_addr_1" [../cnn_hls.cpp:115]   --->   Operation 437 'load' 'buffer_c1_30_load_2' <Predicate = (trunc_ln110 == 3 & !icmp_ln113_1)> <Delay = 2.32> <CoreInst = "RAM">   --->   Core 81 'RAM' <Latency = 1> <II = 1> <Delay = 2.32> <Storage> <Opcode : 'load' 'store'> <Ports = 2> <Width = 8> <Depth = 9> <RAM>
ST_10 : Operation 438 [2/2] (2.32ns)   --->   "%buffer_c1_31_load_2 = load i4 %buffer_c1_31_addr_1" [../cnn_hls.cpp:115]   --->   Operation 438 'load' 'buffer_c1_31_load_2' <Predicate = (trunc_ln110 == 1 & !icmp_ln113_1)> <Delay = 2.32> <CoreInst = "RAM">   --->   Core 81 'RAM' <Latency = 1> <II = 1> <Delay = 2.32> <Storage> <Opcode : 'load' 'store'> <Ports = 2> <Width = 8> <Depth = 9> <RAM>
ST_10 : Operation 439 [2/2] (2.32ns)   --->   "%buffer_c1_32_load_2 = load i4 %buffer_c1_32_addr_1" [../cnn_hls.cpp:115]   --->   Operation 439 'load' 'buffer_c1_32_load_2' <Predicate = (trunc_ln110 == 4 & !icmp_ln113_1)> <Delay = 2.32> <CoreInst = "RAM">   --->   Core 81 'RAM' <Latency = 1> <II = 1> <Delay = 2.32> <Storage> <Opcode : 'load' 'store'> <Ports = 2> <Width = 8> <Depth = 9> <RAM>
ST_10 : Operation 440 [2/2] (2.32ns)   --->   "%buffer_c1_33_load_2 = load i4 %buffer_c1_33_addr_1" [../cnn_hls.cpp:115]   --->   Operation 440 'load' 'buffer_c1_33_load_2' <Predicate = (trunc_ln110 == 2 & !icmp_ln113_1)> <Delay = 2.32> <CoreInst = "RAM">   --->   Core 81 'RAM' <Latency = 1> <II = 1> <Delay = 2.32> <Storage> <Opcode : 'load' 'store'> <Ports = 2> <Width = 8> <Depth = 9> <RAM>
ST_10 : Operation 441 [2/2] (2.32ns)   --->   "%buffer_c1_34_load_2 = load i4 %buffer_c1_34_addr_1" [../cnn_hls.cpp:115]   --->   Operation 441 'load' 'buffer_c1_34_load_2' <Predicate = (trunc_ln110 == 0 & !icmp_ln113_1)> <Delay = 2.32> <CoreInst = "RAM">   --->   Core 81 'RAM' <Latency = 1> <II = 1> <Delay = 2.32> <Storage> <Opcode : 'load' 'store'> <Ports = 2> <Width = 8> <Depth = 9> <RAM>
ST_10 : Operation 442 [2/2] (2.32ns)   --->   "%buffer_c1_35_load_2 = load i4 %buffer_c1_35_addr_1" [../cnn_hls.cpp:115]   --->   Operation 442 'load' 'buffer_c1_35_load_2' <Predicate = (trunc_ln110 == 3 & !icmp_ln113_1)> <Delay = 2.32> <CoreInst = "RAM">   --->   Core 81 'RAM' <Latency = 1> <II = 1> <Delay = 2.32> <Storage> <Opcode : 'load' 'store'> <Ports = 2> <Width = 8> <Depth = 9> <RAM>
ST_10 : Operation 443 [2/2] (2.32ns)   --->   "%buffer_c1_36_load_2 = load i4 %buffer_c1_36_addr_1" [../cnn_hls.cpp:115]   --->   Operation 443 'load' 'buffer_c1_36_load_2' <Predicate = (trunc_ln110 == 1 & !icmp_ln113_1)> <Delay = 2.32> <CoreInst = "RAM">   --->   Core 81 'RAM' <Latency = 1> <II = 1> <Delay = 2.32> <Storage> <Opcode : 'load' 'store'> <Ports = 2> <Width = 8> <Depth = 9> <RAM>
ST_10 : Operation 444 [2/2] (2.32ns)   --->   "%buffer_c1_37_load_2 = load i4 %buffer_c1_37_addr_1" [../cnn_hls.cpp:115]   --->   Operation 444 'load' 'buffer_c1_37_load_2' <Predicate = (trunc_ln110 == 4 & !icmp_ln113_1)> <Delay = 2.32> <CoreInst = "RAM">   --->   Core 81 'RAM' <Latency = 1> <II = 1> <Delay = 2.32> <Storage> <Opcode : 'load' 'store'> <Ports = 2> <Width = 8> <Depth = 9> <RAM>
ST_10 : Operation 445 [2/2] (2.32ns)   --->   "%buffer_c1_38_load_2 = load i4 %buffer_c1_38_addr_1" [../cnn_hls.cpp:115]   --->   Operation 445 'load' 'buffer_c1_38_load_2' <Predicate = (trunc_ln110 == 2 & !icmp_ln113_1)> <Delay = 2.32> <CoreInst = "RAM">   --->   Core 81 'RAM' <Latency = 1> <II = 1> <Delay = 2.32> <Storage> <Opcode : 'load' 'store'> <Ports = 2> <Width = 8> <Depth = 9> <RAM>
ST_10 : Operation 446 [2/2] (2.32ns)   --->   "%buffer_c1_39_load_2 = load i4 %buffer_c1_39_addr_1" [../cnn_hls.cpp:115]   --->   Operation 446 'load' 'buffer_c1_39_load_2' <Predicate = (trunc_ln110 == 0 & !icmp_ln113_1)> <Delay = 2.32> <CoreInst = "RAM">   --->   Core 81 'RAM' <Latency = 1> <II = 1> <Delay = 2.32> <Storage> <Opcode : 'load' 'store'> <Ports = 2> <Width = 8> <Depth = 9> <RAM>
ST_10 : Operation 447 [2/2] (2.32ns)   --->   "%buffer_c1_load_3 = load i4 %buffer_c1_addr_3" [../cnn_hls.cpp:115]   --->   Operation 447 'load' 'buffer_c1_load_3' <Predicate = (trunc_ln110 == 2 & !icmp_ln113_2)> <Delay = 2.32> <CoreInst = "RAM">   --->   Core 81 'RAM' <Latency = 1> <II = 1> <Delay = 2.32> <Storage> <Opcode : 'load' 'store'> <Ports = 2> <Width = 8> <Depth = 9> <RAM>
ST_10 : Operation 448 [2/2] (2.32ns)   --->   "%buffer_c1_1_load_3 = load i4 %buffer_c1_1_addr_3" [../cnn_hls.cpp:115]   --->   Operation 448 'load' 'buffer_c1_1_load_3' <Predicate = (trunc_ln110 == 0 & !icmp_ln113_2)> <Delay = 2.32> <CoreInst = "RAM">   --->   Core 81 'RAM' <Latency = 1> <II = 1> <Delay = 2.32> <Storage> <Opcode : 'load' 'store'> <Ports = 2> <Width = 8> <Depth = 9> <RAM>
ST_10 : Operation 449 [2/2] (2.32ns)   --->   "%buffer_c1_2_load_3 = load i4 %buffer_c1_2_addr_3" [../cnn_hls.cpp:115]   --->   Operation 449 'load' 'buffer_c1_2_load_3' <Predicate = (trunc_ln110 == 3 & !icmp_ln113_2)> <Delay = 2.32> <CoreInst = "RAM">   --->   Core 81 'RAM' <Latency = 1> <II = 1> <Delay = 2.32> <Storage> <Opcode : 'load' 'store'> <Ports = 2> <Width = 8> <Depth = 9> <RAM>
ST_10 : Operation 450 [2/2] (2.32ns)   --->   "%buffer_c1_3_load_3 = load i4 %buffer_c1_3_addr_3" [../cnn_hls.cpp:115]   --->   Operation 450 'load' 'buffer_c1_3_load_3' <Predicate = (trunc_ln110 == 1 & !icmp_ln113_2)> <Delay = 2.32> <CoreInst = "RAM">   --->   Core 81 'RAM' <Latency = 1> <II = 1> <Delay = 2.32> <Storage> <Opcode : 'load' 'store'> <Ports = 2> <Width = 8> <Depth = 9> <RAM>
ST_10 : Operation 451 [2/2] (2.32ns)   --->   "%buffer_c1_4_load_3 = load i4 %buffer_c1_4_addr_3" [../cnn_hls.cpp:115]   --->   Operation 451 'load' 'buffer_c1_4_load_3' <Predicate = (trunc_ln110 == 4 & !icmp_ln113_2)> <Delay = 2.32> <CoreInst = "RAM">   --->   Core 81 'RAM' <Latency = 1> <II = 1> <Delay = 2.32> <Storage> <Opcode : 'load' 'store'> <Ports = 2> <Width = 8> <Depth = 9> <RAM>
ST_10 : Operation 452 [2/2] (2.32ns)   --->   "%buffer_c1_5_load_3 = load i4 %buffer_c1_5_addr_3" [../cnn_hls.cpp:115]   --->   Operation 452 'load' 'buffer_c1_5_load_3' <Predicate = (trunc_ln110 == 2 & !icmp_ln113_2)> <Delay = 2.32> <CoreInst = "RAM">   --->   Core 81 'RAM' <Latency = 1> <II = 1> <Delay = 2.32> <Storage> <Opcode : 'load' 'store'> <Ports = 2> <Width = 8> <Depth = 9> <RAM>
ST_10 : Operation 453 [2/2] (2.32ns)   --->   "%buffer_c1_6_load_3 = load i4 %buffer_c1_6_addr_3" [../cnn_hls.cpp:115]   --->   Operation 453 'load' 'buffer_c1_6_load_3' <Predicate = (trunc_ln110 == 0 & !icmp_ln113_2)> <Delay = 2.32> <CoreInst = "RAM">   --->   Core 81 'RAM' <Latency = 1> <II = 1> <Delay = 2.32> <Storage> <Opcode : 'load' 'store'> <Ports = 2> <Width = 8> <Depth = 9> <RAM>
ST_10 : Operation 454 [2/2] (2.32ns)   --->   "%buffer_c1_7_load_3 = load i4 %buffer_c1_7_addr_3" [../cnn_hls.cpp:115]   --->   Operation 454 'load' 'buffer_c1_7_load_3' <Predicate = (trunc_ln110 == 3 & !icmp_ln113_2)> <Delay = 2.32> <CoreInst = "RAM">   --->   Core 81 'RAM' <Latency = 1> <II = 1> <Delay = 2.32> <Storage> <Opcode : 'load' 'store'> <Ports = 2> <Width = 8> <Depth = 9> <RAM>
ST_10 : Operation 455 [2/2] (2.32ns)   --->   "%buffer_c1_8_load_3 = load i4 %buffer_c1_8_addr_3" [../cnn_hls.cpp:115]   --->   Operation 455 'load' 'buffer_c1_8_load_3' <Predicate = (trunc_ln110 == 1 & !icmp_ln113_2)> <Delay = 2.32> <CoreInst = "RAM">   --->   Core 81 'RAM' <Latency = 1> <II = 1> <Delay = 2.32> <Storage> <Opcode : 'load' 'store'> <Ports = 2> <Width = 8> <Depth = 9> <RAM>
ST_10 : Operation 456 [2/2] (2.32ns)   --->   "%buffer_c1_9_load_3 = load i4 %buffer_c1_9_addr_3" [../cnn_hls.cpp:115]   --->   Operation 456 'load' 'buffer_c1_9_load_3' <Predicate = (trunc_ln110 == 4 & !icmp_ln113_2)> <Delay = 2.32> <CoreInst = "RAM">   --->   Core 81 'RAM' <Latency = 1> <II = 1> <Delay = 2.32> <Storage> <Opcode : 'load' 'store'> <Ports = 2> <Width = 8> <Depth = 9> <RAM>
ST_10 : Operation 457 [2/2] (2.32ns)   --->   "%buffer_c1_10_load_3 = load i4 %buffer_c1_10_addr_3" [../cnn_hls.cpp:115]   --->   Operation 457 'load' 'buffer_c1_10_load_3' <Predicate = (trunc_ln110 == 2 & !icmp_ln113_2)> <Delay = 2.32> <CoreInst = "RAM">   --->   Core 81 'RAM' <Latency = 1> <II = 1> <Delay = 2.32> <Storage> <Opcode : 'load' 'store'> <Ports = 2> <Width = 8> <Depth = 9> <RAM>
ST_10 : Operation 458 [2/2] (2.32ns)   --->   "%buffer_c1_11_load_3 = load i4 %buffer_c1_11_addr_3" [../cnn_hls.cpp:115]   --->   Operation 458 'load' 'buffer_c1_11_load_3' <Predicate = (trunc_ln110 == 0 & !icmp_ln113_2)> <Delay = 2.32> <CoreInst = "RAM">   --->   Core 81 'RAM' <Latency = 1> <II = 1> <Delay = 2.32> <Storage> <Opcode : 'load' 'store'> <Ports = 2> <Width = 8> <Depth = 9> <RAM>
ST_10 : Operation 459 [2/2] (2.32ns)   --->   "%buffer_c1_12_load_3 = load i4 %buffer_c1_12_addr_3" [../cnn_hls.cpp:115]   --->   Operation 459 'load' 'buffer_c1_12_load_3' <Predicate = (trunc_ln110 == 3 & !icmp_ln113_2)> <Delay = 2.32> <CoreInst = "RAM">   --->   Core 81 'RAM' <Latency = 1> <II = 1> <Delay = 2.32> <Storage> <Opcode : 'load' 'store'> <Ports = 2> <Width = 8> <Depth = 9> <RAM>
ST_10 : Operation 460 [2/2] (2.32ns)   --->   "%buffer_c1_13_load_3 = load i4 %buffer_c1_13_addr_3" [../cnn_hls.cpp:115]   --->   Operation 460 'load' 'buffer_c1_13_load_3' <Predicate = (trunc_ln110 == 1 & !icmp_ln113_2)> <Delay = 2.32> <CoreInst = "RAM">   --->   Core 81 'RAM' <Latency = 1> <II = 1> <Delay = 2.32> <Storage> <Opcode : 'load' 'store'> <Ports = 2> <Width = 8> <Depth = 9> <RAM>
ST_10 : Operation 461 [2/2] (2.32ns)   --->   "%buffer_c1_14_load_3 = load i4 %buffer_c1_14_addr_3" [../cnn_hls.cpp:115]   --->   Operation 461 'load' 'buffer_c1_14_load_3' <Predicate = (trunc_ln110 == 4 & !icmp_ln113_2)> <Delay = 2.32> <CoreInst = "RAM">   --->   Core 81 'RAM' <Latency = 1> <II = 1> <Delay = 2.32> <Storage> <Opcode : 'load' 'store'> <Ports = 2> <Width = 8> <Depth = 9> <RAM>
ST_10 : Operation 462 [2/2] (2.32ns)   --->   "%buffer_c1_15_load_3 = load i4 %buffer_c1_15_addr_3" [../cnn_hls.cpp:115]   --->   Operation 462 'load' 'buffer_c1_15_load_3' <Predicate = (trunc_ln110 == 2 & !icmp_ln113_2)> <Delay = 2.32> <CoreInst = "RAM">   --->   Core 81 'RAM' <Latency = 1> <II = 1> <Delay = 2.32> <Storage> <Opcode : 'load' 'store'> <Ports = 2> <Width = 8> <Depth = 9> <RAM>
ST_10 : Operation 463 [2/2] (2.32ns)   --->   "%buffer_c1_16_load_3 = load i4 %buffer_c1_16_addr_3" [../cnn_hls.cpp:115]   --->   Operation 463 'load' 'buffer_c1_16_load_3' <Predicate = (trunc_ln110 == 0 & !icmp_ln113_2)> <Delay = 2.32> <CoreInst = "RAM">   --->   Core 81 'RAM' <Latency = 1> <II = 1> <Delay = 2.32> <Storage> <Opcode : 'load' 'store'> <Ports = 2> <Width = 8> <Depth = 9> <RAM>
ST_10 : Operation 464 [2/2] (2.32ns)   --->   "%buffer_c1_17_load_3 = load i4 %buffer_c1_17_addr_3" [../cnn_hls.cpp:115]   --->   Operation 464 'load' 'buffer_c1_17_load_3' <Predicate = (trunc_ln110 == 3 & !icmp_ln113_2)> <Delay = 2.32> <CoreInst = "RAM">   --->   Core 81 'RAM' <Latency = 1> <II = 1> <Delay = 2.32> <Storage> <Opcode : 'load' 'store'> <Ports = 2> <Width = 8> <Depth = 9> <RAM>
ST_10 : Operation 465 [2/2] (2.32ns)   --->   "%buffer_c1_18_load_3 = load i4 %buffer_c1_18_addr_3" [../cnn_hls.cpp:115]   --->   Operation 465 'load' 'buffer_c1_18_load_3' <Predicate = (trunc_ln110 == 1 & !icmp_ln113_2)> <Delay = 2.32> <CoreInst = "RAM">   --->   Core 81 'RAM' <Latency = 1> <II = 1> <Delay = 2.32> <Storage> <Opcode : 'load' 'store'> <Ports = 2> <Width = 8> <Depth = 9> <RAM>
ST_10 : Operation 466 [2/2] (2.32ns)   --->   "%buffer_c1_19_load_3 = load i4 %buffer_c1_19_addr_3" [../cnn_hls.cpp:115]   --->   Operation 466 'load' 'buffer_c1_19_load_3' <Predicate = (trunc_ln110 == 4 & !icmp_ln113_2)> <Delay = 2.32> <CoreInst = "RAM">   --->   Core 81 'RAM' <Latency = 1> <II = 1> <Delay = 2.32> <Storage> <Opcode : 'load' 'store'> <Ports = 2> <Width = 8> <Depth = 9> <RAM>
ST_10 : Operation 467 [2/2] (2.32ns)   --->   "%buffer_c1_20_load_3 = load i4 %buffer_c1_20_addr_3" [../cnn_hls.cpp:115]   --->   Operation 467 'load' 'buffer_c1_20_load_3' <Predicate = (trunc_ln110 == 2 & !icmp_ln113_2)> <Delay = 2.32> <CoreInst = "RAM">   --->   Core 81 'RAM' <Latency = 1> <II = 1> <Delay = 2.32> <Storage> <Opcode : 'load' 'store'> <Ports = 2> <Width = 8> <Depth = 9> <RAM>
ST_10 : Operation 468 [2/2] (2.32ns)   --->   "%buffer_c1_21_load_3 = load i4 %buffer_c1_21_addr_3" [../cnn_hls.cpp:115]   --->   Operation 468 'load' 'buffer_c1_21_load_3' <Predicate = (trunc_ln110 == 0 & !icmp_ln113_2)> <Delay = 2.32> <CoreInst = "RAM">   --->   Core 81 'RAM' <Latency = 1> <II = 1> <Delay = 2.32> <Storage> <Opcode : 'load' 'store'> <Ports = 2> <Width = 8> <Depth = 9> <RAM>
ST_10 : Operation 469 [2/2] (2.32ns)   --->   "%buffer_c1_22_load_3 = load i4 %buffer_c1_22_addr_3" [../cnn_hls.cpp:115]   --->   Operation 469 'load' 'buffer_c1_22_load_3' <Predicate = (trunc_ln110 == 3 & !icmp_ln113_2)> <Delay = 2.32> <CoreInst = "RAM">   --->   Core 81 'RAM' <Latency = 1> <II = 1> <Delay = 2.32> <Storage> <Opcode : 'load' 'store'> <Ports = 2> <Width = 8> <Depth = 9> <RAM>
ST_10 : Operation 470 [2/2] (2.32ns)   --->   "%buffer_c1_23_load_3 = load i4 %buffer_c1_23_addr_3" [../cnn_hls.cpp:115]   --->   Operation 470 'load' 'buffer_c1_23_load_3' <Predicate = (trunc_ln110 == 1 & !icmp_ln113_2)> <Delay = 2.32> <CoreInst = "RAM">   --->   Core 81 'RAM' <Latency = 1> <II = 1> <Delay = 2.32> <Storage> <Opcode : 'load' 'store'> <Ports = 2> <Width = 8> <Depth = 9> <RAM>
ST_10 : Operation 471 [2/2] (2.32ns)   --->   "%buffer_c1_24_load_3 = load i4 %buffer_c1_24_addr_3" [../cnn_hls.cpp:115]   --->   Operation 471 'load' 'buffer_c1_24_load_3' <Predicate = (trunc_ln110 == 4 & !icmp_ln113_2)> <Delay = 2.32> <CoreInst = "RAM">   --->   Core 81 'RAM' <Latency = 1> <II = 1> <Delay = 2.32> <Storage> <Opcode : 'load' 'store'> <Ports = 2> <Width = 8> <Depth = 9> <RAM>
ST_10 : Operation 472 [2/2] (2.32ns)   --->   "%buffer_c1_25_load_3 = load i4 %buffer_c1_25_addr_3" [../cnn_hls.cpp:115]   --->   Operation 472 'load' 'buffer_c1_25_load_3' <Predicate = (trunc_ln110 == 2 & !icmp_ln113_2)> <Delay = 2.32> <CoreInst = "RAM">   --->   Core 81 'RAM' <Latency = 1> <II = 1> <Delay = 2.32> <Storage> <Opcode : 'load' 'store'> <Ports = 2> <Width = 8> <Depth = 9> <RAM>
ST_10 : Operation 473 [2/2] (2.32ns)   --->   "%buffer_c1_26_load_3 = load i4 %buffer_c1_26_addr_3" [../cnn_hls.cpp:115]   --->   Operation 473 'load' 'buffer_c1_26_load_3' <Predicate = (trunc_ln110 == 0 & !icmp_ln113_2)> <Delay = 2.32> <CoreInst = "RAM">   --->   Core 81 'RAM' <Latency = 1> <II = 1> <Delay = 2.32> <Storage> <Opcode : 'load' 'store'> <Ports = 2> <Width = 8> <Depth = 9> <RAM>
ST_10 : Operation 474 [2/2] (2.32ns)   --->   "%buffer_c1_27_load_3 = load i4 %buffer_c1_27_addr_3" [../cnn_hls.cpp:115]   --->   Operation 474 'load' 'buffer_c1_27_load_3' <Predicate = (trunc_ln110 == 3 & !icmp_ln113_2)> <Delay = 2.32> <CoreInst = "RAM">   --->   Core 81 'RAM' <Latency = 1> <II = 1> <Delay = 2.32> <Storage> <Opcode : 'load' 'store'> <Ports = 2> <Width = 8> <Depth = 9> <RAM>
ST_10 : Operation 475 [2/2] (2.32ns)   --->   "%buffer_c1_28_load_3 = load i4 %buffer_c1_28_addr_3" [../cnn_hls.cpp:115]   --->   Operation 475 'load' 'buffer_c1_28_load_3' <Predicate = (trunc_ln110 == 1 & !icmp_ln113_2)> <Delay = 2.32> <CoreInst = "RAM">   --->   Core 81 'RAM' <Latency = 1> <II = 1> <Delay = 2.32> <Storage> <Opcode : 'load' 'store'> <Ports = 2> <Width = 8> <Depth = 9> <RAM>
ST_10 : Operation 476 [2/2] (2.32ns)   --->   "%buffer_c1_29_load_3 = load i4 %buffer_c1_29_addr_3" [../cnn_hls.cpp:115]   --->   Operation 476 'load' 'buffer_c1_29_load_3' <Predicate = (trunc_ln110 == 4 & !icmp_ln113_2)> <Delay = 2.32> <CoreInst = "RAM">   --->   Core 81 'RAM' <Latency = 1> <II = 1> <Delay = 2.32> <Storage> <Opcode : 'load' 'store'> <Ports = 2> <Width = 8> <Depth = 9> <RAM>
ST_10 : Operation 477 [2/2] (2.32ns)   --->   "%buffer_c1_30_load_3 = load i4 %buffer_c1_30_addr_3" [../cnn_hls.cpp:115]   --->   Operation 477 'load' 'buffer_c1_30_load_3' <Predicate = (trunc_ln110 == 2 & !icmp_ln113_2)> <Delay = 2.32> <CoreInst = "RAM">   --->   Core 81 'RAM' <Latency = 1> <II = 1> <Delay = 2.32> <Storage> <Opcode : 'load' 'store'> <Ports = 2> <Width = 8> <Depth = 9> <RAM>
ST_10 : Operation 478 [2/2] (2.32ns)   --->   "%buffer_c1_31_load_3 = load i4 %buffer_c1_31_addr_3" [../cnn_hls.cpp:115]   --->   Operation 478 'load' 'buffer_c1_31_load_3' <Predicate = (trunc_ln110 == 0 & !icmp_ln113_2)> <Delay = 2.32> <CoreInst = "RAM">   --->   Core 81 'RAM' <Latency = 1> <II = 1> <Delay = 2.32> <Storage> <Opcode : 'load' 'store'> <Ports = 2> <Width = 8> <Depth = 9> <RAM>
ST_10 : Operation 479 [2/2] (2.32ns)   --->   "%buffer_c1_32_load_3 = load i4 %buffer_c1_32_addr_3" [../cnn_hls.cpp:115]   --->   Operation 479 'load' 'buffer_c1_32_load_3' <Predicate = (trunc_ln110 == 3 & !icmp_ln113_2)> <Delay = 2.32> <CoreInst = "RAM">   --->   Core 81 'RAM' <Latency = 1> <II = 1> <Delay = 2.32> <Storage> <Opcode : 'load' 'store'> <Ports = 2> <Width = 8> <Depth = 9> <RAM>
ST_10 : Operation 480 [2/2] (2.32ns)   --->   "%buffer_c1_33_load_3 = load i4 %buffer_c1_33_addr_3" [../cnn_hls.cpp:115]   --->   Operation 480 'load' 'buffer_c1_33_load_3' <Predicate = (trunc_ln110 == 1 & !icmp_ln113_2)> <Delay = 2.32> <CoreInst = "RAM">   --->   Core 81 'RAM' <Latency = 1> <II = 1> <Delay = 2.32> <Storage> <Opcode : 'load' 'store'> <Ports = 2> <Width = 8> <Depth = 9> <RAM>
ST_10 : Operation 481 [2/2] (2.32ns)   --->   "%buffer_c1_34_load_3 = load i4 %buffer_c1_34_addr_3" [../cnn_hls.cpp:115]   --->   Operation 481 'load' 'buffer_c1_34_load_3' <Predicate = (trunc_ln110 == 4 & !icmp_ln113_2)> <Delay = 2.32> <CoreInst = "RAM">   --->   Core 81 'RAM' <Latency = 1> <II = 1> <Delay = 2.32> <Storage> <Opcode : 'load' 'store'> <Ports = 2> <Width = 8> <Depth = 9> <RAM>
ST_10 : Operation 482 [2/2] (2.32ns)   --->   "%buffer_c1_35_load_3 = load i4 %buffer_c1_35_addr_3" [../cnn_hls.cpp:115]   --->   Operation 482 'load' 'buffer_c1_35_load_3' <Predicate = (trunc_ln110 == 2 & !icmp_ln113_2)> <Delay = 2.32> <CoreInst = "RAM">   --->   Core 81 'RAM' <Latency = 1> <II = 1> <Delay = 2.32> <Storage> <Opcode : 'load' 'store'> <Ports = 2> <Width = 8> <Depth = 9> <RAM>
ST_10 : Operation 483 [2/2] (2.32ns)   --->   "%buffer_c1_36_load_3 = load i4 %buffer_c1_36_addr_3" [../cnn_hls.cpp:115]   --->   Operation 483 'load' 'buffer_c1_36_load_3' <Predicate = (trunc_ln110 == 0 & !icmp_ln113_2)> <Delay = 2.32> <CoreInst = "RAM">   --->   Core 81 'RAM' <Latency = 1> <II = 1> <Delay = 2.32> <Storage> <Opcode : 'load' 'store'> <Ports = 2> <Width = 8> <Depth = 9> <RAM>
ST_10 : Operation 484 [2/2] (2.32ns)   --->   "%buffer_c1_37_load_3 = load i4 %buffer_c1_37_addr_3" [../cnn_hls.cpp:115]   --->   Operation 484 'load' 'buffer_c1_37_load_3' <Predicate = (trunc_ln110 == 3 & !icmp_ln113_2)> <Delay = 2.32> <CoreInst = "RAM">   --->   Core 81 'RAM' <Latency = 1> <II = 1> <Delay = 2.32> <Storage> <Opcode : 'load' 'store'> <Ports = 2> <Width = 8> <Depth = 9> <RAM>
ST_10 : Operation 485 [2/2] (2.32ns)   --->   "%buffer_c1_38_load_3 = load i4 %buffer_c1_38_addr_3" [../cnn_hls.cpp:115]   --->   Operation 485 'load' 'buffer_c1_38_load_3' <Predicate = (trunc_ln110 == 1 & !icmp_ln113_2)> <Delay = 2.32> <CoreInst = "RAM">   --->   Core 81 'RAM' <Latency = 1> <II = 1> <Delay = 2.32> <Storage> <Opcode : 'load' 'store'> <Ports = 2> <Width = 8> <Depth = 9> <RAM>
ST_10 : Operation 486 [2/2] (2.32ns)   --->   "%buffer_c1_39_load_3 = load i4 %buffer_c1_39_addr_3" [../cnn_hls.cpp:115]   --->   Operation 486 'load' 'buffer_c1_39_load_3' <Predicate = (trunc_ln110 == 4 & !icmp_ln113_2)> <Delay = 2.32> <CoreInst = "RAM">   --->   Core 81 'RAM' <Latency = 1> <II = 1> <Delay = 2.32> <Storage> <Opcode : 'load' 'store'> <Ports = 2> <Width = 8> <Depth = 9> <RAM>
ST_10 : Operation 487 [2/2] (2.32ns)   --->   "%buffer_c1_load_4 = load i4 %buffer_c1_addr_4" [../cnn_hls.cpp:115]   --->   Operation 487 'load' 'buffer_c1_load_4' <Predicate = (trunc_ln110 == 4 & !icmp_ln113_3)> <Delay = 2.32> <CoreInst = "RAM">   --->   Core 81 'RAM' <Latency = 1> <II = 1> <Delay = 2.32> <Storage> <Opcode : 'load' 'store'> <Ports = 2> <Width = 8> <Depth = 9> <RAM>
ST_10 : Operation 488 [2/2] (2.32ns)   --->   "%buffer_c1_1_load_4 = load i4 %buffer_c1_1_addr_4" [../cnn_hls.cpp:115]   --->   Operation 488 'load' 'buffer_c1_1_load_4' <Predicate = (trunc_ln110 == 2 & !icmp_ln113_3)> <Delay = 2.32> <CoreInst = "RAM">   --->   Core 81 'RAM' <Latency = 1> <II = 1> <Delay = 2.32> <Storage> <Opcode : 'load' 'store'> <Ports = 2> <Width = 8> <Depth = 9> <RAM>
ST_10 : Operation 489 [2/2] (2.32ns)   --->   "%buffer_c1_2_load_4 = load i4 %buffer_c1_2_addr_4" [../cnn_hls.cpp:115]   --->   Operation 489 'load' 'buffer_c1_2_load_4' <Predicate = (trunc_ln110 == 0 & !icmp_ln113_3)> <Delay = 2.32> <CoreInst = "RAM">   --->   Core 81 'RAM' <Latency = 1> <II = 1> <Delay = 2.32> <Storage> <Opcode : 'load' 'store'> <Ports = 2> <Width = 8> <Depth = 9> <RAM>
ST_10 : Operation 490 [2/2] (2.32ns)   --->   "%buffer_c1_3_load_4 = load i4 %buffer_c1_3_addr_4" [../cnn_hls.cpp:115]   --->   Operation 490 'load' 'buffer_c1_3_load_4' <Predicate = (trunc_ln110 == 3 & !icmp_ln113_3)> <Delay = 2.32> <CoreInst = "RAM">   --->   Core 81 'RAM' <Latency = 1> <II = 1> <Delay = 2.32> <Storage> <Opcode : 'load' 'store'> <Ports = 2> <Width = 8> <Depth = 9> <RAM>
ST_10 : Operation 491 [2/2] (2.32ns)   --->   "%buffer_c1_4_load_4 = load i4 %buffer_c1_4_addr_4" [../cnn_hls.cpp:115]   --->   Operation 491 'load' 'buffer_c1_4_load_4' <Predicate = (trunc_ln110 == 1 & !icmp_ln113_3)> <Delay = 2.32> <CoreInst = "RAM">   --->   Core 81 'RAM' <Latency = 1> <II = 1> <Delay = 2.32> <Storage> <Opcode : 'load' 'store'> <Ports = 2> <Width = 8> <Depth = 9> <RAM>
ST_10 : Operation 492 [2/2] (2.32ns)   --->   "%buffer_c1_5_load_4 = load i4 %buffer_c1_5_addr_4" [../cnn_hls.cpp:115]   --->   Operation 492 'load' 'buffer_c1_5_load_4' <Predicate = (trunc_ln110 == 4 & !icmp_ln113_3)> <Delay = 2.32> <CoreInst = "RAM">   --->   Core 81 'RAM' <Latency = 1> <II = 1> <Delay = 2.32> <Storage> <Opcode : 'load' 'store'> <Ports = 2> <Width = 8> <Depth = 9> <RAM>
ST_10 : Operation 493 [2/2] (2.32ns)   --->   "%buffer_c1_6_load_4 = load i4 %buffer_c1_6_addr_4" [../cnn_hls.cpp:115]   --->   Operation 493 'load' 'buffer_c1_6_load_4' <Predicate = (trunc_ln110 == 2 & !icmp_ln113_3)> <Delay = 2.32> <CoreInst = "RAM">   --->   Core 81 'RAM' <Latency = 1> <II = 1> <Delay = 2.32> <Storage> <Opcode : 'load' 'store'> <Ports = 2> <Width = 8> <Depth = 9> <RAM>
ST_10 : Operation 494 [2/2] (2.32ns)   --->   "%buffer_c1_7_load_4 = load i4 %buffer_c1_7_addr_4" [../cnn_hls.cpp:115]   --->   Operation 494 'load' 'buffer_c1_7_load_4' <Predicate = (trunc_ln110 == 0 & !icmp_ln113_3)> <Delay = 2.32> <CoreInst = "RAM">   --->   Core 81 'RAM' <Latency = 1> <II = 1> <Delay = 2.32> <Storage> <Opcode : 'load' 'store'> <Ports = 2> <Width = 8> <Depth = 9> <RAM>
ST_10 : Operation 495 [2/2] (2.32ns)   --->   "%buffer_c1_8_load_4 = load i4 %buffer_c1_8_addr_4" [../cnn_hls.cpp:115]   --->   Operation 495 'load' 'buffer_c1_8_load_4' <Predicate = (trunc_ln110 == 3 & !icmp_ln113_3)> <Delay = 2.32> <CoreInst = "RAM">   --->   Core 81 'RAM' <Latency = 1> <II = 1> <Delay = 2.32> <Storage> <Opcode : 'load' 'store'> <Ports = 2> <Width = 8> <Depth = 9> <RAM>
ST_10 : Operation 496 [2/2] (2.32ns)   --->   "%buffer_c1_9_load_4 = load i4 %buffer_c1_9_addr_4" [../cnn_hls.cpp:115]   --->   Operation 496 'load' 'buffer_c1_9_load_4' <Predicate = (trunc_ln110 == 1 & !icmp_ln113_3)> <Delay = 2.32> <CoreInst = "RAM">   --->   Core 81 'RAM' <Latency = 1> <II = 1> <Delay = 2.32> <Storage> <Opcode : 'load' 'store'> <Ports = 2> <Width = 8> <Depth = 9> <RAM>
ST_10 : Operation 497 [2/2] (2.32ns)   --->   "%buffer_c1_10_load_4 = load i4 %buffer_c1_10_addr_4" [../cnn_hls.cpp:115]   --->   Operation 497 'load' 'buffer_c1_10_load_4' <Predicate = (trunc_ln110 == 4 & !icmp_ln113_3)> <Delay = 2.32> <CoreInst = "RAM">   --->   Core 81 'RAM' <Latency = 1> <II = 1> <Delay = 2.32> <Storage> <Opcode : 'load' 'store'> <Ports = 2> <Width = 8> <Depth = 9> <RAM>
ST_10 : Operation 498 [2/2] (2.32ns)   --->   "%buffer_c1_11_load_4 = load i4 %buffer_c1_11_addr_4" [../cnn_hls.cpp:115]   --->   Operation 498 'load' 'buffer_c1_11_load_4' <Predicate = (trunc_ln110 == 2 & !icmp_ln113_3)> <Delay = 2.32> <CoreInst = "RAM">   --->   Core 81 'RAM' <Latency = 1> <II = 1> <Delay = 2.32> <Storage> <Opcode : 'load' 'store'> <Ports = 2> <Width = 8> <Depth = 9> <RAM>
ST_10 : Operation 499 [2/2] (2.32ns)   --->   "%buffer_c1_12_load_4 = load i4 %buffer_c1_12_addr_4" [../cnn_hls.cpp:115]   --->   Operation 499 'load' 'buffer_c1_12_load_4' <Predicate = (trunc_ln110 == 0 & !icmp_ln113_3)> <Delay = 2.32> <CoreInst = "RAM">   --->   Core 81 'RAM' <Latency = 1> <II = 1> <Delay = 2.32> <Storage> <Opcode : 'load' 'store'> <Ports = 2> <Width = 8> <Depth = 9> <RAM>
ST_10 : Operation 500 [2/2] (2.32ns)   --->   "%buffer_c1_13_load_4 = load i4 %buffer_c1_13_addr_4" [../cnn_hls.cpp:115]   --->   Operation 500 'load' 'buffer_c1_13_load_4' <Predicate = (trunc_ln110 == 3 & !icmp_ln113_3)> <Delay = 2.32> <CoreInst = "RAM">   --->   Core 81 'RAM' <Latency = 1> <II = 1> <Delay = 2.32> <Storage> <Opcode : 'load' 'store'> <Ports = 2> <Width = 8> <Depth = 9> <RAM>
ST_10 : Operation 501 [2/2] (2.32ns)   --->   "%buffer_c1_14_load_4 = load i4 %buffer_c1_14_addr_4" [../cnn_hls.cpp:115]   --->   Operation 501 'load' 'buffer_c1_14_load_4' <Predicate = (trunc_ln110 == 1 & !icmp_ln113_3)> <Delay = 2.32> <CoreInst = "RAM">   --->   Core 81 'RAM' <Latency = 1> <II = 1> <Delay = 2.32> <Storage> <Opcode : 'load' 'store'> <Ports = 2> <Width = 8> <Depth = 9> <RAM>
ST_10 : Operation 502 [2/2] (2.32ns)   --->   "%buffer_c1_15_load_4 = load i4 %buffer_c1_15_addr_4" [../cnn_hls.cpp:115]   --->   Operation 502 'load' 'buffer_c1_15_load_4' <Predicate = (trunc_ln110 == 4 & !icmp_ln113_3)> <Delay = 2.32> <CoreInst = "RAM">   --->   Core 81 'RAM' <Latency = 1> <II = 1> <Delay = 2.32> <Storage> <Opcode : 'load' 'store'> <Ports = 2> <Width = 8> <Depth = 9> <RAM>
ST_10 : Operation 503 [2/2] (2.32ns)   --->   "%buffer_c1_16_load_4 = load i4 %buffer_c1_16_addr_4" [../cnn_hls.cpp:115]   --->   Operation 503 'load' 'buffer_c1_16_load_4' <Predicate = (trunc_ln110 == 2 & !icmp_ln113_3)> <Delay = 2.32> <CoreInst = "RAM">   --->   Core 81 'RAM' <Latency = 1> <II = 1> <Delay = 2.32> <Storage> <Opcode : 'load' 'store'> <Ports = 2> <Width = 8> <Depth = 9> <RAM>
ST_10 : Operation 504 [2/2] (2.32ns)   --->   "%buffer_c1_17_load_4 = load i4 %buffer_c1_17_addr_4" [../cnn_hls.cpp:115]   --->   Operation 504 'load' 'buffer_c1_17_load_4' <Predicate = (trunc_ln110 == 0 & !icmp_ln113_3)> <Delay = 2.32> <CoreInst = "RAM">   --->   Core 81 'RAM' <Latency = 1> <II = 1> <Delay = 2.32> <Storage> <Opcode : 'load' 'store'> <Ports = 2> <Width = 8> <Depth = 9> <RAM>
ST_10 : Operation 505 [2/2] (2.32ns)   --->   "%buffer_c1_18_load_4 = load i4 %buffer_c1_18_addr_4" [../cnn_hls.cpp:115]   --->   Operation 505 'load' 'buffer_c1_18_load_4' <Predicate = (trunc_ln110 == 3 & !icmp_ln113_3)> <Delay = 2.32> <CoreInst = "RAM">   --->   Core 81 'RAM' <Latency = 1> <II = 1> <Delay = 2.32> <Storage> <Opcode : 'load' 'store'> <Ports = 2> <Width = 8> <Depth = 9> <RAM>
ST_10 : Operation 506 [2/2] (2.32ns)   --->   "%buffer_c1_19_load_4 = load i4 %buffer_c1_19_addr_4" [../cnn_hls.cpp:115]   --->   Operation 506 'load' 'buffer_c1_19_load_4' <Predicate = (trunc_ln110 == 1 & !icmp_ln113_3)> <Delay = 2.32> <CoreInst = "RAM">   --->   Core 81 'RAM' <Latency = 1> <II = 1> <Delay = 2.32> <Storage> <Opcode : 'load' 'store'> <Ports = 2> <Width = 8> <Depth = 9> <RAM>
ST_10 : Operation 507 [2/2] (2.32ns)   --->   "%buffer_c1_20_load_4 = load i4 %buffer_c1_20_addr_4" [../cnn_hls.cpp:115]   --->   Operation 507 'load' 'buffer_c1_20_load_4' <Predicate = (trunc_ln110 == 4 & !icmp_ln113_3)> <Delay = 2.32> <CoreInst = "RAM">   --->   Core 81 'RAM' <Latency = 1> <II = 1> <Delay = 2.32> <Storage> <Opcode : 'load' 'store'> <Ports = 2> <Width = 8> <Depth = 9> <RAM>
ST_10 : Operation 508 [2/2] (2.32ns)   --->   "%buffer_c1_21_load_4 = load i4 %buffer_c1_21_addr_4" [../cnn_hls.cpp:115]   --->   Operation 508 'load' 'buffer_c1_21_load_4' <Predicate = (trunc_ln110 == 2 & !icmp_ln113_3)> <Delay = 2.32> <CoreInst = "RAM">   --->   Core 81 'RAM' <Latency = 1> <II = 1> <Delay = 2.32> <Storage> <Opcode : 'load' 'store'> <Ports = 2> <Width = 8> <Depth = 9> <RAM>
ST_10 : Operation 509 [2/2] (2.32ns)   --->   "%buffer_c1_22_load_4 = load i4 %buffer_c1_22_addr_4" [../cnn_hls.cpp:115]   --->   Operation 509 'load' 'buffer_c1_22_load_4' <Predicate = (trunc_ln110 == 0 & !icmp_ln113_3)> <Delay = 2.32> <CoreInst = "RAM">   --->   Core 81 'RAM' <Latency = 1> <II = 1> <Delay = 2.32> <Storage> <Opcode : 'load' 'store'> <Ports = 2> <Width = 8> <Depth = 9> <RAM>
ST_10 : Operation 510 [2/2] (2.32ns)   --->   "%buffer_c1_23_load_4 = load i4 %buffer_c1_23_addr_4" [../cnn_hls.cpp:115]   --->   Operation 510 'load' 'buffer_c1_23_load_4' <Predicate = (trunc_ln110 == 3 & !icmp_ln113_3)> <Delay = 2.32> <CoreInst = "RAM">   --->   Core 81 'RAM' <Latency = 1> <II = 1> <Delay = 2.32> <Storage> <Opcode : 'load' 'store'> <Ports = 2> <Width = 8> <Depth = 9> <RAM>
ST_10 : Operation 511 [2/2] (2.32ns)   --->   "%buffer_c1_24_load_4 = load i4 %buffer_c1_24_addr_4" [../cnn_hls.cpp:115]   --->   Operation 511 'load' 'buffer_c1_24_load_4' <Predicate = (trunc_ln110 == 1 & !icmp_ln113_3)> <Delay = 2.32> <CoreInst = "RAM">   --->   Core 81 'RAM' <Latency = 1> <II = 1> <Delay = 2.32> <Storage> <Opcode : 'load' 'store'> <Ports = 2> <Width = 8> <Depth = 9> <RAM>
ST_10 : Operation 512 [2/2] (2.32ns)   --->   "%buffer_c1_25_load_4 = load i4 %buffer_c1_25_addr_4" [../cnn_hls.cpp:115]   --->   Operation 512 'load' 'buffer_c1_25_load_4' <Predicate = (trunc_ln110 == 4 & !icmp_ln113_3)> <Delay = 2.32> <CoreInst = "RAM">   --->   Core 81 'RAM' <Latency = 1> <II = 1> <Delay = 2.32> <Storage> <Opcode : 'load' 'store'> <Ports = 2> <Width = 8> <Depth = 9> <RAM>
ST_10 : Operation 513 [2/2] (2.32ns)   --->   "%buffer_c1_26_load_4 = load i4 %buffer_c1_26_addr_4" [../cnn_hls.cpp:115]   --->   Operation 513 'load' 'buffer_c1_26_load_4' <Predicate = (trunc_ln110 == 2 & !icmp_ln113_3)> <Delay = 2.32> <CoreInst = "RAM">   --->   Core 81 'RAM' <Latency = 1> <II = 1> <Delay = 2.32> <Storage> <Opcode : 'load' 'store'> <Ports = 2> <Width = 8> <Depth = 9> <RAM>
ST_10 : Operation 514 [2/2] (2.32ns)   --->   "%buffer_c1_27_load_4 = load i4 %buffer_c1_27_addr_4" [../cnn_hls.cpp:115]   --->   Operation 514 'load' 'buffer_c1_27_load_4' <Predicate = (trunc_ln110 == 0 & !icmp_ln113_3)> <Delay = 2.32> <CoreInst = "RAM">   --->   Core 81 'RAM' <Latency = 1> <II = 1> <Delay = 2.32> <Storage> <Opcode : 'load' 'store'> <Ports = 2> <Width = 8> <Depth = 9> <RAM>
ST_10 : Operation 515 [2/2] (2.32ns)   --->   "%buffer_c1_28_load_4 = load i4 %buffer_c1_28_addr_4" [../cnn_hls.cpp:115]   --->   Operation 515 'load' 'buffer_c1_28_load_4' <Predicate = (trunc_ln110 == 3 & !icmp_ln113_3)> <Delay = 2.32> <CoreInst = "RAM">   --->   Core 81 'RAM' <Latency = 1> <II = 1> <Delay = 2.32> <Storage> <Opcode : 'load' 'store'> <Ports = 2> <Width = 8> <Depth = 9> <RAM>
ST_10 : Operation 516 [2/2] (2.32ns)   --->   "%buffer_c1_29_load_4 = load i4 %buffer_c1_29_addr_4" [../cnn_hls.cpp:115]   --->   Operation 516 'load' 'buffer_c1_29_load_4' <Predicate = (trunc_ln110 == 1 & !icmp_ln113_3)> <Delay = 2.32> <CoreInst = "RAM">   --->   Core 81 'RAM' <Latency = 1> <II = 1> <Delay = 2.32> <Storage> <Opcode : 'load' 'store'> <Ports = 2> <Width = 8> <Depth = 9> <RAM>
ST_10 : Operation 517 [2/2] (2.32ns)   --->   "%buffer_c1_30_load_4 = load i4 %buffer_c1_30_addr_4" [../cnn_hls.cpp:115]   --->   Operation 517 'load' 'buffer_c1_30_load_4' <Predicate = (trunc_ln110 == 4 & !icmp_ln113_3)> <Delay = 2.32> <CoreInst = "RAM">   --->   Core 81 'RAM' <Latency = 1> <II = 1> <Delay = 2.32> <Storage> <Opcode : 'load' 'store'> <Ports = 2> <Width = 8> <Depth = 9> <RAM>
ST_10 : Operation 518 [2/2] (2.32ns)   --->   "%buffer_c1_31_load_4 = load i4 %buffer_c1_31_addr_4" [../cnn_hls.cpp:115]   --->   Operation 518 'load' 'buffer_c1_31_load_4' <Predicate = (trunc_ln110 == 2 & !icmp_ln113_3)> <Delay = 2.32> <CoreInst = "RAM">   --->   Core 81 'RAM' <Latency = 1> <II = 1> <Delay = 2.32> <Storage> <Opcode : 'load' 'store'> <Ports = 2> <Width = 8> <Depth = 9> <RAM>
ST_10 : Operation 519 [2/2] (2.32ns)   --->   "%buffer_c1_32_load_4 = load i4 %buffer_c1_32_addr_4" [../cnn_hls.cpp:115]   --->   Operation 519 'load' 'buffer_c1_32_load_4' <Predicate = (trunc_ln110 == 0 & !icmp_ln113_3)> <Delay = 2.32> <CoreInst = "RAM">   --->   Core 81 'RAM' <Latency = 1> <II = 1> <Delay = 2.32> <Storage> <Opcode : 'load' 'store'> <Ports = 2> <Width = 8> <Depth = 9> <RAM>
ST_10 : Operation 520 [2/2] (2.32ns)   --->   "%buffer_c1_33_load_4 = load i4 %buffer_c1_33_addr_4" [../cnn_hls.cpp:115]   --->   Operation 520 'load' 'buffer_c1_33_load_4' <Predicate = (trunc_ln110 == 3 & !icmp_ln113_3)> <Delay = 2.32> <CoreInst = "RAM">   --->   Core 81 'RAM' <Latency = 1> <II = 1> <Delay = 2.32> <Storage> <Opcode : 'load' 'store'> <Ports = 2> <Width = 8> <Depth = 9> <RAM>
ST_10 : Operation 521 [2/2] (2.32ns)   --->   "%buffer_c1_34_load_4 = load i4 %buffer_c1_34_addr_4" [../cnn_hls.cpp:115]   --->   Operation 521 'load' 'buffer_c1_34_load_4' <Predicate = (trunc_ln110 == 1 & !icmp_ln113_3)> <Delay = 2.32> <CoreInst = "RAM">   --->   Core 81 'RAM' <Latency = 1> <II = 1> <Delay = 2.32> <Storage> <Opcode : 'load' 'store'> <Ports = 2> <Width = 8> <Depth = 9> <RAM>
ST_10 : Operation 522 [2/2] (2.32ns)   --->   "%buffer_c1_35_load_4 = load i4 %buffer_c1_35_addr_4" [../cnn_hls.cpp:115]   --->   Operation 522 'load' 'buffer_c1_35_load_4' <Predicate = (trunc_ln110 == 4 & !icmp_ln113_3)> <Delay = 2.32> <CoreInst = "RAM">   --->   Core 81 'RAM' <Latency = 1> <II = 1> <Delay = 2.32> <Storage> <Opcode : 'load' 'store'> <Ports = 2> <Width = 8> <Depth = 9> <RAM>
ST_10 : Operation 523 [2/2] (2.32ns)   --->   "%buffer_c1_36_load_4 = load i4 %buffer_c1_36_addr_4" [../cnn_hls.cpp:115]   --->   Operation 523 'load' 'buffer_c1_36_load_4' <Predicate = (trunc_ln110 == 2 & !icmp_ln113_3)> <Delay = 2.32> <CoreInst = "RAM">   --->   Core 81 'RAM' <Latency = 1> <II = 1> <Delay = 2.32> <Storage> <Opcode : 'load' 'store'> <Ports = 2> <Width = 8> <Depth = 9> <RAM>
ST_10 : Operation 524 [2/2] (2.32ns)   --->   "%buffer_c1_37_load_4 = load i4 %buffer_c1_37_addr_4" [../cnn_hls.cpp:115]   --->   Operation 524 'load' 'buffer_c1_37_load_4' <Predicate = (trunc_ln110 == 0 & !icmp_ln113_3)> <Delay = 2.32> <CoreInst = "RAM">   --->   Core 81 'RAM' <Latency = 1> <II = 1> <Delay = 2.32> <Storage> <Opcode : 'load' 'store'> <Ports = 2> <Width = 8> <Depth = 9> <RAM>
ST_10 : Operation 525 [2/2] (2.32ns)   --->   "%buffer_c1_38_load_4 = load i4 %buffer_c1_38_addr_4" [../cnn_hls.cpp:115]   --->   Operation 525 'load' 'buffer_c1_38_load_4' <Predicate = (trunc_ln110 == 3 & !icmp_ln113_3)> <Delay = 2.32> <CoreInst = "RAM">   --->   Core 81 'RAM' <Latency = 1> <II = 1> <Delay = 2.32> <Storage> <Opcode : 'load' 'store'> <Ports = 2> <Width = 8> <Depth = 9> <RAM>
ST_10 : Operation 526 [2/2] (2.32ns)   --->   "%buffer_c1_39_load_4 = load i4 %buffer_c1_39_addr_4" [../cnn_hls.cpp:115]   --->   Operation 526 'load' 'buffer_c1_39_load_4' <Predicate = (trunc_ln110 == 1 & !icmp_ln113_3)> <Delay = 2.32> <CoreInst = "RAM">   --->   Core 81 'RAM' <Latency = 1> <II = 1> <Delay = 2.32> <Storage> <Opcode : 'load' 'store'> <Ports = 2> <Width = 8> <Depth = 9> <RAM>
ST_10 : Operation 527 [1/1] (0.00ns)   --->   "%shl_ln118 = shl i5 %select_ln103, i5 1" [../cnn_hls.cpp:118]   --->   Operation 527 'shl' 'shl_ln118' <Predicate = true> <Delay = 0.00>
ST_10 : Operation 528 [1/1] (0.00ns)   --->   "%zext_ln118 = zext i5 %shl_ln118" [../cnn_hls.cpp:118]   --->   Operation 528 'zext' 'zext_ln118' <Predicate = true> <Delay = 0.00>
ST_10 : Operation 529 [1/1] (0.00ns)   --->   "%p_ZL12conv2_weight_0_addr = getelementptr i8 %p_ZL12conv2_weight_0, i64 0, i64 %zext_ln118" [../cnn_hls.cpp:118]   --->   Operation 529 'getelementptr' 'p_ZL12conv2_weight_0_addr' <Predicate = true> <Delay = 0.00>
ST_10 : Operation 530 [2/2] (2.32ns)   --->   "%p_ZL12conv2_weight_0_load = load i5 %p_ZL12conv2_weight_0_addr" [../cnn_hls.cpp:118]   --->   Operation 530 'load' 'p_ZL12conv2_weight_0_load' <Predicate = true> <Delay = 2.32> <CoreInst = "ROM">   --->   Core 94 'ROM' <Latency = 1> <II = 1> <Delay = 2.32> <Storage> <Opcode : 'load'> <Ports = 0> <Width = 8> <Depth = 32> <ROM>
ST_10 : Operation 531 [1/1] (0.00ns)   --->   "%p_ZL12conv2_weight_15_addr = getelementptr i8 %p_ZL12conv2_weight_15, i64 0, i64 %zext_ln118" [../cnn_hls.cpp:118]   --->   Operation 531 'getelementptr' 'p_ZL12conv2_weight_15_addr' <Predicate = true> <Delay = 0.00>
ST_10 : Operation 532 [2/2] (2.32ns)   --->   "%p_ZL12conv2_weight_15_load = load i5 %p_ZL12conv2_weight_15_addr" [../cnn_hls.cpp:118]   --->   Operation 532 'load' 'p_ZL12conv2_weight_15_load' <Predicate = true> <Delay = 2.32> <CoreInst = "ROM">   --->   Core 94 'ROM' <Latency = 1> <II = 1> <Delay = 2.32> <Storage> <Opcode : 'load'> <Ports = 0> <Width = 8> <Depth = 32> <ROM>
ST_10 : Operation 533 [1/1] (0.00ns)   --->   "%or_ln2 = bitconcatenate i5 @_ssdm_op_BitConcatenate.i5.i4.i1, i4 %trunc_ln104, i1 1" [../cnn_hls.cpp:118]   --->   Operation 533 'bitconcatenate' 'or_ln2' <Predicate = true> <Delay = 0.00>
ST_10 : Operation 534 [1/1] (0.00ns)   --->   "%zext_ln118_1 = zext i5 %or_ln2" [../cnn_hls.cpp:118]   --->   Operation 534 'zext' 'zext_ln118_1' <Predicate = true> <Delay = 0.00>
ST_10 : Operation 535 [1/1] (0.00ns)   --->   "%p_ZL12conv2_weight_11_addr = getelementptr i8 %p_ZL12conv2_weight_11, i64 0, i64 %zext_ln118" [../cnn_hls.cpp:118]   --->   Operation 535 'getelementptr' 'p_ZL12conv2_weight_11_addr' <Predicate = true> <Delay = 0.00>
ST_10 : Operation 536 [2/2] (2.32ns)   --->   "%p_ZL12conv2_weight_11_load = load i5 %p_ZL12conv2_weight_11_addr" [../cnn_hls.cpp:118]   --->   Operation 536 'load' 'p_ZL12conv2_weight_11_load' <Predicate = true> <Delay = 2.32> <CoreInst = "ROM">   --->   Core 94 'ROM' <Latency = 1> <II = 1> <Delay = 2.32> <Storage> <Opcode : 'load'> <Ports = 0> <Width = 8> <Depth = 32> <ROM>
ST_10 : Operation 537 [1/1] (0.00ns)   --->   "%p_ZL12conv2_weight_16_addr = getelementptr i8 %p_ZL12conv2_weight_16, i64 0, i64 %zext_ln118" [../cnn_hls.cpp:118]   --->   Operation 537 'getelementptr' 'p_ZL12conv2_weight_16_addr' <Predicate = true> <Delay = 0.00>
ST_10 : Operation 538 [2/2] (2.32ns)   --->   "%p_ZL12conv2_weight_16_load = load i5 %p_ZL12conv2_weight_16_addr" [../cnn_hls.cpp:118]   --->   Operation 538 'load' 'p_ZL12conv2_weight_16_load' <Predicate = true> <Delay = 2.32> <CoreInst = "ROM">   --->   Core 94 'ROM' <Latency = 1> <II = 1> <Delay = 2.32> <Storage> <Opcode : 'load'> <Ports = 0> <Width = 8> <Depth = 32> <ROM>
ST_10 : Operation 539 [1/1] (0.00ns)   --->   "%p_ZL12conv2_weight_11_addr_1 = getelementptr i8 %p_ZL12conv2_weight_11, i64 0, i64 %zext_ln118_1" [../cnn_hls.cpp:118]   --->   Operation 539 'getelementptr' 'p_ZL12conv2_weight_11_addr_1' <Predicate = true> <Delay = 0.00>
ST_10 : Operation 540 [2/2] (2.32ns)   --->   "%p_ZL12conv2_weight_11_load_1 = load i5 %p_ZL12conv2_weight_11_addr_1" [../cnn_hls.cpp:118]   --->   Operation 540 'load' 'p_ZL12conv2_weight_11_load_1' <Predicate = true> <Delay = 2.32> <CoreInst = "ROM">   --->   Core 94 'ROM' <Latency = 1> <II = 1> <Delay = 2.32> <Storage> <Opcode : 'load'> <Ports = 0> <Width = 8> <Depth = 32> <ROM>
ST_10 : Operation 541 [1/1] (0.00ns)   --->   "%p_ZL12conv2_weight_16_addr_1 = getelementptr i8 %p_ZL12conv2_weight_16, i64 0, i64 %zext_ln118_1" [../cnn_hls.cpp:118]   --->   Operation 541 'getelementptr' 'p_ZL12conv2_weight_16_addr_1' <Predicate = true> <Delay = 0.00>
ST_10 : Operation 542 [2/2] (2.32ns)   --->   "%p_ZL12conv2_weight_16_load_1 = load i5 %p_ZL12conv2_weight_16_addr_1" [../cnn_hls.cpp:118]   --->   Operation 542 'load' 'p_ZL12conv2_weight_16_load_1' <Predicate = true> <Delay = 2.32> <CoreInst = "ROM">   --->   Core 94 'ROM' <Latency = 1> <II = 1> <Delay = 2.32> <Storage> <Opcode : 'load'> <Ports = 0> <Width = 8> <Depth = 32> <ROM>
ST_10 : Operation 543 [1/1] (0.00ns)   --->   "%p_ZL12conv2_weight_12_addr = getelementptr i8 %p_ZL12conv2_weight_12, i64 0, i64 %zext_ln118" [../cnn_hls.cpp:118]   --->   Operation 543 'getelementptr' 'p_ZL12conv2_weight_12_addr' <Predicate = true> <Delay = 0.00>
ST_10 : Operation 544 [2/2] (2.32ns)   --->   "%p_ZL12conv2_weight_12_load = load i5 %p_ZL12conv2_weight_12_addr" [../cnn_hls.cpp:118]   --->   Operation 544 'load' 'p_ZL12conv2_weight_12_load' <Predicate = true> <Delay = 2.32> <CoreInst = "ROM">   --->   Core 94 'ROM' <Latency = 1> <II = 1> <Delay = 2.32> <Storage> <Opcode : 'load'> <Ports = 0> <Width = 8> <Depth = 32> <ROM>
ST_10 : Operation 545 [1/1] (0.00ns)   --->   "%p_ZL12conv2_weight_2_addr_1 = getelementptr i8 %p_ZL12conv2_weight_2, i64 0, i64 %zext_ln118_1" [../cnn_hls.cpp:118]   --->   Operation 545 'getelementptr' 'p_ZL12conv2_weight_2_addr_1' <Predicate = true> <Delay = 0.00>
ST_10 : Operation 546 [2/2] (2.32ns)   --->   "%p_ZL12conv2_weight_2_load_1 = load i5 %p_ZL12conv2_weight_2_addr_1" [../cnn_hls.cpp:118]   --->   Operation 546 'load' 'p_ZL12conv2_weight_2_load_1' <Predicate = true> <Delay = 2.32> <CoreInst = "ROM">   --->   Core 94 'ROM' <Latency = 1> <II = 1> <Delay = 2.32> <Storage> <Opcode : 'load'> <Ports = 0> <Width = 8> <Depth = 32> <ROM>
ST_10 : Operation 547 [1/1] (0.00ns)   --->   "%p_ZL12conv2_weight_17_addr_1 = getelementptr i8 %p_ZL12conv2_weight_17, i64 0, i64 %zext_ln118_1" [../cnn_hls.cpp:118]   --->   Operation 547 'getelementptr' 'p_ZL12conv2_weight_17_addr_1' <Predicate = true> <Delay = 0.00>
ST_10 : Operation 548 [2/2] (2.32ns)   --->   "%p_ZL12conv2_weight_17_load_1 = load i5 %p_ZL12conv2_weight_17_addr_1" [../cnn_hls.cpp:118]   --->   Operation 548 'load' 'p_ZL12conv2_weight_17_load_1' <Predicate = true> <Delay = 2.32> <CoreInst = "ROM">   --->   Core 94 'ROM' <Latency = 1> <II = 1> <Delay = 2.32> <Storage> <Opcode : 'load'> <Ports = 0> <Width = 8> <Depth = 32> <ROM>
ST_10 : Operation 549 [1/1] (0.00ns)   --->   "%p_ZL12conv2_weight_8_addr = getelementptr i8 %p_ZL12conv2_weight_8, i64 0, i64 %zext_ln118" [../cnn_hls.cpp:118]   --->   Operation 549 'getelementptr' 'p_ZL12conv2_weight_8_addr' <Predicate = true> <Delay = 0.00>
ST_10 : Operation 550 [2/2] (2.32ns)   --->   "%p_ZL12conv2_weight_8_load = load i5 %p_ZL12conv2_weight_8_addr" [../cnn_hls.cpp:118]   --->   Operation 550 'load' 'p_ZL12conv2_weight_8_load' <Predicate = true> <Delay = 2.32> <CoreInst = "ROM">   --->   Core 94 'ROM' <Latency = 1> <II = 1> <Delay = 2.32> <Storage> <Opcode : 'load'> <Ports = 0> <Width = 8> <Depth = 32> <ROM>
ST_10 : Operation 551 [1/1] (0.00ns)   --->   "%p_ZL12conv2_weight_3_addr_1 = getelementptr i8 %p_ZL12conv2_weight_3, i64 0, i64 %zext_ln118_1" [../cnn_hls.cpp:118]   --->   Operation 551 'getelementptr' 'p_ZL12conv2_weight_3_addr_1' <Predicate = true> <Delay = 0.00>
ST_10 : Operation 552 [2/2] (2.32ns)   --->   "%p_ZL12conv2_weight_3_load_1 = load i5 %p_ZL12conv2_weight_3_addr_1" [../cnn_hls.cpp:118]   --->   Operation 552 'load' 'p_ZL12conv2_weight_3_load_1' <Predicate = true> <Delay = 2.32> <CoreInst = "ROM">   --->   Core 94 'ROM' <Latency = 1> <II = 1> <Delay = 2.32> <Storage> <Opcode : 'load'> <Ports = 0> <Width = 8> <Depth = 32> <ROM>
ST_10 : Operation 553 [1/1] (0.00ns)   --->   "%p_ZL12conv2_weight_8_addr_1 = getelementptr i8 %p_ZL12conv2_weight_8, i64 0, i64 %zext_ln118_1" [../cnn_hls.cpp:118]   --->   Operation 553 'getelementptr' 'p_ZL12conv2_weight_8_addr_1' <Predicate = true> <Delay = 0.00>
ST_10 : Operation 554 [2/2] (2.32ns)   --->   "%p_ZL12conv2_weight_8_load_1 = load i5 %p_ZL12conv2_weight_8_addr_1" [../cnn_hls.cpp:118]   --->   Operation 554 'load' 'p_ZL12conv2_weight_8_load_1' <Predicate = true> <Delay = 2.32> <CoreInst = "ROM">   --->   Core 94 'ROM' <Latency = 1> <II = 1> <Delay = 2.32> <Storage> <Opcode : 'load'> <Ports = 0> <Width = 8> <Depth = 32> <ROM>
ST_10 : Operation 555 [1/1] (0.00ns)   --->   "%p_ZL12conv2_weight_9_addr = getelementptr i8 %p_ZL12conv2_weight_9, i64 0, i64 %zext_ln118" [../cnn_hls.cpp:118]   --->   Operation 555 'getelementptr' 'p_ZL12conv2_weight_9_addr' <Predicate = true> <Delay = 0.00>
ST_10 : Operation 556 [2/2] (2.32ns)   --->   "%p_ZL12conv2_weight_9_load = load i5 %p_ZL12conv2_weight_9_addr" [../cnn_hls.cpp:118]   --->   Operation 556 'load' 'p_ZL12conv2_weight_9_load' <Predicate = true> <Delay = 2.32> <CoreInst = "ROM">   --->   Core 94 'ROM' <Latency = 1> <II = 1> <Delay = 2.32> <Storage> <Opcode : 'load'> <Ports = 0> <Width = 8> <Depth = 32> <ROM>
ST_10 : Operation 557 [1/1] (0.00ns)   --->   "%p_ZL12conv2_weight_4_addr_1 = getelementptr i8 %p_ZL12conv2_weight_4, i64 0, i64 %zext_ln118_1" [../cnn_hls.cpp:118]   --->   Operation 557 'getelementptr' 'p_ZL12conv2_weight_4_addr_1' <Predicate = true> <Delay = 0.00>
ST_10 : Operation 558 [2/2] (2.32ns)   --->   "%p_ZL12conv2_weight_4_load_1 = load i5 %p_ZL12conv2_weight_4_addr_1" [../cnn_hls.cpp:118]   --->   Operation 558 'load' 'p_ZL12conv2_weight_4_load_1' <Predicate = true> <Delay = 2.32> <CoreInst = "ROM">   --->   Core 94 'ROM' <Latency = 1> <II = 1> <Delay = 2.32> <Storage> <Opcode : 'load'> <Ports = 0> <Width = 8> <Depth = 32> <ROM>
ST_10 : Operation 559 [1/1] (0.00ns)   --->   "%p_ZL12conv2_weight_19_addr_1 = getelementptr i8 %p_ZL12conv2_weight_19, i64 0, i64 %zext_ln118_1" [../cnn_hls.cpp:118]   --->   Operation 559 'getelementptr' 'p_ZL12conv2_weight_19_addr_1' <Predicate = true> <Delay = 0.00>
ST_10 : Operation 560 [2/2] (2.32ns)   --->   "%p_ZL12conv2_weight_19_load_1 = load i5 %p_ZL12conv2_weight_19_addr_1" [../cnn_hls.cpp:118]   --->   Operation 560 'load' 'p_ZL12conv2_weight_19_load_1' <Predicate = true> <Delay = 2.32> <CoreInst = "ROM">   --->   Core 94 'ROM' <Latency = 1> <II = 1> <Delay = 2.32> <Storage> <Opcode : 'load'> <Ports = 0> <Width = 8> <Depth = 32> <ROM>
ST_10 : Operation 561 [1/1] (1.56ns)   --->   "%switch_ln122 = switch i2 %trunc_ln103, void %arrayidx1074_14.case.2, i2 0, void %arrayidx1074_14.case.0, i2 1, void %arrayidx1074_14.case.1" [../cnn_hls.cpp:122]   --->   Operation 561 'switch' 'switch_ln122' <Predicate = (trunc_ln104 == 14)> <Delay = 1.56>
ST_10 : Operation 562 [1/1] (1.56ns)   --->   "%switch_ln122 = switch i2 %trunc_ln103, void %arrayidx1074_13.case.2, i2 0, void %arrayidx1074_13.case.0, i2 1, void %arrayidx1074_13.case.1" [../cnn_hls.cpp:122]   --->   Operation 562 'switch' 'switch_ln122' <Predicate = (trunc_ln104 == 13)> <Delay = 1.56>
ST_10 : Operation 563 [1/1] (1.56ns)   --->   "%switch_ln122 = switch i2 %trunc_ln103, void %arrayidx1074_12.case.2, i2 0, void %arrayidx1074_12.case.0, i2 1, void %arrayidx1074_12.case.1" [../cnn_hls.cpp:122]   --->   Operation 563 'switch' 'switch_ln122' <Predicate = (trunc_ln104 == 12)> <Delay = 1.56>
ST_10 : Operation 564 [1/1] (1.56ns)   --->   "%switch_ln122 = switch i2 %trunc_ln103, void %arrayidx1074_11.case.2, i2 0, void %arrayidx1074_11.case.0, i2 1, void %arrayidx1074_11.case.1" [../cnn_hls.cpp:122]   --->   Operation 564 'switch' 'switch_ln122' <Predicate = (trunc_ln104 == 11)> <Delay = 1.56>
ST_10 : Operation 565 [1/1] (1.56ns)   --->   "%switch_ln122 = switch i2 %trunc_ln103, void %arrayidx1074_10.case.2, i2 0, void %arrayidx1074_10.case.0, i2 1, void %arrayidx1074_10.case.1" [../cnn_hls.cpp:122]   --->   Operation 565 'switch' 'switch_ln122' <Predicate = (trunc_ln104 == 10)> <Delay = 1.56>
ST_10 : Operation 566 [1/1] (1.56ns)   --->   "%switch_ln122 = switch i2 %trunc_ln103, void %arrayidx1074_9.case.2, i2 0, void %arrayidx1074_9.case.0, i2 1, void %arrayidx1074_9.case.1" [../cnn_hls.cpp:122]   --->   Operation 566 'switch' 'switch_ln122' <Predicate = (trunc_ln104 == 9)> <Delay = 1.56>
ST_10 : Operation 567 [1/1] (1.56ns)   --->   "%switch_ln122 = switch i2 %trunc_ln103, void %arrayidx1074_8.case.2, i2 0, void %arrayidx1074_8.case.0, i2 1, void %arrayidx1074_8.case.1" [../cnn_hls.cpp:122]   --->   Operation 567 'switch' 'switch_ln122' <Predicate = (trunc_ln104 == 8)> <Delay = 1.56>
ST_10 : Operation 568 [1/1] (1.56ns)   --->   "%switch_ln122 = switch i2 %trunc_ln103, void %arrayidx1074_7.case.2, i2 0, void %arrayidx1074_7.case.0, i2 1, void %arrayidx1074_7.case.1" [../cnn_hls.cpp:122]   --->   Operation 568 'switch' 'switch_ln122' <Predicate = (trunc_ln104 == 7)> <Delay = 1.56>
ST_10 : Operation 569 [1/1] (1.56ns)   --->   "%switch_ln122 = switch i2 %trunc_ln103, void %arrayidx1074_6.case.2, i2 0, void %arrayidx1074_6.case.0, i2 1, void %arrayidx1074_6.case.1" [../cnn_hls.cpp:122]   --->   Operation 569 'switch' 'switch_ln122' <Predicate = (trunc_ln104 == 6)> <Delay = 1.56>
ST_10 : Operation 570 [1/1] (1.56ns)   --->   "%switch_ln122 = switch i2 %trunc_ln103, void %arrayidx1074_5.case.2, i2 0, void %arrayidx1074_5.case.0, i2 1, void %arrayidx1074_5.case.1" [../cnn_hls.cpp:122]   --->   Operation 570 'switch' 'switch_ln122' <Predicate = (trunc_ln104 == 5)> <Delay = 1.56>
ST_10 : Operation 571 [1/1] (1.56ns)   --->   "%switch_ln122 = switch i2 %trunc_ln103, void %arrayidx1074_4.case.2, i2 0, void %arrayidx1074_4.case.0, i2 1, void %arrayidx1074_4.case.1" [../cnn_hls.cpp:122]   --->   Operation 571 'switch' 'switch_ln122' <Predicate = (trunc_ln104 == 4)> <Delay = 1.56>
ST_10 : Operation 572 [1/1] (1.56ns)   --->   "%switch_ln122 = switch i2 %trunc_ln103, void %arrayidx1074_3.case.2, i2 0, void %arrayidx1074_3.case.0, i2 1, void %arrayidx1074_3.case.1" [../cnn_hls.cpp:122]   --->   Operation 572 'switch' 'switch_ln122' <Predicate = (trunc_ln104 == 3)> <Delay = 1.56>
ST_10 : Operation 573 [1/1] (1.56ns)   --->   "%switch_ln122 = switch i2 %trunc_ln103, void %arrayidx1074_2.case.2, i2 0, void %arrayidx1074_2.case.0, i2 1, void %arrayidx1074_2.case.1" [../cnn_hls.cpp:122]   --->   Operation 573 'switch' 'switch_ln122' <Predicate = (trunc_ln104 == 2)> <Delay = 1.56>
ST_10 : Operation 574 [1/1] (1.56ns)   --->   "%switch_ln122 = switch i2 %trunc_ln103, void %arrayidx1074_1.case.2, i2 0, void %arrayidx1074_1.case.0, i2 1, void %arrayidx1074_1.case.1" [../cnn_hls.cpp:122]   --->   Operation 574 'switch' 'switch_ln122' <Predicate = (trunc_ln104 == 1)> <Delay = 1.56>
ST_10 : Operation 575 [1/1] (1.56ns)   --->   "%switch_ln122 = switch i2 %trunc_ln103, void %arrayidx1074_0.case.2, i2 0, void %arrayidx1074_0.case.0, i2 1, void %arrayidx1074_0.case.1" [../cnn_hls.cpp:122]   --->   Operation 575 'switch' 'switch_ln122' <Predicate = (trunc_ln104 == 0)> <Delay = 1.56>
ST_10 : Operation 576 [1/1] (1.56ns)   --->   "%switch_ln122 = switch i2 %trunc_ln103, void %arrayidx1074_15.case.2, i2 0, void %arrayidx1074_15.case.0, i2 1, void %arrayidx1074_15.case.1" [../cnn_hls.cpp:122]   --->   Operation 576 'switch' 'switch_ln122' <Predicate = (trunc_ln104 == 15)> <Delay = 1.56>

State 11 <SV = 10> <Delay = 6.56>
ST_11 : Operation 577 [1/2] ( I:2.32ns O:2.32ns )   --->   "%buffer_c1_load = load i4 %buffer_c1_addr_2" [../cnn_hls.cpp:115]   --->   Operation 577 'load' 'buffer_c1_load' <Predicate = (trunc_ln110 == 0)> <Delay = 2.32> <CoreInst = "RAM">   --->   Core 81 'RAM' <Latency = 1> <II = 1> <Delay = 2.32> <Storage> <Opcode : 'load' 'store'> <Ports = 2> <Width = 8> <Depth = 9> <RAM>
ST_11 : Operation 578 [1/2] ( I:2.32ns O:2.32ns )   --->   "%buffer_c1_1_load = load i4 %buffer_c1_1_addr_2" [../cnn_hls.cpp:115]   --->   Operation 578 'load' 'buffer_c1_1_load' <Predicate = (trunc_ln110 == 3)> <Delay = 2.32> <CoreInst = "RAM">   --->   Core 81 'RAM' <Latency = 1> <II = 1> <Delay = 2.32> <Storage> <Opcode : 'load' 'store'> <Ports = 2> <Width = 8> <Depth = 9> <RAM>
ST_11 : Operation 579 [1/2] ( I:2.32ns O:2.32ns )   --->   "%buffer_c1_2_load = load i4 %buffer_c1_2_addr_2" [../cnn_hls.cpp:115]   --->   Operation 579 'load' 'buffer_c1_2_load' <Predicate = (trunc_ln110 == 1)> <Delay = 2.32> <CoreInst = "RAM">   --->   Core 81 'RAM' <Latency = 1> <II = 1> <Delay = 2.32> <Storage> <Opcode : 'load' 'store'> <Ports = 2> <Width = 8> <Depth = 9> <RAM>
ST_11 : Operation 580 [1/2] ( I:2.32ns O:2.32ns )   --->   "%buffer_c1_3_load = load i4 %buffer_c1_3_addr_2" [../cnn_hls.cpp:115]   --->   Operation 580 'load' 'buffer_c1_3_load' <Predicate = (trunc_ln110 == 4)> <Delay = 2.32> <CoreInst = "RAM">   --->   Core 81 'RAM' <Latency = 1> <II = 1> <Delay = 2.32> <Storage> <Opcode : 'load' 'store'> <Ports = 2> <Width = 8> <Depth = 9> <RAM>
ST_11 : Operation 581 [1/2] ( I:2.32ns O:2.32ns )   --->   "%buffer_c1_4_load = load i4 %buffer_c1_4_addr_2" [../cnn_hls.cpp:115]   --->   Operation 581 'load' 'buffer_c1_4_load' <Predicate = (trunc_ln110 == 2)> <Delay = 2.32> <CoreInst = "RAM">   --->   Core 81 'RAM' <Latency = 1> <II = 1> <Delay = 2.32> <Storage> <Opcode : 'load' 'store'> <Ports = 2> <Width = 8> <Depth = 9> <RAM>
ST_11 : Operation 582 [1/1] (1.94ns)   --->   "%x = sparsemux i8 @_ssdm_op_SparseMux.ap_auto.5i8.i8.i3, i3 0, i8 %buffer_c1_load, i3 3, i8 %buffer_c1_1_load, i3 1, i8 %buffer_c1_2_load, i3 4, i8 %buffer_c1_3_load, i3 2, i8 %buffer_c1_4_load, i8 0, i3 %trunc_ln110" [../cnn_hls.cpp:115]   --->   Operation 582 'sparsemux' 'x' <Predicate = true> <Delay = 1.94> <CoreInst = "BinarySparseMux_DontCare">   --->   Core 137 'BinarySparseMux_DontCare' <Latency = 0> <II = 1> <Delay = 1.94> <FuncUnit> <Opcode : 'sparsemux'> <InPorts = 2> <OutPorts = 1>
ST_11 : Operation 583 [1/2] ( I:2.32ns O:2.32ns )   --->   "%buffer_c1_5_load = load i4 %buffer_c1_5_addr_2" [../cnn_hls.cpp:115]   --->   Operation 583 'load' 'buffer_c1_5_load' <Predicate = (trunc_ln110 == 0)> <Delay = 2.32> <CoreInst = "RAM">   --->   Core 81 'RAM' <Latency = 1> <II = 1> <Delay = 2.32> <Storage> <Opcode : 'load' 'store'> <Ports = 2> <Width = 8> <Depth = 9> <RAM>
ST_11 : Operation 584 [1/2] ( I:2.32ns O:2.32ns )   --->   "%buffer_c1_6_load = load i4 %buffer_c1_6_addr_2" [../cnn_hls.cpp:115]   --->   Operation 584 'load' 'buffer_c1_6_load' <Predicate = (trunc_ln110 == 3)> <Delay = 2.32> <CoreInst = "RAM">   --->   Core 81 'RAM' <Latency = 1> <II = 1> <Delay = 2.32> <Storage> <Opcode : 'load' 'store'> <Ports = 2> <Width = 8> <Depth = 9> <RAM>
ST_11 : Operation 585 [1/2] ( I:2.32ns O:2.32ns )   --->   "%buffer_c1_7_load = load i4 %buffer_c1_7_addr_2" [../cnn_hls.cpp:115]   --->   Operation 585 'load' 'buffer_c1_7_load' <Predicate = (trunc_ln110 == 1)> <Delay = 2.32> <CoreInst = "RAM">   --->   Core 81 'RAM' <Latency = 1> <II = 1> <Delay = 2.32> <Storage> <Opcode : 'load' 'store'> <Ports = 2> <Width = 8> <Depth = 9> <RAM>
ST_11 : Operation 586 [1/2] ( I:2.32ns O:2.32ns )   --->   "%buffer_c1_8_load = load i4 %buffer_c1_8_addr_2" [../cnn_hls.cpp:115]   --->   Operation 586 'load' 'buffer_c1_8_load' <Predicate = (trunc_ln110 == 4)> <Delay = 2.32> <CoreInst = "RAM">   --->   Core 81 'RAM' <Latency = 1> <II = 1> <Delay = 2.32> <Storage> <Opcode : 'load' 'store'> <Ports = 2> <Width = 8> <Depth = 9> <RAM>
ST_11 : Operation 587 [1/2] ( I:2.32ns O:2.32ns )   --->   "%buffer_c1_9_load = load i4 %buffer_c1_9_addr_2" [../cnn_hls.cpp:115]   --->   Operation 587 'load' 'buffer_c1_9_load' <Predicate = (trunc_ln110 == 2)> <Delay = 2.32> <CoreInst = "RAM">   --->   Core 81 'RAM' <Latency = 1> <II = 1> <Delay = 2.32> <Storage> <Opcode : 'load' 'store'> <Ports = 2> <Width = 8> <Depth = 9> <RAM>
ST_11 : Operation 588 [1/1] (1.94ns)   --->   "%x_57 = sparsemux i8 @_ssdm_op_SparseMux.ap_auto.5i8.i8.i3, i3 0, i8 %buffer_c1_5_load, i3 3, i8 %buffer_c1_6_load, i3 1, i8 %buffer_c1_7_load, i3 4, i8 %buffer_c1_8_load, i3 2, i8 %buffer_c1_9_load, i8 0, i3 %trunc_ln110" [../cnn_hls.cpp:115]   --->   Operation 588 'sparsemux' 'x_57' <Predicate = true> <Delay = 1.94> <CoreInst = "BinarySparseMux_DontCare">   --->   Core 137 'BinarySparseMux_DontCare' <Latency = 0> <II = 1> <Delay = 1.94> <FuncUnit> <Opcode : 'sparsemux'> <InPorts = 2> <OutPorts = 1>
ST_11 : Operation 589 [1/2] ( I:2.32ns O:2.32ns )   --->   "%buffer_c1_10_load = load i4 %buffer_c1_10_addr_2" [../cnn_hls.cpp:115]   --->   Operation 589 'load' 'buffer_c1_10_load' <Predicate = (trunc_ln110 == 0)> <Delay = 2.32> <CoreInst = "RAM">   --->   Core 81 'RAM' <Latency = 1> <II = 1> <Delay = 2.32> <Storage> <Opcode : 'load' 'store'> <Ports = 2> <Width = 8> <Depth = 9> <RAM>
ST_11 : Operation 590 [1/2] ( I:2.32ns O:2.32ns )   --->   "%buffer_c1_11_load = load i4 %buffer_c1_11_addr_2" [../cnn_hls.cpp:115]   --->   Operation 590 'load' 'buffer_c1_11_load' <Predicate = (trunc_ln110 == 3)> <Delay = 2.32> <CoreInst = "RAM">   --->   Core 81 'RAM' <Latency = 1> <II = 1> <Delay = 2.32> <Storage> <Opcode : 'load' 'store'> <Ports = 2> <Width = 8> <Depth = 9> <RAM>
ST_11 : Operation 591 [1/2] ( I:2.32ns O:2.32ns )   --->   "%buffer_c1_12_load = load i4 %buffer_c1_12_addr_2" [../cnn_hls.cpp:115]   --->   Operation 591 'load' 'buffer_c1_12_load' <Predicate = (trunc_ln110 == 1)> <Delay = 2.32> <CoreInst = "RAM">   --->   Core 81 'RAM' <Latency = 1> <II = 1> <Delay = 2.32> <Storage> <Opcode : 'load' 'store'> <Ports = 2> <Width = 8> <Depth = 9> <RAM>
ST_11 : Operation 592 [1/2] ( I:2.32ns O:2.32ns )   --->   "%buffer_c1_13_load = load i4 %buffer_c1_13_addr_2" [../cnn_hls.cpp:115]   --->   Operation 592 'load' 'buffer_c1_13_load' <Predicate = (trunc_ln110 == 4)> <Delay = 2.32> <CoreInst = "RAM">   --->   Core 81 'RAM' <Latency = 1> <II = 1> <Delay = 2.32> <Storage> <Opcode : 'load' 'store'> <Ports = 2> <Width = 8> <Depth = 9> <RAM>
ST_11 : Operation 593 [1/2] ( I:2.32ns O:2.32ns )   --->   "%buffer_c1_14_load = load i4 %buffer_c1_14_addr_2" [../cnn_hls.cpp:115]   --->   Operation 593 'load' 'buffer_c1_14_load' <Predicate = (trunc_ln110 == 2)> <Delay = 2.32> <CoreInst = "RAM">   --->   Core 81 'RAM' <Latency = 1> <II = 1> <Delay = 2.32> <Storage> <Opcode : 'load' 'store'> <Ports = 2> <Width = 8> <Depth = 9> <RAM>
ST_11 : Operation 594 [1/1] (1.94ns)   --->   "%x_58 = sparsemux i8 @_ssdm_op_SparseMux.ap_auto.5i8.i8.i3, i3 0, i8 %buffer_c1_10_load, i3 3, i8 %buffer_c1_11_load, i3 1, i8 %buffer_c1_12_load, i3 4, i8 %buffer_c1_13_load, i3 2, i8 %buffer_c1_14_load, i8 0, i3 %trunc_ln110" [../cnn_hls.cpp:115]   --->   Operation 594 'sparsemux' 'x_58' <Predicate = true> <Delay = 1.94> <CoreInst = "BinarySparseMux_DontCare">   --->   Core 137 'BinarySparseMux_DontCare' <Latency = 0> <II = 1> <Delay = 1.94> <FuncUnit> <Opcode : 'sparsemux'> <InPorts = 2> <OutPorts = 1>
ST_11 : Operation 595 [1/1] (0.00ns)   --->   "%zext_ln115_2 = zext i8 %x_58" [../cnn_hls.cpp:115]   --->   Operation 595 'zext' 'zext_ln115_2' <Predicate = true> <Delay = 0.00>
ST_11 : Operation 596 [1/2] ( I:2.32ns O:2.32ns )   --->   "%buffer_c1_15_load = load i4 %buffer_c1_15_addr_2" [../cnn_hls.cpp:115]   --->   Operation 596 'load' 'buffer_c1_15_load' <Predicate = (trunc_ln110 == 0)> <Delay = 2.32> <CoreInst = "RAM">   --->   Core 81 'RAM' <Latency = 1> <II = 1> <Delay = 2.32> <Storage> <Opcode : 'load' 'store'> <Ports = 2> <Width = 8> <Depth = 9> <RAM>
ST_11 : Operation 597 [1/2] ( I:2.32ns O:2.32ns )   --->   "%buffer_c1_16_load = load i4 %buffer_c1_16_addr_2" [../cnn_hls.cpp:115]   --->   Operation 597 'load' 'buffer_c1_16_load' <Predicate = (trunc_ln110 == 3)> <Delay = 2.32> <CoreInst = "RAM">   --->   Core 81 'RAM' <Latency = 1> <II = 1> <Delay = 2.32> <Storage> <Opcode : 'load' 'store'> <Ports = 2> <Width = 8> <Depth = 9> <RAM>
ST_11 : Operation 598 [1/2] ( I:2.32ns O:2.32ns )   --->   "%buffer_c1_17_load = load i4 %buffer_c1_17_addr_2" [../cnn_hls.cpp:115]   --->   Operation 598 'load' 'buffer_c1_17_load' <Predicate = (trunc_ln110 == 1)> <Delay = 2.32> <CoreInst = "RAM">   --->   Core 81 'RAM' <Latency = 1> <II = 1> <Delay = 2.32> <Storage> <Opcode : 'load' 'store'> <Ports = 2> <Width = 8> <Depth = 9> <RAM>
ST_11 : Operation 599 [1/2] ( I:2.32ns O:2.32ns )   --->   "%buffer_c1_18_load = load i4 %buffer_c1_18_addr_2" [../cnn_hls.cpp:115]   --->   Operation 599 'load' 'buffer_c1_18_load' <Predicate = (trunc_ln110 == 4)> <Delay = 2.32> <CoreInst = "RAM">   --->   Core 81 'RAM' <Latency = 1> <II = 1> <Delay = 2.32> <Storage> <Opcode : 'load' 'store'> <Ports = 2> <Width = 8> <Depth = 9> <RAM>
ST_11 : Operation 600 [1/2] ( I:2.32ns O:2.32ns )   --->   "%buffer_c1_19_load = load i4 %buffer_c1_19_addr_2" [../cnn_hls.cpp:115]   --->   Operation 600 'load' 'buffer_c1_19_load' <Predicate = (trunc_ln110 == 2)> <Delay = 2.32> <CoreInst = "RAM">   --->   Core 81 'RAM' <Latency = 1> <II = 1> <Delay = 2.32> <Storage> <Opcode : 'load' 'store'> <Ports = 2> <Width = 8> <Depth = 9> <RAM>
ST_11 : Operation 601 [1/1] (1.94ns)   --->   "%x_59 = sparsemux i8 @_ssdm_op_SparseMux.ap_auto.5i8.i8.i3, i3 0, i8 %buffer_c1_15_load, i3 3, i8 %buffer_c1_16_load, i3 1, i8 %buffer_c1_17_load, i3 4, i8 %buffer_c1_18_load, i3 2, i8 %buffer_c1_19_load, i8 0, i3 %trunc_ln110" [../cnn_hls.cpp:115]   --->   Operation 601 'sparsemux' 'x_59' <Predicate = true> <Delay = 1.94> <CoreInst = "BinarySparseMux_DontCare">   --->   Core 137 'BinarySparseMux_DontCare' <Latency = 0> <II = 1> <Delay = 1.94> <FuncUnit> <Opcode : 'sparsemux'> <InPorts = 2> <OutPorts = 1>
ST_11 : Operation 602 [1/2] ( I:2.32ns O:2.32ns )   --->   "%buffer_c1_20_load = load i4 %buffer_c1_20_addr_2" [../cnn_hls.cpp:115]   --->   Operation 602 'load' 'buffer_c1_20_load' <Predicate = (trunc_ln110 == 0)> <Delay = 2.32> <CoreInst = "RAM">   --->   Core 81 'RAM' <Latency = 1> <II = 1> <Delay = 2.32> <Storage> <Opcode : 'load' 'store'> <Ports = 2> <Width = 8> <Depth = 9> <RAM>
ST_11 : Operation 603 [1/2] ( I:2.32ns O:2.32ns )   --->   "%buffer_c1_21_load = load i4 %buffer_c1_21_addr_2" [../cnn_hls.cpp:115]   --->   Operation 603 'load' 'buffer_c1_21_load' <Predicate = (trunc_ln110 == 3)> <Delay = 2.32> <CoreInst = "RAM">   --->   Core 81 'RAM' <Latency = 1> <II = 1> <Delay = 2.32> <Storage> <Opcode : 'load' 'store'> <Ports = 2> <Width = 8> <Depth = 9> <RAM>
ST_11 : Operation 604 [1/2] ( I:2.32ns O:2.32ns )   --->   "%buffer_c1_22_load = load i4 %buffer_c1_22_addr_2" [../cnn_hls.cpp:115]   --->   Operation 604 'load' 'buffer_c1_22_load' <Predicate = (trunc_ln110 == 1)> <Delay = 2.32> <CoreInst = "RAM">   --->   Core 81 'RAM' <Latency = 1> <II = 1> <Delay = 2.32> <Storage> <Opcode : 'load' 'store'> <Ports = 2> <Width = 8> <Depth = 9> <RAM>
ST_11 : Operation 605 [1/2] ( I:2.32ns O:2.32ns )   --->   "%buffer_c1_23_load = load i4 %buffer_c1_23_addr_2" [../cnn_hls.cpp:115]   --->   Operation 605 'load' 'buffer_c1_23_load' <Predicate = (trunc_ln110 == 4)> <Delay = 2.32> <CoreInst = "RAM">   --->   Core 81 'RAM' <Latency = 1> <II = 1> <Delay = 2.32> <Storage> <Opcode : 'load' 'store'> <Ports = 2> <Width = 8> <Depth = 9> <RAM>
ST_11 : Operation 606 [1/2] ( I:2.32ns O:2.32ns )   --->   "%buffer_c1_24_load = load i4 %buffer_c1_24_addr_2" [../cnn_hls.cpp:115]   --->   Operation 606 'load' 'buffer_c1_24_load' <Predicate = (trunc_ln110 == 2)> <Delay = 2.32> <CoreInst = "RAM">   --->   Core 81 'RAM' <Latency = 1> <II = 1> <Delay = 2.32> <Storage> <Opcode : 'load' 'store'> <Ports = 2> <Width = 8> <Depth = 9> <RAM>
ST_11 : Operation 607 [1/1] (1.94ns)   --->   "%x_60 = sparsemux i8 @_ssdm_op_SparseMux.ap_auto.5i8.i8.i3, i3 0, i8 %buffer_c1_20_load, i3 3, i8 %buffer_c1_21_load, i3 1, i8 %buffer_c1_22_load, i3 4, i8 %buffer_c1_23_load, i3 2, i8 %buffer_c1_24_load, i8 0, i3 %trunc_ln110" [../cnn_hls.cpp:115]   --->   Operation 607 'sparsemux' 'x_60' <Predicate = true> <Delay = 1.94> <CoreInst = "BinarySparseMux_DontCare">   --->   Core 137 'BinarySparseMux_DontCare' <Latency = 0> <II = 1> <Delay = 1.94> <FuncUnit> <Opcode : 'sparsemux'> <InPorts = 2> <OutPorts = 1>
ST_11 : Operation 608 [1/1] (0.00ns)   --->   "%zext_ln115_4 = zext i8 %x_60" [../cnn_hls.cpp:115]   --->   Operation 608 'zext' 'zext_ln115_4' <Predicate = true> <Delay = 0.00>
ST_11 : Operation 609 [1/2] ( I:2.32ns O:2.32ns )   --->   "%buffer_c1_25_load = load i4 %buffer_c1_25_addr_2" [../cnn_hls.cpp:115]   --->   Operation 609 'load' 'buffer_c1_25_load' <Predicate = (trunc_ln110 == 0)> <Delay = 2.32> <CoreInst = "RAM">   --->   Core 81 'RAM' <Latency = 1> <II = 1> <Delay = 2.32> <Storage> <Opcode : 'load' 'store'> <Ports = 2> <Width = 8> <Depth = 9> <RAM>
ST_11 : Operation 610 [1/2] ( I:2.32ns O:2.32ns )   --->   "%buffer_c1_26_load = load i4 %buffer_c1_26_addr_2" [../cnn_hls.cpp:115]   --->   Operation 610 'load' 'buffer_c1_26_load' <Predicate = (trunc_ln110 == 3)> <Delay = 2.32> <CoreInst = "RAM">   --->   Core 81 'RAM' <Latency = 1> <II = 1> <Delay = 2.32> <Storage> <Opcode : 'load' 'store'> <Ports = 2> <Width = 8> <Depth = 9> <RAM>
ST_11 : Operation 611 [1/2] ( I:2.32ns O:2.32ns )   --->   "%buffer_c1_27_load = load i4 %buffer_c1_27_addr_2" [../cnn_hls.cpp:115]   --->   Operation 611 'load' 'buffer_c1_27_load' <Predicate = (trunc_ln110 == 1)> <Delay = 2.32> <CoreInst = "RAM">   --->   Core 81 'RAM' <Latency = 1> <II = 1> <Delay = 2.32> <Storage> <Opcode : 'load' 'store'> <Ports = 2> <Width = 8> <Depth = 9> <RAM>
ST_11 : Operation 612 [1/2] ( I:2.32ns O:2.32ns )   --->   "%buffer_c1_28_load = load i4 %buffer_c1_28_addr_2" [../cnn_hls.cpp:115]   --->   Operation 612 'load' 'buffer_c1_28_load' <Predicate = (trunc_ln110 == 4)> <Delay = 2.32> <CoreInst = "RAM">   --->   Core 81 'RAM' <Latency = 1> <II = 1> <Delay = 2.32> <Storage> <Opcode : 'load' 'store'> <Ports = 2> <Width = 8> <Depth = 9> <RAM>
ST_11 : Operation 613 [1/2] ( I:2.32ns O:2.32ns )   --->   "%buffer_c1_29_load = load i4 %buffer_c1_29_addr_2" [../cnn_hls.cpp:115]   --->   Operation 613 'load' 'buffer_c1_29_load' <Predicate = (trunc_ln110 == 2)> <Delay = 2.32> <CoreInst = "RAM">   --->   Core 81 'RAM' <Latency = 1> <II = 1> <Delay = 2.32> <Storage> <Opcode : 'load' 'store'> <Ports = 2> <Width = 8> <Depth = 9> <RAM>
ST_11 : Operation 614 [1/1] (1.94ns)   --->   "%x_61 = sparsemux i8 @_ssdm_op_SparseMux.ap_auto.5i8.i8.i3, i3 0, i8 %buffer_c1_25_load, i3 3, i8 %buffer_c1_26_load, i3 1, i8 %buffer_c1_27_load, i3 4, i8 %buffer_c1_28_load, i3 2, i8 %buffer_c1_29_load, i8 0, i3 %trunc_ln110" [../cnn_hls.cpp:115]   --->   Operation 614 'sparsemux' 'x_61' <Predicate = true> <Delay = 1.94> <CoreInst = "BinarySparseMux_DontCare">   --->   Core 137 'BinarySparseMux_DontCare' <Latency = 0> <II = 1> <Delay = 1.94> <FuncUnit> <Opcode : 'sparsemux'> <InPorts = 2> <OutPorts = 1>
ST_11 : Operation 615 [1/2] ( I:2.32ns O:2.32ns )   --->   "%buffer_c1_30_load = load i4 %buffer_c1_30_addr_2" [../cnn_hls.cpp:115]   --->   Operation 615 'load' 'buffer_c1_30_load' <Predicate = (trunc_ln110 == 0)> <Delay = 2.32> <CoreInst = "RAM">   --->   Core 81 'RAM' <Latency = 1> <II = 1> <Delay = 2.32> <Storage> <Opcode : 'load' 'store'> <Ports = 2> <Width = 8> <Depth = 9> <RAM>
ST_11 : Operation 616 [1/2] ( I:2.32ns O:2.32ns )   --->   "%buffer_c1_31_load = load i4 %buffer_c1_31_addr_2" [../cnn_hls.cpp:115]   --->   Operation 616 'load' 'buffer_c1_31_load' <Predicate = (trunc_ln110 == 3)> <Delay = 2.32> <CoreInst = "RAM">   --->   Core 81 'RAM' <Latency = 1> <II = 1> <Delay = 2.32> <Storage> <Opcode : 'load' 'store'> <Ports = 2> <Width = 8> <Depth = 9> <RAM>
ST_11 : Operation 617 [1/2] ( I:2.32ns O:2.32ns )   --->   "%buffer_c1_32_load = load i4 %buffer_c1_32_addr_2" [../cnn_hls.cpp:115]   --->   Operation 617 'load' 'buffer_c1_32_load' <Predicate = (trunc_ln110 == 1)> <Delay = 2.32> <CoreInst = "RAM">   --->   Core 81 'RAM' <Latency = 1> <II = 1> <Delay = 2.32> <Storage> <Opcode : 'load' 'store'> <Ports = 2> <Width = 8> <Depth = 9> <RAM>
ST_11 : Operation 618 [1/2] ( I:2.32ns O:2.32ns )   --->   "%buffer_c1_33_load = load i4 %buffer_c1_33_addr_2" [../cnn_hls.cpp:115]   --->   Operation 618 'load' 'buffer_c1_33_load' <Predicate = (trunc_ln110 == 4)> <Delay = 2.32> <CoreInst = "RAM">   --->   Core 81 'RAM' <Latency = 1> <II = 1> <Delay = 2.32> <Storage> <Opcode : 'load' 'store'> <Ports = 2> <Width = 8> <Depth = 9> <RAM>
ST_11 : Operation 619 [1/2] ( I:2.32ns O:2.32ns )   --->   "%buffer_c1_34_load = load i4 %buffer_c1_34_addr_2" [../cnn_hls.cpp:115]   --->   Operation 619 'load' 'buffer_c1_34_load' <Predicate = (trunc_ln110 == 2)> <Delay = 2.32> <CoreInst = "RAM">   --->   Core 81 'RAM' <Latency = 1> <II = 1> <Delay = 2.32> <Storage> <Opcode : 'load' 'store'> <Ports = 2> <Width = 8> <Depth = 9> <RAM>
ST_11 : Operation 620 [1/1] (1.94ns)   --->   "%x_62 = sparsemux i8 @_ssdm_op_SparseMux.ap_auto.5i8.i8.i3, i3 0, i8 %buffer_c1_30_load, i3 3, i8 %buffer_c1_31_load, i3 1, i8 %buffer_c1_32_load, i3 4, i8 %buffer_c1_33_load, i3 2, i8 %buffer_c1_34_load, i8 0, i3 %trunc_ln110" [../cnn_hls.cpp:115]   --->   Operation 620 'sparsemux' 'x_62' <Predicate = true> <Delay = 1.94> <CoreInst = "BinarySparseMux_DontCare">   --->   Core 137 'BinarySparseMux_DontCare' <Latency = 0> <II = 1> <Delay = 1.94> <FuncUnit> <Opcode : 'sparsemux'> <InPorts = 2> <OutPorts = 1>
ST_11 : Operation 621 [1/2] ( I:2.32ns O:2.32ns )   --->   "%buffer_c1_35_load = load i4 %buffer_c1_35_addr_2" [../cnn_hls.cpp:115]   --->   Operation 621 'load' 'buffer_c1_35_load' <Predicate = (trunc_ln110 == 0)> <Delay = 2.32> <CoreInst = "RAM">   --->   Core 81 'RAM' <Latency = 1> <II = 1> <Delay = 2.32> <Storage> <Opcode : 'load' 'store'> <Ports = 2> <Width = 8> <Depth = 9> <RAM>
ST_11 : Operation 622 [1/2] ( I:2.32ns O:2.32ns )   --->   "%buffer_c1_36_load = load i4 %buffer_c1_36_addr_2" [../cnn_hls.cpp:115]   --->   Operation 622 'load' 'buffer_c1_36_load' <Predicate = (trunc_ln110 == 3)> <Delay = 2.32> <CoreInst = "RAM">   --->   Core 81 'RAM' <Latency = 1> <II = 1> <Delay = 2.32> <Storage> <Opcode : 'load' 'store'> <Ports = 2> <Width = 8> <Depth = 9> <RAM>
ST_11 : Operation 623 [1/2] ( I:2.32ns O:2.32ns )   --->   "%buffer_c1_37_load = load i4 %buffer_c1_37_addr_2" [../cnn_hls.cpp:115]   --->   Operation 623 'load' 'buffer_c1_37_load' <Predicate = (trunc_ln110 == 1)> <Delay = 2.32> <CoreInst = "RAM">   --->   Core 81 'RAM' <Latency = 1> <II = 1> <Delay = 2.32> <Storage> <Opcode : 'load' 'store'> <Ports = 2> <Width = 8> <Depth = 9> <RAM>
ST_11 : Operation 624 [1/2] ( I:2.32ns O:2.32ns )   --->   "%buffer_c1_38_load = load i4 %buffer_c1_38_addr_2" [../cnn_hls.cpp:115]   --->   Operation 624 'load' 'buffer_c1_38_load' <Predicate = (trunc_ln110 == 4)> <Delay = 2.32> <CoreInst = "RAM">   --->   Core 81 'RAM' <Latency = 1> <II = 1> <Delay = 2.32> <Storage> <Opcode : 'load' 'store'> <Ports = 2> <Width = 8> <Depth = 9> <RAM>
ST_11 : Operation 625 [1/2] ( I:2.32ns O:2.32ns )   --->   "%buffer_c1_39_load = load i4 %buffer_c1_39_addr_2" [../cnn_hls.cpp:115]   --->   Operation 625 'load' 'buffer_c1_39_load' <Predicate = (trunc_ln110 == 2)> <Delay = 2.32> <CoreInst = "RAM">   --->   Core 81 'RAM' <Latency = 1> <II = 1> <Delay = 2.32> <Storage> <Opcode : 'load' 'store'> <Ports = 2> <Width = 8> <Depth = 9> <RAM>
ST_11 : Operation 626 [1/1] (1.94ns)   --->   "%x_63 = sparsemux i8 @_ssdm_op_SparseMux.ap_auto.5i8.i8.i3, i3 0, i8 %buffer_c1_35_load, i3 3, i8 %buffer_c1_36_load, i3 1, i8 %buffer_c1_37_load, i3 4, i8 %buffer_c1_38_load, i3 2, i8 %buffer_c1_39_load, i8 0, i3 %trunc_ln110" [../cnn_hls.cpp:115]   --->   Operation 626 'sparsemux' 'x_63' <Predicate = true> <Delay = 1.94> <CoreInst = "BinarySparseMux_DontCare">   --->   Core 137 'BinarySparseMux_DontCare' <Latency = 0> <II = 1> <Delay = 1.94> <FuncUnit> <Opcode : 'sparsemux'> <InPorts = 2> <OutPorts = 1>
ST_11 : Operation 627 [1/1] (0.00ns)   --->   "%zext_ln122 = zext i8 %x_63" [../cnn_hls.cpp:122]   --->   Operation 627 'zext' 'zext_ln122' <Predicate = true> <Delay = 0.00>
ST_11 : Operation 628 [1/2] ( I:2.32ns O:2.32ns )   --->   "%buffer_c1_load_1 = load i4 %buffer_c1_addr" [../cnn_hls.cpp:115]   --->   Operation 628 'load' 'buffer_c1_load_1' <Predicate = (trunc_ln110 == 1 & !icmp_ln113)> <Delay = 2.32> <CoreInst = "RAM">   --->   Core 81 'RAM' <Latency = 1> <II = 1> <Delay = 2.32> <Storage> <Opcode : 'load' 'store'> <Ports = 2> <Width = 8> <Depth = 9> <RAM>
ST_11 : Operation 629 [1/2] ( I:2.32ns O:2.32ns )   --->   "%buffer_c1_1_load_1 = load i4 %buffer_c1_1_addr" [../cnn_hls.cpp:115]   --->   Operation 629 'load' 'buffer_c1_1_load_1' <Predicate = (trunc_ln110 == 4 & !icmp_ln113)> <Delay = 2.32> <CoreInst = "RAM">   --->   Core 81 'RAM' <Latency = 1> <II = 1> <Delay = 2.32> <Storage> <Opcode : 'load' 'store'> <Ports = 2> <Width = 8> <Depth = 9> <RAM>
ST_11 : Operation 630 [1/2] ( I:2.32ns O:2.32ns )   --->   "%buffer_c1_2_load_1 = load i4 %buffer_c1_2_addr" [../cnn_hls.cpp:115]   --->   Operation 630 'load' 'buffer_c1_2_load_1' <Predicate = (trunc_ln110 == 2 & !icmp_ln113)> <Delay = 2.32> <CoreInst = "RAM">   --->   Core 81 'RAM' <Latency = 1> <II = 1> <Delay = 2.32> <Storage> <Opcode : 'load' 'store'> <Ports = 2> <Width = 8> <Depth = 9> <RAM>
ST_11 : Operation 631 [1/2] ( I:2.32ns O:2.32ns )   --->   "%buffer_c1_3_load_1 = load i4 %buffer_c1_3_addr" [../cnn_hls.cpp:115]   --->   Operation 631 'load' 'buffer_c1_3_load_1' <Predicate = (trunc_ln110 == 0 & !icmp_ln113)> <Delay = 2.32> <CoreInst = "RAM">   --->   Core 81 'RAM' <Latency = 1> <II = 1> <Delay = 2.32> <Storage> <Opcode : 'load' 'store'> <Ports = 2> <Width = 8> <Depth = 9> <RAM>
ST_11 : Operation 632 [1/2] ( I:2.32ns O:2.32ns )   --->   "%buffer_c1_4_load_1 = load i4 %buffer_c1_4_addr" [../cnn_hls.cpp:115]   --->   Operation 632 'load' 'buffer_c1_4_load_1' <Predicate = (trunc_ln110 == 3 & !icmp_ln113)> <Delay = 2.32> <CoreInst = "RAM">   --->   Core 81 'RAM' <Latency = 1> <II = 1> <Delay = 2.32> <Storage> <Opcode : 'load' 'store'> <Ports = 2> <Width = 8> <Depth = 9> <RAM>
ST_11 : Operation 633 [1/2] ( I:2.32ns O:2.32ns )   --->   "%buffer_c1_5_load_1 = load i4 %buffer_c1_5_addr" [../cnn_hls.cpp:115]   --->   Operation 633 'load' 'buffer_c1_5_load_1' <Predicate = (trunc_ln110 == 1 & !icmp_ln113)> <Delay = 2.32> <CoreInst = "RAM">   --->   Core 81 'RAM' <Latency = 1> <II = 1> <Delay = 2.32> <Storage> <Opcode : 'load' 'store'> <Ports = 2> <Width = 8> <Depth = 9> <RAM>
ST_11 : Operation 634 [1/2] ( I:2.32ns O:2.32ns )   --->   "%buffer_c1_6_load_1 = load i4 %buffer_c1_6_addr" [../cnn_hls.cpp:115]   --->   Operation 634 'load' 'buffer_c1_6_load_1' <Predicate = (trunc_ln110 == 4 & !icmp_ln113)> <Delay = 2.32> <CoreInst = "RAM">   --->   Core 81 'RAM' <Latency = 1> <II = 1> <Delay = 2.32> <Storage> <Opcode : 'load' 'store'> <Ports = 2> <Width = 8> <Depth = 9> <RAM>
ST_11 : Operation 635 [1/2] ( I:2.32ns O:2.32ns )   --->   "%buffer_c1_7_load_1 = load i4 %buffer_c1_7_addr" [../cnn_hls.cpp:115]   --->   Operation 635 'load' 'buffer_c1_7_load_1' <Predicate = (trunc_ln110 == 2 & !icmp_ln113)> <Delay = 2.32> <CoreInst = "RAM">   --->   Core 81 'RAM' <Latency = 1> <II = 1> <Delay = 2.32> <Storage> <Opcode : 'load' 'store'> <Ports = 2> <Width = 8> <Depth = 9> <RAM>
ST_11 : Operation 636 [1/2] ( I:2.32ns O:2.32ns )   --->   "%buffer_c1_8_load_1 = load i4 %buffer_c1_8_addr" [../cnn_hls.cpp:115]   --->   Operation 636 'load' 'buffer_c1_8_load_1' <Predicate = (trunc_ln110 == 0 & !icmp_ln113)> <Delay = 2.32> <CoreInst = "RAM">   --->   Core 81 'RAM' <Latency = 1> <II = 1> <Delay = 2.32> <Storage> <Opcode : 'load' 'store'> <Ports = 2> <Width = 8> <Depth = 9> <RAM>
ST_11 : Operation 637 [1/2] ( I:2.32ns O:2.32ns )   --->   "%buffer_c1_9_load_1 = load i4 %buffer_c1_9_addr" [../cnn_hls.cpp:115]   --->   Operation 637 'load' 'buffer_c1_9_load_1' <Predicate = (trunc_ln110 == 3 & !icmp_ln113)> <Delay = 2.32> <CoreInst = "RAM">   --->   Core 81 'RAM' <Latency = 1> <II = 1> <Delay = 2.32> <Storage> <Opcode : 'load' 'store'> <Ports = 2> <Width = 8> <Depth = 9> <RAM>
ST_11 : Operation 638 [1/2] ( I:2.32ns O:2.32ns )   --->   "%buffer_c1_10_load_1 = load i4 %buffer_c1_10_addr" [../cnn_hls.cpp:115]   --->   Operation 638 'load' 'buffer_c1_10_load_1' <Predicate = (trunc_ln110 == 1 & !icmp_ln113)> <Delay = 2.32> <CoreInst = "RAM">   --->   Core 81 'RAM' <Latency = 1> <II = 1> <Delay = 2.32> <Storage> <Opcode : 'load' 'store'> <Ports = 2> <Width = 8> <Depth = 9> <RAM>
ST_11 : Operation 639 [1/2] ( I:2.32ns O:2.32ns )   --->   "%buffer_c1_11_load_1 = load i4 %buffer_c1_11_addr" [../cnn_hls.cpp:115]   --->   Operation 639 'load' 'buffer_c1_11_load_1' <Predicate = (trunc_ln110 == 4 & !icmp_ln113)> <Delay = 2.32> <CoreInst = "RAM">   --->   Core 81 'RAM' <Latency = 1> <II = 1> <Delay = 2.32> <Storage> <Opcode : 'load' 'store'> <Ports = 2> <Width = 8> <Depth = 9> <RAM>
ST_11 : Operation 640 [1/2] ( I:2.32ns O:2.32ns )   --->   "%buffer_c1_12_load_1 = load i4 %buffer_c1_12_addr" [../cnn_hls.cpp:115]   --->   Operation 640 'load' 'buffer_c1_12_load_1' <Predicate = (trunc_ln110 == 2 & !icmp_ln113)> <Delay = 2.32> <CoreInst = "RAM">   --->   Core 81 'RAM' <Latency = 1> <II = 1> <Delay = 2.32> <Storage> <Opcode : 'load' 'store'> <Ports = 2> <Width = 8> <Depth = 9> <RAM>
ST_11 : Operation 641 [1/2] ( I:2.32ns O:2.32ns )   --->   "%buffer_c1_13_load_1 = load i4 %buffer_c1_13_addr" [../cnn_hls.cpp:115]   --->   Operation 641 'load' 'buffer_c1_13_load_1' <Predicate = (trunc_ln110 == 0 & !icmp_ln113)> <Delay = 2.32> <CoreInst = "RAM">   --->   Core 81 'RAM' <Latency = 1> <II = 1> <Delay = 2.32> <Storage> <Opcode : 'load' 'store'> <Ports = 2> <Width = 8> <Depth = 9> <RAM>
ST_11 : Operation 642 [1/2] ( I:2.32ns O:2.32ns )   --->   "%buffer_c1_14_load_1 = load i4 %buffer_c1_14_addr" [../cnn_hls.cpp:115]   --->   Operation 642 'load' 'buffer_c1_14_load_1' <Predicate = (trunc_ln110 == 3 & !icmp_ln113)> <Delay = 2.32> <CoreInst = "RAM">   --->   Core 81 'RAM' <Latency = 1> <II = 1> <Delay = 2.32> <Storage> <Opcode : 'load' 'store'> <Ports = 2> <Width = 8> <Depth = 9> <RAM>
ST_11 : Operation 643 [1/2] ( I:2.32ns O:2.32ns )   --->   "%buffer_c1_15_load_1 = load i4 %buffer_c1_15_addr" [../cnn_hls.cpp:115]   --->   Operation 643 'load' 'buffer_c1_15_load_1' <Predicate = (trunc_ln110 == 1 & !icmp_ln113)> <Delay = 2.32> <CoreInst = "RAM">   --->   Core 81 'RAM' <Latency = 1> <II = 1> <Delay = 2.32> <Storage> <Opcode : 'load' 'store'> <Ports = 2> <Width = 8> <Depth = 9> <RAM>
ST_11 : Operation 644 [1/2] ( I:2.32ns O:2.32ns )   --->   "%buffer_c1_16_load_1 = load i4 %buffer_c1_16_addr" [../cnn_hls.cpp:115]   --->   Operation 644 'load' 'buffer_c1_16_load_1' <Predicate = (trunc_ln110 == 4 & !icmp_ln113)> <Delay = 2.32> <CoreInst = "RAM">   --->   Core 81 'RAM' <Latency = 1> <II = 1> <Delay = 2.32> <Storage> <Opcode : 'load' 'store'> <Ports = 2> <Width = 8> <Depth = 9> <RAM>
ST_11 : Operation 645 [1/2] ( I:2.32ns O:2.32ns )   --->   "%buffer_c1_17_load_1 = load i4 %buffer_c1_17_addr" [../cnn_hls.cpp:115]   --->   Operation 645 'load' 'buffer_c1_17_load_1' <Predicate = (trunc_ln110 == 2 & !icmp_ln113)> <Delay = 2.32> <CoreInst = "RAM">   --->   Core 81 'RAM' <Latency = 1> <II = 1> <Delay = 2.32> <Storage> <Opcode : 'load' 'store'> <Ports = 2> <Width = 8> <Depth = 9> <RAM>
ST_11 : Operation 646 [1/2] ( I:2.32ns O:2.32ns )   --->   "%buffer_c1_18_load_1 = load i4 %buffer_c1_18_addr" [../cnn_hls.cpp:115]   --->   Operation 646 'load' 'buffer_c1_18_load_1' <Predicate = (trunc_ln110 == 0 & !icmp_ln113)> <Delay = 2.32> <CoreInst = "RAM">   --->   Core 81 'RAM' <Latency = 1> <II = 1> <Delay = 2.32> <Storage> <Opcode : 'load' 'store'> <Ports = 2> <Width = 8> <Depth = 9> <RAM>
ST_11 : Operation 647 [1/2] ( I:2.32ns O:2.32ns )   --->   "%buffer_c1_19_load_1 = load i4 %buffer_c1_19_addr" [../cnn_hls.cpp:115]   --->   Operation 647 'load' 'buffer_c1_19_load_1' <Predicate = (trunc_ln110 == 3 & !icmp_ln113)> <Delay = 2.32> <CoreInst = "RAM">   --->   Core 81 'RAM' <Latency = 1> <II = 1> <Delay = 2.32> <Storage> <Opcode : 'load' 'store'> <Ports = 2> <Width = 8> <Depth = 9> <RAM>
ST_11 : Operation 648 [1/2] ( I:2.32ns O:2.32ns )   --->   "%buffer_c1_20_load_1 = load i4 %buffer_c1_20_addr" [../cnn_hls.cpp:115]   --->   Operation 648 'load' 'buffer_c1_20_load_1' <Predicate = (trunc_ln110 == 1 & !icmp_ln113)> <Delay = 2.32> <CoreInst = "RAM">   --->   Core 81 'RAM' <Latency = 1> <II = 1> <Delay = 2.32> <Storage> <Opcode : 'load' 'store'> <Ports = 2> <Width = 8> <Depth = 9> <RAM>
ST_11 : Operation 649 [1/2] ( I:2.32ns O:2.32ns )   --->   "%buffer_c1_21_load_1 = load i4 %buffer_c1_21_addr" [../cnn_hls.cpp:115]   --->   Operation 649 'load' 'buffer_c1_21_load_1' <Predicate = (trunc_ln110 == 4 & !icmp_ln113)> <Delay = 2.32> <CoreInst = "RAM">   --->   Core 81 'RAM' <Latency = 1> <II = 1> <Delay = 2.32> <Storage> <Opcode : 'load' 'store'> <Ports = 2> <Width = 8> <Depth = 9> <RAM>
ST_11 : Operation 650 [1/2] ( I:2.32ns O:2.32ns )   --->   "%buffer_c1_22_load_1 = load i4 %buffer_c1_22_addr" [../cnn_hls.cpp:115]   --->   Operation 650 'load' 'buffer_c1_22_load_1' <Predicate = (trunc_ln110 == 2 & !icmp_ln113)> <Delay = 2.32> <CoreInst = "RAM">   --->   Core 81 'RAM' <Latency = 1> <II = 1> <Delay = 2.32> <Storage> <Opcode : 'load' 'store'> <Ports = 2> <Width = 8> <Depth = 9> <RAM>
ST_11 : Operation 651 [1/2] ( I:2.32ns O:2.32ns )   --->   "%buffer_c1_23_load_1 = load i4 %buffer_c1_23_addr" [../cnn_hls.cpp:115]   --->   Operation 651 'load' 'buffer_c1_23_load_1' <Predicate = (trunc_ln110 == 0 & !icmp_ln113)> <Delay = 2.32> <CoreInst = "RAM">   --->   Core 81 'RAM' <Latency = 1> <II = 1> <Delay = 2.32> <Storage> <Opcode : 'load' 'store'> <Ports = 2> <Width = 8> <Depth = 9> <RAM>
ST_11 : Operation 652 [1/2] ( I:2.32ns O:2.32ns )   --->   "%buffer_c1_24_load_1 = load i4 %buffer_c1_24_addr" [../cnn_hls.cpp:115]   --->   Operation 652 'load' 'buffer_c1_24_load_1' <Predicate = (trunc_ln110 == 3 & !icmp_ln113)> <Delay = 2.32> <CoreInst = "RAM">   --->   Core 81 'RAM' <Latency = 1> <II = 1> <Delay = 2.32> <Storage> <Opcode : 'load' 'store'> <Ports = 2> <Width = 8> <Depth = 9> <RAM>
ST_11 : Operation 653 [1/2] ( I:2.32ns O:2.32ns )   --->   "%buffer_c1_25_load_1 = load i4 %buffer_c1_25_addr" [../cnn_hls.cpp:115]   --->   Operation 653 'load' 'buffer_c1_25_load_1' <Predicate = (trunc_ln110 == 1 & !icmp_ln113)> <Delay = 2.32> <CoreInst = "RAM">   --->   Core 81 'RAM' <Latency = 1> <II = 1> <Delay = 2.32> <Storage> <Opcode : 'load' 'store'> <Ports = 2> <Width = 8> <Depth = 9> <RAM>
ST_11 : Operation 654 [1/2] ( I:2.32ns O:2.32ns )   --->   "%buffer_c1_26_load_1 = load i4 %buffer_c1_26_addr" [../cnn_hls.cpp:115]   --->   Operation 654 'load' 'buffer_c1_26_load_1' <Predicate = (trunc_ln110 == 4 & !icmp_ln113)> <Delay = 2.32> <CoreInst = "RAM">   --->   Core 81 'RAM' <Latency = 1> <II = 1> <Delay = 2.32> <Storage> <Opcode : 'load' 'store'> <Ports = 2> <Width = 8> <Depth = 9> <RAM>
ST_11 : Operation 655 [1/2] ( I:2.32ns O:2.32ns )   --->   "%buffer_c1_27_load_1 = load i4 %buffer_c1_27_addr" [../cnn_hls.cpp:115]   --->   Operation 655 'load' 'buffer_c1_27_load_1' <Predicate = (trunc_ln110 == 2 & !icmp_ln113)> <Delay = 2.32> <CoreInst = "RAM">   --->   Core 81 'RAM' <Latency = 1> <II = 1> <Delay = 2.32> <Storage> <Opcode : 'load' 'store'> <Ports = 2> <Width = 8> <Depth = 9> <RAM>
ST_11 : Operation 656 [1/2] ( I:2.32ns O:2.32ns )   --->   "%buffer_c1_28_load_1 = load i4 %buffer_c1_28_addr" [../cnn_hls.cpp:115]   --->   Operation 656 'load' 'buffer_c1_28_load_1' <Predicate = (trunc_ln110 == 0 & !icmp_ln113)> <Delay = 2.32> <CoreInst = "RAM">   --->   Core 81 'RAM' <Latency = 1> <II = 1> <Delay = 2.32> <Storage> <Opcode : 'load' 'store'> <Ports = 2> <Width = 8> <Depth = 9> <RAM>
ST_11 : Operation 657 [1/2] ( I:2.32ns O:2.32ns )   --->   "%buffer_c1_29_load_1 = load i4 %buffer_c1_29_addr" [../cnn_hls.cpp:115]   --->   Operation 657 'load' 'buffer_c1_29_load_1' <Predicate = (trunc_ln110 == 3 & !icmp_ln113)> <Delay = 2.32> <CoreInst = "RAM">   --->   Core 81 'RAM' <Latency = 1> <II = 1> <Delay = 2.32> <Storage> <Opcode : 'load' 'store'> <Ports = 2> <Width = 8> <Depth = 9> <RAM>
ST_11 : Operation 658 [1/2] ( I:2.32ns O:2.32ns )   --->   "%buffer_c1_30_load_1 = load i4 %buffer_c1_30_addr" [../cnn_hls.cpp:115]   --->   Operation 658 'load' 'buffer_c1_30_load_1' <Predicate = (trunc_ln110 == 1 & !icmp_ln113)> <Delay = 2.32> <CoreInst = "RAM">   --->   Core 81 'RAM' <Latency = 1> <II = 1> <Delay = 2.32> <Storage> <Opcode : 'load' 'store'> <Ports = 2> <Width = 8> <Depth = 9> <RAM>
ST_11 : Operation 659 [1/2] ( I:2.32ns O:2.32ns )   --->   "%buffer_c1_31_load_1 = load i4 %buffer_c1_31_addr" [../cnn_hls.cpp:115]   --->   Operation 659 'load' 'buffer_c1_31_load_1' <Predicate = (trunc_ln110 == 4 & !icmp_ln113)> <Delay = 2.32> <CoreInst = "RAM">   --->   Core 81 'RAM' <Latency = 1> <II = 1> <Delay = 2.32> <Storage> <Opcode : 'load' 'store'> <Ports = 2> <Width = 8> <Depth = 9> <RAM>
ST_11 : Operation 660 [1/2] ( I:2.32ns O:2.32ns )   --->   "%buffer_c1_32_load_1 = load i4 %buffer_c1_32_addr" [../cnn_hls.cpp:115]   --->   Operation 660 'load' 'buffer_c1_32_load_1' <Predicate = (trunc_ln110 == 2 & !icmp_ln113)> <Delay = 2.32> <CoreInst = "RAM">   --->   Core 81 'RAM' <Latency = 1> <II = 1> <Delay = 2.32> <Storage> <Opcode : 'load' 'store'> <Ports = 2> <Width = 8> <Depth = 9> <RAM>
ST_11 : Operation 661 [1/2] ( I:2.32ns O:2.32ns )   --->   "%buffer_c1_33_load_1 = load i4 %buffer_c1_33_addr" [../cnn_hls.cpp:115]   --->   Operation 661 'load' 'buffer_c1_33_load_1' <Predicate = (trunc_ln110 == 0 & !icmp_ln113)> <Delay = 2.32> <CoreInst = "RAM">   --->   Core 81 'RAM' <Latency = 1> <II = 1> <Delay = 2.32> <Storage> <Opcode : 'load' 'store'> <Ports = 2> <Width = 8> <Depth = 9> <RAM>
ST_11 : Operation 662 [1/2] ( I:2.32ns O:2.32ns )   --->   "%buffer_c1_34_load_1 = load i4 %buffer_c1_34_addr" [../cnn_hls.cpp:115]   --->   Operation 662 'load' 'buffer_c1_34_load_1' <Predicate = (trunc_ln110 == 3 & !icmp_ln113)> <Delay = 2.32> <CoreInst = "RAM">   --->   Core 81 'RAM' <Latency = 1> <II = 1> <Delay = 2.32> <Storage> <Opcode : 'load' 'store'> <Ports = 2> <Width = 8> <Depth = 9> <RAM>
ST_11 : Operation 663 [1/2] ( I:2.32ns O:2.32ns )   --->   "%buffer_c1_35_load_1 = load i4 %buffer_c1_35_addr" [../cnn_hls.cpp:115]   --->   Operation 663 'load' 'buffer_c1_35_load_1' <Predicate = (trunc_ln110 == 1 & !icmp_ln113)> <Delay = 2.32> <CoreInst = "RAM">   --->   Core 81 'RAM' <Latency = 1> <II = 1> <Delay = 2.32> <Storage> <Opcode : 'load' 'store'> <Ports = 2> <Width = 8> <Depth = 9> <RAM>
ST_11 : Operation 664 [1/2] ( I:2.32ns O:2.32ns )   --->   "%buffer_c1_36_load_1 = load i4 %buffer_c1_36_addr" [../cnn_hls.cpp:115]   --->   Operation 664 'load' 'buffer_c1_36_load_1' <Predicate = (trunc_ln110 == 4 & !icmp_ln113)> <Delay = 2.32> <CoreInst = "RAM">   --->   Core 81 'RAM' <Latency = 1> <II = 1> <Delay = 2.32> <Storage> <Opcode : 'load' 'store'> <Ports = 2> <Width = 8> <Depth = 9> <RAM>
ST_11 : Operation 665 [1/2] ( I:2.32ns O:2.32ns )   --->   "%buffer_c1_37_load_1 = load i4 %buffer_c1_37_addr" [../cnn_hls.cpp:115]   --->   Operation 665 'load' 'buffer_c1_37_load_1' <Predicate = (trunc_ln110 == 2 & !icmp_ln113)> <Delay = 2.32> <CoreInst = "RAM">   --->   Core 81 'RAM' <Latency = 1> <II = 1> <Delay = 2.32> <Storage> <Opcode : 'load' 'store'> <Ports = 2> <Width = 8> <Depth = 9> <RAM>
ST_11 : Operation 666 [1/2] ( I:2.32ns O:2.32ns )   --->   "%buffer_c1_38_load_1 = load i4 %buffer_c1_38_addr" [../cnn_hls.cpp:115]   --->   Operation 666 'load' 'buffer_c1_38_load_1' <Predicate = (trunc_ln110 == 0 & !icmp_ln113)> <Delay = 2.32> <CoreInst = "RAM">   --->   Core 81 'RAM' <Latency = 1> <II = 1> <Delay = 2.32> <Storage> <Opcode : 'load' 'store'> <Ports = 2> <Width = 8> <Depth = 9> <RAM>
ST_11 : Operation 667 [1/2] ( I:2.32ns O:2.32ns )   --->   "%buffer_c1_39_load_1 = load i4 %buffer_c1_39_addr" [../cnn_hls.cpp:115]   --->   Operation 667 'load' 'buffer_c1_39_load_1' <Predicate = (trunc_ln110 == 3 & !icmp_ln113)> <Delay = 2.32> <CoreInst = "RAM">   --->   Core 81 'RAM' <Latency = 1> <II = 1> <Delay = 2.32> <Storage> <Opcode : 'load' 'store'> <Ports = 2> <Width = 8> <Depth = 9> <RAM>
ST_11 : Operation 668 [1/2] ( I:2.32ns O:2.32ns )   --->   "%buffer_c1_load_2 = load i4 %buffer_c1_addr_1" [../cnn_hls.cpp:115]   --->   Operation 668 'load' 'buffer_c1_load_2' <Predicate = (trunc_ln110 == 3 & !icmp_ln113_1)> <Delay = 2.32> <CoreInst = "RAM">   --->   Core 81 'RAM' <Latency = 1> <II = 1> <Delay = 2.32> <Storage> <Opcode : 'load' 'store'> <Ports = 2> <Width = 8> <Depth = 9> <RAM>
ST_11 : Operation 669 [1/2] ( I:2.32ns O:2.32ns )   --->   "%buffer_c1_1_load_2 = load i4 %buffer_c1_1_addr_1" [../cnn_hls.cpp:115]   --->   Operation 669 'load' 'buffer_c1_1_load_2' <Predicate = (trunc_ln110 == 1 & !icmp_ln113_1)> <Delay = 2.32> <CoreInst = "RAM">   --->   Core 81 'RAM' <Latency = 1> <II = 1> <Delay = 2.32> <Storage> <Opcode : 'load' 'store'> <Ports = 2> <Width = 8> <Depth = 9> <RAM>
ST_11 : Operation 670 [1/2] ( I:2.32ns O:2.32ns )   --->   "%buffer_c1_2_load_2 = load i4 %buffer_c1_2_addr_1" [../cnn_hls.cpp:115]   --->   Operation 670 'load' 'buffer_c1_2_load_2' <Predicate = (trunc_ln110 == 4 & !icmp_ln113_1)> <Delay = 2.32> <CoreInst = "RAM">   --->   Core 81 'RAM' <Latency = 1> <II = 1> <Delay = 2.32> <Storage> <Opcode : 'load' 'store'> <Ports = 2> <Width = 8> <Depth = 9> <RAM>
ST_11 : Operation 671 [1/2] ( I:2.32ns O:2.32ns )   --->   "%buffer_c1_3_load_2 = load i4 %buffer_c1_3_addr_1" [../cnn_hls.cpp:115]   --->   Operation 671 'load' 'buffer_c1_3_load_2' <Predicate = (trunc_ln110 == 2 & !icmp_ln113_1)> <Delay = 2.32> <CoreInst = "RAM">   --->   Core 81 'RAM' <Latency = 1> <II = 1> <Delay = 2.32> <Storage> <Opcode : 'load' 'store'> <Ports = 2> <Width = 8> <Depth = 9> <RAM>
ST_11 : Operation 672 [1/2] ( I:2.32ns O:2.32ns )   --->   "%buffer_c1_4_load_2 = load i4 %buffer_c1_4_addr_1" [../cnn_hls.cpp:115]   --->   Operation 672 'load' 'buffer_c1_4_load_2' <Predicate = (trunc_ln110 == 0 & !icmp_ln113_1)> <Delay = 2.32> <CoreInst = "RAM">   --->   Core 81 'RAM' <Latency = 1> <II = 1> <Delay = 2.32> <Storage> <Opcode : 'load' 'store'> <Ports = 2> <Width = 8> <Depth = 9> <RAM>
ST_11 : Operation 673 [1/2] ( I:2.32ns O:2.32ns )   --->   "%buffer_c1_5_load_2 = load i4 %buffer_c1_5_addr_1" [../cnn_hls.cpp:115]   --->   Operation 673 'load' 'buffer_c1_5_load_2' <Predicate = (trunc_ln110 == 3 & !icmp_ln113_1)> <Delay = 2.32> <CoreInst = "RAM">   --->   Core 81 'RAM' <Latency = 1> <II = 1> <Delay = 2.32> <Storage> <Opcode : 'load' 'store'> <Ports = 2> <Width = 8> <Depth = 9> <RAM>
ST_11 : Operation 674 [1/2] ( I:2.32ns O:2.32ns )   --->   "%buffer_c1_6_load_2 = load i4 %buffer_c1_6_addr_1" [../cnn_hls.cpp:115]   --->   Operation 674 'load' 'buffer_c1_6_load_2' <Predicate = (trunc_ln110 == 1 & !icmp_ln113_1)> <Delay = 2.32> <CoreInst = "RAM">   --->   Core 81 'RAM' <Latency = 1> <II = 1> <Delay = 2.32> <Storage> <Opcode : 'load' 'store'> <Ports = 2> <Width = 8> <Depth = 9> <RAM>
ST_11 : Operation 675 [1/2] ( I:2.32ns O:2.32ns )   --->   "%buffer_c1_7_load_2 = load i4 %buffer_c1_7_addr_1" [../cnn_hls.cpp:115]   --->   Operation 675 'load' 'buffer_c1_7_load_2' <Predicate = (trunc_ln110 == 4 & !icmp_ln113_1)> <Delay = 2.32> <CoreInst = "RAM">   --->   Core 81 'RAM' <Latency = 1> <II = 1> <Delay = 2.32> <Storage> <Opcode : 'load' 'store'> <Ports = 2> <Width = 8> <Depth = 9> <RAM>
ST_11 : Operation 676 [1/2] ( I:2.32ns O:2.32ns )   --->   "%buffer_c1_8_load_2 = load i4 %buffer_c1_8_addr_1" [../cnn_hls.cpp:115]   --->   Operation 676 'load' 'buffer_c1_8_load_2' <Predicate = (trunc_ln110 == 2 & !icmp_ln113_1)> <Delay = 2.32> <CoreInst = "RAM">   --->   Core 81 'RAM' <Latency = 1> <II = 1> <Delay = 2.32> <Storage> <Opcode : 'load' 'store'> <Ports = 2> <Width = 8> <Depth = 9> <RAM>
ST_11 : Operation 677 [1/2] ( I:2.32ns O:2.32ns )   --->   "%buffer_c1_9_load_2 = load i4 %buffer_c1_9_addr_1" [../cnn_hls.cpp:115]   --->   Operation 677 'load' 'buffer_c1_9_load_2' <Predicate = (trunc_ln110 == 0 & !icmp_ln113_1)> <Delay = 2.32> <CoreInst = "RAM">   --->   Core 81 'RAM' <Latency = 1> <II = 1> <Delay = 2.32> <Storage> <Opcode : 'load' 'store'> <Ports = 2> <Width = 8> <Depth = 9> <RAM>
ST_11 : Operation 678 [1/2] ( I:2.32ns O:2.32ns )   --->   "%buffer_c1_10_load_2 = load i4 %buffer_c1_10_addr_1" [../cnn_hls.cpp:115]   --->   Operation 678 'load' 'buffer_c1_10_load_2' <Predicate = (trunc_ln110 == 3 & !icmp_ln113_1)> <Delay = 2.32> <CoreInst = "RAM">   --->   Core 81 'RAM' <Latency = 1> <II = 1> <Delay = 2.32> <Storage> <Opcode : 'load' 'store'> <Ports = 2> <Width = 8> <Depth = 9> <RAM>
ST_11 : Operation 679 [1/2] ( I:2.32ns O:2.32ns )   --->   "%buffer_c1_11_load_2 = load i4 %buffer_c1_11_addr_1" [../cnn_hls.cpp:115]   --->   Operation 679 'load' 'buffer_c1_11_load_2' <Predicate = (trunc_ln110 == 1 & !icmp_ln113_1)> <Delay = 2.32> <CoreInst = "RAM">   --->   Core 81 'RAM' <Latency = 1> <II = 1> <Delay = 2.32> <Storage> <Opcode : 'load' 'store'> <Ports = 2> <Width = 8> <Depth = 9> <RAM>
ST_11 : Operation 680 [1/2] ( I:2.32ns O:2.32ns )   --->   "%buffer_c1_12_load_2 = load i4 %buffer_c1_12_addr_1" [../cnn_hls.cpp:115]   --->   Operation 680 'load' 'buffer_c1_12_load_2' <Predicate = (trunc_ln110 == 4 & !icmp_ln113_1)> <Delay = 2.32> <CoreInst = "RAM">   --->   Core 81 'RAM' <Latency = 1> <II = 1> <Delay = 2.32> <Storage> <Opcode : 'load' 'store'> <Ports = 2> <Width = 8> <Depth = 9> <RAM>
ST_11 : Operation 681 [1/2] ( I:2.32ns O:2.32ns )   --->   "%buffer_c1_13_load_2 = load i4 %buffer_c1_13_addr_1" [../cnn_hls.cpp:115]   --->   Operation 681 'load' 'buffer_c1_13_load_2' <Predicate = (trunc_ln110 == 2 & !icmp_ln113_1)> <Delay = 2.32> <CoreInst = "RAM">   --->   Core 81 'RAM' <Latency = 1> <II = 1> <Delay = 2.32> <Storage> <Opcode : 'load' 'store'> <Ports = 2> <Width = 8> <Depth = 9> <RAM>
ST_11 : Operation 682 [1/2] ( I:2.32ns O:2.32ns )   --->   "%buffer_c1_14_load_2 = load i4 %buffer_c1_14_addr_1" [../cnn_hls.cpp:115]   --->   Operation 682 'load' 'buffer_c1_14_load_2' <Predicate = (trunc_ln110 == 0 & !icmp_ln113_1)> <Delay = 2.32> <CoreInst = "RAM">   --->   Core 81 'RAM' <Latency = 1> <II = 1> <Delay = 2.32> <Storage> <Opcode : 'load' 'store'> <Ports = 2> <Width = 8> <Depth = 9> <RAM>
ST_11 : Operation 683 [1/2] ( I:2.32ns O:2.32ns )   --->   "%buffer_c1_15_load_2 = load i4 %buffer_c1_15_addr_1" [../cnn_hls.cpp:115]   --->   Operation 683 'load' 'buffer_c1_15_load_2' <Predicate = (trunc_ln110 == 3 & !icmp_ln113_1)> <Delay = 2.32> <CoreInst = "RAM">   --->   Core 81 'RAM' <Latency = 1> <II = 1> <Delay = 2.32> <Storage> <Opcode : 'load' 'store'> <Ports = 2> <Width = 8> <Depth = 9> <RAM>
ST_11 : Operation 684 [1/2] ( I:2.32ns O:2.32ns )   --->   "%buffer_c1_16_load_2 = load i4 %buffer_c1_16_addr_1" [../cnn_hls.cpp:115]   --->   Operation 684 'load' 'buffer_c1_16_load_2' <Predicate = (trunc_ln110 == 1 & !icmp_ln113_1)> <Delay = 2.32> <CoreInst = "RAM">   --->   Core 81 'RAM' <Latency = 1> <II = 1> <Delay = 2.32> <Storage> <Opcode : 'load' 'store'> <Ports = 2> <Width = 8> <Depth = 9> <RAM>
ST_11 : Operation 685 [1/2] ( I:2.32ns O:2.32ns )   --->   "%buffer_c1_17_load_2 = load i4 %buffer_c1_17_addr_1" [../cnn_hls.cpp:115]   --->   Operation 685 'load' 'buffer_c1_17_load_2' <Predicate = (trunc_ln110 == 4 & !icmp_ln113_1)> <Delay = 2.32> <CoreInst = "RAM">   --->   Core 81 'RAM' <Latency = 1> <II = 1> <Delay = 2.32> <Storage> <Opcode : 'load' 'store'> <Ports = 2> <Width = 8> <Depth = 9> <RAM>
ST_11 : Operation 686 [1/2] ( I:2.32ns O:2.32ns )   --->   "%buffer_c1_18_load_2 = load i4 %buffer_c1_18_addr_1" [../cnn_hls.cpp:115]   --->   Operation 686 'load' 'buffer_c1_18_load_2' <Predicate = (trunc_ln110 == 2 & !icmp_ln113_1)> <Delay = 2.32> <CoreInst = "RAM">   --->   Core 81 'RAM' <Latency = 1> <II = 1> <Delay = 2.32> <Storage> <Opcode : 'load' 'store'> <Ports = 2> <Width = 8> <Depth = 9> <RAM>
ST_11 : Operation 687 [1/2] ( I:2.32ns O:2.32ns )   --->   "%buffer_c1_19_load_2 = load i4 %buffer_c1_19_addr_1" [../cnn_hls.cpp:115]   --->   Operation 687 'load' 'buffer_c1_19_load_2' <Predicate = (trunc_ln110 == 0 & !icmp_ln113_1)> <Delay = 2.32> <CoreInst = "RAM">   --->   Core 81 'RAM' <Latency = 1> <II = 1> <Delay = 2.32> <Storage> <Opcode : 'load' 'store'> <Ports = 2> <Width = 8> <Depth = 9> <RAM>
ST_11 : Operation 688 [1/2] ( I:2.32ns O:2.32ns )   --->   "%buffer_c1_20_load_2 = load i4 %buffer_c1_20_addr_1" [../cnn_hls.cpp:115]   --->   Operation 688 'load' 'buffer_c1_20_load_2' <Predicate = (trunc_ln110 == 3 & !icmp_ln113_1)> <Delay = 2.32> <CoreInst = "RAM">   --->   Core 81 'RAM' <Latency = 1> <II = 1> <Delay = 2.32> <Storage> <Opcode : 'load' 'store'> <Ports = 2> <Width = 8> <Depth = 9> <RAM>
ST_11 : Operation 689 [1/2] ( I:2.32ns O:2.32ns )   --->   "%buffer_c1_21_load_2 = load i4 %buffer_c1_21_addr_1" [../cnn_hls.cpp:115]   --->   Operation 689 'load' 'buffer_c1_21_load_2' <Predicate = (trunc_ln110 == 1 & !icmp_ln113_1)> <Delay = 2.32> <CoreInst = "RAM">   --->   Core 81 'RAM' <Latency = 1> <II = 1> <Delay = 2.32> <Storage> <Opcode : 'load' 'store'> <Ports = 2> <Width = 8> <Depth = 9> <RAM>
ST_11 : Operation 690 [1/2] ( I:2.32ns O:2.32ns )   --->   "%buffer_c1_22_load_2 = load i4 %buffer_c1_22_addr_1" [../cnn_hls.cpp:115]   --->   Operation 690 'load' 'buffer_c1_22_load_2' <Predicate = (trunc_ln110 == 4 & !icmp_ln113_1)> <Delay = 2.32> <CoreInst = "RAM">   --->   Core 81 'RAM' <Latency = 1> <II = 1> <Delay = 2.32> <Storage> <Opcode : 'load' 'store'> <Ports = 2> <Width = 8> <Depth = 9> <RAM>
ST_11 : Operation 691 [1/2] ( I:2.32ns O:2.32ns )   --->   "%buffer_c1_23_load_2 = load i4 %buffer_c1_23_addr_1" [../cnn_hls.cpp:115]   --->   Operation 691 'load' 'buffer_c1_23_load_2' <Predicate = (trunc_ln110 == 2 & !icmp_ln113_1)> <Delay = 2.32> <CoreInst = "RAM">   --->   Core 81 'RAM' <Latency = 1> <II = 1> <Delay = 2.32> <Storage> <Opcode : 'load' 'store'> <Ports = 2> <Width = 8> <Depth = 9> <RAM>
ST_11 : Operation 692 [1/2] ( I:2.32ns O:2.32ns )   --->   "%buffer_c1_24_load_2 = load i4 %buffer_c1_24_addr_1" [../cnn_hls.cpp:115]   --->   Operation 692 'load' 'buffer_c1_24_load_2' <Predicate = (trunc_ln110 == 0 & !icmp_ln113_1)> <Delay = 2.32> <CoreInst = "RAM">   --->   Core 81 'RAM' <Latency = 1> <II = 1> <Delay = 2.32> <Storage> <Opcode : 'load' 'store'> <Ports = 2> <Width = 8> <Depth = 9> <RAM>
ST_11 : Operation 693 [1/2] ( I:2.32ns O:2.32ns )   --->   "%buffer_c1_25_load_2 = load i4 %buffer_c1_25_addr_1" [../cnn_hls.cpp:115]   --->   Operation 693 'load' 'buffer_c1_25_load_2' <Predicate = (trunc_ln110 == 3 & !icmp_ln113_1)> <Delay = 2.32> <CoreInst = "RAM">   --->   Core 81 'RAM' <Latency = 1> <II = 1> <Delay = 2.32> <Storage> <Opcode : 'load' 'store'> <Ports = 2> <Width = 8> <Depth = 9> <RAM>
ST_11 : Operation 694 [1/2] ( I:2.32ns O:2.32ns )   --->   "%buffer_c1_26_load_2 = load i4 %buffer_c1_26_addr_1" [../cnn_hls.cpp:115]   --->   Operation 694 'load' 'buffer_c1_26_load_2' <Predicate = (trunc_ln110 == 1 & !icmp_ln113_1)> <Delay = 2.32> <CoreInst = "RAM">   --->   Core 81 'RAM' <Latency = 1> <II = 1> <Delay = 2.32> <Storage> <Opcode : 'load' 'store'> <Ports = 2> <Width = 8> <Depth = 9> <RAM>
ST_11 : Operation 695 [1/2] ( I:2.32ns O:2.32ns )   --->   "%buffer_c1_27_load_2 = load i4 %buffer_c1_27_addr_1" [../cnn_hls.cpp:115]   --->   Operation 695 'load' 'buffer_c1_27_load_2' <Predicate = (trunc_ln110 == 4 & !icmp_ln113_1)> <Delay = 2.32> <CoreInst = "RAM">   --->   Core 81 'RAM' <Latency = 1> <II = 1> <Delay = 2.32> <Storage> <Opcode : 'load' 'store'> <Ports = 2> <Width = 8> <Depth = 9> <RAM>
ST_11 : Operation 696 [1/2] ( I:2.32ns O:2.32ns )   --->   "%buffer_c1_28_load_2 = load i4 %buffer_c1_28_addr_1" [../cnn_hls.cpp:115]   --->   Operation 696 'load' 'buffer_c1_28_load_2' <Predicate = (trunc_ln110 == 2 & !icmp_ln113_1)> <Delay = 2.32> <CoreInst = "RAM">   --->   Core 81 'RAM' <Latency = 1> <II = 1> <Delay = 2.32> <Storage> <Opcode : 'load' 'store'> <Ports = 2> <Width = 8> <Depth = 9> <RAM>
ST_11 : Operation 697 [1/2] ( I:2.32ns O:2.32ns )   --->   "%buffer_c1_29_load_2 = load i4 %buffer_c1_29_addr_1" [../cnn_hls.cpp:115]   --->   Operation 697 'load' 'buffer_c1_29_load_2' <Predicate = (trunc_ln110 == 0 & !icmp_ln113_1)> <Delay = 2.32> <CoreInst = "RAM">   --->   Core 81 'RAM' <Latency = 1> <II = 1> <Delay = 2.32> <Storage> <Opcode : 'load' 'store'> <Ports = 2> <Width = 8> <Depth = 9> <RAM>
ST_11 : Operation 698 [1/2] ( I:2.32ns O:2.32ns )   --->   "%buffer_c1_30_load_2 = load i4 %buffer_c1_30_addr_1" [../cnn_hls.cpp:115]   --->   Operation 698 'load' 'buffer_c1_30_load_2' <Predicate = (trunc_ln110 == 3 & !icmp_ln113_1)> <Delay = 2.32> <CoreInst = "RAM">   --->   Core 81 'RAM' <Latency = 1> <II = 1> <Delay = 2.32> <Storage> <Opcode : 'load' 'store'> <Ports = 2> <Width = 8> <Depth = 9> <RAM>
ST_11 : Operation 699 [1/2] ( I:2.32ns O:2.32ns )   --->   "%buffer_c1_31_load_2 = load i4 %buffer_c1_31_addr_1" [../cnn_hls.cpp:115]   --->   Operation 699 'load' 'buffer_c1_31_load_2' <Predicate = (trunc_ln110 == 1 & !icmp_ln113_1)> <Delay = 2.32> <CoreInst = "RAM">   --->   Core 81 'RAM' <Latency = 1> <II = 1> <Delay = 2.32> <Storage> <Opcode : 'load' 'store'> <Ports = 2> <Width = 8> <Depth = 9> <RAM>
ST_11 : Operation 700 [1/2] ( I:2.32ns O:2.32ns )   --->   "%buffer_c1_32_load_2 = load i4 %buffer_c1_32_addr_1" [../cnn_hls.cpp:115]   --->   Operation 700 'load' 'buffer_c1_32_load_2' <Predicate = (trunc_ln110 == 4 & !icmp_ln113_1)> <Delay = 2.32> <CoreInst = "RAM">   --->   Core 81 'RAM' <Latency = 1> <II = 1> <Delay = 2.32> <Storage> <Opcode : 'load' 'store'> <Ports = 2> <Width = 8> <Depth = 9> <RAM>
ST_11 : Operation 701 [1/2] ( I:2.32ns O:2.32ns )   --->   "%buffer_c1_33_load_2 = load i4 %buffer_c1_33_addr_1" [../cnn_hls.cpp:115]   --->   Operation 701 'load' 'buffer_c1_33_load_2' <Predicate = (trunc_ln110 == 2 & !icmp_ln113_1)> <Delay = 2.32> <CoreInst = "RAM">   --->   Core 81 'RAM' <Latency = 1> <II = 1> <Delay = 2.32> <Storage> <Opcode : 'load' 'store'> <Ports = 2> <Width = 8> <Depth = 9> <RAM>
ST_11 : Operation 702 [1/2] ( I:2.32ns O:2.32ns )   --->   "%buffer_c1_34_load_2 = load i4 %buffer_c1_34_addr_1" [../cnn_hls.cpp:115]   --->   Operation 702 'load' 'buffer_c1_34_load_2' <Predicate = (trunc_ln110 == 0 & !icmp_ln113_1)> <Delay = 2.32> <CoreInst = "RAM">   --->   Core 81 'RAM' <Latency = 1> <II = 1> <Delay = 2.32> <Storage> <Opcode : 'load' 'store'> <Ports = 2> <Width = 8> <Depth = 9> <RAM>
ST_11 : Operation 703 [1/2] ( I:2.32ns O:2.32ns )   --->   "%buffer_c1_35_load_2 = load i4 %buffer_c1_35_addr_1" [../cnn_hls.cpp:115]   --->   Operation 703 'load' 'buffer_c1_35_load_2' <Predicate = (trunc_ln110 == 3 & !icmp_ln113_1)> <Delay = 2.32> <CoreInst = "RAM">   --->   Core 81 'RAM' <Latency = 1> <II = 1> <Delay = 2.32> <Storage> <Opcode : 'load' 'store'> <Ports = 2> <Width = 8> <Depth = 9> <RAM>
ST_11 : Operation 704 [1/2] ( I:2.32ns O:2.32ns )   --->   "%buffer_c1_36_load_2 = load i4 %buffer_c1_36_addr_1" [../cnn_hls.cpp:115]   --->   Operation 704 'load' 'buffer_c1_36_load_2' <Predicate = (trunc_ln110 == 1 & !icmp_ln113_1)> <Delay = 2.32> <CoreInst = "RAM">   --->   Core 81 'RAM' <Latency = 1> <II = 1> <Delay = 2.32> <Storage> <Opcode : 'load' 'store'> <Ports = 2> <Width = 8> <Depth = 9> <RAM>
ST_11 : Operation 705 [1/2] ( I:2.32ns O:2.32ns )   --->   "%buffer_c1_37_load_2 = load i4 %buffer_c1_37_addr_1" [../cnn_hls.cpp:115]   --->   Operation 705 'load' 'buffer_c1_37_load_2' <Predicate = (trunc_ln110 == 4 & !icmp_ln113_1)> <Delay = 2.32> <CoreInst = "RAM">   --->   Core 81 'RAM' <Latency = 1> <II = 1> <Delay = 2.32> <Storage> <Opcode : 'load' 'store'> <Ports = 2> <Width = 8> <Depth = 9> <RAM>
ST_11 : Operation 706 [1/2] ( I:2.32ns O:2.32ns )   --->   "%buffer_c1_38_load_2 = load i4 %buffer_c1_38_addr_1" [../cnn_hls.cpp:115]   --->   Operation 706 'load' 'buffer_c1_38_load_2' <Predicate = (trunc_ln110 == 2 & !icmp_ln113_1)> <Delay = 2.32> <CoreInst = "RAM">   --->   Core 81 'RAM' <Latency = 1> <II = 1> <Delay = 2.32> <Storage> <Opcode : 'load' 'store'> <Ports = 2> <Width = 8> <Depth = 9> <RAM>
ST_11 : Operation 707 [1/2] ( I:2.32ns O:2.32ns )   --->   "%buffer_c1_39_load_2 = load i4 %buffer_c1_39_addr_1" [../cnn_hls.cpp:115]   --->   Operation 707 'load' 'buffer_c1_39_load_2' <Predicate = (trunc_ln110 == 0 & !icmp_ln113_1)> <Delay = 2.32> <CoreInst = "RAM">   --->   Core 81 'RAM' <Latency = 1> <II = 1> <Delay = 2.32> <Storage> <Opcode : 'load' 'store'> <Ports = 2> <Width = 8> <Depth = 9> <RAM>
ST_11 : Operation 708 [1/2] ( I:2.32ns O:2.32ns )   --->   "%buffer_c1_load_3 = load i4 %buffer_c1_addr_3" [../cnn_hls.cpp:115]   --->   Operation 708 'load' 'buffer_c1_load_3' <Predicate = (trunc_ln110 == 2 & !icmp_ln113_2)> <Delay = 2.32> <CoreInst = "RAM">   --->   Core 81 'RAM' <Latency = 1> <II = 1> <Delay = 2.32> <Storage> <Opcode : 'load' 'store'> <Ports = 2> <Width = 8> <Depth = 9> <RAM>
ST_11 : Operation 709 [1/2] ( I:2.32ns O:2.32ns )   --->   "%buffer_c1_1_load_3 = load i4 %buffer_c1_1_addr_3" [../cnn_hls.cpp:115]   --->   Operation 709 'load' 'buffer_c1_1_load_3' <Predicate = (trunc_ln110 == 0 & !icmp_ln113_2)> <Delay = 2.32> <CoreInst = "RAM">   --->   Core 81 'RAM' <Latency = 1> <II = 1> <Delay = 2.32> <Storage> <Opcode : 'load' 'store'> <Ports = 2> <Width = 8> <Depth = 9> <RAM>
ST_11 : Operation 710 [1/2] ( I:2.32ns O:2.32ns )   --->   "%buffer_c1_2_load_3 = load i4 %buffer_c1_2_addr_3" [../cnn_hls.cpp:115]   --->   Operation 710 'load' 'buffer_c1_2_load_3' <Predicate = (trunc_ln110 == 3 & !icmp_ln113_2)> <Delay = 2.32> <CoreInst = "RAM">   --->   Core 81 'RAM' <Latency = 1> <II = 1> <Delay = 2.32> <Storage> <Opcode : 'load' 'store'> <Ports = 2> <Width = 8> <Depth = 9> <RAM>
ST_11 : Operation 711 [1/2] ( I:2.32ns O:2.32ns )   --->   "%buffer_c1_3_load_3 = load i4 %buffer_c1_3_addr_3" [../cnn_hls.cpp:115]   --->   Operation 711 'load' 'buffer_c1_3_load_3' <Predicate = (trunc_ln110 == 1 & !icmp_ln113_2)> <Delay = 2.32> <CoreInst = "RAM">   --->   Core 81 'RAM' <Latency = 1> <II = 1> <Delay = 2.32> <Storage> <Opcode : 'load' 'store'> <Ports = 2> <Width = 8> <Depth = 9> <RAM>
ST_11 : Operation 712 [1/2] ( I:2.32ns O:2.32ns )   --->   "%buffer_c1_4_load_3 = load i4 %buffer_c1_4_addr_3" [../cnn_hls.cpp:115]   --->   Operation 712 'load' 'buffer_c1_4_load_3' <Predicate = (trunc_ln110 == 4 & !icmp_ln113_2)> <Delay = 2.32> <CoreInst = "RAM">   --->   Core 81 'RAM' <Latency = 1> <II = 1> <Delay = 2.32> <Storage> <Opcode : 'load' 'store'> <Ports = 2> <Width = 8> <Depth = 9> <RAM>
ST_11 : Operation 713 [1/2] ( I:2.32ns O:2.32ns )   --->   "%buffer_c1_5_load_3 = load i4 %buffer_c1_5_addr_3" [../cnn_hls.cpp:115]   --->   Operation 713 'load' 'buffer_c1_5_load_3' <Predicate = (trunc_ln110 == 2 & !icmp_ln113_2)> <Delay = 2.32> <CoreInst = "RAM">   --->   Core 81 'RAM' <Latency = 1> <II = 1> <Delay = 2.32> <Storage> <Opcode : 'load' 'store'> <Ports = 2> <Width = 8> <Depth = 9> <RAM>
ST_11 : Operation 714 [1/2] ( I:2.32ns O:2.32ns )   --->   "%buffer_c1_6_load_3 = load i4 %buffer_c1_6_addr_3" [../cnn_hls.cpp:115]   --->   Operation 714 'load' 'buffer_c1_6_load_3' <Predicate = (trunc_ln110 == 0 & !icmp_ln113_2)> <Delay = 2.32> <CoreInst = "RAM">   --->   Core 81 'RAM' <Latency = 1> <II = 1> <Delay = 2.32> <Storage> <Opcode : 'load' 'store'> <Ports = 2> <Width = 8> <Depth = 9> <RAM>
ST_11 : Operation 715 [1/2] ( I:2.32ns O:2.32ns )   --->   "%buffer_c1_7_load_3 = load i4 %buffer_c1_7_addr_3" [../cnn_hls.cpp:115]   --->   Operation 715 'load' 'buffer_c1_7_load_3' <Predicate = (trunc_ln110 == 3 & !icmp_ln113_2)> <Delay = 2.32> <CoreInst = "RAM">   --->   Core 81 'RAM' <Latency = 1> <II = 1> <Delay = 2.32> <Storage> <Opcode : 'load' 'store'> <Ports = 2> <Width = 8> <Depth = 9> <RAM>
ST_11 : Operation 716 [1/2] ( I:2.32ns O:2.32ns )   --->   "%buffer_c1_8_load_3 = load i4 %buffer_c1_8_addr_3" [../cnn_hls.cpp:115]   --->   Operation 716 'load' 'buffer_c1_8_load_3' <Predicate = (trunc_ln110 == 1 & !icmp_ln113_2)> <Delay = 2.32> <CoreInst = "RAM">   --->   Core 81 'RAM' <Latency = 1> <II = 1> <Delay = 2.32> <Storage> <Opcode : 'load' 'store'> <Ports = 2> <Width = 8> <Depth = 9> <RAM>
ST_11 : Operation 717 [1/2] ( I:2.32ns O:2.32ns )   --->   "%buffer_c1_9_load_3 = load i4 %buffer_c1_9_addr_3" [../cnn_hls.cpp:115]   --->   Operation 717 'load' 'buffer_c1_9_load_3' <Predicate = (trunc_ln110 == 4 & !icmp_ln113_2)> <Delay = 2.32> <CoreInst = "RAM">   --->   Core 81 'RAM' <Latency = 1> <II = 1> <Delay = 2.32> <Storage> <Opcode : 'load' 'store'> <Ports = 2> <Width = 8> <Depth = 9> <RAM>
ST_11 : Operation 718 [1/2] ( I:2.32ns O:2.32ns )   --->   "%buffer_c1_10_load_3 = load i4 %buffer_c1_10_addr_3" [../cnn_hls.cpp:115]   --->   Operation 718 'load' 'buffer_c1_10_load_3' <Predicate = (trunc_ln110 == 2 & !icmp_ln113_2)> <Delay = 2.32> <CoreInst = "RAM">   --->   Core 81 'RAM' <Latency = 1> <II = 1> <Delay = 2.32> <Storage> <Opcode : 'load' 'store'> <Ports = 2> <Width = 8> <Depth = 9> <RAM>
ST_11 : Operation 719 [1/2] ( I:2.32ns O:2.32ns )   --->   "%buffer_c1_11_load_3 = load i4 %buffer_c1_11_addr_3" [../cnn_hls.cpp:115]   --->   Operation 719 'load' 'buffer_c1_11_load_3' <Predicate = (trunc_ln110 == 0 & !icmp_ln113_2)> <Delay = 2.32> <CoreInst = "RAM">   --->   Core 81 'RAM' <Latency = 1> <II = 1> <Delay = 2.32> <Storage> <Opcode : 'load' 'store'> <Ports = 2> <Width = 8> <Depth = 9> <RAM>
ST_11 : Operation 720 [1/2] ( I:2.32ns O:2.32ns )   --->   "%buffer_c1_12_load_3 = load i4 %buffer_c1_12_addr_3" [../cnn_hls.cpp:115]   --->   Operation 720 'load' 'buffer_c1_12_load_3' <Predicate = (trunc_ln110 == 3 & !icmp_ln113_2)> <Delay = 2.32> <CoreInst = "RAM">   --->   Core 81 'RAM' <Latency = 1> <II = 1> <Delay = 2.32> <Storage> <Opcode : 'load' 'store'> <Ports = 2> <Width = 8> <Depth = 9> <RAM>
ST_11 : Operation 721 [1/2] ( I:2.32ns O:2.32ns )   --->   "%buffer_c1_13_load_3 = load i4 %buffer_c1_13_addr_3" [../cnn_hls.cpp:115]   --->   Operation 721 'load' 'buffer_c1_13_load_3' <Predicate = (trunc_ln110 == 1 & !icmp_ln113_2)> <Delay = 2.32> <CoreInst = "RAM">   --->   Core 81 'RAM' <Latency = 1> <II = 1> <Delay = 2.32> <Storage> <Opcode : 'load' 'store'> <Ports = 2> <Width = 8> <Depth = 9> <RAM>
ST_11 : Operation 722 [1/2] ( I:2.32ns O:2.32ns )   --->   "%buffer_c1_14_load_3 = load i4 %buffer_c1_14_addr_3" [../cnn_hls.cpp:115]   --->   Operation 722 'load' 'buffer_c1_14_load_3' <Predicate = (trunc_ln110 == 4 & !icmp_ln113_2)> <Delay = 2.32> <CoreInst = "RAM">   --->   Core 81 'RAM' <Latency = 1> <II = 1> <Delay = 2.32> <Storage> <Opcode : 'load' 'store'> <Ports = 2> <Width = 8> <Depth = 9> <RAM>
ST_11 : Operation 723 [1/2] ( I:2.32ns O:2.32ns )   --->   "%buffer_c1_15_load_3 = load i4 %buffer_c1_15_addr_3" [../cnn_hls.cpp:115]   --->   Operation 723 'load' 'buffer_c1_15_load_3' <Predicate = (trunc_ln110 == 2 & !icmp_ln113_2)> <Delay = 2.32> <CoreInst = "RAM">   --->   Core 81 'RAM' <Latency = 1> <II = 1> <Delay = 2.32> <Storage> <Opcode : 'load' 'store'> <Ports = 2> <Width = 8> <Depth = 9> <RAM>
ST_11 : Operation 724 [1/2] ( I:2.32ns O:2.32ns )   --->   "%buffer_c1_16_load_3 = load i4 %buffer_c1_16_addr_3" [../cnn_hls.cpp:115]   --->   Operation 724 'load' 'buffer_c1_16_load_3' <Predicate = (trunc_ln110 == 0 & !icmp_ln113_2)> <Delay = 2.32> <CoreInst = "RAM">   --->   Core 81 'RAM' <Latency = 1> <II = 1> <Delay = 2.32> <Storage> <Opcode : 'load' 'store'> <Ports = 2> <Width = 8> <Depth = 9> <RAM>
ST_11 : Operation 725 [1/2] ( I:2.32ns O:2.32ns )   --->   "%buffer_c1_17_load_3 = load i4 %buffer_c1_17_addr_3" [../cnn_hls.cpp:115]   --->   Operation 725 'load' 'buffer_c1_17_load_3' <Predicate = (trunc_ln110 == 3 & !icmp_ln113_2)> <Delay = 2.32> <CoreInst = "RAM">   --->   Core 81 'RAM' <Latency = 1> <II = 1> <Delay = 2.32> <Storage> <Opcode : 'load' 'store'> <Ports = 2> <Width = 8> <Depth = 9> <RAM>
ST_11 : Operation 726 [1/2] ( I:2.32ns O:2.32ns )   --->   "%buffer_c1_18_load_3 = load i4 %buffer_c1_18_addr_3" [../cnn_hls.cpp:115]   --->   Operation 726 'load' 'buffer_c1_18_load_3' <Predicate = (trunc_ln110 == 1 & !icmp_ln113_2)> <Delay = 2.32> <CoreInst = "RAM">   --->   Core 81 'RAM' <Latency = 1> <II = 1> <Delay = 2.32> <Storage> <Opcode : 'load' 'store'> <Ports = 2> <Width = 8> <Depth = 9> <RAM>
ST_11 : Operation 727 [1/2] ( I:2.32ns O:2.32ns )   --->   "%buffer_c1_19_load_3 = load i4 %buffer_c1_19_addr_3" [../cnn_hls.cpp:115]   --->   Operation 727 'load' 'buffer_c1_19_load_3' <Predicate = (trunc_ln110 == 4 & !icmp_ln113_2)> <Delay = 2.32> <CoreInst = "RAM">   --->   Core 81 'RAM' <Latency = 1> <II = 1> <Delay = 2.32> <Storage> <Opcode : 'load' 'store'> <Ports = 2> <Width = 8> <Depth = 9> <RAM>
ST_11 : Operation 728 [1/2] ( I:2.32ns O:2.32ns )   --->   "%buffer_c1_20_load_3 = load i4 %buffer_c1_20_addr_3" [../cnn_hls.cpp:115]   --->   Operation 728 'load' 'buffer_c1_20_load_3' <Predicate = (trunc_ln110 == 2 & !icmp_ln113_2)> <Delay = 2.32> <CoreInst = "RAM">   --->   Core 81 'RAM' <Latency = 1> <II = 1> <Delay = 2.32> <Storage> <Opcode : 'load' 'store'> <Ports = 2> <Width = 8> <Depth = 9> <RAM>
ST_11 : Operation 729 [1/2] ( I:2.32ns O:2.32ns )   --->   "%buffer_c1_21_load_3 = load i4 %buffer_c1_21_addr_3" [../cnn_hls.cpp:115]   --->   Operation 729 'load' 'buffer_c1_21_load_3' <Predicate = (trunc_ln110 == 0 & !icmp_ln113_2)> <Delay = 2.32> <CoreInst = "RAM">   --->   Core 81 'RAM' <Latency = 1> <II = 1> <Delay = 2.32> <Storage> <Opcode : 'load' 'store'> <Ports = 2> <Width = 8> <Depth = 9> <RAM>
ST_11 : Operation 730 [1/2] ( I:2.32ns O:2.32ns )   --->   "%buffer_c1_22_load_3 = load i4 %buffer_c1_22_addr_3" [../cnn_hls.cpp:115]   --->   Operation 730 'load' 'buffer_c1_22_load_3' <Predicate = (trunc_ln110 == 3 & !icmp_ln113_2)> <Delay = 2.32> <CoreInst = "RAM">   --->   Core 81 'RAM' <Latency = 1> <II = 1> <Delay = 2.32> <Storage> <Opcode : 'load' 'store'> <Ports = 2> <Width = 8> <Depth = 9> <RAM>
ST_11 : Operation 731 [1/2] ( I:2.32ns O:2.32ns )   --->   "%buffer_c1_23_load_3 = load i4 %buffer_c1_23_addr_3" [../cnn_hls.cpp:115]   --->   Operation 731 'load' 'buffer_c1_23_load_3' <Predicate = (trunc_ln110 == 1 & !icmp_ln113_2)> <Delay = 2.32> <CoreInst = "RAM">   --->   Core 81 'RAM' <Latency = 1> <II = 1> <Delay = 2.32> <Storage> <Opcode : 'load' 'store'> <Ports = 2> <Width = 8> <Depth = 9> <RAM>
ST_11 : Operation 732 [1/2] ( I:2.32ns O:2.32ns )   --->   "%buffer_c1_24_load_3 = load i4 %buffer_c1_24_addr_3" [../cnn_hls.cpp:115]   --->   Operation 732 'load' 'buffer_c1_24_load_3' <Predicate = (trunc_ln110 == 4 & !icmp_ln113_2)> <Delay = 2.32> <CoreInst = "RAM">   --->   Core 81 'RAM' <Latency = 1> <II = 1> <Delay = 2.32> <Storage> <Opcode : 'load' 'store'> <Ports = 2> <Width = 8> <Depth = 9> <RAM>
ST_11 : Operation 733 [1/2] ( I:2.32ns O:2.32ns )   --->   "%buffer_c1_25_load_3 = load i4 %buffer_c1_25_addr_3" [../cnn_hls.cpp:115]   --->   Operation 733 'load' 'buffer_c1_25_load_3' <Predicate = (trunc_ln110 == 2 & !icmp_ln113_2)> <Delay = 2.32> <CoreInst = "RAM">   --->   Core 81 'RAM' <Latency = 1> <II = 1> <Delay = 2.32> <Storage> <Opcode : 'load' 'store'> <Ports = 2> <Width = 8> <Depth = 9> <RAM>
ST_11 : Operation 734 [1/2] ( I:2.32ns O:2.32ns )   --->   "%buffer_c1_26_load_3 = load i4 %buffer_c1_26_addr_3" [../cnn_hls.cpp:115]   --->   Operation 734 'load' 'buffer_c1_26_load_3' <Predicate = (trunc_ln110 == 0 & !icmp_ln113_2)> <Delay = 2.32> <CoreInst = "RAM">   --->   Core 81 'RAM' <Latency = 1> <II = 1> <Delay = 2.32> <Storage> <Opcode : 'load' 'store'> <Ports = 2> <Width = 8> <Depth = 9> <RAM>
ST_11 : Operation 735 [1/2] ( I:2.32ns O:2.32ns )   --->   "%buffer_c1_27_load_3 = load i4 %buffer_c1_27_addr_3" [../cnn_hls.cpp:115]   --->   Operation 735 'load' 'buffer_c1_27_load_3' <Predicate = (trunc_ln110 == 3 & !icmp_ln113_2)> <Delay = 2.32> <CoreInst = "RAM">   --->   Core 81 'RAM' <Latency = 1> <II = 1> <Delay = 2.32> <Storage> <Opcode : 'load' 'store'> <Ports = 2> <Width = 8> <Depth = 9> <RAM>
ST_11 : Operation 736 [1/2] ( I:2.32ns O:2.32ns )   --->   "%buffer_c1_28_load_3 = load i4 %buffer_c1_28_addr_3" [../cnn_hls.cpp:115]   --->   Operation 736 'load' 'buffer_c1_28_load_3' <Predicate = (trunc_ln110 == 1 & !icmp_ln113_2)> <Delay = 2.32> <CoreInst = "RAM">   --->   Core 81 'RAM' <Latency = 1> <II = 1> <Delay = 2.32> <Storage> <Opcode : 'load' 'store'> <Ports = 2> <Width = 8> <Depth = 9> <RAM>
ST_11 : Operation 737 [1/2] ( I:2.32ns O:2.32ns )   --->   "%buffer_c1_29_load_3 = load i4 %buffer_c1_29_addr_3" [../cnn_hls.cpp:115]   --->   Operation 737 'load' 'buffer_c1_29_load_3' <Predicate = (trunc_ln110 == 4 & !icmp_ln113_2)> <Delay = 2.32> <CoreInst = "RAM">   --->   Core 81 'RAM' <Latency = 1> <II = 1> <Delay = 2.32> <Storage> <Opcode : 'load' 'store'> <Ports = 2> <Width = 8> <Depth = 9> <RAM>
ST_11 : Operation 738 [1/2] ( I:2.32ns O:2.32ns )   --->   "%buffer_c1_30_load_3 = load i4 %buffer_c1_30_addr_3" [../cnn_hls.cpp:115]   --->   Operation 738 'load' 'buffer_c1_30_load_3' <Predicate = (trunc_ln110 == 2 & !icmp_ln113_2)> <Delay = 2.32> <CoreInst = "RAM">   --->   Core 81 'RAM' <Latency = 1> <II = 1> <Delay = 2.32> <Storage> <Opcode : 'load' 'store'> <Ports = 2> <Width = 8> <Depth = 9> <RAM>
ST_11 : Operation 739 [1/2] ( I:2.32ns O:2.32ns )   --->   "%buffer_c1_31_load_3 = load i4 %buffer_c1_31_addr_3" [../cnn_hls.cpp:115]   --->   Operation 739 'load' 'buffer_c1_31_load_3' <Predicate = (trunc_ln110 == 0 & !icmp_ln113_2)> <Delay = 2.32> <CoreInst = "RAM">   --->   Core 81 'RAM' <Latency = 1> <II = 1> <Delay = 2.32> <Storage> <Opcode : 'load' 'store'> <Ports = 2> <Width = 8> <Depth = 9> <RAM>
ST_11 : Operation 740 [1/2] ( I:2.32ns O:2.32ns )   --->   "%buffer_c1_32_load_3 = load i4 %buffer_c1_32_addr_3" [../cnn_hls.cpp:115]   --->   Operation 740 'load' 'buffer_c1_32_load_3' <Predicate = (trunc_ln110 == 3 & !icmp_ln113_2)> <Delay = 2.32> <CoreInst = "RAM">   --->   Core 81 'RAM' <Latency = 1> <II = 1> <Delay = 2.32> <Storage> <Opcode : 'load' 'store'> <Ports = 2> <Width = 8> <Depth = 9> <RAM>
ST_11 : Operation 741 [1/2] ( I:2.32ns O:2.32ns )   --->   "%buffer_c1_33_load_3 = load i4 %buffer_c1_33_addr_3" [../cnn_hls.cpp:115]   --->   Operation 741 'load' 'buffer_c1_33_load_3' <Predicate = (trunc_ln110 == 1 & !icmp_ln113_2)> <Delay = 2.32> <CoreInst = "RAM">   --->   Core 81 'RAM' <Latency = 1> <II = 1> <Delay = 2.32> <Storage> <Opcode : 'load' 'store'> <Ports = 2> <Width = 8> <Depth = 9> <RAM>
ST_11 : Operation 742 [1/2] ( I:2.32ns O:2.32ns )   --->   "%buffer_c1_34_load_3 = load i4 %buffer_c1_34_addr_3" [../cnn_hls.cpp:115]   --->   Operation 742 'load' 'buffer_c1_34_load_3' <Predicate = (trunc_ln110 == 4 & !icmp_ln113_2)> <Delay = 2.32> <CoreInst = "RAM">   --->   Core 81 'RAM' <Latency = 1> <II = 1> <Delay = 2.32> <Storage> <Opcode : 'load' 'store'> <Ports = 2> <Width = 8> <Depth = 9> <RAM>
ST_11 : Operation 743 [1/2] ( I:2.32ns O:2.32ns )   --->   "%buffer_c1_35_load_3 = load i4 %buffer_c1_35_addr_3" [../cnn_hls.cpp:115]   --->   Operation 743 'load' 'buffer_c1_35_load_3' <Predicate = (trunc_ln110 == 2 & !icmp_ln113_2)> <Delay = 2.32> <CoreInst = "RAM">   --->   Core 81 'RAM' <Latency = 1> <II = 1> <Delay = 2.32> <Storage> <Opcode : 'load' 'store'> <Ports = 2> <Width = 8> <Depth = 9> <RAM>
ST_11 : Operation 744 [1/2] ( I:2.32ns O:2.32ns )   --->   "%buffer_c1_36_load_3 = load i4 %buffer_c1_36_addr_3" [../cnn_hls.cpp:115]   --->   Operation 744 'load' 'buffer_c1_36_load_3' <Predicate = (trunc_ln110 == 0 & !icmp_ln113_2)> <Delay = 2.32> <CoreInst = "RAM">   --->   Core 81 'RAM' <Latency = 1> <II = 1> <Delay = 2.32> <Storage> <Opcode : 'load' 'store'> <Ports = 2> <Width = 8> <Depth = 9> <RAM>
ST_11 : Operation 745 [1/2] ( I:2.32ns O:2.32ns )   --->   "%buffer_c1_37_load_3 = load i4 %buffer_c1_37_addr_3" [../cnn_hls.cpp:115]   --->   Operation 745 'load' 'buffer_c1_37_load_3' <Predicate = (trunc_ln110 == 3 & !icmp_ln113_2)> <Delay = 2.32> <CoreInst = "RAM">   --->   Core 81 'RAM' <Latency = 1> <II = 1> <Delay = 2.32> <Storage> <Opcode : 'load' 'store'> <Ports = 2> <Width = 8> <Depth = 9> <RAM>
ST_11 : Operation 746 [1/2] ( I:2.32ns O:2.32ns )   --->   "%buffer_c1_38_load_3 = load i4 %buffer_c1_38_addr_3" [../cnn_hls.cpp:115]   --->   Operation 746 'load' 'buffer_c1_38_load_3' <Predicate = (trunc_ln110 == 1 & !icmp_ln113_2)> <Delay = 2.32> <CoreInst = "RAM">   --->   Core 81 'RAM' <Latency = 1> <II = 1> <Delay = 2.32> <Storage> <Opcode : 'load' 'store'> <Ports = 2> <Width = 8> <Depth = 9> <RAM>
ST_11 : Operation 747 [1/2] ( I:2.32ns O:2.32ns )   --->   "%buffer_c1_39_load_3 = load i4 %buffer_c1_39_addr_3" [../cnn_hls.cpp:115]   --->   Operation 747 'load' 'buffer_c1_39_load_3' <Predicate = (trunc_ln110 == 4 & !icmp_ln113_2)> <Delay = 2.32> <CoreInst = "RAM">   --->   Core 81 'RAM' <Latency = 1> <II = 1> <Delay = 2.32> <Storage> <Opcode : 'load' 'store'> <Ports = 2> <Width = 8> <Depth = 9> <RAM>
ST_11 : Operation 748 [1/2] ( I:2.32ns O:2.32ns )   --->   "%buffer_c1_load_4 = load i4 %buffer_c1_addr_4" [../cnn_hls.cpp:115]   --->   Operation 748 'load' 'buffer_c1_load_4' <Predicate = (trunc_ln110 == 4 & !icmp_ln113_3)> <Delay = 2.32> <CoreInst = "RAM">   --->   Core 81 'RAM' <Latency = 1> <II = 1> <Delay = 2.32> <Storage> <Opcode : 'load' 'store'> <Ports = 2> <Width = 8> <Depth = 9> <RAM>
ST_11 : Operation 749 [1/2] ( I:2.32ns O:2.32ns )   --->   "%buffer_c1_1_load_4 = load i4 %buffer_c1_1_addr_4" [../cnn_hls.cpp:115]   --->   Operation 749 'load' 'buffer_c1_1_load_4' <Predicate = (trunc_ln110 == 2 & !icmp_ln113_3)> <Delay = 2.32> <CoreInst = "RAM">   --->   Core 81 'RAM' <Latency = 1> <II = 1> <Delay = 2.32> <Storage> <Opcode : 'load' 'store'> <Ports = 2> <Width = 8> <Depth = 9> <RAM>
ST_11 : Operation 750 [1/2] ( I:2.32ns O:2.32ns )   --->   "%buffer_c1_2_load_4 = load i4 %buffer_c1_2_addr_4" [../cnn_hls.cpp:115]   --->   Operation 750 'load' 'buffer_c1_2_load_4' <Predicate = (trunc_ln110 == 0 & !icmp_ln113_3)> <Delay = 2.32> <CoreInst = "RAM">   --->   Core 81 'RAM' <Latency = 1> <II = 1> <Delay = 2.32> <Storage> <Opcode : 'load' 'store'> <Ports = 2> <Width = 8> <Depth = 9> <RAM>
ST_11 : Operation 751 [1/2] ( I:2.32ns O:2.32ns )   --->   "%buffer_c1_3_load_4 = load i4 %buffer_c1_3_addr_4" [../cnn_hls.cpp:115]   --->   Operation 751 'load' 'buffer_c1_3_load_4' <Predicate = (trunc_ln110 == 3 & !icmp_ln113_3)> <Delay = 2.32> <CoreInst = "RAM">   --->   Core 81 'RAM' <Latency = 1> <II = 1> <Delay = 2.32> <Storage> <Opcode : 'load' 'store'> <Ports = 2> <Width = 8> <Depth = 9> <RAM>
ST_11 : Operation 752 [1/2] ( I:2.32ns O:2.32ns )   --->   "%buffer_c1_4_load_4 = load i4 %buffer_c1_4_addr_4" [../cnn_hls.cpp:115]   --->   Operation 752 'load' 'buffer_c1_4_load_4' <Predicate = (trunc_ln110 == 1 & !icmp_ln113_3)> <Delay = 2.32> <CoreInst = "RAM">   --->   Core 81 'RAM' <Latency = 1> <II = 1> <Delay = 2.32> <Storage> <Opcode : 'load' 'store'> <Ports = 2> <Width = 8> <Depth = 9> <RAM>
ST_11 : Operation 753 [1/2] ( I:2.32ns O:2.32ns )   --->   "%buffer_c1_5_load_4 = load i4 %buffer_c1_5_addr_4" [../cnn_hls.cpp:115]   --->   Operation 753 'load' 'buffer_c1_5_load_4' <Predicate = (trunc_ln110 == 4 & !icmp_ln113_3)> <Delay = 2.32> <CoreInst = "RAM">   --->   Core 81 'RAM' <Latency = 1> <II = 1> <Delay = 2.32> <Storage> <Opcode : 'load' 'store'> <Ports = 2> <Width = 8> <Depth = 9> <RAM>
ST_11 : Operation 754 [1/2] ( I:2.32ns O:2.32ns )   --->   "%buffer_c1_6_load_4 = load i4 %buffer_c1_6_addr_4" [../cnn_hls.cpp:115]   --->   Operation 754 'load' 'buffer_c1_6_load_4' <Predicate = (trunc_ln110 == 2 & !icmp_ln113_3)> <Delay = 2.32> <CoreInst = "RAM">   --->   Core 81 'RAM' <Latency = 1> <II = 1> <Delay = 2.32> <Storage> <Opcode : 'load' 'store'> <Ports = 2> <Width = 8> <Depth = 9> <RAM>
ST_11 : Operation 755 [1/2] ( I:2.32ns O:2.32ns )   --->   "%buffer_c1_7_load_4 = load i4 %buffer_c1_7_addr_4" [../cnn_hls.cpp:115]   --->   Operation 755 'load' 'buffer_c1_7_load_4' <Predicate = (trunc_ln110 == 0 & !icmp_ln113_3)> <Delay = 2.32> <CoreInst = "RAM">   --->   Core 81 'RAM' <Latency = 1> <II = 1> <Delay = 2.32> <Storage> <Opcode : 'load' 'store'> <Ports = 2> <Width = 8> <Depth = 9> <RAM>
ST_11 : Operation 756 [1/2] ( I:2.32ns O:2.32ns )   --->   "%buffer_c1_8_load_4 = load i4 %buffer_c1_8_addr_4" [../cnn_hls.cpp:115]   --->   Operation 756 'load' 'buffer_c1_8_load_4' <Predicate = (trunc_ln110 == 3 & !icmp_ln113_3)> <Delay = 2.32> <CoreInst = "RAM">   --->   Core 81 'RAM' <Latency = 1> <II = 1> <Delay = 2.32> <Storage> <Opcode : 'load' 'store'> <Ports = 2> <Width = 8> <Depth = 9> <RAM>
ST_11 : Operation 757 [1/2] ( I:2.32ns O:2.32ns )   --->   "%buffer_c1_9_load_4 = load i4 %buffer_c1_9_addr_4" [../cnn_hls.cpp:115]   --->   Operation 757 'load' 'buffer_c1_9_load_4' <Predicate = (trunc_ln110 == 1 & !icmp_ln113_3)> <Delay = 2.32> <CoreInst = "RAM">   --->   Core 81 'RAM' <Latency = 1> <II = 1> <Delay = 2.32> <Storage> <Opcode : 'load' 'store'> <Ports = 2> <Width = 8> <Depth = 9> <RAM>
ST_11 : Operation 758 [1/2] ( I:2.32ns O:2.32ns )   --->   "%buffer_c1_10_load_4 = load i4 %buffer_c1_10_addr_4" [../cnn_hls.cpp:115]   --->   Operation 758 'load' 'buffer_c1_10_load_4' <Predicate = (trunc_ln110 == 4 & !icmp_ln113_3)> <Delay = 2.32> <CoreInst = "RAM">   --->   Core 81 'RAM' <Latency = 1> <II = 1> <Delay = 2.32> <Storage> <Opcode : 'load' 'store'> <Ports = 2> <Width = 8> <Depth = 9> <RAM>
ST_11 : Operation 759 [1/2] ( I:2.32ns O:2.32ns )   --->   "%buffer_c1_11_load_4 = load i4 %buffer_c1_11_addr_4" [../cnn_hls.cpp:115]   --->   Operation 759 'load' 'buffer_c1_11_load_4' <Predicate = (trunc_ln110 == 2 & !icmp_ln113_3)> <Delay = 2.32> <CoreInst = "RAM">   --->   Core 81 'RAM' <Latency = 1> <II = 1> <Delay = 2.32> <Storage> <Opcode : 'load' 'store'> <Ports = 2> <Width = 8> <Depth = 9> <RAM>
ST_11 : Operation 760 [1/2] ( I:2.32ns O:2.32ns )   --->   "%buffer_c1_12_load_4 = load i4 %buffer_c1_12_addr_4" [../cnn_hls.cpp:115]   --->   Operation 760 'load' 'buffer_c1_12_load_4' <Predicate = (trunc_ln110 == 0 & !icmp_ln113_3)> <Delay = 2.32> <CoreInst = "RAM">   --->   Core 81 'RAM' <Latency = 1> <II = 1> <Delay = 2.32> <Storage> <Opcode : 'load' 'store'> <Ports = 2> <Width = 8> <Depth = 9> <RAM>
ST_11 : Operation 761 [1/2] ( I:2.32ns O:2.32ns )   --->   "%buffer_c1_13_load_4 = load i4 %buffer_c1_13_addr_4" [../cnn_hls.cpp:115]   --->   Operation 761 'load' 'buffer_c1_13_load_4' <Predicate = (trunc_ln110 == 3 & !icmp_ln113_3)> <Delay = 2.32> <CoreInst = "RAM">   --->   Core 81 'RAM' <Latency = 1> <II = 1> <Delay = 2.32> <Storage> <Opcode : 'load' 'store'> <Ports = 2> <Width = 8> <Depth = 9> <RAM>
ST_11 : Operation 762 [1/2] ( I:2.32ns O:2.32ns )   --->   "%buffer_c1_14_load_4 = load i4 %buffer_c1_14_addr_4" [../cnn_hls.cpp:115]   --->   Operation 762 'load' 'buffer_c1_14_load_4' <Predicate = (trunc_ln110 == 1 & !icmp_ln113_3)> <Delay = 2.32> <CoreInst = "RAM">   --->   Core 81 'RAM' <Latency = 1> <II = 1> <Delay = 2.32> <Storage> <Opcode : 'load' 'store'> <Ports = 2> <Width = 8> <Depth = 9> <RAM>
ST_11 : Operation 763 [1/2] ( I:2.32ns O:2.32ns )   --->   "%buffer_c1_15_load_4 = load i4 %buffer_c1_15_addr_4" [../cnn_hls.cpp:115]   --->   Operation 763 'load' 'buffer_c1_15_load_4' <Predicate = (trunc_ln110 == 4 & !icmp_ln113_3)> <Delay = 2.32> <CoreInst = "RAM">   --->   Core 81 'RAM' <Latency = 1> <II = 1> <Delay = 2.32> <Storage> <Opcode : 'load' 'store'> <Ports = 2> <Width = 8> <Depth = 9> <RAM>
ST_11 : Operation 764 [1/2] ( I:2.32ns O:2.32ns )   --->   "%buffer_c1_16_load_4 = load i4 %buffer_c1_16_addr_4" [../cnn_hls.cpp:115]   --->   Operation 764 'load' 'buffer_c1_16_load_4' <Predicate = (trunc_ln110 == 2 & !icmp_ln113_3)> <Delay = 2.32> <CoreInst = "RAM">   --->   Core 81 'RAM' <Latency = 1> <II = 1> <Delay = 2.32> <Storage> <Opcode : 'load' 'store'> <Ports = 2> <Width = 8> <Depth = 9> <RAM>
ST_11 : Operation 765 [1/2] ( I:2.32ns O:2.32ns )   --->   "%buffer_c1_17_load_4 = load i4 %buffer_c1_17_addr_4" [../cnn_hls.cpp:115]   --->   Operation 765 'load' 'buffer_c1_17_load_4' <Predicate = (trunc_ln110 == 0 & !icmp_ln113_3)> <Delay = 2.32> <CoreInst = "RAM">   --->   Core 81 'RAM' <Latency = 1> <II = 1> <Delay = 2.32> <Storage> <Opcode : 'load' 'store'> <Ports = 2> <Width = 8> <Depth = 9> <RAM>
ST_11 : Operation 766 [1/2] ( I:2.32ns O:2.32ns )   --->   "%buffer_c1_18_load_4 = load i4 %buffer_c1_18_addr_4" [../cnn_hls.cpp:115]   --->   Operation 766 'load' 'buffer_c1_18_load_4' <Predicate = (trunc_ln110 == 3 & !icmp_ln113_3)> <Delay = 2.32> <CoreInst = "RAM">   --->   Core 81 'RAM' <Latency = 1> <II = 1> <Delay = 2.32> <Storage> <Opcode : 'load' 'store'> <Ports = 2> <Width = 8> <Depth = 9> <RAM>
ST_11 : Operation 767 [1/2] ( I:2.32ns O:2.32ns )   --->   "%buffer_c1_19_load_4 = load i4 %buffer_c1_19_addr_4" [../cnn_hls.cpp:115]   --->   Operation 767 'load' 'buffer_c1_19_load_4' <Predicate = (trunc_ln110 == 1 & !icmp_ln113_3)> <Delay = 2.32> <CoreInst = "RAM">   --->   Core 81 'RAM' <Latency = 1> <II = 1> <Delay = 2.32> <Storage> <Opcode : 'load' 'store'> <Ports = 2> <Width = 8> <Depth = 9> <RAM>
ST_11 : Operation 768 [1/2] ( I:2.32ns O:2.32ns )   --->   "%buffer_c1_20_load_4 = load i4 %buffer_c1_20_addr_4" [../cnn_hls.cpp:115]   --->   Operation 768 'load' 'buffer_c1_20_load_4' <Predicate = (trunc_ln110 == 4 & !icmp_ln113_3)> <Delay = 2.32> <CoreInst = "RAM">   --->   Core 81 'RAM' <Latency = 1> <II = 1> <Delay = 2.32> <Storage> <Opcode : 'load' 'store'> <Ports = 2> <Width = 8> <Depth = 9> <RAM>
ST_11 : Operation 769 [1/2] ( I:2.32ns O:2.32ns )   --->   "%buffer_c1_21_load_4 = load i4 %buffer_c1_21_addr_4" [../cnn_hls.cpp:115]   --->   Operation 769 'load' 'buffer_c1_21_load_4' <Predicate = (trunc_ln110 == 2 & !icmp_ln113_3)> <Delay = 2.32> <CoreInst = "RAM">   --->   Core 81 'RAM' <Latency = 1> <II = 1> <Delay = 2.32> <Storage> <Opcode : 'load' 'store'> <Ports = 2> <Width = 8> <Depth = 9> <RAM>
ST_11 : Operation 770 [1/2] ( I:2.32ns O:2.32ns )   --->   "%buffer_c1_22_load_4 = load i4 %buffer_c1_22_addr_4" [../cnn_hls.cpp:115]   --->   Operation 770 'load' 'buffer_c1_22_load_4' <Predicate = (trunc_ln110 == 0 & !icmp_ln113_3)> <Delay = 2.32> <CoreInst = "RAM">   --->   Core 81 'RAM' <Latency = 1> <II = 1> <Delay = 2.32> <Storage> <Opcode : 'load' 'store'> <Ports = 2> <Width = 8> <Depth = 9> <RAM>
ST_11 : Operation 771 [1/2] ( I:2.32ns O:2.32ns )   --->   "%buffer_c1_23_load_4 = load i4 %buffer_c1_23_addr_4" [../cnn_hls.cpp:115]   --->   Operation 771 'load' 'buffer_c1_23_load_4' <Predicate = (trunc_ln110 == 3 & !icmp_ln113_3)> <Delay = 2.32> <CoreInst = "RAM">   --->   Core 81 'RAM' <Latency = 1> <II = 1> <Delay = 2.32> <Storage> <Opcode : 'load' 'store'> <Ports = 2> <Width = 8> <Depth = 9> <RAM>
ST_11 : Operation 772 [1/2] ( I:2.32ns O:2.32ns )   --->   "%buffer_c1_24_load_4 = load i4 %buffer_c1_24_addr_4" [../cnn_hls.cpp:115]   --->   Operation 772 'load' 'buffer_c1_24_load_4' <Predicate = (trunc_ln110 == 1 & !icmp_ln113_3)> <Delay = 2.32> <CoreInst = "RAM">   --->   Core 81 'RAM' <Latency = 1> <II = 1> <Delay = 2.32> <Storage> <Opcode : 'load' 'store'> <Ports = 2> <Width = 8> <Depth = 9> <RAM>
ST_11 : Operation 773 [1/2] ( I:2.32ns O:2.32ns )   --->   "%buffer_c1_25_load_4 = load i4 %buffer_c1_25_addr_4" [../cnn_hls.cpp:115]   --->   Operation 773 'load' 'buffer_c1_25_load_4' <Predicate = (trunc_ln110 == 4 & !icmp_ln113_3)> <Delay = 2.32> <CoreInst = "RAM">   --->   Core 81 'RAM' <Latency = 1> <II = 1> <Delay = 2.32> <Storage> <Opcode : 'load' 'store'> <Ports = 2> <Width = 8> <Depth = 9> <RAM>
ST_11 : Operation 774 [1/2] ( I:2.32ns O:2.32ns )   --->   "%buffer_c1_26_load_4 = load i4 %buffer_c1_26_addr_4" [../cnn_hls.cpp:115]   --->   Operation 774 'load' 'buffer_c1_26_load_4' <Predicate = (trunc_ln110 == 2 & !icmp_ln113_3)> <Delay = 2.32> <CoreInst = "RAM">   --->   Core 81 'RAM' <Latency = 1> <II = 1> <Delay = 2.32> <Storage> <Opcode : 'load' 'store'> <Ports = 2> <Width = 8> <Depth = 9> <RAM>
ST_11 : Operation 775 [1/2] ( I:2.32ns O:2.32ns )   --->   "%buffer_c1_27_load_4 = load i4 %buffer_c1_27_addr_4" [../cnn_hls.cpp:115]   --->   Operation 775 'load' 'buffer_c1_27_load_4' <Predicate = (trunc_ln110 == 0 & !icmp_ln113_3)> <Delay = 2.32> <CoreInst = "RAM">   --->   Core 81 'RAM' <Latency = 1> <II = 1> <Delay = 2.32> <Storage> <Opcode : 'load' 'store'> <Ports = 2> <Width = 8> <Depth = 9> <RAM>
ST_11 : Operation 776 [1/2] ( I:2.32ns O:2.32ns )   --->   "%buffer_c1_28_load_4 = load i4 %buffer_c1_28_addr_4" [../cnn_hls.cpp:115]   --->   Operation 776 'load' 'buffer_c1_28_load_4' <Predicate = (trunc_ln110 == 3 & !icmp_ln113_3)> <Delay = 2.32> <CoreInst = "RAM">   --->   Core 81 'RAM' <Latency = 1> <II = 1> <Delay = 2.32> <Storage> <Opcode : 'load' 'store'> <Ports = 2> <Width = 8> <Depth = 9> <RAM>
ST_11 : Operation 777 [1/2] ( I:2.32ns O:2.32ns )   --->   "%buffer_c1_29_load_4 = load i4 %buffer_c1_29_addr_4" [../cnn_hls.cpp:115]   --->   Operation 777 'load' 'buffer_c1_29_load_4' <Predicate = (trunc_ln110 == 1 & !icmp_ln113_3)> <Delay = 2.32> <CoreInst = "RAM">   --->   Core 81 'RAM' <Latency = 1> <II = 1> <Delay = 2.32> <Storage> <Opcode : 'load' 'store'> <Ports = 2> <Width = 8> <Depth = 9> <RAM>
ST_11 : Operation 778 [1/2] ( I:2.32ns O:2.32ns )   --->   "%buffer_c1_30_load_4 = load i4 %buffer_c1_30_addr_4" [../cnn_hls.cpp:115]   --->   Operation 778 'load' 'buffer_c1_30_load_4' <Predicate = (trunc_ln110 == 4 & !icmp_ln113_3)> <Delay = 2.32> <CoreInst = "RAM">   --->   Core 81 'RAM' <Latency = 1> <II = 1> <Delay = 2.32> <Storage> <Opcode : 'load' 'store'> <Ports = 2> <Width = 8> <Depth = 9> <RAM>
ST_11 : Operation 779 [1/2] ( I:2.32ns O:2.32ns )   --->   "%buffer_c1_31_load_4 = load i4 %buffer_c1_31_addr_4" [../cnn_hls.cpp:115]   --->   Operation 779 'load' 'buffer_c1_31_load_4' <Predicate = (trunc_ln110 == 2 & !icmp_ln113_3)> <Delay = 2.32> <CoreInst = "RAM">   --->   Core 81 'RAM' <Latency = 1> <II = 1> <Delay = 2.32> <Storage> <Opcode : 'load' 'store'> <Ports = 2> <Width = 8> <Depth = 9> <RAM>
ST_11 : Operation 780 [1/2] ( I:2.32ns O:2.32ns )   --->   "%buffer_c1_32_load_4 = load i4 %buffer_c1_32_addr_4" [../cnn_hls.cpp:115]   --->   Operation 780 'load' 'buffer_c1_32_load_4' <Predicate = (trunc_ln110 == 0 & !icmp_ln113_3)> <Delay = 2.32> <CoreInst = "RAM">   --->   Core 81 'RAM' <Latency = 1> <II = 1> <Delay = 2.32> <Storage> <Opcode : 'load' 'store'> <Ports = 2> <Width = 8> <Depth = 9> <RAM>
ST_11 : Operation 781 [1/2] ( I:2.32ns O:2.32ns )   --->   "%buffer_c1_33_load_4 = load i4 %buffer_c1_33_addr_4" [../cnn_hls.cpp:115]   --->   Operation 781 'load' 'buffer_c1_33_load_4' <Predicate = (trunc_ln110 == 3 & !icmp_ln113_3)> <Delay = 2.32> <CoreInst = "RAM">   --->   Core 81 'RAM' <Latency = 1> <II = 1> <Delay = 2.32> <Storage> <Opcode : 'load' 'store'> <Ports = 2> <Width = 8> <Depth = 9> <RAM>
ST_11 : Operation 782 [1/2] ( I:2.32ns O:2.32ns )   --->   "%buffer_c1_34_load_4 = load i4 %buffer_c1_34_addr_4" [../cnn_hls.cpp:115]   --->   Operation 782 'load' 'buffer_c1_34_load_4' <Predicate = (trunc_ln110 == 1 & !icmp_ln113_3)> <Delay = 2.32> <CoreInst = "RAM">   --->   Core 81 'RAM' <Latency = 1> <II = 1> <Delay = 2.32> <Storage> <Opcode : 'load' 'store'> <Ports = 2> <Width = 8> <Depth = 9> <RAM>
ST_11 : Operation 783 [1/2] ( I:2.32ns O:2.32ns )   --->   "%buffer_c1_35_load_4 = load i4 %buffer_c1_35_addr_4" [../cnn_hls.cpp:115]   --->   Operation 783 'load' 'buffer_c1_35_load_4' <Predicate = (trunc_ln110 == 4 & !icmp_ln113_3)> <Delay = 2.32> <CoreInst = "RAM">   --->   Core 81 'RAM' <Latency = 1> <II = 1> <Delay = 2.32> <Storage> <Opcode : 'load' 'store'> <Ports = 2> <Width = 8> <Depth = 9> <RAM>
ST_11 : Operation 784 [1/2] ( I:2.32ns O:2.32ns )   --->   "%buffer_c1_36_load_4 = load i4 %buffer_c1_36_addr_4" [../cnn_hls.cpp:115]   --->   Operation 784 'load' 'buffer_c1_36_load_4' <Predicate = (trunc_ln110 == 2 & !icmp_ln113_3)> <Delay = 2.32> <CoreInst = "RAM">   --->   Core 81 'RAM' <Latency = 1> <II = 1> <Delay = 2.32> <Storage> <Opcode : 'load' 'store'> <Ports = 2> <Width = 8> <Depth = 9> <RAM>
ST_11 : Operation 785 [1/2] ( I:2.32ns O:2.32ns )   --->   "%buffer_c1_37_load_4 = load i4 %buffer_c1_37_addr_4" [../cnn_hls.cpp:115]   --->   Operation 785 'load' 'buffer_c1_37_load_4' <Predicate = (trunc_ln110 == 0 & !icmp_ln113_3)> <Delay = 2.32> <CoreInst = "RAM">   --->   Core 81 'RAM' <Latency = 1> <II = 1> <Delay = 2.32> <Storage> <Opcode : 'load' 'store'> <Ports = 2> <Width = 8> <Depth = 9> <RAM>
ST_11 : Operation 786 [1/2] ( I:2.32ns O:2.32ns )   --->   "%buffer_c1_38_load_4 = load i4 %buffer_c1_38_addr_4" [../cnn_hls.cpp:115]   --->   Operation 786 'load' 'buffer_c1_38_load_4' <Predicate = (trunc_ln110 == 3 & !icmp_ln113_3)> <Delay = 2.32> <CoreInst = "RAM">   --->   Core 81 'RAM' <Latency = 1> <II = 1> <Delay = 2.32> <Storage> <Opcode : 'load' 'store'> <Ports = 2> <Width = 8> <Depth = 9> <RAM>
ST_11 : Operation 787 [1/2] ( I:2.32ns O:2.32ns )   --->   "%buffer_c1_39_load_4 = load i4 %buffer_c1_39_addr_4" [../cnn_hls.cpp:115]   --->   Operation 787 'load' 'buffer_c1_39_load_4' <Predicate = (trunc_ln110 == 1 & !icmp_ln113_3)> <Delay = 2.32> <CoreInst = "RAM">   --->   Core 81 'RAM' <Latency = 1> <II = 1> <Delay = 2.32> <Storage> <Opcode : 'load' 'store'> <Ports = 2> <Width = 8> <Depth = 9> <RAM>
ST_11 : Operation 788 [1/2] ( I:2.32ns O:2.32ns )   --->   "%p_ZL12conv2_weight_0_load = load i5 %p_ZL12conv2_weight_0_addr" [../cnn_hls.cpp:118]   --->   Operation 788 'load' 'p_ZL12conv2_weight_0_load' <Predicate = true> <Delay = 2.32> <CoreInst = "ROM">   --->   Core 94 'ROM' <Latency = 1> <II = 1> <Delay = 2.32> <Storage> <Opcode : 'load'> <Ports = 0> <Width = 8> <Depth = 32> <ROM>
ST_11 : Operation 789 [1/1] (0.00ns)   --->   "%sext_ln118 = sext i8 %p_ZL12conv2_weight_0_load" [../cnn_hls.cpp:118]   --->   Operation 789 'sext' 'sext_ln118' <Predicate = true> <Delay = 0.00>
ST_11 : Operation 790 [1/1] (0.00ns)   --->   "%p_ZL12conv2_weight_5_addr = getelementptr i8 %p_ZL12conv2_weight_5, i64 0, i64 %zext_ln118" [../cnn_hls.cpp:118]   --->   Operation 790 'getelementptr' 'p_ZL12conv2_weight_5_addr' <Predicate = true> <Delay = 0.00>
ST_11 : Operation 791 [2/2] (2.32ns)   --->   "%p_ZL12conv2_weight_5_load = load i5 %p_ZL12conv2_weight_5_addr" [../cnn_hls.cpp:118]   --->   Operation 791 'load' 'p_ZL12conv2_weight_5_load' <Predicate = true> <Delay = 2.32> <CoreInst = "ROM">   --->   Core 94 'ROM' <Latency = 1> <II = 1> <Delay = 2.32> <Storage> <Opcode : 'load'> <Ports = 0> <Width = 8> <Depth = 32> <ROM>
ST_11 : Operation 792 [1/1] (0.00ns)   --->   "%p_ZL12conv2_weight_10_addr = getelementptr i8 %p_ZL12conv2_weight_10, i64 0, i64 %zext_ln118" [../cnn_hls.cpp:118]   --->   Operation 792 'getelementptr' 'p_ZL12conv2_weight_10_addr' <Predicate = true> <Delay = 0.00>
ST_11 : Operation 793 [2/2] (2.32ns)   --->   "%p_ZL12conv2_weight_10_load = load i5 %p_ZL12conv2_weight_10_addr" [../cnn_hls.cpp:118]   --->   Operation 793 'load' 'p_ZL12conv2_weight_10_load' <Predicate = true> <Delay = 2.32> <CoreInst = "ROM">   --->   Core 94 'ROM' <Latency = 1> <II = 1> <Delay = 2.32> <Storage> <Opcode : 'load'> <Ports = 0> <Width = 8> <Depth = 32> <ROM>
ST_11 : Operation 794 [1/2] ( I:2.32ns O:2.32ns )   --->   "%p_ZL12conv2_weight_15_load = load i5 %p_ZL12conv2_weight_15_addr" [../cnn_hls.cpp:118]   --->   Operation 794 'load' 'p_ZL12conv2_weight_15_load' <Predicate = true> <Delay = 2.32> <CoreInst = "ROM">   --->   Core 94 'ROM' <Latency = 1> <II = 1> <Delay = 2.32> <Storage> <Opcode : 'load'> <Ports = 0> <Width = 8> <Depth = 32> <ROM>
ST_11 : Operation 795 [1/1] (0.00ns)   --->   "%sext_ln118_3 = sext i8 %p_ZL12conv2_weight_15_load" [../cnn_hls.cpp:118]   --->   Operation 795 'sext' 'sext_ln118_3' <Predicate = true> <Delay = 0.00>
ST_11 : Operation 796 [1/1] (0.00ns)   --->   "%p_ZL12conv2_weight_0_addr_1 = getelementptr i8 %p_ZL12conv2_weight_0, i64 0, i64 %zext_ln118_1" [../cnn_hls.cpp:118]   --->   Operation 796 'getelementptr' 'p_ZL12conv2_weight_0_addr_1' <Predicate = true> <Delay = 0.00>
ST_11 : Operation 797 [2/2] (2.32ns)   --->   "%p_ZL12conv2_weight_0_load_1 = load i5 %p_ZL12conv2_weight_0_addr_1" [../cnn_hls.cpp:118]   --->   Operation 797 'load' 'p_ZL12conv2_weight_0_load_1' <Predicate = true> <Delay = 2.32> <CoreInst = "ROM">   --->   Core 94 'ROM' <Latency = 1> <II = 1> <Delay = 2.32> <Storage> <Opcode : 'load'> <Ports = 0> <Width = 8> <Depth = 32> <ROM>
ST_11 : Operation 798 [1/1] (0.00ns)   --->   "%p_ZL12conv2_weight_5_addr_1 = getelementptr i8 %p_ZL12conv2_weight_5, i64 0, i64 %zext_ln118_1" [../cnn_hls.cpp:118]   --->   Operation 798 'getelementptr' 'p_ZL12conv2_weight_5_addr_1' <Predicate = true> <Delay = 0.00>
ST_11 : Operation 799 [2/2] (2.32ns)   --->   "%p_ZL12conv2_weight_5_load_1 = load i5 %p_ZL12conv2_weight_5_addr_1" [../cnn_hls.cpp:118]   --->   Operation 799 'load' 'p_ZL12conv2_weight_5_load_1' <Predicate = true> <Delay = 2.32> <CoreInst = "ROM">   --->   Core 94 'ROM' <Latency = 1> <II = 1> <Delay = 2.32> <Storage> <Opcode : 'load'> <Ports = 0> <Width = 8> <Depth = 32> <ROM>
ST_11 : Operation 800 [1/1] (0.00ns)   --->   "%p_ZL12conv2_weight_10_addr_1 = getelementptr i8 %p_ZL12conv2_weight_10, i64 0, i64 %zext_ln118_1" [../cnn_hls.cpp:118]   --->   Operation 800 'getelementptr' 'p_ZL12conv2_weight_10_addr_1' <Predicate = true> <Delay = 0.00>
ST_11 : Operation 801 [2/2] (2.32ns)   --->   "%p_ZL12conv2_weight_10_load_1 = load i5 %p_ZL12conv2_weight_10_addr_1" [../cnn_hls.cpp:118]   --->   Operation 801 'load' 'p_ZL12conv2_weight_10_load_1' <Predicate = true> <Delay = 2.32> <CoreInst = "ROM">   --->   Core 94 'ROM' <Latency = 1> <II = 1> <Delay = 2.32> <Storage> <Opcode : 'load'> <Ports = 0> <Width = 8> <Depth = 32> <ROM>
ST_11 : Operation 802 [1/1] (1.94ns)   --->   "%x_8 = sparsemux i8 @_ssdm_op_SparseMux.ap_auto.5i8.i8.i3, i3 1, i8 %buffer_c1_load_1, i3 4, i8 %buffer_c1_1_load_1, i3 2, i8 %buffer_c1_2_load_1, i3 0, i8 %buffer_c1_3_load_1, i3 3, i8 %buffer_c1_4_load_1, i8 0, i3 %trunc_ln110" [../cnn_hls.cpp:115]   --->   Operation 802 'sparsemux' 'x_8' <Predicate = (!icmp_ln113)> <Delay = 1.94> <CoreInst = "BinarySparseMux_DontCare">   --->   Core 137 'BinarySparseMux_DontCare' <Latency = 0> <II = 1> <Delay = 1.94> <FuncUnit> <Opcode : 'sparsemux'> <InPorts = 2> <OutPorts = 1>
ST_11 : Operation 803 [1/1] (1.94ns)   --->   "%x_9 = sparsemux i8 @_ssdm_op_SparseMux.ap_auto.5i8.i8.i3, i3 1, i8 %buffer_c1_5_load_1, i3 4, i8 %buffer_c1_6_load_1, i3 2, i8 %buffer_c1_7_load_1, i3 0, i8 %buffer_c1_8_load_1, i3 3, i8 %buffer_c1_9_load_1, i8 0, i3 %trunc_ln110" [../cnn_hls.cpp:115]   --->   Operation 803 'sparsemux' 'x_9' <Predicate = (!icmp_ln113)> <Delay = 1.94> <CoreInst = "BinarySparseMux_DontCare">   --->   Core 137 'BinarySparseMux_DontCare' <Latency = 0> <II = 1> <Delay = 1.94> <FuncUnit> <Opcode : 'sparsemux'> <InPorts = 2> <OutPorts = 1>
ST_11 : Operation 804 [1/1] (1.94ns)   --->   "%x_64 = sparsemux i8 @_ssdm_op_SparseMux.ap_auto.5i8.i8.i3, i3 1, i8 %buffer_c1_10_load_1, i3 4, i8 %buffer_c1_11_load_1, i3 2, i8 %buffer_c1_12_load_1, i3 0, i8 %buffer_c1_13_load_1, i3 3, i8 %buffer_c1_14_load_1, i8 0, i3 %trunc_ln110" [../cnn_hls.cpp:115]   --->   Operation 804 'sparsemux' 'x_64' <Predicate = (!icmp_ln113)> <Delay = 1.94> <CoreInst = "BinarySparseMux_DontCare">   --->   Core 137 'BinarySparseMux_DontCare' <Latency = 0> <II = 1> <Delay = 1.94> <FuncUnit> <Opcode : 'sparsemux'> <InPorts = 2> <OutPorts = 1>
ST_11 : Operation 805 [1/1] (1.94ns)   --->   "%x_65 = sparsemux i8 @_ssdm_op_SparseMux.ap_auto.5i8.i8.i3, i3 1, i8 %buffer_c1_15_load_1, i3 4, i8 %buffer_c1_16_load_1, i3 2, i8 %buffer_c1_17_load_1, i3 0, i8 %buffer_c1_18_load_1, i3 3, i8 %buffer_c1_19_load_1, i8 0, i3 %trunc_ln110" [../cnn_hls.cpp:115]   --->   Operation 805 'sparsemux' 'x_65' <Predicate = (!icmp_ln113)> <Delay = 1.94> <CoreInst = "BinarySparseMux_DontCare">   --->   Core 137 'BinarySparseMux_DontCare' <Latency = 0> <II = 1> <Delay = 1.94> <FuncUnit> <Opcode : 'sparsemux'> <InPorts = 2> <OutPorts = 1>
ST_11 : Operation 806 [1/1] (1.94ns)   --->   "%x_66 = sparsemux i8 @_ssdm_op_SparseMux.ap_auto.5i8.i8.i3, i3 1, i8 %buffer_c1_20_load_1, i3 4, i8 %buffer_c1_21_load_1, i3 2, i8 %buffer_c1_22_load_1, i3 0, i8 %buffer_c1_23_load_1, i3 3, i8 %buffer_c1_24_load_1, i8 0, i3 %trunc_ln110" [../cnn_hls.cpp:115]   --->   Operation 806 'sparsemux' 'x_66' <Predicate = (!icmp_ln113)> <Delay = 1.94> <CoreInst = "BinarySparseMux_DontCare">   --->   Core 137 'BinarySparseMux_DontCare' <Latency = 0> <II = 1> <Delay = 1.94> <FuncUnit> <Opcode : 'sparsemux'> <InPorts = 2> <OutPorts = 1>
ST_11 : Operation 807 [1/1] (1.94ns)   --->   "%x_67 = sparsemux i8 @_ssdm_op_SparseMux.ap_auto.5i8.i8.i3, i3 1, i8 %buffer_c1_25_load_1, i3 4, i8 %buffer_c1_26_load_1, i3 2, i8 %buffer_c1_27_load_1, i3 0, i8 %buffer_c1_28_load_1, i3 3, i8 %buffer_c1_29_load_1, i8 0, i3 %trunc_ln110" [../cnn_hls.cpp:115]   --->   Operation 807 'sparsemux' 'x_67' <Predicate = (!icmp_ln113)> <Delay = 1.94> <CoreInst = "BinarySparseMux_DontCare">   --->   Core 137 'BinarySparseMux_DontCare' <Latency = 0> <II = 1> <Delay = 1.94> <FuncUnit> <Opcode : 'sparsemux'> <InPorts = 2> <OutPorts = 1>
ST_11 : Operation 808 [1/1] (1.94ns)   --->   "%x_68 = sparsemux i8 @_ssdm_op_SparseMux.ap_auto.5i8.i8.i3, i3 1, i8 %buffer_c1_30_load_1, i3 4, i8 %buffer_c1_31_load_1, i3 2, i8 %buffer_c1_32_load_1, i3 0, i8 %buffer_c1_33_load_1, i3 3, i8 %buffer_c1_34_load_1, i8 0, i3 %trunc_ln110" [../cnn_hls.cpp:115]   --->   Operation 808 'sparsemux' 'x_68' <Predicate = (!icmp_ln113)> <Delay = 1.94> <CoreInst = "BinarySparseMux_DontCare">   --->   Core 137 'BinarySparseMux_DontCare' <Latency = 0> <II = 1> <Delay = 1.94> <FuncUnit> <Opcode : 'sparsemux'> <InPorts = 2> <OutPorts = 1>
ST_11 : Operation 809 [1/1] (1.94ns)   --->   "%x_69 = sparsemux i8 @_ssdm_op_SparseMux.ap_auto.5i8.i8.i3, i3 1, i8 %buffer_c1_35_load_1, i3 4, i8 %buffer_c1_36_load_1, i3 2, i8 %buffer_c1_37_load_1, i3 0, i8 %buffer_c1_38_load_1, i3 3, i8 %buffer_c1_39_load_1, i8 0, i3 %trunc_ln110" [../cnn_hls.cpp:115]   --->   Operation 809 'sparsemux' 'x_69' <Predicate = (!icmp_ln113)> <Delay = 1.94> <CoreInst = "BinarySparseMux_DontCare">   --->   Core 137 'BinarySparseMux_DontCare' <Latency = 0> <II = 1> <Delay = 1.94> <FuncUnit> <Opcode : 'sparsemux'> <InPorts = 2> <OutPorts = 1>
ST_11 : Operation 810 [1/1] (1.24ns)   --->   "%x72_0_61051 = select i1 %icmp_ln113, i8 0, i8 %x_68" [../cnn_hls.cpp:113]   --->   Operation 810 'select' 'x72_0_61051' <Predicate = true> <Delay = 1.24> <CoreInst = "Sel">   --->   Core 73 'Sel' <Latency = 0> <II = 1> <Delay = 1.24> <FuncUnit> <Opcode : 'select'> <InPorts = 3> <OutPorts = 1>
ST_11 : Operation 811 [1/1] (1.24ns)   --->   "%x72_0_4100103810391050 = select i1 %icmp_ln113, i8 0, i8 %x_66" [../cnn_hls.cpp:113]   --->   Operation 811 'select' 'x72_0_4100103810391050' <Predicate = true> <Delay = 1.24> <CoreInst = "Sel">   --->   Core 73 'Sel' <Latency = 0> <II = 1> <Delay = 1.24> <FuncUnit> <Opcode : 'select'> <InPorts = 3> <OutPorts = 1>
ST_11 : Operation 812 [1/1] (1.24ns)   --->   "%x72_0_27410291030103710401049 = select i1 %icmp_ln113, i8 0, i8 %x_64" [../cnn_hls.cpp:113]   --->   Operation 812 'select' 'x72_0_27410291030103710401049' <Predicate = true> <Delay = 1.24> <CoreInst = "Sel">   --->   Core 73 'Sel' <Latency = 0> <II = 1> <Delay = 1.24> <FuncUnit> <Opcode : 'select'> <InPorts = 3> <OutPorts = 1>
ST_11 : Operation 813 [1/1] (1.24ns)   --->   "%x72_0700102510281031103610411048 = select i1 %icmp_ln113, i8 0, i8 %x_8" [../cnn_hls.cpp:113]   --->   Operation 813 'select' 'x72_0700102510281031103610411048' <Predicate = true> <Delay = 1.24> <CoreInst = "Sel">   --->   Core 73 'Sel' <Latency = 0> <II = 1> <Delay = 1.24> <FuncUnit> <Opcode : 'select'> <InPorts = 3> <OutPorts = 1>
ST_11 : Operation 814 [1/1] (0.00ns)   --->   "%x72_0700102510281031103610411048_cast = zext i8 %x72_0700102510281031103610411048" [../cnn_hls.cpp:113]   --->   Operation 814 'zext' 'x72_0700102510281031103610411048_cast' <Predicate = true> <Delay = 0.00>
ST_11 : Operation 815 [1/1] (1.24ns)   --->   "%x72_0_161102610271032103510421047 = select i1 %icmp_ln113, i8 0, i8 %x_9" [../cnn_hls.cpp:113]   --->   Operation 815 'select' 'x72_0_161102610271032103510421047' <Predicate = true> <Delay = 1.24> <CoreInst = "Sel">   --->   Core 73 'Sel' <Latency = 0> <II = 1> <Delay = 1.24> <FuncUnit> <Opcode : 'select'> <InPorts = 3> <OutPorts = 1>
ST_11 : Operation 816 [1/1] (1.24ns)   --->   "%x72_0_3871033103410431046 = select i1 %icmp_ln113, i8 0, i8 %x_65" [../cnn_hls.cpp:113]   --->   Operation 816 'select' 'x72_0_3871033103410431046' <Predicate = true> <Delay = 1.24> <CoreInst = "Sel">   --->   Core 73 'Sel' <Latency = 0> <II = 1> <Delay = 1.24> <FuncUnit> <Opcode : 'select'> <InPorts = 3> <OutPorts = 1>
ST_11 : Operation 817 [1/1] (0.00ns)   --->   "%x72_0_3871033103410431046_cast = zext i8 %x72_0_3871033103410431046" [../cnn_hls.cpp:113]   --->   Operation 817 'zext' 'x72_0_3871033103410431046_cast' <Predicate = true> <Delay = 0.00>
ST_11 : Operation 818 [1/1] (1.24ns)   --->   "%x72_0_510441045 = select i1 %icmp_ln113, i8 0, i8 %x_67" [../cnn_hls.cpp:113]   --->   Operation 818 'select' 'x72_0_510441045' <Predicate = true> <Delay = 1.24> <CoreInst = "Sel">   --->   Core 73 'Sel' <Latency = 0> <II = 1> <Delay = 1.24> <FuncUnit> <Opcode : 'select'> <InPorts = 3> <OutPorts = 1>
ST_11 : Operation 819 [1/1] (1.24ns)   --->   "%x_16 = select i1 %icmp_ln113, i8 0, i8 %x_69" [../cnn_hls.cpp:113]   --->   Operation 819 'select' 'x_16' <Predicate = true> <Delay = 1.24> <CoreInst = "Sel">   --->   Core 73 'Sel' <Latency = 0> <II = 1> <Delay = 1.24> <FuncUnit> <Opcode : 'select'> <InPorts = 3> <OutPorts = 1>
ST_11 : Operation 820 [1/1] (0.00ns)   --->   "%p_ZL12conv2_weight_15_addr_1 = getelementptr i8 %p_ZL12conv2_weight_15, i64 0, i64 %zext_ln118_1" [../cnn_hls.cpp:118]   --->   Operation 820 'getelementptr' 'p_ZL12conv2_weight_15_addr_1' <Predicate = true> <Delay = 0.00>
ST_11 : Operation 821 [2/2] (2.32ns)   --->   "%p_ZL12conv2_weight_15_load_1 = load i5 %p_ZL12conv2_weight_15_addr_1" [../cnn_hls.cpp:118]   --->   Operation 821 'load' 'p_ZL12conv2_weight_15_load_1' <Predicate = true> <Delay = 2.32> <CoreInst = "ROM">   --->   Core 94 'ROM' <Latency = 1> <II = 1> <Delay = 2.32> <Storage> <Opcode : 'load'> <Ports = 0> <Width = 8> <Depth = 32> <ROM>
ST_11 : Operation 822 [3/3] (1.05ns) (grouped into DSP with root node add_ln118_1)   --->   "%mul_ln118 = mul i16 %x72_0700102510281031103610411048_cast, i16 %sext_ln118" [../cnn_hls.cpp:118]   --->   Operation 822 'mul' 'mul_ln118' <Predicate = true> <Delay = 1.05> <CoreInst = "DSP48">   --->   Core 116 'DSP48' <Latency = 3> <II = 1> <Delay = 2.15> <IPBlock> <Opcode : 'add' 'sub' 'mul' 'select'> <InPorts = 0> <OutPorts = 1> <Sync> <CReg>
ST_11 : Operation 823 [3/3] (1.05ns) (grouped into DSP with root node add_ln118_4)   --->   "%mul_ln118_5 = mul i16 %x72_0_3871033103410431046_cast, i16 %sext_ln118_3" [../cnn_hls.cpp:118]   --->   Operation 823 'mul' 'mul_ln118_5' <Predicate = true> <Delay = 1.05> <CoreInst = "DSP48">   --->   Core 116 'DSP48' <Latency = 3> <II = 1> <Delay = 2.15> <IPBlock> <Opcode : 'add' 'sub' 'mul' 'select'> <InPorts = 0> <OutPorts = 1> <Sync> <CReg>
ST_11 : Operation 824 [1/1] (0.00ns)   --->   "%p_ZL12conv2_weight_1_addr = getelementptr i8 %p_ZL12conv2_weight_1, i64 0, i64 %zext_ln118" [../cnn_hls.cpp:118]   --->   Operation 824 'getelementptr' 'p_ZL12conv2_weight_1_addr' <Predicate = true> <Delay = 0.00>
ST_11 : Operation 825 [2/2] (2.32ns)   --->   "%p_ZL12conv2_weight_1_load = load i5 %p_ZL12conv2_weight_1_addr" [../cnn_hls.cpp:118]   --->   Operation 825 'load' 'p_ZL12conv2_weight_1_load' <Predicate = true> <Delay = 2.32> <CoreInst = "ROM">   --->   Core 94 'ROM' <Latency = 1> <II = 1> <Delay = 2.32> <Storage> <Opcode : 'load'> <Ports = 0> <Width = 8> <Depth = 32> <ROM>
ST_11 : Operation 826 [1/1] (0.00ns)   --->   "%p_ZL12conv2_weight_6_addr = getelementptr i8 %p_ZL12conv2_weight_6, i64 0, i64 %zext_ln118" [../cnn_hls.cpp:118]   --->   Operation 826 'getelementptr' 'p_ZL12conv2_weight_6_addr' <Predicate = true> <Delay = 0.00>
ST_11 : Operation 827 [2/2] (2.32ns)   --->   "%p_ZL12conv2_weight_6_load = load i5 %p_ZL12conv2_weight_6_addr" [../cnn_hls.cpp:118]   --->   Operation 827 'load' 'p_ZL12conv2_weight_6_load' <Predicate = true> <Delay = 2.32> <CoreInst = "ROM">   --->   Core 94 'ROM' <Latency = 1> <II = 1> <Delay = 2.32> <Storage> <Opcode : 'load'> <Ports = 0> <Width = 8> <Depth = 32> <ROM>
ST_11 : Operation 828 [1/2] ( I:2.32ns O:2.32ns )   --->   "%p_ZL12conv2_weight_11_load = load i5 %p_ZL12conv2_weight_11_addr" [../cnn_hls.cpp:118]   --->   Operation 828 'load' 'p_ZL12conv2_weight_11_load' <Predicate = true> <Delay = 2.32> <CoreInst = "ROM">   --->   Core 94 'ROM' <Latency = 1> <II = 1> <Delay = 2.32> <Storage> <Opcode : 'load'> <Ports = 0> <Width = 8> <Depth = 32> <ROM>
ST_11 : Operation 829 [1/1] (0.00ns)   --->   "%sext_ln118_17 = sext i8 %p_ZL12conv2_weight_11_load" [../cnn_hls.cpp:118]   --->   Operation 829 'sext' 'sext_ln118_17' <Predicate = true> <Delay = 0.00>
ST_11 : Operation 830 [1/2] ( I:2.32ns O:2.32ns )   --->   "%p_ZL12conv2_weight_16_load = load i5 %p_ZL12conv2_weight_16_addr" [../cnn_hls.cpp:118]   --->   Operation 830 'load' 'p_ZL12conv2_weight_16_load' <Predicate = true> <Delay = 2.32> <CoreInst = "ROM">   --->   Core 94 'ROM' <Latency = 1> <II = 1> <Delay = 2.32> <Storage> <Opcode : 'load'> <Ports = 0> <Width = 8> <Depth = 32> <ROM>
ST_11 : Operation 831 [1/1] (0.00ns)   --->   "%sext_ln118_18 = sext i8 %p_ZL12conv2_weight_16_load" [../cnn_hls.cpp:118]   --->   Operation 831 'sext' 'sext_ln118_18' <Predicate = true> <Delay = 0.00>
ST_11 : Operation 832 [1/1] (0.00ns)   --->   "%p_ZL12conv2_weight_1_addr_1 = getelementptr i8 %p_ZL12conv2_weight_1, i64 0, i64 %zext_ln118_1" [../cnn_hls.cpp:118]   --->   Operation 832 'getelementptr' 'p_ZL12conv2_weight_1_addr_1' <Predicate = true> <Delay = 0.00>
ST_11 : Operation 833 [2/2] (2.32ns)   --->   "%p_ZL12conv2_weight_1_load_1 = load i5 %p_ZL12conv2_weight_1_addr_1" [../cnn_hls.cpp:118]   --->   Operation 833 'load' 'p_ZL12conv2_weight_1_load_1' <Predicate = true> <Delay = 2.32> <CoreInst = "ROM">   --->   Core 94 'ROM' <Latency = 1> <II = 1> <Delay = 2.32> <Storage> <Opcode : 'load'> <Ports = 0> <Width = 8> <Depth = 32> <ROM>
ST_11 : Operation 834 [1/1] (0.00ns)   --->   "%p_ZL12conv2_weight_6_addr_1 = getelementptr i8 %p_ZL12conv2_weight_6, i64 0, i64 %zext_ln118_1" [../cnn_hls.cpp:118]   --->   Operation 834 'getelementptr' 'p_ZL12conv2_weight_6_addr_1' <Predicate = true> <Delay = 0.00>
ST_11 : Operation 835 [2/2] (2.32ns)   --->   "%p_ZL12conv2_weight_6_load_1 = load i5 %p_ZL12conv2_weight_6_addr_1" [../cnn_hls.cpp:118]   --->   Operation 835 'load' 'p_ZL12conv2_weight_6_load_1' <Predicate = true> <Delay = 2.32> <CoreInst = "ROM">   --->   Core 94 'ROM' <Latency = 1> <II = 1> <Delay = 2.32> <Storage> <Opcode : 'load'> <Ports = 0> <Width = 8> <Depth = 32> <ROM>
ST_11 : Operation 836 [1/2] ( I:2.32ns O:2.32ns )   --->   "%p_ZL12conv2_weight_11_load_1 = load i5 %p_ZL12conv2_weight_11_addr_1" [../cnn_hls.cpp:118]   --->   Operation 836 'load' 'p_ZL12conv2_weight_11_load_1' <Predicate = true> <Delay = 2.32> <CoreInst = "ROM">   --->   Core 94 'ROM' <Latency = 1> <II = 1> <Delay = 2.32> <Storage> <Opcode : 'load'> <Ports = 0> <Width = 8> <Depth = 32> <ROM>
ST_11 : Operation 837 [1/1] (0.00ns)   --->   "%sext_ln115_1 = sext i8 %p_ZL12conv2_weight_11_load_1" [../cnn_hls.cpp:115]   --->   Operation 837 'sext' 'sext_ln115_1' <Predicate = true> <Delay = 0.00>
ST_11 : Operation 838 [1/1] (1.94ns)   --->   "%x_70 = sparsemux i8 @_ssdm_op_SparseMux.ap_auto.5i8.i8.i3, i3 3, i8 %buffer_c1_load_2, i3 1, i8 %buffer_c1_1_load_2, i3 4, i8 %buffer_c1_2_load_2, i3 2, i8 %buffer_c1_3_load_2, i3 0, i8 %buffer_c1_4_load_2, i8 0, i3 %trunc_ln110" [../cnn_hls.cpp:115]   --->   Operation 838 'sparsemux' 'x_70' <Predicate = (!icmp_ln113_1)> <Delay = 1.94> <CoreInst = "BinarySparseMux_DontCare">   --->   Core 137 'BinarySparseMux_DontCare' <Latency = 0> <II = 1> <Delay = 1.94> <FuncUnit> <Opcode : 'sparsemux'> <InPorts = 2> <OutPorts = 1>
ST_11 : Operation 839 [1/1] (1.94ns)   --->   "%x_71 = sparsemux i8 @_ssdm_op_SparseMux.ap_auto.5i8.i8.i3, i3 3, i8 %buffer_c1_5_load_2, i3 1, i8 %buffer_c1_6_load_2, i3 4, i8 %buffer_c1_7_load_2, i3 2, i8 %buffer_c1_8_load_2, i3 0, i8 %buffer_c1_9_load_2, i8 0, i3 %trunc_ln110" [../cnn_hls.cpp:115]   --->   Operation 839 'sparsemux' 'x_71' <Predicate = (!icmp_ln113_1)> <Delay = 1.94> <CoreInst = "BinarySparseMux_DontCare">   --->   Core 137 'BinarySparseMux_DontCare' <Latency = 0> <II = 1> <Delay = 1.94> <FuncUnit> <Opcode : 'sparsemux'> <InPorts = 2> <OutPorts = 1>
ST_11 : Operation 840 [1/1] (1.94ns)   --->   "%x_72 = sparsemux i8 @_ssdm_op_SparseMux.ap_auto.5i8.i8.i3, i3 3, i8 %buffer_c1_10_load_2, i3 1, i8 %buffer_c1_11_load_2, i3 4, i8 %buffer_c1_12_load_2, i3 2, i8 %buffer_c1_13_load_2, i3 0, i8 %buffer_c1_14_load_2, i8 0, i3 %trunc_ln110" [../cnn_hls.cpp:115]   --->   Operation 840 'sparsemux' 'x_72' <Predicate = (!icmp_ln113_1)> <Delay = 1.94> <CoreInst = "BinarySparseMux_DontCare">   --->   Core 137 'BinarySparseMux_DontCare' <Latency = 0> <II = 1> <Delay = 1.94> <FuncUnit> <Opcode : 'sparsemux'> <InPorts = 2> <OutPorts = 1>
ST_11 : Operation 841 [1/1] (1.94ns)   --->   "%x_73 = sparsemux i8 @_ssdm_op_SparseMux.ap_auto.5i8.i8.i3, i3 3, i8 %buffer_c1_15_load_2, i3 1, i8 %buffer_c1_16_load_2, i3 4, i8 %buffer_c1_17_load_2, i3 2, i8 %buffer_c1_18_load_2, i3 0, i8 %buffer_c1_19_load_2, i8 0, i3 %trunc_ln110" [../cnn_hls.cpp:115]   --->   Operation 841 'sparsemux' 'x_73' <Predicate = (!icmp_ln113_1)> <Delay = 1.94> <CoreInst = "BinarySparseMux_DontCare">   --->   Core 137 'BinarySparseMux_DontCare' <Latency = 0> <II = 1> <Delay = 1.94> <FuncUnit> <Opcode : 'sparsemux'> <InPorts = 2> <OutPorts = 1>
ST_11 : Operation 842 [1/1] (1.94ns)   --->   "%x_74 = sparsemux i8 @_ssdm_op_SparseMux.ap_auto.5i8.i8.i3, i3 3, i8 %buffer_c1_20_load_2, i3 1, i8 %buffer_c1_21_load_2, i3 4, i8 %buffer_c1_22_load_2, i3 2, i8 %buffer_c1_23_load_2, i3 0, i8 %buffer_c1_24_load_2, i8 0, i3 %trunc_ln110" [../cnn_hls.cpp:115]   --->   Operation 842 'sparsemux' 'x_74' <Predicate = (!icmp_ln113_1)> <Delay = 1.94> <CoreInst = "BinarySparseMux_DontCare">   --->   Core 137 'BinarySparseMux_DontCare' <Latency = 0> <II = 1> <Delay = 1.94> <FuncUnit> <Opcode : 'sparsemux'> <InPorts = 2> <OutPorts = 1>
ST_11 : Operation 843 [1/1] (1.94ns)   --->   "%x_75 = sparsemux i8 @_ssdm_op_SparseMux.ap_auto.5i8.i8.i3, i3 3, i8 %buffer_c1_25_load_2, i3 1, i8 %buffer_c1_26_load_2, i3 4, i8 %buffer_c1_27_load_2, i3 2, i8 %buffer_c1_28_load_2, i3 0, i8 %buffer_c1_29_load_2, i8 0, i3 %trunc_ln110" [../cnn_hls.cpp:115]   --->   Operation 843 'sparsemux' 'x_75' <Predicate = (!icmp_ln113_1)> <Delay = 1.94> <CoreInst = "BinarySparseMux_DontCare">   --->   Core 137 'BinarySparseMux_DontCare' <Latency = 0> <II = 1> <Delay = 1.94> <FuncUnit> <Opcode : 'sparsemux'> <InPorts = 2> <OutPorts = 1>
ST_11 : Operation 844 [1/1] (1.94ns)   --->   "%x_76 = sparsemux i8 @_ssdm_op_SparseMux.ap_auto.5i8.i8.i3, i3 3, i8 %buffer_c1_30_load_2, i3 1, i8 %buffer_c1_31_load_2, i3 4, i8 %buffer_c1_32_load_2, i3 2, i8 %buffer_c1_33_load_2, i3 0, i8 %buffer_c1_34_load_2, i8 0, i3 %trunc_ln110" [../cnn_hls.cpp:115]   --->   Operation 844 'sparsemux' 'x_76' <Predicate = (!icmp_ln113_1)> <Delay = 1.94> <CoreInst = "BinarySparseMux_DontCare">   --->   Core 137 'BinarySparseMux_DontCare' <Latency = 0> <II = 1> <Delay = 1.94> <FuncUnit> <Opcode : 'sparsemux'> <InPorts = 2> <OutPorts = 1>
ST_11 : Operation 845 [1/1] (1.94ns)   --->   "%x_77 = sparsemux i8 @_ssdm_op_SparseMux.ap_auto.5i8.i8.i3, i3 3, i8 %buffer_c1_35_load_2, i3 1, i8 %buffer_c1_36_load_2, i3 4, i8 %buffer_c1_37_load_2, i3 2, i8 %buffer_c1_38_load_2, i3 0, i8 %buffer_c1_39_load_2, i8 0, i3 %trunc_ln110" [../cnn_hls.cpp:115]   --->   Operation 845 'sparsemux' 'x_77' <Predicate = (!icmp_ln113_1)> <Delay = 1.94> <CoreInst = "BinarySparseMux_DontCare">   --->   Core 137 'BinarySparseMux_DontCare' <Latency = 0> <II = 1> <Delay = 1.94> <FuncUnit> <Opcode : 'sparsemux'> <InPorts = 2> <OutPorts = 1>
ST_11 : Operation 846 [1/1] (1.24ns)   --->   "%x72_0_1_61024 = select i1 %icmp_ln113_1, i8 0, i8 %x_76" [../cnn_hls.cpp:113]   --->   Operation 846 'select' 'x72_0_1_61024' <Predicate = true> <Delay = 1.24> <CoreInst = "Sel">   --->   Core 73 'Sel' <Latency = 0> <II = 1> <Delay = 1.24> <FuncUnit> <Opcode : 'select'> <InPorts = 3> <OutPorts = 1>
ST_11 : Operation 847 [1/1] (0.00ns)   --->   "%x72_0_1_61024_cast = zext i8 %x72_0_1_61024" [../cnn_hls.cpp:113]   --->   Operation 847 'zext' 'x72_0_1_61024_cast' <Predicate = true> <Delay = 0.00>
ST_11 : Operation 848 [1/1] (1.24ns)   --->   "%x72_0_1_4101110121023 = select i1 %icmp_ln113_1, i8 0, i8 %x_74" [../cnn_hls.cpp:113]   --->   Operation 848 'select' 'x72_0_1_4101110121023' <Predicate = true> <Delay = 1.24> <CoreInst = "Sel">   --->   Core 73 'Sel' <Latency = 0> <II = 1> <Delay = 1.24> <FuncUnit> <Opcode : 'select'> <InPorts = 3> <OutPorts = 1>
ST_11 : Operation 849 [1/1] (1.24ns)   --->   "%x72_0_1_210021003101010131022 = select i1 %icmp_ln113_1, i8 0, i8 %x_72" [../cnn_hls.cpp:113]   --->   Operation 849 'select' 'x72_0_1_210021003101010131022' <Predicate = true> <Delay = 1.24> <CoreInst = "Sel">   --->   Core 73 'Sel' <Latency = 0> <II = 1> <Delay = 1.24> <FuncUnit> <Opcode : 'select'> <InPorts = 3> <OutPorts = 1>
ST_11 : Operation 850 [1/1] (0.00ns)   --->   "%x72_0_1_210021003101010131022_cast = zext i8 %x72_0_1_210021003101010131022" [../cnn_hls.cpp:113]   --->   Operation 850 'zext' 'x72_0_1_210021003101010131022_cast' <Predicate = true> <Delay = 0.00>
ST_11 : Operation 851 [1/1] (1.24ns)   --->   "%x72_0_194199810011004100910141021 = select i1 %icmp_ln113_1, i8 0, i8 %x_70" [../cnn_hls.cpp:113]   --->   Operation 851 'select' 'x72_0_194199810011004100910141021' <Predicate = true> <Delay = 1.24> <CoreInst = "Sel">   --->   Core 73 'Sel' <Latency = 0> <II = 1> <Delay = 1.24> <FuncUnit> <Opcode : 'select'> <InPorts = 3> <OutPorts = 1>
ST_11 : Operation 852 [1/1] (1.24ns)   --->   "%x72_0_1_199910001005100810151020 = select i1 %icmp_ln113_1, i8 0, i8 %x_71" [../cnn_hls.cpp:113]   --->   Operation 852 'select' 'x72_0_1_199910001005100810151020' <Predicate = true> <Delay = 1.24> <CoreInst = "Sel">   --->   Core 73 'Sel' <Latency = 0> <II = 1> <Delay = 1.24> <FuncUnit> <Opcode : 'select'> <InPorts = 3> <OutPorts = 1>
ST_11 : Operation 853 [1/1] (1.24ns)   --->   "%x72_0_1_31006100710161019 = select i1 %icmp_ln113_1, i8 0, i8 %x_73" [../cnn_hls.cpp:113]   --->   Operation 853 'select' 'x72_0_1_31006100710161019' <Predicate = true> <Delay = 1.24> <CoreInst = "Sel">   --->   Core 73 'Sel' <Latency = 0> <II = 1> <Delay = 1.24> <FuncUnit> <Opcode : 'select'> <InPorts = 3> <OutPorts = 1>
ST_11 : Operation 854 [1/1] (0.00ns)   --->   "%x72_0_1_31006100710161019_cast = zext i8 %x72_0_1_31006100710161019" [../cnn_hls.cpp:113]   --->   Operation 854 'zext' 'x72_0_1_31006100710161019_cast' <Predicate = true> <Delay = 0.00>
ST_11 : Operation 855 [1/1] (1.24ns)   --->   "%x72_0_1_510171018 = select i1 %icmp_ln113_1, i8 0, i8 %x_75" [../cnn_hls.cpp:113]   --->   Operation 855 'select' 'x72_0_1_510171018' <Predicate = true> <Delay = 1.24> <CoreInst = "Sel">   --->   Core 73 'Sel' <Latency = 0> <II = 1> <Delay = 1.24> <FuncUnit> <Opcode : 'select'> <InPorts = 3> <OutPorts = 1>
ST_11 : Operation 856 [1/1] (1.24ns)   --->   "%x_25 = select i1 %icmp_ln113_1, i8 0, i8 %x_77" [../cnn_hls.cpp:113]   --->   Operation 856 'select' 'x_25' <Predicate = true> <Delay = 1.24> <CoreInst = "Sel">   --->   Core 73 'Sel' <Latency = 0> <II = 1> <Delay = 1.24> <FuncUnit> <Opcode : 'select'> <InPorts = 3> <OutPorts = 1>
ST_11 : Operation 857 [1/1] (0.00ns)   --->   "%zext_ln111_1 = zext i8 %x_25" [../cnn_hls.cpp:111]   --->   Operation 857 'zext' 'zext_ln111_1' <Predicate = true> <Delay = 0.00>
ST_11 : Operation 858 [1/2] ( I:2.32ns O:2.32ns )   --->   "%p_ZL12conv2_weight_16_load_1 = load i5 %p_ZL12conv2_weight_16_addr_1" [../cnn_hls.cpp:118]   --->   Operation 858 'load' 'p_ZL12conv2_weight_16_load_1' <Predicate = true> <Delay = 2.32> <CoreInst = "ROM">   --->   Core 94 'ROM' <Latency = 1> <II = 1> <Delay = 2.32> <Storage> <Opcode : 'load'> <Ports = 0> <Width = 8> <Depth = 32> <ROM>
ST_11 : Operation 859 [1/1] (0.00ns)   --->   "%sext_ln111 = sext i8 %p_ZL12conv2_weight_16_load_1" [../cnn_hls.cpp:111]   --->   Operation 859 'sext' 'sext_ln111' <Predicate = true> <Delay = 0.00>
ST_11 : Operation 860 [1/1] (0.00ns)   --->   "%p_ZL12conv2_weight_2_addr = getelementptr i8 %p_ZL12conv2_weight_2, i64 0, i64 %zext_ln118" [../cnn_hls.cpp:118]   --->   Operation 860 'getelementptr' 'p_ZL12conv2_weight_2_addr' <Predicate = true> <Delay = 0.00>
ST_11 : Operation 861 [2/2] (2.32ns)   --->   "%p_ZL12conv2_weight_2_load = load i5 %p_ZL12conv2_weight_2_addr" [../cnn_hls.cpp:118]   --->   Operation 861 'load' 'p_ZL12conv2_weight_2_load' <Predicate = true> <Delay = 2.32> <CoreInst = "ROM">   --->   Core 94 'ROM' <Latency = 1> <II = 1> <Delay = 2.32> <Storage> <Opcode : 'load'> <Ports = 0> <Width = 8> <Depth = 32> <ROM>
ST_11 : Operation 862 [1/1] (0.00ns)   --->   "%p_ZL12conv2_weight_7_addr = getelementptr i8 %p_ZL12conv2_weight_7, i64 0, i64 %zext_ln118" [../cnn_hls.cpp:118]   --->   Operation 862 'getelementptr' 'p_ZL12conv2_weight_7_addr' <Predicate = true> <Delay = 0.00>
ST_11 : Operation 863 [2/2] (2.32ns)   --->   "%p_ZL12conv2_weight_7_load = load i5 %p_ZL12conv2_weight_7_addr" [../cnn_hls.cpp:118]   --->   Operation 863 'load' 'p_ZL12conv2_weight_7_load' <Predicate = true> <Delay = 2.32> <CoreInst = "ROM">   --->   Core 94 'ROM' <Latency = 1> <II = 1> <Delay = 2.32> <Storage> <Opcode : 'load'> <Ports = 0> <Width = 8> <Depth = 32> <ROM>
ST_11 : Operation 864 [1/2] ( I:2.32ns O:2.32ns )   --->   "%p_ZL12conv2_weight_12_load = load i5 %p_ZL12conv2_weight_12_addr" [../cnn_hls.cpp:118]   --->   Operation 864 'load' 'p_ZL12conv2_weight_12_load' <Predicate = true> <Delay = 2.32> <CoreInst = "ROM">   --->   Core 94 'ROM' <Latency = 1> <II = 1> <Delay = 2.32> <Storage> <Opcode : 'load'> <Ports = 0> <Width = 8> <Depth = 32> <ROM>
ST_11 : Operation 865 [1/1] (0.00ns)   --->   "%sext_ln111_3 = sext i8 %p_ZL12conv2_weight_12_load" [../cnn_hls.cpp:111]   --->   Operation 865 'sext' 'sext_ln111_3' <Predicate = true> <Delay = 0.00>
ST_11 : Operation 866 [1/1] (0.00ns)   --->   "%p_ZL12conv2_weight_17_addr = getelementptr i8 %p_ZL12conv2_weight_17, i64 0, i64 %zext_ln118" [../cnn_hls.cpp:118]   --->   Operation 866 'getelementptr' 'p_ZL12conv2_weight_17_addr' <Predicate = true> <Delay = 0.00>
ST_11 : Operation 867 [2/2] (2.32ns)   --->   "%p_ZL12conv2_weight_17_load = load i5 %p_ZL12conv2_weight_17_addr" [../cnn_hls.cpp:118]   --->   Operation 867 'load' 'p_ZL12conv2_weight_17_load' <Predicate = true> <Delay = 2.32> <CoreInst = "ROM">   --->   Core 94 'ROM' <Latency = 1> <II = 1> <Delay = 2.32> <Storage> <Opcode : 'load'> <Ports = 0> <Width = 8> <Depth = 32> <ROM>
ST_11 : Operation 868 [1/2] ( I:2.32ns O:2.32ns )   --->   "%p_ZL12conv2_weight_2_load_1 = load i5 %p_ZL12conv2_weight_2_addr_1" [../cnn_hls.cpp:118]   --->   Operation 868 'load' 'p_ZL12conv2_weight_2_load_1' <Predicate = true> <Delay = 2.32> <CoreInst = "ROM">   --->   Core 94 'ROM' <Latency = 1> <II = 1> <Delay = 2.32> <Storage> <Opcode : 'load'> <Ports = 0> <Width = 8> <Depth = 32> <ROM>
ST_11 : Operation 869 [1/1] (0.00ns)   --->   "%sext_ln111_5 = sext i8 %p_ZL12conv2_weight_2_load_1" [../cnn_hls.cpp:111]   --->   Operation 869 'sext' 'sext_ln111_5' <Predicate = true> <Delay = 0.00>
ST_11 : Operation 870 [1/1] (0.00ns)   --->   "%p_ZL12conv2_weight_7_addr_1 = getelementptr i8 %p_ZL12conv2_weight_7, i64 0, i64 %zext_ln118_1" [../cnn_hls.cpp:118]   --->   Operation 870 'getelementptr' 'p_ZL12conv2_weight_7_addr_1' <Predicate = true> <Delay = 0.00>
ST_11 : Operation 871 [2/2] (2.32ns)   --->   "%p_ZL12conv2_weight_7_load_1 = load i5 %p_ZL12conv2_weight_7_addr_1" [../cnn_hls.cpp:118]   --->   Operation 871 'load' 'p_ZL12conv2_weight_7_load_1' <Predicate = true> <Delay = 2.32> <CoreInst = "ROM">   --->   Core 94 'ROM' <Latency = 1> <II = 1> <Delay = 2.32> <Storage> <Opcode : 'load'> <Ports = 0> <Width = 8> <Depth = 32> <ROM>
ST_11 : Operation 872 [1/1] (0.00ns)   --->   "%p_ZL12conv2_weight_12_addr_1 = getelementptr i8 %p_ZL12conv2_weight_12, i64 0, i64 %zext_ln118_1" [../cnn_hls.cpp:118]   --->   Operation 872 'getelementptr' 'p_ZL12conv2_weight_12_addr_1' <Predicate = true> <Delay = 0.00>
ST_11 : Operation 873 [2/2] (2.32ns)   --->   "%p_ZL12conv2_weight_12_load_1 = load i5 %p_ZL12conv2_weight_12_addr_1" [../cnn_hls.cpp:118]   --->   Operation 873 'load' 'p_ZL12conv2_weight_12_load_1' <Predicate = true> <Delay = 2.32> <CoreInst = "ROM">   --->   Core 94 'ROM' <Latency = 1> <II = 1> <Delay = 2.32> <Storage> <Opcode : 'load'> <Ports = 0> <Width = 8> <Depth = 32> <ROM>
ST_11 : Operation 874 [1/2] ( I:2.32ns O:2.32ns )   --->   "%p_ZL12conv2_weight_17_load_1 = load i5 %p_ZL12conv2_weight_17_addr_1" [../cnn_hls.cpp:118]   --->   Operation 874 'load' 'p_ZL12conv2_weight_17_load_1' <Predicate = true> <Delay = 2.32> <CoreInst = "ROM">   --->   Core 94 'ROM' <Latency = 1> <II = 1> <Delay = 2.32> <Storage> <Opcode : 'load'> <Ports = 0> <Width = 8> <Depth = 32> <ROM>
ST_11 : Operation 875 [1/1] (0.00ns)   --->   "%sext_ln118_21 = sext i8 %p_ZL12conv2_weight_17_load_1" [../cnn_hls.cpp:118]   --->   Operation 875 'sext' 'sext_ln118_21' <Predicate = true> <Delay = 0.00>
ST_11 : Operation 876 [3/3] (1.05ns) (grouped into DSP with root node add_ln118_20)   --->   "%mul_ln118_9 = mul i16 %sext_ln118_21, i16 %zext_ln122" [../cnn_hls.cpp:118]   --->   Operation 876 'mul' 'mul_ln118_9' <Predicate = true> <Delay = 1.05> <CoreInst = "DSP48">   --->   Core 116 'DSP48' <Latency = 3> <II = 1> <Delay = 2.15> <IPBlock> <Opcode : 'add' 'sub' 'mul' 'select'> <InPorts = 0> <OutPorts = 1> <Sync> <CReg>
ST_11 : Operation 877 [3/3] (1.05ns) (grouped into DSP with root node add_ln118_19)   --->   "%mul_ln118_12 = mul i16 %sext_ln111_5, i16 %zext_ln115_4" [../cnn_hls.cpp:118]   --->   Operation 877 'mul' 'mul_ln118_12' <Predicate = true> <Delay = 1.05> <CoreInst = "DSP48">   --->   Core 116 'DSP48' <Latency = 3> <II = 1> <Delay = 2.15> <IPBlock> <Opcode : 'add' 'sub' 'mul' 'select'> <InPorts = 0> <OutPorts = 1> <Sync> <CReg>
ST_11 : Operation 878 [3/3] (1.05ns) (grouped into DSP with root node add_ln118_14)   --->   "%mul_ln118_14 = mul i16 %sext_ln111_3, i16 %zext_ln115_2" [../cnn_hls.cpp:118]   --->   Operation 878 'mul' 'mul_ln118_14' <Predicate = true> <Delay = 1.05> <CoreInst = "DSP48">   --->   Core 116 'DSP48' <Latency = 3> <II = 1> <Delay = 2.15> <IPBlock> <Opcode : 'add' 'sub' 'mul' 'select'> <InPorts = 0> <OutPorts = 1> <Sync> <CReg>
ST_11 : Operation 879 [3/3] (1.05ns) (grouped into DSP with root node add_ln118_13)   --->   "%mul_ln118_17 = mul i16 %zext_ln111_1, i16 %sext_ln111" [../cnn_hls.cpp:118]   --->   Operation 879 'mul' 'mul_ln118_17' <Predicate = true> <Delay = 1.05> <CoreInst = "DSP48">   --->   Core 116 'DSP48' <Latency = 3> <II = 1> <Delay = 2.15> <IPBlock> <Opcode : 'add' 'sub' 'mul' 'select'> <InPorts = 0> <OutPorts = 1> <Sync> <CReg>
ST_11 : Operation 880 [3/3] (1.05ns) (grouped into DSP with root node add_ln118_5)   --->   "%mul_ln118_18 = mul i16 %x72_0_1_61024_cast, i16 %sext_ln115_1" [../cnn_hls.cpp:118]   --->   Operation 880 'mul' 'mul_ln118_18' <Predicate = true> <Delay = 1.05> <CoreInst = "DSP48">   --->   Core 116 'DSP48' <Latency = 3> <II = 1> <Delay = 2.15> <IPBlock> <Opcode : 'add' 'sub' 'mul' 'select'> <InPorts = 0> <OutPorts = 1> <Sync> <CReg>
ST_11 : Operation 881 [3/3] (1.05ns) (grouped into DSP with root node add_ln118_10)   --->   "%mul_ln118_21 = mul i16 %x72_0_1_31006100710161019_cast, i16 %sext_ln118_18" [../cnn_hls.cpp:118]   --->   Operation 881 'mul' 'mul_ln118_21' <Predicate = true> <Delay = 1.05> <CoreInst = "DSP48">   --->   Core 116 'DSP48' <Latency = 3> <II = 1> <Delay = 2.15> <IPBlock> <Opcode : 'add' 'sub' 'mul' 'select'> <InPorts = 0> <OutPorts = 1> <Sync> <CReg>
ST_11 : Operation 882 [3/3] (1.05ns) (grouped into DSP with root node add_ln118_9)   --->   "%mul_ln118_22 = mul i16 %x72_0_1_210021003101010131022_cast, i16 %sext_ln118_17" [../cnn_hls.cpp:118]   --->   Operation 882 'mul' 'mul_ln118_22' <Predicate = true> <Delay = 1.05> <CoreInst = "DSP48">   --->   Core 116 'DSP48' <Latency = 3> <II = 1> <Delay = 2.15> <IPBlock> <Opcode : 'add' 'sub' 'mul' 'select'> <InPorts = 0> <OutPorts = 1> <Sync> <CReg>
ST_11 : Operation 883 [1/1] (0.00ns)   --->   "%p_ZL12conv2_weight_3_addr = getelementptr i8 %p_ZL12conv2_weight_3, i64 0, i64 %zext_ln118" [../cnn_hls.cpp:118]   --->   Operation 883 'getelementptr' 'p_ZL12conv2_weight_3_addr' <Predicate = true> <Delay = 0.00>
ST_11 : Operation 884 [2/2] (2.32ns)   --->   "%p_ZL12conv2_weight_3_load = load i5 %p_ZL12conv2_weight_3_addr" [../cnn_hls.cpp:118]   --->   Operation 884 'load' 'p_ZL12conv2_weight_3_load' <Predicate = true> <Delay = 2.32> <CoreInst = "ROM">   --->   Core 94 'ROM' <Latency = 1> <II = 1> <Delay = 2.32> <Storage> <Opcode : 'load'> <Ports = 0> <Width = 8> <Depth = 32> <ROM>
ST_11 : Operation 885 [1/2] ( I:2.32ns O:2.32ns )   --->   "%p_ZL12conv2_weight_8_load = load i5 %p_ZL12conv2_weight_8_addr" [../cnn_hls.cpp:118]   --->   Operation 885 'load' 'p_ZL12conv2_weight_8_load' <Predicate = true> <Delay = 2.32> <CoreInst = "ROM">   --->   Core 94 'ROM' <Latency = 1> <II = 1> <Delay = 2.32> <Storage> <Opcode : 'load'> <Ports = 0> <Width = 8> <Depth = 32> <ROM>
ST_11 : Operation 886 [1/1] (0.00ns)   --->   "%sext_ln118_39 = sext i8 %p_ZL12conv2_weight_8_load" [../cnn_hls.cpp:118]   --->   Operation 886 'sext' 'sext_ln118_39' <Predicate = true> <Delay = 0.00>
ST_11 : Operation 887 [1/1] (0.00ns)   --->   "%p_ZL12conv2_weight_13_addr = getelementptr i8 %p_ZL12conv2_weight_13, i64 0, i64 %zext_ln118" [../cnn_hls.cpp:118]   --->   Operation 887 'getelementptr' 'p_ZL12conv2_weight_13_addr' <Predicate = true> <Delay = 0.00>
ST_11 : Operation 888 [2/2] (2.32ns)   --->   "%p_ZL12conv2_weight_13_load = load i5 %p_ZL12conv2_weight_13_addr" [../cnn_hls.cpp:118]   --->   Operation 888 'load' 'p_ZL12conv2_weight_13_load' <Predicate = true> <Delay = 2.32> <CoreInst = "ROM">   --->   Core 94 'ROM' <Latency = 1> <II = 1> <Delay = 2.32> <Storage> <Opcode : 'load'> <Ports = 0> <Width = 8> <Depth = 32> <ROM>
ST_11 : Operation 889 [1/1] (0.00ns)   --->   "%p_ZL12conv2_weight_18_addr = getelementptr i8 %p_ZL12conv2_weight_18, i64 0, i64 %zext_ln118" [../cnn_hls.cpp:118]   --->   Operation 889 'getelementptr' 'p_ZL12conv2_weight_18_addr' <Predicate = true> <Delay = 0.00>
ST_11 : Operation 890 [2/2] (2.32ns)   --->   "%p_ZL12conv2_weight_18_load = load i5 %p_ZL12conv2_weight_18_addr" [../cnn_hls.cpp:118]   --->   Operation 890 'load' 'p_ZL12conv2_weight_18_load' <Predicate = true> <Delay = 2.32> <CoreInst = "ROM">   --->   Core 94 'ROM' <Latency = 1> <II = 1> <Delay = 2.32> <Storage> <Opcode : 'load'> <Ports = 0> <Width = 8> <Depth = 32> <ROM>
ST_11 : Operation 891 [1/2] ( I:2.32ns O:2.32ns )   --->   "%p_ZL12conv2_weight_3_load_1 = load i5 %p_ZL12conv2_weight_3_addr_1" [../cnn_hls.cpp:118]   --->   Operation 891 'load' 'p_ZL12conv2_weight_3_load_1' <Predicate = true> <Delay = 2.32> <CoreInst = "ROM">   --->   Core 94 'ROM' <Latency = 1> <II = 1> <Delay = 2.32> <Storage> <Opcode : 'load'> <Ports = 0> <Width = 8> <Depth = 32> <ROM>
ST_11 : Operation 892 [1/1] (0.00ns)   --->   "%sext_ln118_42 = sext i8 %p_ZL12conv2_weight_3_load_1" [../cnn_hls.cpp:118]   --->   Operation 892 'sext' 'sext_ln118_42' <Predicate = true> <Delay = 0.00>
ST_11 : Operation 893 [1/2] ( I:2.32ns O:2.32ns )   --->   "%p_ZL12conv2_weight_8_load_1 = load i5 %p_ZL12conv2_weight_8_addr_1" [../cnn_hls.cpp:118]   --->   Operation 893 'load' 'p_ZL12conv2_weight_8_load_1' <Predicate = true> <Delay = 2.32> <CoreInst = "ROM">   --->   Core 94 'ROM' <Latency = 1> <II = 1> <Delay = 2.32> <Storage> <Opcode : 'load'> <Ports = 0> <Width = 8> <Depth = 32> <ROM>
ST_11 : Operation 894 [1/1] (0.00ns)   --->   "%sext_ln118_43 = sext i8 %p_ZL12conv2_weight_8_load_1" [../cnn_hls.cpp:118]   --->   Operation 894 'sext' 'sext_ln118_43' <Predicate = true> <Delay = 0.00>
ST_11 : Operation 895 [1/1] (0.00ns)   --->   "%p_ZL12conv2_weight_13_addr_1 = getelementptr i8 %p_ZL12conv2_weight_13, i64 0, i64 %zext_ln118_1" [../cnn_hls.cpp:118]   --->   Operation 895 'getelementptr' 'p_ZL12conv2_weight_13_addr_1' <Predicate = true> <Delay = 0.00>
ST_11 : Operation 896 [2/2] (2.32ns)   --->   "%p_ZL12conv2_weight_13_load_1 = load i5 %p_ZL12conv2_weight_13_addr_1" [../cnn_hls.cpp:118]   --->   Operation 896 'load' 'p_ZL12conv2_weight_13_load_1' <Predicate = true> <Delay = 2.32> <CoreInst = "ROM">   --->   Core 94 'ROM' <Latency = 1> <II = 1> <Delay = 2.32> <Storage> <Opcode : 'load'> <Ports = 0> <Width = 8> <Depth = 32> <ROM>
ST_11 : Operation 897 [1/1] (1.94ns)   --->   "%x_78 = sparsemux i8 @_ssdm_op_SparseMux.ap_auto.5i8.i8.i3, i3 2, i8 %buffer_c1_load_3, i3 0, i8 %buffer_c1_1_load_3, i3 3, i8 %buffer_c1_2_load_3, i3 1, i8 %buffer_c1_3_load_3, i3 4, i8 %buffer_c1_4_load_3, i8 0, i3 %trunc_ln110" [../cnn_hls.cpp:115]   --->   Operation 897 'sparsemux' 'x_78' <Predicate = (!icmp_ln113_2)> <Delay = 1.94> <CoreInst = "BinarySparseMux_DontCare">   --->   Core 137 'BinarySparseMux_DontCare' <Latency = 0> <II = 1> <Delay = 1.94> <FuncUnit> <Opcode : 'sparsemux'> <InPorts = 2> <OutPorts = 1>
ST_11 : Operation 898 [1/1] (1.94ns)   --->   "%x_79 = sparsemux i8 @_ssdm_op_SparseMux.ap_auto.5i8.i8.i3, i3 2, i8 %buffer_c1_5_load_3, i3 0, i8 %buffer_c1_6_load_3, i3 3, i8 %buffer_c1_7_load_3, i3 1, i8 %buffer_c1_8_load_3, i3 4, i8 %buffer_c1_9_load_3, i8 0, i3 %trunc_ln110" [../cnn_hls.cpp:115]   --->   Operation 898 'sparsemux' 'x_79' <Predicate = (!icmp_ln113_2)> <Delay = 1.94> <CoreInst = "BinarySparseMux_DontCare">   --->   Core 137 'BinarySparseMux_DontCare' <Latency = 0> <II = 1> <Delay = 1.94> <FuncUnit> <Opcode : 'sparsemux'> <InPorts = 2> <OutPorts = 1>
ST_11 : Operation 899 [1/1] (1.94ns)   --->   "%x_80 = sparsemux i8 @_ssdm_op_SparseMux.ap_auto.5i8.i8.i3, i3 2, i8 %buffer_c1_10_load_3, i3 0, i8 %buffer_c1_11_load_3, i3 3, i8 %buffer_c1_12_load_3, i3 1, i8 %buffer_c1_13_load_3, i3 4, i8 %buffer_c1_14_load_3, i8 0, i3 %trunc_ln110" [../cnn_hls.cpp:115]   --->   Operation 899 'sparsemux' 'x_80' <Predicate = (!icmp_ln113_2)> <Delay = 1.94> <CoreInst = "BinarySparseMux_DontCare">   --->   Core 137 'BinarySparseMux_DontCare' <Latency = 0> <II = 1> <Delay = 1.94> <FuncUnit> <Opcode : 'sparsemux'> <InPorts = 2> <OutPorts = 1>
ST_11 : Operation 900 [1/1] (1.94ns)   --->   "%x_81 = sparsemux i8 @_ssdm_op_SparseMux.ap_auto.5i8.i8.i3, i3 2, i8 %buffer_c1_15_load_3, i3 0, i8 %buffer_c1_16_load_3, i3 3, i8 %buffer_c1_17_load_3, i3 1, i8 %buffer_c1_18_load_3, i3 4, i8 %buffer_c1_19_load_3, i8 0, i3 %trunc_ln110" [../cnn_hls.cpp:115]   --->   Operation 900 'sparsemux' 'x_81' <Predicate = (!icmp_ln113_2)> <Delay = 1.94> <CoreInst = "BinarySparseMux_DontCare">   --->   Core 137 'BinarySparseMux_DontCare' <Latency = 0> <II = 1> <Delay = 1.94> <FuncUnit> <Opcode : 'sparsemux'> <InPorts = 2> <OutPorts = 1>
ST_11 : Operation 901 [1/1] (1.94ns)   --->   "%x_82 = sparsemux i8 @_ssdm_op_SparseMux.ap_auto.5i8.i8.i3, i3 2, i8 %buffer_c1_20_load_3, i3 0, i8 %buffer_c1_21_load_3, i3 3, i8 %buffer_c1_22_load_3, i3 1, i8 %buffer_c1_23_load_3, i3 4, i8 %buffer_c1_24_load_3, i8 0, i3 %trunc_ln110" [../cnn_hls.cpp:115]   --->   Operation 901 'sparsemux' 'x_82' <Predicate = (!icmp_ln113_2)> <Delay = 1.94> <CoreInst = "BinarySparseMux_DontCare">   --->   Core 137 'BinarySparseMux_DontCare' <Latency = 0> <II = 1> <Delay = 1.94> <FuncUnit> <Opcode : 'sparsemux'> <InPorts = 2> <OutPorts = 1>
ST_11 : Operation 902 [1/1] (1.94ns)   --->   "%x_83 = sparsemux i8 @_ssdm_op_SparseMux.ap_auto.5i8.i8.i3, i3 2, i8 %buffer_c1_25_load_3, i3 0, i8 %buffer_c1_26_load_3, i3 3, i8 %buffer_c1_27_load_3, i3 1, i8 %buffer_c1_28_load_3, i3 4, i8 %buffer_c1_29_load_3, i8 0, i3 %trunc_ln110" [../cnn_hls.cpp:115]   --->   Operation 902 'sparsemux' 'x_83' <Predicate = (!icmp_ln113_2)> <Delay = 1.94> <CoreInst = "BinarySparseMux_DontCare">   --->   Core 137 'BinarySparseMux_DontCare' <Latency = 0> <II = 1> <Delay = 1.94> <FuncUnit> <Opcode : 'sparsemux'> <InPorts = 2> <OutPorts = 1>
ST_11 : Operation 903 [1/1] (1.94ns)   --->   "%x_84 = sparsemux i8 @_ssdm_op_SparseMux.ap_auto.5i8.i8.i3, i3 2, i8 %buffer_c1_30_load_3, i3 0, i8 %buffer_c1_31_load_3, i3 3, i8 %buffer_c1_32_load_3, i3 1, i8 %buffer_c1_33_load_3, i3 4, i8 %buffer_c1_34_load_3, i8 0, i3 %trunc_ln110" [../cnn_hls.cpp:115]   --->   Operation 903 'sparsemux' 'x_84' <Predicate = (!icmp_ln113_2)> <Delay = 1.94> <CoreInst = "BinarySparseMux_DontCare">   --->   Core 137 'BinarySparseMux_DontCare' <Latency = 0> <II = 1> <Delay = 1.94> <FuncUnit> <Opcode : 'sparsemux'> <InPorts = 2> <OutPorts = 1>
ST_11 : Operation 904 [1/1] (1.94ns)   --->   "%x_85 = sparsemux i8 @_ssdm_op_SparseMux.ap_auto.5i8.i8.i3, i3 2, i8 %buffer_c1_35_load_3, i3 0, i8 %buffer_c1_36_load_3, i3 3, i8 %buffer_c1_37_load_3, i3 1, i8 %buffer_c1_38_load_3, i3 4, i8 %buffer_c1_39_load_3, i8 0, i3 %trunc_ln110" [../cnn_hls.cpp:115]   --->   Operation 904 'sparsemux' 'x_85' <Predicate = (!icmp_ln113_2)> <Delay = 1.94> <CoreInst = "BinarySparseMux_DontCare">   --->   Core 137 'BinarySparseMux_DontCare' <Latency = 0> <II = 1> <Delay = 1.94> <FuncUnit> <Opcode : 'sparsemux'> <InPorts = 2> <OutPorts = 1>
ST_11 : Operation 905 [1/1] (1.24ns)   --->   "%x72_0_3_6997 = select i1 %icmp_ln113_2, i8 0, i8 %x_84" [../cnn_hls.cpp:113]   --->   Operation 905 'select' 'x72_0_3_6997' <Predicate = true> <Delay = 1.24> <CoreInst = "Sel">   --->   Core 73 'Sel' <Latency = 0> <II = 1> <Delay = 1.24> <FuncUnit> <Opcode : 'select'> <InPorts = 3> <OutPorts = 1>
ST_11 : Operation 906 [1/1] (1.24ns)   --->   "%x72_0_3_4984985996 = select i1 %icmp_ln113_2, i8 0, i8 %x_82" [../cnn_hls.cpp:113]   --->   Operation 906 'select' 'x72_0_3_4984985996' <Predicate = true> <Delay = 1.24> <CoreInst = "Sel">   --->   Core 73 'Sel' <Latency = 0> <II = 1> <Delay = 1.24> <FuncUnit> <Opcode : 'select'> <InPorts = 3> <OutPorts = 1>
ST_11 : Operation 907 [1/1] (0.00ns)   --->   "%x72_0_3_4984985996_cast = zext i8 %x72_0_3_4984985996" [../cnn_hls.cpp:113]   --->   Operation 907 'zext' 'x72_0_3_4984985996_cast' <Predicate = true> <Delay = 0.00>
ST_11 : Operation 908 [1/1] (1.24ns)   --->   "%x72_0_3_2975976983986995 = select i1 %icmp_ln113_2, i8 0, i8 %x_80" [../cnn_hls.cpp:113]   --->   Operation 908 'select' 'x72_0_3_2975976983986995' <Predicate = true> <Delay = 1.24> <CoreInst = "Sel">   --->   Core 73 'Sel' <Latency = 0> <II = 1> <Delay = 1.24> <FuncUnit> <Opcode : 'select'> <InPorts = 3> <OutPorts = 1>
ST_11 : Operation 909 [1/1] (1.24ns)   --->   "%x72_0_3942971974977982987994 = select i1 %icmp_ln113_2, i8 0, i8 %x_78" [../cnn_hls.cpp:113]   --->   Operation 909 'select' 'x72_0_3942971974977982987994' <Predicate = true> <Delay = 1.24> <CoreInst = "Sel">   --->   Core 73 'Sel' <Latency = 0> <II = 1> <Delay = 1.24> <FuncUnit> <Opcode : 'select'> <InPorts = 3> <OutPorts = 1>
ST_11 : Operation 910 [1/1] (1.24ns)   --->   "%x72_0_3_1972973978981988993 = select i1 %icmp_ln113_2, i8 0, i8 %x_79" [../cnn_hls.cpp:113]   --->   Operation 910 'select' 'x72_0_3_1972973978981988993' <Predicate = true> <Delay = 1.24> <CoreInst = "Sel">   --->   Core 73 'Sel' <Latency = 0> <II = 1> <Delay = 1.24> <FuncUnit> <Opcode : 'select'> <InPorts = 3> <OutPorts = 1>
ST_11 : Operation 911 [1/1] (0.00ns)   --->   "%x72_0_3_1972973978981988993_cast = zext i8 %x72_0_3_1972973978981988993" [../cnn_hls.cpp:113]   --->   Operation 911 'zext' 'x72_0_3_1972973978981988993_cast' <Predicate = true> <Delay = 0.00>
ST_11 : Operation 912 [1/1] (1.24ns)   --->   "%x72_0_3_3979980989992 = select i1 %icmp_ln113_2, i8 0, i8 %x_81" [../cnn_hls.cpp:113]   --->   Operation 912 'select' 'x72_0_3_3979980989992' <Predicate = true> <Delay = 1.24> <CoreInst = "Sel">   --->   Core 73 'Sel' <Latency = 0> <II = 1> <Delay = 1.24> <FuncUnit> <Opcode : 'select'> <InPorts = 3> <OutPorts = 1>
ST_11 : Operation 913 [1/1] (1.24ns)   --->   "%x72_0_3_5990991 = select i1 %icmp_ln113_2, i8 0, i8 %x_83" [../cnn_hls.cpp:113]   --->   Operation 913 'select' 'x72_0_3_5990991' <Predicate = true> <Delay = 1.24> <CoreInst = "Sel">   --->   Core 73 'Sel' <Latency = 0> <II = 1> <Delay = 1.24> <FuncUnit> <Opcode : 'select'> <InPorts = 3> <OutPorts = 1>
ST_11 : Operation 914 [1/1] (0.00ns)   --->   "%x72_0_3_5990991_cast = zext i8 %x72_0_3_5990991" [../cnn_hls.cpp:113]   --->   Operation 914 'zext' 'x72_0_3_5990991_cast' <Predicate = true> <Delay = 0.00>
ST_11 : Operation 915 [1/1] (1.24ns)   --->   "%x_43 = select i1 %icmp_ln113_2, i8 0, i8 %x_85" [../cnn_hls.cpp:113]   --->   Operation 915 'select' 'x_43' <Predicate = true> <Delay = 1.24> <CoreInst = "Sel">   --->   Core 73 'Sel' <Latency = 0> <II = 1> <Delay = 1.24> <FuncUnit> <Opcode : 'select'> <InPorts = 3> <OutPorts = 1>
ST_11 : Operation 916 [1/1] (0.00ns)   --->   "%p_ZL12conv2_weight_18_addr_1 = getelementptr i8 %p_ZL12conv2_weight_18, i64 0, i64 %zext_ln118_1" [../cnn_hls.cpp:118]   --->   Operation 916 'getelementptr' 'p_ZL12conv2_weight_18_addr_1' <Predicate = true> <Delay = 0.00>
ST_11 : Operation 917 [2/2] (2.32ns)   --->   "%p_ZL12conv2_weight_18_load_1 = load i5 %p_ZL12conv2_weight_18_addr_1" [../cnn_hls.cpp:118]   --->   Operation 917 'load' 'p_ZL12conv2_weight_18_load_1' <Predicate = true> <Delay = 2.32> <CoreInst = "ROM">   --->   Core 94 'ROM' <Latency = 1> <II = 1> <Delay = 2.32> <Storage> <Opcode : 'load'> <Ports = 0> <Width = 8> <Depth = 32> <ROM>
ST_11 : Operation 918 [3/3] (1.05ns) (grouped into DSP with root node add_ln118_28)   --->   "%mul_ln118_27 = mul i16 %x72_0_3_5990991_cast, i16 %sext_ln118_43" [../cnn_hls.cpp:118]   --->   Operation 918 'mul' 'mul_ln118_27' <Predicate = true> <Delay = 1.05> <CoreInst = "DSP48">   --->   Core 116 'DSP48' <Latency = 3> <II = 1> <Delay = 2.15> <IPBlock> <Opcode : 'add' 'sub' 'mul' 'select'> <InPorts = 0> <OutPorts = 1> <Sync> <CReg>
ST_11 : Operation 919 [3/3] (1.05ns) (grouped into DSP with root node add_ln118_23)   --->   "%mul_ln118_28 = mul i16 %x72_0_3_4984985996_cast, i16 %sext_ln118_42" [../cnn_hls.cpp:118]   --->   Operation 919 'mul' 'mul_ln118_28' <Predicate = true> <Delay = 1.05> <CoreInst = "DSP48">   --->   Core 116 'DSP48' <Latency = 3> <II = 1> <Delay = 2.15> <IPBlock> <Opcode : 'add' 'sub' 'mul' 'select'> <InPorts = 0> <OutPorts = 1> <Sync> <CReg>
ST_11 : Operation 920 [3/3] (1.05ns) (grouped into DSP with root node add_ln118_24)   --->   "%mul_ln118_31 = mul i16 %x72_0_3_1972973978981988993_cast, i16 %sext_ln118_39" [../cnn_hls.cpp:118]   --->   Operation 920 'mul' 'mul_ln118_31' <Predicate = true> <Delay = 1.05> <CoreInst = "DSP48">   --->   Core 116 'DSP48' <Latency = 3> <II = 1> <Delay = 2.15> <IPBlock> <Opcode : 'add' 'sub' 'mul' 'select'> <InPorts = 0> <OutPorts = 1> <Sync> <CReg>
ST_11 : Operation 921 [1/1] (0.00ns)   --->   "%p_ZL12conv2_weight_4_addr = getelementptr i8 %p_ZL12conv2_weight_4, i64 0, i64 %zext_ln118" [../cnn_hls.cpp:118]   --->   Operation 921 'getelementptr' 'p_ZL12conv2_weight_4_addr' <Predicate = true> <Delay = 0.00>
ST_11 : Operation 922 [2/2] (2.32ns)   --->   "%p_ZL12conv2_weight_4_load = load i5 %p_ZL12conv2_weight_4_addr" [../cnn_hls.cpp:118]   --->   Operation 922 'load' 'p_ZL12conv2_weight_4_load' <Predicate = true> <Delay = 2.32> <CoreInst = "ROM">   --->   Core 94 'ROM' <Latency = 1> <II = 1> <Delay = 2.32> <Storage> <Opcode : 'load'> <Ports = 0> <Width = 8> <Depth = 32> <ROM>
ST_11 : Operation 923 [1/2] ( I:2.32ns O:2.32ns )   --->   "%p_ZL12conv2_weight_9_load = load i5 %p_ZL12conv2_weight_9_addr" [../cnn_hls.cpp:118]   --->   Operation 923 'load' 'p_ZL12conv2_weight_9_load' <Predicate = true> <Delay = 2.32> <CoreInst = "ROM">   --->   Core 94 'ROM' <Latency = 1> <II = 1> <Delay = 2.32> <Storage> <Opcode : 'load'> <Ports = 0> <Width = 8> <Depth = 32> <ROM>
ST_11 : Operation 924 [1/1] (0.00ns)   --->   "%sext_ln118_54 = sext i8 %p_ZL12conv2_weight_9_load" [../cnn_hls.cpp:118]   --->   Operation 924 'sext' 'sext_ln118_54' <Predicate = true> <Delay = 0.00>
ST_11 : Operation 925 [1/1] (0.00ns)   --->   "%p_ZL12conv2_weight_14_addr = getelementptr i8 %p_ZL12conv2_weight_14, i64 0, i64 %zext_ln118" [../cnn_hls.cpp:118]   --->   Operation 925 'getelementptr' 'p_ZL12conv2_weight_14_addr' <Predicate = true> <Delay = 0.00>
ST_11 : Operation 926 [2/2] (2.32ns)   --->   "%p_ZL12conv2_weight_14_load = load i5 %p_ZL12conv2_weight_14_addr" [../cnn_hls.cpp:118]   --->   Operation 926 'load' 'p_ZL12conv2_weight_14_load' <Predicate = true> <Delay = 2.32> <CoreInst = "ROM">   --->   Core 94 'ROM' <Latency = 1> <II = 1> <Delay = 2.32> <Storage> <Opcode : 'load'> <Ports = 0> <Width = 8> <Depth = 32> <ROM>
ST_11 : Operation 927 [1/1] (0.00ns)   --->   "%p_ZL12conv2_weight_19_addr = getelementptr i8 %p_ZL12conv2_weight_19, i64 0, i64 %zext_ln118" [../cnn_hls.cpp:118]   --->   Operation 927 'getelementptr' 'p_ZL12conv2_weight_19_addr' <Predicate = true> <Delay = 0.00>
ST_11 : Operation 928 [2/2] (2.32ns)   --->   "%p_ZL12conv2_weight_19_load = load i5 %p_ZL12conv2_weight_19_addr" [../cnn_hls.cpp:118]   --->   Operation 928 'load' 'p_ZL12conv2_weight_19_load' <Predicate = true> <Delay = 2.32> <CoreInst = "ROM">   --->   Core 94 'ROM' <Latency = 1> <II = 1> <Delay = 2.32> <Storage> <Opcode : 'load'> <Ports = 0> <Width = 8> <Depth = 32> <ROM>
ST_11 : Operation 929 [1/2] ( I:2.32ns O:2.32ns )   --->   "%p_ZL12conv2_weight_4_load_1 = load i5 %p_ZL12conv2_weight_4_addr_1" [../cnn_hls.cpp:118]   --->   Operation 929 'load' 'p_ZL12conv2_weight_4_load_1' <Predicate = true> <Delay = 2.32> <CoreInst = "ROM">   --->   Core 94 'ROM' <Latency = 1> <II = 1> <Delay = 2.32> <Storage> <Opcode : 'load'> <Ports = 0> <Width = 8> <Depth = 32> <ROM>
ST_11 : Operation 930 [1/1] (0.00ns)   --->   "%sext_ln118_57 = sext i8 %p_ZL12conv2_weight_4_load_1" [../cnn_hls.cpp:118]   --->   Operation 930 'sext' 'sext_ln118_57' <Predicate = true> <Delay = 0.00>
ST_11 : Operation 931 [1/1] (0.00ns)   --->   "%p_ZL12conv2_weight_9_addr_1 = getelementptr i8 %p_ZL12conv2_weight_9, i64 0, i64 %zext_ln118_1" [../cnn_hls.cpp:118]   --->   Operation 931 'getelementptr' 'p_ZL12conv2_weight_9_addr_1' <Predicate = true> <Delay = 0.00>
ST_11 : Operation 932 [2/2] (2.32ns)   --->   "%p_ZL12conv2_weight_9_load_1 = load i5 %p_ZL12conv2_weight_9_addr_1" [../cnn_hls.cpp:118]   --->   Operation 932 'load' 'p_ZL12conv2_weight_9_load_1' <Predicate = true> <Delay = 2.32> <CoreInst = "ROM">   --->   Core 94 'ROM' <Latency = 1> <II = 1> <Delay = 2.32> <Storage> <Opcode : 'load'> <Ports = 0> <Width = 8> <Depth = 32> <ROM>
ST_11 : Operation 933 [1/1] (0.00ns)   --->   "%p_ZL12conv2_weight_14_addr_1 = getelementptr i8 %p_ZL12conv2_weight_14, i64 0, i64 %zext_ln118_1" [../cnn_hls.cpp:118]   --->   Operation 933 'getelementptr' 'p_ZL12conv2_weight_14_addr_1' <Predicate = true> <Delay = 0.00>
ST_11 : Operation 934 [2/2] (2.32ns)   --->   "%p_ZL12conv2_weight_14_load_1 = load i5 %p_ZL12conv2_weight_14_addr_1" [../cnn_hls.cpp:118]   --->   Operation 934 'load' 'p_ZL12conv2_weight_14_load_1' <Predicate = true> <Delay = 2.32> <CoreInst = "ROM">   --->   Core 94 'ROM' <Latency = 1> <II = 1> <Delay = 2.32> <Storage> <Opcode : 'load'> <Ports = 0> <Width = 8> <Depth = 32> <ROM>
ST_11 : Operation 935 [1/1] (1.94ns)   --->   "%x_86 = sparsemux i8 @_ssdm_op_SparseMux.ap_auto.5i8.i8.i3, i3 4, i8 %buffer_c1_load_4, i3 2, i8 %buffer_c1_1_load_4, i3 0, i8 %buffer_c1_2_load_4, i3 3, i8 %buffer_c1_3_load_4, i3 1, i8 %buffer_c1_4_load_4, i8 0, i3 %trunc_ln110" [../cnn_hls.cpp:115]   --->   Operation 935 'sparsemux' 'x_86' <Predicate = (!icmp_ln113_3)> <Delay = 1.94> <CoreInst = "BinarySparseMux_DontCare">   --->   Core 137 'BinarySparseMux_DontCare' <Latency = 0> <II = 1> <Delay = 1.94> <FuncUnit> <Opcode : 'sparsemux'> <InPorts = 2> <OutPorts = 1>
ST_11 : Operation 936 [1/1] (1.94ns)   --->   "%x_87 = sparsemux i8 @_ssdm_op_SparseMux.ap_auto.5i8.i8.i3, i3 4, i8 %buffer_c1_5_load_4, i3 2, i8 %buffer_c1_6_load_4, i3 0, i8 %buffer_c1_7_load_4, i3 3, i8 %buffer_c1_8_load_4, i3 1, i8 %buffer_c1_9_load_4, i8 0, i3 %trunc_ln110" [../cnn_hls.cpp:115]   --->   Operation 936 'sparsemux' 'x_87' <Predicate = (!icmp_ln113_3)> <Delay = 1.94> <CoreInst = "BinarySparseMux_DontCare">   --->   Core 137 'BinarySparseMux_DontCare' <Latency = 0> <II = 1> <Delay = 1.94> <FuncUnit> <Opcode : 'sparsemux'> <InPorts = 2> <OutPorts = 1>
ST_11 : Operation 937 [1/1] (1.94ns)   --->   "%x_88 = sparsemux i8 @_ssdm_op_SparseMux.ap_auto.5i8.i8.i3, i3 4, i8 %buffer_c1_10_load_4, i3 2, i8 %buffer_c1_11_load_4, i3 0, i8 %buffer_c1_12_load_4, i3 3, i8 %buffer_c1_13_load_4, i3 1, i8 %buffer_c1_14_load_4, i8 0, i3 %trunc_ln110" [../cnn_hls.cpp:115]   --->   Operation 937 'sparsemux' 'x_88' <Predicate = (!icmp_ln113_3)> <Delay = 1.94> <CoreInst = "BinarySparseMux_DontCare">   --->   Core 137 'BinarySparseMux_DontCare' <Latency = 0> <II = 1> <Delay = 1.94> <FuncUnit> <Opcode : 'sparsemux'> <InPorts = 2> <OutPorts = 1>
ST_11 : Operation 938 [1/1] (1.94ns)   --->   "%x_89 = sparsemux i8 @_ssdm_op_SparseMux.ap_auto.5i8.i8.i3, i3 4, i8 %buffer_c1_15_load_4, i3 2, i8 %buffer_c1_16_load_4, i3 0, i8 %buffer_c1_17_load_4, i3 3, i8 %buffer_c1_18_load_4, i3 1, i8 %buffer_c1_19_load_4, i8 0, i3 %trunc_ln110" [../cnn_hls.cpp:115]   --->   Operation 938 'sparsemux' 'x_89' <Predicate = (!icmp_ln113_3)> <Delay = 1.94> <CoreInst = "BinarySparseMux_DontCare">   --->   Core 137 'BinarySparseMux_DontCare' <Latency = 0> <II = 1> <Delay = 1.94> <FuncUnit> <Opcode : 'sparsemux'> <InPorts = 2> <OutPorts = 1>
ST_11 : Operation 939 [1/1] (1.94ns)   --->   "%x_90 = sparsemux i8 @_ssdm_op_SparseMux.ap_auto.5i8.i8.i3, i3 4, i8 %buffer_c1_20_load_4, i3 2, i8 %buffer_c1_21_load_4, i3 0, i8 %buffer_c1_22_load_4, i3 3, i8 %buffer_c1_23_load_4, i3 1, i8 %buffer_c1_24_load_4, i8 0, i3 %trunc_ln110" [../cnn_hls.cpp:115]   --->   Operation 939 'sparsemux' 'x_90' <Predicate = (!icmp_ln113_3)> <Delay = 1.94> <CoreInst = "BinarySparseMux_DontCare">   --->   Core 137 'BinarySparseMux_DontCare' <Latency = 0> <II = 1> <Delay = 1.94> <FuncUnit> <Opcode : 'sparsemux'> <InPorts = 2> <OutPorts = 1>
ST_11 : Operation 940 [1/1] (1.94ns)   --->   "%x_91 = sparsemux i8 @_ssdm_op_SparseMux.ap_auto.5i8.i8.i3, i3 4, i8 %buffer_c1_25_load_4, i3 2, i8 %buffer_c1_26_load_4, i3 0, i8 %buffer_c1_27_load_4, i3 3, i8 %buffer_c1_28_load_4, i3 1, i8 %buffer_c1_29_load_4, i8 0, i3 %trunc_ln110" [../cnn_hls.cpp:115]   --->   Operation 940 'sparsemux' 'x_91' <Predicate = (!icmp_ln113_3)> <Delay = 1.94> <CoreInst = "BinarySparseMux_DontCare">   --->   Core 137 'BinarySparseMux_DontCare' <Latency = 0> <II = 1> <Delay = 1.94> <FuncUnit> <Opcode : 'sparsemux'> <InPorts = 2> <OutPorts = 1>
ST_11 : Operation 941 [1/1] (1.94ns)   --->   "%x_92 = sparsemux i8 @_ssdm_op_SparseMux.ap_auto.5i8.i8.i3, i3 4, i8 %buffer_c1_30_load_4, i3 2, i8 %buffer_c1_31_load_4, i3 0, i8 %buffer_c1_32_load_4, i3 3, i8 %buffer_c1_33_load_4, i3 1, i8 %buffer_c1_34_load_4, i8 0, i3 %trunc_ln110" [../cnn_hls.cpp:115]   --->   Operation 941 'sparsemux' 'x_92' <Predicate = (!icmp_ln113_3)> <Delay = 1.94> <CoreInst = "BinarySparseMux_DontCare">   --->   Core 137 'BinarySparseMux_DontCare' <Latency = 0> <II = 1> <Delay = 1.94> <FuncUnit> <Opcode : 'sparsemux'> <InPorts = 2> <OutPorts = 1>
ST_11 : Operation 942 [1/1] (1.94ns)   --->   "%x_93 = sparsemux i8 @_ssdm_op_SparseMux.ap_auto.5i8.i8.i3, i3 4, i8 %buffer_c1_35_load_4, i3 2, i8 %buffer_c1_36_load_4, i3 0, i8 %buffer_c1_37_load_4, i3 3, i8 %buffer_c1_38_load_4, i3 1, i8 %buffer_c1_39_load_4, i8 0, i3 %trunc_ln110" [../cnn_hls.cpp:115]   --->   Operation 942 'sparsemux' 'x_93' <Predicate = (!icmp_ln113_3)> <Delay = 1.94> <CoreInst = "BinarySparseMux_DontCare">   --->   Core 137 'BinarySparseMux_DontCare' <Latency = 0> <II = 1> <Delay = 1.94> <FuncUnit> <Opcode : 'sparsemux'> <InPorts = 2> <OutPorts = 1>
ST_11 : Operation 943 [1/1] (1.24ns)   --->   "%x72_0_4_6970 = select i1 %icmp_ln113_3, i8 0, i8 %x_92" [../cnn_hls.cpp:113]   --->   Operation 943 'select' 'x72_0_4_6970' <Predicate = true> <Delay = 1.24> <CoreInst = "Sel">   --->   Core 73 'Sel' <Latency = 0> <II = 1> <Delay = 1.24> <FuncUnit> <Opcode : 'select'> <InPorts = 3> <OutPorts = 1>
ST_11 : Operation 944 [1/1] (1.24ns)   --->   "%x72_0_4_4957958969 = select i1 %icmp_ln113_3, i8 0, i8 %x_90" [../cnn_hls.cpp:113]   --->   Operation 944 'select' 'x72_0_4_4957958969' <Predicate = true> <Delay = 1.24> <CoreInst = "Sel">   --->   Core 73 'Sel' <Latency = 0> <II = 1> <Delay = 1.24> <FuncUnit> <Opcode : 'select'> <InPorts = 3> <OutPorts = 1>
ST_11 : Operation 945 [1/1] (0.00ns)   --->   "%x72_0_4_4957958969_cast = zext i8 %x72_0_4_4957958969" [../cnn_hls.cpp:113]   --->   Operation 945 'zext' 'x72_0_4_4957958969_cast' <Predicate = true> <Delay = 0.00>
ST_11 : Operation 946 [1/1] (1.24ns)   --->   "%x72_0_4_2948949956959968 = select i1 %icmp_ln113_3, i8 0, i8 %x_88" [../cnn_hls.cpp:113]   --->   Operation 946 'select' 'x72_0_4_2948949956959968' <Predicate = true> <Delay = 1.24> <CoreInst = "Sel">   --->   Core 73 'Sel' <Latency = 0> <II = 1> <Delay = 1.24> <FuncUnit> <Opcode : 'select'> <InPorts = 3> <OutPorts = 1>
ST_11 : Operation 947 [1/1] (1.24ns)   --->   "%x72_0_4943944947950955960967 = select i1 %icmp_ln113_3, i8 0, i8 %x_86" [../cnn_hls.cpp:113]   --->   Operation 947 'select' 'x72_0_4943944947950955960967' <Predicate = true> <Delay = 1.24> <CoreInst = "Sel">   --->   Core 73 'Sel' <Latency = 0> <II = 1> <Delay = 1.24> <FuncUnit> <Opcode : 'select'> <InPorts = 3> <OutPorts = 1>
ST_11 : Operation 948 [1/1] (1.24ns)   --->   "%x72_0_4_1945946951954961966 = select i1 %icmp_ln113_3, i8 0, i8 %x_87" [../cnn_hls.cpp:113]   --->   Operation 948 'select' 'x72_0_4_1945946951954961966' <Predicate = true> <Delay = 1.24> <CoreInst = "Sel">   --->   Core 73 'Sel' <Latency = 0> <II = 1> <Delay = 1.24> <FuncUnit> <Opcode : 'select'> <InPorts = 3> <OutPorts = 1>
ST_11 : Operation 949 [1/1] (0.00ns)   --->   "%x72_0_4_1945946951954961966_cast = zext i8 %x72_0_4_1945946951954961966" [../cnn_hls.cpp:113]   --->   Operation 949 'zext' 'x72_0_4_1945946951954961966_cast' <Predicate = true> <Delay = 0.00>
ST_11 : Operation 950 [1/1] (1.24ns)   --->   "%x72_0_4_3952953962965 = select i1 %icmp_ln113_3, i8 0, i8 %x_89" [../cnn_hls.cpp:113]   --->   Operation 950 'select' 'x72_0_4_3952953962965' <Predicate = true> <Delay = 1.24> <CoreInst = "Sel">   --->   Core 73 'Sel' <Latency = 0> <II = 1> <Delay = 1.24> <FuncUnit> <Opcode : 'select'> <InPorts = 3> <OutPorts = 1>
ST_11 : Operation 951 [1/1] (1.24ns)   --->   "%x72_0_4_5963964 = select i1 %icmp_ln113_3, i8 0, i8 %x_91" [../cnn_hls.cpp:113]   --->   Operation 951 'select' 'x72_0_4_5963964' <Predicate = true> <Delay = 1.24> <CoreInst = "Sel">   --->   Core 73 'Sel' <Latency = 0> <II = 1> <Delay = 1.24> <FuncUnit> <Opcode : 'select'> <InPorts = 3> <OutPorts = 1>
ST_11 : Operation 952 [1/1] (1.24ns)   --->   "%x_52 = select i1 %icmp_ln113_3, i8 0, i8 %x_93" [../cnn_hls.cpp:113]   --->   Operation 952 'select' 'x_52' <Predicate = true> <Delay = 1.24> <CoreInst = "Sel">   --->   Core 73 'Sel' <Latency = 0> <II = 1> <Delay = 1.24> <FuncUnit> <Opcode : 'select'> <InPorts = 3> <OutPorts = 1>
ST_11 : Operation 953 [1/1] (0.00ns)   --->   "%zext_ln111_3 = zext i8 %x_52" [../cnn_hls.cpp:111]   --->   Operation 953 'zext' 'zext_ln111_3' <Predicate = true> <Delay = 0.00>
ST_11 : Operation 954 [1/2] ( I:2.32ns O:2.32ns )   --->   "%p_ZL12conv2_weight_19_load_1 = load i5 %p_ZL12conv2_weight_19_addr_1" [../cnn_hls.cpp:118]   --->   Operation 954 'load' 'p_ZL12conv2_weight_19_load_1' <Predicate = true> <Delay = 2.32> <CoreInst = "ROM">   --->   Core 94 'ROM' <Latency = 1> <II = 1> <Delay = 2.32> <Storage> <Opcode : 'load'> <Ports = 0> <Width = 8> <Depth = 32> <ROM>
ST_11 : Operation 955 [1/1] (0.00ns)   --->   "%sext_ln118_59 = sext i8 %p_ZL12conv2_weight_19_load_1" [../cnn_hls.cpp:118]   --->   Operation 955 'sext' 'sext_ln118_59' <Predicate = true> <Delay = 0.00>
ST_11 : Operation 956 [3/3] (1.05ns) (grouped into DSP with root node add_ln118_34)   --->   "%mul_ln118_33 = mul i16 %zext_ln111_3, i16 %sext_ln118_59" [../cnn_hls.cpp:118]   --->   Operation 956 'mul' 'mul_ln118_33' <Predicate = true> <Delay = 1.05> <CoreInst = "DSP48">   --->   Core 116 'DSP48' <Latency = 3> <II = 1> <Delay = 2.15> <IPBlock> <Opcode : 'add' 'sub' 'mul' 'select'> <InPorts = 0> <OutPorts = 1> <Sync> <CReg>
ST_11 : Operation 957 [3/3] (1.05ns) (grouped into DSP with root node add_ln118_29)   --->   "%mul_ln118_36 = mul i16 %x72_0_4_4957958969_cast, i16 %sext_ln118_57" [../cnn_hls.cpp:118]   --->   Operation 957 'mul' 'mul_ln118_36' <Predicate = true> <Delay = 1.05> <CoreInst = "DSP48">   --->   Core 116 'DSP48' <Latency = 3> <II = 1> <Delay = 2.15> <IPBlock> <Opcode : 'add' 'sub' 'mul' 'select'> <InPorts = 0> <OutPorts = 1> <Sync> <CReg>
ST_11 : Operation 958 [3/3] (1.05ns) (grouped into DSP with root node add_ln118_32)   --->   "%mul_ln118_39 = mul i16 %x72_0_4_1945946951954961966_cast, i16 %sext_ln118_54" [../cnn_hls.cpp:118]   --->   Operation 958 'mul' 'mul_ln118_39' <Predicate = true> <Delay = 1.05> <CoreInst = "DSP48">   --->   Core 116 'DSP48' <Latency = 3> <II = 1> <Delay = 2.15> <IPBlock> <Opcode : 'add' 'sub' 'mul' 'select'> <InPorts = 0> <OutPorts = 1> <Sync> <CReg>

State 12 <SV = 11> <Delay = 3.37>
ST_12 : Operation 959 [1/1] (0.00ns)   --->   "%zext_ln115 = zext i8 %x" [../cnn_hls.cpp:115]   --->   Operation 959 'zext' 'zext_ln115' <Predicate = true> <Delay = 0.00>
ST_12 : Operation 960 [1/1] (0.00ns)   --->   "%zext_ln115_5 = zext i8 %x_61" [../cnn_hls.cpp:115]   --->   Operation 960 'zext' 'zext_ln115_5' <Predicate = true> <Delay = 0.00>
ST_12 : Operation 961 [1/2] ( I:2.32ns O:2.32ns )   --->   "%p_ZL12conv2_weight_5_load = load i5 %p_ZL12conv2_weight_5_addr" [../cnn_hls.cpp:118]   --->   Operation 961 'load' 'p_ZL12conv2_weight_5_load' <Predicate = true> <Delay = 2.32> <CoreInst = "ROM">   --->   Core 94 'ROM' <Latency = 1> <II = 1> <Delay = 2.32> <Storage> <Opcode : 'load'> <Ports = 0> <Width = 8> <Depth = 32> <ROM>
ST_12 : Operation 962 [1/2] ( I:2.32ns O:2.32ns )   --->   "%p_ZL12conv2_weight_10_load = load i5 %p_ZL12conv2_weight_10_addr" [../cnn_hls.cpp:118]   --->   Operation 962 'load' 'p_ZL12conv2_weight_10_load' <Predicate = true> <Delay = 2.32> <CoreInst = "ROM">   --->   Core 94 'ROM' <Latency = 1> <II = 1> <Delay = 2.32> <Storage> <Opcode : 'load'> <Ports = 0> <Width = 8> <Depth = 32> <ROM>
ST_12 : Operation 963 [1/2] ( I:2.32ns O:2.32ns )   --->   "%p_ZL12conv2_weight_0_load_1 = load i5 %p_ZL12conv2_weight_0_addr_1" [../cnn_hls.cpp:118]   --->   Operation 963 'load' 'p_ZL12conv2_weight_0_load_1' <Predicate = true> <Delay = 2.32> <CoreInst = "ROM">   --->   Core 94 'ROM' <Latency = 1> <II = 1> <Delay = 2.32> <Storage> <Opcode : 'load'> <Ports = 0> <Width = 8> <Depth = 32> <ROM>
ST_12 : Operation 964 [1/1] (0.00ns)   --->   "%sext_ln118_4 = sext i8 %p_ZL12conv2_weight_0_load_1" [../cnn_hls.cpp:118]   --->   Operation 964 'sext' 'sext_ln118_4' <Predicate = true> <Delay = 0.00>
ST_12 : Operation 965 [1/2] ( I:2.32ns O:2.32ns )   --->   "%p_ZL12conv2_weight_5_load_1 = load i5 %p_ZL12conv2_weight_5_addr_1" [../cnn_hls.cpp:118]   --->   Operation 965 'load' 'p_ZL12conv2_weight_5_load_1' <Predicate = true> <Delay = 2.32> <CoreInst = "ROM">   --->   Core 94 'ROM' <Latency = 1> <II = 1> <Delay = 2.32> <Storage> <Opcode : 'load'> <Ports = 0> <Width = 8> <Depth = 32> <ROM>
ST_12 : Operation 966 [1/1] (0.00ns)   --->   "%sext_ln118_5 = sext i8 %p_ZL12conv2_weight_5_load_1" [../cnn_hls.cpp:118]   --->   Operation 966 'sext' 'sext_ln118_5' <Predicate = true> <Delay = 0.00>
ST_12 : Operation 967 [1/2] ( I:2.32ns O:2.32ns )   --->   "%p_ZL12conv2_weight_10_load_1 = load i5 %p_ZL12conv2_weight_10_addr_1" [../cnn_hls.cpp:118]   --->   Operation 967 'load' 'p_ZL12conv2_weight_10_load_1' <Predicate = true> <Delay = 2.32> <CoreInst = "ROM">   --->   Core 94 'ROM' <Latency = 1> <II = 1> <Delay = 2.32> <Storage> <Opcode : 'load'> <Ports = 0> <Width = 8> <Depth = 32> <ROM>
ST_12 : Operation 968 [1/1] (0.00ns)   --->   "%sext_ln115 = sext i8 %p_ZL12conv2_weight_10_load_1" [../cnn_hls.cpp:115]   --->   Operation 968 'sext' 'sext_ln115' <Predicate = true> <Delay = 0.00>
ST_12 : Operation 969 [1/1] (0.00ns)   --->   "%x72_0_61051_cast = zext i8 %x72_0_61051" [../cnn_hls.cpp:113]   --->   Operation 969 'zext' 'x72_0_61051_cast' <Predicate = true> <Delay = 0.00>
ST_12 : Operation 970 [1/1] (0.00ns)   --->   "%x72_0_4100103810391050_cast = zext i8 %x72_0_4100103810391050" [../cnn_hls.cpp:113]   --->   Operation 970 'zext' 'x72_0_4100103810391050_cast' <Predicate = true> <Delay = 0.00>
ST_12 : Operation 971 [1/1] (0.00ns)   --->   "%x72_0_510441045_cast = zext i8 %x72_0_510441045" [../cnn_hls.cpp:113]   --->   Operation 971 'zext' 'x72_0_510441045_cast' <Predicate = true> <Delay = 0.00>
ST_12 : Operation 972 [1/2] ( I:2.32ns O:2.32ns )   --->   "%p_ZL12conv2_weight_15_load_1 = load i5 %p_ZL12conv2_weight_15_addr_1" [../cnn_hls.cpp:118]   --->   Operation 972 'load' 'p_ZL12conv2_weight_15_load_1' <Predicate = true> <Delay = 2.32> <CoreInst = "ROM">   --->   Core 94 'ROM' <Latency = 1> <II = 1> <Delay = 2.32> <Storage> <Opcode : 'load'> <Ports = 0> <Width = 8> <Depth = 32> <ROM>
ST_12 : Operation 973 [2/3] (1.05ns) (grouped into DSP with root node add_ln118_1)   --->   "%mul_ln118 = mul i16 %x72_0700102510281031103610411048_cast, i16 %sext_ln118" [../cnn_hls.cpp:118]   --->   Operation 973 'mul' 'mul_ln118' <Predicate = true> <Delay = 1.05> <CoreInst = "DSP48">   --->   Core 116 'DSP48' <Latency = 3> <II = 1> <Delay = 2.15> <IPBlock> <Opcode : 'add' 'sub' 'mul' 'select'> <InPorts = 0> <OutPorts = 1> <Sync> <CReg>
ST_12 : Operation 974 [3/3] (1.05ns) (grouped into DSP with root node add_ln118)   --->   "%mul_ln118_2 = mul i16 %x72_0_61051_cast, i16 %sext_ln115" [../cnn_hls.cpp:118]   --->   Operation 974 'mul' 'mul_ln118_2' <Predicate = true> <Delay = 1.05> <CoreInst = "DSP48">   --->   Core 116 'DSP48' <Latency = 3> <II = 1> <Delay = 2.15> <IPBlock> <Opcode : 'add' 'sub' 'mul' 'select'> <InPorts = 0> <OutPorts = 1> <Sync> <CReg>
ST_12 : Operation 975 [3/3] (1.05ns) (grouped into DSP with root node add_ln118_6)   --->   "%mul_ln118_3 = mul i16 %x72_0_510441045_cast, i16 %sext_ln118_5" [../cnn_hls.cpp:118]   --->   Operation 975 'mul' 'mul_ln118_3' <Predicate = true> <Delay = 1.05> <CoreInst = "DSP48">   --->   Core 116 'DSP48' <Latency = 3> <II = 1> <Delay = 2.15> <IPBlock> <Opcode : 'add' 'sub' 'mul' 'select'> <InPorts = 0> <OutPorts = 1> <Sync> <CReg>
ST_12 : Operation 976 [3/3] (1.05ns) (grouped into DSP with root node add_ln118_2)   --->   "%mul_ln118_4 = mul i16 %x72_0_4100103810391050_cast, i16 %sext_ln118_4" [../cnn_hls.cpp:118]   --->   Operation 976 'mul' 'mul_ln118_4' <Predicate = true> <Delay = 1.05> <CoreInst = "DSP48">   --->   Core 116 'DSP48' <Latency = 3> <II = 1> <Delay = 2.15> <IPBlock> <Opcode : 'add' 'sub' 'mul' 'select'> <InPorts = 0> <OutPorts = 1> <Sync> <CReg>
ST_12 : Operation 977 [2/3] (1.05ns) (grouped into DSP with root node add_ln118_4)   --->   "%mul_ln118_5 = mul i16 %x72_0_3871033103410431046_cast, i16 %sext_ln118_3" [../cnn_hls.cpp:118]   --->   Operation 977 'mul' 'mul_ln118_5' <Predicate = true> <Delay = 1.05> <CoreInst = "DSP48">   --->   Core 116 'DSP48' <Latency = 3> <II = 1> <Delay = 2.15> <IPBlock> <Opcode : 'add' 'sub' 'mul' 'select'> <InPorts = 0> <OutPorts = 1> <Sync> <CReg>
ST_12 : Operation 978 [1/2] ( I:2.32ns O:2.32ns )   --->   "%p_ZL12conv2_weight_1_load = load i5 %p_ZL12conv2_weight_1_addr" [../cnn_hls.cpp:118]   --->   Operation 978 'load' 'p_ZL12conv2_weight_1_load' <Predicate = true> <Delay = 2.32> <CoreInst = "ROM">   --->   Core 94 'ROM' <Latency = 1> <II = 1> <Delay = 2.32> <Storage> <Opcode : 'load'> <Ports = 0> <Width = 8> <Depth = 32> <ROM>
ST_12 : Operation 979 [1/1] (0.00ns)   --->   "%sext_ln118_15 = sext i8 %p_ZL12conv2_weight_1_load" [../cnn_hls.cpp:118]   --->   Operation 979 'sext' 'sext_ln118_15' <Predicate = true> <Delay = 0.00>
ST_12 : Operation 980 [1/2] ( I:2.32ns O:2.32ns )   --->   "%p_ZL12conv2_weight_6_load = load i5 %p_ZL12conv2_weight_6_addr" [../cnn_hls.cpp:118]   --->   Operation 980 'load' 'p_ZL12conv2_weight_6_load' <Predicate = true> <Delay = 2.32> <CoreInst = "ROM">   --->   Core 94 'ROM' <Latency = 1> <II = 1> <Delay = 2.32> <Storage> <Opcode : 'load'> <Ports = 0> <Width = 8> <Depth = 32> <ROM>
ST_12 : Operation 981 [1/2] ( I:2.32ns O:2.32ns )   --->   "%p_ZL12conv2_weight_1_load_1 = load i5 %p_ZL12conv2_weight_1_addr_1" [../cnn_hls.cpp:118]   --->   Operation 981 'load' 'p_ZL12conv2_weight_1_load_1' <Predicate = true> <Delay = 2.32> <CoreInst = "ROM">   --->   Core 94 'ROM' <Latency = 1> <II = 1> <Delay = 2.32> <Storage> <Opcode : 'load'> <Ports = 0> <Width = 8> <Depth = 32> <ROM>
ST_12 : Operation 982 [1/2] ( I:2.32ns O:2.32ns )   --->   "%p_ZL12conv2_weight_6_load_1 = load i5 %p_ZL12conv2_weight_6_addr_1" [../cnn_hls.cpp:118]   --->   Operation 982 'load' 'p_ZL12conv2_weight_6_load_1' <Predicate = true> <Delay = 2.32> <CoreInst = "ROM">   --->   Core 94 'ROM' <Latency = 1> <II = 1> <Delay = 2.32> <Storage> <Opcode : 'load'> <Ports = 0> <Width = 8> <Depth = 32> <ROM>
ST_12 : Operation 983 [1/1] (0.00ns)   --->   "%x72_0_194199810011004100910141021_cast = zext i8 %x72_0_194199810011004100910141021" [../cnn_hls.cpp:113]   --->   Operation 983 'zext' 'x72_0_194199810011004100910141021_cast' <Predicate = true> <Delay = 0.00>
ST_12 : Operation 984 [1/2] ( I:2.32ns O:2.32ns )   --->   "%p_ZL12conv2_weight_2_load = load i5 %p_ZL12conv2_weight_2_addr" [../cnn_hls.cpp:118]   --->   Operation 984 'load' 'p_ZL12conv2_weight_2_load' <Predicate = true> <Delay = 2.32> <CoreInst = "ROM">   --->   Core 94 'ROM' <Latency = 1> <II = 1> <Delay = 2.32> <Storage> <Opcode : 'load'> <Ports = 0> <Width = 8> <Depth = 32> <ROM>
ST_12 : Operation 985 [1/1] (0.00ns)   --->   "%sext_ln111_1 = sext i8 %p_ZL12conv2_weight_2_load" [../cnn_hls.cpp:111]   --->   Operation 985 'sext' 'sext_ln111_1' <Predicate = true> <Delay = 0.00>
ST_12 : Operation 986 [1/2] ( I:2.32ns O:2.32ns )   --->   "%p_ZL12conv2_weight_7_load = load i5 %p_ZL12conv2_weight_7_addr" [../cnn_hls.cpp:118]   --->   Operation 986 'load' 'p_ZL12conv2_weight_7_load' <Predicate = true> <Delay = 2.32> <CoreInst = "ROM">   --->   Core 94 'ROM' <Latency = 1> <II = 1> <Delay = 2.32> <Storage> <Opcode : 'load'> <Ports = 0> <Width = 8> <Depth = 32> <ROM>
ST_12 : Operation 987 [1/2] ( I:2.32ns O:2.32ns )   --->   "%p_ZL12conv2_weight_17_load = load i5 %p_ZL12conv2_weight_17_addr" [../cnn_hls.cpp:118]   --->   Operation 987 'load' 'p_ZL12conv2_weight_17_load' <Predicate = true> <Delay = 2.32> <CoreInst = "ROM">   --->   Core 94 'ROM' <Latency = 1> <II = 1> <Delay = 2.32> <Storage> <Opcode : 'load'> <Ports = 0> <Width = 8> <Depth = 32> <ROM>
ST_12 : Operation 988 [1/2] ( I:2.32ns O:2.32ns )   --->   "%p_ZL12conv2_weight_7_load_1 = load i5 %p_ZL12conv2_weight_7_addr_1" [../cnn_hls.cpp:118]   --->   Operation 988 'load' 'p_ZL12conv2_weight_7_load_1' <Predicate = true> <Delay = 2.32> <CoreInst = "ROM">   --->   Core 94 'ROM' <Latency = 1> <II = 1> <Delay = 2.32> <Storage> <Opcode : 'load'> <Ports = 0> <Width = 8> <Depth = 32> <ROM>
ST_12 : Operation 989 [1/1] (0.00ns)   --->   "%sext_ln111_6 = sext i8 %p_ZL12conv2_weight_7_load_1" [../cnn_hls.cpp:111]   --->   Operation 989 'sext' 'sext_ln111_6' <Predicate = true> <Delay = 0.00>
ST_12 : Operation 990 [1/2] ( I:2.32ns O:2.32ns )   --->   "%p_ZL12conv2_weight_12_load_1 = load i5 %p_ZL12conv2_weight_12_addr_1" [../cnn_hls.cpp:118]   --->   Operation 990 'load' 'p_ZL12conv2_weight_12_load_1' <Predicate = true> <Delay = 2.32> <CoreInst = "ROM">   --->   Core 94 'ROM' <Latency = 1> <II = 1> <Delay = 2.32> <Storage> <Opcode : 'load'> <Ports = 0> <Width = 8> <Depth = 32> <ROM>
ST_12 : Operation 991 [3/3] (1.05ns) (grouped into DSP with root node add_ln118_11)   --->   "%mul_ln118_8 = mul i16 %x72_0_194199810011004100910141021_cast, i16 %sext_ln118_15" [../cnn_hls.cpp:118]   --->   Operation 991 'mul' 'mul_ln118_8' <Predicate = true> <Delay = 1.05> <CoreInst = "DSP48">   --->   Core 116 'DSP48' <Latency = 3> <II = 1> <Delay = 2.15> <IPBlock> <Opcode : 'add' 'sub' 'mul' 'select'> <InPorts = 0> <OutPorts = 1> <Sync> <CReg>
ST_12 : Operation 992 [2/3] (1.05ns) (grouped into DSP with root node add_ln118_20)   --->   "%mul_ln118_9 = mul i16 %sext_ln118_21, i16 %zext_ln122" [../cnn_hls.cpp:118]   --->   Operation 992 'mul' 'mul_ln118_9' <Predicate = true> <Delay = 1.05> <CoreInst = "DSP48">   --->   Core 116 'DSP48' <Latency = 3> <II = 1> <Delay = 2.15> <IPBlock> <Opcode : 'add' 'sub' 'mul' 'select'> <InPorts = 0> <OutPorts = 1> <Sync> <CReg>
ST_12 : Operation 993 [3/3] (1.05ns) (grouped into DSP with root node add_ln118_21)   --->   "%mul_ln118_11 = mul i16 %sext_ln111_6, i16 %zext_ln115_5" [../cnn_hls.cpp:118]   --->   Operation 993 'mul' 'mul_ln118_11' <Predicate = true> <Delay = 1.05> <CoreInst = "DSP48">   --->   Core 116 'DSP48' <Latency = 3> <II = 1> <Delay = 2.15> <IPBlock> <Opcode : 'add' 'sub' 'mul' 'select'> <InPorts = 0> <OutPorts = 1> <Sync> <CReg>
ST_12 : Operation 994 [2/3] (1.05ns) (grouped into DSP with root node add_ln118_19)   --->   "%mul_ln118_12 = mul i16 %sext_ln111_5, i16 %zext_ln115_4" [../cnn_hls.cpp:118]   --->   Operation 994 'mul' 'mul_ln118_12' <Predicate = true> <Delay = 1.05> <CoreInst = "DSP48">   --->   Core 116 'DSP48' <Latency = 3> <II = 1> <Delay = 2.15> <IPBlock> <Opcode : 'add' 'sub' 'mul' 'select'> <InPorts = 0> <OutPorts = 1> <Sync> <CReg>
ST_12 : Operation 995 [2/3] (1.05ns) (grouped into DSP with root node add_ln118_14)   --->   "%mul_ln118_14 = mul i16 %sext_ln111_3, i16 %zext_ln115_2" [../cnn_hls.cpp:118]   --->   Operation 995 'mul' 'mul_ln118_14' <Predicate = true> <Delay = 1.05> <CoreInst = "DSP48">   --->   Core 116 'DSP48' <Latency = 3> <II = 1> <Delay = 2.15> <IPBlock> <Opcode : 'add' 'sub' 'mul' 'select'> <InPorts = 0> <OutPorts = 1> <Sync> <CReg>
ST_12 : Operation 996 [3/3] (1.05ns) (grouped into DSP with root node add_ln118_15)   --->   "%mul_ln118_16 = mul i16 %sext_ln111_1, i16 %zext_ln115" [../cnn_hls.cpp:118]   --->   Operation 996 'mul' 'mul_ln118_16' <Predicate = true> <Delay = 1.05> <CoreInst = "DSP48">   --->   Core 116 'DSP48' <Latency = 3> <II = 1> <Delay = 2.15> <IPBlock> <Opcode : 'add' 'sub' 'mul' 'select'> <InPorts = 0> <OutPorts = 1> <Sync> <CReg>
ST_12 : Operation 997 [2/3] (1.05ns) (grouped into DSP with root node add_ln118_13)   --->   "%mul_ln118_17 = mul i16 %zext_ln111_1, i16 %sext_ln111" [../cnn_hls.cpp:118]   --->   Operation 997 'mul' 'mul_ln118_17' <Predicate = true> <Delay = 1.05> <CoreInst = "DSP48">   --->   Core 116 'DSP48' <Latency = 3> <II = 1> <Delay = 2.15> <IPBlock> <Opcode : 'add' 'sub' 'mul' 'select'> <InPorts = 0> <OutPorts = 1> <Sync> <CReg>
ST_12 : Operation 998 [2/3] (1.05ns) (grouped into DSP with root node add_ln118_5)   --->   "%mul_ln118_18 = mul i16 %x72_0_1_61024_cast, i16 %sext_ln115_1" [../cnn_hls.cpp:118]   --->   Operation 998 'mul' 'mul_ln118_18' <Predicate = true> <Delay = 1.05> <CoreInst = "DSP48">   --->   Core 116 'DSP48' <Latency = 3> <II = 1> <Delay = 2.15> <IPBlock> <Opcode : 'add' 'sub' 'mul' 'select'> <InPorts = 0> <OutPorts = 1> <Sync> <CReg>
ST_12 : Operation 999 [2/3] (1.05ns) (grouped into DSP with root node add_ln118_10)   --->   "%mul_ln118_21 = mul i16 %x72_0_1_31006100710161019_cast, i16 %sext_ln118_18" [../cnn_hls.cpp:118]   --->   Operation 999 'mul' 'mul_ln118_21' <Predicate = true> <Delay = 1.05> <CoreInst = "DSP48">   --->   Core 116 'DSP48' <Latency = 3> <II = 1> <Delay = 2.15> <IPBlock> <Opcode : 'add' 'sub' 'mul' 'select'> <InPorts = 0> <OutPorts = 1> <Sync> <CReg>
ST_12 : Operation 1000 [2/3] (1.05ns) (grouped into DSP with root node add_ln118_9)   --->   "%mul_ln118_22 = mul i16 %x72_0_1_210021003101010131022_cast, i16 %sext_ln118_17" [../cnn_hls.cpp:118]   --->   Operation 1000 'mul' 'mul_ln118_22' <Predicate = true> <Delay = 1.05> <CoreInst = "DSP48">   --->   Core 116 'DSP48' <Latency = 3> <II = 1> <Delay = 2.15> <IPBlock> <Opcode : 'add' 'sub' 'mul' 'select'> <InPorts = 0> <OutPorts = 1> <Sync> <CReg>
ST_12 : Operation 1001 [1/2] ( I:2.32ns O:2.32ns )   --->   "%p_ZL12conv2_weight_3_load = load i5 %p_ZL12conv2_weight_3_addr" [../cnn_hls.cpp:118]   --->   Operation 1001 'load' 'p_ZL12conv2_weight_3_load' <Predicate = true> <Delay = 2.32> <CoreInst = "ROM">   --->   Core 94 'ROM' <Latency = 1> <II = 1> <Delay = 2.32> <Storage> <Opcode : 'load'> <Ports = 0> <Width = 8> <Depth = 32> <ROM>
ST_12 : Operation 1002 [1/2] ( I:2.32ns O:2.32ns )   --->   "%p_ZL12conv2_weight_13_load = load i5 %p_ZL12conv2_weight_13_addr" [../cnn_hls.cpp:118]   --->   Operation 1002 'load' 'p_ZL12conv2_weight_13_load' <Predicate = true> <Delay = 2.32> <CoreInst = "ROM">   --->   Core 94 'ROM' <Latency = 1> <II = 1> <Delay = 2.32> <Storage> <Opcode : 'load'> <Ports = 0> <Width = 8> <Depth = 32> <ROM>
ST_12 : Operation 1003 [1/1] (0.00ns)   --->   "%sext_ln118_40 = sext i8 %p_ZL12conv2_weight_13_load" [../cnn_hls.cpp:118]   --->   Operation 1003 'sext' 'sext_ln118_40' <Predicate = true> <Delay = 0.00>
ST_12 : Operation 1004 [1/2] ( I:2.32ns O:2.32ns )   --->   "%p_ZL12conv2_weight_18_load = load i5 %p_ZL12conv2_weight_18_addr" [../cnn_hls.cpp:118]   --->   Operation 1004 'load' 'p_ZL12conv2_weight_18_load' <Predicate = true> <Delay = 2.32> <CoreInst = "ROM">   --->   Core 94 'ROM' <Latency = 1> <II = 1> <Delay = 2.32> <Storage> <Opcode : 'load'> <Ports = 0> <Width = 8> <Depth = 32> <ROM>
ST_12 : Operation 1005 [1/2] ( I:2.32ns O:2.32ns )   --->   "%p_ZL12conv2_weight_13_load_1 = load i5 %p_ZL12conv2_weight_13_addr_1" [../cnn_hls.cpp:118]   --->   Operation 1005 'load' 'p_ZL12conv2_weight_13_load_1' <Predicate = true> <Delay = 2.32> <CoreInst = "ROM">   --->   Core 94 'ROM' <Latency = 1> <II = 1> <Delay = 2.32> <Storage> <Opcode : 'load'> <Ports = 0> <Width = 8> <Depth = 32> <ROM>
ST_12 : Operation 1006 [1/1] (0.00ns)   --->   "%x72_0_3_2975976983986995_cast = zext i8 %x72_0_3_2975976983986995" [../cnn_hls.cpp:113]   --->   Operation 1006 'zext' 'x72_0_3_2975976983986995_cast' <Predicate = true> <Delay = 0.00>
ST_12 : Operation 1007 [1/1] (0.00ns)   --->   "%zext_ln111_2 = zext i8 %x_43" [../cnn_hls.cpp:111]   --->   Operation 1007 'zext' 'zext_ln111_2' <Predicate = true> <Delay = 0.00>
ST_12 : Operation 1008 [1/2] ( I:2.32ns O:2.32ns )   --->   "%p_ZL12conv2_weight_18_load_1 = load i5 %p_ZL12conv2_weight_18_addr_1" [../cnn_hls.cpp:118]   --->   Operation 1008 'load' 'p_ZL12conv2_weight_18_load_1' <Predicate = true> <Delay = 2.32> <CoreInst = "ROM">   --->   Core 94 'ROM' <Latency = 1> <II = 1> <Delay = 2.32> <Storage> <Opcode : 'load'> <Ports = 0> <Width = 8> <Depth = 32> <ROM>
ST_12 : Operation 1009 [1/1] (0.00ns)   --->   "%sext_ln118_44 = sext i8 %p_ZL12conv2_weight_18_load_1" [../cnn_hls.cpp:118]   --->   Operation 1009 'sext' 'sext_ln118_44' <Predicate = true> <Delay = 0.00>
ST_12 : Operation 1010 [3/3] (1.05ns) (grouped into DSP with root node add_ln118_30)   --->   "%mul_ln118_25 = mul i16 %zext_ln111_2, i16 %sext_ln118_44" [../cnn_hls.cpp:118]   --->   Operation 1010 'mul' 'mul_ln118_25' <Predicate = true> <Delay = 1.05> <CoreInst = "DSP48">   --->   Core 116 'DSP48' <Latency = 3> <II = 1> <Delay = 2.15> <IPBlock> <Opcode : 'add' 'sub' 'mul' 'select'> <InPorts = 0> <OutPorts = 1> <Sync> <CReg>
ST_12 : Operation 1011 [2/3] (1.05ns) (grouped into DSP with root node add_ln118_28)   --->   "%mul_ln118_27 = mul i16 %x72_0_3_5990991_cast, i16 %sext_ln118_43" [../cnn_hls.cpp:118]   --->   Operation 1011 'mul' 'mul_ln118_27' <Predicate = true> <Delay = 1.05> <CoreInst = "DSP48">   --->   Core 116 'DSP48' <Latency = 3> <II = 1> <Delay = 2.15> <IPBlock> <Opcode : 'add' 'sub' 'mul' 'select'> <InPorts = 0> <OutPorts = 1> <Sync> <CReg>
ST_12 : Operation 1012 [2/3] (1.05ns) (grouped into DSP with root node add_ln118_23)   --->   "%mul_ln118_28 = mul i16 %x72_0_3_4984985996_cast, i16 %sext_ln118_42" [../cnn_hls.cpp:118]   --->   Operation 1012 'mul' 'mul_ln118_28' <Predicate = true> <Delay = 1.05> <CoreInst = "DSP48">   --->   Core 116 'DSP48' <Latency = 3> <II = 1> <Delay = 2.15> <IPBlock> <Opcode : 'add' 'sub' 'mul' 'select'> <InPorts = 0> <OutPorts = 1> <Sync> <CReg>
ST_12 : Operation 1013 [3/3] (1.05ns) (grouped into DSP with root node add_ln118_25)   --->   "%mul_ln118_30 = mul i16 %x72_0_3_2975976983986995_cast, i16 %sext_ln118_40" [../cnn_hls.cpp:118]   --->   Operation 1013 'mul' 'mul_ln118_30' <Predicate = true> <Delay = 1.05> <CoreInst = "DSP48">   --->   Core 116 'DSP48' <Latency = 3> <II = 1> <Delay = 2.15> <IPBlock> <Opcode : 'add' 'sub' 'mul' 'select'> <InPorts = 0> <OutPorts = 1> <Sync> <CReg>
ST_12 : Operation 1014 [2/3] (1.05ns) (grouped into DSP with root node add_ln118_24)   --->   "%mul_ln118_31 = mul i16 %x72_0_3_1972973978981988993_cast, i16 %sext_ln118_39" [../cnn_hls.cpp:118]   --->   Operation 1014 'mul' 'mul_ln118_31' <Predicate = true> <Delay = 1.05> <CoreInst = "DSP48">   --->   Core 116 'DSP48' <Latency = 3> <II = 1> <Delay = 2.15> <IPBlock> <Opcode : 'add' 'sub' 'mul' 'select'> <InPorts = 0> <OutPorts = 1> <Sync> <CReg>
ST_12 : Operation 1015 [1/2] ( I:2.32ns O:2.32ns )   --->   "%p_ZL12conv2_weight_4_load = load i5 %p_ZL12conv2_weight_4_addr" [../cnn_hls.cpp:118]   --->   Operation 1015 'load' 'p_ZL12conv2_weight_4_load' <Predicate = true> <Delay = 2.32> <CoreInst = "ROM">   --->   Core 94 'ROM' <Latency = 1> <II = 1> <Delay = 2.32> <Storage> <Opcode : 'load'> <Ports = 0> <Width = 8> <Depth = 32> <ROM>
ST_12 : Operation 1016 [1/2] ( I:2.32ns O:2.32ns )   --->   "%p_ZL12conv2_weight_14_load = load i5 %p_ZL12conv2_weight_14_addr" [../cnn_hls.cpp:118]   --->   Operation 1016 'load' 'p_ZL12conv2_weight_14_load' <Predicate = true> <Delay = 2.32> <CoreInst = "ROM">   --->   Core 94 'ROM' <Latency = 1> <II = 1> <Delay = 2.32> <Storage> <Opcode : 'load'> <Ports = 0> <Width = 8> <Depth = 32> <ROM>
ST_12 : Operation 1017 [1/1] (0.00ns)   --->   "%sext_ln118_55 = sext i8 %p_ZL12conv2_weight_14_load" [../cnn_hls.cpp:118]   --->   Operation 1017 'sext' 'sext_ln118_55' <Predicate = true> <Delay = 0.00>
ST_12 : Operation 1018 [1/2] ( I:2.32ns O:2.32ns )   --->   "%p_ZL12conv2_weight_19_load = load i5 %p_ZL12conv2_weight_19_addr" [../cnn_hls.cpp:118]   --->   Operation 1018 'load' 'p_ZL12conv2_weight_19_load' <Predicate = true> <Delay = 2.32> <CoreInst = "ROM">   --->   Core 94 'ROM' <Latency = 1> <II = 1> <Delay = 2.32> <Storage> <Opcode : 'load'> <Ports = 0> <Width = 8> <Depth = 32> <ROM>
ST_12 : Operation 1019 [1/1] (0.00ns)   --->   "%sext_ln118_56 = sext i8 %p_ZL12conv2_weight_19_load" [../cnn_hls.cpp:118]   --->   Operation 1019 'sext' 'sext_ln118_56' <Predicate = true> <Delay = 0.00>
ST_12 : Operation 1020 [1/2] ( I:2.32ns O:2.32ns )   --->   "%p_ZL12conv2_weight_9_load_1 = load i5 %p_ZL12conv2_weight_9_addr_1" [../cnn_hls.cpp:118]   --->   Operation 1020 'load' 'p_ZL12conv2_weight_9_load_1' <Predicate = true> <Delay = 2.32> <CoreInst = "ROM">   --->   Core 94 'ROM' <Latency = 1> <II = 1> <Delay = 2.32> <Storage> <Opcode : 'load'> <Ports = 0> <Width = 8> <Depth = 32> <ROM>
ST_12 : Operation 1021 [1/2] ( I:2.32ns O:2.32ns )   --->   "%p_ZL12conv2_weight_14_load_1 = load i5 %p_ZL12conv2_weight_14_addr_1" [../cnn_hls.cpp:118]   --->   Operation 1021 'load' 'p_ZL12conv2_weight_14_load_1' <Predicate = true> <Delay = 2.32> <CoreInst = "ROM">   --->   Core 94 'ROM' <Latency = 1> <II = 1> <Delay = 2.32> <Storage> <Opcode : 'load'> <Ports = 0> <Width = 8> <Depth = 32> <ROM>
ST_12 : Operation 1022 [1/1] (0.00ns)   --->   "%x72_0_4_2948949956959968_cast = zext i8 %x72_0_4_2948949956959968" [../cnn_hls.cpp:113]   --->   Operation 1022 'zext' 'x72_0_4_2948949956959968_cast' <Predicate = true> <Delay = 0.00>
ST_12 : Operation 1023 [1/1] (0.00ns)   --->   "%x72_0_4_3952953962965_cast = zext i8 %x72_0_4_3952953962965" [../cnn_hls.cpp:113]   --->   Operation 1023 'zext' 'x72_0_4_3952953962965_cast' <Predicate = true> <Delay = 0.00>
ST_12 : Operation 1024 [2/3] (1.05ns) (grouped into DSP with root node add_ln118_34)   --->   "%mul_ln118_33 = mul i16 %zext_ln111_3, i16 %sext_ln118_59" [../cnn_hls.cpp:118]   --->   Operation 1024 'mul' 'mul_ln118_33' <Predicate = true> <Delay = 1.05> <CoreInst = "DSP48">   --->   Core 116 'DSP48' <Latency = 3> <II = 1> <Delay = 2.15> <IPBlock> <Opcode : 'add' 'sub' 'mul' 'select'> <InPorts = 0> <OutPorts = 1> <Sync> <CReg>
ST_12 : Operation 1025 [2/3] (1.05ns) (grouped into DSP with root node add_ln118_29)   --->   "%mul_ln118_36 = mul i16 %x72_0_4_4957958969_cast, i16 %sext_ln118_57" [../cnn_hls.cpp:118]   --->   Operation 1025 'mul' 'mul_ln118_36' <Predicate = true> <Delay = 1.05> <CoreInst = "DSP48">   --->   Core 116 'DSP48' <Latency = 3> <II = 1> <Delay = 2.15> <IPBlock> <Opcode : 'add' 'sub' 'mul' 'select'> <InPorts = 0> <OutPorts = 1> <Sync> <CReg>
ST_12 : Operation 1026 [3/3] (1.05ns) (grouped into DSP with root node add_ln118_35)   --->   "%mul_ln118_37 = mul i16 %x72_0_4_3952953962965_cast, i16 %sext_ln118_56" [../cnn_hls.cpp:118]   --->   Operation 1026 'mul' 'mul_ln118_37' <Predicate = true> <Delay = 1.05> <CoreInst = "DSP48">   --->   Core 116 'DSP48' <Latency = 3> <II = 1> <Delay = 2.15> <IPBlock> <Opcode : 'add' 'sub' 'mul' 'select'> <InPorts = 0> <OutPorts = 1> <Sync> <CReg>
ST_12 : Operation 1027 [3/3] (1.05ns) (grouped into DSP with root node add_ln118_33)   --->   "%mul_ln118_38 = mul i16 %x72_0_4_2948949956959968_cast, i16 %sext_ln118_55" [../cnn_hls.cpp:118]   --->   Operation 1027 'mul' 'mul_ln118_38' <Predicate = true> <Delay = 1.05> <CoreInst = "DSP48">   --->   Core 116 'DSP48' <Latency = 3> <II = 1> <Delay = 2.15> <IPBlock> <Opcode : 'add' 'sub' 'mul' 'select'> <InPorts = 0> <OutPorts = 1> <Sync> <CReg>
ST_12 : Operation 1028 [2/3] (1.05ns) (grouped into DSP with root node add_ln118_32)   --->   "%mul_ln118_39 = mul i16 %x72_0_4_1945946951954961966_cast, i16 %sext_ln118_54" [../cnn_hls.cpp:118]   --->   Operation 1028 'mul' 'mul_ln118_39' <Predicate = true> <Delay = 1.05> <CoreInst = "DSP48">   --->   Core 116 'DSP48' <Latency = 3> <II = 1> <Delay = 2.15> <IPBlock> <Opcode : 'add' 'sub' 'mul' 'select'> <InPorts = 0> <OutPorts = 1> <Sync> <CReg>

State 13 <SV = 12> <Delay = 6.27>
ST_13 : Operation 1029 [1/1] (0.00ns)   --->   "%zext_ln115_1 = zext i8 %x_57" [../cnn_hls.cpp:115]   --->   Operation 1029 'zext' 'zext_ln115_1' <Predicate = true> <Delay = 0.00>
ST_13 : Operation 1030 [1/1] (0.00ns)   --->   "%zext_ln115_3 = zext i8 %x_59" [../cnn_hls.cpp:115]   --->   Operation 1030 'zext' 'zext_ln115_3' <Predicate = true> <Delay = 0.00>
ST_13 : Operation 1031 [1/1] (0.00ns)   --->   "%zext_ln115_6 = zext i8 %x_62" [../cnn_hls.cpp:115]   --->   Operation 1031 'zext' 'zext_ln115_6' <Predicate = true> <Delay = 0.00>
ST_13 : Operation 1032 [1/1] (0.00ns)   --->   "%zext_ln104 = zext i5 %select_ln103" [../cnn_hls.cpp:104]   --->   Operation 1032 'zext' 'zext_ln104' <Predicate = true> <Delay = 0.00>
ST_13 : Operation 1033 [1/1] (0.00ns)   --->   "%conv2_bias_addr = getelementptr i15 %conv2_bias, i64 0, i64 %zext_ln104" [../cnn_hls.cpp:106]   --->   Operation 1033 'getelementptr' 'conv2_bias_addr' <Predicate = true> <Delay = 0.00>
ST_13 : Operation 1034 [2/2] (2.32ns)   --->   "%acc = load i4 %conv2_bias_addr" [../cnn_hls.cpp:106]   --->   Operation 1034 'load' 'acc' <Predicate = true> <Delay = 2.32> <CoreInst = "ROM">   --->   Core 94 'ROM' <Latency = 1> <II = 1> <Delay = 2.32> <Storage> <Opcode : 'load'> <Ports = 0> <Width = 15> <Depth = 16> <ROM>
ST_13 : Operation 1035 [1/1] (0.00ns)   --->   "%sext_ln118_1 = sext i8 %p_ZL12conv2_weight_5_load" [../cnn_hls.cpp:118]   --->   Operation 1035 'sext' 'sext_ln118_1' <Predicate = true> <Delay = 0.00>
ST_13 : Operation 1036 [1/1] (0.00ns)   --->   "%sext_ln118_2 = sext i8 %p_ZL12conv2_weight_10_load" [../cnn_hls.cpp:118]   --->   Operation 1036 'sext' 'sext_ln118_2' <Predicate = true> <Delay = 0.00>
ST_13 : Operation 1037 [1/1] (0.00ns)   --->   "%x72_0_27410291030103710401049_cast = zext i8 %x72_0_27410291030103710401049" [../cnn_hls.cpp:113]   --->   Operation 1037 'zext' 'x72_0_27410291030103710401049_cast' <Predicate = true> <Delay = 0.00>
ST_13 : Operation 1038 [1/1] (0.00ns)   --->   "%x72_0_161102610271032103510421047_cast = zext i8 %x72_0_161102610271032103510421047" [../cnn_hls.cpp:113]   --->   Operation 1038 'zext' 'x72_0_161102610271032103510421047_cast' <Predicate = true> <Delay = 0.00>
ST_13 : Operation 1039 [1/1] (0.00ns)   --->   "%zext_ln111 = zext i8 %x_16" [../cnn_hls.cpp:111]   --->   Operation 1039 'zext' 'zext_ln111' <Predicate = true> <Delay = 0.00>
ST_13 : Operation 1040 [1/1] (0.00ns)   --->   "%sext_ln118_6 = sext i8 %p_ZL12conv2_weight_15_load_1" [../cnn_hls.cpp:118]   --->   Operation 1040 'sext' 'sext_ln118_6' <Predicate = true> <Delay = 0.00>
ST_13 : Operation 1041 [1/3] (0.00ns) (grouped into DSP with root node add_ln118_1)   --->   "%mul_ln118 = mul i16 %x72_0700102510281031103610411048_cast, i16 %sext_ln118" [../cnn_hls.cpp:118]   --->   Operation 1041 'mul' 'mul_ln118' <Predicate = true> <Delay = 0.00> <CoreInst = "DSP48">   --->   Core 116 'DSP48' <Latency = 3> <II = 1> <Delay = 2.15> <IPBlock> <Opcode : 'add' 'sub' 'mul' 'select'> <InPorts = 0> <OutPorts = 1> <Sync> <CReg>
ST_13 : Operation 1042 [1/1] (0.00ns) (grouped into DSP with root node add_ln118_1)   --->   "%sext_ln118_7 = sext i16 %mul_ln118" [../cnn_hls.cpp:118]   --->   Operation 1042 'sext' 'sext_ln118_7' <Predicate = true> <Delay = 0.00>
ST_13 : Operation 1043 [1/1] (4.17ns)   --->   "%mul_ln118_1 = mul i16 %zext_ln111, i16 %sext_ln118_6" [../cnn_hls.cpp:118]   --->   Operation 1043 'mul' 'mul_ln118_1' <Predicate = true> <Delay = 4.17> <CoreInst = "Multiplier">   --->   Core 3 'Multiplier' <Latency = 0> <II = 1> <Delay = 4.17> <FuncUnit> <Opcode : 'mul'> <InPorts = 2> <OutPorts = 1>
ST_13 : Operation 1044 [1/1] (0.00ns)   --->   "%sext_ln118_8 = sext i16 %mul_ln118_1" [../cnn_hls.cpp:118]   --->   Operation 1044 'sext' 'sext_ln118_8' <Predicate = true> <Delay = 0.00>
ST_13 : Operation 1045 [2/3] (1.05ns) (grouped into DSP with root node add_ln118)   --->   "%mul_ln118_2 = mul i16 %x72_0_61051_cast, i16 %sext_ln115" [../cnn_hls.cpp:118]   --->   Operation 1045 'mul' 'mul_ln118_2' <Predicate = true> <Delay = 1.05> <CoreInst = "DSP48">   --->   Core 116 'DSP48' <Latency = 3> <II = 1> <Delay = 2.15> <IPBlock> <Opcode : 'add' 'sub' 'mul' 'select'> <InPorts = 0> <OutPorts = 1> <Sync> <CReg>
ST_13 : Operation 1046 [2/3] (1.05ns) (grouped into DSP with root node add_ln118_6)   --->   "%mul_ln118_3 = mul i16 %x72_0_510441045_cast, i16 %sext_ln118_5" [../cnn_hls.cpp:118]   --->   Operation 1046 'mul' 'mul_ln118_3' <Predicate = true> <Delay = 1.05> <CoreInst = "DSP48">   --->   Core 116 'DSP48' <Latency = 3> <II = 1> <Delay = 2.15> <IPBlock> <Opcode : 'add' 'sub' 'mul' 'select'> <InPorts = 0> <OutPorts = 1> <Sync> <CReg>
ST_13 : Operation 1047 [2/3] (1.05ns) (grouped into DSP with root node add_ln118_2)   --->   "%mul_ln118_4 = mul i16 %x72_0_4100103810391050_cast, i16 %sext_ln118_4" [../cnn_hls.cpp:118]   --->   Operation 1047 'mul' 'mul_ln118_4' <Predicate = true> <Delay = 1.05> <CoreInst = "DSP48">   --->   Core 116 'DSP48' <Latency = 3> <II = 1> <Delay = 2.15> <IPBlock> <Opcode : 'add' 'sub' 'mul' 'select'> <InPorts = 0> <OutPorts = 1> <Sync> <CReg>
ST_13 : Operation 1048 [1/3] (0.00ns) (grouped into DSP with root node add_ln118_4)   --->   "%mul_ln118_5 = mul i16 %x72_0_3871033103410431046_cast, i16 %sext_ln118_3" [../cnn_hls.cpp:118]   --->   Operation 1048 'mul' 'mul_ln118_5' <Predicate = true> <Delay = 0.00> <CoreInst = "DSP48">   --->   Core 116 'DSP48' <Latency = 3> <II = 1> <Delay = 2.15> <IPBlock> <Opcode : 'add' 'sub' 'mul' 'select'> <InPorts = 0> <OutPorts = 1> <Sync> <CReg>
ST_13 : Operation 1049 [1/1] (0.00ns) (grouped into DSP with root node add_ln118_4)   --->   "%sext_ln118_12 = sext i16 %mul_ln118_5" [../cnn_hls.cpp:118]   --->   Operation 1049 'sext' 'sext_ln118_12' <Predicate = true> <Delay = 0.00>
ST_13 : Operation 1050 [1/1] (4.17ns)   --->   "%mul_ln118_6 = mul i16 %x72_0_27410291030103710401049_cast, i16 %sext_ln118_2" [../cnn_hls.cpp:118]   --->   Operation 1050 'mul' 'mul_ln118_6' <Predicate = true> <Delay = 4.17> <CoreInst = "Multiplier">   --->   Core 3 'Multiplier' <Latency = 0> <II = 1> <Delay = 4.17> <FuncUnit> <Opcode : 'mul'> <InPorts = 2> <OutPorts = 1>
ST_13 : Operation 1051 [1/1] (0.00ns)   --->   "%sext_ln118_13 = sext i16 %mul_ln118_6" [../cnn_hls.cpp:118]   --->   Operation 1051 'sext' 'sext_ln118_13' <Predicate = true> <Delay = 0.00>
ST_13 : Operation 1052 [1/1] (4.17ns)   --->   "%mul_ln118_7 = mul i16 %x72_0_161102610271032103510421047_cast, i16 %sext_ln118_1" [../cnn_hls.cpp:118]   --->   Operation 1052 'mul' 'mul_ln118_7' <Predicate = true> <Delay = 4.17> <CoreInst = "Multiplier">   --->   Core 3 'Multiplier' <Latency = 0> <II = 1> <Delay = 4.17> <FuncUnit> <Opcode : 'mul'> <InPorts = 2> <OutPorts = 1>
ST_13 : Operation 1053 [1/1] (0.00ns)   --->   "%sext_ln118_14 = sext i16 %mul_ln118_7" [../cnn_hls.cpp:118]   --->   Operation 1053 'sext' 'sext_ln118_14' <Predicate = true> <Delay = 0.00>
ST_13 : Operation 1054 [1/1] (0.00ns)   --->   "%sext_ln118_16 = sext i8 %p_ZL12conv2_weight_6_load" [../cnn_hls.cpp:118]   --->   Operation 1054 'sext' 'sext_ln118_16' <Predicate = true> <Delay = 0.00>
ST_13 : Operation 1055 [1/1] (0.00ns)   --->   "%sext_ln118_19 = sext i8 %p_ZL12conv2_weight_1_load_1" [../cnn_hls.cpp:118]   --->   Operation 1055 'sext' 'sext_ln118_19' <Predicate = true> <Delay = 0.00>
ST_13 : Operation 1056 [1/1] (0.00ns)   --->   "%sext_ln118_20 = sext i8 %p_ZL12conv2_weight_6_load_1" [../cnn_hls.cpp:118]   --->   Operation 1056 'sext' 'sext_ln118_20' <Predicate = true> <Delay = 0.00>
ST_13 : Operation 1057 [1/1] (0.00ns)   --->   "%x72_0_1_4101110121023_cast = zext i8 %x72_0_1_4101110121023" [../cnn_hls.cpp:113]   --->   Operation 1057 'zext' 'x72_0_1_4101110121023_cast' <Predicate = true> <Delay = 0.00>
ST_13 : Operation 1058 [1/1] (0.00ns)   --->   "%x72_0_1_199910001005100810151020_cast = zext i8 %x72_0_1_199910001005100810151020" [../cnn_hls.cpp:113]   --->   Operation 1058 'zext' 'x72_0_1_199910001005100810151020_cast' <Predicate = true> <Delay = 0.00>
ST_13 : Operation 1059 [1/1] (0.00ns)   --->   "%x72_0_1_510171018_cast = zext i8 %x72_0_1_510171018" [../cnn_hls.cpp:113]   --->   Operation 1059 'zext' 'x72_0_1_510171018_cast' <Predicate = true> <Delay = 0.00>
ST_13 : Operation 1060 [1/1] (0.00ns)   --->   "%sext_ln111_2 = sext i8 %p_ZL12conv2_weight_7_load" [../cnn_hls.cpp:111]   --->   Operation 1060 'sext' 'sext_ln111_2' <Predicate = true> <Delay = 0.00>
ST_13 : Operation 1061 [1/1] (0.00ns)   --->   "%sext_ln111_4 = sext i8 %p_ZL12conv2_weight_17_load" [../cnn_hls.cpp:111]   --->   Operation 1061 'sext' 'sext_ln111_4' <Predicate = true> <Delay = 0.00>
ST_13 : Operation 1062 [1/1] (0.00ns)   --->   "%sext_ln111_7 = sext i8 %p_ZL12conv2_weight_12_load_1" [../cnn_hls.cpp:111]   --->   Operation 1062 'sext' 'sext_ln111_7' <Predicate = true> <Delay = 0.00>
ST_13 : Operation 1063 [2/3] (1.05ns) (grouped into DSP with root node add_ln118_11)   --->   "%mul_ln118_8 = mul i16 %x72_0_194199810011004100910141021_cast, i16 %sext_ln118_15" [../cnn_hls.cpp:118]   --->   Operation 1063 'mul' 'mul_ln118_8' <Predicate = true> <Delay = 1.05> <CoreInst = "DSP48">   --->   Core 116 'DSP48' <Latency = 3> <II = 1> <Delay = 2.15> <IPBlock> <Opcode : 'add' 'sub' 'mul' 'select'> <InPorts = 0> <OutPorts = 1> <Sync> <CReg>
ST_13 : Operation 1064 [1/3] (0.00ns) (grouped into DSP with root node add_ln118_20)   --->   "%mul_ln118_9 = mul i16 %sext_ln118_21, i16 %zext_ln122" [../cnn_hls.cpp:118]   --->   Operation 1064 'mul' 'mul_ln118_9' <Predicate = true> <Delay = 0.00> <CoreInst = "DSP48">   --->   Core 116 'DSP48' <Latency = 3> <II = 1> <Delay = 2.15> <IPBlock> <Opcode : 'add' 'sub' 'mul' 'select'> <InPorts = 0> <OutPorts = 1> <Sync> <CReg>
ST_13 : Operation 1065 [1/1] (0.00ns) (grouped into DSP with root node add_ln118_20)   --->   "%sext_ln118_23 = sext i16 %mul_ln118_9" [../cnn_hls.cpp:118]   --->   Operation 1065 'sext' 'sext_ln118_23' <Predicate = true> <Delay = 0.00>
ST_13 : Operation 1066 [1/1] (4.17ns)   --->   "%mul_ln118_10 = mul i16 %sext_ln111_7, i16 %zext_ln115_6" [../cnn_hls.cpp:118]   --->   Operation 1066 'mul' 'mul_ln118_10' <Predicate = true> <Delay = 4.17> <CoreInst = "Multiplier">   --->   Core 3 'Multiplier' <Latency = 0> <II = 1> <Delay = 4.17> <FuncUnit> <Opcode : 'mul'> <InPorts = 2> <OutPorts = 1>
ST_13 : Operation 1067 [1/1] (0.00ns)   --->   "%sext_ln118_24 = sext i16 %mul_ln118_10" [../cnn_hls.cpp:118]   --->   Operation 1067 'sext' 'sext_ln118_24' <Predicate = true> <Delay = 0.00>
ST_13 : Operation 1068 [2/3] (1.05ns) (grouped into DSP with root node add_ln118_21)   --->   "%mul_ln118_11 = mul i16 %sext_ln111_6, i16 %zext_ln115_5" [../cnn_hls.cpp:118]   --->   Operation 1068 'mul' 'mul_ln118_11' <Predicate = true> <Delay = 1.05> <CoreInst = "DSP48">   --->   Core 116 'DSP48' <Latency = 3> <II = 1> <Delay = 2.15> <IPBlock> <Opcode : 'add' 'sub' 'mul' 'select'> <InPorts = 0> <OutPorts = 1> <Sync> <CReg>
ST_13 : Operation 1069 [1/3] (0.00ns) (grouped into DSP with root node add_ln118_19)   --->   "%mul_ln118_12 = mul i16 %sext_ln111_5, i16 %zext_ln115_4" [../cnn_hls.cpp:118]   --->   Operation 1069 'mul' 'mul_ln118_12' <Predicate = true> <Delay = 0.00> <CoreInst = "DSP48">   --->   Core 116 'DSP48' <Latency = 3> <II = 1> <Delay = 2.15> <IPBlock> <Opcode : 'add' 'sub' 'mul' 'select'> <InPorts = 0> <OutPorts = 1> <Sync> <CReg>
ST_13 : Operation 1070 [1/1] (0.00ns) (grouped into DSP with root node add_ln118_19)   --->   "%sext_ln118_26 = sext i16 %mul_ln118_12" [../cnn_hls.cpp:118]   --->   Operation 1070 'sext' 'sext_ln118_26' <Predicate = true> <Delay = 0.00>
ST_13 : Operation 1071 [1/1] (4.17ns)   --->   "%mul_ln118_13 = mul i16 %sext_ln111_4, i16 %zext_ln115_3" [../cnn_hls.cpp:118]   --->   Operation 1071 'mul' 'mul_ln118_13' <Predicate = true> <Delay = 4.17> <CoreInst = "Multiplier">   --->   Core 3 'Multiplier' <Latency = 0> <II = 1> <Delay = 4.17> <FuncUnit> <Opcode : 'mul'> <InPorts = 2> <OutPorts = 1>
ST_13 : Operation 1072 [1/1] (0.00ns)   --->   "%sext_ln118_27 = sext i16 %mul_ln118_13" [../cnn_hls.cpp:118]   --->   Operation 1072 'sext' 'sext_ln118_27' <Predicate = true> <Delay = 0.00>
ST_13 : Operation 1073 [1/3] (0.00ns) (grouped into DSP with root node add_ln118_14)   --->   "%mul_ln118_14 = mul i16 %sext_ln111_3, i16 %zext_ln115_2" [../cnn_hls.cpp:118]   --->   Operation 1073 'mul' 'mul_ln118_14' <Predicate = true> <Delay = 0.00> <CoreInst = "DSP48">   --->   Core 116 'DSP48' <Latency = 3> <II = 1> <Delay = 2.15> <IPBlock> <Opcode : 'add' 'sub' 'mul' 'select'> <InPorts = 0> <OutPorts = 1> <Sync> <CReg>
ST_13 : Operation 1074 [1/1] (0.00ns) (grouped into DSP with root node add_ln118_14)   --->   "%sext_ln118_28 = sext i16 %mul_ln118_14" [../cnn_hls.cpp:118]   --->   Operation 1074 'sext' 'sext_ln118_28' <Predicate = true> <Delay = 0.00>
ST_13 : Operation 1075 [1/1] (4.17ns)   --->   "%mul_ln118_15 = mul i16 %sext_ln111_2, i16 %zext_ln115_1" [../cnn_hls.cpp:118]   --->   Operation 1075 'mul' 'mul_ln118_15' <Predicate = true> <Delay = 4.17> <CoreInst = "Multiplier">   --->   Core 3 'Multiplier' <Latency = 0> <II = 1> <Delay = 4.17> <FuncUnit> <Opcode : 'mul'> <InPorts = 2> <OutPorts = 1>
ST_13 : Operation 1076 [1/1] (0.00ns)   --->   "%sext_ln118_29 = sext i16 %mul_ln118_15" [../cnn_hls.cpp:118]   --->   Operation 1076 'sext' 'sext_ln118_29' <Predicate = true> <Delay = 0.00>
ST_13 : Operation 1077 [2/3] (1.05ns) (grouped into DSP with root node add_ln118_15)   --->   "%mul_ln118_16 = mul i16 %sext_ln111_1, i16 %zext_ln115" [../cnn_hls.cpp:118]   --->   Operation 1077 'mul' 'mul_ln118_16' <Predicate = true> <Delay = 1.05> <CoreInst = "DSP48">   --->   Core 116 'DSP48' <Latency = 3> <II = 1> <Delay = 2.15> <IPBlock> <Opcode : 'add' 'sub' 'mul' 'select'> <InPorts = 0> <OutPorts = 1> <Sync> <CReg>
ST_13 : Operation 1078 [1/3] (0.00ns) (grouped into DSP with root node add_ln118_13)   --->   "%mul_ln118_17 = mul i16 %zext_ln111_1, i16 %sext_ln111" [../cnn_hls.cpp:118]   --->   Operation 1078 'mul' 'mul_ln118_17' <Predicate = true> <Delay = 0.00> <CoreInst = "DSP48">   --->   Core 116 'DSP48' <Latency = 3> <II = 1> <Delay = 2.15> <IPBlock> <Opcode : 'add' 'sub' 'mul' 'select'> <InPorts = 0> <OutPorts = 1> <Sync> <CReg>
ST_13 : Operation 1079 [1/1] (0.00ns) (grouped into DSP with root node add_ln118_13)   --->   "%sext_ln118_31 = sext i16 %mul_ln118_17" [../cnn_hls.cpp:118]   --->   Operation 1079 'sext' 'sext_ln118_31' <Predicate = true> <Delay = 0.00>
ST_13 : Operation 1080 [1/3] (0.00ns) (grouped into DSP with root node add_ln118_5)   --->   "%mul_ln118_18 = mul i16 %x72_0_1_61024_cast, i16 %sext_ln115_1" [../cnn_hls.cpp:118]   --->   Operation 1080 'mul' 'mul_ln118_18' <Predicate = true> <Delay = 0.00> <CoreInst = "DSP48">   --->   Core 116 'DSP48' <Latency = 3> <II = 1> <Delay = 2.15> <IPBlock> <Opcode : 'add' 'sub' 'mul' 'select'> <InPorts = 0> <OutPorts = 1> <Sync> <CReg>
ST_13 : Operation 1081 [1/1] (0.00ns) (grouped into DSP with root node add_ln118_5)   --->   "%sext_ln118_32 = sext i16 %mul_ln118_18" [../cnn_hls.cpp:118]   --->   Operation 1081 'sext' 'sext_ln118_32' <Predicate = true> <Delay = 0.00>
ST_13 : Operation 1082 [1/1] (4.17ns)   --->   "%mul_ln118_19 = mul i16 %x72_0_1_510171018_cast, i16 %sext_ln118_20" [../cnn_hls.cpp:118]   --->   Operation 1082 'mul' 'mul_ln118_19' <Predicate = true> <Delay = 4.17> <CoreInst = "Multiplier">   --->   Core 3 'Multiplier' <Latency = 0> <II = 1> <Delay = 4.17> <FuncUnit> <Opcode : 'mul'> <InPorts = 2> <OutPorts = 1>
ST_13 : Operation 1083 [1/1] (0.00ns)   --->   "%sext_ln118_33 = sext i16 %mul_ln118_19" [../cnn_hls.cpp:118]   --->   Operation 1083 'sext' 'sext_ln118_33' <Predicate = true> <Delay = 0.00>
ST_13 : Operation 1084 [1/1] (4.17ns)   --->   "%mul_ln118_20 = mul i16 %x72_0_1_4101110121023_cast, i16 %sext_ln118_19" [../cnn_hls.cpp:118]   --->   Operation 1084 'mul' 'mul_ln118_20' <Predicate = true> <Delay = 4.17> <CoreInst = "Multiplier">   --->   Core 3 'Multiplier' <Latency = 0> <II = 1> <Delay = 4.17> <FuncUnit> <Opcode : 'mul'> <InPorts = 2> <OutPorts = 1>
ST_13 : Operation 1085 [1/1] (0.00ns)   --->   "%sext_ln118_34 = sext i16 %mul_ln118_20" [../cnn_hls.cpp:118]   --->   Operation 1085 'sext' 'sext_ln118_34' <Predicate = true> <Delay = 0.00>
ST_13 : Operation 1086 [1/3] (0.00ns) (grouped into DSP with root node add_ln118_10)   --->   "%mul_ln118_21 = mul i16 %x72_0_1_31006100710161019_cast, i16 %sext_ln118_18" [../cnn_hls.cpp:118]   --->   Operation 1086 'mul' 'mul_ln118_21' <Predicate = true> <Delay = 0.00> <CoreInst = "DSP48">   --->   Core 116 'DSP48' <Latency = 3> <II = 1> <Delay = 2.15> <IPBlock> <Opcode : 'add' 'sub' 'mul' 'select'> <InPorts = 0> <OutPorts = 1> <Sync> <CReg>
ST_13 : Operation 1087 [1/1] (0.00ns) (grouped into DSP with root node add_ln118_10)   --->   "%sext_ln118_35 = sext i16 %mul_ln118_21" [../cnn_hls.cpp:118]   --->   Operation 1087 'sext' 'sext_ln118_35' <Predicate = true> <Delay = 0.00>
ST_13 : Operation 1088 [1/3] (0.00ns) (grouped into DSP with root node add_ln118_9)   --->   "%mul_ln118_22 = mul i16 %x72_0_1_210021003101010131022_cast, i16 %sext_ln118_17" [../cnn_hls.cpp:118]   --->   Operation 1088 'mul' 'mul_ln118_22' <Predicate = true> <Delay = 0.00> <CoreInst = "DSP48">   --->   Core 116 'DSP48' <Latency = 3> <II = 1> <Delay = 2.15> <IPBlock> <Opcode : 'add' 'sub' 'mul' 'select'> <InPorts = 0> <OutPorts = 1> <Sync> <CReg>
ST_13 : Operation 1089 [1/1] (0.00ns) (grouped into DSP with root node add_ln118_9)   --->   "%sext_ln118_36 = sext i16 %mul_ln118_22" [../cnn_hls.cpp:118]   --->   Operation 1089 'sext' 'sext_ln118_36' <Predicate = true> <Delay = 0.00>
ST_13 : Operation 1090 [1/1] (4.17ns)   --->   "%mul_ln118_23 = mul i16 %x72_0_1_199910001005100810151020_cast, i16 %sext_ln118_16" [../cnn_hls.cpp:118]   --->   Operation 1090 'mul' 'mul_ln118_23' <Predicate = true> <Delay = 4.17> <CoreInst = "Multiplier">   --->   Core 3 'Multiplier' <Latency = 0> <II = 1> <Delay = 4.17> <FuncUnit> <Opcode : 'mul'> <InPorts = 2> <OutPorts = 1>
ST_13 : Operation 1091 [1/1] (0.00ns)   --->   "%sext_ln118_37 = sext i16 %mul_ln118_23" [../cnn_hls.cpp:118]   --->   Operation 1091 'sext' 'sext_ln118_37' <Predicate = true> <Delay = 0.00>
ST_13 : Operation 1092 [1/1] (0.00ns)   --->   "%sext_ln118_38 = sext i8 %p_ZL12conv2_weight_3_load" [../cnn_hls.cpp:118]   --->   Operation 1092 'sext' 'sext_ln118_38' <Predicate = true> <Delay = 0.00>
ST_13 : Operation 1093 [1/1] (0.00ns)   --->   "%sext_ln118_41 = sext i8 %p_ZL12conv2_weight_18_load" [../cnn_hls.cpp:118]   --->   Operation 1093 'sext' 'sext_ln118_41' <Predicate = true> <Delay = 0.00>
ST_13 : Operation 1094 [1/1] (0.00ns)   --->   "%sext_ln115_2 = sext i8 %p_ZL12conv2_weight_13_load_1" [../cnn_hls.cpp:115]   --->   Operation 1094 'sext' 'sext_ln115_2' <Predicate = true> <Delay = 0.00>
ST_13 : Operation 1095 [1/1] (0.00ns)   --->   "%x72_0_3_6997_cast = zext i8 %x72_0_3_6997" [../cnn_hls.cpp:113]   --->   Operation 1095 'zext' 'x72_0_3_6997_cast' <Predicate = true> <Delay = 0.00>
ST_13 : Operation 1096 [1/1] (0.00ns)   --->   "%x72_0_3942971974977982987994_cast = zext i8 %x72_0_3942971974977982987994" [../cnn_hls.cpp:113]   --->   Operation 1096 'zext' 'x72_0_3942971974977982987994_cast' <Predicate = true> <Delay = 0.00>
ST_13 : Operation 1097 [1/1] (0.00ns)   --->   "%x72_0_3_3979980989992_cast = zext i8 %x72_0_3_3979980989992" [../cnn_hls.cpp:113]   --->   Operation 1097 'zext' 'x72_0_3_3979980989992_cast' <Predicate = true> <Delay = 0.00>
ST_13 : Operation 1098 [1/1] (4.17ns)   --->   "%mul_ln118_24 = mul i16 %x72_0_3942971974977982987994_cast, i16 %sext_ln118_38" [../cnn_hls.cpp:118]   --->   Operation 1098 'mul' 'mul_ln118_24' <Predicate = true> <Delay = 4.17> <CoreInst = "Multiplier">   --->   Core 3 'Multiplier' <Latency = 0> <II = 1> <Delay = 4.17> <FuncUnit> <Opcode : 'mul'> <InPorts = 2> <OutPorts = 1>
ST_13 : Operation 1099 [1/1] (0.00ns)   --->   "%sext_ln118_45 = sext i16 %mul_ln118_24" [../cnn_hls.cpp:118]   --->   Operation 1099 'sext' 'sext_ln118_45' <Predicate = true> <Delay = 0.00>
ST_13 : Operation 1100 [2/3] (1.05ns) (grouped into DSP with root node add_ln118_30)   --->   "%mul_ln118_25 = mul i16 %zext_ln111_2, i16 %sext_ln118_44" [../cnn_hls.cpp:118]   --->   Operation 1100 'mul' 'mul_ln118_25' <Predicate = true> <Delay = 1.05> <CoreInst = "DSP48">   --->   Core 116 'DSP48' <Latency = 3> <II = 1> <Delay = 2.15> <IPBlock> <Opcode : 'add' 'sub' 'mul' 'select'> <InPorts = 0> <OutPorts = 1> <Sync> <CReg>
ST_13 : Operation 1101 [1/1] (4.17ns)   --->   "%mul_ln118_26 = mul i16 %x72_0_3_6997_cast, i16 %sext_ln115_2" [../cnn_hls.cpp:118]   --->   Operation 1101 'mul' 'mul_ln118_26' <Predicate = true> <Delay = 4.17> <CoreInst = "Multiplier">   --->   Core 3 'Multiplier' <Latency = 0> <II = 1> <Delay = 4.17> <FuncUnit> <Opcode : 'mul'> <InPorts = 2> <OutPorts = 1>
ST_13 : Operation 1102 [1/1] (0.00ns)   --->   "%sext_ln118_47 = sext i16 %mul_ln118_26" [../cnn_hls.cpp:118]   --->   Operation 1102 'sext' 'sext_ln118_47' <Predicate = true> <Delay = 0.00>
ST_13 : Operation 1103 [1/3] (0.00ns) (grouped into DSP with root node add_ln118_28)   --->   "%mul_ln118_27 = mul i16 %x72_0_3_5990991_cast, i16 %sext_ln118_43" [../cnn_hls.cpp:118]   --->   Operation 1103 'mul' 'mul_ln118_27' <Predicate = true> <Delay = 0.00> <CoreInst = "DSP48">   --->   Core 116 'DSP48' <Latency = 3> <II = 1> <Delay = 2.15> <IPBlock> <Opcode : 'add' 'sub' 'mul' 'select'> <InPorts = 0> <OutPorts = 1> <Sync> <CReg>
ST_13 : Operation 1104 [1/1] (0.00ns) (grouped into DSP with root node add_ln118_28)   --->   "%sext_ln118_48 = sext i16 %mul_ln118_27" [../cnn_hls.cpp:118]   --->   Operation 1104 'sext' 'sext_ln118_48' <Predicate = true> <Delay = 0.00>
ST_13 : Operation 1105 [1/3] (0.00ns) (grouped into DSP with root node add_ln118_23)   --->   "%mul_ln118_28 = mul i16 %x72_0_3_4984985996_cast, i16 %sext_ln118_42" [../cnn_hls.cpp:118]   --->   Operation 1105 'mul' 'mul_ln118_28' <Predicate = true> <Delay = 0.00> <CoreInst = "DSP48">   --->   Core 116 'DSP48' <Latency = 3> <II = 1> <Delay = 2.15> <IPBlock> <Opcode : 'add' 'sub' 'mul' 'select'> <InPorts = 0> <OutPorts = 1> <Sync> <CReg>
ST_13 : Operation 1106 [1/1] (0.00ns) (grouped into DSP with root node add_ln118_23)   --->   "%sext_ln118_49 = sext i16 %mul_ln118_28" [../cnn_hls.cpp:118]   --->   Operation 1106 'sext' 'sext_ln118_49' <Predicate = true> <Delay = 0.00>
ST_13 : Operation 1107 [1/1] (4.17ns)   --->   "%mul_ln118_29 = mul i16 %x72_0_3_3979980989992_cast, i16 %sext_ln118_41" [../cnn_hls.cpp:118]   --->   Operation 1107 'mul' 'mul_ln118_29' <Predicate = true> <Delay = 4.17> <CoreInst = "Multiplier">   --->   Core 3 'Multiplier' <Latency = 0> <II = 1> <Delay = 4.17> <FuncUnit> <Opcode : 'mul'> <InPorts = 2> <OutPorts = 1>
ST_13 : Operation 1108 [1/1] (0.00ns)   --->   "%sext_ln118_50 = sext i16 %mul_ln118_29" [../cnn_hls.cpp:118]   --->   Operation 1108 'sext' 'sext_ln118_50' <Predicate = true> <Delay = 0.00>
ST_13 : Operation 1109 [2/3] (1.05ns) (grouped into DSP with root node add_ln118_25)   --->   "%mul_ln118_30 = mul i16 %x72_0_3_2975976983986995_cast, i16 %sext_ln118_40" [../cnn_hls.cpp:118]   --->   Operation 1109 'mul' 'mul_ln118_30' <Predicate = true> <Delay = 1.05> <CoreInst = "DSP48">   --->   Core 116 'DSP48' <Latency = 3> <II = 1> <Delay = 2.15> <IPBlock> <Opcode : 'add' 'sub' 'mul' 'select'> <InPorts = 0> <OutPorts = 1> <Sync> <CReg>
ST_13 : Operation 1110 [1/3] (0.00ns) (grouped into DSP with root node add_ln118_24)   --->   "%mul_ln118_31 = mul i16 %x72_0_3_1972973978981988993_cast, i16 %sext_ln118_39" [../cnn_hls.cpp:118]   --->   Operation 1110 'mul' 'mul_ln118_31' <Predicate = true> <Delay = 0.00> <CoreInst = "DSP48">   --->   Core 116 'DSP48' <Latency = 3> <II = 1> <Delay = 2.15> <IPBlock> <Opcode : 'add' 'sub' 'mul' 'select'> <InPorts = 0> <OutPorts = 1> <Sync> <CReg>
ST_13 : Operation 1111 [1/1] (0.00ns) (grouped into DSP with root node add_ln118_24)   --->   "%sext_ln118_52 = sext i16 %mul_ln118_31" [../cnn_hls.cpp:118]   --->   Operation 1111 'sext' 'sext_ln118_52' <Predicate = true> <Delay = 0.00>
ST_13 : Operation 1112 [1/1] (0.00ns)   --->   "%sext_ln118_53 = sext i8 %p_ZL12conv2_weight_4_load" [../cnn_hls.cpp:118]   --->   Operation 1112 'sext' 'sext_ln118_53' <Predicate = true> <Delay = 0.00>
ST_13 : Operation 1113 [1/1] (0.00ns)   --->   "%sext_ln118_58 = sext i8 %p_ZL12conv2_weight_9_load_1" [../cnn_hls.cpp:118]   --->   Operation 1113 'sext' 'sext_ln118_58' <Predicate = true> <Delay = 0.00>
ST_13 : Operation 1114 [1/1] (0.00ns)   --->   "%sext_ln115_3 = sext i8 %p_ZL12conv2_weight_14_load_1" [../cnn_hls.cpp:115]   --->   Operation 1114 'sext' 'sext_ln115_3' <Predicate = true> <Delay = 0.00>
ST_13 : Operation 1115 [1/1] (0.00ns)   --->   "%x72_0_4_6970_cast = zext i8 %x72_0_4_6970" [../cnn_hls.cpp:113]   --->   Operation 1115 'zext' 'x72_0_4_6970_cast' <Predicate = true> <Delay = 0.00>
ST_13 : Operation 1116 [1/1] (0.00ns)   --->   "%x72_0_4943944947950955960967_cast = zext i8 %x72_0_4943944947950955960967" [../cnn_hls.cpp:113]   --->   Operation 1116 'zext' 'x72_0_4943944947950955960967_cast' <Predicate = true> <Delay = 0.00>
ST_13 : Operation 1117 [1/1] (0.00ns)   --->   "%x72_0_4_5963964_cast = zext i8 %x72_0_4_5963964" [../cnn_hls.cpp:113]   --->   Operation 1117 'zext' 'x72_0_4_5963964_cast' <Predicate = true> <Delay = 0.00>
ST_13 : Operation 1118 [1/1] (4.17ns)   --->   "%mul_ln118_32 = mul i16 %x72_0_4943944947950955960967_cast, i16 %sext_ln118_53" [../cnn_hls.cpp:118]   --->   Operation 1118 'mul' 'mul_ln118_32' <Predicate = true> <Delay = 4.17> <CoreInst = "Multiplier">   --->   Core 3 'Multiplier' <Latency = 0> <II = 1> <Delay = 4.17> <FuncUnit> <Opcode : 'mul'> <InPorts = 2> <OutPorts = 1>
ST_13 : Operation 1119 [1/1] (0.00ns)   --->   "%sext_ln118_60 = sext i16 %mul_ln118_32" [../cnn_hls.cpp:118]   --->   Operation 1119 'sext' 'sext_ln118_60' <Predicate = true> <Delay = 0.00>
ST_13 : Operation 1120 [1/3] (0.00ns) (grouped into DSP with root node add_ln118_34)   --->   "%mul_ln118_33 = mul i16 %zext_ln111_3, i16 %sext_ln118_59" [../cnn_hls.cpp:118]   --->   Operation 1120 'mul' 'mul_ln118_33' <Predicate = true> <Delay = 0.00> <CoreInst = "DSP48">   --->   Core 116 'DSP48' <Latency = 3> <II = 1> <Delay = 2.15> <IPBlock> <Opcode : 'add' 'sub' 'mul' 'select'> <InPorts = 0> <OutPorts = 1> <Sync> <CReg>
ST_13 : Operation 1121 [1/1] (0.00ns) (grouped into DSP with root node add_ln118_34)   --->   "%sext_ln118_61 = sext i16 %mul_ln118_33" [../cnn_hls.cpp:118]   --->   Operation 1121 'sext' 'sext_ln118_61' <Predicate = true> <Delay = 0.00>
ST_13 : Operation 1122 [1/1] (4.17ns)   --->   "%mul_ln118_34 = mul i16 %x72_0_4_6970_cast, i16 %sext_ln115_3" [../cnn_hls.cpp:118]   --->   Operation 1122 'mul' 'mul_ln118_34' <Predicate = true> <Delay = 4.17> <CoreInst = "Multiplier">   --->   Core 3 'Multiplier' <Latency = 0> <II = 1> <Delay = 4.17> <FuncUnit> <Opcode : 'mul'> <InPorts = 2> <OutPorts = 1>
ST_13 : Operation 1123 [1/1] (0.00ns)   --->   "%sext_ln118_62 = sext i16 %mul_ln118_34" [../cnn_hls.cpp:118]   --->   Operation 1123 'sext' 'sext_ln118_62' <Predicate = true> <Delay = 0.00>
ST_13 : Operation 1124 [1/1] (4.17ns)   --->   "%mul_ln118_35 = mul i16 %x72_0_4_5963964_cast, i16 %sext_ln118_58" [../cnn_hls.cpp:118]   --->   Operation 1124 'mul' 'mul_ln118_35' <Predicate = true> <Delay = 4.17> <CoreInst = "Multiplier">   --->   Core 3 'Multiplier' <Latency = 0> <II = 1> <Delay = 4.17> <FuncUnit> <Opcode : 'mul'> <InPorts = 2> <OutPorts = 1>
ST_13 : Operation 1125 [1/1] (0.00ns)   --->   "%sext_ln118_63 = sext i16 %mul_ln118_35" [../cnn_hls.cpp:118]   --->   Operation 1125 'sext' 'sext_ln118_63' <Predicate = true> <Delay = 0.00>
ST_13 : Operation 1126 [1/3] (0.00ns) (grouped into DSP with root node add_ln118_29)   --->   "%mul_ln118_36 = mul i16 %x72_0_4_4957958969_cast, i16 %sext_ln118_57" [../cnn_hls.cpp:118]   --->   Operation 1126 'mul' 'mul_ln118_36' <Predicate = true> <Delay = 0.00> <CoreInst = "DSP48">   --->   Core 116 'DSP48' <Latency = 3> <II = 1> <Delay = 2.15> <IPBlock> <Opcode : 'add' 'sub' 'mul' 'select'> <InPorts = 0> <OutPorts = 1> <Sync> <CReg>
ST_13 : Operation 1127 [1/1] (0.00ns) (grouped into DSP with root node add_ln118_29)   --->   "%sext_ln118_64 = sext i16 %mul_ln118_36" [../cnn_hls.cpp:118]   --->   Operation 1127 'sext' 'sext_ln118_64' <Predicate = true> <Delay = 0.00>
ST_13 : Operation 1128 [2/3] (1.05ns) (grouped into DSP with root node add_ln118_35)   --->   "%mul_ln118_37 = mul i16 %x72_0_4_3952953962965_cast, i16 %sext_ln118_56" [../cnn_hls.cpp:118]   --->   Operation 1128 'mul' 'mul_ln118_37' <Predicate = true> <Delay = 1.05> <CoreInst = "DSP48">   --->   Core 116 'DSP48' <Latency = 3> <II = 1> <Delay = 2.15> <IPBlock> <Opcode : 'add' 'sub' 'mul' 'select'> <InPorts = 0> <OutPorts = 1> <Sync> <CReg>
ST_13 : Operation 1129 [2/3] (1.05ns) (grouped into DSP with root node add_ln118_33)   --->   "%mul_ln118_38 = mul i16 %x72_0_4_2948949956959968_cast, i16 %sext_ln118_55" [../cnn_hls.cpp:118]   --->   Operation 1129 'mul' 'mul_ln118_38' <Predicate = true> <Delay = 1.05> <CoreInst = "DSP48">   --->   Core 116 'DSP48' <Latency = 3> <II = 1> <Delay = 2.15> <IPBlock> <Opcode : 'add' 'sub' 'mul' 'select'> <InPorts = 0> <OutPorts = 1> <Sync> <CReg>
ST_13 : Operation 1130 [1/3] (0.00ns) (grouped into DSP with root node add_ln118_32)   --->   "%mul_ln118_39 = mul i16 %x72_0_4_1945946951954961966_cast, i16 %sext_ln118_54" [../cnn_hls.cpp:118]   --->   Operation 1130 'mul' 'mul_ln118_39' <Predicate = true> <Delay = 0.00> <CoreInst = "DSP48">   --->   Core 116 'DSP48' <Latency = 3> <II = 1> <Delay = 2.15> <IPBlock> <Opcode : 'add' 'sub' 'mul' 'select'> <InPorts = 0> <OutPorts = 1> <Sync> <CReg>
ST_13 : Operation 1131 [1/1] (0.00ns) (grouped into DSP with root node add_ln118_32)   --->   "%sext_ln118_67 = sext i16 %mul_ln118_39" [../cnn_hls.cpp:118]   --->   Operation 1131 'sext' 'sext_ln118_67' <Predicate = true> <Delay = 0.00>
ST_13 : Operation 1132 [2/2] (2.10ns) (root node of the DSP)   --->   "%add_ln118_1 = add i17 %sext_ln118_13, i17 %sext_ln118_7" [../cnn_hls.cpp:118]   --->   Operation 1132 'add' 'add_ln118_1' <Predicate = true> <Delay = 2.10> <CoreInst = "DSP48">   --->   Core 116 'DSP48' <Latency = 3> <II = 1> <Delay = 2.15> <IPBlock> <Opcode : 'add' 'sub' 'mul' 'select'> <InPorts = 0> <OutPorts = 1> <Sync> <CReg>
ST_13 : Operation 1133 [2/2] (2.10ns) (root node of the DSP)   --->   "%add_ln118_4 = add i17 %sext_ln118_14, i17 %sext_ln118_12" [../cnn_hls.cpp:118]   --->   Operation 1133 'add' 'add_ln118_4' <Predicate = true> <Delay = 2.10> <CoreInst = "DSP48">   --->   Core 116 'DSP48' <Latency = 3> <II = 1> <Delay = 2.15> <IPBlock> <Opcode : 'add' 'sub' 'mul' 'select'> <InPorts = 0> <OutPorts = 1> <Sync> <CReg>
ST_13 : Operation 1134 [2/2] (2.10ns) (root node of the DSP)   --->   "%add_ln118_5 = add i17 %sext_ln118_8, i17 %sext_ln118_32" [../cnn_hls.cpp:118]   --->   Operation 1134 'add' 'add_ln118_5' <Predicate = true> <Delay = 2.10> <CoreInst = "DSP48">   --->   Core 116 'DSP48' <Latency = 3> <II = 1> <Delay = 2.15> <IPBlock> <Opcode : 'add' 'sub' 'mul' 'select'> <InPorts = 0> <OutPorts = 1> <Sync> <CReg>
ST_13 : Operation 1135 [2/2] (2.10ns) (root node of the DSP)   --->   "%add_ln118_9 = add i17 %sext_ln118_34, i17 %sext_ln118_36" [../cnn_hls.cpp:118]   --->   Operation 1135 'add' 'add_ln118_9' <Predicate = true> <Delay = 2.10> <CoreInst = "DSP48">   --->   Core 116 'DSP48' <Latency = 3> <II = 1> <Delay = 2.15> <IPBlock> <Opcode : 'add' 'sub' 'mul' 'select'> <InPorts = 0> <OutPorts = 1> <Sync> <CReg>
ST_13 : Operation 1136 [2/2] (2.10ns) (root node of the DSP)   --->   "%add_ln118_10 = add i17 %sext_ln118_37, i17 %sext_ln118_35" [../cnn_hls.cpp:118]   --->   Operation 1136 'add' 'add_ln118_10' <Predicate = true> <Delay = 2.10> <CoreInst = "DSP48">   --->   Core 116 'DSP48' <Latency = 3> <II = 1> <Delay = 2.15> <IPBlock> <Opcode : 'add' 'sub' 'mul' 'select'> <InPorts = 0> <OutPorts = 1> <Sync> <CReg>
ST_13 : Operation 1137 [2/2] (2.10ns) (root node of the DSP)   --->   "%add_ln118_13 = add i17 %sext_ln118_33, i17 %sext_ln118_31" [../cnn_hls.cpp:118]   --->   Operation 1137 'add' 'add_ln118_13' <Predicate = true> <Delay = 2.10> <CoreInst = "DSP48">   --->   Core 116 'DSP48' <Latency = 3> <II = 1> <Delay = 2.15> <IPBlock> <Opcode : 'add' 'sub' 'mul' 'select'> <InPorts = 0> <OutPorts = 1> <Sync> <CReg>
ST_13 : Operation 1138 [2/2] (2.10ns) (root node of the DSP)   --->   "%add_ln118_14 = add i17 %sext_ln118_29, i17 %sext_ln118_28" [../cnn_hls.cpp:118]   --->   Operation 1138 'add' 'add_ln118_14' <Predicate = true> <Delay = 2.10> <CoreInst = "DSP48">   --->   Core 116 'DSP48' <Latency = 3> <II = 1> <Delay = 2.15> <IPBlock> <Opcode : 'add' 'sub' 'mul' 'select'> <InPorts = 0> <OutPorts = 1> <Sync> <CReg>
ST_13 : Operation 1139 [2/2] (2.10ns) (root node of the DSP)   --->   "%add_ln118_19 = add i17 %sext_ln118_27, i17 %sext_ln118_26" [../cnn_hls.cpp:118]   --->   Operation 1139 'add' 'add_ln118_19' <Predicate = true> <Delay = 2.10> <CoreInst = "DSP48">   --->   Core 116 'DSP48' <Latency = 3> <II = 1> <Delay = 2.15> <IPBlock> <Opcode : 'add' 'sub' 'mul' 'select'> <InPorts = 0> <OutPorts = 1> <Sync> <CReg>
ST_13 : Operation 1140 [2/2] (2.10ns) (root node of the DSP)   --->   "%add_ln118_20 = add i17 %sext_ln118_24, i17 %sext_ln118_23" [../cnn_hls.cpp:118]   --->   Operation 1140 'add' 'add_ln118_20' <Predicate = true> <Delay = 2.10> <CoreInst = "DSP48">   --->   Core 116 'DSP48' <Latency = 3> <II = 1> <Delay = 2.15> <IPBlock> <Opcode : 'add' 'sub' 'mul' 'select'> <InPorts = 0> <OutPorts = 1> <Sync> <CReg>
ST_13 : Operation 1141 [2/2] (2.10ns) (root node of the DSP)   --->   "%add_ln118_23 = add i17 %sext_ln118_47, i17 %sext_ln118_49" [../cnn_hls.cpp:118]   --->   Operation 1141 'add' 'add_ln118_23' <Predicate = true> <Delay = 2.10> <CoreInst = "DSP48">   --->   Core 116 'DSP48' <Latency = 3> <II = 1> <Delay = 2.15> <IPBlock> <Opcode : 'add' 'sub' 'mul' 'select'> <InPorts = 0> <OutPorts = 1> <Sync> <CReg>
ST_13 : Operation 1142 [2/2] (2.10ns) (root node of the DSP)   --->   "%add_ln118_24 = add i17 %sext_ln118_45, i17 %sext_ln118_52" [../cnn_hls.cpp:118]   --->   Operation 1142 'add' 'add_ln118_24' <Predicate = true> <Delay = 2.10> <CoreInst = "DSP48">   --->   Core 116 'DSP48' <Latency = 3> <II = 1> <Delay = 2.15> <IPBlock> <Opcode : 'add' 'sub' 'mul' 'select'> <InPorts = 0> <OutPorts = 1> <Sync> <CReg>
ST_13 : Operation 1143 [2/2] (2.10ns) (root node of the DSP)   --->   "%add_ln118_28 = add i17 %sext_ln118_50, i17 %sext_ln118_48" [../cnn_hls.cpp:118]   --->   Operation 1143 'add' 'add_ln118_28' <Predicate = true> <Delay = 2.10> <CoreInst = "DSP48">   --->   Core 116 'DSP48' <Latency = 3> <II = 1> <Delay = 2.15> <IPBlock> <Opcode : 'add' 'sub' 'mul' 'select'> <InPorts = 0> <OutPorts = 1> <Sync> <CReg>
ST_13 : Operation 1144 [2/2] (2.10ns) (root node of the DSP)   --->   "%add_ln118_29 = add i17 %sext_ln118_62, i17 %sext_ln118_64" [../cnn_hls.cpp:118]   --->   Operation 1144 'add' 'add_ln118_29' <Predicate = true> <Delay = 2.10> <CoreInst = "DSP48">   --->   Core 116 'DSP48' <Latency = 3> <II = 1> <Delay = 2.15> <IPBlock> <Opcode : 'add' 'sub' 'mul' 'select'> <InPorts = 0> <OutPorts = 1> <Sync> <CReg>
ST_13 : Operation 1145 [2/2] (2.10ns) (root node of the DSP)   --->   "%add_ln118_32 = add i17 %sext_ln118_60, i17 %sext_ln118_67" [../cnn_hls.cpp:118]   --->   Operation 1145 'add' 'add_ln118_32' <Predicate = true> <Delay = 2.10> <CoreInst = "DSP48">   --->   Core 116 'DSP48' <Latency = 3> <II = 1> <Delay = 2.15> <IPBlock> <Opcode : 'add' 'sub' 'mul' 'select'> <InPorts = 0> <OutPorts = 1> <Sync> <CReg>
ST_13 : Operation 1146 [2/2] (2.10ns) (root node of the DSP)   --->   "%add_ln118_34 = add i17 %sext_ln118_63, i17 %sext_ln118_61" [../cnn_hls.cpp:118]   --->   Operation 1146 'add' 'add_ln118_34' <Predicate = true> <Delay = 2.10> <CoreInst = "DSP48">   --->   Core 116 'DSP48' <Latency = 3> <II = 1> <Delay = 2.15> <IPBlock> <Opcode : 'add' 'sub' 'mul' 'select'> <InPorts = 0> <OutPorts = 1> <Sync> <CReg>
ST_13 : Operation 1147 [1/1] (0.00ns)   --->   "%conv2_multiplier_addr = getelementptr i30 %conv2_multiplier, i64 0, i64 %zext_ln104" [../cnn_hls.cpp:122]   --->   Operation 1147 'getelementptr' 'conv2_multiplier_addr' <Predicate = true> <Delay = 0.00>
ST_13 : Operation 1148 [2/2] (2.32ns)   --->   "%conv2_multiplier_load = load i4 %conv2_multiplier_addr" [../cnn_hls.cpp:122]   --->   Operation 1148 'load' 'conv2_multiplier_load' <Predicate = true> <Delay = 2.32> <CoreInst = "ROM">   --->   Core 94 'ROM' <Latency = 1> <II = 1> <Delay = 2.32> <Storage> <Opcode : 'load'> <Ports = 0> <Width = 30> <Depth = 16> <ROM>
ST_13 : Operation 1149 [1/1] (0.00ns)   --->   "%conv2_shift_addr = getelementptr i6 %conv2_shift, i64 0, i64 %zext_ln104" [../cnn_hls.cpp:122]   --->   Operation 1149 'getelementptr' 'conv2_shift_addr' <Predicate = true> <Delay = 0.00>
ST_13 : Operation 1150 [2/2] (2.32ns)   --->   "%conv2_shift_load = load i4 %conv2_shift_addr" [../cnn_hls.cpp:122]   --->   Operation 1150 'load' 'conv2_shift_load' <Predicate = true> <Delay = 2.32> <CoreInst = "ROM">   --->   Core 94 'ROM' <Latency = 1> <II = 1> <Delay = 2.32> <Storage> <Opcode : 'load'> <Ports = 0> <Width = 6> <Depth = 16> <ROM>

State 14 <SV = 13> <Delay = 4.42>
ST_14 : Operation 1151 [1/2] ( I:2.32ns O:2.32ns )   --->   "%acc = load i4 %conv2_bias_addr" [../cnn_hls.cpp:106]   --->   Operation 1151 'load' 'acc' <Predicate = true> <Delay = 2.32> <CoreInst = "ROM">   --->   Core 94 'ROM' <Latency = 1> <II = 1> <Delay = 2.32> <Storage> <Opcode : 'load'> <Ports = 0> <Width = 15> <Depth = 16> <ROM>
ST_14 : Operation 1152 [1/1] (0.00ns)   --->   "%sext_ln106 = sext i15 %acc" [../cnn_hls.cpp:106]   --->   Operation 1152 'sext' 'sext_ln106' <Predicate = true> <Delay = 0.00>
ST_14 : Operation 1153 [1/3] (0.00ns) (grouped into DSP with root node add_ln118)   --->   "%mul_ln118_2 = mul i16 %x72_0_61051_cast, i16 %sext_ln115" [../cnn_hls.cpp:118]   --->   Operation 1153 'mul' 'mul_ln118_2' <Predicate = true> <Delay = 0.00> <CoreInst = "DSP48">   --->   Core 116 'DSP48' <Latency = 3> <II = 1> <Delay = 2.15> <IPBlock> <Opcode : 'add' 'sub' 'mul' 'select'> <InPorts = 0> <OutPorts = 1> <Sync> <CReg>
ST_14 : Operation 1154 [1/1] (0.00ns) (grouped into DSP with root node add_ln118)   --->   "%sext_ln118_9 = sext i16 %mul_ln118_2" [../cnn_hls.cpp:118]   --->   Operation 1154 'sext' 'sext_ln118_9' <Predicate = true> <Delay = 0.00>
ST_14 : Operation 1155 [1/3] (0.00ns) (grouped into DSP with root node add_ln118_6)   --->   "%mul_ln118_3 = mul i16 %x72_0_510441045_cast, i16 %sext_ln118_5" [../cnn_hls.cpp:118]   --->   Operation 1155 'mul' 'mul_ln118_3' <Predicate = true> <Delay = 0.00> <CoreInst = "DSP48">   --->   Core 116 'DSP48' <Latency = 3> <II = 1> <Delay = 2.15> <IPBlock> <Opcode : 'add' 'sub' 'mul' 'select'> <InPorts = 0> <OutPorts = 1> <Sync> <CReg>
ST_14 : Operation 1156 [1/1] (0.00ns) (grouped into DSP with root node add_ln118_6)   --->   "%sext_ln118_10 = sext i16 %mul_ln118_3" [../cnn_hls.cpp:118]   --->   Operation 1156 'sext' 'sext_ln118_10' <Predicate = true> <Delay = 0.00>
ST_14 : Operation 1157 [1/3] (0.00ns) (grouped into DSP with root node add_ln118_2)   --->   "%mul_ln118_4 = mul i16 %x72_0_4100103810391050_cast, i16 %sext_ln118_4" [../cnn_hls.cpp:118]   --->   Operation 1157 'mul' 'mul_ln118_4' <Predicate = true> <Delay = 0.00> <CoreInst = "DSP48">   --->   Core 116 'DSP48' <Latency = 3> <II = 1> <Delay = 2.15> <IPBlock> <Opcode : 'add' 'sub' 'mul' 'select'> <InPorts = 0> <OutPorts = 1> <Sync> <CReg>
ST_14 : Operation 1158 [1/1] (0.00ns) (grouped into DSP with root node add_ln118_2)   --->   "%sext_ln118_11 = sext i16 %mul_ln118_4" [../cnn_hls.cpp:118]   --->   Operation 1158 'sext' 'sext_ln118_11' <Predicate = true> <Delay = 0.00>
ST_14 : Operation 1159 [1/3] (0.00ns) (grouped into DSP with root node add_ln118_11)   --->   "%mul_ln118_8 = mul i16 %x72_0_194199810011004100910141021_cast, i16 %sext_ln118_15" [../cnn_hls.cpp:118]   --->   Operation 1159 'mul' 'mul_ln118_8' <Predicate = true> <Delay = 0.00> <CoreInst = "DSP48">   --->   Core 116 'DSP48' <Latency = 3> <II = 1> <Delay = 2.15> <IPBlock> <Opcode : 'add' 'sub' 'mul' 'select'> <InPorts = 0> <OutPorts = 1> <Sync> <CReg>
ST_14 : Operation 1160 [1/1] (0.00ns) (grouped into DSP with root node add_ln118_11)   --->   "%sext_ln118_22 = sext i16 %mul_ln118_8" [../cnn_hls.cpp:118]   --->   Operation 1160 'sext' 'sext_ln118_22' <Predicate = true> <Delay = 0.00>
ST_14 : Operation 1161 [1/3] (0.00ns) (grouped into DSP with root node add_ln118_21)   --->   "%mul_ln118_11 = mul i16 %sext_ln111_6, i16 %zext_ln115_5" [../cnn_hls.cpp:118]   --->   Operation 1161 'mul' 'mul_ln118_11' <Predicate = true> <Delay = 0.00> <CoreInst = "DSP48">   --->   Core 116 'DSP48' <Latency = 3> <II = 1> <Delay = 2.15> <IPBlock> <Opcode : 'add' 'sub' 'mul' 'select'> <InPorts = 0> <OutPorts = 1> <Sync> <CReg>
ST_14 : Operation 1162 [1/1] (0.00ns) (grouped into DSP with root node add_ln118_21)   --->   "%sext_ln118_25 = sext i16 %mul_ln118_11" [../cnn_hls.cpp:118]   --->   Operation 1162 'sext' 'sext_ln118_25' <Predicate = true> <Delay = 0.00>
ST_14 : Operation 1163 [1/3] (0.00ns) (grouped into DSP with root node add_ln118_15)   --->   "%mul_ln118_16 = mul i16 %sext_ln111_1, i16 %zext_ln115" [../cnn_hls.cpp:118]   --->   Operation 1163 'mul' 'mul_ln118_16' <Predicate = true> <Delay = 0.00> <CoreInst = "DSP48">   --->   Core 116 'DSP48' <Latency = 3> <II = 1> <Delay = 2.15> <IPBlock> <Opcode : 'add' 'sub' 'mul' 'select'> <InPorts = 0> <OutPorts = 1> <Sync> <CReg>
ST_14 : Operation 1164 [1/1] (0.00ns) (grouped into DSP with root node add_ln118_15)   --->   "%sext_ln118_30 = sext i16 %mul_ln118_16" [../cnn_hls.cpp:118]   --->   Operation 1164 'sext' 'sext_ln118_30' <Predicate = true> <Delay = 0.00>
ST_14 : Operation 1165 [1/3] (0.00ns) (grouped into DSP with root node add_ln118_30)   --->   "%mul_ln118_25 = mul i16 %zext_ln111_2, i16 %sext_ln118_44" [../cnn_hls.cpp:118]   --->   Operation 1165 'mul' 'mul_ln118_25' <Predicate = true> <Delay = 0.00> <CoreInst = "DSP48">   --->   Core 116 'DSP48' <Latency = 3> <II = 1> <Delay = 2.15> <IPBlock> <Opcode : 'add' 'sub' 'mul' 'select'> <InPorts = 0> <OutPorts = 1> <Sync> <CReg>
ST_14 : Operation 1166 [1/1] (0.00ns) (grouped into DSP with root node add_ln118_30)   --->   "%sext_ln118_46 = sext i16 %mul_ln118_25" [../cnn_hls.cpp:118]   --->   Operation 1166 'sext' 'sext_ln118_46' <Predicate = true> <Delay = 0.00>
ST_14 : Operation 1167 [1/3] (0.00ns) (grouped into DSP with root node add_ln118_25)   --->   "%mul_ln118_30 = mul i16 %x72_0_3_2975976983986995_cast, i16 %sext_ln118_40" [../cnn_hls.cpp:118]   --->   Operation 1167 'mul' 'mul_ln118_30' <Predicate = true> <Delay = 0.00> <CoreInst = "DSP48">   --->   Core 116 'DSP48' <Latency = 3> <II = 1> <Delay = 2.15> <IPBlock> <Opcode : 'add' 'sub' 'mul' 'select'> <InPorts = 0> <OutPorts = 1> <Sync> <CReg>
ST_14 : Operation 1168 [1/1] (0.00ns) (grouped into DSP with root node add_ln118_25)   --->   "%sext_ln118_51 = sext i16 %mul_ln118_30" [../cnn_hls.cpp:118]   --->   Operation 1168 'sext' 'sext_ln118_51' <Predicate = true> <Delay = 0.00>
ST_14 : Operation 1169 [1/3] (0.00ns) (grouped into DSP with root node add_ln118_35)   --->   "%mul_ln118_37 = mul i16 %x72_0_4_3952953962965_cast, i16 %sext_ln118_56" [../cnn_hls.cpp:118]   --->   Operation 1169 'mul' 'mul_ln118_37' <Predicate = true> <Delay = 0.00> <CoreInst = "DSP48">   --->   Core 116 'DSP48' <Latency = 3> <II = 1> <Delay = 2.15> <IPBlock> <Opcode : 'add' 'sub' 'mul' 'select'> <InPorts = 0> <OutPorts = 1> <Sync> <CReg>
ST_14 : Operation 1170 [1/1] (0.00ns) (grouped into DSP with root node add_ln118_35)   --->   "%sext_ln118_65 = sext i16 %mul_ln118_37" [../cnn_hls.cpp:118]   --->   Operation 1170 'sext' 'sext_ln118_65' <Predicate = true> <Delay = 0.00>
ST_14 : Operation 1171 [1/3] (0.00ns) (grouped into DSP with root node add_ln118_33)   --->   "%mul_ln118_38 = mul i16 %x72_0_4_2948949956959968_cast, i16 %sext_ln118_55" [../cnn_hls.cpp:118]   --->   Operation 1171 'mul' 'mul_ln118_38' <Predicate = true> <Delay = 0.00> <CoreInst = "DSP48">   --->   Core 116 'DSP48' <Latency = 3> <II = 1> <Delay = 2.15> <IPBlock> <Opcode : 'add' 'sub' 'mul' 'select'> <InPorts = 0> <OutPorts = 1> <Sync> <CReg>
ST_14 : Operation 1172 [1/1] (0.00ns) (grouped into DSP with root node add_ln118_33)   --->   "%sext_ln118_66 = sext i16 %mul_ln118_38" [../cnn_hls.cpp:118]   --->   Operation 1172 'sext' 'sext_ln118_66' <Predicate = true> <Delay = 0.00>
ST_14 : Operation 1173 [2/2] (2.10ns) (root node of the DSP)   --->   "%add_ln118 = add i17 %sext_ln106, i17 %sext_ln118_9" [../cnn_hls.cpp:118]   --->   Operation 1173 'add' 'add_ln118' <Predicate = true> <Delay = 2.10> <CoreInst = "DSP48">   --->   Core 116 'DSP48' <Latency = 3> <II = 1> <Delay = 2.15> <IPBlock> <Opcode : 'add' 'sub' 'mul' 'select'> <InPorts = 0> <OutPorts = 1> <Sync> <CReg>
ST_14 : Operation 1174 [1/2] (2.10ns) (root node of the DSP)   --->   "%add_ln118_1 = add i17 %sext_ln118_13, i17 %sext_ln118_7" [../cnn_hls.cpp:118]   --->   Operation 1174 'add' 'add_ln118_1' <Predicate = true> <Delay = 2.10> <CoreInst = "DSP48">   --->   Core 116 'DSP48' <Latency = 3> <II = 1> <Delay = 2.15> <IPBlock> <Opcode : 'add' 'sub' 'mul' 'select'> <InPorts = 0> <OutPorts = 1> <Sync> <CReg>
ST_14 : Operation 1175 [1/1] (0.00ns)   --->   "%sext_ln118_69 = sext i17 %add_ln118_1" [../cnn_hls.cpp:118]   --->   Operation 1175 'sext' 'sext_ln118_69' <Predicate = true> <Delay = 0.00>
ST_14 : Operation 1176 [2/2] (2.10ns) (root node of the DSP)   --->   "%add_ln118_2 = add i18 %sext_ln118_69, i18 %sext_ln118_11" [../cnn_hls.cpp:118]   --->   Operation 1176 'add' 'add_ln118_2' <Predicate = true> <Delay = 2.10> <CoreInst = "DSP48">   --->   Core 116 'DSP48' <Latency = 3> <II = 1> <Delay = 2.15> <IPBlock> <Opcode : 'add' 'sub' 'mul' 'select'> <InPorts = 0> <OutPorts = 1> <Sync> <CReg>
ST_14 : Operation 1177 [1/2] (2.10ns) (root node of the DSP)   --->   "%add_ln118_4 = add i17 %sext_ln118_14, i17 %sext_ln118_12" [../cnn_hls.cpp:118]   --->   Operation 1177 'add' 'add_ln118_4' <Predicate = true> <Delay = 2.10> <CoreInst = "DSP48">   --->   Core 116 'DSP48' <Latency = 3> <II = 1> <Delay = 2.15> <IPBlock> <Opcode : 'add' 'sub' 'mul' 'select'> <InPorts = 0> <OutPorts = 1> <Sync> <CReg>
ST_14 : Operation 1178 [1/2] (2.10ns) (root node of the DSP)   --->   "%add_ln118_5 = add i17 %sext_ln118_8, i17 %sext_ln118_32" [../cnn_hls.cpp:118]   --->   Operation 1178 'add' 'add_ln118_5' <Predicate = true> <Delay = 2.10> <CoreInst = "DSP48">   --->   Core 116 'DSP48' <Latency = 3> <II = 1> <Delay = 2.15> <IPBlock> <Opcode : 'add' 'sub' 'mul' 'select'> <InPorts = 0> <OutPorts = 1> <Sync> <CReg>
ST_14 : Operation 1179 [1/1] (0.00ns)   --->   "%sext_ln118_73 = sext i17 %add_ln118_5" [../cnn_hls.cpp:118]   --->   Operation 1179 'sext' 'sext_ln118_73' <Predicate = true> <Delay = 0.00>
ST_14 : Operation 1180 [2/2] (2.10ns) (root node of the DSP)   --->   "%add_ln118_6 = add i18 %sext_ln118_73, i18 %sext_ln118_10" [../cnn_hls.cpp:118]   --->   Operation 1180 'add' 'add_ln118_6' <Predicate = true> <Delay = 2.10> <CoreInst = "DSP48">   --->   Core 116 'DSP48' <Latency = 3> <II = 1> <Delay = 2.15> <IPBlock> <Opcode : 'add' 'sub' 'mul' 'select'> <InPorts = 0> <OutPorts = 1> <Sync> <CReg>
ST_14 : Operation 1181 [1/2] (2.10ns) (root node of the DSP)   --->   "%add_ln118_9 = add i17 %sext_ln118_34, i17 %sext_ln118_36" [../cnn_hls.cpp:118]   --->   Operation 1181 'add' 'add_ln118_9' <Predicate = true> <Delay = 2.10> <CoreInst = "DSP48">   --->   Core 116 'DSP48' <Latency = 3> <II = 1> <Delay = 2.15> <IPBlock> <Opcode : 'add' 'sub' 'mul' 'select'> <InPorts = 0> <OutPorts = 1> <Sync> <CReg>
ST_14 : Operation 1182 [1/2] (2.10ns) (root node of the DSP)   --->   "%add_ln118_10 = add i17 %sext_ln118_37, i17 %sext_ln118_35" [../cnn_hls.cpp:118]   --->   Operation 1182 'add' 'add_ln118_10' <Predicate = true> <Delay = 2.10> <CoreInst = "DSP48">   --->   Core 116 'DSP48' <Latency = 3> <II = 1> <Delay = 2.15> <IPBlock> <Opcode : 'add' 'sub' 'mul' 'select'> <InPorts = 0> <OutPorts = 1> <Sync> <CReg>
ST_14 : Operation 1183 [1/1] (0.00ns)   --->   "%sext_ln118_78 = sext i17 %add_ln118_10" [../cnn_hls.cpp:118]   --->   Operation 1183 'sext' 'sext_ln118_78' <Predicate = true> <Delay = 0.00>
ST_14 : Operation 1184 [2/2] (2.10ns) (root node of the DSP)   --->   "%add_ln118_11 = add i18 %sext_ln118_78, i18 %sext_ln118_22" [../cnn_hls.cpp:118]   --->   Operation 1184 'add' 'add_ln118_11' <Predicate = true> <Delay = 2.10> <CoreInst = "DSP48">   --->   Core 116 'DSP48' <Latency = 3> <II = 1> <Delay = 2.15> <IPBlock> <Opcode : 'add' 'sub' 'mul' 'select'> <InPorts = 0> <OutPorts = 1> <Sync> <CReg>
ST_14 : Operation 1185 [1/2] (2.10ns) (root node of the DSP)   --->   "%add_ln118_13 = add i17 %sext_ln118_33, i17 %sext_ln118_31" [../cnn_hls.cpp:118]   --->   Operation 1185 'add' 'add_ln118_13' <Predicate = true> <Delay = 2.10> <CoreInst = "DSP48">   --->   Core 116 'DSP48' <Latency = 3> <II = 1> <Delay = 2.15> <IPBlock> <Opcode : 'add' 'sub' 'mul' 'select'> <InPorts = 0> <OutPorts = 1> <Sync> <CReg>
ST_14 : Operation 1186 [1/2] (2.10ns) (root node of the DSP)   --->   "%add_ln118_14 = add i17 %sext_ln118_29, i17 %sext_ln118_28" [../cnn_hls.cpp:118]   --->   Operation 1186 'add' 'add_ln118_14' <Predicate = true> <Delay = 2.10> <CoreInst = "DSP48">   --->   Core 116 'DSP48' <Latency = 3> <II = 1> <Delay = 2.15> <IPBlock> <Opcode : 'add' 'sub' 'mul' 'select'> <InPorts = 0> <OutPorts = 1> <Sync> <CReg>
ST_14 : Operation 1187 [1/1] (0.00ns)   --->   "%sext_ln118_82 = sext i17 %add_ln118_14" [../cnn_hls.cpp:118]   --->   Operation 1187 'sext' 'sext_ln118_82' <Predicate = true> <Delay = 0.00>
ST_14 : Operation 1188 [2/2] (2.10ns) (root node of the DSP)   --->   "%add_ln118_15 = add i18 %sext_ln118_82, i18 %sext_ln118_30" [../cnn_hls.cpp:118]   --->   Operation 1188 'add' 'add_ln118_15' <Predicate = true> <Delay = 2.10> <CoreInst = "DSP48">   --->   Core 116 'DSP48' <Latency = 3> <II = 1> <Delay = 2.15> <IPBlock> <Opcode : 'add' 'sub' 'mul' 'select'> <InPorts = 0> <OutPorts = 1> <Sync> <CReg>
ST_14 : Operation 1189 [1/2] (2.10ns) (root node of the DSP)   --->   "%add_ln118_19 = add i17 %sext_ln118_27, i17 %sext_ln118_26" [../cnn_hls.cpp:118]   --->   Operation 1189 'add' 'add_ln118_19' <Predicate = true> <Delay = 2.10> <CoreInst = "DSP48">   --->   Core 116 'DSP48' <Latency = 3> <II = 1> <Delay = 2.15> <IPBlock> <Opcode : 'add' 'sub' 'mul' 'select'> <InPorts = 0> <OutPorts = 1> <Sync> <CReg>
ST_14 : Operation 1190 [1/2] (2.10ns) (root node of the DSP)   --->   "%add_ln118_20 = add i17 %sext_ln118_24, i17 %sext_ln118_23" [../cnn_hls.cpp:118]   --->   Operation 1190 'add' 'add_ln118_20' <Predicate = true> <Delay = 2.10> <CoreInst = "DSP48">   --->   Core 116 'DSP48' <Latency = 3> <II = 1> <Delay = 2.15> <IPBlock> <Opcode : 'add' 'sub' 'mul' 'select'> <InPorts = 0> <OutPorts = 1> <Sync> <CReg>
ST_14 : Operation 1191 [1/1] (0.00ns)   --->   "%sext_ln118_88 = sext i17 %add_ln118_20" [../cnn_hls.cpp:118]   --->   Operation 1191 'sext' 'sext_ln118_88' <Predicate = true> <Delay = 0.00>
ST_14 : Operation 1192 [2/2] (2.10ns) (root node of the DSP)   --->   "%add_ln118_21 = add i18 %sext_ln118_88, i18 %sext_ln118_25" [../cnn_hls.cpp:118]   --->   Operation 1192 'add' 'add_ln118_21' <Predicate = true> <Delay = 2.10> <CoreInst = "DSP48">   --->   Core 116 'DSP48' <Latency = 3> <II = 1> <Delay = 2.15> <IPBlock> <Opcode : 'add' 'sub' 'mul' 'select'> <InPorts = 0> <OutPorts = 1> <Sync> <CReg>
ST_14 : Operation 1193 [1/2] (2.10ns) (root node of the DSP)   --->   "%add_ln118_23 = add i17 %sext_ln118_47, i17 %sext_ln118_49" [../cnn_hls.cpp:118]   --->   Operation 1193 'add' 'add_ln118_23' <Predicate = true> <Delay = 2.10> <CoreInst = "DSP48">   --->   Core 116 'DSP48' <Latency = 3> <II = 1> <Delay = 2.15> <IPBlock> <Opcode : 'add' 'sub' 'mul' 'select'> <InPorts = 0> <OutPorts = 1> <Sync> <CReg>
ST_14 : Operation 1194 [1/2] (2.10ns) (root node of the DSP)   --->   "%add_ln118_24 = add i17 %sext_ln118_45, i17 %sext_ln118_52" [../cnn_hls.cpp:118]   --->   Operation 1194 'add' 'add_ln118_24' <Predicate = true> <Delay = 2.10> <CoreInst = "DSP48">   --->   Core 116 'DSP48' <Latency = 3> <II = 1> <Delay = 2.15> <IPBlock> <Opcode : 'add' 'sub' 'mul' 'select'> <InPorts = 0> <OutPorts = 1> <Sync> <CReg>
ST_14 : Operation 1195 [1/1] (0.00ns)   --->   "%sext_ln118_92 = sext i17 %add_ln118_24" [../cnn_hls.cpp:118]   --->   Operation 1195 'sext' 'sext_ln118_92' <Predicate = true> <Delay = 0.00>
ST_14 : Operation 1196 [2/2] (2.10ns) (root node of the DSP)   --->   "%add_ln118_25 = add i18 %sext_ln118_92, i18 %sext_ln118_51" [../cnn_hls.cpp:118]   --->   Operation 1196 'add' 'add_ln118_25' <Predicate = true> <Delay = 2.10> <CoreInst = "DSP48">   --->   Core 116 'DSP48' <Latency = 3> <II = 1> <Delay = 2.15> <IPBlock> <Opcode : 'add' 'sub' 'mul' 'select'> <InPorts = 0> <OutPorts = 1> <Sync> <CReg>
ST_14 : Operation 1197 [1/2] (2.10ns) (root node of the DSP)   --->   "%add_ln118_28 = add i17 %sext_ln118_50, i17 %sext_ln118_48" [../cnn_hls.cpp:118]   --->   Operation 1197 'add' 'add_ln118_28' <Predicate = true> <Delay = 2.10> <CoreInst = "DSP48">   --->   Core 116 'DSP48' <Latency = 3> <II = 1> <Delay = 2.15> <IPBlock> <Opcode : 'add' 'sub' 'mul' 'select'> <InPorts = 0> <OutPorts = 1> <Sync> <CReg>
ST_14 : Operation 1198 [1/2] (2.10ns) (root node of the DSP)   --->   "%add_ln118_29 = add i17 %sext_ln118_62, i17 %sext_ln118_64" [../cnn_hls.cpp:118]   --->   Operation 1198 'add' 'add_ln118_29' <Predicate = true> <Delay = 2.10> <CoreInst = "DSP48">   --->   Core 116 'DSP48' <Latency = 3> <II = 1> <Delay = 2.15> <IPBlock> <Opcode : 'add' 'sub' 'mul' 'select'> <InPorts = 0> <OutPorts = 1> <Sync> <CReg>
ST_14 : Operation 1199 [1/1] (0.00ns)   --->   "%sext_ln118_97 = sext i17 %add_ln118_29" [../cnn_hls.cpp:118]   --->   Operation 1199 'sext' 'sext_ln118_97' <Predicate = true> <Delay = 0.00>
ST_14 : Operation 1200 [2/2] (2.10ns) (root node of the DSP)   --->   "%add_ln118_30 = add i18 %sext_ln118_97, i18 %sext_ln118_46" [../cnn_hls.cpp:118]   --->   Operation 1200 'add' 'add_ln118_30' <Predicate = true> <Delay = 2.10> <CoreInst = "DSP48">   --->   Core 116 'DSP48' <Latency = 3> <II = 1> <Delay = 2.15> <IPBlock> <Opcode : 'add' 'sub' 'mul' 'select'> <InPorts = 0> <OutPorts = 1> <Sync> <CReg>
ST_14 : Operation 1201 [1/2] (2.10ns) (root node of the DSP)   --->   "%add_ln118_32 = add i17 %sext_ln118_60, i17 %sext_ln118_67" [../cnn_hls.cpp:118]   --->   Operation 1201 'add' 'add_ln118_32' <Predicate = true> <Delay = 2.10> <CoreInst = "DSP48">   --->   Core 116 'DSP48' <Latency = 3> <II = 1> <Delay = 2.15> <IPBlock> <Opcode : 'add' 'sub' 'mul' 'select'> <InPorts = 0> <OutPorts = 1> <Sync> <CReg>
ST_14 : Operation 1202 [1/1] (0.00ns)   --->   "%sext_ln118_100 = sext i17 %add_ln118_32" [../cnn_hls.cpp:118]   --->   Operation 1202 'sext' 'sext_ln118_100' <Predicate = true> <Delay = 0.00>
ST_14 : Operation 1203 [2/2] (2.10ns) (root node of the DSP)   --->   "%add_ln118_33 = add i18 %sext_ln118_100, i18 %sext_ln118_66" [../cnn_hls.cpp:118]   --->   Operation 1203 'add' 'add_ln118_33' <Predicate = true> <Delay = 2.10> <CoreInst = "DSP48">   --->   Core 116 'DSP48' <Latency = 3> <II = 1> <Delay = 2.15> <IPBlock> <Opcode : 'add' 'sub' 'mul' 'select'> <InPorts = 0> <OutPorts = 1> <Sync> <CReg>
ST_14 : Operation 1204 [1/2] (2.10ns) (root node of the DSP)   --->   "%add_ln118_34 = add i17 %sext_ln118_63, i17 %sext_ln118_61" [../cnn_hls.cpp:118]   --->   Operation 1204 'add' 'add_ln118_34' <Predicate = true> <Delay = 2.10> <CoreInst = "DSP48">   --->   Core 116 'DSP48' <Latency = 3> <II = 1> <Delay = 2.15> <IPBlock> <Opcode : 'add' 'sub' 'mul' 'select'> <InPorts = 0> <OutPorts = 1> <Sync> <CReg>
ST_14 : Operation 1205 [1/1] (0.00ns)   --->   "%sext_ln118_102 = sext i17 %add_ln118_34" [../cnn_hls.cpp:118]   --->   Operation 1205 'sext' 'sext_ln118_102' <Predicate = true> <Delay = 0.00>
ST_14 : Operation 1206 [2/2] (2.10ns) (root node of the DSP)   --->   "%add_ln118_35 = add i18 %sext_ln118_102, i18 %sext_ln118_65" [../cnn_hls.cpp:118]   --->   Operation 1206 'add' 'add_ln118_35' <Predicate = true> <Delay = 2.10> <CoreInst = "DSP48">   --->   Core 116 'DSP48' <Latency = 3> <II = 1> <Delay = 2.15> <IPBlock> <Opcode : 'add' 'sub' 'mul' 'select'> <InPorts = 0> <OutPorts = 1> <Sync> <CReg>
ST_14 : Operation 1207 [1/2] ( I:2.32ns O:2.32ns )   --->   "%conv2_multiplier_load = load i4 %conv2_multiplier_addr" [../cnn_hls.cpp:122]   --->   Operation 1207 'load' 'conv2_multiplier_load' <Predicate = true> <Delay = 2.32> <CoreInst = "ROM">   --->   Core 94 'ROM' <Latency = 1> <II = 1> <Delay = 2.32> <Storage> <Opcode : 'load'> <Ports = 0> <Width = 30> <Depth = 16> <ROM>
ST_14 : Operation 1208 [1/2] ( I:2.32ns O:2.32ns )   --->   "%conv2_shift_load = load i4 %conv2_shift_addr" [../cnn_hls.cpp:122]   --->   Operation 1208 'load' 'conv2_shift_load' <Predicate = true> <Delay = 2.32> <CoreInst = "ROM">   --->   Core 94 'ROM' <Latency = 1> <II = 1> <Delay = 2.32> <Storage> <Opcode : 'load'> <Ports = 0> <Width = 6> <Depth = 16> <ROM>

State 15 <SV = 14> <Delay = 6.40>
ST_15 : Operation 1209 [1/2] (2.10ns) (root node of the DSP)   --->   "%add_ln118 = add i17 %sext_ln106, i17 %sext_ln118_9" [../cnn_hls.cpp:118]   --->   Operation 1209 'add' 'add_ln118' <Predicate = true> <Delay = 2.10> <CoreInst = "DSP48">   --->   Core 116 'DSP48' <Latency = 3> <II = 1> <Delay = 2.15> <IPBlock> <Opcode : 'add' 'sub' 'mul' 'select'> <InPorts = 0> <OutPorts = 1> <Sync> <CReg>
ST_15 : Operation 1210 [1/1] (0.00ns)   --->   "%sext_ln118_68 = sext i17 %add_ln118" [../cnn_hls.cpp:118]   --->   Operation 1210 'sext' 'sext_ln118_68' <Predicate = true> <Delay = 0.00>
ST_15 : Operation 1211 [1/2] (2.10ns) (root node of the DSP)   --->   "%add_ln118_2 = add i18 %sext_ln118_69, i18 %sext_ln118_11" [../cnn_hls.cpp:118]   --->   Operation 1211 'add' 'add_ln118_2' <Predicate = true> <Delay = 2.10> <CoreInst = "DSP48">   --->   Core 116 'DSP48' <Latency = 3> <II = 1> <Delay = 2.15> <IPBlock> <Opcode : 'add' 'sub' 'mul' 'select'> <InPorts = 0> <OutPorts = 1> <Sync> <CReg>
ST_15 : Operation 1212 [1/1] (0.00ns)   --->   "%sext_ln118_70 = sext i18 %add_ln118_2" [../cnn_hls.cpp:118]   --->   Operation 1212 'sext' 'sext_ln118_70' <Predicate = true> <Delay = 0.00>
ST_15 : Operation 1213 [1/1] (2.13ns)   --->   "%add_ln118_3 = add i19 %sext_ln118_70, i19 %sext_ln118_68" [../cnn_hls.cpp:118]   --->   Operation 1213 'add' 'add_ln118_3' <Predicate = true> <Delay = 2.13> <CoreInst = "Adder">   --->   Core 1 'Adder' <Latency = 0> <II = 1> <Delay = 2.13> <FuncUnit> <Opcode : 'add' 'sub'> <InPorts = 2> <OutPorts = 1>
ST_15 : Operation 1214 [1/1] (0.00ns)   --->   "%sext_ln118_71 = sext i19 %add_ln118_3" [../cnn_hls.cpp:118]   --->   Operation 1214 'sext' 'sext_ln118_71' <Predicate = true> <Delay = 0.00>
ST_15 : Operation 1215 [1/1] (0.00ns)   --->   "%sext_ln118_72 = sext i17 %add_ln118_4" [../cnn_hls.cpp:118]   --->   Operation 1215 'sext' 'sext_ln118_72' <Predicate = true> <Delay = 0.00>
ST_15 : Operation 1216 [1/2] (2.10ns) (root node of the DSP)   --->   "%add_ln118_6 = add i18 %sext_ln118_73, i18 %sext_ln118_10" [../cnn_hls.cpp:118]   --->   Operation 1216 'add' 'add_ln118_6' <Predicate = true> <Delay = 2.10> <CoreInst = "DSP48">   --->   Core 116 'DSP48' <Latency = 3> <II = 1> <Delay = 2.15> <IPBlock> <Opcode : 'add' 'sub' 'mul' 'select'> <InPorts = 0> <OutPorts = 1> <Sync> <CReg>
ST_15 : Operation 1217 [1/1] (0.00ns)   --->   "%sext_ln118_74 = sext i18 %add_ln118_6" [../cnn_hls.cpp:118]   --->   Operation 1217 'sext' 'sext_ln118_74' <Predicate = true> <Delay = 0.00>
ST_15 : Operation 1218 [1/1] (2.13ns)   --->   "%add_ln118_7 = add i19 %sext_ln118_74, i19 %sext_ln118_72" [../cnn_hls.cpp:118]   --->   Operation 1218 'add' 'add_ln118_7' <Predicate = true> <Delay = 2.13> <CoreInst = "Adder">   --->   Core 1 'Adder' <Latency = 0> <II = 1> <Delay = 2.13> <FuncUnit> <Opcode : 'add' 'sub'> <InPorts = 2> <OutPorts = 1>
ST_15 : Operation 1219 [1/1] (0.00ns)   --->   "%sext_ln118_75 = sext i19 %add_ln118_7" [../cnn_hls.cpp:118]   --->   Operation 1219 'sext' 'sext_ln118_75' <Predicate = true> <Delay = 0.00>
ST_15 : Operation 1220 [1/1] (2.16ns)   --->   "%add_ln118_8 = add i20 %sext_ln118_75, i20 %sext_ln118_71" [../cnn_hls.cpp:118]   --->   Operation 1220 'add' 'add_ln118_8' <Predicate = true> <Delay = 2.16> <CoreInst = "Adder">   --->   Core 1 'Adder' <Latency = 0> <II = 1> <Delay = 2.16> <FuncUnit> <Opcode : 'add' 'sub'> <InPorts = 2> <OutPorts = 1>
ST_15 : Operation 1221 [1/1] (0.00ns)   --->   "%sext_ln118_77 = sext i17 %add_ln118_9" [../cnn_hls.cpp:118]   --->   Operation 1221 'sext' 'sext_ln118_77' <Predicate = true> <Delay = 0.00>
ST_15 : Operation 1222 [1/2] (2.10ns) (root node of the DSP)   --->   "%add_ln118_11 = add i18 %sext_ln118_78, i18 %sext_ln118_22" [../cnn_hls.cpp:118]   --->   Operation 1222 'add' 'add_ln118_11' <Predicate = true> <Delay = 2.10> <CoreInst = "DSP48">   --->   Core 116 'DSP48' <Latency = 3> <II = 1> <Delay = 2.15> <IPBlock> <Opcode : 'add' 'sub' 'mul' 'select'> <InPorts = 0> <OutPorts = 1> <Sync> <CReg>
ST_15 : Operation 1223 [1/1] (0.00ns)   --->   "%sext_ln118_79 = sext i18 %add_ln118_11" [../cnn_hls.cpp:118]   --->   Operation 1223 'sext' 'sext_ln118_79' <Predicate = true> <Delay = 0.00>
ST_15 : Operation 1224 [1/1] (2.13ns)   --->   "%add_ln118_12 = add i19 %sext_ln118_79, i19 %sext_ln118_77" [../cnn_hls.cpp:118]   --->   Operation 1224 'add' 'add_ln118_12' <Predicate = true> <Delay = 2.13> <CoreInst = "Adder">   --->   Core 1 'Adder' <Latency = 0> <II = 1> <Delay = 2.13> <FuncUnit> <Opcode : 'add' 'sub'> <InPorts = 2> <OutPorts = 1>
ST_15 : Operation 1225 [1/1] (0.00ns)   --->   "%sext_ln118_80 = sext i19 %add_ln118_12" [../cnn_hls.cpp:118]   --->   Operation 1225 'sext' 'sext_ln118_80' <Predicate = true> <Delay = 0.00>
ST_15 : Operation 1226 [1/1] (0.00ns)   --->   "%sext_ln118_81 = sext i17 %add_ln118_13" [../cnn_hls.cpp:118]   --->   Operation 1226 'sext' 'sext_ln118_81' <Predicate = true> <Delay = 0.00>
ST_15 : Operation 1227 [1/2] (2.10ns) (root node of the DSP)   --->   "%add_ln118_15 = add i18 %sext_ln118_82, i18 %sext_ln118_30" [../cnn_hls.cpp:118]   --->   Operation 1227 'add' 'add_ln118_15' <Predicate = true> <Delay = 2.10> <CoreInst = "DSP48">   --->   Core 116 'DSP48' <Latency = 3> <II = 1> <Delay = 2.15> <IPBlock> <Opcode : 'add' 'sub' 'mul' 'select'> <InPorts = 0> <OutPorts = 1> <Sync> <CReg>
ST_15 : Operation 1228 [1/1] (0.00ns)   --->   "%sext_ln118_83 = sext i18 %add_ln118_15" [../cnn_hls.cpp:118]   --->   Operation 1228 'sext' 'sext_ln118_83' <Predicate = true> <Delay = 0.00>
ST_15 : Operation 1229 [1/1] (2.13ns)   --->   "%add_ln118_16 = add i19 %sext_ln118_83, i19 %sext_ln118_81" [../cnn_hls.cpp:118]   --->   Operation 1229 'add' 'add_ln118_16' <Predicate = true> <Delay = 2.13> <CoreInst = "Adder">   --->   Core 1 'Adder' <Latency = 0> <II = 1> <Delay = 2.13> <FuncUnit> <Opcode : 'add' 'sub'> <InPorts = 2> <OutPorts = 1>
ST_15 : Operation 1230 [1/1] (0.00ns)   --->   "%sext_ln118_84 = sext i19 %add_ln118_16" [../cnn_hls.cpp:118]   --->   Operation 1230 'sext' 'sext_ln118_84' <Predicate = true> <Delay = 0.00>
ST_15 : Operation 1231 [1/1] (2.16ns)   --->   "%add_ln118_17 = add i20 %sext_ln118_84, i20 %sext_ln118_80" [../cnn_hls.cpp:118]   --->   Operation 1231 'add' 'add_ln118_17' <Predicate = true> <Delay = 2.16> <CoreInst = "Adder">   --->   Core 1 'Adder' <Latency = 0> <II = 1> <Delay = 2.16> <FuncUnit> <Opcode : 'add' 'sub'> <InPorts = 2> <OutPorts = 1>
ST_15 : Operation 1232 [1/1] (0.00ns)   --->   "%sext_ln118_87 = sext i17 %add_ln118_19" [../cnn_hls.cpp:118]   --->   Operation 1232 'sext' 'sext_ln118_87' <Predicate = true> <Delay = 0.00>
ST_15 : Operation 1233 [1/2] (2.10ns) (root node of the DSP)   --->   "%add_ln118_21 = add i18 %sext_ln118_88, i18 %sext_ln118_25" [../cnn_hls.cpp:118]   --->   Operation 1233 'add' 'add_ln118_21' <Predicate = true> <Delay = 2.10> <CoreInst = "DSP48">   --->   Core 116 'DSP48' <Latency = 3> <II = 1> <Delay = 2.15> <IPBlock> <Opcode : 'add' 'sub' 'mul' 'select'> <InPorts = 0> <OutPorts = 1> <Sync> <CReg>
ST_15 : Operation 1234 [1/1] (0.00ns)   --->   "%sext_ln118_89 = sext i18 %add_ln118_21" [../cnn_hls.cpp:118]   --->   Operation 1234 'sext' 'sext_ln118_89' <Predicate = true> <Delay = 0.00>
ST_15 : Operation 1235 [1/1] (2.13ns)   --->   "%add_ln118_22 = add i19 %sext_ln118_89, i19 %sext_ln118_87" [../cnn_hls.cpp:118]   --->   Operation 1235 'add' 'add_ln118_22' <Predicate = true> <Delay = 2.13> <CoreInst = "Adder">   --->   Core 1 'Adder' <Latency = 0> <II = 1> <Delay = 2.13> <FuncUnit> <Opcode : 'add' 'sub'> <InPorts = 2> <OutPorts = 1>
ST_15 : Operation 1236 [1/1] (0.00ns)   --->   "%sext_ln118_90 = sext i19 %add_ln118_22" [../cnn_hls.cpp:118]   --->   Operation 1236 'sext' 'sext_ln118_90' <Predicate = true> <Delay = 0.00>
ST_15 : Operation 1237 [1/1] (0.00ns)   --->   "%sext_ln118_91 = sext i17 %add_ln118_23" [../cnn_hls.cpp:118]   --->   Operation 1237 'sext' 'sext_ln118_91' <Predicate = true> <Delay = 0.00>
ST_15 : Operation 1238 [1/2] (2.10ns) (root node of the DSP)   --->   "%add_ln118_25 = add i18 %sext_ln118_92, i18 %sext_ln118_51" [../cnn_hls.cpp:118]   --->   Operation 1238 'add' 'add_ln118_25' <Predicate = true> <Delay = 2.10> <CoreInst = "DSP48">   --->   Core 116 'DSP48' <Latency = 3> <II = 1> <Delay = 2.15> <IPBlock> <Opcode : 'add' 'sub' 'mul' 'select'> <InPorts = 0> <OutPorts = 1> <Sync> <CReg>
ST_15 : Operation 1239 [1/1] (0.00ns)   --->   "%sext_ln118_93 = sext i18 %add_ln118_25" [../cnn_hls.cpp:118]   --->   Operation 1239 'sext' 'sext_ln118_93' <Predicate = true> <Delay = 0.00>
ST_15 : Operation 1240 [1/1] (2.13ns)   --->   "%add_ln118_26 = add i19 %sext_ln118_93, i19 %sext_ln118_91" [../cnn_hls.cpp:118]   --->   Operation 1240 'add' 'add_ln118_26' <Predicate = true> <Delay = 2.13> <CoreInst = "Adder">   --->   Core 1 'Adder' <Latency = 0> <II = 1> <Delay = 2.13> <FuncUnit> <Opcode : 'add' 'sub'> <InPorts = 2> <OutPorts = 1>
ST_15 : Operation 1241 [1/1] (0.00ns)   --->   "%sext_ln118_94 = sext i19 %add_ln118_26" [../cnn_hls.cpp:118]   --->   Operation 1241 'sext' 'sext_ln118_94' <Predicate = true> <Delay = 0.00>
ST_15 : Operation 1242 [1/1] (2.16ns)   --->   "%add_ln118_27 = add i20 %sext_ln118_94, i20 %sext_ln118_90" [../cnn_hls.cpp:118]   --->   Operation 1242 'add' 'add_ln118_27' <Predicate = true> <Delay = 2.16> <CoreInst = "Adder">   --->   Core 1 'Adder' <Latency = 0> <II = 1> <Delay = 2.16> <FuncUnit> <Opcode : 'add' 'sub'> <InPorts = 2> <OutPorts = 1>
ST_15 : Operation 1243 [1/1] (0.00ns)   --->   "%sext_ln118_96 = sext i17 %add_ln118_28" [../cnn_hls.cpp:118]   --->   Operation 1243 'sext' 'sext_ln118_96' <Predicate = true> <Delay = 0.00>
ST_15 : Operation 1244 [1/2] (2.10ns) (root node of the DSP)   --->   "%add_ln118_30 = add i18 %sext_ln118_97, i18 %sext_ln118_46" [../cnn_hls.cpp:118]   --->   Operation 1244 'add' 'add_ln118_30' <Predicate = true> <Delay = 2.10> <CoreInst = "DSP48">   --->   Core 116 'DSP48' <Latency = 3> <II = 1> <Delay = 2.15> <IPBlock> <Opcode : 'add' 'sub' 'mul' 'select'> <InPorts = 0> <OutPorts = 1> <Sync> <CReg>
ST_15 : Operation 1245 [1/1] (0.00ns)   --->   "%sext_ln118_98 = sext i18 %add_ln118_30" [../cnn_hls.cpp:118]   --->   Operation 1245 'sext' 'sext_ln118_98' <Predicate = true> <Delay = 0.00>
ST_15 : Operation 1246 [1/1] (2.13ns)   --->   "%add_ln118_31 = add i19 %sext_ln118_98, i19 %sext_ln118_96" [../cnn_hls.cpp:118]   --->   Operation 1246 'add' 'add_ln118_31' <Predicate = true> <Delay = 2.13> <CoreInst = "Adder">   --->   Core 1 'Adder' <Latency = 0> <II = 1> <Delay = 2.13> <FuncUnit> <Opcode : 'add' 'sub'> <InPorts = 2> <OutPorts = 1>
ST_15 : Operation 1247 [1/1] (0.00ns)   --->   "%sext_ln118_99 = sext i19 %add_ln118_31" [../cnn_hls.cpp:118]   --->   Operation 1247 'sext' 'sext_ln118_99' <Predicate = true> <Delay = 0.00>
ST_15 : Operation 1248 [1/2] (2.10ns) (root node of the DSP)   --->   "%add_ln118_33 = add i18 %sext_ln118_100, i18 %sext_ln118_66" [../cnn_hls.cpp:118]   --->   Operation 1248 'add' 'add_ln118_33' <Predicate = true> <Delay = 2.10> <CoreInst = "DSP48">   --->   Core 116 'DSP48' <Latency = 3> <II = 1> <Delay = 2.15> <IPBlock> <Opcode : 'add' 'sub' 'mul' 'select'> <InPorts = 0> <OutPorts = 1> <Sync> <CReg>
ST_15 : Operation 1249 [1/1] (0.00ns)   --->   "%sext_ln118_101 = sext i18 %add_ln118_33" [../cnn_hls.cpp:118]   --->   Operation 1249 'sext' 'sext_ln118_101' <Predicate = true> <Delay = 0.00>
ST_15 : Operation 1250 [1/2] (2.10ns) (root node of the DSP)   --->   "%add_ln118_35 = add i18 %sext_ln118_102, i18 %sext_ln118_65" [../cnn_hls.cpp:118]   --->   Operation 1250 'add' 'add_ln118_35' <Predicate = true> <Delay = 2.10> <CoreInst = "DSP48">   --->   Core 116 'DSP48' <Latency = 3> <II = 1> <Delay = 2.15> <IPBlock> <Opcode : 'add' 'sub' 'mul' 'select'> <InPorts = 0> <OutPorts = 1> <Sync> <CReg>
ST_15 : Operation 1251 [1/1] (0.00ns)   --->   "%sext_ln118_103 = sext i18 %add_ln118_35" [../cnn_hls.cpp:118]   --->   Operation 1251 'sext' 'sext_ln118_103' <Predicate = true> <Delay = 0.00>
ST_15 : Operation 1252 [1/1] (2.13ns)   --->   "%add_ln118_36 = add i19 %sext_ln118_103, i19 %sext_ln118_101" [../cnn_hls.cpp:118]   --->   Operation 1252 'add' 'add_ln118_36' <Predicate = true> <Delay = 2.13> <CoreInst = "Adder">   --->   Core 1 'Adder' <Latency = 0> <II = 1> <Delay = 2.13> <FuncUnit> <Opcode : 'add' 'sub'> <InPorts = 2> <OutPorts = 1>
ST_15 : Operation 1253 [1/1] (0.00ns)   --->   "%sext_ln118_104 = sext i19 %add_ln118_36" [../cnn_hls.cpp:118]   --->   Operation 1253 'sext' 'sext_ln118_104' <Predicate = true> <Delay = 0.00>
ST_15 : Operation 1254 [1/1] (2.16ns)   --->   "%add_ln118_37 = add i20 %sext_ln118_104, i20 %sext_ln118_99" [../cnn_hls.cpp:118]   --->   Operation 1254 'add' 'add_ln118_37' <Predicate = true> <Delay = 2.16> <CoreInst = "Adder">   --->   Core 1 'Adder' <Latency = 0> <II = 1> <Delay = 2.16> <FuncUnit> <Opcode : 'add' 'sub'> <InPorts = 2> <OutPorts = 1>

State 16 <SV = 15> <Delay = 4.42>
ST_16 : Operation 1255 [1/1] (0.00ns)   --->   "%sext_ln118_76 = sext i20 %add_ln118_8" [../cnn_hls.cpp:118]   --->   Operation 1255 'sext' 'sext_ln118_76' <Predicate = true> <Delay = 0.00>
ST_16 : Operation 1256 [1/1] (0.00ns)   --->   "%sext_ln118_85 = sext i20 %add_ln118_17" [../cnn_hls.cpp:118]   --->   Operation 1256 'sext' 'sext_ln118_85' <Predicate = true> <Delay = 0.00>
ST_16 : Operation 1257 [1/1] (2.19ns)   --->   "%add_ln118_18 = add i21 %sext_ln118_85, i21 %sext_ln118_76" [../cnn_hls.cpp:118]   --->   Operation 1257 'add' 'add_ln118_18' <Predicate = true> <Delay = 2.19> <CoreInst = "Adder">   --->   Core 1 'Adder' <Latency = 0> <II = 1> <Delay = 2.19> <FuncUnit> <Opcode : 'add' 'sub'> <InPorts = 2> <OutPorts = 1>
ST_16 : Operation 1258 [1/1] (0.00ns)   --->   "%sext_ln118_86 = sext i21 %add_ln118_18" [../cnn_hls.cpp:118]   --->   Operation 1258 'sext' 'sext_ln118_86' <Predicate = true> <Delay = 0.00>
ST_16 : Operation 1259 [1/1] (0.00ns)   --->   "%sext_ln118_95 = sext i20 %add_ln118_27" [../cnn_hls.cpp:118]   --->   Operation 1259 'sext' 'sext_ln118_95' <Predicate = true> <Delay = 0.00>
ST_16 : Operation 1260 [1/1] (0.00ns)   --->   "%sext_ln118_105 = sext i20 %add_ln118_37" [../cnn_hls.cpp:118]   --->   Operation 1260 'sext' 'sext_ln118_105' <Predicate = true> <Delay = 0.00>
ST_16 : Operation 1261 [1/1] (2.19ns)   --->   "%add_ln118_38 = add i21 %sext_ln118_105, i21 %sext_ln118_95" [../cnn_hls.cpp:118]   --->   Operation 1261 'add' 'add_ln118_38' <Predicate = true> <Delay = 2.19> <CoreInst = "Adder">   --->   Core 1 'Adder' <Latency = 0> <II = 1> <Delay = 2.19> <FuncUnit> <Opcode : 'add' 'sub'> <InPorts = 2> <OutPorts = 1>
ST_16 : Operation 1262 [1/1] (0.00ns)   --->   "%sext_ln118_106 = sext i21 %add_ln118_38" [../cnn_hls.cpp:118]   --->   Operation 1262 'sext' 'sext_ln118_106' <Predicate = true> <Delay = 0.00>
ST_16 : Operation 1263 [1/1] (2.22ns)   --->   "%acc_3 = add i22 %sext_ln118_106, i22 %sext_ln118_86" [../cnn_hls.cpp:118]   --->   Operation 1263 'add' 'acc_3' <Predicate = true> <Delay = 2.22> <CoreInst = "Adder">   --->   Core 1 'Adder' <Latency = 0> <II = 1> <Delay = 2.22> <FuncUnit> <Opcode : 'add' 'sub'> <InPorts = 2> <OutPorts = 1>

State 17 <SV = 16> <Delay = 6.91>
ST_17 : Operation 1264 [1/1] (0.00ns)   --->   "%sext_ln9 = sext i22 %acc_3" [../cnn_hls.cpp:9->../cnn_hls.cpp:122]   --->   Operation 1264 'sext' 'sext_ln9' <Predicate = true> <Delay = 0.00>
ST_17 : Operation 1265 [1/1] (0.00ns)   --->   "%zext_ln9 = zext i30 %conv2_multiplier_load" [../cnn_hls.cpp:9->../cnn_hls.cpp:122]   --->   Operation 1265 'zext' 'zext_ln9' <Predicate = true> <Delay = 0.00>
ST_17 : Operation 1266 [2/2] (6.91ns)   --->   "%acc64 = mul i52 %sext_ln9, i52 %zext_ln9" [../cnn_hls.cpp:9->../cnn_hls.cpp:122]   --->   Operation 1266 'mul' 'acc64' <Predicate = true> <Delay = 6.91> <CoreInst = "Multiplier">   --->   Core 3 'Multiplier' <Latency = 1> <II = 1> <Delay = 6.91> <FuncUnit> <Opcode : 'mul'> <InPorts = 2> <OutPorts = 1>

State 18 <SV = 17> <Delay = 6.91>
ST_18 : Operation 1267 [1/2] (6.91ns)   --->   "%acc64 = mul i52 %sext_ln9, i52 %zext_ln9" [../cnn_hls.cpp:9->../cnn_hls.cpp:122]   --->   Operation 1267 'mul' 'acc64' <Predicate = true> <Delay = 6.91> <CoreInst = "Multiplier">   --->   Core 3 'Multiplier' <Latency = 1> <II = 1> <Delay = 6.91> <FuncUnit> <Opcode : 'mul'> <InPorts = 2> <OutPorts = 1>
ST_18 : Operation 1268 [1/1] (1.82ns)   --->   "%add_ln13 = add i6 %conv2_shift_load, i6 63" [../cnn_hls.cpp:13->../cnn_hls.cpp:122]   --->   Operation 1268 'add' 'add_ln13' <Predicate = true> <Delay = 1.82> <CoreInst = "Adder">   --->   Core 1 'Adder' <Latency = 0> <II = 1> <Delay = 1.82> <FuncUnit> <Opcode : 'add' 'sub'> <InPorts = 2> <OutPorts = 1>

State 19 <SV = 18> <Delay = 6.15>
ST_19 : Operation 1269 [1/1] (0.00ns)   --->   "%zext_ln13_2 = zext i6 %add_ln13" [../cnn_hls.cpp:13->../cnn_hls.cpp:122]   --->   Operation 1269 'zext' 'zext_ln13_2' <Predicate = true> <Delay = 0.00>
ST_19 : Operation 1270 [1/1] (2.94ns)   --->   "%shl_ln13 = shl i38 1, i38 %zext_ln13_2" [../cnn_hls.cpp:13->../cnn_hls.cpp:122]   --->   Operation 1270 'shl' 'shl_ln13' <Predicate = true> <Delay = 2.94> <CoreInst = "Shifter">   --->   Core 75 'Shifter' <Latency = 0> <II = 1> <Delay = 2.94> <FuncUnit> <Opcode : 'shl' 'lshr' 'ashr'> <InPorts = 2> <OutPorts = 1>
ST_19 : Operation 1271 [1/1] (0.00ns)   --->   "%zext_ln13 = zext i38 %shl_ln13" [../cnn_hls.cpp:13->../cnn_hls.cpp:122]   --->   Operation 1271 'zext' 'zext_ln13' <Predicate = true> <Delay = 0.00>
ST_19 : Operation 1272 [1/1] (3.21ns)   --->   "%acc64_4 = add i52 %zext_ln13, i52 %acc64" [../cnn_hls.cpp:13->../cnn_hls.cpp:122]   --->   Operation 1272 'add' 'acc64_4' <Predicate = true> <Delay = 3.21> <CoreInst = "Adder">   --->   Core 1 'Adder' <Latency = 0> <II = 1> <Delay = 3.21> <FuncUnit> <Opcode : 'add' 'sub'> <InPorts = 2> <OutPorts = 1>

State 20 <SV = 19> <Delay = 7.23>
ST_20 : Operation 1273 [1/1] (0.00ns)   --->   "%zext_ln16 = zext i6 %conv2_shift_load" [../cnn_hls.cpp:16->../cnn_hls.cpp:122]   --->   Operation 1273 'zext' 'zext_ln16' <Predicate = true> <Delay = 0.00>
ST_20 : Operation 1274 [1/1] (4.61ns)   --->   "%res = ashr i52 %acc64_4, i52 %zext_ln16" [../cnn_hls.cpp:16->../cnn_hls.cpp:122]   --->   Operation 1274 'ashr' 'res' <Predicate = true> <Delay = 4.61> <CoreInst = "Shifter">   --->   Core 75 'Shifter' <Latency = 0> <II = 1> <Delay = 4.61> <FuncUnit> <Opcode : 'shl' 'lshr' 'ashr'> <InPorts = 2> <OutPorts = 1>
ST_20 : Operation 1275 [1/1] (0.00ns)   --->   "%trunc_ln16 = trunc i52 %res" [../cnn_hls.cpp:16->../cnn_hls.cpp:122]   --->   Operation 1275 'trunc' 'trunc_ln16' <Predicate = true> <Delay = 0.00>
ST_20 : Operation 1276 [1/1] (0.00ns)   --->   "%tmp_34 = bitselect i1 @_ssdm_op_BitSelect.i1.i52.i32, i52 %res, i32 15" [../cnn_hls.cpp:20->../cnn_hls.cpp:122]   --->   Operation 1276 'bitselect' 'tmp_34' <Predicate = true> <Delay = 0.00>
ST_20 : Operation 1277 [1/1] (0.75ns)   --->   "%res_3 = select i1 %tmp_34, i15 0, i15 %trunc_ln16" [../cnn_hls.cpp:20->../cnn_hls.cpp:122]   --->   Operation 1277 'select' 'res_3' <Predicate = true> <Delay = 0.75> <CoreInst = "Sel">   --->   Core 73 'Sel' <Latency = 0> <II = 1> <Delay = 0.75> <FuncUnit> <Opcode : 'select'> <InPorts = 3> <OutPorts = 1>
ST_20 : Operation 1278 [1/1] (0.00ns)   --->   "%tmp_35 = partselect i7 @_ssdm_op_PartSelect.i7.i15.i32.i32, i15 %res_3, i32 8, i32 14" [../cnn_hls.cpp:23->../cnn_hls.cpp:122]   --->   Operation 1278 'partselect' 'tmp_35' <Predicate = true> <Delay = 0.00>
ST_20 : Operation 1279 [1/1] (1.87ns)   --->   "%icmp_ln23 = icmp_ne  i7 %tmp_35, i7 0" [../cnn_hls.cpp:23->../cnn_hls.cpp:122]   --->   Operation 1279 'icmp' 'icmp_ln23' <Predicate = true> <Delay = 1.87> <CoreInst = "Cmp">   --->   Core 9 'Cmp' <Latency = 0> <II = 1> <Delay = 1.87> <FuncUnit> <Opcode : 'seteq' 'setne' 'setle' 'setge' 'setlt' 'setgt'> <InPorts = 2> <OutPorts = 1>
ST_20 : Operation 1280 [1/1] (0.00ns)   --->   "%trunc_ln25 = trunc i15 %res_3" [../cnn_hls.cpp:25->../cnn_hls.cpp:122]   --->   Operation 1280 'trunc' 'trunc_ln25' <Predicate = true> <Delay = 0.00>
ST_20 : Operation 1430 [1/1] (1.58ns)   --->   "%ret_ln0 = ret"   --->   Operation 1430 'ret' 'ret_ln0' <Predicate = (icmp_ln103)> <Delay = 1.58>

State 21 <SV = 20> <Delay = 3.57>
ST_21 : Operation 1281 [1/1] (0.00ns)   --->   "%specloopname_ln0 = specloopname void @_ssdm_op_SpecLoopName, void @VITIS_LOOP_103_5_VITIS_LOOP_104_6_str"   --->   Operation 1281 'specloopname' 'specloopname_ln0' <Predicate = true> <Delay = 0.00>
ST_21 : Operation 1282 [1/1] (0.00ns)   --->   "%speclooptripcount_ln0 = speclooptripcount void @_ssdm_op_SpecLoopTripCount, i64 368, i64 368, i64 368"   --->   Operation 1282 'speclooptripcount' 'speclooptripcount_ln0' <Predicate = true> <Delay = 0.00>
ST_21 : Operation 1283 [1/1] (0.00ns)   --->   "%zext_ln103_1 = zext i4 %tmp" [../cnn_hls.cpp:103]   --->   Operation 1283 'zext' 'zext_ln103_1' <Predicate = true> <Delay = 0.00>
ST_21 : Operation 1284 [1/1] (0.00ns)   --->   "%buffer_c2_addr = getelementptr i8 %buffer_c2, i64 0, i64 %zext_ln103_1" [../cnn_hls.cpp:122]   --->   Operation 1284 'getelementptr' 'buffer_c2_addr' <Predicate = true> <Delay = 0.00>
ST_21 : Operation 1285 [1/1] (0.00ns)   --->   "%buffer_c2_1_addr = getelementptr i8 %buffer_c2_1, i64 0, i64 %zext_ln103_1" [../cnn_hls.cpp:122]   --->   Operation 1285 'getelementptr' 'buffer_c2_1_addr' <Predicate = true> <Delay = 0.00>
ST_21 : Operation 1286 [1/1] (0.00ns)   --->   "%buffer_c2_2_addr = getelementptr i8 %buffer_c2_2, i64 0, i64 %zext_ln103_1" [../cnn_hls.cpp:122]   --->   Operation 1286 'getelementptr' 'buffer_c2_2_addr' <Predicate = true> <Delay = 0.00>
ST_21 : Operation 1287 [1/1] (0.00ns)   --->   "%buffer_c2_3_addr = getelementptr i8 %buffer_c2_3, i64 0, i64 %zext_ln103_1" [../cnn_hls.cpp:122]   --->   Operation 1287 'getelementptr' 'buffer_c2_3_addr' <Predicate = true> <Delay = 0.00>
ST_21 : Operation 1288 [1/1] (0.00ns)   --->   "%buffer_c2_4_addr = getelementptr i8 %buffer_c2_4, i64 0, i64 %zext_ln103_1" [../cnn_hls.cpp:122]   --->   Operation 1288 'getelementptr' 'buffer_c2_4_addr' <Predicate = true> <Delay = 0.00>
ST_21 : Operation 1289 [1/1] (0.00ns)   --->   "%buffer_c2_5_addr = getelementptr i8 %buffer_c2_5, i64 0, i64 %zext_ln103_1" [../cnn_hls.cpp:122]   --->   Operation 1289 'getelementptr' 'buffer_c2_5_addr' <Predicate = true> <Delay = 0.00>
ST_21 : Operation 1290 [1/1] (0.00ns)   --->   "%buffer_c2_6_addr = getelementptr i8 %buffer_c2_6, i64 0, i64 %zext_ln103_1" [../cnn_hls.cpp:122]   --->   Operation 1290 'getelementptr' 'buffer_c2_6_addr' <Predicate = true> <Delay = 0.00>
ST_21 : Operation 1291 [1/1] (0.00ns)   --->   "%buffer_c2_7_addr = getelementptr i8 %buffer_c2_7, i64 0, i64 %zext_ln103_1" [../cnn_hls.cpp:122]   --->   Operation 1291 'getelementptr' 'buffer_c2_7_addr' <Predicate = true> <Delay = 0.00>
ST_21 : Operation 1292 [1/1] (0.00ns)   --->   "%buffer_c2_8_addr = getelementptr i8 %buffer_c2_8, i64 0, i64 %zext_ln103_1" [../cnn_hls.cpp:122]   --->   Operation 1292 'getelementptr' 'buffer_c2_8_addr' <Predicate = true> <Delay = 0.00>
ST_21 : Operation 1293 [1/1] (0.00ns)   --->   "%buffer_c2_9_addr = getelementptr i8 %buffer_c2_9, i64 0, i64 %zext_ln103_1" [../cnn_hls.cpp:122]   --->   Operation 1293 'getelementptr' 'buffer_c2_9_addr' <Predicate = true> <Delay = 0.00>
ST_21 : Operation 1294 [1/1] (0.00ns)   --->   "%buffer_c2_10_addr = getelementptr i8 %buffer_c2_10, i64 0, i64 %zext_ln103_1" [../cnn_hls.cpp:122]   --->   Operation 1294 'getelementptr' 'buffer_c2_10_addr' <Predicate = true> <Delay = 0.00>
ST_21 : Operation 1295 [1/1] (0.00ns)   --->   "%buffer_c2_11_addr = getelementptr i8 %buffer_c2_11, i64 0, i64 %zext_ln103_1" [../cnn_hls.cpp:122]   --->   Operation 1295 'getelementptr' 'buffer_c2_11_addr' <Predicate = true> <Delay = 0.00>
ST_21 : Operation 1296 [1/1] (0.00ns)   --->   "%buffer_c2_12_addr = getelementptr i8 %buffer_c2_12, i64 0, i64 %zext_ln103_1" [../cnn_hls.cpp:122]   --->   Operation 1296 'getelementptr' 'buffer_c2_12_addr' <Predicate = true> <Delay = 0.00>
ST_21 : Operation 1297 [1/1] (0.00ns)   --->   "%buffer_c2_13_addr = getelementptr i8 %buffer_c2_13, i64 0, i64 %zext_ln103_1" [../cnn_hls.cpp:122]   --->   Operation 1297 'getelementptr' 'buffer_c2_13_addr' <Predicate = true> <Delay = 0.00>
ST_21 : Operation 1298 [1/1] (0.00ns)   --->   "%buffer_c2_14_addr = getelementptr i8 %buffer_c2_14, i64 0, i64 %zext_ln103_1" [../cnn_hls.cpp:122]   --->   Operation 1298 'getelementptr' 'buffer_c2_14_addr' <Predicate = true> <Delay = 0.00>
ST_21 : Operation 1299 [1/1] (0.00ns)   --->   "%buffer_c2_15_addr = getelementptr i8 %buffer_c2_15, i64 0, i64 %zext_ln103_1" [../cnn_hls.cpp:122]   --->   Operation 1299 'getelementptr' 'buffer_c2_15_addr' <Predicate = true> <Delay = 0.00>
ST_21 : Operation 1300 [1/1] (0.00ns)   --->   "%buffer_c2_16_addr = getelementptr i8 %buffer_c2_16, i64 0, i64 %zext_ln103_1" [../cnn_hls.cpp:122]   --->   Operation 1300 'getelementptr' 'buffer_c2_16_addr' <Predicate = true> <Delay = 0.00>
ST_21 : Operation 1301 [1/1] (0.00ns)   --->   "%buffer_c2_17_addr = getelementptr i8 %buffer_c2_17, i64 0, i64 %zext_ln103_1" [../cnn_hls.cpp:122]   --->   Operation 1301 'getelementptr' 'buffer_c2_17_addr' <Predicate = true> <Delay = 0.00>
ST_21 : Operation 1302 [1/1] (0.00ns)   --->   "%buffer_c2_18_addr = getelementptr i8 %buffer_c2_18, i64 0, i64 %zext_ln103_1" [../cnn_hls.cpp:122]   --->   Operation 1302 'getelementptr' 'buffer_c2_18_addr' <Predicate = true> <Delay = 0.00>
ST_21 : Operation 1303 [1/1] (0.00ns)   --->   "%buffer_c2_19_addr = getelementptr i8 %buffer_c2_19, i64 0, i64 %zext_ln103_1" [../cnn_hls.cpp:122]   --->   Operation 1303 'getelementptr' 'buffer_c2_19_addr' <Predicate = true> <Delay = 0.00>
ST_21 : Operation 1304 [1/1] (0.00ns)   --->   "%buffer_c2_20_addr = getelementptr i8 %buffer_c2_20, i64 0, i64 %zext_ln103_1" [../cnn_hls.cpp:122]   --->   Operation 1304 'getelementptr' 'buffer_c2_20_addr' <Predicate = true> <Delay = 0.00>
ST_21 : Operation 1305 [1/1] (0.00ns)   --->   "%buffer_c2_21_addr = getelementptr i8 %buffer_c2_21, i64 0, i64 %zext_ln103_1" [../cnn_hls.cpp:122]   --->   Operation 1305 'getelementptr' 'buffer_c2_21_addr' <Predicate = true> <Delay = 0.00>
ST_21 : Operation 1306 [1/1] (0.00ns)   --->   "%buffer_c2_22_addr = getelementptr i8 %buffer_c2_22, i64 0, i64 %zext_ln103_1" [../cnn_hls.cpp:122]   --->   Operation 1306 'getelementptr' 'buffer_c2_22_addr' <Predicate = true> <Delay = 0.00>
ST_21 : Operation 1307 [1/1] (0.00ns)   --->   "%buffer_c2_23_addr = getelementptr i8 %buffer_c2_23, i64 0, i64 %zext_ln103_1" [../cnn_hls.cpp:122]   --->   Operation 1307 'getelementptr' 'buffer_c2_23_addr' <Predicate = true> <Delay = 0.00>
ST_21 : Operation 1308 [1/1] (0.00ns)   --->   "%buffer_c2_24_addr = getelementptr i8 %buffer_c2_24, i64 0, i64 %zext_ln103_1" [../cnn_hls.cpp:122]   --->   Operation 1308 'getelementptr' 'buffer_c2_24_addr' <Predicate = true> <Delay = 0.00>
ST_21 : Operation 1309 [1/1] (0.00ns)   --->   "%buffer_c2_25_addr = getelementptr i8 %buffer_c2_25, i64 0, i64 %zext_ln103_1" [../cnn_hls.cpp:122]   --->   Operation 1309 'getelementptr' 'buffer_c2_25_addr' <Predicate = true> <Delay = 0.00>
ST_21 : Operation 1310 [1/1] (0.00ns)   --->   "%buffer_c2_26_addr = getelementptr i8 %buffer_c2_26, i64 0, i64 %zext_ln103_1" [../cnn_hls.cpp:122]   --->   Operation 1310 'getelementptr' 'buffer_c2_26_addr' <Predicate = true> <Delay = 0.00>
ST_21 : Operation 1311 [1/1] (0.00ns)   --->   "%buffer_c2_27_addr = getelementptr i8 %buffer_c2_27, i64 0, i64 %zext_ln103_1" [../cnn_hls.cpp:122]   --->   Operation 1311 'getelementptr' 'buffer_c2_27_addr' <Predicate = true> <Delay = 0.00>
ST_21 : Operation 1312 [1/1] (0.00ns)   --->   "%buffer_c2_28_addr = getelementptr i8 %buffer_c2_28, i64 0, i64 %zext_ln103_1" [../cnn_hls.cpp:122]   --->   Operation 1312 'getelementptr' 'buffer_c2_28_addr' <Predicate = true> <Delay = 0.00>
ST_21 : Operation 1313 [1/1] (0.00ns)   --->   "%buffer_c2_29_addr = getelementptr i8 %buffer_c2_29, i64 0, i64 %zext_ln103_1" [../cnn_hls.cpp:122]   --->   Operation 1313 'getelementptr' 'buffer_c2_29_addr' <Predicate = true> <Delay = 0.00>
ST_21 : Operation 1314 [1/1] (0.00ns)   --->   "%buffer_c2_30_addr = getelementptr i8 %buffer_c2_30, i64 0, i64 %zext_ln103_1" [../cnn_hls.cpp:122]   --->   Operation 1314 'getelementptr' 'buffer_c2_30_addr' <Predicate = true> <Delay = 0.00>
ST_21 : Operation 1315 [1/1] (0.00ns)   --->   "%buffer_c2_31_addr = getelementptr i8 %buffer_c2_31, i64 0, i64 %zext_ln103_1" [../cnn_hls.cpp:122]   --->   Operation 1315 'getelementptr' 'buffer_c2_31_addr' <Predicate = true> <Delay = 0.00>
ST_21 : Operation 1316 [1/1] (0.00ns)   --->   "%buffer_c2_32_addr = getelementptr i8 %buffer_c2_32, i64 0, i64 %zext_ln103_1" [../cnn_hls.cpp:122]   --->   Operation 1316 'getelementptr' 'buffer_c2_32_addr' <Predicate = true> <Delay = 0.00>
ST_21 : Operation 1317 [1/1] (0.00ns)   --->   "%buffer_c2_33_addr = getelementptr i8 %buffer_c2_33, i64 0, i64 %zext_ln103_1" [../cnn_hls.cpp:122]   --->   Operation 1317 'getelementptr' 'buffer_c2_33_addr' <Predicate = true> <Delay = 0.00>
ST_21 : Operation 1318 [1/1] (0.00ns)   --->   "%buffer_c2_34_addr = getelementptr i8 %buffer_c2_34, i64 0, i64 %zext_ln103_1" [../cnn_hls.cpp:122]   --->   Operation 1318 'getelementptr' 'buffer_c2_34_addr' <Predicate = true> <Delay = 0.00>
ST_21 : Operation 1319 [1/1] (0.00ns)   --->   "%buffer_c2_35_addr = getelementptr i8 %buffer_c2_35, i64 0, i64 %zext_ln103_1" [../cnn_hls.cpp:122]   --->   Operation 1319 'getelementptr' 'buffer_c2_35_addr' <Predicate = true> <Delay = 0.00>
ST_21 : Operation 1320 [1/1] (0.00ns)   --->   "%buffer_c2_36_addr = getelementptr i8 %buffer_c2_36, i64 0, i64 %zext_ln103_1" [../cnn_hls.cpp:122]   --->   Operation 1320 'getelementptr' 'buffer_c2_36_addr' <Predicate = true> <Delay = 0.00>
ST_21 : Operation 1321 [1/1] (0.00ns)   --->   "%buffer_c2_37_addr = getelementptr i8 %buffer_c2_37, i64 0, i64 %zext_ln103_1" [../cnn_hls.cpp:122]   --->   Operation 1321 'getelementptr' 'buffer_c2_37_addr' <Predicate = true> <Delay = 0.00>
ST_21 : Operation 1322 [1/1] (0.00ns)   --->   "%buffer_c2_38_addr = getelementptr i8 %buffer_c2_38, i64 0, i64 %zext_ln103_1" [../cnn_hls.cpp:122]   --->   Operation 1322 'getelementptr' 'buffer_c2_38_addr' <Predicate = true> <Delay = 0.00>
ST_21 : Operation 1323 [1/1] (0.00ns)   --->   "%buffer_c2_39_addr = getelementptr i8 %buffer_c2_39, i64 0, i64 %zext_ln103_1" [../cnn_hls.cpp:122]   --->   Operation 1323 'getelementptr' 'buffer_c2_39_addr' <Predicate = true> <Delay = 0.00>
ST_21 : Operation 1324 [1/1] (0.00ns)   --->   "%buffer_c2_40_addr = getelementptr i8 %buffer_c2_40, i64 0, i64 %zext_ln103_1" [../cnn_hls.cpp:122]   --->   Operation 1324 'getelementptr' 'buffer_c2_40_addr' <Predicate = true> <Delay = 0.00>
ST_21 : Operation 1325 [1/1] (0.00ns)   --->   "%buffer_c2_41_addr = getelementptr i8 %buffer_c2_41, i64 0, i64 %zext_ln103_1" [../cnn_hls.cpp:122]   --->   Operation 1325 'getelementptr' 'buffer_c2_41_addr' <Predicate = true> <Delay = 0.00>
ST_21 : Operation 1326 [1/1] (0.00ns)   --->   "%buffer_c2_42_addr = getelementptr i8 %buffer_c2_42, i64 0, i64 %zext_ln103_1" [../cnn_hls.cpp:122]   --->   Operation 1326 'getelementptr' 'buffer_c2_42_addr' <Predicate = true> <Delay = 0.00>
ST_21 : Operation 1327 [1/1] (0.00ns)   --->   "%buffer_c2_43_addr = getelementptr i8 %buffer_c2_43, i64 0, i64 %zext_ln103_1" [../cnn_hls.cpp:122]   --->   Operation 1327 'getelementptr' 'buffer_c2_43_addr' <Predicate = true> <Delay = 0.00>
ST_21 : Operation 1328 [1/1] (0.00ns)   --->   "%buffer_c2_44_addr = getelementptr i8 %buffer_c2_44, i64 0, i64 %zext_ln103_1" [../cnn_hls.cpp:122]   --->   Operation 1328 'getelementptr' 'buffer_c2_44_addr' <Predicate = true> <Delay = 0.00>
ST_21 : Operation 1329 [1/1] (0.00ns)   --->   "%buffer_c2_45_addr = getelementptr i8 %buffer_c2_45, i64 0, i64 %zext_ln103_1" [../cnn_hls.cpp:122]   --->   Operation 1329 'getelementptr' 'buffer_c2_45_addr' <Predicate = true> <Delay = 0.00>
ST_21 : Operation 1330 [1/1] (0.00ns)   --->   "%buffer_c2_46_addr = getelementptr i8 %buffer_c2_46, i64 0, i64 %zext_ln103_1" [../cnn_hls.cpp:122]   --->   Operation 1330 'getelementptr' 'buffer_c2_46_addr' <Predicate = true> <Delay = 0.00>
ST_21 : Operation 1331 [1/1] (0.00ns)   --->   "%buffer_c2_47_addr = getelementptr i8 %buffer_c2_47, i64 0, i64 %zext_ln103_1" [../cnn_hls.cpp:122]   --->   Operation 1331 'getelementptr' 'buffer_c2_47_addr' <Predicate = true> <Delay = 0.00>
ST_21 : Operation 1332 [1/1] (0.00ns)   --->   "%specpipeline_ln105 = specpipeline void @_ssdm_op_SpecPipeline, i32 1, i32 0, i32 0, i32 0, i32 4294967295, void @empty_6" [../cnn_hls.cpp:105]   --->   Operation 1332 'specpipeline' 'specpipeline_ln105' <Predicate = true> <Delay = 0.00>
ST_21 : Operation 1333 [1/1] (1.24ns)   --->   "%select_ln23 = select i1 %icmp_ln23, i8 255, i8 %trunc_ln25" [../cnn_hls.cpp:23->../cnn_hls.cpp:122]   --->   Operation 1333 'select' 'select_ln23' <Predicate = true> <Delay = 1.24> <CoreInst = "Sel">   --->   Core 73 'Sel' <Latency = 0> <II = 1> <Delay = 1.24> <FuncUnit> <Opcode : 'select'> <InPorts = 3> <OutPorts = 1>
ST_21 : Operation 1334 [1/1] ( I:2.32ns O:2.32ns )   --->   "%store_ln122 = store i8 %select_ln23, i3 %buffer_c2_43_addr" [../cnn_hls.cpp:122]   --->   Operation 1334 'store' 'store_ln122' <Predicate = (trunc_ln104 == 14 & trunc_ln103 == 1)> <Delay = 2.32> <CoreInst = "RAM">   --->   Core 81 'RAM' <Latency = 1> <II = 1> <Delay = 2.32> <Storage> <Opcode : 'load' 'store'> <Ports = 2> <Width = 8> <Depth = 8> <RAM>
ST_21 : Operation 1335 [1/1] (0.00ns)   --->   "%br_ln122 = br void %arrayidx1074_14.exit" [../cnn_hls.cpp:122]   --->   Operation 1335 'br' 'br_ln122' <Predicate = (trunc_ln104 == 14 & trunc_ln103 == 1)> <Delay = 0.00>
ST_21 : Operation 1336 [1/1] ( I:2.32ns O:2.32ns )   --->   "%store_ln122 = store i8 %select_ln23, i3 %buffer_c2_42_addr" [../cnn_hls.cpp:122]   --->   Operation 1336 'store' 'store_ln122' <Predicate = (trunc_ln104 == 14 & trunc_ln103 == 0)> <Delay = 2.32> <CoreInst = "RAM">   --->   Core 81 'RAM' <Latency = 1> <II = 1> <Delay = 2.32> <Storage> <Opcode : 'load' 'store'> <Ports = 2> <Width = 8> <Depth = 8> <RAM>
ST_21 : Operation 1337 [1/1] (0.00ns)   --->   "%br_ln122 = br void %arrayidx1074_14.exit" [../cnn_hls.cpp:122]   --->   Operation 1337 'br' 'br_ln122' <Predicate = (trunc_ln104 == 14 & trunc_ln103 == 0)> <Delay = 0.00>
ST_21 : Operation 1338 [1/1] ( I:2.32ns O:2.32ns )   --->   "%store_ln122 = store i8 %select_ln23, i3 %buffer_c2_44_addr" [../cnn_hls.cpp:122]   --->   Operation 1338 'store' 'store_ln122' <Predicate = (trunc_ln104 == 14 & trunc_ln103 != 0 & trunc_ln103 != 1)> <Delay = 2.32> <CoreInst = "RAM">   --->   Core 81 'RAM' <Latency = 1> <II = 1> <Delay = 2.32> <Storage> <Opcode : 'load' 'store'> <Ports = 2> <Width = 8> <Depth = 8> <RAM>
ST_21 : Operation 1339 [1/1] (0.00ns)   --->   "%br_ln122 = br void %arrayidx1074_14.exit" [../cnn_hls.cpp:122]   --->   Operation 1339 'br' 'br_ln122' <Predicate = (trunc_ln104 == 14 & trunc_ln103 != 0 & trunc_ln103 != 1)> <Delay = 0.00>
ST_21 : Operation 1340 [1/1] ( I:2.32ns O:2.32ns )   --->   "%store_ln122 = store i8 %select_ln23, i3 %buffer_c2_40_addr" [../cnn_hls.cpp:122]   --->   Operation 1340 'store' 'store_ln122' <Predicate = (trunc_ln104 == 13 & trunc_ln103 == 1)> <Delay = 2.32> <CoreInst = "RAM">   --->   Core 81 'RAM' <Latency = 1> <II = 1> <Delay = 2.32> <Storage> <Opcode : 'load' 'store'> <Ports = 2> <Width = 8> <Depth = 8> <RAM>
ST_21 : Operation 1341 [1/1] (0.00ns)   --->   "%br_ln122 = br void %arrayidx1074_13.exit" [../cnn_hls.cpp:122]   --->   Operation 1341 'br' 'br_ln122' <Predicate = (trunc_ln104 == 13 & trunc_ln103 == 1)> <Delay = 0.00>
ST_21 : Operation 1342 [1/1] ( I:2.32ns O:2.32ns )   --->   "%store_ln122 = store i8 %select_ln23, i3 %buffer_c2_39_addr" [../cnn_hls.cpp:122]   --->   Operation 1342 'store' 'store_ln122' <Predicate = (trunc_ln104 == 13 & trunc_ln103 == 0)> <Delay = 2.32> <CoreInst = "RAM">   --->   Core 81 'RAM' <Latency = 1> <II = 1> <Delay = 2.32> <Storage> <Opcode : 'load' 'store'> <Ports = 2> <Width = 8> <Depth = 8> <RAM>
ST_21 : Operation 1343 [1/1] (0.00ns)   --->   "%br_ln122 = br void %arrayidx1074_13.exit" [../cnn_hls.cpp:122]   --->   Operation 1343 'br' 'br_ln122' <Predicate = (trunc_ln104 == 13 & trunc_ln103 == 0)> <Delay = 0.00>
ST_21 : Operation 1344 [1/1] ( I:2.32ns O:2.32ns )   --->   "%store_ln122 = store i8 %select_ln23, i3 %buffer_c2_41_addr" [../cnn_hls.cpp:122]   --->   Operation 1344 'store' 'store_ln122' <Predicate = (trunc_ln104 == 13 & trunc_ln103 != 0 & trunc_ln103 != 1)> <Delay = 2.32> <CoreInst = "RAM">   --->   Core 81 'RAM' <Latency = 1> <II = 1> <Delay = 2.32> <Storage> <Opcode : 'load' 'store'> <Ports = 2> <Width = 8> <Depth = 8> <RAM>
ST_21 : Operation 1345 [1/1] (0.00ns)   --->   "%br_ln122 = br void %arrayidx1074_13.exit" [../cnn_hls.cpp:122]   --->   Operation 1345 'br' 'br_ln122' <Predicate = (trunc_ln104 == 13 & trunc_ln103 != 0 & trunc_ln103 != 1)> <Delay = 0.00>
ST_21 : Operation 1346 [1/1] ( I:2.32ns O:2.32ns )   --->   "%store_ln122 = store i8 %select_ln23, i3 %buffer_c2_37_addr" [../cnn_hls.cpp:122]   --->   Operation 1346 'store' 'store_ln122' <Predicate = (trunc_ln104 == 12 & trunc_ln103 == 1)> <Delay = 2.32> <CoreInst = "RAM">   --->   Core 81 'RAM' <Latency = 1> <II = 1> <Delay = 2.32> <Storage> <Opcode : 'load' 'store'> <Ports = 2> <Width = 8> <Depth = 8> <RAM>
ST_21 : Operation 1347 [1/1] (0.00ns)   --->   "%br_ln122 = br void %arrayidx1074_12.exit" [../cnn_hls.cpp:122]   --->   Operation 1347 'br' 'br_ln122' <Predicate = (trunc_ln104 == 12 & trunc_ln103 == 1)> <Delay = 0.00>
ST_21 : Operation 1348 [1/1] ( I:2.32ns O:2.32ns )   --->   "%store_ln122 = store i8 %select_ln23, i3 %buffer_c2_36_addr" [../cnn_hls.cpp:122]   --->   Operation 1348 'store' 'store_ln122' <Predicate = (trunc_ln104 == 12 & trunc_ln103 == 0)> <Delay = 2.32> <CoreInst = "RAM">   --->   Core 81 'RAM' <Latency = 1> <II = 1> <Delay = 2.32> <Storage> <Opcode : 'load' 'store'> <Ports = 2> <Width = 8> <Depth = 8> <RAM>
ST_21 : Operation 1349 [1/1] (0.00ns)   --->   "%br_ln122 = br void %arrayidx1074_12.exit" [../cnn_hls.cpp:122]   --->   Operation 1349 'br' 'br_ln122' <Predicate = (trunc_ln104 == 12 & trunc_ln103 == 0)> <Delay = 0.00>
ST_21 : Operation 1350 [1/1] ( I:2.32ns O:2.32ns )   --->   "%store_ln122 = store i8 %select_ln23, i3 %buffer_c2_38_addr" [../cnn_hls.cpp:122]   --->   Operation 1350 'store' 'store_ln122' <Predicate = (trunc_ln104 == 12 & trunc_ln103 != 0 & trunc_ln103 != 1)> <Delay = 2.32> <CoreInst = "RAM">   --->   Core 81 'RAM' <Latency = 1> <II = 1> <Delay = 2.32> <Storage> <Opcode : 'load' 'store'> <Ports = 2> <Width = 8> <Depth = 8> <RAM>
ST_21 : Operation 1351 [1/1] (0.00ns)   --->   "%br_ln122 = br void %arrayidx1074_12.exit" [../cnn_hls.cpp:122]   --->   Operation 1351 'br' 'br_ln122' <Predicate = (trunc_ln104 == 12 & trunc_ln103 != 0 & trunc_ln103 != 1)> <Delay = 0.00>
ST_21 : Operation 1352 [1/1] ( I:2.32ns O:2.32ns )   --->   "%store_ln122 = store i8 %select_ln23, i3 %buffer_c2_34_addr" [../cnn_hls.cpp:122]   --->   Operation 1352 'store' 'store_ln122' <Predicate = (trunc_ln104 == 11 & trunc_ln103 == 1)> <Delay = 2.32> <CoreInst = "RAM">   --->   Core 81 'RAM' <Latency = 1> <II = 1> <Delay = 2.32> <Storage> <Opcode : 'load' 'store'> <Ports = 2> <Width = 8> <Depth = 8> <RAM>
ST_21 : Operation 1353 [1/1] (0.00ns)   --->   "%br_ln122 = br void %arrayidx1074_11.exit" [../cnn_hls.cpp:122]   --->   Operation 1353 'br' 'br_ln122' <Predicate = (trunc_ln104 == 11 & trunc_ln103 == 1)> <Delay = 0.00>
ST_21 : Operation 1354 [1/1] ( I:2.32ns O:2.32ns )   --->   "%store_ln122 = store i8 %select_ln23, i3 %buffer_c2_33_addr" [../cnn_hls.cpp:122]   --->   Operation 1354 'store' 'store_ln122' <Predicate = (trunc_ln104 == 11 & trunc_ln103 == 0)> <Delay = 2.32> <CoreInst = "RAM">   --->   Core 81 'RAM' <Latency = 1> <II = 1> <Delay = 2.32> <Storage> <Opcode : 'load' 'store'> <Ports = 2> <Width = 8> <Depth = 8> <RAM>
ST_21 : Operation 1355 [1/1] (0.00ns)   --->   "%br_ln122 = br void %arrayidx1074_11.exit" [../cnn_hls.cpp:122]   --->   Operation 1355 'br' 'br_ln122' <Predicate = (trunc_ln104 == 11 & trunc_ln103 == 0)> <Delay = 0.00>
ST_21 : Operation 1356 [1/1] ( I:2.32ns O:2.32ns )   --->   "%store_ln122 = store i8 %select_ln23, i3 %buffer_c2_35_addr" [../cnn_hls.cpp:122]   --->   Operation 1356 'store' 'store_ln122' <Predicate = (trunc_ln104 == 11 & trunc_ln103 != 0 & trunc_ln103 != 1)> <Delay = 2.32> <CoreInst = "RAM">   --->   Core 81 'RAM' <Latency = 1> <II = 1> <Delay = 2.32> <Storage> <Opcode : 'load' 'store'> <Ports = 2> <Width = 8> <Depth = 8> <RAM>
ST_21 : Operation 1357 [1/1] (0.00ns)   --->   "%br_ln122 = br void %arrayidx1074_11.exit" [../cnn_hls.cpp:122]   --->   Operation 1357 'br' 'br_ln122' <Predicate = (trunc_ln104 == 11 & trunc_ln103 != 0 & trunc_ln103 != 1)> <Delay = 0.00>
ST_21 : Operation 1358 [1/1] ( I:2.32ns O:2.32ns )   --->   "%store_ln122 = store i8 %select_ln23, i3 %buffer_c2_31_addr" [../cnn_hls.cpp:122]   --->   Operation 1358 'store' 'store_ln122' <Predicate = (trunc_ln104 == 10 & trunc_ln103 == 1)> <Delay = 2.32> <CoreInst = "RAM">   --->   Core 81 'RAM' <Latency = 1> <II = 1> <Delay = 2.32> <Storage> <Opcode : 'load' 'store'> <Ports = 2> <Width = 8> <Depth = 8> <RAM>
ST_21 : Operation 1359 [1/1] (0.00ns)   --->   "%br_ln122 = br void %arrayidx1074_10.exit" [../cnn_hls.cpp:122]   --->   Operation 1359 'br' 'br_ln122' <Predicate = (trunc_ln104 == 10 & trunc_ln103 == 1)> <Delay = 0.00>
ST_21 : Operation 1360 [1/1] ( I:2.32ns O:2.32ns )   --->   "%store_ln122 = store i8 %select_ln23, i3 %buffer_c2_30_addr" [../cnn_hls.cpp:122]   --->   Operation 1360 'store' 'store_ln122' <Predicate = (trunc_ln104 == 10 & trunc_ln103 == 0)> <Delay = 2.32> <CoreInst = "RAM">   --->   Core 81 'RAM' <Latency = 1> <II = 1> <Delay = 2.32> <Storage> <Opcode : 'load' 'store'> <Ports = 2> <Width = 8> <Depth = 8> <RAM>
ST_21 : Operation 1361 [1/1] (0.00ns)   --->   "%br_ln122 = br void %arrayidx1074_10.exit" [../cnn_hls.cpp:122]   --->   Operation 1361 'br' 'br_ln122' <Predicate = (trunc_ln104 == 10 & trunc_ln103 == 0)> <Delay = 0.00>
ST_21 : Operation 1362 [1/1] ( I:2.32ns O:2.32ns )   --->   "%store_ln122 = store i8 %select_ln23, i3 %buffer_c2_32_addr" [../cnn_hls.cpp:122]   --->   Operation 1362 'store' 'store_ln122' <Predicate = (trunc_ln104 == 10 & trunc_ln103 != 0 & trunc_ln103 != 1)> <Delay = 2.32> <CoreInst = "RAM">   --->   Core 81 'RAM' <Latency = 1> <II = 1> <Delay = 2.32> <Storage> <Opcode : 'load' 'store'> <Ports = 2> <Width = 8> <Depth = 8> <RAM>
ST_21 : Operation 1363 [1/1] (0.00ns)   --->   "%br_ln122 = br void %arrayidx1074_10.exit" [../cnn_hls.cpp:122]   --->   Operation 1363 'br' 'br_ln122' <Predicate = (trunc_ln104 == 10 & trunc_ln103 != 0 & trunc_ln103 != 1)> <Delay = 0.00>
ST_21 : Operation 1364 [1/1] ( I:2.32ns O:2.32ns )   --->   "%store_ln122 = store i8 %select_ln23, i3 %buffer_c2_28_addr" [../cnn_hls.cpp:122]   --->   Operation 1364 'store' 'store_ln122' <Predicate = (trunc_ln104 == 9 & trunc_ln103 == 1)> <Delay = 2.32> <CoreInst = "RAM">   --->   Core 81 'RAM' <Latency = 1> <II = 1> <Delay = 2.32> <Storage> <Opcode : 'load' 'store'> <Ports = 2> <Width = 8> <Depth = 8> <RAM>
ST_21 : Operation 1365 [1/1] (0.00ns)   --->   "%br_ln122 = br void %arrayidx1074_9.exit" [../cnn_hls.cpp:122]   --->   Operation 1365 'br' 'br_ln122' <Predicate = (trunc_ln104 == 9 & trunc_ln103 == 1)> <Delay = 0.00>
ST_21 : Operation 1366 [1/1] ( I:2.32ns O:2.32ns )   --->   "%store_ln122 = store i8 %select_ln23, i3 %buffer_c2_27_addr" [../cnn_hls.cpp:122]   --->   Operation 1366 'store' 'store_ln122' <Predicate = (trunc_ln104 == 9 & trunc_ln103 == 0)> <Delay = 2.32> <CoreInst = "RAM">   --->   Core 81 'RAM' <Latency = 1> <II = 1> <Delay = 2.32> <Storage> <Opcode : 'load' 'store'> <Ports = 2> <Width = 8> <Depth = 8> <RAM>
ST_21 : Operation 1367 [1/1] (0.00ns)   --->   "%br_ln122 = br void %arrayidx1074_9.exit" [../cnn_hls.cpp:122]   --->   Operation 1367 'br' 'br_ln122' <Predicate = (trunc_ln104 == 9 & trunc_ln103 == 0)> <Delay = 0.00>
ST_21 : Operation 1368 [1/1] ( I:2.32ns O:2.32ns )   --->   "%store_ln122 = store i8 %select_ln23, i3 %buffer_c2_29_addr" [../cnn_hls.cpp:122]   --->   Operation 1368 'store' 'store_ln122' <Predicate = (trunc_ln104 == 9 & trunc_ln103 != 0 & trunc_ln103 != 1)> <Delay = 2.32> <CoreInst = "RAM">   --->   Core 81 'RAM' <Latency = 1> <II = 1> <Delay = 2.32> <Storage> <Opcode : 'load' 'store'> <Ports = 2> <Width = 8> <Depth = 8> <RAM>
ST_21 : Operation 1369 [1/1] (0.00ns)   --->   "%br_ln122 = br void %arrayidx1074_9.exit" [../cnn_hls.cpp:122]   --->   Operation 1369 'br' 'br_ln122' <Predicate = (trunc_ln104 == 9 & trunc_ln103 != 0 & trunc_ln103 != 1)> <Delay = 0.00>
ST_21 : Operation 1370 [1/1] ( I:2.32ns O:2.32ns )   --->   "%store_ln122 = store i8 %select_ln23, i3 %buffer_c2_25_addr" [../cnn_hls.cpp:122]   --->   Operation 1370 'store' 'store_ln122' <Predicate = (trunc_ln104 == 8 & trunc_ln103 == 1)> <Delay = 2.32> <CoreInst = "RAM">   --->   Core 81 'RAM' <Latency = 1> <II = 1> <Delay = 2.32> <Storage> <Opcode : 'load' 'store'> <Ports = 2> <Width = 8> <Depth = 8> <RAM>
ST_21 : Operation 1371 [1/1] (0.00ns)   --->   "%br_ln122 = br void %arrayidx1074_8.exit" [../cnn_hls.cpp:122]   --->   Operation 1371 'br' 'br_ln122' <Predicate = (trunc_ln104 == 8 & trunc_ln103 == 1)> <Delay = 0.00>
ST_21 : Operation 1372 [1/1] ( I:2.32ns O:2.32ns )   --->   "%store_ln122 = store i8 %select_ln23, i3 %buffer_c2_24_addr" [../cnn_hls.cpp:122]   --->   Operation 1372 'store' 'store_ln122' <Predicate = (trunc_ln104 == 8 & trunc_ln103 == 0)> <Delay = 2.32> <CoreInst = "RAM">   --->   Core 81 'RAM' <Latency = 1> <II = 1> <Delay = 2.32> <Storage> <Opcode : 'load' 'store'> <Ports = 2> <Width = 8> <Depth = 8> <RAM>
ST_21 : Operation 1373 [1/1] (0.00ns)   --->   "%br_ln122 = br void %arrayidx1074_8.exit" [../cnn_hls.cpp:122]   --->   Operation 1373 'br' 'br_ln122' <Predicate = (trunc_ln104 == 8 & trunc_ln103 == 0)> <Delay = 0.00>
ST_21 : Operation 1374 [1/1] ( I:2.32ns O:2.32ns )   --->   "%store_ln122 = store i8 %select_ln23, i3 %buffer_c2_26_addr" [../cnn_hls.cpp:122]   --->   Operation 1374 'store' 'store_ln122' <Predicate = (trunc_ln104 == 8 & trunc_ln103 != 0 & trunc_ln103 != 1)> <Delay = 2.32> <CoreInst = "RAM">   --->   Core 81 'RAM' <Latency = 1> <II = 1> <Delay = 2.32> <Storage> <Opcode : 'load' 'store'> <Ports = 2> <Width = 8> <Depth = 8> <RAM>
ST_21 : Operation 1375 [1/1] (0.00ns)   --->   "%br_ln122 = br void %arrayidx1074_8.exit" [../cnn_hls.cpp:122]   --->   Operation 1375 'br' 'br_ln122' <Predicate = (trunc_ln104 == 8 & trunc_ln103 != 0 & trunc_ln103 != 1)> <Delay = 0.00>
ST_21 : Operation 1376 [1/1] ( I:2.32ns O:2.32ns )   --->   "%store_ln122 = store i8 %select_ln23, i3 %buffer_c2_22_addr" [../cnn_hls.cpp:122]   --->   Operation 1376 'store' 'store_ln122' <Predicate = (trunc_ln104 == 7 & trunc_ln103 == 1)> <Delay = 2.32> <CoreInst = "RAM">   --->   Core 81 'RAM' <Latency = 1> <II = 1> <Delay = 2.32> <Storage> <Opcode : 'load' 'store'> <Ports = 2> <Width = 8> <Depth = 8> <RAM>
ST_21 : Operation 1377 [1/1] (0.00ns)   --->   "%br_ln122 = br void %arrayidx1074_7.exit" [../cnn_hls.cpp:122]   --->   Operation 1377 'br' 'br_ln122' <Predicate = (trunc_ln104 == 7 & trunc_ln103 == 1)> <Delay = 0.00>
ST_21 : Operation 1378 [1/1] ( I:2.32ns O:2.32ns )   --->   "%store_ln122 = store i8 %select_ln23, i3 %buffer_c2_21_addr" [../cnn_hls.cpp:122]   --->   Operation 1378 'store' 'store_ln122' <Predicate = (trunc_ln104 == 7 & trunc_ln103 == 0)> <Delay = 2.32> <CoreInst = "RAM">   --->   Core 81 'RAM' <Latency = 1> <II = 1> <Delay = 2.32> <Storage> <Opcode : 'load' 'store'> <Ports = 2> <Width = 8> <Depth = 8> <RAM>
ST_21 : Operation 1379 [1/1] (0.00ns)   --->   "%br_ln122 = br void %arrayidx1074_7.exit" [../cnn_hls.cpp:122]   --->   Operation 1379 'br' 'br_ln122' <Predicate = (trunc_ln104 == 7 & trunc_ln103 == 0)> <Delay = 0.00>
ST_21 : Operation 1380 [1/1] ( I:2.32ns O:2.32ns )   --->   "%store_ln122 = store i8 %select_ln23, i3 %buffer_c2_23_addr" [../cnn_hls.cpp:122]   --->   Operation 1380 'store' 'store_ln122' <Predicate = (trunc_ln104 == 7 & trunc_ln103 != 0 & trunc_ln103 != 1)> <Delay = 2.32> <CoreInst = "RAM">   --->   Core 81 'RAM' <Latency = 1> <II = 1> <Delay = 2.32> <Storage> <Opcode : 'load' 'store'> <Ports = 2> <Width = 8> <Depth = 8> <RAM>
ST_21 : Operation 1381 [1/1] (0.00ns)   --->   "%br_ln122 = br void %arrayidx1074_7.exit" [../cnn_hls.cpp:122]   --->   Operation 1381 'br' 'br_ln122' <Predicate = (trunc_ln104 == 7 & trunc_ln103 != 0 & trunc_ln103 != 1)> <Delay = 0.00>
ST_21 : Operation 1382 [1/1] ( I:2.32ns O:2.32ns )   --->   "%store_ln122 = store i8 %select_ln23, i3 %buffer_c2_19_addr" [../cnn_hls.cpp:122]   --->   Operation 1382 'store' 'store_ln122' <Predicate = (trunc_ln104 == 6 & trunc_ln103 == 1)> <Delay = 2.32> <CoreInst = "RAM">   --->   Core 81 'RAM' <Latency = 1> <II = 1> <Delay = 2.32> <Storage> <Opcode : 'load' 'store'> <Ports = 2> <Width = 8> <Depth = 8> <RAM>
ST_21 : Operation 1383 [1/1] (0.00ns)   --->   "%br_ln122 = br void %arrayidx1074_6.exit" [../cnn_hls.cpp:122]   --->   Operation 1383 'br' 'br_ln122' <Predicate = (trunc_ln104 == 6 & trunc_ln103 == 1)> <Delay = 0.00>
ST_21 : Operation 1384 [1/1] ( I:2.32ns O:2.32ns )   --->   "%store_ln122 = store i8 %select_ln23, i3 %buffer_c2_18_addr" [../cnn_hls.cpp:122]   --->   Operation 1384 'store' 'store_ln122' <Predicate = (trunc_ln104 == 6 & trunc_ln103 == 0)> <Delay = 2.32> <CoreInst = "RAM">   --->   Core 81 'RAM' <Latency = 1> <II = 1> <Delay = 2.32> <Storage> <Opcode : 'load' 'store'> <Ports = 2> <Width = 8> <Depth = 8> <RAM>
ST_21 : Operation 1385 [1/1] (0.00ns)   --->   "%br_ln122 = br void %arrayidx1074_6.exit" [../cnn_hls.cpp:122]   --->   Operation 1385 'br' 'br_ln122' <Predicate = (trunc_ln104 == 6 & trunc_ln103 == 0)> <Delay = 0.00>
ST_21 : Operation 1386 [1/1] ( I:2.32ns O:2.32ns )   --->   "%store_ln122 = store i8 %select_ln23, i3 %buffer_c2_20_addr" [../cnn_hls.cpp:122]   --->   Operation 1386 'store' 'store_ln122' <Predicate = (trunc_ln104 == 6 & trunc_ln103 != 0 & trunc_ln103 != 1)> <Delay = 2.32> <CoreInst = "RAM">   --->   Core 81 'RAM' <Latency = 1> <II = 1> <Delay = 2.32> <Storage> <Opcode : 'load' 'store'> <Ports = 2> <Width = 8> <Depth = 8> <RAM>
ST_21 : Operation 1387 [1/1] (0.00ns)   --->   "%br_ln122 = br void %arrayidx1074_6.exit" [../cnn_hls.cpp:122]   --->   Operation 1387 'br' 'br_ln122' <Predicate = (trunc_ln104 == 6 & trunc_ln103 != 0 & trunc_ln103 != 1)> <Delay = 0.00>
ST_21 : Operation 1388 [1/1] ( I:2.32ns O:2.32ns )   --->   "%store_ln122 = store i8 %select_ln23, i3 %buffer_c2_16_addr" [../cnn_hls.cpp:122]   --->   Operation 1388 'store' 'store_ln122' <Predicate = (trunc_ln104 == 5 & trunc_ln103 == 1)> <Delay = 2.32> <CoreInst = "RAM">   --->   Core 81 'RAM' <Latency = 1> <II = 1> <Delay = 2.32> <Storage> <Opcode : 'load' 'store'> <Ports = 2> <Width = 8> <Depth = 8> <RAM>
ST_21 : Operation 1389 [1/1] (0.00ns)   --->   "%br_ln122 = br void %arrayidx1074_5.exit" [../cnn_hls.cpp:122]   --->   Operation 1389 'br' 'br_ln122' <Predicate = (trunc_ln104 == 5 & trunc_ln103 == 1)> <Delay = 0.00>
ST_21 : Operation 1390 [1/1] ( I:2.32ns O:2.32ns )   --->   "%store_ln122 = store i8 %select_ln23, i3 %buffer_c2_15_addr" [../cnn_hls.cpp:122]   --->   Operation 1390 'store' 'store_ln122' <Predicate = (trunc_ln104 == 5 & trunc_ln103 == 0)> <Delay = 2.32> <CoreInst = "RAM">   --->   Core 81 'RAM' <Latency = 1> <II = 1> <Delay = 2.32> <Storage> <Opcode : 'load' 'store'> <Ports = 2> <Width = 8> <Depth = 8> <RAM>
ST_21 : Operation 1391 [1/1] (0.00ns)   --->   "%br_ln122 = br void %arrayidx1074_5.exit" [../cnn_hls.cpp:122]   --->   Operation 1391 'br' 'br_ln122' <Predicate = (trunc_ln104 == 5 & trunc_ln103 == 0)> <Delay = 0.00>
ST_21 : Operation 1392 [1/1] ( I:2.32ns O:2.32ns )   --->   "%store_ln122 = store i8 %select_ln23, i3 %buffer_c2_17_addr" [../cnn_hls.cpp:122]   --->   Operation 1392 'store' 'store_ln122' <Predicate = (trunc_ln104 == 5 & trunc_ln103 != 0 & trunc_ln103 != 1)> <Delay = 2.32> <CoreInst = "RAM">   --->   Core 81 'RAM' <Latency = 1> <II = 1> <Delay = 2.32> <Storage> <Opcode : 'load' 'store'> <Ports = 2> <Width = 8> <Depth = 8> <RAM>
ST_21 : Operation 1393 [1/1] (0.00ns)   --->   "%br_ln122 = br void %arrayidx1074_5.exit" [../cnn_hls.cpp:122]   --->   Operation 1393 'br' 'br_ln122' <Predicate = (trunc_ln104 == 5 & trunc_ln103 != 0 & trunc_ln103 != 1)> <Delay = 0.00>
ST_21 : Operation 1394 [1/1] ( I:2.32ns O:2.32ns )   --->   "%store_ln122 = store i8 %select_ln23, i3 %buffer_c2_13_addr" [../cnn_hls.cpp:122]   --->   Operation 1394 'store' 'store_ln122' <Predicate = (trunc_ln104 == 4 & trunc_ln103 == 1)> <Delay = 2.32> <CoreInst = "RAM">   --->   Core 81 'RAM' <Latency = 1> <II = 1> <Delay = 2.32> <Storage> <Opcode : 'load' 'store'> <Ports = 2> <Width = 8> <Depth = 8> <RAM>
ST_21 : Operation 1395 [1/1] (0.00ns)   --->   "%br_ln122 = br void %arrayidx1074_4.exit" [../cnn_hls.cpp:122]   --->   Operation 1395 'br' 'br_ln122' <Predicate = (trunc_ln104 == 4 & trunc_ln103 == 1)> <Delay = 0.00>
ST_21 : Operation 1396 [1/1] ( I:2.32ns O:2.32ns )   --->   "%store_ln122 = store i8 %select_ln23, i3 %buffer_c2_12_addr" [../cnn_hls.cpp:122]   --->   Operation 1396 'store' 'store_ln122' <Predicate = (trunc_ln104 == 4 & trunc_ln103 == 0)> <Delay = 2.32> <CoreInst = "RAM">   --->   Core 81 'RAM' <Latency = 1> <II = 1> <Delay = 2.32> <Storage> <Opcode : 'load' 'store'> <Ports = 2> <Width = 8> <Depth = 8> <RAM>
ST_21 : Operation 1397 [1/1] (0.00ns)   --->   "%br_ln122 = br void %arrayidx1074_4.exit" [../cnn_hls.cpp:122]   --->   Operation 1397 'br' 'br_ln122' <Predicate = (trunc_ln104 == 4 & trunc_ln103 == 0)> <Delay = 0.00>
ST_21 : Operation 1398 [1/1] ( I:2.32ns O:2.32ns )   --->   "%store_ln122 = store i8 %select_ln23, i3 %buffer_c2_14_addr" [../cnn_hls.cpp:122]   --->   Operation 1398 'store' 'store_ln122' <Predicate = (trunc_ln104 == 4 & trunc_ln103 != 0 & trunc_ln103 != 1)> <Delay = 2.32> <CoreInst = "RAM">   --->   Core 81 'RAM' <Latency = 1> <II = 1> <Delay = 2.32> <Storage> <Opcode : 'load' 'store'> <Ports = 2> <Width = 8> <Depth = 8> <RAM>
ST_21 : Operation 1399 [1/1] (0.00ns)   --->   "%br_ln122 = br void %arrayidx1074_4.exit" [../cnn_hls.cpp:122]   --->   Operation 1399 'br' 'br_ln122' <Predicate = (trunc_ln104 == 4 & trunc_ln103 != 0 & trunc_ln103 != 1)> <Delay = 0.00>
ST_21 : Operation 1400 [1/1] ( I:2.32ns O:2.32ns )   --->   "%store_ln122 = store i8 %select_ln23, i3 %buffer_c2_10_addr" [../cnn_hls.cpp:122]   --->   Operation 1400 'store' 'store_ln122' <Predicate = (trunc_ln104 == 3 & trunc_ln103 == 1)> <Delay = 2.32> <CoreInst = "RAM">   --->   Core 81 'RAM' <Latency = 1> <II = 1> <Delay = 2.32> <Storage> <Opcode : 'load' 'store'> <Ports = 2> <Width = 8> <Depth = 8> <RAM>
ST_21 : Operation 1401 [1/1] (0.00ns)   --->   "%br_ln122 = br void %arrayidx1074_3.exit" [../cnn_hls.cpp:122]   --->   Operation 1401 'br' 'br_ln122' <Predicate = (trunc_ln104 == 3 & trunc_ln103 == 1)> <Delay = 0.00>
ST_21 : Operation 1402 [1/1] ( I:2.32ns O:2.32ns )   --->   "%store_ln122 = store i8 %select_ln23, i3 %buffer_c2_9_addr" [../cnn_hls.cpp:122]   --->   Operation 1402 'store' 'store_ln122' <Predicate = (trunc_ln104 == 3 & trunc_ln103 == 0)> <Delay = 2.32> <CoreInst = "RAM">   --->   Core 81 'RAM' <Latency = 1> <II = 1> <Delay = 2.32> <Storage> <Opcode : 'load' 'store'> <Ports = 2> <Width = 8> <Depth = 8> <RAM>
ST_21 : Operation 1403 [1/1] (0.00ns)   --->   "%br_ln122 = br void %arrayidx1074_3.exit" [../cnn_hls.cpp:122]   --->   Operation 1403 'br' 'br_ln122' <Predicate = (trunc_ln104 == 3 & trunc_ln103 == 0)> <Delay = 0.00>
ST_21 : Operation 1404 [1/1] ( I:2.32ns O:2.32ns )   --->   "%store_ln122 = store i8 %select_ln23, i3 %buffer_c2_11_addr" [../cnn_hls.cpp:122]   --->   Operation 1404 'store' 'store_ln122' <Predicate = (trunc_ln104 == 3 & trunc_ln103 != 0 & trunc_ln103 != 1)> <Delay = 2.32> <CoreInst = "RAM">   --->   Core 81 'RAM' <Latency = 1> <II = 1> <Delay = 2.32> <Storage> <Opcode : 'load' 'store'> <Ports = 2> <Width = 8> <Depth = 8> <RAM>
ST_21 : Operation 1405 [1/1] (0.00ns)   --->   "%br_ln122 = br void %arrayidx1074_3.exit" [../cnn_hls.cpp:122]   --->   Operation 1405 'br' 'br_ln122' <Predicate = (trunc_ln104 == 3 & trunc_ln103 != 0 & trunc_ln103 != 1)> <Delay = 0.00>
ST_21 : Operation 1406 [1/1] ( I:2.32ns O:2.32ns )   --->   "%store_ln122 = store i8 %select_ln23, i3 %buffer_c2_7_addr" [../cnn_hls.cpp:122]   --->   Operation 1406 'store' 'store_ln122' <Predicate = (trunc_ln104 == 2 & trunc_ln103 == 1)> <Delay = 2.32> <CoreInst = "RAM">   --->   Core 81 'RAM' <Latency = 1> <II = 1> <Delay = 2.32> <Storage> <Opcode : 'load' 'store'> <Ports = 2> <Width = 8> <Depth = 8> <RAM>
ST_21 : Operation 1407 [1/1] (0.00ns)   --->   "%br_ln122 = br void %arrayidx1074_2.exit" [../cnn_hls.cpp:122]   --->   Operation 1407 'br' 'br_ln122' <Predicate = (trunc_ln104 == 2 & trunc_ln103 == 1)> <Delay = 0.00>
ST_21 : Operation 1408 [1/1] ( I:2.32ns O:2.32ns )   --->   "%store_ln122 = store i8 %select_ln23, i3 %buffer_c2_6_addr" [../cnn_hls.cpp:122]   --->   Operation 1408 'store' 'store_ln122' <Predicate = (trunc_ln104 == 2 & trunc_ln103 == 0)> <Delay = 2.32> <CoreInst = "RAM">   --->   Core 81 'RAM' <Latency = 1> <II = 1> <Delay = 2.32> <Storage> <Opcode : 'load' 'store'> <Ports = 2> <Width = 8> <Depth = 8> <RAM>
ST_21 : Operation 1409 [1/1] (0.00ns)   --->   "%br_ln122 = br void %arrayidx1074_2.exit" [../cnn_hls.cpp:122]   --->   Operation 1409 'br' 'br_ln122' <Predicate = (trunc_ln104 == 2 & trunc_ln103 == 0)> <Delay = 0.00>
ST_21 : Operation 1410 [1/1] ( I:2.32ns O:2.32ns )   --->   "%store_ln122 = store i8 %select_ln23, i3 %buffer_c2_8_addr" [../cnn_hls.cpp:122]   --->   Operation 1410 'store' 'store_ln122' <Predicate = (trunc_ln104 == 2 & trunc_ln103 != 0 & trunc_ln103 != 1)> <Delay = 2.32> <CoreInst = "RAM">   --->   Core 81 'RAM' <Latency = 1> <II = 1> <Delay = 2.32> <Storage> <Opcode : 'load' 'store'> <Ports = 2> <Width = 8> <Depth = 8> <RAM>
ST_21 : Operation 1411 [1/1] (0.00ns)   --->   "%br_ln122 = br void %arrayidx1074_2.exit" [../cnn_hls.cpp:122]   --->   Operation 1411 'br' 'br_ln122' <Predicate = (trunc_ln104 == 2 & trunc_ln103 != 0 & trunc_ln103 != 1)> <Delay = 0.00>
ST_21 : Operation 1412 [1/1] ( I:2.32ns O:2.32ns )   --->   "%store_ln122 = store i8 %select_ln23, i3 %buffer_c2_4_addr" [../cnn_hls.cpp:122]   --->   Operation 1412 'store' 'store_ln122' <Predicate = (trunc_ln104 == 1 & trunc_ln103 == 1)> <Delay = 2.32> <CoreInst = "RAM">   --->   Core 81 'RAM' <Latency = 1> <II = 1> <Delay = 2.32> <Storage> <Opcode : 'load' 'store'> <Ports = 2> <Width = 8> <Depth = 8> <RAM>
ST_21 : Operation 1413 [1/1] (0.00ns)   --->   "%br_ln122 = br void %arrayidx1074_1.exit" [../cnn_hls.cpp:122]   --->   Operation 1413 'br' 'br_ln122' <Predicate = (trunc_ln104 == 1 & trunc_ln103 == 1)> <Delay = 0.00>
ST_21 : Operation 1414 [1/1] ( I:2.32ns O:2.32ns )   --->   "%store_ln122 = store i8 %select_ln23, i3 %buffer_c2_3_addr" [../cnn_hls.cpp:122]   --->   Operation 1414 'store' 'store_ln122' <Predicate = (trunc_ln104 == 1 & trunc_ln103 == 0)> <Delay = 2.32> <CoreInst = "RAM">   --->   Core 81 'RAM' <Latency = 1> <II = 1> <Delay = 2.32> <Storage> <Opcode : 'load' 'store'> <Ports = 2> <Width = 8> <Depth = 8> <RAM>
ST_21 : Operation 1415 [1/1] (0.00ns)   --->   "%br_ln122 = br void %arrayidx1074_1.exit" [../cnn_hls.cpp:122]   --->   Operation 1415 'br' 'br_ln122' <Predicate = (trunc_ln104 == 1 & trunc_ln103 == 0)> <Delay = 0.00>
ST_21 : Operation 1416 [1/1] ( I:2.32ns O:2.32ns )   --->   "%store_ln122 = store i8 %select_ln23, i3 %buffer_c2_5_addr" [../cnn_hls.cpp:122]   --->   Operation 1416 'store' 'store_ln122' <Predicate = (trunc_ln104 == 1 & trunc_ln103 != 0 & trunc_ln103 != 1)> <Delay = 2.32> <CoreInst = "RAM">   --->   Core 81 'RAM' <Latency = 1> <II = 1> <Delay = 2.32> <Storage> <Opcode : 'load' 'store'> <Ports = 2> <Width = 8> <Depth = 8> <RAM>
ST_21 : Operation 1417 [1/1] (0.00ns)   --->   "%br_ln122 = br void %arrayidx1074_1.exit" [../cnn_hls.cpp:122]   --->   Operation 1417 'br' 'br_ln122' <Predicate = (trunc_ln104 == 1 & trunc_ln103 != 0 & trunc_ln103 != 1)> <Delay = 0.00>
ST_21 : Operation 1418 [1/1] ( I:2.32ns O:2.32ns )   --->   "%store_ln122 = store i8 %select_ln23, i3 %buffer_c2_1_addr" [../cnn_hls.cpp:122]   --->   Operation 1418 'store' 'store_ln122' <Predicate = (trunc_ln104 == 0 & trunc_ln103 == 1)> <Delay = 2.32> <CoreInst = "RAM">   --->   Core 81 'RAM' <Latency = 1> <II = 1> <Delay = 2.32> <Storage> <Opcode : 'load' 'store'> <Ports = 2> <Width = 8> <Depth = 8> <RAM>
ST_21 : Operation 1419 [1/1] (0.00ns)   --->   "%br_ln122 = br void %arrayidx1074_0.exit" [../cnn_hls.cpp:122]   --->   Operation 1419 'br' 'br_ln122' <Predicate = (trunc_ln104 == 0 & trunc_ln103 == 1)> <Delay = 0.00>
ST_21 : Operation 1420 [1/1] ( I:2.32ns O:2.32ns )   --->   "%store_ln122 = store i8 %select_ln23, i3 %buffer_c2_addr" [../cnn_hls.cpp:122]   --->   Operation 1420 'store' 'store_ln122' <Predicate = (trunc_ln104 == 0 & trunc_ln103 == 0)> <Delay = 2.32> <CoreInst = "RAM">   --->   Core 81 'RAM' <Latency = 1> <II = 1> <Delay = 2.32> <Storage> <Opcode : 'load' 'store'> <Ports = 2> <Width = 8> <Depth = 8> <RAM>
ST_21 : Operation 1421 [1/1] (0.00ns)   --->   "%br_ln122 = br void %arrayidx1074_0.exit" [../cnn_hls.cpp:122]   --->   Operation 1421 'br' 'br_ln122' <Predicate = (trunc_ln104 == 0 & trunc_ln103 == 0)> <Delay = 0.00>
ST_21 : Operation 1422 [1/1] ( I:2.32ns O:2.32ns )   --->   "%store_ln122 = store i8 %select_ln23, i3 %buffer_c2_2_addr" [../cnn_hls.cpp:122]   --->   Operation 1422 'store' 'store_ln122' <Predicate = (trunc_ln104 == 0 & trunc_ln103 != 0 & trunc_ln103 != 1)> <Delay = 2.32> <CoreInst = "RAM">   --->   Core 81 'RAM' <Latency = 1> <II = 1> <Delay = 2.32> <Storage> <Opcode : 'load' 'store'> <Ports = 2> <Width = 8> <Depth = 8> <RAM>
ST_21 : Operation 1423 [1/1] (0.00ns)   --->   "%br_ln122 = br void %arrayidx1074_0.exit" [../cnn_hls.cpp:122]   --->   Operation 1423 'br' 'br_ln122' <Predicate = (trunc_ln104 == 0 & trunc_ln103 != 0 & trunc_ln103 != 1)> <Delay = 0.00>
ST_21 : Operation 1424 [1/1] ( I:2.32ns O:2.32ns )   --->   "%store_ln122 = store i8 %select_ln23, i3 %buffer_c2_46_addr" [../cnn_hls.cpp:122]   --->   Operation 1424 'store' 'store_ln122' <Predicate = (trunc_ln104 == 15 & trunc_ln103 == 1)> <Delay = 2.32> <CoreInst = "RAM">   --->   Core 81 'RAM' <Latency = 1> <II = 1> <Delay = 2.32> <Storage> <Opcode : 'load' 'store'> <Ports = 2> <Width = 8> <Depth = 8> <RAM>
ST_21 : Operation 1425 [1/1] (0.00ns)   --->   "%br_ln122 = br void %arrayidx1074_15.exit" [../cnn_hls.cpp:122]   --->   Operation 1425 'br' 'br_ln122' <Predicate = (trunc_ln104 == 15 & trunc_ln103 == 1)> <Delay = 0.00>
ST_21 : Operation 1426 [1/1] ( I:2.32ns O:2.32ns )   --->   "%store_ln122 = store i8 %select_ln23, i3 %buffer_c2_45_addr" [../cnn_hls.cpp:122]   --->   Operation 1426 'store' 'store_ln122' <Predicate = (trunc_ln104 == 15 & trunc_ln103 == 0)> <Delay = 2.32> <CoreInst = "RAM">   --->   Core 81 'RAM' <Latency = 1> <II = 1> <Delay = 2.32> <Storage> <Opcode : 'load' 'store'> <Ports = 2> <Width = 8> <Depth = 8> <RAM>
ST_21 : Operation 1427 [1/1] (0.00ns)   --->   "%br_ln122 = br void %arrayidx1074_15.exit" [../cnn_hls.cpp:122]   --->   Operation 1427 'br' 'br_ln122' <Predicate = (trunc_ln104 == 15 & trunc_ln103 == 0)> <Delay = 0.00>
ST_21 : Operation 1428 [1/1] ( I:2.32ns O:2.32ns )   --->   "%store_ln122 = store i8 %select_ln23, i3 %buffer_c2_47_addr" [../cnn_hls.cpp:122]   --->   Operation 1428 'store' 'store_ln122' <Predicate = (trunc_ln104 == 15 & trunc_ln103 != 0 & trunc_ln103 != 1)> <Delay = 2.32> <CoreInst = "RAM">   --->   Core 81 'RAM' <Latency = 1> <II = 1> <Delay = 2.32> <Storage> <Opcode : 'load' 'store'> <Ports = 2> <Width = 8> <Depth = 8> <RAM>
ST_21 : Operation 1429 [1/1] (0.00ns)   --->   "%br_ln122 = br void %arrayidx1074_15.exit" [../cnn_hls.cpp:122]   --->   Operation 1429 'br' 'br_ln122' <Predicate = (trunc_ln104 == 15 & trunc_ln103 != 0 & trunc_ln103 != 1)> <Delay = 0.00>


============================================================
+ Verbose Summary: Timing violations
============================================================
Target clock period: 10.000ns, clock uncertainty: 2.700ns.

 <State 1>: 4.999ns
The critical path consists of the following:
	'store' operation ('store_ln0') of constant 0 9 bit on local variable 'indvar_flatten6' [115]  (1.588 ns)
	'load' operation 9 bit ('indvar_flatten6_load', ../cnn_hls.cpp:103) on local variable 'indvar_flatten6' [120]  (0.000 ns)
	'add' operation 9 bit ('add_ln103', ../cnn_hls.cpp:103) [122]  (1.823 ns)
	'store' operation ('store_ln103', ../cnn_hls.cpp:103) of variable 'add_ln103', ../cnn_hls.cpp:103 9 bit on local variable 'indvar_flatten6' [1254]  (1.588 ns)

 <State 2>: 6.762ns
The critical path consists of the following:
	'load' operation 5 bit ('oc_load', ../cnn_hls.cpp:104) on local variable 'oc', ../cnn_hls.cpp:104 [125]  (0.000 ns)
	'icmp' operation 1 bit ('icmp_ln104', ../cnn_hls.cpp:104) [129]  (1.780 ns)
	'select' operation 5 bit ('empty', ../cnn_hls.cpp:104) [131]  (0.000 ns)
	'add' operation 5 bit ('add_ln103_1', ../cnn_hls.cpp:103) [132]  (1.780 ns)
	'urem' operation 2 bit ('urem_ln103', ../cnn_hls.cpp:103) [137]  (3.202 ns)

 <State 3>: 3.202ns
The critical path consists of the following:
	'urem' operation 2 bit ('urem_ln103', ../cnn_hls.cpp:103) [137]  (3.202 ns)

 <State 4>: 3.202ns
The critical path consists of the following:
	'urem' operation 2 bit ('urem_ln103', ../cnn_hls.cpp:103) [137]  (3.202 ns)

 <State 5>: 6.978ns
The critical path consists of the following:
	'mul' operation 129 bit ('mul_ln113', ../cnn_hls.cpp:113) [150]  (6.978 ns)

 <State 6>: 6.978ns
The critical path consists of the following:
	'mul' operation 129 bit ('mul_ln113', ../cnn_hls.cpp:113) [150]  (6.978 ns)

 <State 7>: 6.978ns
The critical path consists of the following:
	'mul' operation 129 bit ('mul_ln113', ../cnn_hls.cpp:113) [150]  (6.978 ns)

 <State 8>: 6.978ns
The critical path consists of the following:
	'mul' operation 129 bit ('mul_ln113', ../cnn_hls.cpp:113) [150]  (6.978 ns)

 <State 9>: 6.978ns
The critical path consists of the following:
	'mul' operation 129 bit ('mul_ln113', ../cnn_hls.cpp:113) [150]  (6.978 ns)

 <State 10>: 4.768ns
The critical path consists of the following:
	'urem' operation 2 bit ('urem_ln103', ../cnn_hls.cpp:103) [137]  (3.202 ns)
	blocking operation 1.565 ns on control path)

 <State 11>: 6.566ns
The critical path consists of the following:
	'load' operation 8 bit ('buffer_c1_load_1', ../cnn_hls.cpp:115) on array 'buffer_c1' [477]  (2.322 ns)
	'sparsemux' operation 8 bit ('x', ../cnn_hls.cpp:115) [668]  (1.946 ns)
	'select' operation 8 bit ('x72_0700102510281031103610411048', ../cnn_hls.cpp:113) [682]  (1.248 ns)
	'mul' operation 16 bit of DSP[945] ('mul_ln118', ../cnn_hls.cpp:118) [695]  (1.050 ns)

 <State 12>: 3.372ns
The critical path consists of the following:
	'load' operation 8 bit ('p_ZL12conv2_weight_10_load_1', ../cnn_hls.cpp:118) on array 'p_ZL12conv2_weight_10' [666]  (2.322 ns)
	'mul' operation 16 bit of DSP[943] ('mul_ln118_2', ../cnn_hls.cpp:118) [699]  (1.050 ns)

 <State 13>: 6.270ns
The critical path consists of the following:
	'mul' operation 16 bit ('mul_ln118_6', ../cnn_hls.cpp:118) [707]  (4.170 ns)
	'add' operation 17 bit of DSP[945] ('add_ln118_1', ../cnn_hls.cpp:118) [945]  (2.100 ns)

 <State 14>: 4.422ns
The critical path consists of the following:
	'load' operation 15 bit ('acc', ../cnn_hls.cpp:106) on array 'conv2_bias' [641]  (2.322 ns)
	'add' operation 17 bit of DSP[943] ('add_ln118', ../cnn_hls.cpp:118) [943]  (2.100 ns)

 <State 15>: 6.402ns
The critical path consists of the following:
	'add' operation 17 bit of DSP[943] ('add_ln118', ../cnn_hls.cpp:118) [943]  (2.100 ns)
	'add' operation 19 bit ('add_ln118_3', ../cnn_hls.cpp:118) [949]  (2.136 ns)
	'add' operation 20 bit ('add_ln118_8', ../cnn_hls.cpp:118) [959]  (2.166 ns)

 <State 16>: 4.421ns
The critical path consists of the following:
	'add' operation 21 bit ('add_ln118_18', ../cnn_hls.cpp:118) [979]  (2.196 ns)
	'add' operation 22 bit ('acc', ../cnn_hls.cpp:118) [1021]  (2.225 ns)

 <State 17>: 6.912ns
The critical path consists of the following:
	'mul' operation 52 bit ('acc64', ../cnn_hls.cpp:9->../cnn_hls.cpp:122) [1028]  (6.912 ns)

 <State 18>: 6.912ns
The critical path consists of the following:
	'mul' operation 52 bit ('acc64', ../cnn_hls.cpp:9->../cnn_hls.cpp:122) [1028]  (6.912 ns)

 <State 19>: 6.151ns
The critical path consists of the following:
	'shl' operation 38 bit ('shl_ln13', ../cnn_hls.cpp:13->../cnn_hls.cpp:122) [1031]  (2.940 ns)
	'add' operation 52 bit ('acc64', ../cnn_hls.cpp:13->../cnn_hls.cpp:122) [1033]  (3.211 ns)

 <State 20>: 7.239ns
The critical path consists of the following:
	'ashr' operation 52 bit ('res', ../cnn_hls.cpp:16->../cnn_hls.cpp:122) [1035]  (4.615 ns)
	'select' operation 15 bit ('res', ../cnn_hls.cpp:20->../cnn_hls.cpp:122) [1038]  (0.754 ns)
	'icmp' operation 1 bit ('icmp_ln23', ../cnn_hls.cpp:23->../cnn_hls.cpp:122) [1040]  (1.870 ns)

 <State 21>: 3.570ns
The critical path consists of the following:
	'select' operation 8 bit ('select_ln23', ../cnn_hls.cpp:23->../cnn_hls.cpp:122) [1042]  (1.248 ns)
	'store' operation ('store_ln122', ../cnn_hls.cpp:122) of variable 'select_ln23', ../cnn_hls.cpp:23->../cnn_hls.cpp:122 8 bit on array 'buffer_c2_10' [1190]  (2.322 ns)


============================================================
+ Verbose Summary: Binding
============================================================
N/A
* FSMD analyzer results:
  - Output states:
 - Input state : 
  - Chain level:
	State 1
	State 2
	State 3
	State 4
	State 5
	State 6
	State 7
	State 8
	State 9
	State 10
	State 11
	State 12
	State 13
	State 14
	State 15
	State 16
	State 17
	State 18
	State 19
	State 20
	State 21


============================================================
+ Verbose Summary: Datapath Resource usage 
============================================================
N/A
