

================================================================
== Synthesis Summary Report of 'tiny_ecg_inference'
================================================================
+ General Information: 
    * Date:           Sun Aug 30 00:11:12 2026
    * Version:        2026.1 (Build 6493734 on Jun 16 2026)
    * Project:        Cardiac_1D_CNN_HLS
    * Solution:       solution1 (Vivado IP Flow Target)
    * Product family: zynq
    * Target device:  xc7z020-clg400-1
    

* Performance & Resource Estimates: 
+--------------------------------------------------------------------+------+---------------+----------+---------+------+----------+---------+-----------+------+--------+-------------+-------------+--------------+-----+
|                               Modules                              | Issue|               | Iteration|         | Trip |          |       Latency       |      |        |             |             |              |     |
|                               & Loops                              | Type | Violation Type|  Latency | Interval| Count| Pipelined| (cycles)|    (ns)   | Slack|  BRAM  |     DSP     |      FF     |      LUT     | URAM|
+--------------------------------------------------------------------+------+---------------+----------+---------+------+----------+---------+-----------+------+--------+-------------+-------------+--------------+-----+
|+ tiny_ecg_inference                                                |     -|              -|         -|      479|     -|        no|      478|  4.780e+03|  0.00|  3 (1%)|  1120 (509%)|  33065 (31%)|  56753 (106%)|    -|
| + tiny_ecg_inference_Pipeline_VITIS_LOOP_33_1                      |     -|              -|         -|       15|     -|       yes|       15|    150.000|  0.99|       -|    134 (60%)|    5169 (4%)|    6591 (12%)|    -|
|  o VITIS_LOOP_33_1                                                 |     -|              -|         7|        1|     8|       yes|       13|    130.000|  7.30|       -|            -|            -|             -|    -|
|   + relu_i8                                                        |     -|              -|         -|        1|     -|       yes|        0|      0.000|  4.50|       -|            -|            -|      30 (~0%)|    -|
|   + relu_i8                                                        |     -|              -|         -|        1|     -|       yes|        0|      0.000|  4.50|       -|            -|            -|      30 (~0%)|    -|
|   + relu_i8                                                        |     -|              -|         -|        1|     -|       yes|        0|      0.000|  4.50|       -|            -|            -|      30 (~0%)|    -|
|   + relu_i8                                                        |     -|              -|         -|        1|     -|       yes|        0|      0.000|  4.50|       -|            -|            -|      30 (~0%)|    -|
|   + relu_i8                                                        |     -|              -|         -|        1|     -|       yes|        0|      0.000|  4.50|       -|            -|            -|      30 (~0%)|    -|
|   + relu_i8                                                        |     -|              -|         -|        1|     -|       yes|        0|      0.000|  4.50|       -|            -|            -|      30 (~0%)|    -|
|   + relu_i8                                                        |     -|              -|         -|        1|     -|       yes|        0|      0.000|  4.50|       -|            -|            -|      30 (~0%)|    -|
|   + relu_i8                                                        |     -|              -|         -|        1|     -|       yes|        0|      0.000|  4.50|       -|            -|            -|      30 (~0%)|    -|
|   + relu_i8                                                        |     -|              -|         -|        1|     -|       yes|        0|      0.000|  4.50|       -|            -|            -|      30 (~0%)|    -|
|   + relu_i8                                                        |     -|              -|         -|        1|     -|       yes|        0|      0.000|  4.50|       -|            -|            -|      30 (~0%)|    -|
|   + relu_i8                                                        |     -|              -|         -|        1|     -|       yes|        0|      0.000|  4.50|       -|            -|            -|      30 (~0%)|    -|
|   + relu_i8                                                        |     -|              -|         -|        1|     -|       yes|        0|      0.000|  4.50|       -|            -|            -|      30 (~0%)|    -|
|   + relu_i8                                                        |     -|              -|         -|        1|     -|       yes|        0|      0.000|  4.50|       -|            -|            -|      30 (~0%)|    -|
|   + relu_i8                                                        |     -|              -|         -|        1|     -|       yes|        0|      0.000|  4.50|       -|            -|            -|      30 (~0%)|    -|
|   + relu_i8                                                        |     -|              -|         -|        1|     -|       yes|        0|      0.000|  4.50|       -|            -|            -|      30 (~0%)|    -|
|   + relu_i8                                                        |     -|              -|         -|        1|     -|       yes|        0|      0.000|  4.50|       -|            -|            -|      30 (~0%)|    -|
|   + relu_i8                                                        |     -|              -|         -|        1|     -|       yes|        0|      0.000|  4.50|       -|            -|            -|      30 (~0%)|    -|
|   + relu_i8                                                        |     -|              -|         -|        1|     -|       yes|        0|      0.000|  4.50|       -|            -|            -|      30 (~0%)|    -|
|   + relu_i8                                                        |     -|              -|         -|        1|     -|       yes|        0|      0.000|  4.50|       -|            -|            -|      30 (~0%)|    -|
|   + relu_i8                                                        |     -|              -|         -|        1|     -|       yes|        0|      0.000|  4.50|       -|            -|            -|      30 (~0%)|    -|
|   + relu_i8                                                        |     -|              -|         -|        1|     -|       yes|        0|      0.000|  4.50|       -|            -|            -|      30 (~0%)|    -|
|   + relu_i8                                                        |     -|              -|         -|        1|     -|       yes|        0|      0.000|  4.50|       -|            -|            -|      30 (~0%)|    -|
|   + relu_i8                                                        |     -|              -|         -|        1|     -|       yes|        0|      0.000|  4.50|       -|            -|            -|      30 (~0%)|    -|
|   + relu_i8                                                        |     -|              -|         -|        1|     -|       yes|        0|      0.000|  4.50|       -|            -|            -|      30 (~0%)|    -|
|   + relu_i8                                                        |     -|              -|         -|        1|     -|       yes|        0|      0.000|  4.50|       -|            -|            -|      30 (~0%)|    -|
|   + relu_i8                                                        |     -|              -|         -|        1|     -|       yes|        0|      0.000|  4.50|       -|            -|            -|      30 (~0%)|    -|
|   + relu_i8                                                        |     -|              -|         -|        1|     -|       yes|        0|      0.000|  4.50|       -|            -|            -|      30 (~0%)|    -|
|   + relu_i8                                                        |     -|              -|         -|        1|     -|       yes|        0|      0.000|  4.50|       -|            -|            -|      30 (~0%)|    -|
|   + relu_i8                                                        |     -|              -|         -|        1|     -|       yes|        0|      0.000|  4.50|       -|            -|            -|      30 (~0%)|    -|
|   + relu_i8                                                        |     -|              -|         -|        1|     -|       yes|        0|      0.000|  4.50|       -|            -|            -|      30 (~0%)|    -|
|   + relu_i8                                                        |     -|              -|         -|        1|     -|       yes|        0|      0.000|  4.50|       -|            -|            -|      30 (~0%)|    -|
|   + relu_i8                                                        |     -|              -|         -|        1|     -|       yes|        0|      0.000|  4.50|       -|            -|            -|      30 (~0%)|    -|
|   + relu_i8                                                        |     -|              -|         -|        1|     -|       yes|        0|      0.000|  4.50|       -|            -|            -|      30 (~0%)|    -|
|   + relu_i8                                                        |     -|              -|         -|        1|     -|       yes|        0|      0.000|  4.50|       -|            -|            -|      30 (~0%)|    -|
|   + relu_i8                                                        |     -|              -|         -|        1|     -|       yes|        0|      0.000|  4.50|       -|            -|            -|      30 (~0%)|    -|
|   + relu_i8                                                        |     -|              -|         -|        1|     -|       yes|        0|      0.000|  4.50|       -|            -|            -|      30 (~0%)|    -|
|   + relu_i8                                                        |     -|              -|         -|        1|     -|       yes|        0|      0.000|  4.50|       -|            -|            -|      30 (~0%)|    -|
|   + relu_i8                                                        |     -|              -|         -|        1|     -|       yes|        0|      0.000|  4.50|       -|            -|            -|      30 (~0%)|    -|
|   + relu_i8                                                        |     -|              -|         -|        1|     -|       yes|        0|      0.000|  4.50|       -|            -|            -|      30 (~0%)|    -|
|   + relu_i8                                                        |     -|              -|         -|        1|     -|       yes|        0|      0.000|  4.50|       -|            -|            -|      30 (~0%)|    -|
|   + relu_i8                                                        |     -|              -|         -|        1|     -|       yes|        0|      0.000|  4.50|       -|            -|            -|      30 (~0%)|    -|
|   + relu_i8                                                        |     -|              -|         -|        1|     -|       yes|        0|      0.000|  4.50|       -|            -|            -|      30 (~0%)|    -|
|   + relu_i8                                                        |     -|              -|         -|        1|     -|       yes|        0|      0.000|  4.50|       -|            -|            -|      30 (~0%)|    -|
|   + relu_i8                                                        |     -|              -|         -|        1|     -|       yes|        0|      0.000|  4.50|       -|            -|            -|      30 (~0%)|    -|
|   + relu_i8                                                        |     -|              -|         -|        1|     -|       yes|        0|      0.000|  4.50|       -|            -|            -|      30 (~0%)|    -|
| + tiny_ecg_inference_Pipeline_VITIS_LOOP_59_4                      |     -|              -|         -|       23|     -|       yes|       23|    230.000|  0.13|       -|   555 (252%)|  11264 (10%)|   22458 (42%)|    -|
|  o VITIS_LOOP_59_4                                                 |     -|              -|         7|        1|    16|       yes|       21|    210.000|  7.30|       -|            -|            -|             -|    -|
|   + relu_i8                                                        |     -|              -|         -|        1|     -|       yes|        0|      0.000|  4.50|       -|            -|            -|      30 (~0%)|    -|
|   + relu_i8                                                        |     -|              -|         -|        1|     -|       yes|        0|      0.000|  4.50|       -|            -|            -|      30 (~0%)|    -|
|   + relu_i8                                                        |     -|              -|         -|        1|     -|       yes|        0|      0.000|  4.50|       -|            -|            -|      30 (~0%)|    -|
|   + relu_i8                                                        |     -|              -|         -|        1|     -|       yes|        0|      0.000|  4.50|       -|            -|            -|      30 (~0%)|    -|
|   + relu_i8                                                        |     -|              -|         -|        1|     -|       yes|        0|      0.000|  4.50|       -|            -|            -|      30 (~0%)|    -|
|   + relu_i8                                                        |     -|              -|         -|        1|     -|       yes|        0|      0.000|  4.50|       -|            -|            -|      30 (~0%)|    -|
|   + relu_i8                                                        |     -|              -|         -|        1|     -|       yes|        0|      0.000|  4.50|       -|            -|            -|      30 (~0%)|    -|
|   + relu_i8                                                        |     -|              -|         -|        1|     -|       yes|        0|      0.000|  4.50|       -|            -|            -|      30 (~0%)|    -|
|   + relu_i8                                                        |     -|              -|         -|        1|     -|       yes|        0|      0.000|  4.50|       -|            -|            -|      30 (~0%)|    -|
|   + relu_i8                                                        |     -|              -|         -|        1|     -|       yes|        0|      0.000|  4.50|       -|            -|            -|      30 (~0%)|    -|
|   + relu_i8                                                        |     -|              -|         -|        1|     -|       yes|        0|      0.000|  4.50|       -|            -|            -|      30 (~0%)|    -|
|   + relu_i8                                                        |     -|              -|         -|        1|     -|       yes|        0|      0.000|  4.50|       -|            -|            -|      30 (~0%)|    -|
|   + relu_i8                                                        |     -|              -|         -|        1|     -|       yes|        0|      0.000|  4.50|       -|            -|            -|      30 (~0%)|    -|
|   + relu_i8                                                        |     -|              -|         -|        1|     -|       yes|        0|      0.000|  4.50|       -|            -|            -|      30 (~0%)|    -|
|   + relu_i8                                                        |     -|              -|         -|        1|     -|       yes|        0|      0.000|  4.50|       -|            -|            -|      30 (~0%)|    -|
|   + relu_i8                                                        |     -|              -|         -|        1|     -|       yes|        0|      0.000|  4.50|       -|            -|            -|      30 (~0%)|    -|
|   + relu_i8                                                        |     -|              -|         -|        1|     -|       yes|        0|      0.000|  4.50|       -|            -|            -|      30 (~0%)|    -|
|   + relu_i8                                                        |     -|              -|         -|        1|     -|       yes|        0|      0.000|  4.50|       -|            -|            -|      30 (~0%)|    -|
|   + relu_i8                                                        |     -|              -|         -|        1|     -|       yes|        0|      0.000|  4.50|       -|            -|            -|      30 (~0%)|    -|
|   + relu_i8                                                        |     -|              -|         -|        1|     -|       yes|        0|      0.000|  4.50|       -|            -|            -|      30 (~0%)|    -|
|   + relu_i8                                                        |     -|              -|         -|        1|     -|       yes|        0|      0.000|  4.50|       -|            -|            -|      30 (~0%)|    -|
|   + relu_i8                                                        |     -|              -|         -|        1|     -|       yes|        0|      0.000|  4.50|       -|            -|            -|      30 (~0%)|    -|
|   + relu_i8                                                        |     -|              -|         -|        1|     -|       yes|        0|      0.000|  4.50|       -|            -|            -|      30 (~0%)|    -|
| + tiny_ecg_inference_Pipeline_VITIS_LOOP_88_8                      |     -|              -|         -|       24|     -|       yes|       24|    240.000|  0.13|       -|   344 (156%)|    9549 (8%)|   13907 (26%)|    -|
|  o VITIS_LOOP_88_8                                                 |     -|              -|         8|        1|    16|       yes|       22|    220.000|  7.30|       -|            -|            -|             -|    -|
|   + relu_i8                                                        |     -|              -|         -|        1|     -|       yes|        0|      0.000|  4.50|       -|            -|            -|      30 (~0%)|    -|
|   + relu_i8                                                        |     -|              -|         -|        1|     -|       yes|        0|      0.000|  4.50|       -|            -|            -|      30 (~0%)|    -|
|   + relu_i8                                                        |     -|              -|         -|        1|     -|       yes|        0|      0.000|  4.50|       -|            -|            -|      30 (~0%)|    -|
|   + relu_i8                                                        |     -|              -|         -|        1|     -|       yes|        0|      0.000|  4.50|       -|            -|            -|      30 (~0%)|    -|
|   + relu_i8                                                        |     -|              -|         -|        1|     -|       yes|        0|      0.000|  4.50|       -|            -|            -|      30 (~0%)|    -|
|   + relu_i8                                                        |     -|              -|         -|        1|     -|       yes|        0|      0.000|  4.50|       -|            -|            -|      30 (~0%)|    -|
|   + relu_i8                                                        |     -|              -|         -|        1|     -|       yes|        0|      0.000|  4.50|       -|            -|            -|      30 (~0%)|    -|
|   + relu_i8                                                        |     -|              -|         -|        1|     -|       yes|        0|      0.000|  4.50|       -|            -|            -|      30 (~0%)|    -|
|   + relu_i8                                                        |     -|              -|         -|        1|     -|       yes|        0|      0.000|  4.50|       -|            -|            -|      30 (~0%)|    -|
|   + relu_i8                                                        |     -|              -|         -|        1|     -|       yes|        0|      0.000|  4.50|       -|            -|            -|      30 (~0%)|    -|
|   + relu_i8                                                        |     -|              -|         -|        1|     -|       yes|        0|      0.000|  4.50|       -|            -|            -|      30 (~0%)|    -|
|   + relu_i8                                                        |     -|              -|         -|        1|     -|       yes|        0|      0.000|  4.50|       -|            -|            -|      30 (~0%)|    -|
| + tiny_ecg_inference_Pipeline_VITIS_LOOP_116_12_VITIS_LOOP_117_13  |     -|              -|         -|      196|     -|       yes|      196|  1.960e+03|  0.12|       -|            -|     51 (~0%)|     212 (~0%)|    -|
|  o VITIS_LOOP_116_12_VITIS_LOOP_117_13                             |     -|              -|         4|        1|   192|       yes|      194|  1.940e+03|  7.30|       -|            -|            -|             -|    -|
| + tiny_ecg_inference_Pipeline_VITIS_LOOP_126_14                    |     -|              -|         -|       12|     -|       yes|       12|    120.000|  0.00|       -|     87 (39%)|    2982 (2%)|    7936 (14%)|    -|
|  o VITIS_LOOP_126_14                                               |     -|              -|        10|        1|     2|       yes|       10|    100.000|  7.30|       -|            -|            -|             -|    -|
+--------------------------------------------------------------------+------+---------------+----------+---------+------+----------+---------+-----------+------+--------+-------------+-------------+--------------+-----+
    Name Prefix: '+' for module, 'o' for loop, '*' for dataflow


================================================================
== HW Interfaces
================================================================
* M_AXI
+----------------+------------+------------+---------------+---------+--------+----------+-----------+--------------+--------------+-------------+-------------+-------------------+
| Interface      | Read/Write | Data Width | Address Width | Latency | Offset | Register | Max Widen | Max Read     | Max Write    | Num Read    | Num Write   | Resource Estimate |
|                |            | (SW->HW)   |               |         |        |          | Bitwidth  | Burst Length | Burst Length | Outstanding | Outstanding |                   |
+----------------+------------+------------+---------------+---------+--------+----------+-----------+--------------+--------------+-------------+-------------+-------------------+
| m_axi_DATA_IN  | READ_ONLY  | 8 -> 8     | 64            | 0       | slave  | 0        | 0         | 16           | 16           | 16          | 16          | BRAM=2            |
| m_axi_DATA_OUT | WRITE_ONLY | 8 -> 8     | 64            | 0       | slave  | 0        | 0         | 16           | 16           | 16          | 16          |                   |
+----------------+------------+------------+---------------+---------+--------+----------+-----------+--------------+--------------+-------------+-------------+-------------------+

* S_AXILITE Interfaces
+---------------+------------+---------------+--------+----------+
| Interface     | Data Width | Address Width | Offset | Register |
+---------------+------------+---------------+--------+----------+
| s_axi_CTRL    | 32         | 4             |        |          |
| s_axi_control | 32         | 6             | 16     | 0        |
+---------------+------------+---------------+--------+----------+

* S_AXILITE Registers
+---------------+-----------------+--------+-------+--------+----------------------------------+----------------------------------------------------------------------+
| Interface     | Register        | Offset | Width | Access | Description                      | Bit Fields                                                           |
+---------------+-----------------+--------+-------+--------+----------------------------------+----------------------------------------------------------------------+
| s_axi_CTRL    | CTRL            | 0x00   | 32    | RW     | Control signals                  | 0=AP_START 1=AP_DONE 2=AP_IDLE 3=AP_READY 7=AUTO_RESTART 9=INTERRUPT |
| s_axi_CTRL    | GIER            | 0x04   | 32    | RW     | Global Interrupt Enable Register | 0=Enable                                                             |
| s_axi_CTRL    | IP_IER          | 0x08   | 32    | RW     | IP Interrupt Enable Register     | 0=CHAN0_INT_EN 1=CHAN1_INT_EN                                        |
| s_axi_CTRL    | IP_ISR          | 0x0c   | 32    | RW     | IP Interrupt Status Register     | 0=CHAN0_INT_ST 1=CHAN1_INT_ST                                        |
| s_axi_control | input_ecg_1     | 0x10   | 32    | W      | Data signal of input_ecg         |                                                                      |
| s_axi_control | input_ecg_2     | 0x14   | 32    | W      | Data signal of input_ecg         |                                                                      |
| s_axi_control | output_logits_1 | 0x1c   | 32    | W      | Data signal of output_logits     |                                                                      |
| s_axi_control | output_logits_2 | 0x20   | 32    | W      | Data signal of output_logits     |                                                                      |
+---------------+-----------------+--------+-------+--------+----------------------------------+----------------------------------------------------------------------+

* TOP LEVEL CONTROL
+-----------+------------+-----------+
| Interface | Type       | Ports     |
+-----------+------------+-----------+
| ap_clk    | clock      | ap_clk    |
| ap_rst_n  | reset      | ap_rst_n  |
| interrupt | interrupt  | interrupt |
| ap_ctrl   | ap_ctrl_hs |           |
+-----------+------------+-----------+


================================================================
== SW I/O Information
================================================================
* Top Function Arguments
+---------------+-----------+--------------+
| Argument      | Direction | Datatype     |
+---------------+-----------+--------------+
| input_ecg     | in        | signed char* |
| output_logits | out       | signed char* |
+---------------+-----------+--------------+

* SW-to-HW Mapping
+---------------+----------------+-----------+----------+-------------------------------------------+
| Argument      | HW Interface   | HW Type   | HW Usage | HW Info                                   |
+---------------+----------------+-----------+----------+-------------------------------------------+
| input_ecg     | m_axi_DATA_IN  | interface |          | channel=0                                 |
| input_ecg     | s_axi_control  | register  | offset   | name=input_ecg_1 offset=0x10 range=32     |
| input_ecg     | s_axi_control  | register  | offset   | name=input_ecg_2 offset=0x14 range=32     |
| output_logits | m_axi_DATA_OUT | interface |          | channel=0                                 |
| output_logits | s_axi_control  | register  | offset   | name=output_logits_1 offset=0x1c range=32 |
| output_logits | s_axi_control  | register  | offset   | name=output_logits_2 offset=0x20 range=32 |
+---------------+----------------+-----------+----------+-------------------------------------------+


================================================================
== M_AXI Burst Information
================================================================
 Note: All burst requests might be further partitioned into multiple requests during RTL generation based on max_read_burst_length or max_write_burst_length settings.

* Inferred Burst Summary
+----------------+-----------+--------+-------+-------------------+--------------------+
| HW Interface   | Direction | Length | Width | Loop              | Loop Location      |
+----------------+-----------+--------+-------+-------------------+--------------------+
| m_axi_DATA_IN  | read      | 90     | 8     |                   |                    |
| m_axi_DATA_OUT | write     | 2      | 8     | VITIS_LOOP_126_14 | cnn_hls.cpp:126:24 |
+----------------+-----------+--------+-------+-------------------+--------------------+

* All M_AXI Variable Accesses
+----------------+---------------+--------------------+-----------+--------------+--------+-------------------+--------------------+------------+------------------------------------------------------------------------------------------------------+
| HW Interface   | Variable      | Access Location    | Direction | Burst Status | Length | Loop              | Loop Location      | Resolution | Problem                                                                                              |
+----------------+---------------+--------------------+-----------+--------------+--------+-------------------+--------------------+------------+------------------------------------------------------------------------------------------------------+
| m_axi_DATA_IN  | input_ecg     | cnn_hls.cpp:45:25  | read      | Widen Fail   |        |                   |                    | 214-353    | Could not widen since type i8 size is greater than or equal to the max_widen_bitwidth threshold of 0 |
| m_axi_DATA_IN  | input_ecg     | cnn_hls.cpp:45:25  | read      | Inferred     | 90     |                   |                    |            |                                                                                                      |
| m_axi_DATA_OUT | output_logits | cnn_hls.cpp:135:34 | write     | Widen Fail   |        | VITIS_LOOP_126_14 | cnn_hls.cpp:126:24 | 214-353    | Could not widen since type i8 size is greater than or equal to the max_widen_bitwidth threshold of 0 |
| m_axi_DATA_OUT | output_logits | cnn_hls.cpp:135:34 | write     | Inferred     | 2      | VITIS_LOOP_126_14 | cnn_hls.cpp:126:24 |            |                                                                                                      |
+----------------+---------------+--------------------+-----------+--------------+--------+-------------------+--------------------+------------+------------------------------------------------------------------------------------------------------+

    * Resolution URL: docs.amd.com/access/sources/dita/topic?Doc_Version=2026.1%20English&url=ug1448-hls-guidance&resourceid=XXX-YYY.html (replace XXX-YYY with column value)

================================================================
== Bind Op Report
================================================================
+--------------------------------------------------------------------+------+--------+------------------+-----------+--------------------------+---------+
| Name                                                               | DSP  | Pragma | Variable         | Op        | Impl                     | Latency |
+--------------------------------------------------------------------+------+--------+------------------+-----------+--------------------------+---------+
| + tiny_ecg_inference                                               | 1120 |        |                  |           |                          |         |
|  + tiny_ecg_inference_Pipeline_VITIS_LOOP_33_1                     | 134  |        |                  |           |                          |         |
|    icmp_ln33_fu_6133_p2                                            |      |        | icmp_ln33        | seteq     | auto                     | 0       |
|    add_ln33_fu_6139_p2                                             |      |        | add_ln33         | add       | fabric                   | 0       |
|    mac_muladd_8s_8s_16s_17_4_1_U90                                 | 1    |        | mul_ln48         | mul       | dsp_slice                | 3       |
|    mac_muladd_8s_8s_16s_17_4_1_U90                                 | 1    |        | sext_ln48_91     | sext      | dsp_slice                | 3       |
|    mul_8s_8s_16_1_1_U3                                             |      |        | mul_ln48_1       | mul       | auto                     | 0       |
|    mac_muladd_8s_8s_13s_16_4_1_U135                                | 1    |        | mul_ln48_2       | mul       | dsp_slice                | 3       |
|    mac_muladd_8s_8s_13s_16_4_1_U135                                | 1    |        | add_ln48         | add       | dsp_slice                | 3       |
|    mac_muladd_8s_8s_16s_17_4_1_U90                                 | 1    |        | add_ln48_1       | add       | dsp_slice                | 3       |
|    acc_46_fu_6912_p2                                               |      |        | acc_46           | add       | fabric                   | 0       |
|    mac_muladd_8s_8s_17s_17_4_1_U136                                | 1    |        | mul_ln48_3       | mul       | dsp_slice                | 3       |
|    mac_muladd_8s_8s_17s_17_4_1_U136                                | 1    |        | sext_ln48_94     | sext      | dsp_slice                | 3       |
|    mac_muladd_8s_8s_16s_17_4_1_U137                                | 1    |        | mul_ln48_4       | mul       | dsp_slice                | 3       |
|    mac_muladd_8s_8s_16s_17_4_1_U137                                | 1    |        | sext_ln48_95     | sext      | dsp_slice                | 3       |
|    mul_8s_8s_16_1_1_U47                                            |      |        | mul_ln48_5       | mul       | auto                     | 0       |
|    mac_muladd_8s_8s_16s_17_4_1_U91                                 | 1    |        | mul_ln48_6       | mul       | dsp_slice                | 3       |
|    mac_muladd_8s_8s_16s_17_4_1_U91                                 | 1    |        | sext_ln48_97     | sext      | dsp_slice                | 3       |
|    mul_8s_8s_16_1_1_U4                                             |      |        | mul_ln48_7       | mul       | auto                     | 0       |
|    mac_muladd_8s_8s_16s_17_4_1_U137                                | 1    |        | add_ln48_3       | add       | dsp_slice                | 3       |
|    add_ln48_4_fu_6917_p2                                           |      |        | add_ln48_4       | add       | fabric                   | 0       |
|    mac_muladd_8s_8s_16s_17_4_1_U91                                 | 1    |        | add_ln48_5       | add       | dsp_slice                | 3       |
|    mac_muladd_8s_8s_17s_17_4_1_U136                                | 1    |        | add_ln48_6       | add       | dsp_slice                | 3       |
|    acc_47_fu_6929_p2                                               |      |        | acc_47           | add       | fabric                   | 0       |
|    mac_muladd_8s_8s_17s_17_4_1_U138                                | 1    |        | mul_ln48_8       | mul       | dsp_slice                | 3       |
|    mac_muladd_8s_8s_17s_17_4_1_U138                                | 1    |        | sext_ln48_101    | sext      | dsp_slice                | 3       |
|    mac_muladd_8s_8s_16s_17_4_1_U139                                | 1    |        | mul_ln48_9       | mul       | dsp_slice                | 3       |
|    mac_muladd_8s_8s_16s_17_4_1_U139                                | 1    |        | sext_ln48_102    | sext      | dsp_slice                | 3       |
|    mul_8s_8s_16_1_1_U48                                            |      |        | mul_ln48_10      | mul       | auto                     | 0       |
|    mac_muladd_8s_8s_16s_17_4_1_U92                                 | 1    |        | mul_ln48_11      | mul       | dsp_slice                | 3       |
|    mac_muladd_8s_8s_16s_17_4_1_U92                                 | 1    |        | sext_ln48_104    | sext      | dsp_slice                | 3       |
|    mul_8s_8s_16_1_1_U5                                             |      |        | mul_ln48_12      | mul       | auto                     | 0       |
|    mac_muladd_8s_8s_16s_17_4_1_U139                                | 1    |        | add_ln48_8       | add       | dsp_slice                | 3       |
|    add_ln48_9_fu_6935_p2                                           |      |        | add_ln48_9       | add       | fabric                   | 0       |
|    mac_muladd_8s_8s_16s_17_4_1_U92                                 | 1    |        | add_ln48_10      | add       | dsp_slice                | 3       |
|    mac_muladd_8s_8s_17s_17_4_1_U138                                | 1    |        | add_ln48_11      | add       | dsp_slice                | 3       |
|    acc_48_fu_6947_p2                                               |      |        | acc_48           | add       | fabric                   | 0       |
|    mac_muladd_8s_8s_17s_17_4_1_U140                                | 1    |        | mul_ln48_13      | mul       | dsp_slice                | 3       |
|    mac_muladd_8s_8s_17s_17_4_1_U140                                | 1    |        | sext_ln48_108    | sext      | dsp_slice                | 3       |
|    mac_muladd_8s_8s_16s_17_4_1_U141                                | 1    |        | mul_ln48_14      | mul       | dsp_slice                | 3       |
|    mac_muladd_8s_8s_16s_17_4_1_U141                                | 1    |        | sext_ln48_109    | sext      | dsp_slice                | 3       |
|    mul_8s_8s_16_1_1_U49                                            |      |        | mul_ln48_15      | mul       | auto                     | 0       |
|    mac_muladd_8s_8s_16s_17_4_1_U93                                 | 1    |        | mul_ln48_16      | mul       | dsp_slice                | 3       |
|    mac_muladd_8s_8s_16s_17_4_1_U93                                 | 1    |        | sext_ln48_111    | sext      | dsp_slice                | 3       |
|    mul_8s_8s_16_1_1_U6                                             |      |        | mul_ln48_17      | mul       | auto                     | 0       |
|    mac_muladd_8s_8s_16s_17_4_1_U141                                | 1    |        | add_ln48_13      | add       | dsp_slice                | 3       |
|    add_ln48_14_fu_6953_p2                                          |      |        | add_ln48_14      | add       | fabric                   | 0       |
|    mac_muladd_8s_8s_16s_17_4_1_U93                                 | 1    |        | add_ln48_15      | add       | dsp_slice                | 3       |
|    mac_muladd_8s_8s_17s_17_4_1_U140                                | 1    |        | add_ln48_16      | add       | dsp_slice                | 3       |
|    acc_49_fu_6965_p2                                               |      |        | acc_49           | add       | fabric                   | 0       |
|    mac_muladd_8s_8s_17s_17_4_1_U142                                | 1    |        | mul_ln48_18      | mul       | dsp_slice                | 3       |
|    mac_muladd_8s_8s_17s_17_4_1_U142                                | 1    |        | sext_ln48_115    | sext      | dsp_slice                | 3       |
|    mac_muladd_8s_8s_16s_17_4_1_U143                                | 1    |        | mul_ln48_19      | mul       | dsp_slice                | 3       |
|    mac_muladd_8s_8s_16s_17_4_1_U143                                | 1    |        | sext_ln48_116    | sext      | dsp_slice                | 3       |
|    mul_8s_8s_16_1_1_U50                                            |      |        | mul_ln48_20      | mul       | auto                     | 0       |
|    mac_muladd_8s_8s_16s_17_4_1_U94                                 | 1    |        | mul_ln48_21      | mul       | dsp_slice                | 3       |
|    mac_muladd_8s_8s_16s_17_4_1_U94                                 | 1    |        | sext_ln48_118    | sext      | dsp_slice                | 3       |
|    mul_8s_8s_16_1_1_U7                                             |      |        | mul_ln48_22      | mul       | auto                     | 0       |
|    mac_muladd_8s_8s_16s_17_4_1_U143                                | 1    |        | add_ln48_18      | add       | dsp_slice                | 3       |
|    add_ln48_19_fu_6971_p2                                          |      |        | add_ln48_19      | add       | fabric                   | 0       |
|    mac_muladd_8s_8s_16s_17_4_1_U94                                 | 1    |        | add_ln48_20      | add       | dsp_slice                | 3       |
|    mac_muladd_8s_8s_17s_17_4_1_U142                                | 1    |        | add_ln48_21      | add       | dsp_slice                | 3       |
|    acc_50_fu_6983_p2                                               |      |        | acc_50           | add       | fabric                   | 0       |
|    mac_muladd_8s_8s_17s_17_4_1_U144                                | 1    |        | mul_ln48_23      | mul       | dsp_slice                | 3       |
|    mac_muladd_8s_8s_17s_17_4_1_U144                                | 1    |        | sext_ln48_122    | sext      | dsp_slice                | 3       |
|    mac_muladd_8s_8s_16s_17_4_1_U145                                | 1    |        | mul_ln48_24      | mul       | dsp_slice                | 3       |
|    mac_muladd_8s_8s_16s_17_4_1_U145                                | 1    |        | sext_ln48_123    | sext      | dsp_slice                | 3       |
|    mul_8s_8s_16_1_1_U51                                            |      |        | mul_ln48_25      | mul       | auto                     | 0       |
|    mac_muladd_8s_8s_16s_17_4_1_U95                                 | 1    |        | mul_ln48_26      | mul       | dsp_slice                | 3       |
|    mac_muladd_8s_8s_16s_17_4_1_U95                                 | 1    |        | sext_ln48_125    | sext      | dsp_slice                | 3       |
|    mul_8s_8s_16_1_1_U8                                             |      |        | mul_ln48_27      | mul       | auto                     | 0       |
|    mac_muladd_8s_8s_16s_17_4_1_U145                                | 1    |        | add_ln48_23      | add       | dsp_slice                | 3       |
|    add_ln48_24_fu_6989_p2                                          |      |        | add_ln48_24      | add       | fabric                   | 0       |
|    mac_muladd_8s_8s_16s_17_4_1_U95                                 | 1    |        | add_ln48_25      | add       | dsp_slice                | 3       |
|    mac_muladd_8s_8s_17s_17_4_1_U144                                | 1    |        | add_ln48_26      | add       | dsp_slice                | 3       |
|    acc_51_fu_7001_p2                                               |      |        | acc_51           | add       | fabric                   | 0       |
|    mac_muladd_8s_8s_17s_17_4_1_U146                                | 1    |        | mul_ln48_28      | mul       | dsp_slice                | 3       |
|    mac_muladd_8s_8s_17s_17_4_1_U146                                | 1    |        | sext_ln48_129    | sext      | dsp_slice                | 3       |
|    mac_muladd_8s_8s_16s_17_4_1_U147                                | 1    |        | mul_ln48_29      | mul       | dsp_slice                | 3       |
|    mac_muladd_8s_8s_16s_17_4_1_U147                                | 1    |        | sext_ln48_130    | sext      | dsp_slice                | 3       |
|    mul_8s_8s_16_1_1_U52                                            |      |        | mul_ln48_30      | mul       | auto                     | 0       |
|    mac_muladd_8s_8s_16s_17_4_1_U96                                 | 1    |        | mul_ln48_31      | mul       | dsp_slice                | 3       |
|    mac_muladd_8s_8s_16s_17_4_1_U96                                 | 1    |        | sext_ln48_132    | sext      | dsp_slice                | 3       |
|    mul_8s_8s_16_1_1_U9                                             |      |        | mul_ln48_32      | mul       | auto                     | 0       |
|    mac_muladd_8s_8s_16s_17_4_1_U147                                | 1    |        | add_ln48_28      | add       | dsp_slice                | 3       |
|    add_ln48_29_fu_7007_p2                                          |      |        | add_ln48_29      | add       | fabric                   | 0       |
|    mac_muladd_8s_8s_16s_17_4_1_U96                                 | 1    |        | add_ln48_30      | add       | dsp_slice                | 3       |
|    mac_muladd_8s_8s_17s_17_4_1_U146                                | 1    |        | add_ln48_31      | add       | dsp_slice                | 3       |
|    acc_52_fu_7019_p2                                               |      |        | acc_52           | add       | fabric                   | 0       |
|    mac_muladd_8s_8s_17s_17_4_1_U148                                | 1    |        | mul_ln48_33      | mul       | dsp_slice                | 3       |
|    mac_muladd_8s_8s_17s_17_4_1_U148                                | 1    |        | sext_ln48_136    | sext      | dsp_slice                | 3       |
|    mac_muladd_8s_8s_16s_17_4_1_U149                                | 1    |        | mul_ln48_34      | mul       | dsp_slice                | 3       |
|    mac_muladd_8s_8s_16s_17_4_1_U149                                | 1    |        | sext_ln48_137    | sext      | dsp_slice                | 3       |
|    mul_8s_8s_16_1_1_U53                                            |      |        | mul_ln48_35      | mul       | auto                     | 0       |
|    mac_muladd_8s_8s_16s_17_4_1_U97                                 | 1    |        | mul_ln48_36      | mul       | dsp_slice                | 3       |
|    mac_muladd_8s_8s_16s_17_4_1_U97                                 | 1    |        | sext_ln48_139    | sext      | dsp_slice                | 3       |
|    mul_8s_8s_16_1_1_U10                                            |      |        | mul_ln48_37      | mul       | auto                     | 0       |
|    mac_muladd_8s_8s_16s_17_4_1_U149                                | 1    |        | add_ln48_33      | add       | dsp_slice                | 3       |
|    add_ln48_34_fu_7025_p2                                          |      |        | add_ln48_34      | add       | fabric                   | 0       |
|    mac_muladd_8s_8s_16s_17_4_1_U97                                 | 1    |        | add_ln48_35      | add       | dsp_slice                | 3       |
|    mac_muladd_8s_8s_17s_17_4_1_U148                                | 1    |        | add_ln48_36      | add       | dsp_slice                | 3       |
|    acc_53_fu_7037_p2                                               |      |        | acc_53           | add       | fabric                   | 0       |
|    mac_muladd_8s_8s_17s_17_4_1_U150                                | 1    |        | mul_ln48_38      | mul       | dsp_slice                | 3       |
|    mac_muladd_8s_8s_17s_17_4_1_U150                                | 1    |        | sext_ln48_143    | sext      | dsp_slice                | 3       |
|    mac_muladd_8s_8s_16s_17_4_1_U151                                | 1    |        | mul_ln48_39      | mul       | dsp_slice                | 3       |
|    mac_muladd_8s_8s_16s_17_4_1_U151                                | 1    |        | sext_ln48_144    | sext      | dsp_slice                | 3       |
|    mul_8s_8s_16_1_1_U54                                            |      |        | mul_ln48_40      | mul       | auto                     | 0       |
|    mac_muladd_8s_8s_16s_17_4_1_U98                                 | 1    |        | mul_ln48_41      | mul       | dsp_slice                | 3       |
|    mac_muladd_8s_8s_16s_17_4_1_U98                                 | 1    |        | sext_ln48_146    | sext      | dsp_slice                | 3       |
|    mul_8s_8s_16_1_1_U11                                            |      |        | mul_ln48_42      | mul       | auto                     | 0       |
|    mac_muladd_8s_8s_16s_17_4_1_U151                                | 1    |        | add_ln48_38      | add       | dsp_slice                | 3       |
|    add_ln48_39_fu_7043_p2                                          |      |        | add_ln48_39      | add       | fabric                   | 0       |
|    mac_muladd_8s_8s_16s_17_4_1_U98                                 | 1    |        | add_ln48_40      | add       | dsp_slice                | 3       |
|    mac_muladd_8s_8s_17s_17_4_1_U150                                | 1    |        | add_ln48_41      | add       | dsp_slice                | 3       |
|    acc_54_fu_7055_p2                                               |      |        | acc_54           | add       | fabric                   | 0       |
|    mac_muladd_8s_8s_17s_17_4_1_U152                                | 1    |        | mul_ln48_43      | mul       | dsp_slice                | 3       |
|    mac_muladd_8s_8s_17s_17_4_1_U152                                | 1    |        | sext_ln48_150    | sext      | dsp_slice                | 3       |
|    mac_muladd_8s_8s_16s_17_4_1_U153                                | 1    |        | mul_ln48_44      | mul       | dsp_slice                | 3       |
|    mac_muladd_8s_8s_16s_17_4_1_U153                                | 1    |        | sext_ln48_151    | sext      | dsp_slice                | 3       |
|    mul_8s_8s_16_1_1_U55                                            |      |        | mul_ln48_45      | mul       | auto                     | 0       |
|    mac_muladd_8s_8s_16s_17_4_1_U99                                 | 1    |        | mul_ln48_46      | mul       | dsp_slice                | 3       |
|    mac_muladd_8s_8s_16s_17_4_1_U99                                 | 1    |        | sext_ln48_153    | sext      | dsp_slice                | 3       |
|    mul_8s_8s_16_1_1_U12                                            |      |        | mul_ln48_47      | mul       | auto                     | 0       |
|    mac_muladd_8s_8s_16s_17_4_1_U153                                | 1    |        | add_ln48_43      | add       | dsp_slice                | 3       |
|    add_ln48_44_fu_7061_p2                                          |      |        | add_ln48_44      | add       | fabric                   | 0       |
|    mac_muladd_8s_8s_16s_17_4_1_U99                                 | 1    |        | add_ln48_45      | add       | dsp_slice                | 3       |
|    mac_muladd_8s_8s_17s_17_4_1_U152                                | 1    |        | add_ln48_46      | add       | dsp_slice                | 3       |
|    acc_55_fu_7073_p2                                               |      |        | acc_55           | add       | fabric                   | 0       |
|    mac_muladd_8s_8s_17s_17_4_1_U154                                | 1    |        | mul_ln48_48      | mul       | dsp_slice                | 3       |
|    mac_muladd_8s_8s_17s_17_4_1_U154                                | 1    |        | sext_ln48_157    | sext      | dsp_slice                | 3       |
|    mac_muladd_8s_8s_16s_17_4_1_U155                                | 1    |        | mul_ln48_49      | mul       | dsp_slice                | 3       |
|    mac_muladd_8s_8s_16s_17_4_1_U155                                | 1    |        | sext_ln48_158    | sext      | dsp_slice                | 3       |
|    mul_8s_8s_16_1_1_U56                                            |      |        | mul_ln48_50      | mul       | auto                     | 0       |
|    mac_muladd_8s_8s_16s_17_4_1_U100                                | 1    |        | mul_ln48_51      | mul       | dsp_slice                | 3       |
|    mac_muladd_8s_8s_16s_17_4_1_U100                                | 1    |        | sext_ln48_160    | sext      | dsp_slice                | 3       |
|    mul_8s_8s_16_1_1_U13                                            |      |        | mul_ln48_52      | mul       | auto                     | 0       |
|    mac_muladd_8s_8s_16s_17_4_1_U155                                | 1    |        | add_ln48_48      | add       | dsp_slice                | 3       |
|    add_ln48_49_fu_7079_p2                                          |      |        | add_ln48_49      | add       | fabric                   | 0       |
|    mac_muladd_8s_8s_16s_17_4_1_U100                                | 1    |        | add_ln48_50      | add       | dsp_slice                | 3       |
|    mac_muladd_8s_8s_17s_17_4_1_U154                                | 1    |        | add_ln48_51      | add       | dsp_slice                | 3       |
|    acc_56_fu_7091_p2                                               |      |        | acc_56           | add       | fabric                   | 0       |
|    mac_muladd_8s_8s_17s_17_4_1_U156                                | 1    |        | mul_ln48_53      | mul       | dsp_slice                | 3       |
|    mac_muladd_8s_8s_17s_17_4_1_U156                                | 1    |        | sext_ln48_164    | sext      | dsp_slice                | 3       |
|    mac_muladd_8s_8s_16s_17_4_1_U157                                | 1    |        | mul_ln48_54      | mul       | dsp_slice                | 3       |
|    mac_muladd_8s_8s_16s_17_4_1_U157                                | 1    |        | sext_ln48_165    | sext      | dsp_slice                | 3       |
|    mul_8s_8s_16_1_1_U57                                            |      |        | mul_ln48_55      | mul       | auto                     | 0       |
|    mac_muladd_8s_8s_16s_17_4_1_U101                                | 1    |        | mul_ln48_56      | mul       | dsp_slice                | 3       |
|    mac_muladd_8s_8s_16s_17_4_1_U101                                | 1    |        | sext_ln48_167    | sext      | dsp_slice                | 3       |
|    mul_8s_8s_16_1_1_U14                                            |      |        | mul_ln48_57      | mul       | auto                     | 0       |
|    mac_muladd_8s_8s_16s_17_4_1_U157                                | 1    |        | add_ln48_53      | add       | dsp_slice                | 3       |
|    add_ln48_54_fu_7097_p2                                          |      |        | add_ln48_54      | add       | fabric                   | 0       |
|    mac_muladd_8s_8s_16s_17_4_1_U101                                | 1    |        | add_ln48_55      | add       | dsp_slice                | 3       |
|    mac_muladd_8s_8s_17s_17_4_1_U156                                | 1    |        | add_ln48_56      | add       | dsp_slice                | 3       |
|    acc_57_fu_7109_p2                                               |      |        | acc_57           | add       | fabric                   | 0       |
|    mac_muladd_8s_8s_17s_17_4_1_U158                                | 1    |        | mul_ln48_58      | mul       | dsp_slice                | 3       |
|    mac_muladd_8s_8s_17s_17_4_1_U158                                | 1    |        | sext_ln48_171    | sext      | dsp_slice                | 3       |
|    mac_muladd_8s_8s_16s_17_4_1_U159                                | 1    |        | mul_ln48_59      | mul       | dsp_slice                | 3       |
|    mac_muladd_8s_8s_16s_17_4_1_U159                                | 1    |        | sext_ln48_172    | sext      | dsp_slice                | 3       |
|    mul_8s_8s_16_1_1_U58                                            |      |        | mul_ln48_60      | mul       | auto                     | 0       |
|    mac_muladd_8s_8s_16s_17_4_1_U102                                | 1    |        | mul_ln48_61      | mul       | dsp_slice                | 3       |
|    mac_muladd_8s_8s_16s_17_4_1_U102                                | 1    |        | sext_ln48_174    | sext      | dsp_slice                | 3       |
|    mul_8s_8s_16_1_1_U15                                            |      |        | mul_ln48_62      | mul       | auto                     | 0       |
|    mac_muladd_8s_8s_16s_17_4_1_U159                                | 1    |        | add_ln48_58      | add       | dsp_slice                | 3       |
|    add_ln48_59_fu_7115_p2                                          |      |        | add_ln48_59      | add       | fabric                   | 0       |
|    mac_muladd_8s_8s_16s_17_4_1_U102                                | 1    |        | add_ln48_60      | add       | dsp_slice                | 3       |
|    mac_muladd_8s_8s_17s_17_4_1_U158                                | 1    |        | add_ln48_61      | add       | dsp_slice                | 3       |
|    acc_58_fu_7127_p2                                               |      |        | acc_58           | add       | fabric                   | 0       |
|    mac_muladd_8s_8s_17s_17_4_1_U160                                | 1    |        | mul_ln48_63      | mul       | dsp_slice                | 3       |
|    mac_muladd_8s_8s_17s_17_4_1_U160                                | 1    |        | sext_ln48_178    | sext      | dsp_slice                | 3       |
|    mac_muladd_8s_8s_16s_17_4_1_U161                                | 1    |        | mul_ln48_64      | mul       | dsp_slice                | 3       |
|    mac_muladd_8s_8s_16s_17_4_1_U161                                | 1    |        | sext_ln48_179    | sext      | dsp_slice                | 3       |
|    mul_8s_8s_16_1_1_U59                                            |      |        | mul_ln48_65      | mul       | auto                     | 0       |
|    mac_muladd_8s_8s_16s_17_4_1_U103                                | 1    |        | mul_ln48_66      | mul       | dsp_slice                | 3       |
|    mac_muladd_8s_8s_16s_17_4_1_U103                                | 1    |        | sext_ln48_181    | sext      | dsp_slice                | 3       |
|    mul_8s_8s_16_1_1_U16                                            |      |        | mul_ln48_67      | mul       | auto                     | 0       |
|    mac_muladd_8s_8s_16s_17_4_1_U161                                | 1    |        | add_ln48_63      | add       | dsp_slice                | 3       |
|    add_ln48_64_fu_7133_p2                                          |      |        | add_ln48_64      | add       | fabric                   | 0       |
|    mac_muladd_8s_8s_16s_17_4_1_U103                                | 1    |        | add_ln48_65      | add       | dsp_slice                | 3       |
|    mac_muladd_8s_8s_17s_17_4_1_U160                                | 1    |        | add_ln48_66      | add       | dsp_slice                | 3       |
|    acc_59_fu_7145_p2                                               |      |        | acc_59           | add       | fabric                   | 0       |
|    mac_muladd_8s_8s_17s_17_4_1_U162                                | 1    |        | mul_ln48_68      | mul       | dsp_slice                | 3       |
|    mac_muladd_8s_8s_17s_17_4_1_U162                                | 1    |        | sext_ln48_185    | sext      | dsp_slice                | 3       |
|    mac_muladd_8s_8s_16s_17_4_1_U163                                | 1    |        | mul_ln48_69      | mul       | dsp_slice                | 3       |
|    mac_muladd_8s_8s_16s_17_4_1_U163                                | 1    |        | sext_ln48_186    | sext      | dsp_slice                | 3       |
|    mul_8s_8s_16_1_1_U60                                            |      |        | mul_ln48_70      | mul       | auto                     | 0       |
|    mac_muladd_8s_8s_16s_17_4_1_U104                                | 1    |        | mul_ln48_71      | mul       | dsp_slice                | 3       |
|    mac_muladd_8s_8s_16s_17_4_1_U104                                | 1    |        | sext_ln48_188    | sext      | dsp_slice                | 3       |
|    mul_8s_8s_16_1_1_U17                                            |      |        | mul_ln48_72      | mul       | auto                     | 0       |
|    mac_muladd_8s_8s_16s_17_4_1_U163                                | 1    |        | add_ln48_68      | add       | dsp_slice                | 3       |
|    add_ln48_69_fu_7151_p2                                          |      |        | add_ln48_69      | add       | fabric                   | 0       |
|    mac_muladd_8s_8s_16s_17_4_1_U104                                | 1    |        | add_ln48_70      | add       | dsp_slice                | 3       |
|    mac_muladd_8s_8s_17s_17_4_1_U162                                | 1    |        | add_ln48_71      | add       | dsp_slice                | 3       |
|    acc_60_fu_7163_p2                                               |      |        | acc_60           | add       | fabric                   | 0       |
|    mac_muladd_8s_8s_17s_17_4_1_U164                                | 1    |        | mul_ln48_73      | mul       | dsp_slice                | 3       |
|    mac_muladd_8s_8s_17s_17_4_1_U164                                | 1    |        | sext_ln48_192    | sext      | dsp_slice                | 3       |
|    mac_muladd_8s_8s_16s_17_4_1_U165                                | 1    |        | mul_ln48_74      | mul       | dsp_slice                | 3       |
|    mac_muladd_8s_8s_16s_17_4_1_U165                                | 1    |        | sext_ln48_193    | sext      | dsp_slice                | 3       |
|    mul_8s_8s_16_1_1_U61                                            |      |        | mul_ln48_75      | mul       | auto                     | 0       |
|    mac_muladd_8s_8s_16s_17_4_1_U105                                | 1    |        | mul_ln48_76      | mul       | dsp_slice                | 3       |
|    mac_muladd_8s_8s_16s_17_4_1_U105                                | 1    |        | sext_ln48_195    | sext      | dsp_slice                | 3       |
|    mul_8s_8s_16_1_1_U18                                            |      |        | mul_ln48_77      | mul       | auto                     | 0       |
|    mac_muladd_8s_8s_16s_17_4_1_U165                                | 1    |        | add_ln48_73      | add       | dsp_slice                | 3       |
|    add_ln48_74_fu_7169_p2                                          |      |        | add_ln48_74      | add       | fabric                   | 0       |
|    mac_muladd_8s_8s_16s_17_4_1_U105                                | 1    |        | add_ln48_75      | add       | dsp_slice                | 3       |
|    mac_muladd_8s_8s_17s_17_4_1_U164                                | 1    |        | add_ln48_76      | add       | dsp_slice                | 3       |
|    acc_61_fu_7181_p2                                               |      |        | acc_61           | add       | fabric                   | 0       |
|    mac_muladd_8s_8s_17s_17_4_1_U166                                | 1    |        | mul_ln48_78      | mul       | dsp_slice                | 3       |
|    mac_muladd_8s_8s_17s_17_4_1_U166                                | 1    |        | sext_ln48_199    | sext      | dsp_slice                | 3       |
|    mac_muladd_8s_8s_16s_17_4_1_U167                                | 1    |        | mul_ln48_79      | mul       | dsp_slice                | 3       |
|    mac_muladd_8s_8s_16s_17_4_1_U167                                | 1    |        | sext_ln48_200    | sext      | dsp_slice                | 3       |
|    mul_8s_8s_16_1_1_U62                                            |      |        | mul_ln48_80      | mul       | auto                     | 0       |
|    mac_muladd_8s_8s_16s_17_4_1_U106                                | 1    |        | mul_ln48_81      | mul       | dsp_slice                | 3       |
|    mac_muladd_8s_8s_16s_17_4_1_U106                                | 1    |        | sext_ln48_202    | sext      | dsp_slice                | 3       |
|    mul_8s_8s_16_1_1_U19                                            |      |        | mul_ln48_82      | mul       | auto                     | 0       |
|    mac_muladd_8s_8s_16s_17_4_1_U167                                | 1    |        | add_ln48_78      | add       | dsp_slice                | 3       |
|    add_ln48_79_fu_7187_p2                                          |      |        | add_ln48_79      | add       | fabric                   | 0       |
|    mac_muladd_8s_8s_16s_17_4_1_U106                                | 1    |        | add_ln48_80      | add       | dsp_slice                | 3       |
|    mac_muladd_8s_8s_17s_17_4_1_U166                                | 1    |        | add_ln48_81      | add       | dsp_slice                | 3       |
|    acc_62_fu_7199_p2                                               |      |        | acc_62           | add       | fabric                   | 0       |
|    mac_muladd_8s_8s_17s_17_4_1_U168                                | 1    |        | mul_ln48_83      | mul       | dsp_slice                | 3       |
|    mac_muladd_8s_8s_17s_17_4_1_U168                                | 1    |        | sext_ln48_206    | sext      | dsp_slice                | 3       |
|    mac_muladd_8s_8s_16s_17_4_1_U169                                | 1    |        | mul_ln48_84      | mul       | dsp_slice                | 3       |
|    mac_muladd_8s_8s_16s_17_4_1_U169                                | 1    |        | sext_ln48_207    | sext      | dsp_slice                | 3       |
|    mul_8s_8s_16_1_1_U63                                            |      |        | mul_ln48_85      | mul       | auto                     | 0       |
|    mac_muladd_8s_8s_16s_17_4_1_U107                                | 1    |        | mul_ln48_86      | mul       | dsp_slice                | 3       |
|    mac_muladd_8s_8s_16s_17_4_1_U107                                | 1    |        | sext_ln48_209    | sext      | dsp_slice                | 3       |
|    mul_8s_8s_16_1_1_U20                                            |      |        | mul_ln48_87      | mul       | auto                     | 0       |
|    mac_muladd_8s_8s_16s_17_4_1_U169                                | 1    |        | add_ln48_83      | add       | dsp_slice                | 3       |
|    add_ln48_84_fu_7205_p2                                          |      |        | add_ln48_84      | add       | fabric                   | 0       |
|    mac_muladd_8s_8s_16s_17_4_1_U107                                | 1    |        | add_ln48_85      | add       | dsp_slice                | 3       |
|    mac_muladd_8s_8s_17s_17_4_1_U168                                | 1    |        | add_ln48_86      | add       | dsp_slice                | 3       |
|    acc_63_fu_7217_p2                                               |      |        | acc_63           | add       | fabric                   | 0       |
|    mac_muladd_8s_8s_17s_17_4_1_U170                                | 1    |        | mul_ln48_88      | mul       | dsp_slice                | 3       |
|    mac_muladd_8s_8s_17s_17_4_1_U170                                | 1    |        | sext_ln48_213    | sext      | dsp_slice                | 3       |
|    mac_muladd_8s_8s_16s_17_4_1_U171                                | 1    |        | mul_ln48_89      | mul       | dsp_slice                | 3       |
|    mac_muladd_8s_8s_16s_17_4_1_U171                                | 1    |        | sext_ln48_214    | sext      | dsp_slice                | 3       |
|    mul_8s_8s_16_1_1_U64                                            |      |        | mul_ln48_90      | mul       | auto                     | 0       |
|    mac_muladd_8s_8s_16s_17_4_1_U108                                | 1    |        | mul_ln48_91      | mul       | dsp_slice                | 3       |
|    mac_muladd_8s_8s_16s_17_4_1_U108                                | 1    |        | sext_ln48_216    | sext      | dsp_slice                | 3       |
|    mul_8s_8s_16_1_1_U21                                            |      |        | mul_ln48_92      | mul       | auto                     | 0       |
|    mac_muladd_8s_8s_16s_17_4_1_U171                                | 1    |        | add_ln48_88      | add       | dsp_slice                | 3       |
|    add_ln48_89_fu_7223_p2                                          |      |        | add_ln48_89      | add       | fabric                   | 0       |
|    mac_muladd_8s_8s_16s_17_4_1_U108                                | 1    |        | add_ln48_90      | add       | dsp_slice                | 3       |
|    mac_muladd_8s_8s_17s_17_4_1_U170                                | 1    |        | add_ln48_91      | add       | dsp_slice                | 3       |
|    acc_64_fu_7235_p2                                               |      |        | acc_64           | add       | fabric                   | 0       |
|    mac_muladd_8s_8s_17s_17_4_1_U172                                | 1    |        | mul_ln48_93      | mul       | dsp_slice                | 3       |
|    mac_muladd_8s_8s_17s_17_4_1_U172                                | 1    |        | sext_ln48_220    | sext      | dsp_slice                | 3       |
|    mac_muladd_8s_8s_16s_17_4_1_U173                                | 1    |        | mul_ln48_94      | mul       | dsp_slice                | 3       |
|    mac_muladd_8s_8s_16s_17_4_1_U173                                | 1    |        | sext_ln48_221    | sext      | dsp_slice                | 3       |
|    mul_8s_8s_16_1_1_U65                                            |      |        | mul_ln48_95      | mul       | auto                     | 0       |
|    mac_muladd_8s_8s_16s_17_4_1_U109                                | 1    |        | mul_ln48_96      | mul       | dsp_slice                | 3       |
|    mac_muladd_8s_8s_16s_17_4_1_U109                                | 1    |        | sext_ln48_223    | sext      | dsp_slice                | 3       |
|    mul_8s_8s_16_1_1_U22                                            |      |        | mul_ln48_97      | mul       | auto                     | 0       |
|    mac_muladd_8s_8s_16s_17_4_1_U173                                | 1    |        | add_ln48_93      | add       | dsp_slice                | 3       |
|    add_ln48_94_fu_7241_p2                                          |      |        | add_ln48_94      | add       | fabric                   | 0       |
|    mac_muladd_8s_8s_16s_17_4_1_U109                                | 1    |        | add_ln48_95      | add       | dsp_slice                | 3       |
|    mac_muladd_8s_8s_17s_17_4_1_U172                                | 1    |        | add_ln48_96      | add       | dsp_slice                | 3       |
|    acc_65_fu_7253_p2                                               |      |        | acc_65           | add       | fabric                   | 0       |
|    mac_muladd_8s_8s_17s_17_4_1_U174                                | 1    |        | mul_ln48_98      | mul       | dsp_slice                | 3       |
|    mac_muladd_8s_8s_17s_17_4_1_U174                                | 1    |        | sext_ln48_227    | sext      | dsp_slice                | 3       |
|    mac_muladd_8s_8s_16s_17_4_1_U175                                | 1    |        | mul_ln48_99      | mul       | dsp_slice                | 3       |
|    mac_muladd_8s_8s_16s_17_4_1_U175                                | 1    |        | sext_ln48_228    | sext      | dsp_slice                | 3       |
|    mul_8s_8s_16_1_1_U66                                            |      |        | mul_ln48_100     | mul       | auto                     | 0       |
|    mac_muladd_8s_8s_16s_17_4_1_U110                                | 1    |        | mul_ln48_101     | mul       | dsp_slice                | 3       |
|    mac_muladd_8s_8s_16s_17_4_1_U110                                | 1    |        | sext_ln48_230    | sext      | dsp_slice                | 3       |
|    mul_8s_8s_16_1_1_U23                                            |      |        | mul_ln48_102     | mul       | auto                     | 0       |
|    mac_muladd_8s_8s_16s_17_4_1_U175                                | 1    |        | add_ln48_98      | add       | dsp_slice                | 3       |
|    add_ln48_99_fu_7259_p2                                          |      |        | add_ln48_99      | add       | fabric                   | 0       |
|    mac_muladd_8s_8s_16s_17_4_1_U110                                | 1    |        | add_ln48_100     | add       | dsp_slice                | 3       |
|    mac_muladd_8s_8s_17s_17_4_1_U174                                | 1    |        | add_ln48_101     | add       | dsp_slice                | 3       |
|    acc_66_fu_7271_p2                                               |      |        | acc_66           | add       | fabric                   | 0       |
|    mac_muladd_8s_8s_17s_17_4_1_U176                                | 1    |        | mul_ln48_103     | mul       | dsp_slice                | 3       |
|    mac_muladd_8s_8s_17s_17_4_1_U176                                | 1    |        | sext_ln48_234    | sext      | dsp_slice                | 3       |
|    mac_muladd_8s_8s_16s_17_4_1_U177                                | 1    |        | mul_ln48_104     | mul       | dsp_slice                | 3       |
|    mac_muladd_8s_8s_16s_17_4_1_U177                                | 1    |        | sext_ln48_235    | sext      | dsp_slice                | 3       |
|    mul_8s_8s_16_1_1_U67                                            |      |        | mul_ln48_105     | mul       | auto                     | 0       |
|    mac_muladd_8s_8s_16s_17_4_1_U111                                | 1    |        | mul_ln48_106     | mul       | dsp_slice                | 3       |
|    mac_muladd_8s_8s_16s_17_4_1_U111                                | 1    |        | sext_ln48_237    | sext      | dsp_slice                | 3       |
|    mul_8s_8s_16_1_1_U24                                            |      |        | mul_ln48_107     | mul       | auto                     | 0       |
|    mac_muladd_8s_8s_16s_17_4_1_U177                                | 1    |        | add_ln48_103     | add       | dsp_slice                | 3       |
|    add_ln48_104_fu_7277_p2                                         |      |        | add_ln48_104     | add       | fabric                   | 0       |
|    mac_muladd_8s_8s_16s_17_4_1_U111                                | 1    |        | add_ln48_105     | add       | dsp_slice                | 3       |
|    mac_muladd_8s_8s_17s_17_4_1_U176                                | 1    |        | add_ln48_106     | add       | dsp_slice                | 3       |
|    acc_67_fu_7289_p2                                               |      |        | acc_67           | add       | fabric                   | 0       |
|    mac_muladd_8s_8s_17s_17_4_1_U178                                | 1    |        | mul_ln48_108     | mul       | dsp_slice                | 3       |
|    mac_muladd_8s_8s_17s_17_4_1_U178                                | 1    |        | sext_ln48_241    | sext      | dsp_slice                | 3       |
|    mac_muladd_8s_8s_16s_17_4_1_U179                                | 1    |        | mul_ln48_109     | mul       | dsp_slice                | 3       |
|    mac_muladd_8s_8s_16s_17_4_1_U179                                | 1    |        | sext_ln48_242    | sext      | dsp_slice                | 3       |
|    mul_8s_8s_16_1_1_U68                                            |      |        | mul_ln48_110     | mul       | auto                     | 0       |
|    mac_muladd_8s_8s_16s_17_4_1_U112                                | 1    |        | mul_ln48_111     | mul       | dsp_slice                | 3       |
|    mac_muladd_8s_8s_16s_17_4_1_U112                                | 1    |        | sext_ln48_244    | sext      | dsp_slice                | 3       |
|    mul_8s_8s_16_1_1_U25                                            |      |        | mul_ln48_112     | mul       | auto                     | 0       |
|    mac_muladd_8s_8s_16s_17_4_1_U179                                | 1    |        | add_ln48_108     | add       | dsp_slice                | 3       |
|    add_ln48_109_fu_7295_p2                                         |      |        | add_ln48_109     | add       | fabric                   | 0       |
|    mac_muladd_8s_8s_16s_17_4_1_U112                                | 1    |        | add_ln48_110     | add       | dsp_slice                | 3       |
|    mac_muladd_8s_8s_17s_17_4_1_U178                                | 1    |        | add_ln48_111     | add       | dsp_slice                | 3       |
|    acc_68_fu_7307_p2                                               |      |        | acc_68           | add       | fabric                   | 0       |
|    mac_muladd_8s_8s_17s_17_4_1_U180                                | 1    |        | mul_ln48_113     | mul       | dsp_slice                | 3       |
|    mac_muladd_8s_8s_17s_17_4_1_U180                                | 1    |        | sext_ln48_248    | sext      | dsp_slice                | 3       |
|    mac_muladd_8s_8s_16s_17_4_1_U181                                | 1    |        | mul_ln48_114     | mul       | dsp_slice                | 3       |
|    mac_muladd_8s_8s_16s_17_4_1_U181                                | 1    |        | sext_ln48_249    | sext      | dsp_slice                | 3       |
|    mul_8s_8s_16_1_1_U69                                            |      |        | mul_ln48_115     | mul       | auto                     | 0       |
|    mac_muladd_8s_8s_16s_17_4_1_U113                                | 1    |        | mul_ln48_116     | mul       | dsp_slice                | 3       |
|    mac_muladd_8s_8s_16s_17_4_1_U113                                | 1    |        | sext_ln48_251    | sext      | dsp_slice                | 3       |
|    mul_8s_8s_16_1_1_U26                                            |      |        | mul_ln48_117     | mul       | auto                     | 0       |
|    mac_muladd_8s_8s_16s_17_4_1_U181                                | 1    |        | add_ln48_113     | add       | dsp_slice                | 3       |
|    add_ln48_114_fu_7313_p2                                         |      |        | add_ln48_114     | add       | fabric                   | 0       |
|    mac_muladd_8s_8s_16s_17_4_1_U113                                | 1    |        | add_ln48_115     | add       | dsp_slice                | 3       |
|    mac_muladd_8s_8s_17s_17_4_1_U180                                | 1    |        | add_ln48_116     | add       | dsp_slice                | 3       |
|    acc_69_fu_7325_p2                                               |      |        | acc_69           | add       | fabric                   | 0       |
|    mac_muladd_8s_8s_17s_17_4_1_U182                                | 1    |        | mul_ln48_118     | mul       | dsp_slice                | 3       |
|    mac_muladd_8s_8s_17s_17_4_1_U182                                | 1    |        | sext_ln48_255    | sext      | dsp_slice                | 3       |
|    mac_muladd_8s_8s_16s_17_4_1_U183                                | 1    |        | mul_ln48_119     | mul       | dsp_slice                | 3       |
|    mac_muladd_8s_8s_16s_17_4_1_U183                                | 1    |        | sext_ln48_256    | sext      | dsp_slice                | 3       |
|    mul_8s_8s_16_1_1_U70                                            |      |        | mul_ln48_120     | mul       | auto                     | 0       |
|    mac_muladd_8s_8s_16s_17_4_1_U114                                | 1    |        | mul_ln48_121     | mul       | dsp_slice                | 3       |
|    mac_muladd_8s_8s_16s_17_4_1_U114                                | 1    |        | sext_ln48_258    | sext      | dsp_slice                | 3       |
|    mul_8s_8s_16_1_1_U27                                            |      |        | mul_ln48_122     | mul       | auto                     | 0       |
|    mac_muladd_8s_8s_16s_17_4_1_U183                                | 1    |        | add_ln48_118     | add       | dsp_slice                | 3       |
|    add_ln48_119_fu_7331_p2                                         |      |        | add_ln48_119     | add       | fabric                   | 0       |
|    mac_muladd_8s_8s_16s_17_4_1_U114                                | 1    |        | add_ln48_120     | add       | dsp_slice                | 3       |
|    mac_muladd_8s_8s_17s_17_4_1_U182                                | 1    |        | add_ln48_121     | add       | dsp_slice                | 3       |
|    acc_70_fu_7343_p2                                               |      |        | acc_70           | add       | fabric                   | 0       |
|    mac_muladd_8s_8s_17s_17_4_1_U184                                | 1    |        | mul_ln48_123     | mul       | dsp_slice                | 3       |
|    mac_muladd_8s_8s_17s_17_4_1_U184                                | 1    |        | sext_ln48_262    | sext      | dsp_slice                | 3       |
|    mac_muladd_8s_8s_16s_17_4_1_U185                                | 1    |        | mul_ln48_124     | mul       | dsp_slice                | 3       |
|    mac_muladd_8s_8s_16s_17_4_1_U185                                | 1    |        | sext_ln48_263    | sext      | dsp_slice                | 3       |
|    mul_8s_8s_16_1_1_U71                                            |      |        | mul_ln48_125     | mul       | auto                     | 0       |
|    mac_muladd_8s_8s_16s_17_4_1_U115                                | 1    |        | mul_ln48_126     | mul       | dsp_slice                | 3       |
|    mac_muladd_8s_8s_16s_17_4_1_U115                                | 1    |        | sext_ln48_265    | sext      | dsp_slice                | 3       |
|    mul_8s_8s_16_1_1_U28                                            |      |        | mul_ln48_127     | mul       | auto                     | 0       |
|    mac_muladd_8s_8s_16s_17_4_1_U185                                | 1    |        | add_ln48_123     | add       | dsp_slice                | 3       |
|    add_ln48_124_fu_7349_p2                                         |      |        | add_ln48_124     | add       | fabric                   | 0       |
|    mac_muladd_8s_8s_16s_17_4_1_U115                                | 1    |        | add_ln48_125     | add       | dsp_slice                | 3       |
|    mac_muladd_8s_8s_17s_17_4_1_U184                                | 1    |        | add_ln48_126     | add       | dsp_slice                | 3       |
|    acc_71_fu_7361_p2                                               |      |        | acc_71           | add       | fabric                   | 0       |
|    mac_muladd_8s_8s_17s_17_4_1_U186                                | 1    |        | mul_ln48_128     | mul       | dsp_slice                | 3       |
|    mac_muladd_8s_8s_17s_17_4_1_U186                                | 1    |        | sext_ln48_269    | sext      | dsp_slice                | 3       |
|    mac_muladd_8s_8s_16s_17_4_1_U187                                | 1    |        | mul_ln48_129     | mul       | dsp_slice                | 3       |
|    mac_muladd_8s_8s_16s_17_4_1_U187                                | 1    |        | sext_ln48_270    | sext      | dsp_slice                | 3       |
|    mul_8s_8s_16_1_1_U72                                            |      |        | mul_ln48_130     | mul       | auto                     | 0       |
|    mac_muladd_8s_8s_16s_17_4_1_U116                                | 1    |        | mul_ln48_131     | mul       | dsp_slice                | 3       |
|    mac_muladd_8s_8s_16s_17_4_1_U116                                | 1    |        | sext_ln48_272    | sext      | dsp_slice                | 3       |
|    mul_8s_8s_16_1_1_U29                                            |      |        | mul_ln48_132     | mul       | auto                     | 0       |
|    mac_muladd_8s_8s_16s_17_4_1_U187                                | 1    |        | add_ln48_128     | add       | dsp_slice                | 3       |
|    add_ln48_129_fu_7367_p2                                         |      |        | add_ln48_129     | add       | fabric                   | 0       |
|    mac_muladd_8s_8s_16s_17_4_1_U116                                | 1    |        | add_ln48_130     | add       | dsp_slice                | 3       |
|    mac_muladd_8s_8s_17s_17_4_1_U186                                | 1    |        | add_ln48_131     | add       | dsp_slice                | 3       |
|    acc_72_fu_7379_p2                                               |      |        | acc_72           | add       | fabric                   | 0       |
|    mac_muladd_8s_8s_17s_17_4_1_U188                                | 1    |        | mul_ln48_133     | mul       | dsp_slice                | 3       |
|    mac_muladd_8s_8s_17s_17_4_1_U188                                | 1    |        | sext_ln48_276    | sext      | dsp_slice                | 3       |
|    mac_muladd_8s_8s_16s_17_4_1_U189                                | 1    |        | mul_ln48_134     | mul       | dsp_slice                | 3       |
|    mac_muladd_8s_8s_16s_17_4_1_U189                                | 1    |        | sext_ln48_277    | sext      | dsp_slice                | 3       |
|    mul_8s_8s_16_1_1_U73                                            |      |        | mul_ln48_135     | mul       | auto                     | 0       |
|    mac_muladd_8s_8s_16s_17_4_1_U117                                | 1    |        | mul_ln48_136     | mul       | dsp_slice                | 3       |
|    mac_muladd_8s_8s_16s_17_4_1_U117                                | 1    |        | sext_ln48_279    | sext      | dsp_slice                | 3       |
|    mul_8s_8s_16_1_1_U30                                            |      |        | mul_ln48_137     | mul       | auto                     | 0       |
|    mac_muladd_8s_8s_16s_17_4_1_U189                                | 1    |        | add_ln48_133     | add       | dsp_slice                | 3       |
|    add_ln48_134_fu_7385_p2                                         |      |        | add_ln48_134     | add       | fabric                   | 0       |
|    mac_muladd_8s_8s_16s_17_4_1_U117                                | 1    |        | add_ln48_135     | add       | dsp_slice                | 3       |
|    mac_muladd_8s_8s_17s_17_4_1_U188                                | 1    |        | add_ln48_136     | add       | dsp_slice                | 3       |
|    acc_73_fu_7397_p2                                               |      |        | acc_73           | add       | fabric                   | 0       |
|    mac_muladd_8s_8s_17s_17_4_1_U190                                | 1    |        | mul_ln48_138     | mul       | dsp_slice                | 3       |
|    mac_muladd_8s_8s_17s_17_4_1_U190                                | 1    |        | sext_ln48_283    | sext      | dsp_slice                | 3       |
|    mac_muladd_8s_8s_16s_17_4_1_U191                                | 1    |        | mul_ln48_139     | mul       | dsp_slice                | 3       |
|    mac_muladd_8s_8s_16s_17_4_1_U191                                | 1    |        | sext_ln48_284    | sext      | dsp_slice                | 3       |
|    mul_8s_8s_16_1_1_U74                                            |      |        | mul_ln48_140     | mul       | auto                     | 0       |
|    mac_muladd_8s_8s_16s_17_4_1_U118                                | 1    |        | mul_ln48_141     | mul       | dsp_slice                | 3       |
|    mac_muladd_8s_8s_16s_17_4_1_U118                                | 1    |        | sext_ln48_286    | sext      | dsp_slice                | 3       |
|    mul_8s_8s_16_1_1_U31                                            |      |        | mul_ln48_142     | mul       | auto                     | 0       |
|    mac_muladd_8s_8s_16s_17_4_1_U191                                | 1    |        | add_ln48_138     | add       | dsp_slice                | 3       |
|    add_ln48_139_fu_7403_p2                                         |      |        | add_ln48_139     | add       | fabric                   | 0       |
|    mac_muladd_8s_8s_16s_17_4_1_U118                                | 1    |        | add_ln48_140     | add       | dsp_slice                | 3       |
|    mac_muladd_8s_8s_17s_17_4_1_U190                                | 1    |        | add_ln48_141     | add       | dsp_slice                | 3       |
|    acc_74_fu_7415_p2                                               |      |        | acc_74           | add       | fabric                   | 0       |
|    mac_muladd_8s_8s_17s_17_4_1_U192                                | 1    |        | mul_ln48_143     | mul       | dsp_slice                | 3       |
|    mac_muladd_8s_8s_17s_17_4_1_U192                                | 1    |        | sext_ln48_290    | sext      | dsp_slice                | 3       |
|    mac_muladd_8s_8s_16s_17_4_1_U193                                | 1    |        | mul_ln48_144     | mul       | dsp_slice                | 3       |
|    mac_muladd_8s_8s_16s_17_4_1_U193                                | 1    |        | sext_ln48_291    | sext      | dsp_slice                | 3       |
|    mul_8s_8s_16_1_1_U75                                            |      |        | mul_ln48_145     | mul       | auto                     | 0       |
|    mac_muladd_8s_8s_16s_17_4_1_U119                                | 1    |        | mul_ln48_146     | mul       | dsp_slice                | 3       |
|    mac_muladd_8s_8s_16s_17_4_1_U119                                | 1    |        | sext_ln48_293    | sext      | dsp_slice                | 3       |
|    mul_8s_8s_16_1_1_U32                                            |      |        | mul_ln48_147     | mul       | auto                     | 0       |
|    mac_muladd_8s_8s_16s_17_4_1_U193                                | 1    |        | add_ln48_143     | add       | dsp_slice                | 3       |
|    add_ln48_144_fu_7421_p2                                         |      |        | add_ln48_144     | add       | fabric                   | 0       |
|    mac_muladd_8s_8s_16s_17_4_1_U119                                | 1    |        | add_ln48_145     | add       | dsp_slice                | 3       |
|    mac_muladd_8s_8s_17s_17_4_1_U192                                | 1    |        | add_ln48_146     | add       | dsp_slice                | 3       |
|    acc_75_fu_7433_p2                                               |      |        | acc_75           | add       | fabric                   | 0       |
|    mac_muladd_8s_8s_17s_17_4_1_U194                                | 1    |        | mul_ln48_148     | mul       | dsp_slice                | 3       |
|    mac_muladd_8s_8s_17s_17_4_1_U194                                | 1    |        | sext_ln48_297    | sext      | dsp_slice                | 3       |
|    mac_muladd_8s_8s_16s_17_4_1_U195                                | 1    |        | mul_ln48_149     | mul       | dsp_slice                | 3       |
|    mac_muladd_8s_8s_16s_17_4_1_U195                                | 1    |        | sext_ln48_298    | sext      | dsp_slice                | 3       |
|    mul_8s_8s_16_1_1_U76                                            |      |        | mul_ln48_150     | mul       | auto                     | 0       |
|    mac_muladd_8s_8s_16s_17_4_1_U120                                | 1    |        | mul_ln48_151     | mul       | dsp_slice                | 3       |
|    mac_muladd_8s_8s_16s_17_4_1_U120                                | 1    |        | sext_ln48_300    | sext      | dsp_slice                | 3       |
|    mul_8s_8s_16_1_1_U33                                            |      |        | mul_ln48_152     | mul       | auto                     | 0       |
|    mac_muladd_8s_8s_16s_17_4_1_U195                                | 1    |        | add_ln48_148     | add       | dsp_slice                | 3       |
|    add_ln48_149_fu_7439_p2                                         |      |        | add_ln48_149     | add       | fabric                   | 0       |
|    mac_muladd_8s_8s_16s_17_4_1_U120                                | 1    |        | add_ln48_150     | add       | dsp_slice                | 3       |
|    mac_muladd_8s_8s_17s_17_4_1_U194                                | 1    |        | add_ln48_151     | add       | dsp_slice                | 3       |
|    acc_76_fu_7451_p2                                               |      |        | acc_76           | add       | fabric                   | 0       |
|    mac_muladd_8s_8s_17s_17_4_1_U196                                | 1    |        | mul_ln48_153     | mul       | dsp_slice                | 3       |
|    mac_muladd_8s_8s_17s_17_4_1_U196                                | 1    |        | sext_ln48_304    | sext      | dsp_slice                | 3       |
|    mac_muladd_8s_8s_16s_17_4_1_U197                                | 1    |        | mul_ln48_154     | mul       | dsp_slice                | 3       |
|    mac_muladd_8s_8s_16s_17_4_1_U197                                | 1    |        | sext_ln48_305    | sext      | dsp_slice                | 3       |
|    mul_8s_8s_16_1_1_U77                                            |      |        | mul_ln48_155     | mul       | auto                     | 0       |
|    mac_muladd_8s_8s_16s_17_4_1_U121                                | 1    |        | mul_ln48_156     | mul       | dsp_slice                | 3       |
|    mac_muladd_8s_8s_16s_17_4_1_U121                                | 1    |        | sext_ln48_307    | sext      | dsp_slice                | 3       |
|    mul_8s_8s_16_1_1_U34                                            |      |        | mul_ln48_157     | mul       | auto                     | 0       |
|    mac_muladd_8s_8s_16s_17_4_1_U197                                | 1    |        | add_ln48_153     | add       | dsp_slice                | 3       |
|    add_ln48_154_fu_7457_p2                                         |      |        | add_ln48_154     | add       | fabric                   | 0       |
|    mac_muladd_8s_8s_16s_17_4_1_U121                                | 1    |        | add_ln48_155     | add       | dsp_slice                | 3       |
|    mac_muladd_8s_8s_17s_17_4_1_U196                                | 1    |        | add_ln48_156     | add       | dsp_slice                | 3       |
|    acc_77_fu_7469_p2                                               |      |        | acc_77           | add       | fabric                   | 0       |
|    mac_muladd_8s_8s_17s_17_4_1_U198                                | 1    |        | mul_ln48_158     | mul       | dsp_slice                | 3       |
|    mac_muladd_8s_8s_17s_17_4_1_U198                                | 1    |        | sext_ln48_311    | sext      | dsp_slice                | 3       |
|    mac_muladd_8s_8s_16s_17_4_1_U199                                | 1    |        | mul_ln48_159     | mul       | dsp_slice                | 3       |
|    mac_muladd_8s_8s_16s_17_4_1_U199                                | 1    |        | sext_ln48_312    | sext      | dsp_slice                | 3       |
|    mul_8s_8s_16_1_1_U78                                            |      |        | mul_ln48_160     | mul       | auto                     | 0       |
|    mac_muladd_8s_8s_16s_17_4_1_U122                                | 1    |        | mul_ln48_161     | mul       | dsp_slice                | 3       |
|    mac_muladd_8s_8s_16s_17_4_1_U122                                | 1    |        | sext_ln48_314    | sext      | dsp_slice                | 3       |
|    mul_8s_8s_16_1_1_U35                                            |      |        | mul_ln48_162     | mul       | auto                     | 0       |
|    mac_muladd_8s_8s_16s_17_4_1_U199                                | 1    |        | add_ln48_158     | add       | dsp_slice                | 3       |
|    add_ln48_159_fu_7475_p2                                         |      |        | add_ln48_159     | add       | fabric                   | 0       |
|    mac_muladd_8s_8s_16s_17_4_1_U122                                | 1    |        | add_ln48_160     | add       | dsp_slice                | 3       |
|    mac_muladd_8s_8s_17s_17_4_1_U198                                | 1    |        | add_ln48_161     | add       | dsp_slice                | 3       |
|    acc_78_fu_7487_p2                                               |      |        | acc_78           | add       | fabric                   | 0       |
|    mac_muladd_8s_8s_17s_17_4_1_U200                                | 1    |        | mul_ln48_163     | mul       | dsp_slice                | 3       |
|    mac_muladd_8s_8s_17s_17_4_1_U200                                | 1    |        | sext_ln48_318    | sext      | dsp_slice                | 3       |
|    mac_muladd_8s_8s_16s_17_4_1_U201                                | 1    |        | mul_ln48_164     | mul       | dsp_slice                | 3       |
|    mac_muladd_8s_8s_16s_17_4_1_U201                                | 1    |        | sext_ln48_319    | sext      | dsp_slice                | 3       |
|    mul_8s_8s_16_1_1_U79                                            |      |        | mul_ln48_165     | mul       | auto                     | 0       |
|    mac_muladd_8s_8s_16s_17_4_1_U123                                | 1    |        | mul_ln48_166     | mul       | dsp_slice                | 3       |
|    mac_muladd_8s_8s_16s_17_4_1_U123                                | 1    |        | sext_ln48_321    | sext      | dsp_slice                | 3       |
|    mul_8s_8s_16_1_1_U36                                            |      |        | mul_ln48_167     | mul       | auto                     | 0       |
|    mac_muladd_8s_8s_16s_17_4_1_U201                                | 1    |        | add_ln48_163     | add       | dsp_slice                | 3       |
|    add_ln48_164_fu_7493_p2                                         |      |        | add_ln48_164     | add       | fabric                   | 0       |
|    mac_muladd_8s_8s_16s_17_4_1_U123                                | 1    |        | add_ln48_165     | add       | dsp_slice                | 3       |
|    mac_muladd_8s_8s_17s_17_4_1_U200                                | 1    |        | add_ln48_166     | add       | dsp_slice                | 3       |
|    acc_79_fu_7505_p2                                               |      |        | acc_79           | add       | fabric                   | 0       |
|    mac_muladd_8s_8s_17s_17_4_1_U202                                | 1    |        | mul_ln48_168     | mul       | dsp_slice                | 3       |
|    mac_muladd_8s_8s_17s_17_4_1_U202                                | 1    |        | sext_ln48_325    | sext      | dsp_slice                | 3       |
|    mac_muladd_8s_8s_16s_17_4_1_U203                                | 1    |        | mul_ln48_169     | mul       | dsp_slice                | 3       |
|    mac_muladd_8s_8s_16s_17_4_1_U203                                | 1    |        | sext_ln48_326    | sext      | dsp_slice                | 3       |
|    mul_8s_8s_16_1_1_U80                                            |      |        | mul_ln48_170     | mul       | auto                     | 0       |
|    mac_muladd_8s_8s_16s_17_4_1_U124                                | 1    |        | mul_ln48_171     | mul       | dsp_slice                | 3       |
|    mac_muladd_8s_8s_16s_17_4_1_U124                                | 1    |        | sext_ln48_328    | sext      | dsp_slice                | 3       |
|    mul_8s_8s_16_1_1_U37                                            |      |        | mul_ln48_172     | mul       | auto                     | 0       |
|    mac_muladd_8s_8s_16s_17_4_1_U203                                | 1    |        | add_ln48_168     | add       | dsp_slice                | 3       |
|    add_ln48_169_fu_7511_p2                                         |      |        | add_ln48_169     | add       | fabric                   | 0       |
|    mac_muladd_8s_8s_16s_17_4_1_U124                                | 1    |        | add_ln48_170     | add       | dsp_slice                | 3       |
|    mac_muladd_8s_8s_17s_17_4_1_U202                                | 1    |        | add_ln48_171     | add       | dsp_slice                | 3       |
|    acc_80_fu_7523_p2                                               |      |        | acc_80           | add       | fabric                   | 0       |
|    mac_muladd_8s_8s_17s_17_4_1_U204                                | 1    |        | mul_ln48_173     | mul       | dsp_slice                | 3       |
|    mac_muladd_8s_8s_17s_17_4_1_U204                                | 1    |        | sext_ln48_332    | sext      | dsp_slice                | 3       |
|    mac_muladd_8s_8s_16s_17_4_1_U205                                | 1    |        | mul_ln48_174     | mul       | dsp_slice                | 3       |
|    mac_muladd_8s_8s_16s_17_4_1_U205                                | 1    |        | sext_ln48_333    | sext      | dsp_slice                | 3       |
|    mul_8s_8s_16_1_1_U81                                            |      |        | mul_ln48_175     | mul       | auto                     | 0       |
|    mac_muladd_8s_8s_16s_17_4_1_U125                                | 1    |        | mul_ln48_176     | mul       | dsp_slice                | 3       |
|    mac_muladd_8s_8s_16s_17_4_1_U125                                | 1    |        | sext_ln48_335    | sext      | dsp_slice                | 3       |
|    mul_8s_8s_16_1_1_U38                                            |      |        | mul_ln48_177     | mul       | auto                     | 0       |
|    mac_muladd_8s_8s_16s_17_4_1_U205                                | 1    |        | add_ln48_173     | add       | dsp_slice                | 3       |
|    add_ln48_174_fu_7529_p2                                         |      |        | add_ln48_174     | add       | fabric                   | 0       |
|    mac_muladd_8s_8s_16s_17_4_1_U125                                | 1    |        | add_ln48_175     | add       | dsp_slice                | 3       |
|    mac_muladd_8s_8s_17s_17_4_1_U204                                | 1    |        | add_ln48_176     | add       | dsp_slice                | 3       |
|    acc_81_fu_7541_p2                                               |      |        | acc_81           | add       | fabric                   | 0       |
|    mac_muladd_8s_8s_17s_17_4_1_U206                                | 1    |        | mul_ln48_178     | mul       | dsp_slice                | 3       |
|    mac_muladd_8s_8s_17s_17_4_1_U206                                | 1    |        | sext_ln48_339    | sext      | dsp_slice                | 3       |
|    mac_muladd_8s_8s_16s_17_4_1_U207                                | 1    |        | mul_ln48_179     | mul       | dsp_slice                | 3       |
|    mac_muladd_8s_8s_16s_17_4_1_U207                                | 1    |        | sext_ln48_340    | sext      | dsp_slice                | 3       |
|    mul_8s_8s_16_1_1_U82                                            |      |        | mul_ln48_180     | mul       | auto                     | 0       |
|    mac_muladd_8s_8s_16s_17_4_1_U126                                | 1    |        | mul_ln48_181     | mul       | dsp_slice                | 3       |
|    mac_muladd_8s_8s_16s_17_4_1_U126                                | 1    |        | sext_ln48_342    | sext      | dsp_slice                | 3       |
|    mul_8s_8s_16_1_1_U39                                            |      |        | mul_ln48_182     | mul       | auto                     | 0       |
|    mac_muladd_8s_8s_16s_17_4_1_U207                                | 1    |        | add_ln48_178     | add       | dsp_slice                | 3       |
|    add_ln48_179_fu_7547_p2                                         |      |        | add_ln48_179     | add       | fabric                   | 0       |
|    mac_muladd_8s_8s_16s_17_4_1_U126                                | 1    |        | add_ln48_180     | add       | dsp_slice                | 3       |
|    mac_muladd_8s_8s_17s_17_4_1_U206                                | 1    |        | add_ln48_181     | add       | dsp_slice                | 3       |
|    acc_82_fu_7559_p2                                               |      |        | acc_82           | add       | fabric                   | 0       |
|    mac_muladd_8s_8s_17s_17_4_1_U208                                | 1    |        | mul_ln48_183     | mul       | dsp_slice                | 3       |
|    mac_muladd_8s_8s_17s_17_4_1_U208                                | 1    |        | sext_ln48_346    | sext      | dsp_slice                | 3       |
|    mac_muladd_8s_8s_16s_17_4_1_U209                                | 1    |        | mul_ln48_184     | mul       | dsp_slice                | 3       |
|    mac_muladd_8s_8s_16s_17_4_1_U209                                | 1    |        | sext_ln48_347    | sext      | dsp_slice                | 3       |
|    mul_8s_8s_16_1_1_U83                                            |      |        | mul_ln48_185     | mul       | auto                     | 0       |
|    mac_muladd_8s_8s_16s_17_4_1_U127                                | 1    |        | mul_ln48_186     | mul       | dsp_slice                | 3       |
|    mac_muladd_8s_8s_16s_17_4_1_U127                                | 1    |        | sext_ln48_349    | sext      | dsp_slice                | 3       |
|    mul_8s_8s_16_1_1_U40                                            |      |        | mul_ln48_187     | mul       | auto                     | 0       |
|    mac_muladd_8s_8s_16s_17_4_1_U209                                | 1    |        | add_ln48_183     | add       | dsp_slice                | 3       |
|    add_ln48_184_fu_7565_p2                                         |      |        | add_ln48_184     | add       | fabric                   | 0       |
|    mac_muladd_8s_8s_16s_17_4_1_U127                                | 1    |        | add_ln48_185     | add       | dsp_slice                | 3       |
|    mac_muladd_8s_8s_17s_17_4_1_U208                                | 1    |        | add_ln48_186     | add       | dsp_slice                | 3       |
|    acc_83_fu_7577_p2                                               |      |        | acc_83           | add       | fabric                   | 0       |
|    mac_muladd_8s_8s_17s_17_4_1_U210                                | 1    |        | mul_ln48_188     | mul       | dsp_slice                | 3       |
|    mac_muladd_8s_8s_17s_17_4_1_U210                                | 1    |        | sext_ln48_353    | sext      | dsp_slice                | 3       |
|    mac_muladd_8s_8s_16s_17_4_1_U211                                | 1    |        | mul_ln48_189     | mul       | dsp_slice                | 3       |
|    mac_muladd_8s_8s_16s_17_4_1_U211                                | 1    |        | sext_ln48_354    | sext      | dsp_slice                | 3       |
|    mul_8s_8s_16_1_1_U84                                            |      |        | mul_ln48_190     | mul       | auto                     | 0       |
|    mac_muladd_8s_8s_16s_17_4_1_U128                                | 1    |        | mul_ln48_191     | mul       | dsp_slice                | 3       |
|    mac_muladd_8s_8s_16s_17_4_1_U128                                | 1    |        | sext_ln48_356    | sext      | dsp_slice                | 3       |
|    mul_8s_8s_16_1_1_U41                                            |      |        | mul_ln48_192     | mul       | auto                     | 0       |
|    mac_muladd_8s_8s_16s_17_4_1_U211                                | 1    |        | add_ln48_188     | add       | dsp_slice                | 3       |
|    add_ln48_189_fu_7583_p2                                         |      |        | add_ln48_189     | add       | fabric                   | 0       |
|    mac_muladd_8s_8s_16s_17_4_1_U128                                | 1    |        | add_ln48_190     | add       | dsp_slice                | 3       |
|    mac_muladd_8s_8s_17s_17_4_1_U210                                | 1    |        | add_ln48_191     | add       | dsp_slice                | 3       |
|    acc_84_fu_7595_p2                                               |      |        | acc_84           | add       | fabric                   | 0       |
|    mac_muladd_8s_8s_17s_17_4_1_U212                                | 1    |        | mul_ln48_193     | mul       | dsp_slice                | 3       |
|    mac_muladd_8s_8s_17s_17_4_1_U212                                | 1    |        | sext_ln48_360    | sext      | dsp_slice                | 3       |
|    mac_muladd_8s_8s_16s_17_4_1_U213                                | 1    |        | mul_ln48_194     | mul       | dsp_slice                | 3       |
|    mac_muladd_8s_8s_16s_17_4_1_U213                                | 1    |        | sext_ln48_361    | sext      | dsp_slice                | 3       |
|    mul_8s_8s_16_1_1_U85                                            |      |        | mul_ln48_195     | mul       | auto                     | 0       |
|    mac_muladd_8s_8s_16s_17_4_1_U129                                | 1    |        | mul_ln48_196     | mul       | dsp_slice                | 3       |
|    mac_muladd_8s_8s_16s_17_4_1_U129                                | 1    |        | sext_ln48_363    | sext      | dsp_slice                | 3       |
|    mul_8s_8s_16_1_1_U42                                            |      |        | mul_ln48_197     | mul       | auto                     | 0       |
|    mac_muladd_8s_8s_16s_17_4_1_U213                                | 1    |        | add_ln48_193     | add       | dsp_slice                | 3       |
|    add_ln48_194_fu_7601_p2                                         |      |        | add_ln48_194     | add       | fabric                   | 0       |
|    mac_muladd_8s_8s_16s_17_4_1_U129                                | 1    |        | add_ln48_195     | add       | dsp_slice                | 3       |
|    mac_muladd_8s_8s_17s_17_4_1_U212                                | 1    |        | add_ln48_196     | add       | dsp_slice                | 3       |
|    acc_85_fu_7613_p2                                               |      |        | acc_85           | add       | fabric                   | 0       |
|    mac_muladd_8s_8s_17s_17_4_1_U214                                | 1    |        | mul_ln48_198     | mul       | dsp_slice                | 3       |
|    mac_muladd_8s_8s_17s_17_4_1_U214                                | 1    |        | sext_ln48_367    | sext      | dsp_slice                | 3       |
|    mac_muladd_8s_8s_16s_17_4_1_U215                                | 1    |        | mul_ln48_199     | mul       | dsp_slice                | 3       |
|    mac_muladd_8s_8s_16s_17_4_1_U215                                | 1    |        | sext_ln48_368    | sext      | dsp_slice                | 3       |
|    mul_8s_8s_16_1_1_U86                                            |      |        | mul_ln48_200     | mul       | auto                     | 0       |
|    mac_muladd_8s_8s_16s_17_4_1_U130                                | 1    |        | mul_ln48_201     | mul       | dsp_slice                | 3       |
|    mac_muladd_8s_8s_16s_17_4_1_U130                                | 1    |        | sext_ln48_370    | sext      | dsp_slice                | 3       |
|    mul_8s_8s_16_1_1_U43                                            |      |        | mul_ln48_202     | mul       | auto                     | 0       |
|    mac_muladd_8s_8s_16s_17_4_1_U215                                | 1    |        | add_ln48_198     | add       | dsp_slice                | 3       |
|    add_ln48_199_fu_7619_p2                                         |      |        | add_ln48_199     | add       | fabric                   | 0       |
|    mac_muladd_8s_8s_16s_17_4_1_U130                                | 1    |        | add_ln48_200     | add       | dsp_slice                | 3       |
|    mac_muladd_8s_8s_17s_17_4_1_U214                                | 1    |        | add_ln48_201     | add       | dsp_slice                | 3       |
|    acc_86_fu_7631_p2                                               |      |        | acc_86           | add       | fabric                   | 0       |
|    mac_muladd_8s_8s_17s_17_4_1_U216                                | 1    |        | mul_ln48_203     | mul       | dsp_slice                | 3       |
|    mac_muladd_8s_8s_17s_17_4_1_U216                                | 1    |        | sext_ln48_374    | sext      | dsp_slice                | 3       |
|    mac_muladd_8s_8s_16s_17_4_1_U217                                | 1    |        | mul_ln48_204     | mul       | dsp_slice                | 3       |
|    mac_muladd_8s_8s_16s_17_4_1_U217                                | 1    |        | sext_ln48_375    | sext      | dsp_slice                | 3       |
|    mul_8s_8s_16_1_1_U87                                            |      |        | mul_ln48_205     | mul       | auto                     | 0       |
|    mac_muladd_8s_8s_16s_17_4_1_U131                                | 1    |        | mul_ln48_206     | mul       | dsp_slice                | 3       |
|    mac_muladd_8s_8s_16s_17_4_1_U131                                | 1    |        | sext_ln48_377    | sext      | dsp_slice                | 3       |
|    mul_8s_8s_16_1_1_U44                                            |      |        | mul_ln48_207     | mul       | auto                     | 0       |
|    mac_muladd_8s_8s_16s_17_4_1_U217                                | 1    |        | add_ln48_203     | add       | dsp_slice                | 3       |
|    add_ln48_204_fu_7637_p2                                         |      |        | add_ln48_204     | add       | fabric                   | 0       |
|    mac_muladd_8s_8s_16s_17_4_1_U131                                | 1    |        | add_ln48_205     | add       | dsp_slice                | 3       |
|    mac_muladd_8s_8s_17s_17_4_1_U216                                | 1    |        | add_ln48_206     | add       | dsp_slice                | 3       |
|    acc_87_fu_7649_p2                                               |      |        | acc_87           | add       | fabric                   | 0       |
|    mac_muladd_8s_8s_17s_17_4_1_U218                                | 1    |        | mul_ln48_208     | mul       | dsp_slice                | 3       |
|    mac_muladd_8s_8s_17s_17_4_1_U218                                | 1    |        | sext_ln48_381    | sext      | dsp_slice                | 3       |
|    mac_muladd_8s_8s_16s_17_4_1_U219                                | 1    |        | mul_ln48_209     | mul       | dsp_slice                | 3       |
|    mac_muladd_8s_8s_16s_17_4_1_U219                                | 1    |        | sext_ln48_382    | sext      | dsp_slice                | 3       |
|    mul_8s_8s_16_1_1_U88                                            |      |        | mul_ln48_210     | mul       | auto                     | 0       |
|    mac_muladd_8s_8s_16s_17_4_1_U132                                | 1    |        | mul_ln48_211     | mul       | dsp_slice                | 3       |
|    mac_muladd_8s_8s_16s_17_4_1_U132                                | 1    |        | sext_ln48_384    | sext      | dsp_slice                | 3       |
|    mul_8s_8s_16_1_1_U45                                            |      |        | mul_ln48_212     | mul       | auto                     | 0       |
|    mac_muladd_8s_8s_16s_17_4_1_U219                                | 1    |        | add_ln48_208     | add       | dsp_slice                | 3       |
|    add_ln48_209_fu_7655_p2                                         |      |        | add_ln48_209     | add       | fabric                   | 0       |
|    mac_muladd_8s_8s_16s_17_4_1_U132                                | 1    |        | add_ln48_210     | add       | dsp_slice                | 3       |
|    mac_muladd_8s_8s_17s_17_4_1_U218                                | 1    |        | add_ln48_211     | add       | dsp_slice                | 3       |
|    acc_88_fu_7667_p2                                               |      |        | acc_88           | add       | fabric                   | 0       |
|    mac_muladd_8s_8s_17s_17_4_1_U220                                | 1    |        | mul_ln48_213     | mul       | dsp_slice                | 3       |
|    mac_muladd_8s_8s_17s_17_4_1_U220                                | 1    |        | sext_ln48_388    | sext      | dsp_slice                | 3       |
|    mac_muladd_8s_8s_16s_17_4_1_U221                                | 1    |        | mul_ln48_214     | mul       | dsp_slice                | 3       |
|    mac_muladd_8s_8s_16s_17_4_1_U221                                | 1    |        | sext_ln48_389    | sext      | dsp_slice                | 3       |
|    mul_8s_8s_16_1_1_U89                                            |      |        | mul_ln48_215     | mul       | auto                     | 0       |
|    mac_muladd_8s_8s_16s_17_4_1_U133                                | 1    |        | mul_ln48_216     | mul       | dsp_slice                | 3       |
|    mac_muladd_8s_8s_16s_17_4_1_U133                                | 1    |        | sext_ln48_391    | sext      | dsp_slice                | 3       |
|    mul_8s_8s_16_1_1_U46                                            |      |        | mul_ln48_217     | mul       | auto                     | 0       |
|    mac_muladd_8s_8s_16s_17_4_1_U221                                | 1    |        | add_ln48_213     | add       | dsp_slice                | 3       |
|    add_ln48_214_fu_7673_p2                                         |      |        | add_ln48_214     | add       | fabric                   | 0       |
|    mac_muladd_8s_8s_16s_17_4_1_U133                                | 1    |        | add_ln48_215     | add       | dsp_slice                | 3       |
|    mac_muladd_8s_8s_17s_17_4_1_U220                                | 1    |        | add_ln48_216     | add       | dsp_slice                | 3       |
|    acc_89_fu_7685_p2                                               |      |        | acc_89           | add       | fabric                   | 0       |
|    mac_muladd_8s_8s_13s_16_4_1_U222                                | 1    |        | mul_ln48_218     | mul       | dsp_slice                | 3       |
|    mac_muladd_8s_8s_16s_17_4_1_U134                                | 1    |        | mul_ln48_219     | mul       | dsp_slice                | 3       |
|    mac_muladd_8s_8s_16s_17_4_1_U134                                | 1    |        | sext_ln48_395    | sext      | dsp_slice                | 3       |
|    mul_8s_8s_16_1_1_U2                                             |      |        | mul_ln48_220     | mul       | auto                     | 0       |
|    mac_muladd_8s_8s_17s_17_4_1_U223                                | 1    |        | mul_ln48_221     | mul       | dsp_slice                | 3       |
|    mac_muladd_8s_8s_17s_17_4_1_U223                                | 1    |        | sext_ln48_397    | sext      | dsp_slice                | 3       |
|    mac_muladd_8s_8s_13s_16_4_1_U222                                | 1    |        | add_ln48_218     | add       | dsp_slice                | 3       |
|    mac_muladd_8s_8s_16s_17_4_1_U134                                | 1    |        | add_ln48_219     | add       | dsp_slice                | 3       |
|    mac_muladd_8s_8s_17s_17_4_1_U223                                | 1    |        | add_ln48_220     | add       | dsp_slice                | 3       |
|    acc_90_fu_7697_p2                                               |      |        | acc_90           | add       | fabric                   | 0       |
|   + relu_i8 (buffer_c1_relu_i8_fu_5540)                            | 0    |        |                  |           |                          |         |
|     icmp_ln5_fu_44_p2                                              |      |        | icmp_ln5         | setgt     | auto                     | 0       |
|     xor_ln11_fu_54_p2                                              |      |        | xor_ln11         | xor       | auto                     | 0       |
|     select_ln11_1_fu_60_p3                                         |      |        | select_ln11_1    | select    | auto_sel                 | 0       |
|     or_ln11_fu_68_p2                                               |      |        | or_ln11          | or        | auto                     | 0       |
|     ap_return                                                      |      |        | select_ln11      | select    | auto_sel                 | 0       |
|   + relu_i8 (buffer_c1_44_relu_i8_fu_5545)                         | 0    |        |                  |           |                          |         |
|     icmp_ln5_fu_44_p2                                              |      |        | icmp_ln5         | setgt     | auto                     | 0       |
|     xor_ln11_fu_54_p2                                              |      |        | xor_ln11         | xor       | auto                     | 0       |
|     select_ln11_1_fu_60_p3                                         |      |        | select_ln11_1    | select    | auto_sel                 | 0       |
|     or_ln11_fu_68_p2                                               |      |        | or_ln11          | or        | auto                     | 0       |
|     ap_return                                                      |      |        | select_ln11      | select    | auto_sel                 | 0       |
|   + relu_i8 (buffer_c1_1_relu_i8_fu_5550)                          | 0    |        |                  |           |                          |         |
|     icmp_ln5_fu_44_p2                                              |      |        | icmp_ln5         | setgt     | auto                     | 0       |
|     xor_ln11_fu_54_p2                                              |      |        | xor_ln11         | xor       | auto                     | 0       |
|     select_ln11_1_fu_60_p3                                         |      |        | select_ln11_1    | select    | auto_sel                 | 0       |
|     or_ln11_fu_68_p2                                               |      |        | or_ln11          | or        | auto                     | 0       |
|     ap_return                                                      |      |        | select_ln11      | select    | auto_sel                 | 0       |
|   + relu_i8 (buffer_c1_2_relu_i8_fu_5555)                          | 0    |        |                  |           |                          |         |
|     icmp_ln5_fu_44_p2                                              |      |        | icmp_ln5         | setgt     | auto                     | 0       |
|     xor_ln11_fu_54_p2                                              |      |        | xor_ln11         | xor       | auto                     | 0       |
|     select_ln11_1_fu_60_p3                                         |      |        | select_ln11_1    | select    | auto_sel                 | 0       |
|     or_ln11_fu_68_p2                                               |      |        | or_ln11          | or        | auto                     | 0       |
|     ap_return                                                      |      |        | select_ln11      | select    | auto_sel                 | 0       |
|   + relu_i8 (buffer_c1_3_relu_i8_fu_5560)                          | 0    |        |                  |           |                          |         |
|     icmp_ln5_fu_44_p2                                              |      |        | icmp_ln5         | setgt     | auto                     | 0       |
|     xor_ln11_fu_54_p2                                              |      |        | xor_ln11         | xor       | auto                     | 0       |
|     select_ln11_1_fu_60_p3                                         |      |        | select_ln11_1    | select    | auto_sel                 | 0       |
|     or_ln11_fu_68_p2                                               |      |        | or_ln11          | or        | auto                     | 0       |
|     ap_return                                                      |      |        | select_ln11      | select    | auto_sel                 | 0       |
|   + relu_i8 (buffer_c1_4_relu_i8_fu_5565)                          | 0    |        |                  |           |                          |         |
|     icmp_ln5_fu_44_p2                                              |      |        | icmp_ln5         | setgt     | auto                     | 0       |
|     xor_ln11_fu_54_p2                                              |      |        | xor_ln11         | xor       | auto                     | 0       |
|     select_ln11_1_fu_60_p3                                         |      |        | select_ln11_1    | select    | auto_sel                 | 0       |
|     or_ln11_fu_68_p2                                               |      |        | or_ln11          | or        | auto                     | 0       |
|     ap_return                                                      |      |        | select_ln11      | select    | auto_sel                 | 0       |
|   + relu_i8 (buffer_c1_5_relu_i8_fu_5570)                          | 0    |        |                  |           |                          |         |
|     icmp_ln5_fu_44_p2                                              |      |        | icmp_ln5         | setgt     | auto                     | 0       |
|     xor_ln11_fu_54_p2                                              |      |        | xor_ln11         | xor       | auto                     | 0       |
|     select_ln11_1_fu_60_p3                                         |      |        | select_ln11_1    | select    | auto_sel                 | 0       |
|     or_ln11_fu_68_p2                                               |      |        | or_ln11          | or        | auto                     | 0       |
|     ap_return                                                      |      |        | select_ln11      | select    | auto_sel                 | 0       |
|   + relu_i8 (buffer_c1_6_relu_i8_fu_5575)                          | 0    |        |                  |           |                          |         |
|     icmp_ln5_fu_44_p2                                              |      |        | icmp_ln5         | setgt     | auto                     | 0       |
|     xor_ln11_fu_54_p2                                              |      |        | xor_ln11         | xor       | auto                     | 0       |
|     select_ln11_1_fu_60_p3                                         |      |        | select_ln11_1    | select    | auto_sel                 | 0       |
|     or_ln11_fu_68_p2                                               |      |        | or_ln11          | or        | auto                     | 0       |
|     ap_return                                                      |      |        | select_ln11      | select    | auto_sel                 | 0       |
|   + relu_i8 (buffer_c1_7_relu_i8_fu_5580)                          | 0    |        |                  |           |                          |         |
|     icmp_ln5_fu_44_p2                                              |      |        | icmp_ln5         | setgt     | auto                     | 0       |
|     xor_ln11_fu_54_p2                                              |      |        | xor_ln11         | xor       | auto                     | 0       |
|     select_ln11_1_fu_60_p3                                         |      |        | select_ln11_1    | select    | auto_sel                 | 0       |
|     or_ln11_fu_68_p2                                               |      |        | or_ln11          | or        | auto                     | 0       |
|     ap_return                                                      |      |        | select_ln11      | select    | auto_sel                 | 0       |
|   + relu_i8 (buffer_c1_8_relu_i8_fu_5585)                          | 0    |        |                  |           |                          |         |
|     icmp_ln5_fu_44_p2                                              |      |        | icmp_ln5         | setgt     | auto                     | 0       |
|     xor_ln11_fu_54_p2                                              |      |        | xor_ln11         | xor       | auto                     | 0       |
|     select_ln11_1_fu_60_p3                                         |      |        | select_ln11_1    | select    | auto_sel                 | 0       |
|     or_ln11_fu_68_p2                                               |      |        | or_ln11          | or        | auto                     | 0       |
|     ap_return                                                      |      |        | select_ln11      | select    | auto_sel                 | 0       |
|   + relu_i8 (buffer_c1_9_relu_i8_fu_5590)                          | 0    |        |                  |           |                          |         |
|     icmp_ln5_fu_44_p2                                              |      |        | icmp_ln5         | setgt     | auto                     | 0       |
|     xor_ln11_fu_54_p2                                              |      |        | xor_ln11         | xor       | auto                     | 0       |
|     select_ln11_1_fu_60_p3                                         |      |        | select_ln11_1    | select    | auto_sel                 | 0       |
|     or_ln11_fu_68_p2                                               |      |        | or_ln11          | or        | auto                     | 0       |
|     ap_return                                                      |      |        | select_ln11      | select    | auto_sel                 | 0       |
|   + relu_i8 (buffer_c1_10_relu_i8_fu_5595)                         | 0    |        |                  |           |                          |         |
|     icmp_ln5_fu_44_p2                                              |      |        | icmp_ln5         | setgt     | auto                     | 0       |
|     xor_ln11_fu_54_p2                                              |      |        | xor_ln11         | xor       | auto                     | 0       |
|     select_ln11_1_fu_60_p3                                         |      |        | select_ln11_1    | select    | auto_sel                 | 0       |
|     or_ln11_fu_68_p2                                               |      |        | or_ln11          | or        | auto                     | 0       |
|     ap_return                                                      |      |        | select_ln11      | select    | auto_sel                 | 0       |
|   + relu_i8 (buffer_c1_11_relu_i8_fu_5600)                         | 0    |        |                  |           |                          |         |
|     icmp_ln5_fu_44_p2                                              |      |        | icmp_ln5         | setgt     | auto                     | 0       |
|     xor_ln11_fu_54_p2                                              |      |        | xor_ln11         | xor       | auto                     | 0       |
|     select_ln11_1_fu_60_p3                                         |      |        | select_ln11_1    | select    | auto_sel                 | 0       |
|     or_ln11_fu_68_p2                                               |      |        | or_ln11          | or        | auto                     | 0       |
|     ap_return                                                      |      |        | select_ln11      | select    | auto_sel                 | 0       |
|   + relu_i8 (buffer_c1_12_relu_i8_fu_5605)                         | 0    |        |                  |           |                          |         |
|     icmp_ln5_fu_44_p2                                              |      |        | icmp_ln5         | setgt     | auto                     | 0       |
|     xor_ln11_fu_54_p2                                              |      |        | xor_ln11         | xor       | auto                     | 0       |
|     select_ln11_1_fu_60_p3                                         |      |        | select_ln11_1    | select    | auto_sel                 | 0       |
|     or_ln11_fu_68_p2                                               |      |        | or_ln11          | or        | auto                     | 0       |
|     ap_return                                                      |      |        | select_ln11      | select    | auto_sel                 | 0       |
|   + relu_i8 (buffer_c1_13_relu_i8_fu_5610)                         | 0    |        |                  |           |                          |         |
|     icmp_ln5_fu_44_p2                                              |      |        | icmp_ln5         | setgt     | auto                     | 0       |
|     xor_ln11_fu_54_p2                                              |      |        | xor_ln11         | xor       | auto                     | 0       |
|     select_ln11_1_fu_60_p3                                         |      |        | select_ln11_1    | select    | auto_sel                 | 0       |
|     or_ln11_fu_68_p2                                               |      |        | or_ln11          | or        | auto                     | 0       |
|     ap_return                                                      |      |        | select_ln11      | select    | auto_sel                 | 0       |
|   + relu_i8 (buffer_c1_14_relu_i8_fu_5615)                         | 0    |        |                  |           |                          |         |
|     icmp_ln5_fu_44_p2                                              |      |        | icmp_ln5         | setgt     | auto                     | 0       |
|     xor_ln11_fu_54_p2                                              |      |        | xor_ln11         | xor       | auto                     | 0       |
|     select_ln11_1_fu_60_p3                                         |      |        | select_ln11_1    | select    | auto_sel                 | 0       |
|     or_ln11_fu_68_p2                                               |      |        | or_ln11          | or        | auto                     | 0       |
|     ap_return                                                      |      |        | select_ln11      | select    | auto_sel                 | 0       |
|   + relu_i8 (buffer_c1_15_relu_i8_fu_5620)                         | 0    |        |                  |           |                          |         |
|     icmp_ln5_fu_44_p2                                              |      |        | icmp_ln5         | setgt     | auto                     | 0       |
|     xor_ln11_fu_54_p2                                              |      |        | xor_ln11         | xor       | auto                     | 0       |
|     select_ln11_1_fu_60_p3                                         |      |        | select_ln11_1    | select    | auto_sel                 | 0       |
|     or_ln11_fu_68_p2                                               |      |        | or_ln11          | or        | auto                     | 0       |
|     ap_return                                                      |      |        | select_ln11      | select    | auto_sel                 | 0       |
|   + relu_i8 (buffer_c1_16_relu_i8_fu_5625)                         | 0    |        |                  |           |                          |         |
|     icmp_ln5_fu_44_p2                                              |      |        | icmp_ln5         | setgt     | auto                     | 0       |
|     xor_ln11_fu_54_p2                                              |      |        | xor_ln11         | xor       | auto                     | 0       |
|     select_ln11_1_fu_60_p3                                         |      |        | select_ln11_1    | select    | auto_sel                 | 0       |
|     or_ln11_fu_68_p2                                               |      |        | or_ln11          | or        | auto                     | 0       |
|     ap_return                                                      |      |        | select_ln11      | select    | auto_sel                 | 0       |
|   + relu_i8 (buffer_c1_17_relu_i8_fu_5630)                         | 0    |        |                  |           |                          |         |
|     icmp_ln5_fu_44_p2                                              |      |        | icmp_ln5         | setgt     | auto                     | 0       |
|     xor_ln11_fu_54_p2                                              |      |        | xor_ln11         | xor       | auto                     | 0       |
|     select_ln11_1_fu_60_p3                                         |      |        | select_ln11_1    | select    | auto_sel                 | 0       |
|     or_ln11_fu_68_p2                                               |      |        | or_ln11          | or        | auto                     | 0       |
|     ap_return                                                      |      |        | select_ln11      | select    | auto_sel                 | 0       |
|   + relu_i8 (buffer_c1_18_relu_i8_fu_5635)                         | 0    |        |                  |           |                          |         |
|     icmp_ln5_fu_44_p2                                              |      |        | icmp_ln5         | setgt     | auto                     | 0       |
|     xor_ln11_fu_54_p2                                              |      |        | xor_ln11         | xor       | auto                     | 0       |
|     select_ln11_1_fu_60_p3                                         |      |        | select_ln11_1    | select    | auto_sel                 | 0       |
|     or_ln11_fu_68_p2                                               |      |        | or_ln11          | or        | auto                     | 0       |
|     ap_return                                                      |      |        | select_ln11      | select    | auto_sel                 | 0       |
|   + relu_i8 (buffer_c1_19_relu_i8_fu_5640)                         | 0    |        |                  |           |                          |         |
|     icmp_ln5_fu_44_p2                                              |      |        | icmp_ln5         | setgt     | auto                     | 0       |
|     xor_ln11_fu_54_p2                                              |      |        | xor_ln11         | xor       | auto                     | 0       |
|     select_ln11_1_fu_60_p3                                         |      |        | select_ln11_1    | select    | auto_sel                 | 0       |
|     or_ln11_fu_68_p2                                               |      |        | or_ln11          | or        | auto                     | 0       |
|     ap_return                                                      |      |        | select_ln11      | select    | auto_sel                 | 0       |
|   + relu_i8 (buffer_c1_20_relu_i8_fu_5645)                         | 0    |        |                  |           |                          |         |
|     icmp_ln5_fu_44_p2                                              |      |        | icmp_ln5         | setgt     | auto                     | 0       |
|     xor_ln11_fu_54_p2                                              |      |        | xor_ln11         | xor       | auto                     | 0       |
|     select_ln11_1_fu_60_p3                                         |      |        | select_ln11_1    | select    | auto_sel                 | 0       |
|     or_ln11_fu_68_p2                                               |      |        | or_ln11          | or        | auto                     | 0       |
|     ap_return                                                      |      |        | select_ln11      | select    | auto_sel                 | 0       |
|   + relu_i8 (buffer_c1_21_relu_i8_fu_5650)                         | 0    |        |                  |           |                          |         |
|     icmp_ln5_fu_44_p2                                              |      |        | icmp_ln5         | setgt     | auto                     | 0       |
|     xor_ln11_fu_54_p2                                              |      |        | xor_ln11         | xor       | auto                     | 0       |
|     select_ln11_1_fu_60_p3                                         |      |        | select_ln11_1    | select    | auto_sel                 | 0       |
|     or_ln11_fu_68_p2                                               |      |        | or_ln11          | or        | auto                     | 0       |
|     ap_return                                                      |      |        | select_ln11      | select    | auto_sel                 | 0       |
|   + relu_i8 (buffer_c1_22_relu_i8_fu_5655)                         | 0    |        |                  |           |                          |         |
|     icmp_ln5_fu_44_p2                                              |      |        | icmp_ln5         | setgt     | auto                     | 0       |
|     xor_ln11_fu_54_p2                                              |      |        | xor_ln11         | xor       | auto                     | 0       |
|     select_ln11_1_fu_60_p3                                         |      |        | select_ln11_1    | select    | auto_sel                 | 0       |
|     or_ln11_fu_68_p2                                               |      |        | or_ln11          | or        | auto                     | 0       |
|     ap_return                                                      |      |        | select_ln11      | select    | auto_sel                 | 0       |
|   + relu_i8 (buffer_c1_23_relu_i8_fu_5660)                         | 0    |        |                  |           |                          |         |
|     icmp_ln5_fu_44_p2                                              |      |        | icmp_ln5         | setgt     | auto                     | 0       |
|     xor_ln11_fu_54_p2                                              |      |        | xor_ln11         | xor       | auto                     | 0       |
|     select_ln11_1_fu_60_p3                                         |      |        | select_ln11_1    | select    | auto_sel                 | 0       |
|     or_ln11_fu_68_p2                                               |      |        | or_ln11          | or        | auto                     | 0       |
|     ap_return                                                      |      |        | select_ln11      | select    | auto_sel                 | 0       |
|   + relu_i8 (buffer_c1_24_relu_i8_fu_5665)                         | 0    |        |                  |           |                          |         |
|     icmp_ln5_fu_44_p2                                              |      |        | icmp_ln5         | setgt     | auto                     | 0       |
|     xor_ln11_fu_54_p2                                              |      |        | xor_ln11         | xor       | auto                     | 0       |
|     select_ln11_1_fu_60_p3                                         |      |        | select_ln11_1    | select    | auto_sel                 | 0       |
|     or_ln11_fu_68_p2                                               |      |        | or_ln11          | or        | auto                     | 0       |
|     ap_return                                                      |      |        | select_ln11      | select    | auto_sel                 | 0       |
|   + relu_i8 (buffer_c1_25_relu_i8_fu_5670)                         | 0    |        |                  |           |                          |         |
|     icmp_ln5_fu_44_p2                                              |      |        | icmp_ln5         | setgt     | auto                     | 0       |
|     xor_ln11_fu_54_p2                                              |      |        | xor_ln11         | xor       | auto                     | 0       |
|     select_ln11_1_fu_60_p3                                         |      |        | select_ln11_1    | select    | auto_sel                 | 0       |
|     or_ln11_fu_68_p2                                               |      |        | or_ln11          | or        | auto                     | 0       |
|     ap_return                                                      |      |        | select_ln11      | select    | auto_sel                 | 0       |
|   + relu_i8 (buffer_c1_26_relu_i8_fu_5675)                         | 0    |        |                  |           |                          |         |
|     icmp_ln5_fu_44_p2                                              |      |        | icmp_ln5         | setgt     | auto                     | 0       |
|     xor_ln11_fu_54_p2                                              |      |        | xor_ln11         | xor       | auto                     | 0       |
|     select_ln11_1_fu_60_p3                                         |      |        | select_ln11_1    | select    | auto_sel                 | 0       |
|     or_ln11_fu_68_p2                                               |      |        | or_ln11          | or        | auto                     | 0       |
|     ap_return                                                      |      |        | select_ln11      | select    | auto_sel                 | 0       |
|   + relu_i8 (buffer_c1_27_relu_i8_fu_5680)                         | 0    |        |                  |           |                          |         |
|     icmp_ln5_fu_44_p2                                              |      |        | icmp_ln5         | setgt     | auto                     | 0       |
|     xor_ln11_fu_54_p2                                              |      |        | xor_ln11         | xor       | auto                     | 0       |
|     select_ln11_1_fu_60_p3                                         |      |        | select_ln11_1    | select    | auto_sel                 | 0       |
|     or_ln11_fu_68_p2                                               |      |        | or_ln11          | or        | auto                     | 0       |
|     ap_return                                                      |      |        | select_ln11      | select    | auto_sel                 | 0       |
|   + relu_i8 (buffer_c1_28_relu_i8_fu_5685)                         | 0    |        |                  |           |                          |         |
|     icmp_ln5_fu_44_p2                                              |      |        | icmp_ln5         | setgt     | auto                     | 0       |
|     xor_ln11_fu_54_p2                                              |      |        | xor_ln11         | xor       | auto                     | 0       |
|     select_ln11_1_fu_60_p3                                         |      |        | select_ln11_1    | select    | auto_sel                 | 0       |
|     or_ln11_fu_68_p2                                               |      |        | or_ln11          | or        | auto                     | 0       |
|     ap_return                                                      |      |        | select_ln11      | select    | auto_sel                 | 0       |
|   + relu_i8 (buffer_c1_29_relu_i8_fu_5690)                         | 0    |        |                  |           |                          |         |
|     icmp_ln5_fu_44_p2                                              |      |        | icmp_ln5         | setgt     | auto                     | 0       |
|     xor_ln11_fu_54_p2                                              |      |        | xor_ln11         | xor       | auto                     | 0       |
|     select_ln11_1_fu_60_p3                                         |      |        | select_ln11_1    | select    | auto_sel                 | 0       |
|     or_ln11_fu_68_p2                                               |      |        | or_ln11          | or        | auto                     | 0       |
|     ap_return                                                      |      |        | select_ln11      | select    | auto_sel                 | 0       |
|   + relu_i8 (buffer_c1_30_relu_i8_fu_5695)                         | 0    |        |                  |           |                          |         |
|     icmp_ln5_fu_44_p2                                              |      |        | icmp_ln5         | setgt     | auto                     | 0       |
|     xor_ln11_fu_54_p2                                              |      |        | xor_ln11         | xor       | auto                     | 0       |
|     select_ln11_1_fu_60_p3                                         |      |        | select_ln11_1    | select    | auto_sel                 | 0       |
|     or_ln11_fu_68_p2                                               |      |        | or_ln11          | or        | auto                     | 0       |
|     ap_return                                                      |      |        | select_ln11      | select    | auto_sel                 | 0       |
|   + relu_i8 (buffer_c1_31_relu_i8_fu_5700)                         | 0    |        |                  |           |                          |         |
|     icmp_ln5_fu_44_p2                                              |      |        | icmp_ln5         | setgt     | auto                     | 0       |
|     xor_ln11_fu_54_p2                                              |      |        | xor_ln11         | xor       | auto                     | 0       |
|     select_ln11_1_fu_60_p3                                         |      |        | select_ln11_1    | select    | auto_sel                 | 0       |
|     or_ln11_fu_68_p2                                               |      |        | or_ln11          | or        | auto                     | 0       |
|     ap_return                                                      |      |        | select_ln11      | select    | auto_sel                 | 0       |
|   + relu_i8 (buffer_c1_32_relu_i8_fu_5705)                         | 0    |        |                  |           |                          |         |
|     icmp_ln5_fu_44_p2                                              |      |        | icmp_ln5         | setgt     | auto                     | 0       |
|     xor_ln11_fu_54_p2                                              |      |        | xor_ln11         | xor       | auto                     | 0       |
|     select_ln11_1_fu_60_p3                                         |      |        | select_ln11_1    | select    | auto_sel                 | 0       |
|     or_ln11_fu_68_p2                                               |      |        | or_ln11          | or        | auto                     | 0       |
|     ap_return                                                      |      |        | select_ln11      | select    | auto_sel                 | 0       |
|   + relu_i8 (buffer_c1_33_relu_i8_fu_5710)                         | 0    |        |                  |           |                          |         |
|     icmp_ln5_fu_44_p2                                              |      |        | icmp_ln5         | setgt     | auto                     | 0       |
|     xor_ln11_fu_54_p2                                              |      |        | xor_ln11         | xor       | auto                     | 0       |
|     select_ln11_1_fu_60_p3                                         |      |        | select_ln11_1    | select    | auto_sel                 | 0       |
|     or_ln11_fu_68_p2                                               |      |        | or_ln11          | or        | auto                     | 0       |
|     ap_return                                                      |      |        | select_ln11      | select    | auto_sel                 | 0       |
|   + relu_i8 (buffer_c1_34_relu_i8_fu_5715)                         | 0    |        |                  |           |                          |         |
|     icmp_ln5_fu_44_p2                                              |      |        | icmp_ln5         | setgt     | auto                     | 0       |
|     xor_ln11_fu_54_p2                                              |      |        | xor_ln11         | xor       | auto                     | 0       |
|     select_ln11_1_fu_60_p3                                         |      |        | select_ln11_1    | select    | auto_sel                 | 0       |
|     or_ln11_fu_68_p2                                               |      |        | or_ln11          | or        | auto                     | 0       |
|     ap_return                                                      |      |        | select_ln11      | select    | auto_sel                 | 0       |
|   + relu_i8 (buffer_c1_35_relu_i8_fu_5720)                         | 0    |        |                  |           |                          |         |
|     icmp_ln5_fu_44_p2                                              |      |        | icmp_ln5         | setgt     | auto                     | 0       |
|     xor_ln11_fu_54_p2                                              |      |        | xor_ln11         | xor       | auto                     | 0       |
|     select_ln11_1_fu_60_p3                                         |      |        | select_ln11_1    | select    | auto_sel                 | 0       |
|     or_ln11_fu_68_p2                                               |      |        | or_ln11          | or        | auto                     | 0       |
|     ap_return                                                      |      |        | select_ln11      | select    | auto_sel                 | 0       |
|   + relu_i8 (buffer_c1_36_relu_i8_fu_5725)                         | 0    |        |                  |           |                          |         |
|     icmp_ln5_fu_44_p2                                              |      |        | icmp_ln5         | setgt     | auto                     | 0       |
|     xor_ln11_fu_54_p2                                              |      |        | xor_ln11         | xor       | auto                     | 0       |
|     select_ln11_1_fu_60_p3                                         |      |        | select_ln11_1    | select    | auto_sel                 | 0       |
|     or_ln11_fu_68_p2                                               |      |        | or_ln11          | or        | auto                     | 0       |
|     ap_return                                                      |      |        | select_ln11      | select    | auto_sel                 | 0       |
|   + relu_i8 (buffer_c1_37_relu_i8_fu_5730)                         | 0    |        |                  |           |                          |         |
|     icmp_ln5_fu_44_p2                                              |      |        | icmp_ln5         | setgt     | auto                     | 0       |
|     xor_ln11_fu_54_p2                                              |      |        | xor_ln11         | xor       | auto                     | 0       |
|     select_ln11_1_fu_60_p3                                         |      |        | select_ln11_1    | select    | auto_sel                 | 0       |
|     or_ln11_fu_68_p2                                               |      |        | or_ln11          | or        | auto                     | 0       |
|     ap_return                                                      |      |        | select_ln11      | select    | auto_sel                 | 0       |
|   + relu_i8 (buffer_c1_38_relu_i8_fu_5735)                         | 0    |        |                  |           |                          |         |
|     icmp_ln5_fu_44_p2                                              |      |        | icmp_ln5         | setgt     | auto                     | 0       |
|     xor_ln11_fu_54_p2                                              |      |        | xor_ln11         | xor       | auto                     | 0       |
|     select_ln11_1_fu_60_p3                                         |      |        | select_ln11_1    | select    | auto_sel                 | 0       |
|     or_ln11_fu_68_p2                                               |      |        | or_ln11          | or        | auto                     | 0       |
|     ap_return                                                      |      |        | select_ln11      | select    | auto_sel                 | 0       |
|   + relu_i8 (buffer_c1_39_relu_i8_fu_5740)                         | 0    |        |                  |           |                          |         |
|     icmp_ln5_fu_44_p2                                              |      |        | icmp_ln5         | setgt     | auto                     | 0       |
|     xor_ln11_fu_54_p2                                              |      |        | xor_ln11         | xor       | auto                     | 0       |
|     select_ln11_1_fu_60_p3                                         |      |        | select_ln11_1    | select    | auto_sel                 | 0       |
|     or_ln11_fu_68_p2                                               |      |        | or_ln11          | or        | auto                     | 0       |
|     ap_return                                                      |      |        | select_ln11      | select    | auto_sel                 | 0       |
|   + relu_i8 (buffer_c1_40_relu_i8_fu_5745)                         | 0    |        |                  |           |                          |         |
|     icmp_ln5_fu_44_p2                                              |      |        | icmp_ln5         | setgt     | auto                     | 0       |
|     xor_ln11_fu_54_p2                                              |      |        | xor_ln11         | xor       | auto                     | 0       |
|     select_ln11_1_fu_60_p3                                         |      |        | select_ln11_1    | select    | auto_sel                 | 0       |
|     or_ln11_fu_68_p2                                               |      |        | or_ln11          | or        | auto                     | 0       |
|     ap_return                                                      |      |        | select_ln11      | select    | auto_sel                 | 0       |
|   + relu_i8 (buffer_c1_41_relu_i8_fu_5750)                         | 0    |        |                  |           |                          |         |
|     icmp_ln5_fu_44_p2                                              |      |        | icmp_ln5         | setgt     | auto                     | 0       |
|     xor_ln11_fu_54_p2                                              |      |        | xor_ln11         | xor       | auto                     | 0       |
|     select_ln11_1_fu_60_p3                                         |      |        | select_ln11_1    | select    | auto_sel                 | 0       |
|     or_ln11_fu_68_p2                                               |      |        | or_ln11          | or        | auto                     | 0       |
|     ap_return                                                      |      |        | select_ln11      | select    | auto_sel                 | 0       |
|   + relu_i8 (buffer_c1_42_relu_i8_fu_5755)                         | 0    |        |                  |           |                          |         |
|     icmp_ln5_fu_44_p2                                              |      |        | icmp_ln5         | setgt     | auto                     | 0       |
|     xor_ln11_fu_54_p2                                              |      |        | xor_ln11         | xor       | auto                     | 0       |
|     select_ln11_1_fu_60_p3                                         |      |        | select_ln11_1    | select    | auto_sel                 | 0       |
|     or_ln11_fu_68_p2                                               |      |        | or_ln11          | or        | auto                     | 0       |
|     ap_return                                                      |      |        | select_ln11      | select    | auto_sel                 | 0       |
|   + relu_i8 (buffer_c1_43_relu_i8_fu_5760)                         | 0    |        |                  |           |                          |         |
|     icmp_ln5_fu_44_p2                                              |      |        | icmp_ln5         | setgt     | auto                     | 0       |
|     xor_ln11_fu_54_p2                                              |      |        | xor_ln11         | xor       | auto                     | 0       |
|     select_ln11_1_fu_60_p3                                         |      |        | select_ln11_1    | select    | auto_sel                 | 0       |
|     or_ln11_fu_68_p2                                               |      |        | or_ln11          | or        | auto                     | 0       |
|     ap_return                                                      |      |        | select_ln11      | select    | auto_sel                 | 0       |
|  + tiny_ecg_inference_Pipeline_VITIS_LOOP_59_4                     | 555  |        |                  |           |                          |         |
|    icmp_ln59_fu_9852_p2                                            |      |        | icmp_ln59        | seteq     | auto                     | 0       |
|    add_ln59_fu_9858_p2                                             |      |        | add_ln59         | add       | fabric                   | 0       |
|    mac_muladd_8s_8s_16s_16_4_1_U1017                               | 1    |        | mul_ln76         | mul       | dsp_slice                | 3       |
|    mul_8s_8s_16_1_1_U689                                           |      |        | mul_ln76_1       | mul       | auto                     | 0       |
|    mac_muladd_8s_8s_16s_17_4_1_U1224                               | 1    |        | mul_ln76_2       | mul       | dsp_slice                | 3       |
|    mac_muladd_8s_8s_16s_17_4_1_U1224                               | 1    |        | sext_ln76_375    | sext      | dsp_slice                | 3       |
|    mac_muladd_8s_8s_16s_17_4_1_U1018                               | 1    |        | mul_ln76_3       | mul       | dsp_slice                | 3       |
|    mac_muladd_8s_8s_16s_17_4_1_U1018                               | 1    |        | sext_ln76_376    | sext      | dsp_slice                | 3       |
|    mul_8s_8s_16_1_1_U690                                           |      |        | mul_ln76_4       | mul       | auto                     | 0       |
|    mac_muladd_8s_8s_17s_17_4_1_U1225                               | 1    |        | mul_ln76_5       | mul       | dsp_slice                | 3       |
|    mac_muladd_8s_8s_17s_17_4_1_U1225                               | 1    |        | sext_ln76_378    | sext      | dsp_slice                | 3       |
|    mac_muladd_8s_8s_16s_16_4_1_U1019                               | 1    |        | mul_ln76_6       | mul       | dsp_slice                | 3       |
|    mul_8s_8s_16_1_1_U691                                           |      |        | mul_ln76_7       | mul       | auto                     | 0       |
|    mac_muladd_8s_8s_16s_17_4_1_U1226                               | 1    |        | mul_ln76_8       | mul       | dsp_slice                | 3       |
|    mac_muladd_8s_8s_16s_17_4_1_U1226                               | 1    |        | sext_ln76_379    | sext      | dsp_slice                | 3       |
|    mac_muladd_8s_8s_16s_16_4_1_U1020                               | 1    |        | mul_ln76_9       | mul       | dsp_slice                | 3       |
|    mul_8s_8s_16_1_1_U692                                           |      |        | mul_ln76_10      | mul       | auto                     | 0       |
|    mac_muladd_8s_8s_16s_17_4_1_U1227                               | 1    |        | mul_ln76_11      | mul       | dsp_slice                | 3       |
|    mac_muladd_8s_8s_16s_17_4_1_U1227                               | 1    |        | sext_ln76_380    | sext      | dsp_slice                | 3       |
|    mac_muladd_8s_8s_16s_16_4_1_U1021                               | 1    |        | mul_ln76_12      | mul       | dsp_slice                | 3       |
|    mul_8s_8s_16_1_1_U693                                           |      |        | mul_ln76_13      | mul       | auto                     | 0       |
|    mac_muladd_8s_8s_16s_17_4_1_U1228                               | 1    |        | mul_ln76_14      | mul       | dsp_slice                | 3       |
|    mac_muladd_8s_8s_16s_17_4_1_U1228                               | 1    |        | sext_ln76_381    | sext      | dsp_slice                | 3       |
|    mac_muladd_8s_8s_16s_17_4_1_U1022                               | 1    |        | mul_ln76_15      | mul       | dsp_slice                | 3       |
|    mac_muladd_8s_8s_16s_17_4_1_U1022                               | 1    |        | sext_ln76_382    | sext      | dsp_slice                | 3       |
|    mul_8s_8s_16_1_1_U694                                           |      |        | mul_ln76_16      | mul       | auto                     | 0       |
|    mac_muladd_8s_8s_16s_16_4_1_U1023                               | 1    |        | mul_ln76_17      | mul       | dsp_slice                | 3       |
|    mul_8s_8s_16_1_1_U695                                           |      |        | mul_ln76_18      | mul       | auto                     | 0       |
|    mac_muladd_8s_8s_16s_17_4_1_U1024                               | 1    |        | mul_ln76_19      | mul       | dsp_slice                | 3       |
|    mac_muladd_8s_8s_16s_17_4_1_U1024                               | 1    |        | sext_ln76_384    | sext      | dsp_slice                | 3       |
|    mul_8s_8s_16_1_1_U696                                           |      |        | mul_ln76_20      | mul       | auto                     | 0       |
|    mac_muladd_8s_8s_16s_16_4_1_U1025                               | 1    |        | mul_ln76_21      | mul       | dsp_slice                | 3       |
|    mul_8s_8s_16_1_1_U697                                           |      |        | mul_ln76_22      | mul       | auto                     | 0       |
|    mac_muladd_8s_8s_16s_17_4_1_U1229                               | 1    |        | mul_ln76_23      | mul       | dsp_slice                | 3       |
|    mac_muladd_8s_8s_16s_17_4_1_U1229                               | 1    |        | sext_ln76_386    | sext      | dsp_slice                | 3       |
|    mac_muladd_8s_8s_16s_17_4_1_U1022                               | 1    |        | add_ln76         | add       | dsp_slice                | 3       |
|    add_ln76_1_fu_11175_p2                                          |      |        | add_ln76_1       | add       | fabric                   | 0       |
|    mac_muladd_8s_8s_16s_16_4_1_U1021                               | 1    |        | add_ln76_2       | add       | dsp_slice                | 3       |
|    mac_muladd_8s_8s_16s_17_4_1_U1228                               | 1    |        | add_ln76_3       | add       | dsp_slice                | 3       |
|    add_ln76_4_fu_12193_p2                                          |      |        | add_ln76_4       | add       | fabric                   | 0       |
|    mac_muladd_8s_8s_16s_16_4_1_U1020                               | 1    |        | add_ln76_5       | add       | dsp_slice                | 3       |
|    mac_muladd_8s_8s_16s_17_4_1_U1227                               | 1    |        | add_ln76_6       | add       | dsp_slice                | 3       |
|    mac_muladd_8s_8s_16s_16_4_1_U1019                               | 1    |        | add_ln76_7       | add       | dsp_slice                | 3       |
|    mac_muladd_8s_8s_16s_17_4_1_U1226                               | 1    |        | add_ln76_8       | add       | dsp_slice                | 3       |
|    add_ln76_9_fu_12209_p2                                          |      |        | add_ln76_9       | add       | fabric                   | 0       |
|    add_ln76_10_fu_12219_p2                                         |      |        | add_ln76_10      | add       | fabric                   | 0       |
|    mac_muladd_8s_8s_16s_17_4_1_U1018                               | 1    |        | add_ln76_11      | add       | dsp_slice                | 3       |
|    mac_muladd_8s_8s_17s_17_4_1_U1225                               | 1    |        | add_ln76_12      | add       | dsp_slice                | 3       |
|    mac_muladd_8s_8s_16s_16_4_1_U1017                               | 1    |        | add_ln76_13      | add       | dsp_slice                | 3       |
|    mac_muladd_8s_8s_16s_17_4_1_U1224                               | 1    |        | add_ln76_14      | add       | dsp_slice                | 3       |
|    add_ln76_15_fu_12231_p2                                         |      |        | add_ln76_15      | add       | fabric                   | 0       |
|    mac_muladd_8s_8s_16s_16_4_1_U1025                               | 1    |        | add_ln76_16      | add       | dsp_slice                | 3       |
|    mac_muladd_8s_8s_16s_17_4_1_U1229                               | 1    |        | add_ln76_17      | add       | dsp_slice                | 3       |
|    mac_muladd_8s_8s_16s_17_4_1_U1024                               | 1    |        | add_ln76_18      | add       | dsp_slice                | 3       |
|    mac_muladd_8s_8s_16s_16_4_1_U1023                               | 1    |        | add_ln76_19      | add       | dsp_slice                | 3       |
|    add_ln76_20_fu_11198_p2                                         |      |        | add_ln76_20      | add       | fabric                   | 0       |
|    add_ln76_21_fu_12247_p2                                         |      |        | add_ln76_21      | add       | fabric                   | 0       |
|    add_ln76_22_fu_12257_p2                                         |      |        | add_ln76_22      | add       | fabric                   | 0       |
|    acc_13_fu_15537_p2                                              |      |        | acc_13           | add       | fabric                   | 0       |
|    mac_muladd_8s_8s_16s_17_4_1_U1230                               | 1    |        | mul_ln76_24      | mul       | dsp_slice                | 3       |
|    mac_muladd_8s_8s_16s_17_4_1_U1230                               | 1    |        | sext_ln76_407    | sext      | dsp_slice                | 3       |
|    mac_muladd_8s_8s_16s_16_4_1_U1231                               | 1    |        | mul_ln76_25      | mul       | dsp_slice                | 3       |
|    mul_8s_8s_16_1_1_U891                                           |      |        | mul_ln76_26      | mul       | auto                     | 0       |
|    mac_muladd_8s_8s_16s_16_4_1_U1026                               | 1    |        | mul_ln76_27      | mul       | dsp_slice                | 3       |
|    mul_8s_8s_16_1_1_U698                                           |      |        | mul_ln76_28      | mul       | auto                     | 0       |
|    mac_muladd_8s_8s_16s_17_4_1_U1232                               | 1    |        | mul_ln76_29      | mul       | dsp_slice                | 3       |
|    mac_muladd_8s_8s_16s_17_4_1_U1232                               | 1    |        | sext_ln76_408    | sext      | dsp_slice                | 3       |
|    mac_muladd_8s_8s_16s_16_4_1_U1233                               | 1    |        | mul_ln76_30      | mul       | dsp_slice                | 3       |
|    mul_8s_8s_16_1_1_U892                                           |      |        | mul_ln76_31      | mul       | auto                     | 0       |
|    mac_muladd_8s_8s_16s_16_4_1_U1027                               | 1    |        | mul_ln76_32      | mul       | dsp_slice                | 3       |
|    mul_8s_8s_16_1_1_U699                                           |      |        | mul_ln76_33      | mul       | auto                     | 0       |
|    mac_muladd_8s_8s_16s_17_4_1_U1234                               | 1    |        | mul_ln76_34      | mul       | dsp_slice                | 3       |
|    mac_muladd_8s_8s_16s_17_4_1_U1234                               | 1    |        | sext_ln76_409    | sext      | dsp_slice                | 3       |
|    mac_muladd_8s_8s_16s_16_4_1_U1235                               | 1    |        | mul_ln76_35      | mul       | dsp_slice                | 3       |
|    mul_8s_8s_16_1_1_U893                                           |      |        | mul_ln76_36      | mul       | auto                     | 0       |
|    mac_muladd_8s_8s_16s_17_4_1_U1028                               | 1    |        | mul_ln76_37      | mul       | dsp_slice                | 3       |
|    mac_muladd_8s_8s_16s_17_4_1_U1028                               | 1    |        | sext_ln76_410    | sext      | dsp_slice                | 3       |
|    mul_8s_8s_16_1_1_U700                                           |      |        | mul_ln76_38      | mul       | auto                     | 0       |
|    mac_muladd_8s_8s_17s_17_4_1_U1236                               | 1    |        | mul_ln76_39      | mul       | dsp_slice                | 3       |
|    mac_muladd_8s_8s_17s_17_4_1_U1236                               | 1    |        | sext_ln76_412    | sext      | dsp_slice                | 3       |
|    mac_muladd_8s_8s_15s_16_4_1_U1237                               | 1    |        | mul_ln76_40      | mul       | dsp_slice                | 3       |
|    mac_muladd_8s_8s_16s_16_4_1_U1029                               | 1    |        | mul_ln76_41      | mul       | dsp_slice                | 3       |
|    mul_8s_8s_16_1_1_U701                                           |      |        | mul_ln76_42      | mul       | auto                     | 0       |
|    mac_muladd_8s_8s_16s_17_4_1_U1238                               | 1    |        | mul_ln76_43      | mul       | dsp_slice                | 3       |
|    mac_muladd_8s_8s_16s_17_4_1_U1238                               | 1    |        | sext_ln76_413    | sext      | dsp_slice                | 3       |
|    mac_muladd_8s_8s_16s_16_4_1_U1030                               | 1    |        | mul_ln76_44      | mul       | dsp_slice                | 3       |
|    mul_8s_8s_16_1_1_U702                                           |      |        | mul_ln76_45      | mul       | auto                     | 0       |
|    mac_muladd_8s_8s_16s_17_4_1_U1239                               | 1    |        | mul_ln76_46      | mul       | dsp_slice                | 3       |
|    mac_muladd_8s_8s_16s_17_4_1_U1239                               | 1    |        | sext_ln76_414    | sext      | dsp_slice                | 3       |
|    mac_muladd_8s_8s_16s_16_4_1_U1031                               | 1    |        | mul_ln76_47      | mul       | dsp_slice                | 3       |
|    mul_8s_8s_16_1_1_U703                                           |      |        | mul_ln76_48      | mul       | auto                     | 0       |
|    mac_muladd_8s_8s_16s_17_4_1_U1240                               | 1    |        | mul_ln76_49      | mul       | dsp_slice                | 3       |
|    mac_muladd_8s_8s_16s_17_4_1_U1240                               | 1    |        | sext_ln76_415    | sext      | dsp_slice                | 3       |
|    mac_muladd_8s_8s_16s_16_4_1_U1241                               | 1    |        | mul_ln76_50      | mul       | dsp_slice                | 3       |
|    mul_8s_8s_16_1_1_U894                                           |      |        | mul_ln76_51      | mul       | auto                     | 0       |
|    mac_muladd_8s_8s_16s_16_4_1_U1032                               | 1    |        | mul_ln76_52      | mul       | dsp_slice                | 3       |
|    mul_8s_8s_16_1_1_U704                                           |      |        | mul_ln76_53      | mul       | auto                     | 0       |
|    mac_muladd_8s_8s_16s_17_4_1_U1242                               | 1    |        | mul_ln76_54      | mul       | dsp_slice                | 3       |
|    mac_muladd_8s_8s_16s_17_4_1_U1242                               | 1    |        | sext_ln76_416    | sext      | dsp_slice                | 3       |
|    mac_muladd_8s_8s_16s_16_4_1_U1243                               | 1    |        | mul_ln76_55      | mul       | dsp_slice                | 3       |
|    mul_8s_8s_16_1_1_U895                                           |      |        | mul_ln76_56      | mul       | auto                     | 0       |
|    mac_muladd_8s_8s_16s_17_4_1_U1033                               | 1    |        | mul_ln76_57      | mul       | dsp_slice                | 3       |
|    mac_muladd_8s_8s_16s_17_4_1_U1033                               | 1    |        | sext_ln76_417    | sext      | dsp_slice                | 3       |
|    mul_8s_8s_16_1_1_U705                                           |      |        | mul_ln76_58      | mul       | auto                     | 0       |
|    mac_muladd_8s_8s_17s_17_4_1_U1244                               | 1    |        | mul_ln76_59      | mul       | dsp_slice                | 3       |
|    mac_muladd_8s_8s_17s_17_4_1_U1244                               | 1    |        | sext_ln76_419    | sext      | dsp_slice                | 3       |
|    mac_muladd_8s_8s_16s_16_4_1_U1245                               | 1    |        | mul_ln76_60      | mul       | dsp_slice                | 3       |
|    mul_8s_8s_16_1_1_U896                                           |      |        | mul_ln76_61      | mul       | auto                     | 0       |
|    mac_muladd_8s_8s_16s_16_4_1_U1034                               | 1    |        | mul_ln76_62      | mul       | dsp_slice                | 3       |
|    mul_8s_8s_16_1_1_U706                                           |      |        | mul_ln76_63      | mul       | auto                     | 0       |
|    mac_muladd_8s_8s_15s_16_4_1_U1237                               | 1    |        | add_ln76_24      | add       | dsp_slice                | 3       |
|    mac_muladd_8s_8s_16s_17_4_1_U1028                               | 1    |        | add_ln76_25      | add       | dsp_slice                | 3       |
|    mac_muladd_8s_8s_17s_17_4_1_U1236                               | 1    |        | add_ln76_26      | add       | dsp_slice                | 3       |
|    add_ln76_27_fu_12269_p2                                         |      |        | add_ln76_27      | add       | fabric                   | 0       |
|    mac_muladd_8s_8s_16s_16_4_1_U1235                               | 1    |        | add_ln76_28      | add       | dsp_slice                | 3       |
|    mac_muladd_8s_8s_16s_16_4_1_U1027                               | 1    |        | add_ln76_29      | add       | dsp_slice                | 3       |
|    mac_muladd_8s_8s_16s_17_4_1_U1234                               | 1    |        | add_ln76_30      | add       | dsp_slice                | 3       |
|    add_ln76_31_fu_12285_p2                                         |      |        | add_ln76_31      | add       | fabric                   | 0       |
|    add_ln76_32_fu_12295_p2                                         |      |        | add_ln76_32      | add       | fabric                   | 0       |
|    mac_muladd_8s_8s_16s_16_4_1_U1233                               | 1    |        | add_ln76_33      | add       | dsp_slice                | 3       |
|    mac_muladd_8s_8s_16s_16_4_1_U1026                               | 1    |        | add_ln76_34      | add       | dsp_slice                | 3       |
|    mac_muladd_8s_8s_16s_17_4_1_U1232                               | 1    |        | add_ln76_35      | add       | dsp_slice                | 3       |
|    add_ln76_36_fu_12307_p2                                         |      |        | add_ln76_36      | add       | fabric                   | 0       |
|    mac_muladd_8s_8s_16s_16_4_1_U1231                               | 1    |        | add_ln76_37      | add       | dsp_slice                | 3       |
|    mac_muladd_8s_8s_16s_16_4_1_U1034                               | 1    |        | add_ln76_38      | add       | dsp_slice                | 3       |
|    mac_muladd_8s_8s_16s_17_4_1_U1230                               | 1    |        | add_ln76_39      | add       | dsp_slice                | 3       |
|    add_ln76_40_fu_12323_p2                                         |      |        | add_ln76_40      | add       | fabric                   | 0       |
|    add_ln76_41_fu_12333_p2                                         |      |        | add_ln76_41      | add       | fabric                   | 0       |
|    add_ln76_42_fu_15558_p2                                         |      |        | add_ln76_42      | add       | fabric                   | 0       |
|    mac_muladd_8s_8s_16s_16_4_1_U1245                               | 1    |        | add_ln76_43      | add       | dsp_slice                | 3       |
|    mac_muladd_8s_8s_16s_17_4_1_U1033                               | 1    |        | add_ln76_44      | add       | dsp_slice                | 3       |
|    mac_muladd_8s_8s_17s_17_4_1_U1244                               | 1    |        | add_ln76_45      | add       | dsp_slice                | 3       |
|    add_ln76_46_fu_12345_p2                                         |      |        | add_ln76_46      | add       | fabric                   | 0       |
|    mac_muladd_8s_8s_16s_16_4_1_U1243                               | 1    |        | add_ln76_47      | add       | dsp_slice                | 3       |
|    mac_muladd_8s_8s_16s_16_4_1_U1032                               | 1    |        | add_ln76_48      | add       | dsp_slice                | 3       |
|    mac_muladd_8s_8s_16s_17_4_1_U1242                               | 1    |        | add_ln76_49      | add       | dsp_slice                | 3       |
|    add_ln76_50_fu_12361_p2                                         |      |        | add_ln76_50      | add       | fabric                   | 0       |
|    add_ln76_51_fu_12371_p2                                         |      |        | add_ln76_51      | add       | fabric                   | 0       |
|    mac_muladd_8s_8s_16s_16_4_1_U1241                               | 1    |        | add_ln76_52      | add       | dsp_slice                | 3       |
|    mac_muladd_8s_8s_16s_16_4_1_U1031                               | 1    |        | add_ln76_53      | add       | dsp_slice                | 3       |
|    mac_muladd_8s_8s_16s_17_4_1_U1240                               | 1    |        | add_ln76_54      | add       | dsp_slice                | 3       |
|    add_ln76_55_fu_12383_p2                                         |      |        | add_ln76_55      | add       | fabric                   | 0       |
|    mac_muladd_8s_8s_16s_16_4_1_U1030                               | 1    |        | add_ln76_56      | add       | dsp_slice                | 3       |
|    mac_muladd_8s_8s_16s_17_4_1_U1239                               | 1    |        | add_ln76_57      | add       | dsp_slice                | 3       |
|    mac_muladd_8s_8s_16s_16_4_1_U1029                               | 1    |        | add_ln76_58      | add       | dsp_slice                | 3       |
|    mac_muladd_8s_8s_16s_17_4_1_U1238                               | 1    |        | add_ln76_59      | add       | dsp_slice                | 3       |
|    add_ln76_60_fu_12399_p2                                         |      |        | add_ln76_60      | add       | fabric                   | 0       |
|    add_ln76_61_fu_12409_p2                                         |      |        | add_ln76_61      | add       | fabric                   | 0       |
|    add_ln76_62_fu_15574_p2                                         |      |        | add_ln76_62      | add       | fabric                   | 0       |
|    acc_14_fu_15584_p2                                              |      |        | acc_14           | add       | fabric                   | 0       |
|    mac_muladd_8s_8s_16s_17_4_1_U1246                               | 1    |        | mul_ln76_64      | mul       | dsp_slice                | 3       |
|    mac_muladd_8s_8s_16s_17_4_1_U1246                               | 1    |        | sext_ln76_457    | sext      | dsp_slice                | 3       |
|    mac_muladd_8s_8s_16s_16_4_1_U1247                               | 1    |        | mul_ln76_65      | mul       | dsp_slice                | 3       |
|    mul_8s_8s_16_1_1_U897                                           |      |        | mul_ln76_66      | mul       | auto                     | 0       |
|    mac_muladd_8s_8s_16s_16_4_1_U1035                               | 1    |        | mul_ln76_67      | mul       | dsp_slice                | 3       |
|    mul_8s_8s_16_1_1_U707                                           |      |        | mul_ln76_68      | mul       | auto                     | 0       |
|    mac_muladd_8s_8s_16s_17_4_1_U1248                               | 1    |        | mul_ln76_69      | mul       | dsp_slice                | 3       |
|    mac_muladd_8s_8s_16s_17_4_1_U1248                               | 1    |        | sext_ln76_458    | sext      | dsp_slice                | 3       |
|    mac_muladd_8s_8s_16s_16_4_1_U1249                               | 1    |        | mul_ln76_70      | mul       | dsp_slice                | 3       |
|    mul_8s_8s_16_1_1_U898                                           |      |        | mul_ln76_71      | mul       | auto                     | 0       |
|    mac_muladd_8s_8s_16s_16_4_1_U1036                               | 1    |        | mul_ln76_72      | mul       | dsp_slice                | 3       |
|    mul_8s_8s_16_1_1_U708                                           |      |        | mul_ln76_73      | mul       | auto                     | 0       |
|    mac_muladd_8s_8s_16s_17_4_1_U1250                               | 1    |        | mul_ln76_74      | mul       | dsp_slice                | 3       |
|    mac_muladd_8s_8s_16s_17_4_1_U1250                               | 1    |        | sext_ln76_459    | sext      | dsp_slice                | 3       |
|    mac_muladd_8s_8s_16s_16_4_1_U1251                               | 1    |        | mul_ln76_75      | mul       | dsp_slice                | 3       |
|    mul_8s_8s_16_1_1_U899                                           |      |        | mul_ln76_76      | mul       | auto                     | 0       |
|    mac_muladd_8s_8s_16s_17_4_1_U1037                               | 1    |        | mul_ln76_77      | mul       | dsp_slice                | 3       |
|    mac_muladd_8s_8s_16s_17_4_1_U1037                               | 1    |        | sext_ln76_460    | sext      | dsp_slice                | 3       |
|    mul_8s_8s_16_1_1_U709                                           |      |        | mul_ln76_78      | mul       | auto                     | 0       |
|    mac_muladd_8s_8s_17s_17_4_1_U1252                               | 1    |        | mul_ln76_79      | mul       | dsp_slice                | 3       |
|    mac_muladd_8s_8s_17s_17_4_1_U1252                               | 1    |        | sext_ln76_462    | sext      | dsp_slice                | 3       |
|    mac_muladd_8s_8s_15s_16_4_1_U1253                               | 1    |        | mul_ln76_80      | mul       | dsp_slice                | 3       |
|    mac_muladd_8s_8s_16s_16_4_1_U1038                               | 1    |        | mul_ln76_81      | mul       | dsp_slice                | 3       |
|    mul_8s_8s_16_1_1_U710                                           |      |        | mul_ln76_82      | mul       | auto                     | 0       |
|    mac_muladd_8s_8s_16s_17_4_1_U1254                               | 1    |        | mul_ln76_83      | mul       | dsp_slice                | 3       |
|    mac_muladd_8s_8s_16s_17_4_1_U1254                               | 1    |        | sext_ln76_463    | sext      | dsp_slice                | 3       |
|    mac_muladd_8s_8s_16s_16_4_1_U1039                               | 1    |        | mul_ln76_84      | mul       | dsp_slice                | 3       |
|    mul_8s_8s_16_1_1_U711                                           |      |        | mul_ln76_85      | mul       | auto                     | 0       |
|    mac_muladd_8s_8s_16s_17_4_1_U1255                               | 1    |        | mul_ln76_86      | mul       | dsp_slice                | 3       |
|    mac_muladd_8s_8s_16s_17_4_1_U1255                               | 1    |        | sext_ln76_464    | sext      | dsp_slice                | 3       |
|    mac_muladd_8s_8s_16s_16_4_1_U1040                               | 1    |        | mul_ln76_87      | mul       | dsp_slice                | 3       |
|    mul_8s_8s_16_1_1_U712                                           |      |        | mul_ln76_88      | mul       | auto                     | 0       |
|    mac_muladd_8s_8s_16s_17_4_1_U1256                               | 1    |        | mul_ln76_89      | mul       | dsp_slice                | 3       |
|    mac_muladd_8s_8s_16s_17_4_1_U1256                               | 1    |        | sext_ln76_465    | sext      | dsp_slice                | 3       |
|    mac_muladd_8s_8s_16s_16_4_1_U1257                               | 1    |        | mul_ln76_90      | mul       | dsp_slice                | 3       |
|    mul_8s_8s_16_1_1_U900                                           |      |        | mul_ln76_91      | mul       | auto                     | 0       |
|    mac_muladd_8s_8s_16s_16_4_1_U1041                               | 1    |        | mul_ln76_92      | mul       | dsp_slice                | 3       |
|    mul_8s_8s_16_1_1_U713                                           |      |        | mul_ln76_93      | mul       | auto                     | 0       |
|    mac_muladd_8s_8s_16s_17_4_1_U1258                               | 1    |        | mul_ln76_94      | mul       | dsp_slice                | 3       |
|    mac_muladd_8s_8s_16s_17_4_1_U1258                               | 1    |        | sext_ln76_466    | sext      | dsp_slice                | 3       |
|    mac_muladd_8s_8s_16s_16_4_1_U1259                               | 1    |        | mul_ln76_95      | mul       | dsp_slice                | 3       |
|    mul_8s_8s_16_1_1_U901                                           |      |        | mul_ln76_96      | mul       | auto                     | 0       |
|    mac_muladd_8s_8s_16s_17_4_1_U1042                               | 1    |        | mul_ln76_97      | mul       | dsp_slice                | 3       |
|    mac_muladd_8s_8s_16s_17_4_1_U1042                               | 1    |        | sext_ln76_467    | sext      | dsp_slice                | 3       |
|    mul_8s_8s_16_1_1_U714                                           |      |        | mul_ln76_98      | mul       | auto                     | 0       |
|    mac_muladd_8s_8s_17s_17_4_1_U1260                               | 1    |        | mul_ln76_99      | mul       | dsp_slice                | 3       |
|    mac_muladd_8s_8s_17s_17_4_1_U1260                               | 1    |        | sext_ln76_469    | sext      | dsp_slice                | 3       |
|    mac_muladd_8s_8s_16s_16_4_1_U1261                               | 1    |        | mul_ln76_100     | mul       | dsp_slice                | 3       |
|    mul_8s_8s_16_1_1_U902                                           |      |        | mul_ln76_101     | mul       | auto                     | 0       |
|    mac_muladd_8s_8s_16s_16_4_1_U1043                               | 1    |        | mul_ln76_102     | mul       | dsp_slice                | 3       |
|    mul_8s_8s_16_1_1_U715                                           |      |        | mul_ln76_103     | mul       | auto                     | 0       |
|    mac_muladd_8s_8s_15s_16_4_1_U1253                               | 1    |        | add_ln76_64      | add       | dsp_slice                | 3       |
|    mac_muladd_8s_8s_16s_17_4_1_U1037                               | 1    |        | add_ln76_65      | add       | dsp_slice                | 3       |
|    mac_muladd_8s_8s_17s_17_4_1_U1252                               | 1    |        | add_ln76_66      | add       | dsp_slice                | 3       |
|    add_ln76_67_fu_12421_p2                                         |      |        | add_ln76_67      | add       | fabric                   | 0       |
|    mac_muladd_8s_8s_16s_16_4_1_U1251                               | 1    |        | add_ln76_68      | add       | dsp_slice                | 3       |
|    mac_muladd_8s_8s_16s_16_4_1_U1036                               | 1    |        | add_ln76_69      | add       | dsp_slice                | 3       |
|    mac_muladd_8s_8s_16s_17_4_1_U1250                               | 1    |        | add_ln76_70      | add       | dsp_slice                | 3       |
|    add_ln76_71_fu_12437_p2                                         |      |        | add_ln76_71      | add       | fabric                   | 0       |
|    add_ln76_72_fu_12447_p2                                         |      |        | add_ln76_72      | add       | fabric                   | 0       |
|    mac_muladd_8s_8s_16s_16_4_1_U1249                               | 1    |        | add_ln76_73      | add       | dsp_slice                | 3       |
|    mac_muladd_8s_8s_16s_16_4_1_U1035                               | 1    |        | add_ln76_74      | add       | dsp_slice                | 3       |
|    mac_muladd_8s_8s_16s_17_4_1_U1248                               | 1    |        | add_ln76_75      | add       | dsp_slice                | 3       |
|    add_ln76_76_fu_12459_p2                                         |      |        | add_ln76_76      | add       | fabric                   | 0       |
|    mac_muladd_8s_8s_16s_16_4_1_U1247                               | 1    |        | add_ln76_77      | add       | dsp_slice                | 3       |
|    mac_muladd_8s_8s_16s_16_4_1_U1043                               | 1    |        | add_ln76_78      | add       | dsp_slice                | 3       |
|    mac_muladd_8s_8s_16s_17_4_1_U1246                               | 1    |        | add_ln76_79      | add       | dsp_slice                | 3       |
|    add_ln76_80_fu_12475_p2                                         |      |        | add_ln76_80      | add       | fabric                   | 0       |
|    add_ln76_81_fu_12485_p2                                         |      |        | add_ln76_81      | add       | fabric                   | 0       |
|    add_ln76_82_fu_15601_p2                                         |      |        | add_ln76_82      | add       | fabric                   | 0       |
|    mac_muladd_8s_8s_16s_16_4_1_U1261                               | 1    |        | add_ln76_83      | add       | dsp_slice                | 3       |
|    mac_muladd_8s_8s_16s_17_4_1_U1042                               | 1    |        | add_ln76_84      | add       | dsp_slice                | 3       |
|    mac_muladd_8s_8s_17s_17_4_1_U1260                               | 1    |        | add_ln76_85      | add       | dsp_slice                | 3       |
|    add_ln76_86_fu_12497_p2                                         |      |        | add_ln76_86      | add       | fabric                   | 0       |
|    mac_muladd_8s_8s_16s_16_4_1_U1259                               | 1    |        | add_ln76_87      | add       | dsp_slice                | 3       |
|    mac_muladd_8s_8s_16s_16_4_1_U1041                               | 1    |        | add_ln76_88      | add       | dsp_slice                | 3       |
|    mac_muladd_8s_8s_16s_17_4_1_U1258                               | 1    |        | add_ln76_89      | add       | dsp_slice                | 3       |
|    add_ln76_90_fu_12513_p2                                         |      |        | add_ln76_90      | add       | fabric                   | 0       |
|    add_ln76_91_fu_12523_p2                                         |      |        | add_ln76_91      | add       | fabric                   | 0       |
|    mac_muladd_8s_8s_16s_16_4_1_U1257                               | 1    |        | add_ln76_92      | add       | dsp_slice                | 3       |
|    mac_muladd_8s_8s_16s_16_4_1_U1040                               | 1    |        | add_ln76_93      | add       | dsp_slice                | 3       |
|    mac_muladd_8s_8s_16s_17_4_1_U1256                               | 1    |        | add_ln76_94      | add       | dsp_slice                | 3       |
|    add_ln76_95_fu_12535_p2                                         |      |        | add_ln76_95      | add       | fabric                   | 0       |
|    mac_muladd_8s_8s_16s_16_4_1_U1039                               | 1    |        | add_ln76_96      | add       | dsp_slice                | 3       |
|    mac_muladd_8s_8s_16s_17_4_1_U1255                               | 1    |        | add_ln76_97      | add       | dsp_slice                | 3       |
|    mac_muladd_8s_8s_16s_16_4_1_U1038                               | 1    |        | add_ln76_98      | add       | dsp_slice                | 3       |
|    mac_muladd_8s_8s_16s_17_4_1_U1254                               | 1    |        | add_ln76_99      | add       | dsp_slice                | 3       |
|    add_ln76_100_fu_12551_p2                                        |      |        | add_ln76_100     | add       | fabric                   | 0       |
|    add_ln76_101_fu_12561_p2                                        |      |        | add_ln76_101     | add       | fabric                   | 0       |
|    add_ln76_102_fu_15617_p2                                        |      |        | add_ln76_102     | add       | fabric                   | 0       |
|    acc_15_fu_15627_p2                                              |      |        | acc_15           | add       | fabric                   | 0       |
|    mac_muladd_8s_8s_16s_17_4_1_U1262                               | 1    |        | mul_ln76_104     | mul       | dsp_slice                | 3       |
|    mac_muladd_8s_8s_16s_17_4_1_U1262                               | 1    |        | sext_ln76_507    | sext      | dsp_slice                | 3       |
|    mac_muladd_8s_8s_16s_16_4_1_U1263                               | 1    |        | mul_ln76_105     | mul       | dsp_slice                | 3       |
|    mul_8s_8s_16_1_1_U903                                           |      |        | mul_ln76_106     | mul       | auto                     | 0       |
|    mac_muladd_8s_8s_16s_16_4_1_U1044                               | 1    |        | mul_ln76_107     | mul       | dsp_slice                | 3       |
|    mul_8s_8s_16_1_1_U716                                           |      |        | mul_ln76_108     | mul       | auto                     | 0       |
|    mac_muladd_8s_8s_16s_17_4_1_U1264                               | 1    |        | mul_ln76_109     | mul       | dsp_slice                | 3       |
|    mac_muladd_8s_8s_16s_17_4_1_U1264                               | 1    |        | sext_ln76_508    | sext      | dsp_slice                | 3       |
|    mac_muladd_8s_8s_16s_16_4_1_U1265                               | 1    |        | mul_ln76_110     | mul       | dsp_slice                | 3       |
|    mul_8s_8s_16_1_1_U904                                           |      |        | mul_ln76_111     | mul       | auto                     | 0       |
|    mac_muladd_8s_8s_16s_16_4_1_U1045                               | 1    |        | mul_ln76_112     | mul       | dsp_slice                | 3       |
|    mul_8s_8s_16_1_1_U717                                           |      |        | mul_ln76_113     | mul       | auto                     | 0       |
|    mac_muladd_8s_8s_16s_17_4_1_U1266                               | 1    |        | mul_ln76_114     | mul       | dsp_slice                | 3       |
|    mac_muladd_8s_8s_16s_17_4_1_U1266                               | 1    |        | sext_ln76_509    | sext      | dsp_slice                | 3       |
|    mac_muladd_8s_8s_16s_16_4_1_U1267                               | 1    |        | mul_ln76_115     | mul       | dsp_slice                | 3       |
|    mul_8s_8s_16_1_1_U905                                           |      |        | mul_ln76_116     | mul       | auto                     | 0       |
|    mac_muladd_8s_8s_16s_17_4_1_U1046                               | 1    |        | mul_ln76_117     | mul       | dsp_slice                | 3       |
|    mac_muladd_8s_8s_16s_17_4_1_U1046                               | 1    |        | sext_ln76_510    | sext      | dsp_slice                | 3       |
|    mul_8s_8s_16_1_1_U718                                           |      |        | mul_ln76_118     | mul       | auto                     | 0       |
|    mac_muladd_8s_8s_17s_17_4_1_U1268                               | 1    |        | mul_ln76_119     | mul       | dsp_slice                | 3       |
|    mac_muladd_8s_8s_17s_17_4_1_U1268                               | 1    |        | sext_ln76_512    | sext      | dsp_slice                | 3       |
|    mac_muladd_8s_8s_15s_16_4_1_U1269                               | 1    |        | mul_ln76_120     | mul       | dsp_slice                | 3       |
|    mac_muladd_8s_8s_16s_16_4_1_U1047                               | 1    |        | mul_ln76_121     | mul       | dsp_slice                | 3       |
|    mul_8s_8s_16_1_1_U719                                           |      |        | mul_ln76_122     | mul       | auto                     | 0       |
|    mac_muladd_8s_8s_16s_17_4_1_U1270                               | 1    |        | mul_ln76_123     | mul       | dsp_slice                | 3       |
|    mac_muladd_8s_8s_16s_17_4_1_U1270                               | 1    |        | sext_ln76_513    | sext      | dsp_slice                | 3       |
|    mac_muladd_8s_8s_16s_16_4_1_U1048                               | 1    |        | mul_ln76_124     | mul       | dsp_slice                | 3       |
|    mul_8s_8s_16_1_1_U720                                           |      |        | mul_ln76_125     | mul       | auto                     | 0       |
|    mac_muladd_8s_8s_16s_17_4_1_U1271                               | 1    |        | mul_ln76_126     | mul       | dsp_slice                | 3       |
|    mac_muladd_8s_8s_16s_17_4_1_U1271                               | 1    |        | sext_ln76_514    | sext      | dsp_slice                | 3       |
|    mac_muladd_8s_8s_16s_16_4_1_U1049                               | 1    |        | mul_ln76_127     | mul       | dsp_slice                | 3       |
|    mul_8s_8s_16_1_1_U721                                           |      |        | mul_ln76_128     | mul       | auto                     | 0       |
|    mac_muladd_8s_8s_16s_17_4_1_U1272                               | 1    |        | mul_ln76_129     | mul       | dsp_slice                | 3       |
|    mac_muladd_8s_8s_16s_17_4_1_U1272                               | 1    |        | sext_ln76_515    | sext      | dsp_slice                | 3       |
|    mac_muladd_8s_8s_16s_16_4_1_U1273                               | 1    |        | mul_ln76_130     | mul       | dsp_slice                | 3       |
|    mul_8s_8s_16_1_1_U906                                           |      |        | mul_ln76_131     | mul       | auto                     | 0       |
|    mac_muladd_8s_8s_16s_16_4_1_U1050                               | 1    |        | mul_ln76_132     | mul       | dsp_slice                | 3       |
|    mul_8s_8s_16_1_1_U722                                           |      |        | mul_ln76_133     | mul       | auto                     | 0       |
|    mac_muladd_8s_8s_16s_17_4_1_U1274                               | 1    |        | mul_ln76_134     | mul       | dsp_slice                | 3       |
|    mac_muladd_8s_8s_16s_17_4_1_U1274                               | 1    |        | sext_ln76_516    | sext      | dsp_slice                | 3       |
|    mac_muladd_8s_8s_16s_16_4_1_U1275                               | 1    |        | mul_ln76_135     | mul       | dsp_slice                | 3       |
|    mul_8s_8s_16_1_1_U907                                           |      |        | mul_ln76_136     | mul       | auto                     | 0       |
|    mac_muladd_8s_8s_16s_17_4_1_U1051                               | 1    |        | mul_ln76_137     | mul       | dsp_slice                | 3       |
|    mac_muladd_8s_8s_16s_17_4_1_U1051                               | 1    |        | sext_ln76_517    | sext      | dsp_slice                | 3       |
|    mul_8s_8s_16_1_1_U723                                           |      |        | mul_ln76_138     | mul       | auto                     | 0       |
|    mac_muladd_8s_8s_17s_17_4_1_U1276                               | 1    |        | mul_ln76_139     | mul       | dsp_slice                | 3       |
|    mac_muladd_8s_8s_17s_17_4_1_U1276                               | 1    |        | sext_ln76_519    | sext      | dsp_slice                | 3       |
|    mac_muladd_8s_8s_16s_16_4_1_U1277                               | 1    |        | mul_ln76_140     | mul       | dsp_slice                | 3       |
|    mul_8s_8s_16_1_1_U908                                           |      |        | mul_ln76_141     | mul       | auto                     | 0       |
|    mac_muladd_8s_8s_16s_16_4_1_U1052                               | 1    |        | mul_ln76_142     | mul       | dsp_slice                | 3       |
|    mul_8s_8s_16_1_1_U724                                           |      |        | mul_ln76_143     | mul       | auto                     | 0       |
|    mac_muladd_8s_8s_15s_16_4_1_U1269                               | 1    |        | add_ln76_104     | add       | dsp_slice                | 3       |
|    mac_muladd_8s_8s_16s_17_4_1_U1046                               | 1    |        | add_ln76_105     | add       | dsp_slice                | 3       |
|    mac_muladd_8s_8s_17s_17_4_1_U1268                               | 1    |        | add_ln76_106     | add       | dsp_slice                | 3       |
|    add_ln76_107_fu_12573_p2                                        |      |        | add_ln76_107     | add       | fabric                   | 0       |
|    mac_muladd_8s_8s_16s_16_4_1_U1267                               | 1    |        | add_ln76_108     | add       | dsp_slice                | 3       |
|    mac_muladd_8s_8s_16s_16_4_1_U1045                               | 1    |        | add_ln76_109     | add       | dsp_slice                | 3       |
|    mac_muladd_8s_8s_16s_17_4_1_U1266                               | 1    |        | add_ln76_110     | add       | dsp_slice                | 3       |
|    add_ln76_111_fu_12589_p2                                        |      |        | add_ln76_111     | add       | fabric                   | 0       |
|    add_ln76_112_fu_12599_p2                                        |      |        | add_ln76_112     | add       | fabric                   | 0       |
|    mac_muladd_8s_8s_16s_16_4_1_U1265                               | 1    |        | add_ln76_113     | add       | dsp_slice                | 3       |
|    mac_muladd_8s_8s_16s_16_4_1_U1044                               | 1    |        | add_ln76_114     | add       | dsp_slice                | 3       |
|    mac_muladd_8s_8s_16s_17_4_1_U1264                               | 1    |        | add_ln76_115     | add       | dsp_slice                | 3       |
|    add_ln76_116_fu_12611_p2                                        |      |        | add_ln76_116     | add       | fabric                   | 0       |
|    mac_muladd_8s_8s_16s_16_4_1_U1263                               | 1    |        | add_ln76_117     | add       | dsp_slice                | 3       |
|    mac_muladd_8s_8s_16s_16_4_1_U1052                               | 1    |        | add_ln76_118     | add       | dsp_slice                | 3       |
|    mac_muladd_8s_8s_16s_17_4_1_U1262                               | 1    |        | add_ln76_119     | add       | dsp_slice                | 3       |
|    add_ln76_120_fu_12627_p2                                        |      |        | add_ln76_120     | add       | fabric                   | 0       |
|    add_ln76_121_fu_12637_p2                                        |      |        | add_ln76_121     | add       | fabric                   | 0       |
|    add_ln76_122_fu_15644_p2                                        |      |        | add_ln76_122     | add       | fabric                   | 0       |
|    mac_muladd_8s_8s_16s_16_4_1_U1277                               | 1    |        | add_ln76_123     | add       | dsp_slice                | 3       |
|    mac_muladd_8s_8s_16s_17_4_1_U1051                               | 1    |        | add_ln76_124     | add       | dsp_slice                | 3       |
|    mac_muladd_8s_8s_17s_17_4_1_U1276                               | 1    |        | add_ln76_125     | add       | dsp_slice                | 3       |
|    add_ln76_126_fu_12649_p2                                        |      |        | add_ln76_126     | add       | fabric                   | 0       |
|    mac_muladd_8s_8s_16s_16_4_1_U1275                               | 1    |        | add_ln76_127     | add       | dsp_slice                | 3       |
|    mac_muladd_8s_8s_16s_16_4_1_U1050                               | 1    |        | add_ln76_128     | add       | dsp_slice                | 3       |
|    mac_muladd_8s_8s_16s_17_4_1_U1274                               | 1    |        | add_ln76_129     | add       | dsp_slice                | 3       |
|    add_ln76_130_fu_12665_p2                                        |      |        | add_ln76_130     | add       | fabric                   | 0       |
|    add_ln76_131_fu_12675_p2                                        |      |        | add_ln76_131     | add       | fabric                   | 0       |
|    mac_muladd_8s_8s_16s_16_4_1_U1273                               | 1    |        | add_ln76_132     | add       | dsp_slice                | 3       |
|    mac_muladd_8s_8s_16s_16_4_1_U1049                               | 1    |        | add_ln76_133     | add       | dsp_slice                | 3       |
|    mac_muladd_8s_8s_16s_17_4_1_U1272                               | 1    |        | add_ln76_134     | add       | dsp_slice                | 3       |
|    add_ln76_135_fu_12687_p2                                        |      |        | add_ln76_135     | add       | fabric                   | 0       |
|    mac_muladd_8s_8s_16s_16_4_1_U1048                               | 1    |        | add_ln76_136     | add       | dsp_slice                | 3       |
|    mac_muladd_8s_8s_16s_17_4_1_U1271                               | 1    |        | add_ln76_137     | add       | dsp_slice                | 3       |
|    mac_muladd_8s_8s_16s_16_4_1_U1047                               | 1    |        | add_ln76_138     | add       | dsp_slice                | 3       |
|    mac_muladd_8s_8s_16s_17_4_1_U1270                               | 1    |        | add_ln76_139     | add       | dsp_slice                | 3       |
|    add_ln76_140_fu_12703_p2                                        |      |        | add_ln76_140     | add       | fabric                   | 0       |
|    add_ln76_141_fu_12713_p2                                        |      |        | add_ln76_141     | add       | fabric                   | 0       |
|    add_ln76_142_fu_15660_p2                                        |      |        | add_ln76_142     | add       | fabric                   | 0       |
|    acc_16_fu_15670_p2                                              |      |        | acc_16           | add       | fabric                   | 0       |
|    mac_muladd_8s_8s_16s_17_4_1_U1278                               | 1    |        | mul_ln76_144     | mul       | dsp_slice                | 3       |
|    mac_muladd_8s_8s_16s_17_4_1_U1278                               | 1    |        | sext_ln76_557    | sext      | dsp_slice                | 3       |
|    mac_muladd_8s_8s_16s_16_4_1_U1279                               | 1    |        | mul_ln76_145     | mul       | dsp_slice                | 3       |
|    mul_8s_8s_16_1_1_U909                                           |      |        | mul_ln76_146     | mul       | auto                     | 0       |
|    mac_muladd_8s_8s_16s_16_4_1_U1053                               | 1    |        | mul_ln76_147     | mul       | dsp_slice                | 3       |
|    mul_8s_8s_16_1_1_U725                                           |      |        | mul_ln76_148     | mul       | auto                     | 0       |
|    mac_muladd_8s_8s_16s_17_4_1_U1280                               | 1    |        | mul_ln76_149     | mul       | dsp_slice                | 3       |
|    mac_muladd_8s_8s_16s_17_4_1_U1280                               | 1    |        | sext_ln76_558    | sext      | dsp_slice                | 3       |
|    mac_muladd_8s_8s_16s_16_4_1_U1281                               | 1    |        | mul_ln76_150     | mul       | dsp_slice                | 3       |
|    mul_8s_8s_16_1_1_U910                                           |      |        | mul_ln76_151     | mul       | auto                     | 0       |
|    mac_muladd_8s_8s_16s_16_4_1_U1054                               | 1    |        | mul_ln76_152     | mul       | dsp_slice                | 3       |
|    mul_8s_8s_16_1_1_U726                                           |      |        | mul_ln76_153     | mul       | auto                     | 0       |
|    mac_muladd_8s_8s_16s_17_4_1_U1282                               | 1    |        | mul_ln76_154     | mul       | dsp_slice                | 3       |
|    mac_muladd_8s_8s_16s_17_4_1_U1282                               | 1    |        | sext_ln76_559    | sext      | dsp_slice                | 3       |
|    mac_muladd_8s_8s_16s_16_4_1_U1283                               | 1    |        | mul_ln76_155     | mul       | dsp_slice                | 3       |
|    mul_8s_8s_16_1_1_U911                                           |      |        | mul_ln76_156     | mul       | auto                     | 0       |
|    mac_muladd_8s_8s_16s_17_4_1_U1055                               | 1    |        | mul_ln76_157     | mul       | dsp_slice                | 3       |
|    mac_muladd_8s_8s_16s_17_4_1_U1055                               | 1    |        | sext_ln76_560    | sext      | dsp_slice                | 3       |
|    mul_8s_8s_16_1_1_U727                                           |      |        | mul_ln76_158     | mul       | auto                     | 0       |
|    mac_muladd_8s_8s_17s_17_4_1_U1284                               | 1    |        | mul_ln76_159     | mul       | dsp_slice                | 3       |
|    mac_muladd_8s_8s_17s_17_4_1_U1284                               | 1    |        | sext_ln76_562    | sext      | dsp_slice                | 3       |
|    mac_muladd_8s_8s_15s_16_4_1_U1285                               | 1    |        | mul_ln76_160     | mul       | dsp_slice                | 3       |
|    mac_muladd_8s_8s_16s_16_4_1_U1056                               | 1    |        | mul_ln76_161     | mul       | dsp_slice                | 3       |
|    mul_8s_8s_16_1_1_U728                                           |      |        | mul_ln76_162     | mul       | auto                     | 0       |
|    mac_muladd_8s_8s_16s_17_4_1_U1286                               | 1    |        | mul_ln76_163     | mul       | dsp_slice                | 3       |
|    mac_muladd_8s_8s_16s_17_4_1_U1286                               | 1    |        | sext_ln76_563    | sext      | dsp_slice                | 3       |
|    mac_muladd_8s_8s_16s_16_4_1_U1057                               | 1    |        | mul_ln76_164     | mul       | dsp_slice                | 3       |
|    mul_8s_8s_16_1_1_U729                                           |      |        | mul_ln76_165     | mul       | auto                     | 0       |
|    mac_muladd_8s_8s_16s_17_4_1_U1287                               | 1    |        | mul_ln76_166     | mul       | dsp_slice                | 3       |
|    mac_muladd_8s_8s_16s_17_4_1_U1287                               | 1    |        | sext_ln76_564    | sext      | dsp_slice                | 3       |
|    mac_muladd_8s_8s_16s_16_4_1_U1058                               | 1    |        | mul_ln76_167     | mul       | dsp_slice                | 3       |
|    mul_8s_8s_16_1_1_U730                                           |      |        | mul_ln76_168     | mul       | auto                     | 0       |
|    mac_muladd_8s_8s_16s_17_4_1_U1288                               | 1    |        | mul_ln76_169     | mul       | dsp_slice                | 3       |
|    mac_muladd_8s_8s_16s_17_4_1_U1288                               | 1    |        | sext_ln76_565    | sext      | dsp_slice                | 3       |
|    mac_muladd_8s_8s_16s_16_4_1_U1289                               | 1    |        | mul_ln76_170     | mul       | dsp_slice                | 3       |
|    mul_8s_8s_16_1_1_U912                                           |      |        | mul_ln76_171     | mul       | auto                     | 0       |
|    mac_muladd_8s_8s_16s_16_4_1_U1059                               | 1    |        | mul_ln76_172     | mul       | dsp_slice                | 3       |
|    mul_8s_8s_16_1_1_U731                                           |      |        | mul_ln76_173     | mul       | auto                     | 0       |
|    mac_muladd_8s_8s_16s_17_4_1_U1290                               | 1    |        | mul_ln76_174     | mul       | dsp_slice                | 3       |
|    mac_muladd_8s_8s_16s_17_4_1_U1290                               | 1    |        | sext_ln76_566    | sext      | dsp_slice                | 3       |
|    mac_muladd_8s_8s_16s_16_4_1_U1291                               | 1    |        | mul_ln76_175     | mul       | dsp_slice                | 3       |
|    mul_8s_8s_16_1_1_U913                                           |      |        | mul_ln76_176     | mul       | auto                     | 0       |
|    mac_muladd_8s_8s_16s_17_4_1_U1060                               | 1    |        | mul_ln76_177     | mul       | dsp_slice                | 3       |
|    mac_muladd_8s_8s_16s_17_4_1_U1060                               | 1    |        | sext_ln76_567    | sext      | dsp_slice                | 3       |
|    mul_8s_8s_16_1_1_U732                                           |      |        | mul_ln76_178     | mul       | auto                     | 0       |
|    mac_muladd_8s_8s_17s_17_4_1_U1292                               | 1    |        | mul_ln76_179     | mul       | dsp_slice                | 3       |
|    mac_muladd_8s_8s_17s_17_4_1_U1292                               | 1    |        | sext_ln76_569    | sext      | dsp_slice                | 3       |
|    mac_muladd_8s_8s_16s_16_4_1_U1293                               | 1    |        | mul_ln76_180     | mul       | dsp_slice                | 3       |
|    mul_8s_8s_16_1_1_U914                                           |      |        | mul_ln76_181     | mul       | auto                     | 0       |
|    mac_muladd_8s_8s_16s_16_4_1_U1061                               | 1    |        | mul_ln76_182     | mul       | dsp_slice                | 3       |
|    mul_8s_8s_16_1_1_U733                                           |      |        | mul_ln76_183     | mul       | auto                     | 0       |
|    mac_muladd_8s_8s_15s_16_4_1_U1285                               | 1    |        | add_ln76_144     | add       | dsp_slice                | 3       |
|    mac_muladd_8s_8s_16s_17_4_1_U1055                               | 1    |        | add_ln76_145     | add       | dsp_slice                | 3       |
|    mac_muladd_8s_8s_17s_17_4_1_U1284                               | 1    |        | add_ln76_146     | add       | dsp_slice                | 3       |
|    add_ln76_147_fu_12725_p2                                        |      |        | add_ln76_147     | add       | fabric                   | 0       |
|    mac_muladd_8s_8s_16s_16_4_1_U1283                               | 1    |        | add_ln76_148     | add       | dsp_slice                | 3       |
|    mac_muladd_8s_8s_16s_16_4_1_U1054                               | 1    |        | add_ln76_149     | add       | dsp_slice                | 3       |
|    mac_muladd_8s_8s_16s_17_4_1_U1282                               | 1    |        | add_ln76_150     | add       | dsp_slice                | 3       |
|    add_ln76_151_fu_12741_p2                                        |      |        | add_ln76_151     | add       | fabric                   | 0       |
|    add_ln76_152_fu_12751_p2                                        |      |        | add_ln76_152     | add       | fabric                   | 0       |
|    mac_muladd_8s_8s_16s_16_4_1_U1281                               | 1    |        | add_ln76_153     | add       | dsp_slice                | 3       |
|    mac_muladd_8s_8s_16s_16_4_1_U1053                               | 1    |        | add_ln76_154     | add       | dsp_slice                | 3       |
|    mac_muladd_8s_8s_16s_17_4_1_U1280                               | 1    |        | add_ln76_155     | add       | dsp_slice                | 3       |
|    add_ln76_156_fu_12763_p2                                        |      |        | add_ln76_156     | add       | fabric                   | 0       |
|    mac_muladd_8s_8s_16s_16_4_1_U1279                               | 1    |        | add_ln76_157     | add       | dsp_slice                | 3       |
|    mac_muladd_8s_8s_16s_16_4_1_U1061                               | 1    |        | add_ln76_158     | add       | dsp_slice                | 3       |
|    mac_muladd_8s_8s_16s_17_4_1_U1278                               | 1    |        | add_ln76_159     | add       | dsp_slice                | 3       |
|    add_ln76_160_fu_12779_p2                                        |      |        | add_ln76_160     | add       | fabric                   | 0       |
|    add_ln76_161_fu_12789_p2                                        |      |        | add_ln76_161     | add       | fabric                   | 0       |
|    add_ln76_162_fu_15687_p2                                        |      |        | add_ln76_162     | add       | fabric                   | 0       |
|    mac_muladd_8s_8s_16s_16_4_1_U1293                               | 1    |        | add_ln76_163     | add       | dsp_slice                | 3       |
|    mac_muladd_8s_8s_16s_17_4_1_U1060                               | 1    |        | add_ln76_164     | add       | dsp_slice                | 3       |
|    mac_muladd_8s_8s_17s_17_4_1_U1292                               | 1    |        | add_ln76_165     | add       | dsp_slice                | 3       |
|    add_ln76_166_fu_12801_p2                                        |      |        | add_ln76_166     | add       | fabric                   | 0       |
|    mac_muladd_8s_8s_16s_16_4_1_U1291                               | 1    |        | add_ln76_167     | add       | dsp_slice                | 3       |
|    mac_muladd_8s_8s_16s_16_4_1_U1059                               | 1    |        | add_ln76_168     | add       | dsp_slice                | 3       |
|    mac_muladd_8s_8s_16s_17_4_1_U1290                               | 1    |        | add_ln76_169     | add       | dsp_slice                | 3       |
|    add_ln76_170_fu_12817_p2                                        |      |        | add_ln76_170     | add       | fabric                   | 0       |
|    add_ln76_171_fu_12827_p2                                        |      |        | add_ln76_171     | add       | fabric                   | 0       |
|    mac_muladd_8s_8s_16s_16_4_1_U1289                               | 1    |        | add_ln76_172     | add       | dsp_slice                | 3       |
|    mac_muladd_8s_8s_16s_16_4_1_U1058                               | 1    |        | add_ln76_173     | add       | dsp_slice                | 3       |
|    mac_muladd_8s_8s_16s_17_4_1_U1288                               | 1    |        | add_ln76_174     | add       | dsp_slice                | 3       |
|    add_ln76_175_fu_12839_p2                                        |      |        | add_ln76_175     | add       | fabric                   | 0       |
|    mac_muladd_8s_8s_16s_16_4_1_U1057                               | 1    |        | add_ln76_176     | add       | dsp_slice                | 3       |
|    mac_muladd_8s_8s_16s_17_4_1_U1287                               | 1    |        | add_ln76_177     | add       | dsp_slice                | 3       |
|    mac_muladd_8s_8s_16s_16_4_1_U1056                               | 1    |        | add_ln76_178     | add       | dsp_slice                | 3       |
|    mac_muladd_8s_8s_16s_17_4_1_U1286                               | 1    |        | add_ln76_179     | add       | dsp_slice                | 3       |
|    add_ln76_180_fu_12855_p2                                        |      |        | add_ln76_180     | add       | fabric                   | 0       |
|    add_ln76_181_fu_12865_p2                                        |      |        | add_ln76_181     | add       | fabric                   | 0       |
|    add_ln76_182_fu_15703_p2                                        |      |        | add_ln76_182     | add       | fabric                   | 0       |
|    acc_17_fu_15713_p2                                              |      |        | acc_17           | add       | fabric                   | 0       |
|    mac_muladd_8s_8s_16s_17_4_1_U1294                               | 1    |        | mul_ln76_184     | mul       | dsp_slice                | 3       |
|    mac_muladd_8s_8s_16s_17_4_1_U1294                               | 1    |        | sext_ln76_607    | sext      | dsp_slice                | 3       |
|    mac_muladd_8s_8s_16s_16_4_1_U1295                               | 1    |        | mul_ln76_185     | mul       | dsp_slice                | 3       |
|    mul_8s_8s_16_1_1_U915                                           |      |        | mul_ln76_186     | mul       | auto                     | 0       |
|    mac_muladd_8s_8s_16s_16_4_1_U1062                               | 1    |        | mul_ln76_187     | mul       | dsp_slice                | 3       |
|    mul_8s_8s_16_1_1_U734                                           |      |        | mul_ln76_188     | mul       | auto                     | 0       |
|    mac_muladd_8s_8s_16s_17_4_1_U1296                               | 1    |        | mul_ln76_189     | mul       | dsp_slice                | 3       |
|    mac_muladd_8s_8s_16s_17_4_1_U1296                               | 1    |        | sext_ln76_608    | sext      | dsp_slice                | 3       |
|    mac_muladd_8s_8s_16s_16_4_1_U1297                               | 1    |        | mul_ln76_190     | mul       | dsp_slice                | 3       |
|    mul_8s_8s_16_1_1_U916                                           |      |        | mul_ln76_191     | mul       | auto                     | 0       |
|    mac_muladd_8s_8s_16s_16_4_1_U1063                               | 1    |        | mul_ln76_192     | mul       | dsp_slice                | 3       |
|    mul_8s_8s_16_1_1_U735                                           |      |        | mul_ln76_193     | mul       | auto                     | 0       |
|    mac_muladd_8s_8s_16s_17_4_1_U1298                               | 1    |        | mul_ln76_194     | mul       | dsp_slice                | 3       |
|    mac_muladd_8s_8s_16s_17_4_1_U1298                               | 1    |        | sext_ln76_609    | sext      | dsp_slice                | 3       |
|    mac_muladd_8s_8s_16s_16_4_1_U1299                               | 1    |        | mul_ln76_195     | mul       | dsp_slice                | 3       |
|    mul_8s_8s_16_1_1_U917                                           |      |        | mul_ln76_196     | mul       | auto                     | 0       |
|    mac_muladd_8s_8s_16s_17_4_1_U1064                               | 1    |        | mul_ln76_197     | mul       | dsp_slice                | 3       |
|    mac_muladd_8s_8s_16s_17_4_1_U1064                               | 1    |        | sext_ln76_610    | sext      | dsp_slice                | 3       |
|    mul_8s_8s_16_1_1_U736                                           |      |        | mul_ln76_198     | mul       | auto                     | 0       |
|    mac_muladd_8s_8s_17s_17_4_1_U1300                               | 1    |        | mul_ln76_199     | mul       | dsp_slice                | 3       |
|    mac_muladd_8s_8s_17s_17_4_1_U1300                               | 1    |        | sext_ln76_612    | sext      | dsp_slice                | 3       |
|    mac_muladd_8s_8s_15s_16_4_1_U1301                               | 1    |        | mul_ln76_200     | mul       | dsp_slice                | 3       |
|    mac_muladd_8s_8s_16s_16_4_1_U1065                               | 1    |        | mul_ln76_201     | mul       | dsp_slice                | 3       |
|    mul_8s_8s_16_1_1_U737                                           |      |        | mul_ln76_202     | mul       | auto                     | 0       |
|    mac_muladd_8s_8s_16s_17_4_1_U1302                               | 1    |        | mul_ln76_203     | mul       | dsp_slice                | 3       |
|    mac_muladd_8s_8s_16s_17_4_1_U1302                               | 1    |        | sext_ln76_613    | sext      | dsp_slice                | 3       |
|    mac_muladd_8s_8s_16s_16_4_1_U1066                               | 1    |        | mul_ln76_204     | mul       | dsp_slice                | 3       |
|    mul_8s_8s_16_1_1_U738                                           |      |        | mul_ln76_205     | mul       | auto                     | 0       |
|    mac_muladd_8s_8s_16s_17_4_1_U1303                               | 1    |        | mul_ln76_206     | mul       | dsp_slice                | 3       |
|    mac_muladd_8s_8s_16s_17_4_1_U1303                               | 1    |        | sext_ln76_614    | sext      | dsp_slice                | 3       |
|    mac_muladd_8s_8s_16s_16_4_1_U1067                               | 1    |        | mul_ln76_207     | mul       | dsp_slice                | 3       |
|    mul_8s_8s_16_1_1_U739                                           |      |        | mul_ln76_208     | mul       | auto                     | 0       |
|    mac_muladd_8s_8s_16s_17_4_1_U1304                               | 1    |        | mul_ln76_209     | mul       | dsp_slice                | 3       |
|    mac_muladd_8s_8s_16s_17_4_1_U1304                               | 1    |        | sext_ln76_615    | sext      | dsp_slice                | 3       |
|    mac_muladd_8s_8s_16s_16_4_1_U1305                               | 1    |        | mul_ln76_210     | mul       | dsp_slice                | 3       |
|    mul_8s_8s_16_1_1_U918                                           |      |        | mul_ln76_211     | mul       | auto                     | 0       |
|    mac_muladd_8s_8s_16s_16_4_1_U1068                               | 1    |        | mul_ln76_212     | mul       | dsp_slice                | 3       |
|    mul_8s_8s_16_1_1_U740                                           |      |        | mul_ln76_213     | mul       | auto                     | 0       |
|    mac_muladd_8s_8s_16s_17_4_1_U1306                               | 1    |        | mul_ln76_214     | mul       | dsp_slice                | 3       |
|    mac_muladd_8s_8s_16s_17_4_1_U1306                               | 1    |        | sext_ln76_616    | sext      | dsp_slice                | 3       |
|    mac_muladd_8s_8s_16s_16_4_1_U1307                               | 1    |        | mul_ln76_215     | mul       | dsp_slice                | 3       |
|    mul_8s_8s_16_1_1_U919                                           |      |        | mul_ln76_216     | mul       | auto                     | 0       |
|    mac_muladd_8s_8s_16s_17_4_1_U1069                               | 1    |        | mul_ln76_217     | mul       | dsp_slice                | 3       |
|    mac_muladd_8s_8s_16s_17_4_1_U1069                               | 1    |        | sext_ln76_617    | sext      | dsp_slice                | 3       |
|    mul_8s_8s_16_1_1_U741                                           |      |        | mul_ln76_218     | mul       | auto                     | 0       |
|    mac_muladd_8s_8s_17s_17_4_1_U1308                               | 1    |        | mul_ln76_219     | mul       | dsp_slice                | 3       |
|    mac_muladd_8s_8s_17s_17_4_1_U1308                               | 1    |        | sext_ln76_619    | sext      | dsp_slice                | 3       |
|    mac_muladd_8s_8s_16s_16_4_1_U1309                               | 1    |        | mul_ln76_220     | mul       | dsp_slice                | 3       |
|    mul_8s_8s_16_1_1_U920                                           |      |        | mul_ln76_221     | mul       | auto                     | 0       |
|    mac_muladd_8s_8s_16s_16_4_1_U1070                               | 1    |        | mul_ln76_222     | mul       | dsp_slice                | 3       |
|    mul_8s_8s_16_1_1_U742                                           |      |        | mul_ln76_223     | mul       | auto                     | 0       |
|    mac_muladd_8s_8s_15s_16_4_1_U1301                               | 1    |        | add_ln76_184     | add       | dsp_slice                | 3       |
|    mac_muladd_8s_8s_16s_17_4_1_U1064                               | 1    |        | add_ln76_185     | add       | dsp_slice                | 3       |
|    mac_muladd_8s_8s_17s_17_4_1_U1300                               | 1    |        | add_ln76_186     | add       | dsp_slice                | 3       |
|    add_ln76_187_fu_12877_p2                                        |      |        | add_ln76_187     | add       | fabric                   | 0       |
|    mac_muladd_8s_8s_16s_16_4_1_U1299                               | 1    |        | add_ln76_188     | add       | dsp_slice                | 3       |
|    mac_muladd_8s_8s_16s_16_4_1_U1063                               | 1    |        | add_ln76_189     | add       | dsp_slice                | 3       |
|    mac_muladd_8s_8s_16s_17_4_1_U1298                               | 1    |        | add_ln76_190     | add       | dsp_slice                | 3       |
|    add_ln76_191_fu_12893_p2                                        |      |        | add_ln76_191     | add       | fabric                   | 0       |
|    add_ln76_192_fu_12903_p2                                        |      |        | add_ln76_192     | add       | fabric                   | 0       |
|    mac_muladd_8s_8s_16s_16_4_1_U1297                               | 1    |        | add_ln76_193     | add       | dsp_slice                | 3       |
|    mac_muladd_8s_8s_16s_16_4_1_U1062                               | 1    |        | add_ln76_194     | add       | dsp_slice                | 3       |
|    mac_muladd_8s_8s_16s_17_4_1_U1296                               | 1    |        | add_ln76_195     | add       | dsp_slice                | 3       |
|    add_ln76_196_fu_12915_p2                                        |      |        | add_ln76_196     | add       | fabric                   | 0       |
|    mac_muladd_8s_8s_16s_16_4_1_U1295                               | 1    |        | add_ln76_197     | add       | dsp_slice                | 3       |
|    mac_muladd_8s_8s_16s_16_4_1_U1070                               | 1    |        | add_ln76_198     | add       | dsp_slice                | 3       |
|    mac_muladd_8s_8s_16s_17_4_1_U1294                               | 1    |        | add_ln76_199     | add       | dsp_slice                | 3       |
|    add_ln76_200_fu_12931_p2                                        |      |        | add_ln76_200     | add       | fabric                   | 0       |
|    add_ln76_201_fu_12941_p2                                        |      |        | add_ln76_201     | add       | fabric                   | 0       |
|    add_ln76_202_fu_15730_p2                                        |      |        | add_ln76_202     | add       | fabric                   | 0       |
|    mac_muladd_8s_8s_16s_16_4_1_U1309                               | 1    |        | add_ln76_203     | add       | dsp_slice                | 3       |
|    mac_muladd_8s_8s_16s_17_4_1_U1069                               | 1    |        | add_ln76_204     | add       | dsp_slice                | 3       |
|    mac_muladd_8s_8s_17s_17_4_1_U1308                               | 1    |        | add_ln76_205     | add       | dsp_slice                | 3       |
|    add_ln76_206_fu_12953_p2                                        |      |        | add_ln76_206     | add       | fabric                   | 0       |
|    mac_muladd_8s_8s_16s_16_4_1_U1307                               | 1    |        | add_ln76_207     | add       | dsp_slice                | 3       |
|    mac_muladd_8s_8s_16s_16_4_1_U1068                               | 1    |        | add_ln76_208     | add       | dsp_slice                | 3       |
|    mac_muladd_8s_8s_16s_17_4_1_U1306                               | 1    |        | add_ln76_209     | add       | dsp_slice                | 3       |
|    add_ln76_210_fu_12969_p2                                        |      |        | add_ln76_210     | add       | fabric                   | 0       |
|    add_ln76_211_fu_12979_p2                                        |      |        | add_ln76_211     | add       | fabric                   | 0       |
|    mac_muladd_8s_8s_16s_16_4_1_U1305                               | 1    |        | add_ln76_212     | add       | dsp_slice                | 3       |
|    mac_muladd_8s_8s_16s_16_4_1_U1067                               | 1    |        | add_ln76_213     | add       | dsp_slice                | 3       |
|    mac_muladd_8s_8s_16s_17_4_1_U1304                               | 1    |        | add_ln76_214     | add       | dsp_slice                | 3       |
|    add_ln76_215_fu_12991_p2                                        |      |        | add_ln76_215     | add       | fabric                   | 0       |
|    mac_muladd_8s_8s_16s_16_4_1_U1066                               | 1    |        | add_ln76_216     | add       | dsp_slice                | 3       |
|    mac_muladd_8s_8s_16s_17_4_1_U1303                               | 1    |        | add_ln76_217     | add       | dsp_slice                | 3       |
|    mac_muladd_8s_8s_16s_16_4_1_U1065                               | 1    |        | add_ln76_218     | add       | dsp_slice                | 3       |
|    mac_muladd_8s_8s_16s_17_4_1_U1302                               | 1    |        | add_ln76_219     | add       | dsp_slice                | 3       |
|    add_ln76_220_fu_13007_p2                                        |      |        | add_ln76_220     | add       | fabric                   | 0       |
|    add_ln76_221_fu_13017_p2                                        |      |        | add_ln76_221     | add       | fabric                   | 0       |
|    add_ln76_222_fu_15746_p2                                        |      |        | add_ln76_222     | add       | fabric                   | 0       |
|    acc_18_fu_15756_p2                                              |      |        | acc_18           | add       | fabric                   | 0       |
|    mac_muladd_8s_8s_16s_17_4_1_U1310                               | 1    |        | mul_ln76_224     | mul       | dsp_slice                | 3       |
|    mac_muladd_8s_8s_16s_17_4_1_U1310                               | 1    |        | sext_ln76_657    | sext      | dsp_slice                | 3       |
|    mac_muladd_8s_8s_16s_16_4_1_U1311                               | 1    |        | mul_ln76_225     | mul       | dsp_slice                | 3       |
|    mul_8s_8s_16_1_1_U921                                           |      |        | mul_ln76_226     | mul       | auto                     | 0       |
|    mac_muladd_8s_8s_16s_16_4_1_U1071                               | 1    |        | mul_ln76_227     | mul       | dsp_slice                | 3       |
|    mul_8s_8s_16_1_1_U743                                           |      |        | mul_ln76_228     | mul       | auto                     | 0       |
|    mac_muladd_8s_8s_16s_17_4_1_U1312                               | 1    |        | mul_ln76_229     | mul       | dsp_slice                | 3       |
|    mac_muladd_8s_8s_16s_17_4_1_U1312                               | 1    |        | sext_ln76_658    | sext      | dsp_slice                | 3       |
|    mac_muladd_8s_8s_16s_16_4_1_U1313                               | 1    |        | mul_ln76_230     | mul       | dsp_slice                | 3       |
|    mul_8s_8s_16_1_1_U922                                           |      |        | mul_ln76_231     | mul       | auto                     | 0       |
|    mac_muladd_8s_8s_16s_16_4_1_U1072                               | 1    |        | mul_ln76_232     | mul       | dsp_slice                | 3       |
|    mul_8s_8s_16_1_1_U744                                           |      |        | mul_ln76_233     | mul       | auto                     | 0       |
|    mac_muladd_8s_8s_16s_17_4_1_U1314                               | 1    |        | mul_ln76_234     | mul       | dsp_slice                | 3       |
|    mac_muladd_8s_8s_16s_17_4_1_U1314                               | 1    |        | sext_ln76_659    | sext      | dsp_slice                | 3       |
|    mac_muladd_8s_8s_16s_16_4_1_U1315                               | 1    |        | mul_ln76_235     | mul       | dsp_slice                | 3       |
|    mul_8s_8s_16_1_1_U923                                           |      |        | mul_ln76_236     | mul       | auto                     | 0       |
|    mac_muladd_8s_8s_16s_17_4_1_U1073                               | 1    |        | mul_ln76_237     | mul       | dsp_slice                | 3       |
|    mac_muladd_8s_8s_16s_17_4_1_U1073                               | 1    |        | sext_ln76_660    | sext      | dsp_slice                | 3       |
|    mul_8s_8s_16_1_1_U745                                           |      |        | mul_ln76_238     | mul       | auto                     | 0       |
|    mac_muladd_8s_8s_17s_17_4_1_U1316                               | 1    |        | mul_ln76_239     | mul       | dsp_slice                | 3       |
|    mac_muladd_8s_8s_17s_17_4_1_U1316                               | 1    |        | sext_ln76_662    | sext      | dsp_slice                | 3       |
|    mac_muladd_8s_8s_15s_16_4_1_U1317                               | 1    |        | mul_ln76_240     | mul       | dsp_slice                | 3       |
|    mac_muladd_8s_8s_16s_16_4_1_U1074                               | 1    |        | mul_ln76_241     | mul       | dsp_slice                | 3       |
|    mul_8s_8s_16_1_1_U746                                           |      |        | mul_ln76_242     | mul       | auto                     | 0       |
|    mac_muladd_8s_8s_16s_17_4_1_U1318                               | 1    |        | mul_ln76_243     | mul       | dsp_slice                | 3       |
|    mac_muladd_8s_8s_16s_17_4_1_U1318                               | 1    |        | sext_ln76_663    | sext      | dsp_slice                | 3       |
|    mac_muladd_8s_8s_16s_16_4_1_U1075                               | 1    |        | mul_ln76_244     | mul       | dsp_slice                | 3       |
|    mul_8s_8s_16_1_1_U747                                           |      |        | mul_ln76_245     | mul       | auto                     | 0       |
|    mac_muladd_8s_8s_16s_17_4_1_U1319                               | 1    |        | mul_ln76_246     | mul       | dsp_slice                | 3       |
|    mac_muladd_8s_8s_16s_17_4_1_U1319                               | 1    |        | sext_ln76_664    | sext      | dsp_slice                | 3       |
|    mac_muladd_8s_8s_16s_16_4_1_U1076                               | 1    |        | mul_ln76_247     | mul       | dsp_slice                | 3       |
|    mul_8s_8s_16_1_1_U748                                           |      |        | mul_ln76_248     | mul       | auto                     | 0       |
|    mac_muladd_8s_8s_16s_17_4_1_U1320                               | 1    |        | mul_ln76_249     | mul       | dsp_slice                | 3       |
|    mac_muladd_8s_8s_16s_17_4_1_U1320                               | 1    |        | sext_ln76_665    | sext      | dsp_slice                | 3       |
|    mac_muladd_8s_8s_16s_16_4_1_U1321                               | 1    |        | mul_ln76_250     | mul       | dsp_slice                | 3       |
|    mul_8s_8s_16_1_1_U924                                           |      |        | mul_ln76_251     | mul       | auto                     | 0       |
|    mac_muladd_8s_8s_16s_16_4_1_U1077                               | 1    |        | mul_ln76_252     | mul       | dsp_slice                | 3       |
|    mul_8s_8s_16_1_1_U749                                           |      |        | mul_ln76_253     | mul       | auto                     | 0       |
|    mac_muladd_8s_8s_16s_17_4_1_U1322                               | 1    |        | mul_ln76_254     | mul       | dsp_slice                | 3       |
|    mac_muladd_8s_8s_16s_17_4_1_U1322                               | 1    |        | sext_ln76_666    | sext      | dsp_slice                | 3       |
|    mac_muladd_8s_8s_16s_16_4_1_U1323                               | 1    |        | mul_ln76_255     | mul       | dsp_slice                | 3       |
|    mul_8s_8s_16_1_1_U925                                           |      |        | mul_ln76_256     | mul       | auto                     | 0       |
|    mac_muladd_8s_8s_16s_17_4_1_U1078                               | 1    |        | mul_ln76_257     | mul       | dsp_slice                | 3       |
|    mac_muladd_8s_8s_16s_17_4_1_U1078                               | 1    |        | sext_ln76_667    | sext      | dsp_slice                | 3       |
|    mul_8s_8s_16_1_1_U750                                           |      |        | mul_ln76_258     | mul       | auto                     | 0       |
|    mac_muladd_8s_8s_17s_17_4_1_U1324                               | 1    |        | mul_ln76_259     | mul       | dsp_slice                | 3       |
|    mac_muladd_8s_8s_17s_17_4_1_U1324                               | 1    |        | sext_ln76_669    | sext      | dsp_slice                | 3       |
|    mac_muladd_8s_8s_16s_16_4_1_U1325                               | 1    |        | mul_ln76_260     | mul       | dsp_slice                | 3       |
|    mul_8s_8s_16_1_1_U926                                           |      |        | mul_ln76_261     | mul       | auto                     | 0       |
|    mac_muladd_8s_8s_16s_16_4_1_U1079                               | 1    |        | mul_ln76_262     | mul       | dsp_slice                | 3       |
|    mul_8s_8s_16_1_1_U751                                           |      |        | mul_ln76_263     | mul       | auto                     | 0       |
|    mac_muladd_8s_8s_15s_16_4_1_U1317                               | 1    |        | add_ln76_224     | add       | dsp_slice                | 3       |
|    mac_muladd_8s_8s_16s_17_4_1_U1073                               | 1    |        | add_ln76_225     | add       | dsp_slice                | 3       |
|    mac_muladd_8s_8s_17s_17_4_1_U1316                               | 1    |        | add_ln76_226     | add       | dsp_slice                | 3       |
|    add_ln76_227_fu_13029_p2                                        |      |        | add_ln76_227     | add       | fabric                   | 0       |
|    mac_muladd_8s_8s_16s_16_4_1_U1315                               | 1    |        | add_ln76_228     | add       | dsp_slice                | 3       |
|    mac_muladd_8s_8s_16s_16_4_1_U1072                               | 1    |        | add_ln76_229     | add       | dsp_slice                | 3       |
|    mac_muladd_8s_8s_16s_17_4_1_U1314                               | 1    |        | add_ln76_230     | add       | dsp_slice                | 3       |
|    add_ln76_231_fu_13045_p2                                        |      |        | add_ln76_231     | add       | fabric                   | 0       |
|    add_ln76_232_fu_13055_p2                                        |      |        | add_ln76_232     | add       | fabric                   | 0       |
|    mac_muladd_8s_8s_16s_16_4_1_U1313                               | 1    |        | add_ln76_233     | add       | dsp_slice                | 3       |
|    mac_muladd_8s_8s_16s_16_4_1_U1071                               | 1    |        | add_ln76_234     | add       | dsp_slice                | 3       |
|    mac_muladd_8s_8s_16s_17_4_1_U1312                               | 1    |        | add_ln76_235     | add       | dsp_slice                | 3       |
|    add_ln76_236_fu_13067_p2                                        |      |        | add_ln76_236     | add       | fabric                   | 0       |
|    mac_muladd_8s_8s_16s_16_4_1_U1311                               | 1    |        | add_ln76_237     | add       | dsp_slice                | 3       |
|    mac_muladd_8s_8s_16s_16_4_1_U1079                               | 1    |        | add_ln76_238     | add       | dsp_slice                | 3       |
|    mac_muladd_8s_8s_16s_17_4_1_U1310                               | 1    |        | add_ln76_239     | add       | dsp_slice                | 3       |
|    add_ln76_240_fu_13083_p2                                        |      |        | add_ln76_240     | add       | fabric                   | 0       |
|    add_ln76_241_fu_13093_p2                                        |      |        | add_ln76_241     | add       | fabric                   | 0       |
|    add_ln76_242_fu_15773_p2                                        |      |        | add_ln76_242     | add       | fabric                   | 0       |
|    mac_muladd_8s_8s_16s_16_4_1_U1325                               | 1    |        | add_ln76_243     | add       | dsp_slice                | 3       |
|    mac_muladd_8s_8s_16s_17_4_1_U1078                               | 1    |        | add_ln76_244     | add       | dsp_slice                | 3       |
|    mac_muladd_8s_8s_17s_17_4_1_U1324                               | 1    |        | add_ln76_245     | add       | dsp_slice                | 3       |
|    add_ln76_246_fu_13105_p2                                        |      |        | add_ln76_246     | add       | fabric                   | 0       |
|    mac_muladd_8s_8s_16s_16_4_1_U1323                               | 1    |        | add_ln76_247     | add       | dsp_slice                | 3       |
|    mac_muladd_8s_8s_16s_16_4_1_U1077                               | 1    |        | add_ln76_248     | add       | dsp_slice                | 3       |
|    mac_muladd_8s_8s_16s_17_4_1_U1322                               | 1    |        | add_ln76_249     | add       | dsp_slice                | 3       |
|    add_ln76_250_fu_13121_p2                                        |      |        | add_ln76_250     | add       | fabric                   | 0       |
|    add_ln76_251_fu_13131_p2                                        |      |        | add_ln76_251     | add       | fabric                   | 0       |
|    mac_muladd_8s_8s_16s_16_4_1_U1321                               | 1    |        | add_ln76_252     | add       | dsp_slice                | 3       |
|    mac_muladd_8s_8s_16s_16_4_1_U1076                               | 1    |        | add_ln76_253     | add       | dsp_slice                | 3       |
|    mac_muladd_8s_8s_16s_17_4_1_U1320                               | 1    |        | add_ln76_254     | add       | dsp_slice                | 3       |
|    add_ln76_255_fu_13143_p2                                        |      |        | add_ln76_255     | add       | fabric                   | 0       |
|    mac_muladd_8s_8s_16s_16_4_1_U1075                               | 1    |        | add_ln76_256     | add       | dsp_slice                | 3       |
|    mac_muladd_8s_8s_16s_17_4_1_U1319                               | 1    |        | add_ln76_257     | add       | dsp_slice                | 3       |
|    mac_muladd_8s_8s_16s_16_4_1_U1074                               | 1    |        | add_ln76_258     | add       | dsp_slice                | 3       |
|    mac_muladd_8s_8s_16s_17_4_1_U1318                               | 1    |        | add_ln76_259     | add       | dsp_slice                | 3       |
|    add_ln76_260_fu_13159_p2                                        |      |        | add_ln76_260     | add       | fabric                   | 0       |
|    add_ln76_261_fu_13169_p2                                        |      |        | add_ln76_261     | add       | fabric                   | 0       |
|    add_ln76_262_fu_15789_p2                                        |      |        | add_ln76_262     | add       | fabric                   | 0       |
|    acc_19_fu_15799_p2                                              |      |        | acc_19           | add       | fabric                   | 0       |
|    mac_muladd_8s_8s_16s_17_4_1_U1326                               | 1    |        | mul_ln76_264     | mul       | dsp_slice                | 3       |
|    mac_muladd_8s_8s_16s_17_4_1_U1326                               | 1    |        | sext_ln76_707    | sext      | dsp_slice                | 3       |
|    mac_muladd_8s_8s_16s_16_4_1_U1327                               | 1    |        | mul_ln76_265     | mul       | dsp_slice                | 3       |
|    mul_8s_8s_16_1_1_U927                                           |      |        | mul_ln76_266     | mul       | auto                     | 0       |
|    mac_muladd_8s_8s_16s_16_4_1_U1080                               | 1    |        | mul_ln76_267     | mul       | dsp_slice                | 3       |
|    mul_8s_8s_16_1_1_U752                                           |      |        | mul_ln76_268     | mul       | auto                     | 0       |
|    mac_muladd_8s_8s_16s_17_4_1_U1328                               | 1    |        | mul_ln76_269     | mul       | dsp_slice                | 3       |
|    mac_muladd_8s_8s_16s_17_4_1_U1328                               | 1    |        | sext_ln76_708    | sext      | dsp_slice                | 3       |
|    mac_muladd_8s_8s_16s_16_4_1_U1329                               | 1    |        | mul_ln76_270     | mul       | dsp_slice                | 3       |
|    mul_8s_8s_16_1_1_U928                                           |      |        | mul_ln76_271     | mul       | auto                     | 0       |
|    mac_muladd_8s_8s_16s_16_4_1_U1081                               | 1    |        | mul_ln76_272     | mul       | dsp_slice                | 3       |
|    mul_8s_8s_16_1_1_U753                                           |      |        | mul_ln76_273     | mul       | auto                     | 0       |
|    mac_muladd_8s_8s_16s_17_4_1_U1330                               | 1    |        | mul_ln76_274     | mul       | dsp_slice                | 3       |
|    mac_muladd_8s_8s_16s_17_4_1_U1330                               | 1    |        | sext_ln76_709    | sext      | dsp_slice                | 3       |
|    mac_muladd_8s_8s_16s_16_4_1_U1331                               | 1    |        | mul_ln76_275     | mul       | dsp_slice                | 3       |
|    mul_8s_8s_16_1_1_U929                                           |      |        | mul_ln76_276     | mul       | auto                     | 0       |
|    mac_muladd_8s_8s_16s_17_4_1_U1082                               | 1    |        | mul_ln76_277     | mul       | dsp_slice                | 3       |
|    mac_muladd_8s_8s_16s_17_4_1_U1082                               | 1    |        | sext_ln76_710    | sext      | dsp_slice                | 3       |
|    mul_8s_8s_16_1_1_U754                                           |      |        | mul_ln76_278     | mul       | auto                     | 0       |
|    mac_muladd_8s_8s_17s_17_4_1_U1332                               | 1    |        | mul_ln76_279     | mul       | dsp_slice                | 3       |
|    mac_muladd_8s_8s_17s_17_4_1_U1332                               | 1    |        | sext_ln76_712    | sext      | dsp_slice                | 3       |
|    mac_muladd_8s_8s_15s_16_4_1_U1333                               | 1    |        | mul_ln76_280     | mul       | dsp_slice                | 3       |
|    mac_muladd_8s_8s_16s_16_4_1_U1083                               | 1    |        | mul_ln76_281     | mul       | dsp_slice                | 3       |
|    mul_8s_8s_16_1_1_U755                                           |      |        | mul_ln76_282     | mul       | auto                     | 0       |
|    mac_muladd_8s_8s_16s_17_4_1_U1334                               | 1    |        | mul_ln76_283     | mul       | dsp_slice                | 3       |
|    mac_muladd_8s_8s_16s_17_4_1_U1334                               | 1    |        | sext_ln76_713    | sext      | dsp_slice                | 3       |
|    mac_muladd_8s_8s_16s_16_4_1_U1084                               | 1    |        | mul_ln76_284     | mul       | dsp_slice                | 3       |
|    mul_8s_8s_16_1_1_U756                                           |      |        | mul_ln76_285     | mul       | auto                     | 0       |
|    mac_muladd_8s_8s_16s_17_4_1_U1335                               | 1    |        | mul_ln76_286     | mul       | dsp_slice                | 3       |
|    mac_muladd_8s_8s_16s_17_4_1_U1335                               | 1    |        | sext_ln76_714    | sext      | dsp_slice                | 3       |
|    mac_muladd_8s_8s_16s_16_4_1_U1085                               | 1    |        | mul_ln76_287     | mul       | dsp_slice                | 3       |
|    mul_8s_8s_16_1_1_U757                                           |      |        | mul_ln76_288     | mul       | auto                     | 0       |
|    mac_muladd_8s_8s_16s_17_4_1_U1336                               | 1    |        | mul_ln76_289     | mul       | dsp_slice                | 3       |
|    mac_muladd_8s_8s_16s_17_4_1_U1336                               | 1    |        | sext_ln76_715    | sext      | dsp_slice                | 3       |
|    mac_muladd_8s_8s_16s_16_4_1_U1337                               | 1    |        | mul_ln76_290     | mul       | dsp_slice                | 3       |
|    mul_8s_8s_16_1_1_U930                                           |      |        | mul_ln76_291     | mul       | auto                     | 0       |
|    mac_muladd_8s_8s_16s_16_4_1_U1086                               | 1    |        | mul_ln76_292     | mul       | dsp_slice                | 3       |
|    mul_8s_8s_16_1_1_U758                                           |      |        | mul_ln76_293     | mul       | auto                     | 0       |
|    mac_muladd_8s_8s_16s_17_4_1_U1338                               | 1    |        | mul_ln76_294     | mul       | dsp_slice                | 3       |
|    mac_muladd_8s_8s_16s_17_4_1_U1338                               | 1    |        | sext_ln76_716    | sext      | dsp_slice                | 3       |
|    mac_muladd_8s_8s_16s_16_4_1_U1339                               | 1    |        | mul_ln76_295     | mul       | dsp_slice                | 3       |
|    mul_8s_8s_16_1_1_U931                                           |      |        | mul_ln76_296     | mul       | auto                     | 0       |
|    mac_muladd_8s_8s_16s_17_4_1_U1087                               | 1    |        | mul_ln76_297     | mul       | dsp_slice                | 3       |
|    mac_muladd_8s_8s_16s_17_4_1_U1087                               | 1    |        | sext_ln76_717    | sext      | dsp_slice                | 3       |
|    mul_8s_8s_16_1_1_U759                                           |      |        | mul_ln76_298     | mul       | auto                     | 0       |
|    mac_muladd_8s_8s_17s_17_4_1_U1340                               | 1    |        | mul_ln76_299     | mul       | dsp_slice                | 3       |
|    mac_muladd_8s_8s_17s_17_4_1_U1340                               | 1    |        | sext_ln76_719    | sext      | dsp_slice                | 3       |
|    mac_muladd_8s_8s_16s_16_4_1_U1341                               | 1    |        | mul_ln76_300     | mul       | dsp_slice                | 3       |
|    mul_8s_8s_16_1_1_U932                                           |      |        | mul_ln76_301     | mul       | auto                     | 0       |
|    mac_muladd_8s_8s_16s_16_4_1_U1088                               | 1    |        | mul_ln76_302     | mul       | dsp_slice                | 3       |
|    mul_8s_8s_16_1_1_U760                                           |      |        | mul_ln76_303     | mul       | auto                     | 0       |
|    mac_muladd_8s_8s_15s_16_4_1_U1333                               | 1    |        | add_ln76_264     | add       | dsp_slice                | 3       |
|    mac_muladd_8s_8s_16s_17_4_1_U1082                               | 1    |        | add_ln76_265     | add       | dsp_slice                | 3       |
|    mac_muladd_8s_8s_17s_17_4_1_U1332                               | 1    |        | add_ln76_266     | add       | dsp_slice                | 3       |
|    add_ln76_267_fu_13181_p2                                        |      |        | add_ln76_267     | add       | fabric                   | 0       |
|    mac_muladd_8s_8s_16s_16_4_1_U1331                               | 1    |        | add_ln76_268     | add       | dsp_slice                | 3       |
|    mac_muladd_8s_8s_16s_16_4_1_U1081                               | 1    |        | add_ln76_269     | add       | dsp_slice                | 3       |
|    mac_muladd_8s_8s_16s_17_4_1_U1330                               | 1    |        | add_ln76_270     | add       | dsp_slice                | 3       |
|    add_ln76_271_fu_13197_p2                                        |      |        | add_ln76_271     | add       | fabric                   | 0       |
|    add_ln76_272_fu_13207_p2                                        |      |        | add_ln76_272     | add       | fabric                   | 0       |
|    mac_muladd_8s_8s_16s_16_4_1_U1329                               | 1    |        | add_ln76_273     | add       | dsp_slice                | 3       |
|    mac_muladd_8s_8s_16s_16_4_1_U1080                               | 1    |        | add_ln76_274     | add       | dsp_slice                | 3       |
|    mac_muladd_8s_8s_16s_17_4_1_U1328                               | 1    |        | add_ln76_275     | add       | dsp_slice                | 3       |
|    add_ln76_276_fu_13219_p2                                        |      |        | add_ln76_276     | add       | fabric                   | 0       |
|    mac_muladd_8s_8s_16s_16_4_1_U1327                               | 1    |        | add_ln76_277     | add       | dsp_slice                | 3       |
|    mac_muladd_8s_8s_16s_16_4_1_U1088                               | 1    |        | add_ln76_278     | add       | dsp_slice                | 3       |
|    mac_muladd_8s_8s_16s_17_4_1_U1326                               | 1    |        | add_ln76_279     | add       | dsp_slice                | 3       |
|    add_ln76_280_fu_13235_p2                                        |      |        | add_ln76_280     | add       | fabric                   | 0       |
|    add_ln76_281_fu_13245_p2                                        |      |        | add_ln76_281     | add       | fabric                   | 0       |
|    add_ln76_282_fu_15816_p2                                        |      |        | add_ln76_282     | add       | fabric                   | 0       |
|    mac_muladd_8s_8s_16s_16_4_1_U1341                               | 1    |        | add_ln76_283     | add       | dsp_slice                | 3       |
|    mac_muladd_8s_8s_16s_17_4_1_U1087                               | 1    |        | add_ln76_284     | add       | dsp_slice                | 3       |
|    mac_muladd_8s_8s_17s_17_4_1_U1340                               | 1    |        | add_ln76_285     | add       | dsp_slice                | 3       |
|    add_ln76_286_fu_13257_p2                                        |      |        | add_ln76_286     | add       | fabric                   | 0       |
|    mac_muladd_8s_8s_16s_16_4_1_U1339                               | 1    |        | add_ln76_287     | add       | dsp_slice                | 3       |
|    mac_muladd_8s_8s_16s_16_4_1_U1086                               | 1    |        | add_ln76_288     | add       | dsp_slice                | 3       |
|    mac_muladd_8s_8s_16s_17_4_1_U1338                               | 1    |        | add_ln76_289     | add       | dsp_slice                | 3       |
|    add_ln76_290_fu_13273_p2                                        |      |        | add_ln76_290     | add       | fabric                   | 0       |
|    add_ln76_291_fu_13283_p2                                        |      |        | add_ln76_291     | add       | fabric                   | 0       |
|    mac_muladd_8s_8s_16s_16_4_1_U1337                               | 1    |        | add_ln76_292     | add       | dsp_slice                | 3       |
|    mac_muladd_8s_8s_16s_16_4_1_U1085                               | 1    |        | add_ln76_293     | add       | dsp_slice                | 3       |
|    mac_muladd_8s_8s_16s_17_4_1_U1336                               | 1    |        | add_ln76_294     | add       | dsp_slice                | 3       |
|    add_ln76_295_fu_13295_p2                                        |      |        | add_ln76_295     | add       | fabric                   | 0       |
|    mac_muladd_8s_8s_16s_16_4_1_U1084                               | 1    |        | add_ln76_296     | add       | dsp_slice                | 3       |
|    mac_muladd_8s_8s_16s_17_4_1_U1335                               | 1    |        | add_ln76_297     | add       | dsp_slice                | 3       |
|    mac_muladd_8s_8s_16s_16_4_1_U1083                               | 1    |        | add_ln76_298     | add       | dsp_slice                | 3       |
|    mac_muladd_8s_8s_16s_17_4_1_U1334                               | 1    |        | add_ln76_299     | add       | dsp_slice                | 3       |
|    add_ln76_300_fu_13311_p2                                        |      |        | add_ln76_300     | add       | fabric                   | 0       |
|    add_ln76_301_fu_13321_p2                                        |      |        | add_ln76_301     | add       | fabric                   | 0       |
|    add_ln76_302_fu_15832_p2                                        |      |        | add_ln76_302     | add       | fabric                   | 0       |
|    acc_20_fu_15842_p2                                              |      |        | acc_20           | add       | fabric                   | 0       |
|    mac_muladd_8s_8s_16s_17_4_1_U1342                               | 1    |        | mul_ln76_304     | mul       | dsp_slice                | 3       |
|    mac_muladd_8s_8s_16s_17_4_1_U1342                               | 1    |        | sext_ln76_757    | sext      | dsp_slice                | 3       |
|    mac_muladd_8s_8s_16s_16_4_1_U1343                               | 1    |        | mul_ln76_305     | mul       | dsp_slice                | 3       |
|    mul_8s_8s_16_1_1_U933                                           |      |        | mul_ln76_306     | mul       | auto                     | 0       |
|    mac_muladd_8s_8s_16s_16_4_1_U1089                               | 1    |        | mul_ln76_307     | mul       | dsp_slice                | 3       |
|    mul_8s_8s_16_1_1_U761                                           |      |        | mul_ln76_308     | mul       | auto                     | 0       |
|    mac_muladd_8s_8s_16s_17_4_1_U1344                               | 1    |        | mul_ln76_309     | mul       | dsp_slice                | 3       |
|    mac_muladd_8s_8s_16s_17_4_1_U1344                               | 1    |        | sext_ln76_758    | sext      | dsp_slice                | 3       |
|    mac_muladd_8s_8s_16s_16_4_1_U1345                               | 1    |        | mul_ln76_310     | mul       | dsp_slice                | 3       |
|    mul_8s_8s_16_1_1_U934                                           |      |        | mul_ln76_311     | mul       | auto                     | 0       |
|    mac_muladd_8s_8s_16s_16_4_1_U1090                               | 1    |        | mul_ln76_312     | mul       | dsp_slice                | 3       |
|    mul_8s_8s_16_1_1_U762                                           |      |        | mul_ln76_313     | mul       | auto                     | 0       |
|    mac_muladd_8s_8s_16s_17_4_1_U1346                               | 1    |        | mul_ln76_314     | mul       | dsp_slice                | 3       |
|    mac_muladd_8s_8s_16s_17_4_1_U1346                               | 1    |        | sext_ln76_759    | sext      | dsp_slice                | 3       |
|    mac_muladd_8s_8s_16s_16_4_1_U1347                               | 1    |        | mul_ln76_315     | mul       | dsp_slice                | 3       |
|    mul_8s_8s_16_1_1_U935                                           |      |        | mul_ln76_316     | mul       | auto                     | 0       |
|    mac_muladd_8s_8s_16s_17_4_1_U1091                               | 1    |        | mul_ln76_317     | mul       | dsp_slice                | 3       |
|    mac_muladd_8s_8s_16s_17_4_1_U1091                               | 1    |        | sext_ln76_760    | sext      | dsp_slice                | 3       |
|    mul_8s_8s_16_1_1_U763                                           |      |        | mul_ln76_318     | mul       | auto                     | 0       |
|    mac_muladd_8s_8s_17s_17_4_1_U1348                               | 1    |        | mul_ln76_319     | mul       | dsp_slice                | 3       |
|    mac_muladd_8s_8s_17s_17_4_1_U1348                               | 1    |        | sext_ln76_762    | sext      | dsp_slice                | 3       |
|    mac_muladd_8s_8s_15s_16_4_1_U1349                               | 1    |        | mul_ln76_320     | mul       | dsp_slice                | 3       |
|    mac_muladd_8s_8s_16s_16_4_1_U1092                               | 1    |        | mul_ln76_321     | mul       | dsp_slice                | 3       |
|    mul_8s_8s_16_1_1_U764                                           |      |        | mul_ln76_322     | mul       | auto                     | 0       |
|    mac_muladd_8s_8s_16s_17_4_1_U1350                               | 1    |        | mul_ln76_323     | mul       | dsp_slice                | 3       |
|    mac_muladd_8s_8s_16s_17_4_1_U1350                               | 1    |        | sext_ln76_763    | sext      | dsp_slice                | 3       |
|    mac_muladd_8s_8s_16s_16_4_1_U1093                               | 1    |        | mul_ln76_324     | mul       | dsp_slice                | 3       |
|    mul_8s_8s_16_1_1_U765                                           |      |        | mul_ln76_325     | mul       | auto                     | 0       |
|    mac_muladd_8s_8s_16s_17_4_1_U1351                               | 1    |        | mul_ln76_326     | mul       | dsp_slice                | 3       |
|    mac_muladd_8s_8s_16s_17_4_1_U1351                               | 1    |        | sext_ln76_764    | sext      | dsp_slice                | 3       |
|    mac_muladd_8s_8s_16s_16_4_1_U1094                               | 1    |        | mul_ln76_327     | mul       | dsp_slice                | 3       |
|    mul_8s_8s_16_1_1_U766                                           |      |        | mul_ln76_328     | mul       | auto                     | 0       |
|    mac_muladd_8s_8s_16s_17_4_1_U1352                               | 1    |        | mul_ln76_329     | mul       | dsp_slice                | 3       |
|    mac_muladd_8s_8s_16s_17_4_1_U1352                               | 1    |        | sext_ln76_765    | sext      | dsp_slice                | 3       |
|    mac_muladd_8s_8s_16s_16_4_1_U1353                               | 1    |        | mul_ln76_330     | mul       | dsp_slice                | 3       |
|    mul_8s_8s_16_1_1_U936                                           |      |        | mul_ln76_331     | mul       | auto                     | 0       |
|    mac_muladd_8s_8s_16s_16_4_1_U1095                               | 1    |        | mul_ln76_332     | mul       | dsp_slice                | 3       |
|    mul_8s_8s_16_1_1_U767                                           |      |        | mul_ln76_333     | mul       | auto                     | 0       |
|    mac_muladd_8s_8s_16s_17_4_1_U1354                               | 1    |        | mul_ln76_334     | mul       | dsp_slice                | 3       |
|    mac_muladd_8s_8s_16s_17_4_1_U1354                               | 1    |        | sext_ln76_766    | sext      | dsp_slice                | 3       |
|    mac_muladd_8s_8s_16s_16_4_1_U1355                               | 1    |        | mul_ln76_335     | mul       | dsp_slice                | 3       |
|    mul_8s_8s_16_1_1_U937                                           |      |        | mul_ln76_336     | mul       | auto                     | 0       |
|    mac_muladd_8s_8s_16s_17_4_1_U1096                               | 1    |        | mul_ln76_337     | mul       | dsp_slice                | 3       |
|    mac_muladd_8s_8s_16s_17_4_1_U1096                               | 1    |        | sext_ln76_767    | sext      | dsp_slice                | 3       |
|    mul_8s_8s_16_1_1_U768                                           |      |        | mul_ln76_338     | mul       | auto                     | 0       |
|    mac_muladd_8s_8s_17s_17_4_1_U1356                               | 1    |        | mul_ln76_339     | mul       | dsp_slice                | 3       |
|    mac_muladd_8s_8s_17s_17_4_1_U1356                               | 1    |        | sext_ln76_769    | sext      | dsp_slice                | 3       |
|    mac_muladd_8s_8s_16s_16_4_1_U1357                               | 1    |        | mul_ln76_340     | mul       | dsp_slice                | 3       |
|    mul_8s_8s_16_1_1_U938                                           |      |        | mul_ln76_341     | mul       | auto                     | 0       |
|    mac_muladd_8s_8s_16s_16_4_1_U1097                               | 1    |        | mul_ln76_342     | mul       | dsp_slice                | 3       |
|    mul_8s_8s_16_1_1_U769                                           |      |        | mul_ln76_343     | mul       | auto                     | 0       |
|    mac_muladd_8s_8s_15s_16_4_1_U1349                               | 1    |        | add_ln76_304     | add       | dsp_slice                | 3       |
|    mac_muladd_8s_8s_16s_17_4_1_U1091                               | 1    |        | add_ln76_305     | add       | dsp_slice                | 3       |
|    mac_muladd_8s_8s_17s_17_4_1_U1348                               | 1    |        | add_ln76_306     | add       | dsp_slice                | 3       |
|    add_ln76_307_fu_13333_p2                                        |      |        | add_ln76_307     | add       | fabric                   | 0       |
|    mac_muladd_8s_8s_16s_16_4_1_U1347                               | 1    |        | add_ln76_308     | add       | dsp_slice                | 3       |
|    mac_muladd_8s_8s_16s_16_4_1_U1090                               | 1    |        | add_ln76_309     | add       | dsp_slice                | 3       |
|    mac_muladd_8s_8s_16s_17_4_1_U1346                               | 1    |        | add_ln76_310     | add       | dsp_slice                | 3       |
|    add_ln76_311_fu_13349_p2                                        |      |        | add_ln76_311     | add       | fabric                   | 0       |
|    add_ln76_312_fu_13359_p2                                        |      |        | add_ln76_312     | add       | fabric                   | 0       |
|    mac_muladd_8s_8s_16s_16_4_1_U1345                               | 1    |        | add_ln76_313     | add       | dsp_slice                | 3       |
|    mac_muladd_8s_8s_16s_16_4_1_U1089                               | 1    |        | add_ln76_314     | add       | dsp_slice                | 3       |
|    mac_muladd_8s_8s_16s_17_4_1_U1344                               | 1    |        | add_ln76_315     | add       | dsp_slice                | 3       |
|    add_ln76_316_fu_13371_p2                                        |      |        | add_ln76_316     | add       | fabric                   | 0       |
|    mac_muladd_8s_8s_16s_16_4_1_U1343                               | 1    |        | add_ln76_317     | add       | dsp_slice                | 3       |
|    mac_muladd_8s_8s_16s_16_4_1_U1097                               | 1    |        | add_ln76_318     | add       | dsp_slice                | 3       |
|    mac_muladd_8s_8s_16s_17_4_1_U1342                               | 1    |        | add_ln76_319     | add       | dsp_slice                | 3       |
|    add_ln76_320_fu_13387_p2                                        |      |        | add_ln76_320     | add       | fabric                   | 0       |
|    add_ln76_321_fu_13397_p2                                        |      |        | add_ln76_321     | add       | fabric                   | 0       |
|    add_ln76_322_fu_15859_p2                                        |      |        | add_ln76_322     | add       | fabric                   | 0       |
|    mac_muladd_8s_8s_16s_16_4_1_U1357                               | 1    |        | add_ln76_323     | add       | dsp_slice                | 3       |
|    mac_muladd_8s_8s_16s_17_4_1_U1096                               | 1    |        | add_ln76_324     | add       | dsp_slice                | 3       |
|    mac_muladd_8s_8s_17s_17_4_1_U1356                               | 1    |        | add_ln76_325     | add       | dsp_slice                | 3       |
|    add_ln76_326_fu_13409_p2                                        |      |        | add_ln76_326     | add       | fabric                   | 0       |
|    mac_muladd_8s_8s_16s_16_4_1_U1355                               | 1    |        | add_ln76_327     | add       | dsp_slice                | 3       |
|    mac_muladd_8s_8s_16s_16_4_1_U1095                               | 1    |        | add_ln76_328     | add       | dsp_slice                | 3       |
|    mac_muladd_8s_8s_16s_17_4_1_U1354                               | 1    |        | add_ln76_329     | add       | dsp_slice                | 3       |
|    add_ln76_330_fu_13425_p2                                        |      |        | add_ln76_330     | add       | fabric                   | 0       |
|    add_ln76_331_fu_13435_p2                                        |      |        | add_ln76_331     | add       | fabric                   | 0       |
|    mac_muladd_8s_8s_16s_16_4_1_U1353                               | 1    |        | add_ln76_332     | add       | dsp_slice                | 3       |
|    mac_muladd_8s_8s_16s_16_4_1_U1094                               | 1    |        | add_ln76_333     | add       | dsp_slice                | 3       |
|    mac_muladd_8s_8s_16s_17_4_1_U1352                               | 1    |        | add_ln76_334     | add       | dsp_slice                | 3       |
|    add_ln76_335_fu_13447_p2                                        |      |        | add_ln76_335     | add       | fabric                   | 0       |
|    mac_muladd_8s_8s_16s_16_4_1_U1093                               | 1    |        | add_ln76_336     | add       | dsp_slice                | 3       |
|    mac_muladd_8s_8s_16s_17_4_1_U1351                               | 1    |        | add_ln76_337     | add       | dsp_slice                | 3       |
|    mac_muladd_8s_8s_16s_16_4_1_U1092                               | 1    |        | add_ln76_338     | add       | dsp_slice                | 3       |
|    mac_muladd_8s_8s_16s_17_4_1_U1350                               | 1    |        | add_ln76_339     | add       | dsp_slice                | 3       |
|    add_ln76_340_fu_13463_p2                                        |      |        | add_ln76_340     | add       | fabric                   | 0       |
|    add_ln76_341_fu_13473_p2                                        |      |        | add_ln76_341     | add       | fabric                   | 0       |
|    add_ln76_342_fu_15875_p2                                        |      |        | add_ln76_342     | add       | fabric                   | 0       |
|    acc_21_fu_15885_p2                                              |      |        | acc_21           | add       | fabric                   | 0       |
|    mac_muladd_8s_8s_16s_17_4_1_U1358                               | 1    |        | mul_ln76_344     | mul       | dsp_slice                | 3       |
|    mac_muladd_8s_8s_16s_17_4_1_U1358                               | 1    |        | sext_ln76_807    | sext      | dsp_slice                | 3       |
|    mac_muladd_8s_8s_16s_16_4_1_U1359                               | 1    |        | mul_ln76_345     | mul       | dsp_slice                | 3       |
|    mul_8s_8s_16_1_1_U939                                           |      |        | mul_ln76_346     | mul       | auto                     | 0       |
|    mac_muladd_8s_8s_16s_16_4_1_U1098                               | 1    |        | mul_ln76_347     | mul       | dsp_slice                | 3       |
|    mul_8s_8s_16_1_1_U770                                           |      |        | mul_ln76_348     | mul       | auto                     | 0       |
|    mac_muladd_8s_8s_16s_17_4_1_U1360                               | 1    |        | mul_ln76_349     | mul       | dsp_slice                | 3       |
|    mac_muladd_8s_8s_16s_17_4_1_U1360                               | 1    |        | sext_ln76_808    | sext      | dsp_slice                | 3       |
|    mac_muladd_8s_8s_16s_16_4_1_U1361                               | 1    |        | mul_ln76_350     | mul       | dsp_slice                | 3       |
|    mul_8s_8s_16_1_1_U940                                           |      |        | mul_ln76_351     | mul       | auto                     | 0       |
|    mac_muladd_8s_8s_16s_16_4_1_U1099                               | 1    |        | mul_ln76_352     | mul       | dsp_slice                | 3       |
|    mul_8s_8s_16_1_1_U771                                           |      |        | mul_ln76_353     | mul       | auto                     | 0       |
|    mac_muladd_8s_8s_16s_17_4_1_U1362                               | 1    |        | mul_ln76_354     | mul       | dsp_slice                | 3       |
|    mac_muladd_8s_8s_16s_17_4_1_U1362                               | 1    |        | sext_ln76_809    | sext      | dsp_slice                | 3       |
|    mac_muladd_8s_8s_16s_16_4_1_U1363                               | 1    |        | mul_ln76_355     | mul       | dsp_slice                | 3       |
|    mul_8s_8s_16_1_1_U941                                           |      |        | mul_ln76_356     | mul       | auto                     | 0       |
|    mac_muladd_8s_8s_16s_17_4_1_U1100                               | 1    |        | mul_ln76_357     | mul       | dsp_slice                | 3       |
|    mac_muladd_8s_8s_16s_17_4_1_U1100                               | 1    |        | sext_ln76_810    | sext      | dsp_slice                | 3       |
|    mul_8s_8s_16_1_1_U772                                           |      |        | mul_ln76_358     | mul       | auto                     | 0       |
|    mac_muladd_8s_8s_17s_17_4_1_U1364                               | 1    |        | mul_ln76_359     | mul       | dsp_slice                | 3       |
|    mac_muladd_8s_8s_17s_17_4_1_U1364                               | 1    |        | sext_ln76_812    | sext      | dsp_slice                | 3       |
|    mac_muladd_8s_8s_15s_16_4_1_U1365                               | 1    |        | mul_ln76_360     | mul       | dsp_slice                | 3       |
|    mac_muladd_8s_8s_16s_16_4_1_U1101                               | 1    |        | mul_ln76_361     | mul       | dsp_slice                | 3       |
|    mul_8s_8s_16_1_1_U773                                           |      |        | mul_ln76_362     | mul       | auto                     | 0       |
|    mac_muladd_8s_8s_16s_17_4_1_U1366                               | 1    |        | mul_ln76_363     | mul       | dsp_slice                | 3       |
|    mac_muladd_8s_8s_16s_17_4_1_U1366                               | 1    |        | sext_ln76_813    | sext      | dsp_slice                | 3       |
|    mac_muladd_8s_8s_16s_16_4_1_U1102                               | 1    |        | mul_ln76_364     | mul       | dsp_slice                | 3       |
|    mul_8s_8s_16_1_1_U774                                           |      |        | mul_ln76_365     | mul       | auto                     | 0       |
|    mac_muladd_8s_8s_16s_17_4_1_U1367                               | 1    |        | mul_ln76_366     | mul       | dsp_slice                | 3       |
|    mac_muladd_8s_8s_16s_17_4_1_U1367                               | 1    |        | sext_ln76_814    | sext      | dsp_slice                | 3       |
|    mac_muladd_8s_8s_16s_16_4_1_U1103                               | 1    |        | mul_ln76_367     | mul       | dsp_slice                | 3       |
|    mul_8s_8s_16_1_1_U775                                           |      |        | mul_ln76_368     | mul       | auto                     | 0       |
|    mac_muladd_8s_8s_16s_17_4_1_U1368                               | 1    |        | mul_ln76_369     | mul       | dsp_slice                | 3       |
|    mac_muladd_8s_8s_16s_17_4_1_U1368                               | 1    |        | sext_ln76_815    | sext      | dsp_slice                | 3       |
|    mac_muladd_8s_8s_16s_16_4_1_U1369                               | 1    |        | mul_ln76_370     | mul       | dsp_slice                | 3       |
|    mul_8s_8s_16_1_1_U942                                           |      |        | mul_ln76_371     | mul       | auto                     | 0       |
|    mac_muladd_8s_8s_16s_16_4_1_U1104                               | 1    |        | mul_ln76_372     | mul       | dsp_slice                | 3       |
|    mul_8s_8s_16_1_1_U776                                           |      |        | mul_ln76_373     | mul       | auto                     | 0       |
|    mac_muladd_8s_8s_16s_17_4_1_U1370                               | 1    |        | mul_ln76_374     | mul       | dsp_slice                | 3       |
|    mac_muladd_8s_8s_16s_17_4_1_U1370                               | 1    |        | sext_ln76_816    | sext      | dsp_slice                | 3       |
|    mac_muladd_8s_8s_16s_16_4_1_U1371                               | 1    |        | mul_ln76_375     | mul       | dsp_slice                | 3       |
|    mul_8s_8s_16_1_1_U943                                           |      |        | mul_ln76_376     | mul       | auto                     | 0       |
|    mac_muladd_8s_8s_16s_17_4_1_U1105                               | 1    |        | mul_ln76_377     | mul       | dsp_slice                | 3       |
|    mac_muladd_8s_8s_16s_17_4_1_U1105                               | 1    |        | sext_ln76_817    | sext      | dsp_slice                | 3       |
|    mul_8s_8s_16_1_1_U777                                           |      |        | mul_ln76_378     | mul       | auto                     | 0       |
|    mac_muladd_8s_8s_17s_17_4_1_U1372                               | 1    |        | mul_ln76_379     | mul       | dsp_slice                | 3       |
|    mac_muladd_8s_8s_17s_17_4_1_U1372                               | 1    |        | sext_ln76_819    | sext      | dsp_slice                | 3       |
|    mac_muladd_8s_8s_16s_16_4_1_U1373                               | 1    |        | mul_ln76_380     | mul       | dsp_slice                | 3       |
|    mul_8s_8s_16_1_1_U944                                           |      |        | mul_ln76_381     | mul       | auto                     | 0       |
|    mac_muladd_8s_8s_16s_16_4_1_U1106                               | 1    |        | mul_ln76_382     | mul       | dsp_slice                | 3       |
|    mul_8s_8s_16_1_1_U778                                           |      |        | mul_ln76_383     | mul       | auto                     | 0       |
|    mac_muladd_8s_8s_15s_16_4_1_U1365                               | 1    |        | add_ln76_344     | add       | dsp_slice                | 3       |
|    mac_muladd_8s_8s_16s_17_4_1_U1100                               | 1    |        | add_ln76_345     | add       | dsp_slice                | 3       |
|    mac_muladd_8s_8s_17s_17_4_1_U1364                               | 1    |        | add_ln76_346     | add       | dsp_slice                | 3       |
|    add_ln76_347_fu_13485_p2                                        |      |        | add_ln76_347     | add       | fabric                   | 0       |
|    mac_muladd_8s_8s_16s_16_4_1_U1363                               | 1    |        | add_ln76_348     | add       | dsp_slice                | 3       |
|    mac_muladd_8s_8s_16s_16_4_1_U1099                               | 1    |        | add_ln76_349     | add       | dsp_slice                | 3       |
|    mac_muladd_8s_8s_16s_17_4_1_U1362                               | 1    |        | add_ln76_350     | add       | dsp_slice                | 3       |
|    add_ln76_351_fu_13501_p2                                        |      |        | add_ln76_351     | add       | fabric                   | 0       |
|    add_ln76_352_fu_13511_p2                                        |      |        | add_ln76_352     | add       | fabric                   | 0       |
|    mac_muladd_8s_8s_16s_16_4_1_U1361                               | 1    |        | add_ln76_353     | add       | dsp_slice                | 3       |
|    mac_muladd_8s_8s_16s_16_4_1_U1098                               | 1    |        | add_ln76_354     | add       | dsp_slice                | 3       |
|    mac_muladd_8s_8s_16s_17_4_1_U1360                               | 1    |        | add_ln76_355     | add       | dsp_slice                | 3       |
|    add_ln76_356_fu_13523_p2                                        |      |        | add_ln76_356     | add       | fabric                   | 0       |
|    mac_muladd_8s_8s_16s_16_4_1_U1359                               | 1    |        | add_ln76_357     | add       | dsp_slice                | 3       |
|    mac_muladd_8s_8s_16s_16_4_1_U1106                               | 1    |        | add_ln76_358     | add       | dsp_slice                | 3       |
|    mac_muladd_8s_8s_16s_17_4_1_U1358                               | 1    |        | add_ln76_359     | add       | dsp_slice                | 3       |
|    add_ln76_360_fu_13539_p2                                        |      |        | add_ln76_360     | add       | fabric                   | 0       |
|    add_ln76_361_fu_13549_p2                                        |      |        | add_ln76_361     | add       | fabric                   | 0       |
|    add_ln76_362_fu_15902_p2                                        |      |        | add_ln76_362     | add       | fabric                   | 0       |
|    mac_muladd_8s_8s_16s_16_4_1_U1373                               | 1    |        | add_ln76_363     | add       | dsp_slice                | 3       |
|    mac_muladd_8s_8s_16s_17_4_1_U1105                               | 1    |        | add_ln76_364     | add       | dsp_slice                | 3       |
|    mac_muladd_8s_8s_17s_17_4_1_U1372                               | 1    |        | add_ln76_365     | add       | dsp_slice                | 3       |
|    add_ln76_366_fu_13561_p2                                        |      |        | add_ln76_366     | add       | fabric                   | 0       |
|    mac_muladd_8s_8s_16s_16_4_1_U1371                               | 1    |        | add_ln76_367     | add       | dsp_slice                | 3       |
|    mac_muladd_8s_8s_16s_16_4_1_U1104                               | 1    |        | add_ln76_368     | add       | dsp_slice                | 3       |
|    mac_muladd_8s_8s_16s_17_4_1_U1370                               | 1    |        | add_ln76_369     | add       | dsp_slice                | 3       |
|    add_ln76_370_fu_13577_p2                                        |      |        | add_ln76_370     | add       | fabric                   | 0       |
|    add_ln76_371_fu_13587_p2                                        |      |        | add_ln76_371     | add       | fabric                   | 0       |
|    mac_muladd_8s_8s_16s_16_4_1_U1369                               | 1    |        | add_ln76_372     | add       | dsp_slice                | 3       |
|    mac_muladd_8s_8s_16s_16_4_1_U1103                               | 1    |        | add_ln76_373     | add       | dsp_slice                | 3       |
|    mac_muladd_8s_8s_16s_17_4_1_U1368                               | 1    |        | add_ln76_374     | add       | dsp_slice                | 3       |
|    add_ln76_375_fu_13599_p2                                        |      |        | add_ln76_375     | add       | fabric                   | 0       |
|    mac_muladd_8s_8s_16s_16_4_1_U1102                               | 1    |        | add_ln76_376     | add       | dsp_slice                | 3       |
|    mac_muladd_8s_8s_16s_17_4_1_U1367                               | 1    |        | add_ln76_377     | add       | dsp_slice                | 3       |
|    mac_muladd_8s_8s_16s_16_4_1_U1101                               | 1    |        | add_ln76_378     | add       | dsp_slice                | 3       |
|    mac_muladd_8s_8s_16s_17_4_1_U1366                               | 1    |        | add_ln76_379     | add       | dsp_slice                | 3       |
|    add_ln76_380_fu_13615_p2                                        |      |        | add_ln76_380     | add       | fabric                   | 0       |
|    add_ln76_381_fu_13625_p2                                        |      |        | add_ln76_381     | add       | fabric                   | 0       |
|    add_ln76_382_fu_15918_p2                                        |      |        | add_ln76_382     | add       | fabric                   | 0       |
|    acc_22_fu_15928_p2                                              |      |        | acc_22           | add       | fabric                   | 0       |
|    mac_muladd_8s_8s_16s_17_4_1_U1374                               | 1    |        | mul_ln76_384     | mul       | dsp_slice                | 3       |
|    mac_muladd_8s_8s_16s_17_4_1_U1374                               | 1    |        | sext_ln76_857    | sext      | dsp_slice                | 3       |
|    mac_muladd_8s_8s_16s_16_4_1_U1375                               | 1    |        | mul_ln76_385     | mul       | dsp_slice                | 3       |
|    mul_8s_8s_16_1_1_U945                                           |      |        | mul_ln76_386     | mul       | auto                     | 0       |
|    mac_muladd_8s_8s_16s_16_4_1_U1107                               | 1    |        | mul_ln76_387     | mul       | dsp_slice                | 3       |
|    mul_8s_8s_16_1_1_U779                                           |      |        | mul_ln76_388     | mul       | auto                     | 0       |
|    mac_muladd_8s_8s_16s_17_4_1_U1376                               | 1    |        | mul_ln76_389     | mul       | dsp_slice                | 3       |
|    mac_muladd_8s_8s_16s_17_4_1_U1376                               | 1    |        | sext_ln76_858    | sext      | dsp_slice                | 3       |
|    mac_muladd_8s_8s_16s_16_4_1_U1377                               | 1    |        | mul_ln76_390     | mul       | dsp_slice                | 3       |
|    mul_8s_8s_16_1_1_U946                                           |      |        | mul_ln76_391     | mul       | auto                     | 0       |
|    mac_muladd_8s_8s_16s_16_4_1_U1108                               | 1    |        | mul_ln76_392     | mul       | dsp_slice                | 3       |
|    mul_8s_8s_16_1_1_U780                                           |      |        | mul_ln76_393     | mul       | auto                     | 0       |
|    mac_muladd_8s_8s_16s_17_4_1_U1378                               | 1    |        | mul_ln76_394     | mul       | dsp_slice                | 3       |
|    mac_muladd_8s_8s_16s_17_4_1_U1378                               | 1    |        | sext_ln76_859    | sext      | dsp_slice                | 3       |
|    mac_muladd_8s_8s_16s_16_4_1_U1379                               | 1    |        | mul_ln76_395     | mul       | dsp_slice                | 3       |
|    mul_8s_8s_16_1_1_U947                                           |      |        | mul_ln76_396     | mul       | auto                     | 0       |
|    mac_muladd_8s_8s_16s_17_4_1_U1109                               | 1    |        | mul_ln76_397     | mul       | dsp_slice                | 3       |
|    mac_muladd_8s_8s_16s_17_4_1_U1109                               | 1    |        | sext_ln76_860    | sext      | dsp_slice                | 3       |
|    mul_8s_8s_16_1_1_U781                                           |      |        | mul_ln76_398     | mul       | auto                     | 0       |
|    mac_muladd_8s_8s_17s_17_4_1_U1380                               | 1    |        | mul_ln76_399     | mul       | dsp_slice                | 3       |
|    mac_muladd_8s_8s_17s_17_4_1_U1380                               | 1    |        | sext_ln76_862    | sext      | dsp_slice                | 3       |
|    mac_muladd_8s_8s_15s_16_4_1_U1381                               | 1    |        | mul_ln76_400     | mul       | dsp_slice                | 3       |
|    mac_muladd_8s_8s_16s_16_4_1_U1110                               | 1    |        | mul_ln76_401     | mul       | dsp_slice                | 3       |
|    mul_8s_8s_16_1_1_U782                                           |      |        | mul_ln76_402     | mul       | auto                     | 0       |
|    mac_muladd_8s_8s_16s_17_4_1_U1382                               | 1    |        | mul_ln76_403     | mul       | dsp_slice                | 3       |
|    mac_muladd_8s_8s_16s_17_4_1_U1382                               | 1    |        | sext_ln76_863    | sext      | dsp_slice                | 3       |
|    mac_muladd_8s_8s_16s_16_4_1_U1111                               | 1    |        | mul_ln76_404     | mul       | dsp_slice                | 3       |
|    mul_8s_8s_16_1_1_U783                                           |      |        | mul_ln76_405     | mul       | auto                     | 0       |
|    mac_muladd_8s_8s_16s_17_4_1_U1383                               | 1    |        | mul_ln76_406     | mul       | dsp_slice                | 3       |
|    mac_muladd_8s_8s_16s_17_4_1_U1383                               | 1    |        | sext_ln76_864    | sext      | dsp_slice                | 3       |
|    mac_muladd_8s_8s_16s_16_4_1_U1112                               | 1    |        | mul_ln76_407     | mul       | dsp_slice                | 3       |
|    mul_8s_8s_16_1_1_U784                                           |      |        | mul_ln76_408     | mul       | auto                     | 0       |
|    mac_muladd_8s_8s_16s_17_4_1_U1384                               | 1    |        | mul_ln76_409     | mul       | dsp_slice                | 3       |
|    mac_muladd_8s_8s_16s_17_4_1_U1384                               | 1    |        | sext_ln76_865    | sext      | dsp_slice                | 3       |
|    mac_muladd_8s_8s_16s_16_4_1_U1385                               | 1    |        | mul_ln76_410     | mul       | dsp_slice                | 3       |
|    mul_8s_8s_16_1_1_U948                                           |      |        | mul_ln76_411     | mul       | auto                     | 0       |
|    mac_muladd_8s_8s_16s_16_4_1_U1113                               | 1    |        | mul_ln76_412     | mul       | dsp_slice                | 3       |
|    mul_8s_8s_16_1_1_U785                                           |      |        | mul_ln76_413     | mul       | auto                     | 0       |
|    mac_muladd_8s_8s_16s_17_4_1_U1386                               | 1    |        | mul_ln76_414     | mul       | dsp_slice                | 3       |
|    mac_muladd_8s_8s_16s_17_4_1_U1386                               | 1    |        | sext_ln76_866    | sext      | dsp_slice                | 3       |
|    mac_muladd_8s_8s_16s_16_4_1_U1387                               | 1    |        | mul_ln76_415     | mul       | dsp_slice                | 3       |
|    mul_8s_8s_16_1_1_U949                                           |      |        | mul_ln76_416     | mul       | auto                     | 0       |
|    mac_muladd_8s_8s_16s_17_4_1_U1114                               | 1    |        | mul_ln76_417     | mul       | dsp_slice                | 3       |
|    mac_muladd_8s_8s_16s_17_4_1_U1114                               | 1    |        | sext_ln76_867    | sext      | dsp_slice                | 3       |
|    mul_8s_8s_16_1_1_U786                                           |      |        | mul_ln76_418     | mul       | auto                     | 0       |
|    mac_muladd_8s_8s_17s_17_4_1_U1388                               | 1    |        | mul_ln76_419     | mul       | dsp_slice                | 3       |
|    mac_muladd_8s_8s_17s_17_4_1_U1388                               | 1    |        | sext_ln76_869    | sext      | dsp_slice                | 3       |
|    mac_muladd_8s_8s_16s_16_4_1_U1389                               | 1    |        | mul_ln76_420     | mul       | dsp_slice                | 3       |
|    mul_8s_8s_16_1_1_U950                                           |      |        | mul_ln76_421     | mul       | auto                     | 0       |
|    mac_muladd_8s_8s_16s_16_4_1_U1115                               | 1    |        | mul_ln76_422     | mul       | dsp_slice                | 3       |
|    mul_8s_8s_16_1_1_U787                                           |      |        | mul_ln76_423     | mul       | auto                     | 0       |
|    mac_muladd_8s_8s_15s_16_4_1_U1381                               | 1    |        | add_ln76_384     | add       | dsp_slice                | 3       |
|    mac_muladd_8s_8s_16s_17_4_1_U1109                               | 1    |        | add_ln76_385     | add       | dsp_slice                | 3       |
|    mac_muladd_8s_8s_17s_17_4_1_U1380                               | 1    |        | add_ln76_386     | add       | dsp_slice                | 3       |
|    add_ln76_387_fu_13637_p2                                        |      |        | add_ln76_387     | add       | fabric                   | 0       |
|    mac_muladd_8s_8s_16s_16_4_1_U1379                               | 1    |        | add_ln76_388     | add       | dsp_slice                | 3       |
|    mac_muladd_8s_8s_16s_16_4_1_U1108                               | 1    |        | add_ln76_389     | add       | dsp_slice                | 3       |
|    mac_muladd_8s_8s_16s_17_4_1_U1378                               | 1    |        | add_ln76_390     | add       | dsp_slice                | 3       |
|    add_ln76_391_fu_13653_p2                                        |      |        | add_ln76_391     | add       | fabric                   | 0       |
|    add_ln76_392_fu_13663_p2                                        |      |        | add_ln76_392     | add       | fabric                   | 0       |
|    mac_muladd_8s_8s_16s_16_4_1_U1377                               | 1    |        | add_ln76_393     | add       | dsp_slice                | 3       |
|    mac_muladd_8s_8s_16s_16_4_1_U1107                               | 1    |        | add_ln76_394     | add       | dsp_slice                | 3       |
|    mac_muladd_8s_8s_16s_17_4_1_U1376                               | 1    |        | add_ln76_395     | add       | dsp_slice                | 3       |
|    add_ln76_396_fu_13675_p2                                        |      |        | add_ln76_396     | add       | fabric                   | 0       |
|    mac_muladd_8s_8s_16s_16_4_1_U1375                               | 1    |        | add_ln76_397     | add       | dsp_slice                | 3       |
|    mac_muladd_8s_8s_16s_16_4_1_U1115                               | 1    |        | add_ln76_398     | add       | dsp_slice                | 3       |
|    mac_muladd_8s_8s_16s_17_4_1_U1374                               | 1    |        | add_ln76_399     | add       | dsp_slice                | 3       |
|    add_ln76_400_fu_13691_p2                                        |      |        | add_ln76_400     | add       | fabric                   | 0       |
|    add_ln76_401_fu_13701_p2                                        |      |        | add_ln76_401     | add       | fabric                   | 0       |
|    add_ln76_402_fu_15945_p2                                        |      |        | add_ln76_402     | add       | fabric                   | 0       |
|    mac_muladd_8s_8s_16s_16_4_1_U1389                               | 1    |        | add_ln76_403     | add       | dsp_slice                | 3       |
|    mac_muladd_8s_8s_16s_17_4_1_U1114                               | 1    |        | add_ln76_404     | add       | dsp_slice                | 3       |
|    mac_muladd_8s_8s_17s_17_4_1_U1388                               | 1    |        | add_ln76_405     | add       | dsp_slice                | 3       |
|    add_ln76_406_fu_13713_p2                                        |      |        | add_ln76_406     | add       | fabric                   | 0       |
|    mac_muladd_8s_8s_16s_16_4_1_U1387                               | 1    |        | add_ln76_407     | add       | dsp_slice                | 3       |
|    mac_muladd_8s_8s_16s_16_4_1_U1113                               | 1    |        | add_ln76_408     | add       | dsp_slice                | 3       |
|    mac_muladd_8s_8s_16s_17_4_1_U1386                               | 1    |        | add_ln76_409     | add       | dsp_slice                | 3       |
|    add_ln76_410_fu_13729_p2                                        |      |        | add_ln76_410     | add       | fabric                   | 0       |
|    add_ln76_411_fu_13739_p2                                        |      |        | add_ln76_411     | add       | fabric                   | 0       |
|    mac_muladd_8s_8s_16s_16_4_1_U1385                               | 1    |        | add_ln76_412     | add       | dsp_slice                | 3       |
|    mac_muladd_8s_8s_16s_16_4_1_U1112                               | 1    |        | add_ln76_413     | add       | dsp_slice                | 3       |
|    mac_muladd_8s_8s_16s_17_4_1_U1384                               | 1    |        | add_ln76_414     | add       | dsp_slice                | 3       |
|    add_ln76_415_fu_13751_p2                                        |      |        | add_ln76_415     | add       | fabric                   | 0       |
|    mac_muladd_8s_8s_16s_16_4_1_U1111                               | 1    |        | add_ln76_416     | add       | dsp_slice                | 3       |
|    mac_muladd_8s_8s_16s_17_4_1_U1383                               | 1    |        | add_ln76_417     | add       | dsp_slice                | 3       |
|    mac_muladd_8s_8s_16s_16_4_1_U1110                               | 1    |        | add_ln76_418     | add       | dsp_slice                | 3       |
|    mac_muladd_8s_8s_16s_17_4_1_U1382                               | 1    |        | add_ln76_419     | add       | dsp_slice                | 3       |
|    add_ln76_420_fu_13767_p2                                        |      |        | add_ln76_420     | add       | fabric                   | 0       |
|    add_ln76_421_fu_13777_p2                                        |      |        | add_ln76_421     | add       | fabric                   | 0       |
|    add_ln76_422_fu_15961_p2                                        |      |        | add_ln76_422     | add       | fabric                   | 0       |
|    acc_23_fu_15971_p2                                              |      |        | acc_23           | add       | fabric                   | 0       |
|    mac_muladd_8s_8s_16s_17_4_1_U1390                               | 1    |        | mul_ln76_424     | mul       | dsp_slice                | 3       |
|    mac_muladd_8s_8s_16s_17_4_1_U1390                               | 1    |        | sext_ln76_907    | sext      | dsp_slice                | 3       |
|    mac_muladd_8s_8s_16s_16_4_1_U1391                               | 1    |        | mul_ln76_425     | mul       | dsp_slice                | 3       |
|    mul_8s_8s_16_1_1_U951                                           |      |        | mul_ln76_426     | mul       | auto                     | 0       |
|    mac_muladd_8s_8s_16s_16_4_1_U1116                               | 1    |        | mul_ln76_427     | mul       | dsp_slice                | 3       |
|    mul_8s_8s_16_1_1_U788                                           |      |        | mul_ln76_428     | mul       | auto                     | 0       |
|    mac_muladd_8s_8s_16s_17_4_1_U1392                               | 1    |        | mul_ln76_429     | mul       | dsp_slice                | 3       |
|    mac_muladd_8s_8s_16s_17_4_1_U1392                               | 1    |        | sext_ln76_908    | sext      | dsp_slice                | 3       |
|    mac_muladd_8s_8s_16s_16_4_1_U1393                               | 1    |        | mul_ln76_430     | mul       | dsp_slice                | 3       |
|    mul_8s_8s_16_1_1_U952                                           |      |        | mul_ln76_431     | mul       | auto                     | 0       |
|    mac_muladd_8s_8s_16s_16_4_1_U1117                               | 1    |        | mul_ln76_432     | mul       | dsp_slice                | 3       |
|    mul_8s_8s_16_1_1_U789                                           |      |        | mul_ln76_433     | mul       | auto                     | 0       |
|    mac_muladd_8s_8s_16s_17_4_1_U1394                               | 1    |        | mul_ln76_434     | mul       | dsp_slice                | 3       |
|    mac_muladd_8s_8s_16s_17_4_1_U1394                               | 1    |        | sext_ln76_909    | sext      | dsp_slice                | 3       |
|    mac_muladd_8s_8s_16s_16_4_1_U1395                               | 1    |        | mul_ln76_435     | mul       | dsp_slice                | 3       |
|    mul_8s_8s_16_1_1_U953                                           |      |        | mul_ln76_436     | mul       | auto                     | 0       |
|    mac_muladd_8s_8s_16s_17_4_1_U1118                               | 1    |        | mul_ln76_437     | mul       | dsp_slice                | 3       |
|    mac_muladd_8s_8s_16s_17_4_1_U1118                               | 1    |        | sext_ln76_910    | sext      | dsp_slice                | 3       |
|    mul_8s_8s_16_1_1_U790                                           |      |        | mul_ln76_438     | mul       | auto                     | 0       |
|    mac_muladd_8s_8s_17s_17_4_1_U1396                               | 1    |        | mul_ln76_439     | mul       | dsp_slice                | 3       |
|    mac_muladd_8s_8s_17s_17_4_1_U1396                               | 1    |        | sext_ln76_912    | sext      | dsp_slice                | 3       |
|    mac_muladd_8s_8s_15s_16_4_1_U1397                               | 1    |        | mul_ln76_440     | mul       | dsp_slice                | 3       |
|    mac_muladd_8s_8s_16s_16_4_1_U1119                               | 1    |        | mul_ln76_441     | mul       | dsp_slice                | 3       |
|    mul_8s_8s_16_1_1_U791                                           |      |        | mul_ln76_442     | mul       | auto                     | 0       |
|    mac_muladd_8s_8s_16s_17_4_1_U1398                               | 1    |        | mul_ln76_443     | mul       | dsp_slice                | 3       |
|    mac_muladd_8s_8s_16s_17_4_1_U1398                               | 1    |        | sext_ln76_913    | sext      | dsp_slice                | 3       |
|    mac_muladd_8s_8s_16s_16_4_1_U1120                               | 1    |        | mul_ln76_444     | mul       | dsp_slice                | 3       |
|    mul_8s_8s_16_1_1_U792                                           |      |        | mul_ln76_445     | mul       | auto                     | 0       |
|    mac_muladd_8s_8s_16s_17_4_1_U1399                               | 1    |        | mul_ln76_446     | mul       | dsp_slice                | 3       |
|    mac_muladd_8s_8s_16s_17_4_1_U1399                               | 1    |        | sext_ln76_914    | sext      | dsp_slice                | 3       |
|    mac_muladd_8s_8s_16s_16_4_1_U1121                               | 1    |        | mul_ln76_447     | mul       | dsp_slice                | 3       |
|    mul_8s_8s_16_1_1_U793                                           |      |        | mul_ln76_448     | mul       | auto                     | 0       |
|    mac_muladd_8s_8s_16s_17_4_1_U1400                               | 1    |        | mul_ln76_449     | mul       | dsp_slice                | 3       |
|    mac_muladd_8s_8s_16s_17_4_1_U1400                               | 1    |        | sext_ln76_915    | sext      | dsp_slice                | 3       |
|    mac_muladd_8s_8s_16s_16_4_1_U1401                               | 1    |        | mul_ln76_450     | mul       | dsp_slice                | 3       |
|    mul_8s_8s_16_1_1_U954                                           |      |        | mul_ln76_451     | mul       | auto                     | 0       |
|    mac_muladd_8s_8s_16s_16_4_1_U1122                               | 1    |        | mul_ln76_452     | mul       | dsp_slice                | 3       |
|    mul_8s_8s_16_1_1_U794                                           |      |        | mul_ln76_453     | mul       | auto                     | 0       |
|    mac_muladd_8s_8s_16s_17_4_1_U1402                               | 1    |        | mul_ln76_454     | mul       | dsp_slice                | 3       |
|    mac_muladd_8s_8s_16s_17_4_1_U1402                               | 1    |        | sext_ln76_916    | sext      | dsp_slice                | 3       |
|    mac_muladd_8s_8s_16s_16_4_1_U1403                               | 1    |        | mul_ln76_455     | mul       | dsp_slice                | 3       |
|    mul_8s_8s_16_1_1_U955                                           |      |        | mul_ln76_456     | mul       | auto                     | 0       |
|    mac_muladd_8s_8s_16s_17_4_1_U1123                               | 1    |        | mul_ln76_457     | mul       | dsp_slice                | 3       |
|    mac_muladd_8s_8s_16s_17_4_1_U1123                               | 1    |        | sext_ln76_917    | sext      | dsp_slice                | 3       |
|    mul_8s_8s_16_1_1_U795                                           |      |        | mul_ln76_458     | mul       | auto                     | 0       |
|    mac_muladd_8s_8s_17s_17_4_1_U1404                               | 1    |        | mul_ln76_459     | mul       | dsp_slice                | 3       |
|    mac_muladd_8s_8s_17s_17_4_1_U1404                               | 1    |        | sext_ln76_919    | sext      | dsp_slice                | 3       |
|    mac_muladd_8s_8s_16s_16_4_1_U1405                               | 1    |        | mul_ln76_460     | mul       | dsp_slice                | 3       |
|    mul_8s_8s_16_1_1_U956                                           |      |        | mul_ln76_461     | mul       | auto                     | 0       |
|    mac_muladd_8s_8s_16s_16_4_1_U1124                               | 1    |        | mul_ln76_462     | mul       | dsp_slice                | 3       |
|    mul_8s_8s_16_1_1_U796                                           |      |        | mul_ln76_463     | mul       | auto                     | 0       |
|    mac_muladd_8s_8s_15s_16_4_1_U1397                               | 1    |        | add_ln76_424     | add       | dsp_slice                | 3       |
|    mac_muladd_8s_8s_16s_17_4_1_U1118                               | 1    |        | add_ln76_425     | add       | dsp_slice                | 3       |
|    mac_muladd_8s_8s_17s_17_4_1_U1396                               | 1    |        | add_ln76_426     | add       | dsp_slice                | 3       |
|    add_ln76_427_fu_13789_p2                                        |      |        | add_ln76_427     | add       | fabric                   | 0       |
|    mac_muladd_8s_8s_16s_16_4_1_U1395                               | 1    |        | add_ln76_428     | add       | dsp_slice                | 3       |
|    mac_muladd_8s_8s_16s_16_4_1_U1117                               | 1    |        | add_ln76_429     | add       | dsp_slice                | 3       |
|    mac_muladd_8s_8s_16s_17_4_1_U1394                               | 1    |        | add_ln76_430     | add       | dsp_slice                | 3       |
|    add_ln76_431_fu_13805_p2                                        |      |        | add_ln76_431     | add       | fabric                   | 0       |
|    add_ln76_432_fu_13815_p2                                        |      |        | add_ln76_432     | add       | fabric                   | 0       |
|    mac_muladd_8s_8s_16s_16_4_1_U1393                               | 1    |        | add_ln76_433     | add       | dsp_slice                | 3       |
|    mac_muladd_8s_8s_16s_16_4_1_U1116                               | 1    |        | add_ln76_434     | add       | dsp_slice                | 3       |
|    mac_muladd_8s_8s_16s_17_4_1_U1392                               | 1    |        | add_ln76_435     | add       | dsp_slice                | 3       |
|    add_ln76_436_fu_13827_p2                                        |      |        | add_ln76_436     | add       | fabric                   | 0       |
|    mac_muladd_8s_8s_16s_16_4_1_U1391                               | 1    |        | add_ln76_437     | add       | dsp_slice                | 3       |
|    mac_muladd_8s_8s_16s_16_4_1_U1124                               | 1    |        | add_ln76_438     | add       | dsp_slice                | 3       |
|    mac_muladd_8s_8s_16s_17_4_1_U1390                               | 1    |        | add_ln76_439     | add       | dsp_slice                | 3       |
|    add_ln76_440_fu_13843_p2                                        |      |        | add_ln76_440     | add       | fabric                   | 0       |
|    add_ln76_441_fu_13853_p2                                        |      |        | add_ln76_441     | add       | fabric                   | 0       |
|    add_ln76_442_fu_15988_p2                                        |      |        | add_ln76_442     | add       | fabric                   | 0       |
|    mac_muladd_8s_8s_16s_16_4_1_U1405                               | 1    |        | add_ln76_443     | add       | dsp_slice                | 3       |
|    mac_muladd_8s_8s_16s_17_4_1_U1123                               | 1    |        | add_ln76_444     | add       | dsp_slice                | 3       |
|    mac_muladd_8s_8s_17s_17_4_1_U1404                               | 1    |        | add_ln76_445     | add       | dsp_slice                | 3       |
|    add_ln76_446_fu_13865_p2                                        |      |        | add_ln76_446     | add       | fabric                   | 0       |
|    mac_muladd_8s_8s_16s_16_4_1_U1403                               | 1    |        | add_ln76_447     | add       | dsp_slice                | 3       |
|    mac_muladd_8s_8s_16s_16_4_1_U1122                               | 1    |        | add_ln76_448     | add       | dsp_slice                | 3       |
|    mac_muladd_8s_8s_16s_17_4_1_U1402                               | 1    |        | add_ln76_449     | add       | dsp_slice                | 3       |
|    add_ln76_450_fu_13881_p2                                        |      |        | add_ln76_450     | add       | fabric                   | 0       |
|    add_ln76_451_fu_13891_p2                                        |      |        | add_ln76_451     | add       | fabric                   | 0       |
|    mac_muladd_8s_8s_16s_16_4_1_U1401                               | 1    |        | add_ln76_452     | add       | dsp_slice                | 3       |
|    mac_muladd_8s_8s_16s_16_4_1_U1121                               | 1    |        | add_ln76_453     | add       | dsp_slice                | 3       |
|    mac_muladd_8s_8s_16s_17_4_1_U1400                               | 1    |        | add_ln76_454     | add       | dsp_slice                | 3       |
|    add_ln76_455_fu_13903_p2                                        |      |        | add_ln76_455     | add       | fabric                   | 0       |
|    mac_muladd_8s_8s_16s_16_4_1_U1120                               | 1    |        | add_ln76_456     | add       | dsp_slice                | 3       |
|    mac_muladd_8s_8s_16s_17_4_1_U1399                               | 1    |        | add_ln76_457     | add       | dsp_slice                | 3       |
|    mac_muladd_8s_8s_16s_16_4_1_U1119                               | 1    |        | add_ln76_458     | add       | dsp_slice                | 3       |
|    mac_muladd_8s_8s_16s_17_4_1_U1398                               | 1    |        | add_ln76_459     | add       | dsp_slice                | 3       |
|    add_ln76_460_fu_13919_p2                                        |      |        | add_ln76_460     | add       | fabric                   | 0       |
|    add_ln76_461_fu_13929_p2                                        |      |        | add_ln76_461     | add       | fabric                   | 0       |
|    add_ln76_462_fu_16004_p2                                        |      |        | add_ln76_462     | add       | fabric                   | 0       |
|    acc_24_fu_16014_p2                                              |      |        | acc_24           | add       | fabric                   | 0       |
|    mac_muladd_8s_8s_16s_17_4_1_U1406                               | 1    |        | mul_ln76_464     | mul       | dsp_slice                | 3       |
|    mac_muladd_8s_8s_16s_17_4_1_U1406                               | 1    |        | sext_ln76_957    | sext      | dsp_slice                | 3       |
|    mac_muladd_8s_8s_16s_16_4_1_U1407                               | 1    |        | mul_ln76_465     | mul       | dsp_slice                | 3       |
|    mul_8s_8s_16_1_1_U957                                           |      |        | mul_ln76_466     | mul       | auto                     | 0       |
|    mac_muladd_8s_8s_16s_16_4_1_U1125                               | 1    |        | mul_ln76_467     | mul       | dsp_slice                | 3       |
|    mul_8s_8s_16_1_1_U797                                           |      |        | mul_ln76_468     | mul       | auto                     | 0       |
|    mac_muladd_8s_8s_16s_17_4_1_U1408                               | 1    |        | mul_ln76_469     | mul       | dsp_slice                | 3       |
|    mac_muladd_8s_8s_16s_17_4_1_U1408                               | 1    |        | sext_ln76_958    | sext      | dsp_slice                | 3       |
|    mac_muladd_8s_8s_16s_16_4_1_U1409                               | 1    |        | mul_ln76_470     | mul       | dsp_slice                | 3       |
|    mul_8s_8s_16_1_1_U958                                           |      |        | mul_ln76_471     | mul       | auto                     | 0       |
|    mac_muladd_8s_8s_16s_16_4_1_U1126                               | 1    |        | mul_ln76_472     | mul       | dsp_slice                | 3       |
|    mul_8s_8s_16_1_1_U798                                           |      |        | mul_ln76_473     | mul       | auto                     | 0       |
|    mac_muladd_8s_8s_16s_17_4_1_U1410                               | 1    |        | mul_ln76_474     | mul       | dsp_slice                | 3       |
|    mac_muladd_8s_8s_16s_17_4_1_U1410                               | 1    |        | sext_ln76_959    | sext      | dsp_slice                | 3       |
|    mac_muladd_8s_8s_16s_16_4_1_U1411                               | 1    |        | mul_ln76_475     | mul       | dsp_slice                | 3       |
|    mul_8s_8s_16_1_1_U959                                           |      |        | mul_ln76_476     | mul       | auto                     | 0       |
|    mac_muladd_8s_8s_16s_17_4_1_U1127                               | 1    |        | mul_ln76_477     | mul       | dsp_slice                | 3       |
|    mac_muladd_8s_8s_16s_17_4_1_U1127                               | 1    |        | sext_ln76_960    | sext      | dsp_slice                | 3       |
|    mul_8s_8s_16_1_1_U799                                           |      |        | mul_ln76_478     | mul       | auto                     | 0       |
|    mac_muladd_8s_8s_17s_17_4_1_U1412                               | 1    |        | mul_ln76_479     | mul       | dsp_slice                | 3       |
|    mac_muladd_8s_8s_17s_17_4_1_U1412                               | 1    |        | sext_ln76_962    | sext      | dsp_slice                | 3       |
|    mac_muladd_8s_8s_15s_16_4_1_U1413                               | 1    |        | mul_ln76_480     | mul       | dsp_slice                | 3       |
|    mac_muladd_8s_8s_16s_16_4_1_U1128                               | 1    |        | mul_ln76_481     | mul       | dsp_slice                | 3       |
|    mul_8s_8s_16_1_1_U800                                           |      |        | mul_ln76_482     | mul       | auto                     | 0       |
|    mac_muladd_8s_8s_16s_17_4_1_U1414                               | 1    |        | mul_ln76_483     | mul       | dsp_slice                | 3       |
|    mac_muladd_8s_8s_16s_17_4_1_U1414                               | 1    |        | sext_ln76_963    | sext      | dsp_slice                | 3       |
|    mac_muladd_8s_8s_16s_16_4_1_U1129                               | 1    |        | mul_ln76_484     | mul       | dsp_slice                | 3       |
|    mul_8s_8s_16_1_1_U801                                           |      |        | mul_ln76_485     | mul       | auto                     | 0       |
|    mac_muladd_8s_8s_16s_17_4_1_U1415                               | 1    |        | mul_ln76_486     | mul       | dsp_slice                | 3       |
|    mac_muladd_8s_8s_16s_17_4_1_U1415                               | 1    |        | sext_ln76_964    | sext      | dsp_slice                | 3       |
|    mac_muladd_8s_8s_16s_16_4_1_U1130                               | 1    |        | mul_ln76_487     | mul       | dsp_slice                | 3       |
|    mul_8s_8s_16_1_1_U802                                           |      |        | mul_ln76_488     | mul       | auto                     | 0       |
|    mac_muladd_8s_8s_16s_17_4_1_U1416                               | 1    |        | mul_ln76_489     | mul       | dsp_slice                | 3       |
|    mac_muladd_8s_8s_16s_17_4_1_U1416                               | 1    |        | sext_ln76_965    | sext      | dsp_slice                | 3       |
|    mac_muladd_8s_8s_16s_16_4_1_U1417                               | 1    |        | mul_ln76_490     | mul       | dsp_slice                | 3       |
|    mul_8s_8s_16_1_1_U960                                           |      |        | mul_ln76_491     | mul       | auto                     | 0       |
|    mac_muladd_8s_8s_16s_16_4_1_U1131                               | 1    |        | mul_ln76_492     | mul       | dsp_slice                | 3       |
|    mul_8s_8s_16_1_1_U803                                           |      |        | mul_ln76_493     | mul       | auto                     | 0       |
|    mac_muladd_8s_8s_16s_17_4_1_U1418                               | 1    |        | mul_ln76_494     | mul       | dsp_slice                | 3       |
|    mac_muladd_8s_8s_16s_17_4_1_U1418                               | 1    |        | sext_ln76_966    | sext      | dsp_slice                | 3       |
|    mac_muladd_8s_8s_16s_16_4_1_U1419                               | 1    |        | mul_ln76_495     | mul       | dsp_slice                | 3       |
|    mul_8s_8s_16_1_1_U961                                           |      |        | mul_ln76_496     | mul       | auto                     | 0       |
|    mac_muladd_8s_8s_16s_17_4_1_U1132                               | 1    |        | mul_ln76_497     | mul       | dsp_slice                | 3       |
|    mac_muladd_8s_8s_16s_17_4_1_U1132                               | 1    |        | sext_ln76_967    | sext      | dsp_slice                | 3       |
|    mul_8s_8s_16_1_1_U804                                           |      |        | mul_ln76_498     | mul       | auto                     | 0       |
|    mac_muladd_8s_8s_17s_17_4_1_U1420                               | 1    |        | mul_ln76_499     | mul       | dsp_slice                | 3       |
|    mac_muladd_8s_8s_17s_17_4_1_U1420                               | 1    |        | sext_ln76_969    | sext      | dsp_slice                | 3       |
|    mac_muladd_8s_8s_16s_16_4_1_U1421                               | 1    |        | mul_ln76_500     | mul       | dsp_slice                | 3       |
|    mul_8s_8s_16_1_1_U962                                           |      |        | mul_ln76_501     | mul       | auto                     | 0       |
|    mac_muladd_8s_8s_16s_16_4_1_U1133                               | 1    |        | mul_ln76_502     | mul       | dsp_slice                | 3       |
|    mul_8s_8s_16_1_1_U805                                           |      |        | mul_ln76_503     | mul       | auto                     | 0       |
|    mac_muladd_8s_8s_15s_16_4_1_U1413                               | 1    |        | add_ln76_464     | add       | dsp_slice                | 3       |
|    mac_muladd_8s_8s_16s_17_4_1_U1127                               | 1    |        | add_ln76_465     | add       | dsp_slice                | 3       |
|    mac_muladd_8s_8s_17s_17_4_1_U1412                               | 1    |        | add_ln76_466     | add       | dsp_slice                | 3       |
|    add_ln76_467_fu_13941_p2                                        |      |        | add_ln76_467     | add       | fabric                   | 0       |
|    mac_muladd_8s_8s_16s_16_4_1_U1411                               | 1    |        | add_ln76_468     | add       | dsp_slice                | 3       |
|    mac_muladd_8s_8s_16s_16_4_1_U1126                               | 1    |        | add_ln76_469     | add       | dsp_slice                | 3       |
|    mac_muladd_8s_8s_16s_17_4_1_U1410                               | 1    |        | add_ln76_470     | add       | dsp_slice                | 3       |
|    add_ln76_471_fu_13957_p2                                        |      |        | add_ln76_471     | add       | fabric                   | 0       |
|    add_ln76_472_fu_13967_p2                                        |      |        | add_ln76_472     | add       | fabric                   | 0       |
|    mac_muladd_8s_8s_16s_16_4_1_U1409                               | 1    |        | add_ln76_473     | add       | dsp_slice                | 3       |
|    mac_muladd_8s_8s_16s_16_4_1_U1125                               | 1    |        | add_ln76_474     | add       | dsp_slice                | 3       |
|    mac_muladd_8s_8s_16s_17_4_1_U1408                               | 1    |        | add_ln76_475     | add       | dsp_slice                | 3       |
|    add_ln76_476_fu_13979_p2                                        |      |        | add_ln76_476     | add       | fabric                   | 0       |
|    mac_muladd_8s_8s_16s_16_4_1_U1407                               | 1    |        | add_ln76_477     | add       | dsp_slice                | 3       |
|    mac_muladd_8s_8s_16s_16_4_1_U1133                               | 1    |        | add_ln76_478     | add       | dsp_slice                | 3       |
|    mac_muladd_8s_8s_16s_17_4_1_U1406                               | 1    |        | add_ln76_479     | add       | dsp_slice                | 3       |
|    add_ln76_480_fu_13995_p2                                        |      |        | add_ln76_480     | add       | fabric                   | 0       |
|    add_ln76_481_fu_14005_p2                                        |      |        | add_ln76_481     | add       | fabric                   | 0       |
|    add_ln76_482_fu_16031_p2                                        |      |        | add_ln76_482     | add       | fabric                   | 0       |
|    mac_muladd_8s_8s_16s_16_4_1_U1421                               | 1    |        | add_ln76_483     | add       | dsp_slice                | 3       |
|    mac_muladd_8s_8s_16s_17_4_1_U1132                               | 1    |        | add_ln76_484     | add       | dsp_slice                | 3       |
|    mac_muladd_8s_8s_17s_17_4_1_U1420                               | 1    |        | add_ln76_485     | add       | dsp_slice                | 3       |
|    add_ln76_486_fu_14017_p2                                        |      |        | add_ln76_486     | add       | fabric                   | 0       |
|    mac_muladd_8s_8s_16s_16_4_1_U1419                               | 1    |        | add_ln76_487     | add       | dsp_slice                | 3       |
|    mac_muladd_8s_8s_16s_16_4_1_U1131                               | 1    |        | add_ln76_488     | add       | dsp_slice                | 3       |
|    mac_muladd_8s_8s_16s_17_4_1_U1418                               | 1    |        | add_ln76_489     | add       | dsp_slice                | 3       |
|    add_ln76_490_fu_14033_p2                                        |      |        | add_ln76_490     | add       | fabric                   | 0       |
|    add_ln76_491_fu_14043_p2                                        |      |        | add_ln76_491     | add       | fabric                   | 0       |
|    mac_muladd_8s_8s_16s_16_4_1_U1417                               | 1    |        | add_ln76_492     | add       | dsp_slice                | 3       |
|    mac_muladd_8s_8s_16s_16_4_1_U1130                               | 1    |        | add_ln76_493     | add       | dsp_slice                | 3       |
|    mac_muladd_8s_8s_16s_17_4_1_U1416                               | 1    |        | add_ln76_494     | add       | dsp_slice                | 3       |
|    add_ln76_495_fu_14055_p2                                        |      |        | add_ln76_495     | add       | fabric                   | 0       |
|    mac_muladd_8s_8s_16s_16_4_1_U1129                               | 1    |        | add_ln76_496     | add       | dsp_slice                | 3       |
|    mac_muladd_8s_8s_16s_17_4_1_U1415                               | 1    |        | add_ln76_497     | add       | dsp_slice                | 3       |
|    mac_muladd_8s_8s_16s_16_4_1_U1128                               | 1    |        | add_ln76_498     | add       | dsp_slice                | 3       |
|    mac_muladd_8s_8s_16s_17_4_1_U1414                               | 1    |        | add_ln76_499     | add       | dsp_slice                | 3       |
|    add_ln76_500_fu_14071_p2                                        |      |        | add_ln76_500     | add       | fabric                   | 0       |
|    add_ln76_501_fu_14081_p2                                        |      |        | add_ln76_501     | add       | fabric                   | 0       |
|    add_ln76_502_fu_16047_p2                                        |      |        | add_ln76_502     | add       | fabric                   | 0       |
|    acc_25_fu_16057_p2                                              |      |        | acc_25           | add       | fabric                   | 0       |
|    mac_muladd_8s_8s_16s_17_4_1_U1422                               | 1    |        | mul_ln76_504     | mul       | dsp_slice                | 3       |
|    mac_muladd_8s_8s_16s_17_4_1_U1422                               | 1    |        | sext_ln76_1007   | sext      | dsp_slice                | 3       |
|    mac_muladd_8s_8s_16s_16_4_1_U1423                               | 1    |        | mul_ln76_505     | mul       | dsp_slice                | 3       |
|    mul_8s_8s_16_1_1_U963                                           |      |        | mul_ln76_506     | mul       | auto                     | 0       |
|    mac_muladd_8s_8s_16s_16_4_1_U1134                               | 1    |        | mul_ln76_507     | mul       | dsp_slice                | 3       |
|    mul_8s_8s_16_1_1_U806                                           |      |        | mul_ln76_508     | mul       | auto                     | 0       |
|    mac_muladd_8s_8s_16s_17_4_1_U1424                               | 1    |        | mul_ln76_509     | mul       | dsp_slice                | 3       |
|    mac_muladd_8s_8s_16s_17_4_1_U1424                               | 1    |        | sext_ln76_1008   | sext      | dsp_slice                | 3       |
|    mac_muladd_8s_8s_16s_16_4_1_U1425                               | 1    |        | mul_ln76_510     | mul       | dsp_slice                | 3       |
|    mul_8s_8s_16_1_1_U964                                           |      |        | mul_ln76_511     | mul       | auto                     | 0       |
|    mac_muladd_8s_8s_16s_16_4_1_U1135                               | 1    |        | mul_ln76_512     | mul       | dsp_slice                | 3       |
|    mul_8s_8s_16_1_1_U807                                           |      |        | mul_ln76_513     | mul       | auto                     | 0       |
|    mac_muladd_8s_8s_16s_17_4_1_U1426                               | 1    |        | mul_ln76_514     | mul       | dsp_slice                | 3       |
|    mac_muladd_8s_8s_16s_17_4_1_U1426                               | 1    |        | sext_ln76_1009   | sext      | dsp_slice                | 3       |
|    mac_muladd_8s_8s_16s_16_4_1_U1427                               | 1    |        | mul_ln76_515     | mul       | dsp_slice                | 3       |
|    mul_8s_8s_16_1_1_U965                                           |      |        | mul_ln76_516     | mul       | auto                     | 0       |
|    mac_muladd_8s_8s_16s_17_4_1_U1136                               | 1    |        | mul_ln76_517     | mul       | dsp_slice                | 3       |
|    mac_muladd_8s_8s_16s_17_4_1_U1136                               | 1    |        | sext_ln76_1010   | sext      | dsp_slice                | 3       |
|    mul_8s_8s_16_1_1_U808                                           |      |        | mul_ln76_518     | mul       | auto                     | 0       |
|    mac_muladd_8s_8s_17s_17_4_1_U1428                               | 1    |        | mul_ln76_519     | mul       | dsp_slice                | 3       |
|    mac_muladd_8s_8s_17s_17_4_1_U1428                               | 1    |        | sext_ln76_1012   | sext      | dsp_slice                | 3       |
|    mac_muladd_8s_8s_15s_16_4_1_U1429                               | 1    |        | mul_ln76_520     | mul       | dsp_slice                | 3       |
|    mac_muladd_8s_8s_16s_16_4_1_U1137                               | 1    |        | mul_ln76_521     | mul       | dsp_slice                | 3       |
|    mul_8s_8s_16_1_1_U809                                           |      |        | mul_ln76_522     | mul       | auto                     | 0       |
|    mac_muladd_8s_8s_16s_17_4_1_U1430                               | 1    |        | mul_ln76_523     | mul       | dsp_slice                | 3       |
|    mac_muladd_8s_8s_16s_17_4_1_U1430                               | 1    |        | sext_ln76_1013   | sext      | dsp_slice                | 3       |
|    mac_muladd_8s_8s_16s_16_4_1_U1138                               | 1    |        | mul_ln76_524     | mul       | dsp_slice                | 3       |
|    mul_8s_8s_16_1_1_U810                                           |      |        | mul_ln76_525     | mul       | auto                     | 0       |
|    mac_muladd_8s_8s_16s_17_4_1_U1431                               | 1    |        | mul_ln76_526     | mul       | dsp_slice                | 3       |
|    mac_muladd_8s_8s_16s_17_4_1_U1431                               | 1    |        | sext_ln76_1014   | sext      | dsp_slice                | 3       |
|    mac_muladd_8s_8s_16s_16_4_1_U1139                               | 1    |        | mul_ln76_527     | mul       | dsp_slice                | 3       |
|    mul_8s_8s_16_1_1_U811                                           |      |        | mul_ln76_528     | mul       | auto                     | 0       |
|    mac_muladd_8s_8s_16s_17_4_1_U1432                               | 1    |        | mul_ln76_529     | mul       | dsp_slice                | 3       |
|    mac_muladd_8s_8s_16s_17_4_1_U1432                               | 1    |        | sext_ln76_1015   | sext      | dsp_slice                | 3       |
|    mac_muladd_8s_8s_16s_16_4_1_U1433                               | 1    |        | mul_ln76_530     | mul       | dsp_slice                | 3       |
|    mul_8s_8s_16_1_1_U966                                           |      |        | mul_ln76_531     | mul       | auto                     | 0       |
|    mac_muladd_8s_8s_16s_16_4_1_U1140                               | 1    |        | mul_ln76_532     | mul       | dsp_slice                | 3       |
|    mul_8s_8s_16_1_1_U812                                           |      |        | mul_ln76_533     | mul       | auto                     | 0       |
|    mac_muladd_8s_8s_16s_17_4_1_U1434                               | 1    |        | mul_ln76_534     | mul       | dsp_slice                | 3       |
|    mac_muladd_8s_8s_16s_17_4_1_U1434                               | 1    |        | sext_ln76_1016   | sext      | dsp_slice                | 3       |
|    mac_muladd_8s_8s_16s_16_4_1_U1435                               | 1    |        | mul_ln76_535     | mul       | dsp_slice                | 3       |
|    mul_8s_8s_16_1_1_U967                                           |      |        | mul_ln76_536     | mul       | auto                     | 0       |
|    mac_muladd_8s_8s_16s_17_4_1_U1141                               | 1    |        | mul_ln76_537     | mul       | dsp_slice                | 3       |
|    mac_muladd_8s_8s_16s_17_4_1_U1141                               | 1    |        | sext_ln76_1017   | sext      | dsp_slice                | 3       |
|    mul_8s_8s_16_1_1_U813                                           |      |        | mul_ln76_538     | mul       | auto                     | 0       |
|    mac_muladd_8s_8s_17s_17_4_1_U1436                               | 1    |        | mul_ln76_539     | mul       | dsp_slice                | 3       |
|    mac_muladd_8s_8s_17s_17_4_1_U1436                               | 1    |        | sext_ln76_1019   | sext      | dsp_slice                | 3       |
|    mac_muladd_8s_8s_16s_16_4_1_U1437                               | 1    |        | mul_ln76_540     | mul       | dsp_slice                | 3       |
|    mul_8s_8s_16_1_1_U968                                           |      |        | mul_ln76_541     | mul       | auto                     | 0       |
|    mac_muladd_8s_8s_16s_16_4_1_U1142                               | 1    |        | mul_ln76_542     | mul       | dsp_slice                | 3       |
|    mul_8s_8s_16_1_1_U814                                           |      |        | mul_ln76_543     | mul       | auto                     | 0       |
|    mac_muladd_8s_8s_15s_16_4_1_U1429                               | 1    |        | add_ln76_504     | add       | dsp_slice                | 3       |
|    mac_muladd_8s_8s_16s_17_4_1_U1136                               | 1    |        | add_ln76_505     | add       | dsp_slice                | 3       |
|    mac_muladd_8s_8s_17s_17_4_1_U1428                               | 1    |        | add_ln76_506     | add       | dsp_slice                | 3       |
|    add_ln76_507_fu_14093_p2                                        |      |        | add_ln76_507     | add       | fabric                   | 0       |
|    mac_muladd_8s_8s_16s_16_4_1_U1427                               | 1    |        | add_ln76_508     | add       | dsp_slice                | 3       |
|    mac_muladd_8s_8s_16s_16_4_1_U1135                               | 1    |        | add_ln76_509     | add       | dsp_slice                | 3       |
|    mac_muladd_8s_8s_16s_17_4_1_U1426                               | 1    |        | add_ln76_510     | add       | dsp_slice                | 3       |
|    add_ln76_511_fu_14109_p2                                        |      |        | add_ln76_511     | add       | fabric                   | 0       |
|    add_ln76_512_fu_14119_p2                                        |      |        | add_ln76_512     | add       | fabric                   | 0       |
|    mac_muladd_8s_8s_16s_16_4_1_U1425                               | 1    |        | add_ln76_513     | add       | dsp_slice                | 3       |
|    mac_muladd_8s_8s_16s_16_4_1_U1134                               | 1    |        | add_ln76_514     | add       | dsp_slice                | 3       |
|    mac_muladd_8s_8s_16s_17_4_1_U1424                               | 1    |        | add_ln76_515     | add       | dsp_slice                | 3       |
|    add_ln76_516_fu_14131_p2                                        |      |        | add_ln76_516     | add       | fabric                   | 0       |
|    mac_muladd_8s_8s_16s_16_4_1_U1423                               | 1    |        | add_ln76_517     | add       | dsp_slice                | 3       |
|    mac_muladd_8s_8s_16s_16_4_1_U1142                               | 1    |        | add_ln76_518     | add       | dsp_slice                | 3       |
|    mac_muladd_8s_8s_16s_17_4_1_U1422                               | 1    |        | add_ln76_519     | add       | dsp_slice                | 3       |
|    add_ln76_520_fu_14147_p2                                        |      |        | add_ln76_520     | add       | fabric                   | 0       |
|    add_ln76_521_fu_14157_p2                                        |      |        | add_ln76_521     | add       | fabric                   | 0       |
|    add_ln76_522_fu_16074_p2                                        |      |        | add_ln76_522     | add       | fabric                   | 0       |
|    mac_muladd_8s_8s_16s_16_4_1_U1437                               | 1    |        | add_ln76_523     | add       | dsp_slice                | 3       |
|    mac_muladd_8s_8s_16s_17_4_1_U1141                               | 1    |        | add_ln76_524     | add       | dsp_slice                | 3       |
|    mac_muladd_8s_8s_17s_17_4_1_U1436                               | 1    |        | add_ln76_525     | add       | dsp_slice                | 3       |
|    add_ln76_526_fu_14169_p2                                        |      |        | add_ln76_526     | add       | fabric                   | 0       |
|    mac_muladd_8s_8s_16s_16_4_1_U1435                               | 1    |        | add_ln76_527     | add       | dsp_slice                | 3       |
|    mac_muladd_8s_8s_16s_16_4_1_U1140                               | 1    |        | add_ln76_528     | add       | dsp_slice                | 3       |
|    mac_muladd_8s_8s_16s_17_4_1_U1434                               | 1    |        | add_ln76_529     | add       | dsp_slice                | 3       |
|    add_ln76_530_fu_14185_p2                                        |      |        | add_ln76_530     | add       | fabric                   | 0       |
|    add_ln76_531_fu_14195_p2                                        |      |        | add_ln76_531     | add       | fabric                   | 0       |
|    mac_muladd_8s_8s_16s_16_4_1_U1433                               | 1    |        | add_ln76_532     | add       | dsp_slice                | 3       |
|    mac_muladd_8s_8s_16s_16_4_1_U1139                               | 1    |        | add_ln76_533     | add       | dsp_slice                | 3       |
|    mac_muladd_8s_8s_16s_17_4_1_U1432                               | 1    |        | add_ln76_534     | add       | dsp_slice                | 3       |
|    add_ln76_535_fu_14207_p2                                        |      |        | add_ln76_535     | add       | fabric                   | 0       |
|    mac_muladd_8s_8s_16s_16_4_1_U1138                               | 1    |        | add_ln76_536     | add       | dsp_slice                | 3       |
|    mac_muladd_8s_8s_16s_17_4_1_U1431                               | 1    |        | add_ln76_537     | add       | dsp_slice                | 3       |
|    mac_muladd_8s_8s_16s_16_4_1_U1137                               | 1    |        | add_ln76_538     | add       | dsp_slice                | 3       |
|    mac_muladd_8s_8s_16s_17_4_1_U1430                               | 1    |        | add_ln76_539     | add       | dsp_slice                | 3       |
|    add_ln76_540_fu_14223_p2                                        |      |        | add_ln76_540     | add       | fabric                   | 0       |
|    add_ln76_541_fu_14233_p2                                        |      |        | add_ln76_541     | add       | fabric                   | 0       |
|    add_ln76_542_fu_16090_p2                                        |      |        | add_ln76_542     | add       | fabric                   | 0       |
|    acc_26_fu_16100_p2                                              |      |        | acc_26           | add       | fabric                   | 0       |
|    mac_muladd_8s_8s_16s_17_4_1_U1438                               | 1    |        | mul_ln76_544     | mul       | dsp_slice                | 3       |
|    mac_muladd_8s_8s_16s_17_4_1_U1438                               | 1    |        | sext_ln76_1057   | sext      | dsp_slice                | 3       |
|    mac_muladd_8s_8s_16s_16_4_1_U1439                               | 1    |        | mul_ln76_545     | mul       | dsp_slice                | 3       |
|    mul_8s_8s_16_1_1_U969                                           |      |        | mul_ln76_546     | mul       | auto                     | 0       |
|    mac_muladd_8s_8s_16s_16_4_1_U1143                               | 1    |        | mul_ln76_547     | mul       | dsp_slice                | 3       |
|    mul_8s_8s_16_1_1_U815                                           |      |        | mul_ln76_548     | mul       | auto                     | 0       |
|    mac_muladd_8s_8s_16s_17_4_1_U1440                               | 1    |        | mul_ln76_549     | mul       | dsp_slice                | 3       |
|    mac_muladd_8s_8s_16s_17_4_1_U1440                               | 1    |        | sext_ln76_1058   | sext      | dsp_slice                | 3       |
|    mac_muladd_8s_8s_16s_16_4_1_U1441                               | 1    |        | mul_ln76_550     | mul       | dsp_slice                | 3       |
|    mul_8s_8s_16_1_1_U970                                           |      |        | mul_ln76_551     | mul       | auto                     | 0       |
|    mac_muladd_8s_8s_16s_16_4_1_U1144                               | 1    |        | mul_ln76_552     | mul       | dsp_slice                | 3       |
|    mul_8s_8s_16_1_1_U816                                           |      |        | mul_ln76_553     | mul       | auto                     | 0       |
|    mac_muladd_8s_8s_16s_17_4_1_U1442                               | 1    |        | mul_ln76_554     | mul       | dsp_slice                | 3       |
|    mac_muladd_8s_8s_16s_17_4_1_U1442                               | 1    |        | sext_ln76_1059   | sext      | dsp_slice                | 3       |
|    mac_muladd_8s_8s_16s_16_4_1_U1443                               | 1    |        | mul_ln76_555     | mul       | dsp_slice                | 3       |
|    mul_8s_8s_16_1_1_U971                                           |      |        | mul_ln76_556     | mul       | auto                     | 0       |
|    mac_muladd_8s_8s_16s_17_4_1_U1145                               | 1    |        | mul_ln76_557     | mul       | dsp_slice                | 3       |
|    mac_muladd_8s_8s_16s_17_4_1_U1145                               | 1    |        | sext_ln76_1060   | sext      | dsp_slice                | 3       |
|    mul_8s_8s_16_1_1_U817                                           |      |        | mul_ln76_558     | mul       | auto                     | 0       |
|    mac_muladd_8s_8s_17s_17_4_1_U1444                               | 1    |        | mul_ln76_559     | mul       | dsp_slice                | 3       |
|    mac_muladd_8s_8s_17s_17_4_1_U1444                               | 1    |        | sext_ln76_1062   | sext      | dsp_slice                | 3       |
|    mac_muladd_8s_8s_15s_16_4_1_U1445                               | 1    |        | mul_ln76_560     | mul       | dsp_slice                | 3       |
|    mac_muladd_8s_8s_16s_16_4_1_U1146                               | 1    |        | mul_ln76_561     | mul       | dsp_slice                | 3       |
|    mul_8s_8s_16_1_1_U818                                           |      |        | mul_ln76_562     | mul       | auto                     | 0       |
|    mac_muladd_8s_8s_16s_17_4_1_U1446                               | 1    |        | mul_ln76_563     | mul       | dsp_slice                | 3       |
|    mac_muladd_8s_8s_16s_17_4_1_U1446                               | 1    |        | sext_ln76_1063   | sext      | dsp_slice                | 3       |
|    mac_muladd_8s_8s_16s_16_4_1_U1147                               | 1    |        | mul_ln76_564     | mul       | dsp_slice                | 3       |
|    mul_8s_8s_16_1_1_U819                                           |      |        | mul_ln76_565     | mul       | auto                     | 0       |
|    mac_muladd_8s_8s_16s_17_4_1_U1447                               | 1    |        | mul_ln76_566     | mul       | dsp_slice                | 3       |
|    mac_muladd_8s_8s_16s_17_4_1_U1447                               | 1    |        | sext_ln76_1064   | sext      | dsp_slice                | 3       |
|    mac_muladd_8s_8s_16s_16_4_1_U1148                               | 1    |        | mul_ln76_567     | mul       | dsp_slice                | 3       |
|    mul_8s_8s_16_1_1_U820                                           |      |        | mul_ln76_568     | mul       | auto                     | 0       |
|    mac_muladd_8s_8s_16s_17_4_1_U1448                               | 1    |        | mul_ln76_569     | mul       | dsp_slice                | 3       |
|    mac_muladd_8s_8s_16s_17_4_1_U1448                               | 1    |        | sext_ln76_1065   | sext      | dsp_slice                | 3       |
|    mac_muladd_8s_8s_16s_16_4_1_U1449                               | 1    |        | mul_ln76_570     | mul       | dsp_slice                | 3       |
|    mul_8s_8s_16_1_1_U972                                           |      |        | mul_ln76_571     | mul       | auto                     | 0       |
|    mac_muladd_8s_8s_16s_16_4_1_U1149                               | 1    |        | mul_ln76_572     | mul       | dsp_slice                | 3       |
|    mul_8s_8s_16_1_1_U821                                           |      |        | mul_ln76_573     | mul       | auto                     | 0       |
|    mac_muladd_8s_8s_16s_17_4_1_U1450                               | 1    |        | mul_ln76_574     | mul       | dsp_slice                | 3       |
|    mac_muladd_8s_8s_16s_17_4_1_U1450                               | 1    |        | sext_ln76_1066   | sext      | dsp_slice                | 3       |
|    mac_muladd_8s_8s_16s_16_4_1_U1451                               | 1    |        | mul_ln76_575     | mul       | dsp_slice                | 3       |
|    mul_8s_8s_16_1_1_U973                                           |      |        | mul_ln76_576     | mul       | auto                     | 0       |
|    mac_muladd_8s_8s_16s_17_4_1_U1150                               | 1    |        | mul_ln76_577     | mul       | dsp_slice                | 3       |
|    mac_muladd_8s_8s_16s_17_4_1_U1150                               | 1    |        | sext_ln76_1067   | sext      | dsp_slice                | 3       |
|    mul_8s_8s_16_1_1_U822                                           |      |        | mul_ln76_578     | mul       | auto                     | 0       |
|    mac_muladd_8s_8s_17s_17_4_1_U1452                               | 1    |        | mul_ln76_579     | mul       | dsp_slice                | 3       |
|    mac_muladd_8s_8s_17s_17_4_1_U1452                               | 1    |        | sext_ln76_1069   | sext      | dsp_slice                | 3       |
|    mac_muladd_8s_8s_16s_16_4_1_U1453                               | 1    |        | mul_ln76_580     | mul       | dsp_slice                | 3       |
|    mul_8s_8s_16_1_1_U974                                           |      |        | mul_ln76_581     | mul       | auto                     | 0       |
|    mac_muladd_8s_8s_16s_16_4_1_U1151                               | 1    |        | mul_ln76_582     | mul       | dsp_slice                | 3       |
|    mul_8s_8s_16_1_1_U823                                           |      |        | mul_ln76_583     | mul       | auto                     | 0       |
|    mac_muladd_8s_8s_15s_16_4_1_U1445                               | 1    |        | add_ln76_544     | add       | dsp_slice                | 3       |
|    mac_muladd_8s_8s_16s_17_4_1_U1145                               | 1    |        | add_ln76_545     | add       | dsp_slice                | 3       |
|    mac_muladd_8s_8s_17s_17_4_1_U1444                               | 1    |        | add_ln76_546     | add       | dsp_slice                | 3       |
|    add_ln76_547_fu_14245_p2                                        |      |        | add_ln76_547     | add       | fabric                   | 0       |
|    mac_muladd_8s_8s_16s_16_4_1_U1443                               | 1    |        | add_ln76_548     | add       | dsp_slice                | 3       |
|    mac_muladd_8s_8s_16s_16_4_1_U1144                               | 1    |        | add_ln76_549     | add       | dsp_slice                | 3       |
|    mac_muladd_8s_8s_16s_17_4_1_U1442                               | 1    |        | add_ln76_550     | add       | dsp_slice                | 3       |
|    add_ln76_551_fu_14261_p2                                        |      |        | add_ln76_551     | add       | fabric                   | 0       |
|    add_ln76_552_fu_14271_p2                                        |      |        | add_ln76_552     | add       | fabric                   | 0       |
|    mac_muladd_8s_8s_16s_16_4_1_U1441                               | 1    |        | add_ln76_553     | add       | dsp_slice                | 3       |
|    mac_muladd_8s_8s_16s_16_4_1_U1143                               | 1    |        | add_ln76_554     | add       | dsp_slice                | 3       |
|    mac_muladd_8s_8s_16s_17_4_1_U1440                               | 1    |        | add_ln76_555     | add       | dsp_slice                | 3       |
|    add_ln76_556_fu_14283_p2                                        |      |        | add_ln76_556     | add       | fabric                   | 0       |
|    mac_muladd_8s_8s_16s_16_4_1_U1439                               | 1    |        | add_ln76_557     | add       | dsp_slice                | 3       |
|    mac_muladd_8s_8s_16s_16_4_1_U1151                               | 1    |        | add_ln76_558     | add       | dsp_slice                | 3       |
|    mac_muladd_8s_8s_16s_17_4_1_U1438                               | 1    |        | add_ln76_559     | add       | dsp_slice                | 3       |
|    add_ln76_560_fu_14299_p2                                        |      |        | add_ln76_560     | add       | fabric                   | 0       |
|    add_ln76_561_fu_14309_p2                                        |      |        | add_ln76_561     | add       | fabric                   | 0       |
|    add_ln76_562_fu_16117_p2                                        |      |        | add_ln76_562     | add       | fabric                   | 0       |
|    mac_muladd_8s_8s_16s_16_4_1_U1453                               | 1    |        | add_ln76_563     | add       | dsp_slice                | 3       |
|    mac_muladd_8s_8s_16s_17_4_1_U1150                               | 1    |        | add_ln76_564     | add       | dsp_slice                | 3       |
|    mac_muladd_8s_8s_17s_17_4_1_U1452                               | 1    |        | add_ln76_565     | add       | dsp_slice                | 3       |
|    add_ln76_566_fu_14321_p2                                        |      |        | add_ln76_566     | add       | fabric                   | 0       |
|    mac_muladd_8s_8s_16s_16_4_1_U1451                               | 1    |        | add_ln76_567     | add       | dsp_slice                | 3       |
|    mac_muladd_8s_8s_16s_16_4_1_U1149                               | 1    |        | add_ln76_568     | add       | dsp_slice                | 3       |
|    mac_muladd_8s_8s_16s_17_4_1_U1450                               | 1    |        | add_ln76_569     | add       | dsp_slice                | 3       |
|    add_ln76_570_fu_14337_p2                                        |      |        | add_ln76_570     | add       | fabric                   | 0       |
|    add_ln76_571_fu_14347_p2                                        |      |        | add_ln76_571     | add       | fabric                   | 0       |
|    mac_muladd_8s_8s_16s_16_4_1_U1449                               | 1    |        | add_ln76_572     | add       | dsp_slice                | 3       |
|    mac_muladd_8s_8s_16s_16_4_1_U1148                               | 1    |        | add_ln76_573     | add       | dsp_slice                | 3       |
|    mac_muladd_8s_8s_16s_17_4_1_U1448                               | 1    |        | add_ln76_574     | add       | dsp_slice                | 3       |
|    add_ln76_575_fu_14359_p2                                        |      |        | add_ln76_575     | add       | fabric                   | 0       |
|    mac_muladd_8s_8s_16s_16_4_1_U1147                               | 1    |        | add_ln76_576     | add       | dsp_slice                | 3       |
|    mac_muladd_8s_8s_16s_17_4_1_U1447                               | 1    |        | add_ln76_577     | add       | dsp_slice                | 3       |
|    mac_muladd_8s_8s_16s_16_4_1_U1146                               | 1    |        | add_ln76_578     | add       | dsp_slice                | 3       |
|    mac_muladd_8s_8s_16s_17_4_1_U1446                               | 1    |        | add_ln76_579     | add       | dsp_slice                | 3       |
|    add_ln76_580_fu_14375_p2                                        |      |        | add_ln76_580     | add       | fabric                   | 0       |
|    add_ln76_581_fu_14385_p2                                        |      |        | add_ln76_581     | add       | fabric                   | 0       |
|    add_ln76_582_fu_16133_p2                                        |      |        | add_ln76_582     | add       | fabric                   | 0       |
|    acc_27_fu_16143_p2                                              |      |        | acc_27           | add       | fabric                   | 0       |
|    mac_muladd_8s_8s_16s_17_4_1_U1454                               | 1    |        | mul_ln76_584     | mul       | dsp_slice                | 3       |
|    mac_muladd_8s_8s_16s_17_4_1_U1454                               | 1    |        | sext_ln76_1107   | sext      | dsp_slice                | 3       |
|    mac_muladd_8s_8s_16s_16_4_1_U1455                               | 1    |        | mul_ln76_585     | mul       | dsp_slice                | 3       |
|    mul_8s_8s_16_1_1_U975                                           |      |        | mul_ln76_586     | mul       | auto                     | 0       |
|    mac_muladd_8s_8s_16s_16_4_1_U1152                               | 1    |        | mul_ln76_587     | mul       | dsp_slice                | 3       |
|    mul_8s_8s_16_1_1_U824                                           |      |        | mul_ln76_588     | mul       | auto                     | 0       |
|    mac_muladd_8s_8s_16s_17_4_1_U1456                               | 1    |        | mul_ln76_589     | mul       | dsp_slice                | 3       |
|    mac_muladd_8s_8s_16s_17_4_1_U1456                               | 1    |        | sext_ln76_1108   | sext      | dsp_slice                | 3       |
|    mac_muladd_8s_8s_16s_16_4_1_U1457                               | 1    |        | mul_ln76_590     | mul       | dsp_slice                | 3       |
|    mul_8s_8s_16_1_1_U976                                           |      |        | mul_ln76_591     | mul       | auto                     | 0       |
|    mac_muladd_8s_8s_16s_16_4_1_U1153                               | 1    |        | mul_ln76_592     | mul       | dsp_slice                | 3       |
|    mul_8s_8s_16_1_1_U825                                           |      |        | mul_ln76_593     | mul       | auto                     | 0       |
|    mac_muladd_8s_8s_16s_17_4_1_U1458                               | 1    |        | mul_ln76_594     | mul       | dsp_slice                | 3       |
|    mac_muladd_8s_8s_16s_17_4_1_U1458                               | 1    |        | sext_ln76_1109   | sext      | dsp_slice                | 3       |
|    mac_muladd_8s_8s_16s_16_4_1_U1459                               | 1    |        | mul_ln76_595     | mul       | dsp_slice                | 3       |
|    mul_8s_8s_16_1_1_U977                                           |      |        | mul_ln76_596     | mul       | auto                     | 0       |
|    mac_muladd_8s_8s_16s_17_4_1_U1154                               | 1    |        | mul_ln76_597     | mul       | dsp_slice                | 3       |
|    mac_muladd_8s_8s_16s_17_4_1_U1154                               | 1    |        | sext_ln76_1110   | sext      | dsp_slice                | 3       |
|    mul_8s_8s_16_1_1_U826                                           |      |        | mul_ln76_598     | mul       | auto                     | 0       |
|    mac_muladd_8s_8s_17s_17_4_1_U1460                               | 1    |        | mul_ln76_599     | mul       | dsp_slice                | 3       |
|    mac_muladd_8s_8s_17s_17_4_1_U1460                               | 1    |        | sext_ln76_1112   | sext      | dsp_slice                | 3       |
|    mac_muladd_8s_8s_15s_16_4_1_U1461                               | 1    |        | mul_ln76_600     | mul       | dsp_slice                | 3       |
|    mac_muladd_8s_8s_16s_16_4_1_U1155                               | 1    |        | mul_ln76_601     | mul       | dsp_slice                | 3       |
|    mul_8s_8s_16_1_1_U827                                           |      |        | mul_ln76_602     | mul       | auto                     | 0       |
|    mac_muladd_8s_8s_16s_17_4_1_U1462                               | 1    |        | mul_ln76_603     | mul       | dsp_slice                | 3       |
|    mac_muladd_8s_8s_16s_17_4_1_U1462                               | 1    |        | sext_ln76_1113   | sext      | dsp_slice                | 3       |
|    mac_muladd_8s_8s_16s_16_4_1_U1156                               | 1    |        | mul_ln76_604     | mul       | dsp_slice                | 3       |
|    mul_8s_8s_16_1_1_U828                                           |      |        | mul_ln76_605     | mul       | auto                     | 0       |
|    mac_muladd_8s_8s_16s_17_4_1_U1463                               | 1    |        | mul_ln76_606     | mul       | dsp_slice                | 3       |
|    mac_muladd_8s_8s_16s_17_4_1_U1463                               | 1    |        | sext_ln76_1114   | sext      | dsp_slice                | 3       |
|    mac_muladd_8s_8s_16s_16_4_1_U1157                               | 1    |        | mul_ln76_607     | mul       | dsp_slice                | 3       |
|    mul_8s_8s_16_1_1_U829                                           |      |        | mul_ln76_608     | mul       | auto                     | 0       |
|    mac_muladd_8s_8s_16s_17_4_1_U1464                               | 1    |        | mul_ln76_609     | mul       | dsp_slice                | 3       |
|    mac_muladd_8s_8s_16s_17_4_1_U1464                               | 1    |        | sext_ln76_1115   | sext      | dsp_slice                | 3       |
|    mac_muladd_8s_8s_16s_16_4_1_U1465                               | 1    |        | mul_ln76_610     | mul       | dsp_slice                | 3       |
|    mul_8s_8s_16_1_1_U978                                           |      |        | mul_ln76_611     | mul       | auto                     | 0       |
|    mac_muladd_8s_8s_16s_16_4_1_U1158                               | 1    |        | mul_ln76_612     | mul       | dsp_slice                | 3       |
|    mul_8s_8s_16_1_1_U830                                           |      |        | mul_ln76_613     | mul       | auto                     | 0       |
|    mac_muladd_8s_8s_16s_17_4_1_U1466                               | 1    |        | mul_ln76_614     | mul       | dsp_slice                | 3       |
|    mac_muladd_8s_8s_16s_17_4_1_U1466                               | 1    |        | sext_ln76_1116   | sext      | dsp_slice                | 3       |
|    mac_muladd_8s_8s_16s_16_4_1_U1467                               | 1    |        | mul_ln76_615     | mul       | dsp_slice                | 3       |
|    mul_8s_8s_16_1_1_U979                                           |      |        | mul_ln76_616     | mul       | auto                     | 0       |
|    mac_muladd_8s_8s_16s_17_4_1_U1159                               | 1    |        | mul_ln76_617     | mul       | dsp_slice                | 3       |
|    mac_muladd_8s_8s_16s_17_4_1_U1159                               | 1    |        | sext_ln76_1117   | sext      | dsp_slice                | 3       |
|    mul_8s_8s_16_1_1_U831                                           |      |        | mul_ln76_618     | mul       | auto                     | 0       |
|    mac_muladd_8s_8s_17s_17_4_1_U1468                               | 1    |        | mul_ln76_619     | mul       | dsp_slice                | 3       |
|    mac_muladd_8s_8s_17s_17_4_1_U1468                               | 1    |        | sext_ln76_1119   | sext      | dsp_slice                | 3       |
|    mac_muladd_8s_8s_16s_16_4_1_U1469                               | 1    |        | mul_ln76_620     | mul       | dsp_slice                | 3       |
|    mul_8s_8s_16_1_1_U980                                           |      |        | mul_ln76_621     | mul       | auto                     | 0       |
|    mac_muladd_8s_8s_16s_16_4_1_U1160                               | 1    |        | mul_ln76_622     | mul       | dsp_slice                | 3       |
|    mul_8s_8s_16_1_1_U832                                           |      |        | mul_ln76_623     | mul       | auto                     | 0       |
|    mac_muladd_8s_8s_15s_16_4_1_U1461                               | 1    |        | add_ln76_584     | add       | dsp_slice                | 3       |
|    mac_muladd_8s_8s_16s_17_4_1_U1154                               | 1    |        | add_ln76_585     | add       | dsp_slice                | 3       |
|    mac_muladd_8s_8s_17s_17_4_1_U1460                               | 1    |        | add_ln76_586     | add       | dsp_slice                | 3       |
|    add_ln76_587_fu_14397_p2                                        |      |        | add_ln76_587     | add       | fabric                   | 0       |
|    mac_muladd_8s_8s_16s_16_4_1_U1459                               | 1    |        | add_ln76_588     | add       | dsp_slice                | 3       |
|    mac_muladd_8s_8s_16s_16_4_1_U1153                               | 1    |        | add_ln76_589     | add       | dsp_slice                | 3       |
|    mac_muladd_8s_8s_16s_17_4_1_U1458                               | 1    |        | add_ln76_590     | add       | dsp_slice                | 3       |
|    add_ln76_591_fu_14413_p2                                        |      |        | add_ln76_591     | add       | fabric                   | 0       |
|    add_ln76_592_fu_14423_p2                                        |      |        | add_ln76_592     | add       | fabric                   | 0       |
|    mac_muladd_8s_8s_16s_16_4_1_U1457                               | 1    |        | add_ln76_593     | add       | dsp_slice                | 3       |
|    mac_muladd_8s_8s_16s_16_4_1_U1152                               | 1    |        | add_ln76_594     | add       | dsp_slice                | 3       |
|    mac_muladd_8s_8s_16s_17_4_1_U1456                               | 1    |        | add_ln76_595     | add       | dsp_slice                | 3       |
|    add_ln76_596_fu_14435_p2                                        |      |        | add_ln76_596     | add       | fabric                   | 0       |
|    mac_muladd_8s_8s_16s_16_4_1_U1455                               | 1    |        | add_ln76_597     | add       | dsp_slice                | 3       |
|    mac_muladd_8s_8s_16s_16_4_1_U1160                               | 1    |        | add_ln76_598     | add       | dsp_slice                | 3       |
|    mac_muladd_8s_8s_16s_17_4_1_U1454                               | 1    |        | add_ln76_599     | add       | dsp_slice                | 3       |
|    add_ln76_600_fu_14451_p2                                        |      |        | add_ln76_600     | add       | fabric                   | 0       |
|    add_ln76_601_fu_14461_p2                                        |      |        | add_ln76_601     | add       | fabric                   | 0       |
|    add_ln76_602_fu_16160_p2                                        |      |        | add_ln76_602     | add       | fabric                   | 0       |
|    mac_muladd_8s_8s_16s_16_4_1_U1469                               | 1    |        | add_ln76_603     | add       | dsp_slice                | 3       |
|    mac_muladd_8s_8s_16s_17_4_1_U1159                               | 1    |        | add_ln76_604     | add       | dsp_slice                | 3       |
|    mac_muladd_8s_8s_17s_17_4_1_U1468                               | 1    |        | add_ln76_605     | add       | dsp_slice                | 3       |
|    add_ln76_606_fu_14473_p2                                        |      |        | add_ln76_606     | add       | fabric                   | 0       |
|    mac_muladd_8s_8s_16s_16_4_1_U1467                               | 1    |        | add_ln76_607     | add       | dsp_slice                | 3       |
|    mac_muladd_8s_8s_16s_16_4_1_U1158                               | 1    |        | add_ln76_608     | add       | dsp_slice                | 3       |
|    mac_muladd_8s_8s_16s_17_4_1_U1466                               | 1    |        | add_ln76_609     | add       | dsp_slice                | 3       |
|    add_ln76_610_fu_14489_p2                                        |      |        | add_ln76_610     | add       | fabric                   | 0       |
|    add_ln76_611_fu_14499_p2                                        |      |        | add_ln76_611     | add       | fabric                   | 0       |
|    mac_muladd_8s_8s_16s_16_4_1_U1465                               | 1    |        | add_ln76_612     | add       | dsp_slice                | 3       |
|    mac_muladd_8s_8s_16s_16_4_1_U1157                               | 1    |        | add_ln76_613     | add       | dsp_slice                | 3       |
|    mac_muladd_8s_8s_16s_17_4_1_U1464                               | 1    |        | add_ln76_614     | add       | dsp_slice                | 3       |
|    add_ln76_615_fu_14511_p2                                        |      |        | add_ln76_615     | add       | fabric                   | 0       |
|    mac_muladd_8s_8s_16s_16_4_1_U1156                               | 1    |        | add_ln76_616     | add       | dsp_slice                | 3       |
|    mac_muladd_8s_8s_16s_17_4_1_U1463                               | 1    |        | add_ln76_617     | add       | dsp_slice                | 3       |
|    mac_muladd_8s_8s_16s_16_4_1_U1155                               | 1    |        | add_ln76_618     | add       | dsp_slice                | 3       |
|    mac_muladd_8s_8s_16s_17_4_1_U1462                               | 1    |        | add_ln76_619     | add       | dsp_slice                | 3       |
|    add_ln76_620_fu_14527_p2                                        |      |        | add_ln76_620     | add       | fabric                   | 0       |
|    add_ln76_621_fu_14537_p2                                        |      |        | add_ln76_621     | add       | fabric                   | 0       |
|    add_ln76_622_fu_16176_p2                                        |      |        | add_ln76_622     | add       | fabric                   | 0       |
|    acc_28_fu_16186_p2                                              |      |        | acc_28           | add       | fabric                   | 0       |
|    mac_muladd_8s_8s_16s_17_4_1_U1470                               | 1    |        | mul_ln76_624     | mul       | dsp_slice                | 3       |
|    mac_muladd_8s_8s_16s_17_4_1_U1470                               | 1    |        | sext_ln76_1157   | sext      | dsp_slice                | 3       |
|    mac_muladd_8s_8s_16s_16_4_1_U1471                               | 1    |        | mul_ln76_625     | mul       | dsp_slice                | 3       |
|    mul_8s_8s_16_1_1_U981                                           |      |        | mul_ln76_626     | mul       | auto                     | 0       |
|    mac_muladd_8s_8s_16s_16_4_1_U1161                               | 1    |        | mul_ln76_627     | mul       | dsp_slice                | 3       |
|    mul_8s_8s_16_1_1_U833                                           |      |        | mul_ln76_628     | mul       | auto                     | 0       |
|    mac_muladd_8s_8s_16s_17_4_1_U1472                               | 1    |        | mul_ln76_629     | mul       | dsp_slice                | 3       |
|    mac_muladd_8s_8s_16s_17_4_1_U1472                               | 1    |        | sext_ln76_1158   | sext      | dsp_slice                | 3       |
|    mac_muladd_8s_8s_16s_16_4_1_U1473                               | 1    |        | mul_ln76_630     | mul       | dsp_slice                | 3       |
|    mul_8s_8s_16_1_1_U982                                           |      |        | mul_ln76_631     | mul       | auto                     | 0       |
|    mac_muladd_8s_8s_16s_16_4_1_U1162                               | 1    |        | mul_ln76_632     | mul       | dsp_slice                | 3       |
|    mul_8s_8s_16_1_1_U834                                           |      |        | mul_ln76_633     | mul       | auto                     | 0       |
|    mac_muladd_8s_8s_16s_17_4_1_U1474                               | 1    |        | mul_ln76_634     | mul       | dsp_slice                | 3       |
|    mac_muladd_8s_8s_16s_17_4_1_U1474                               | 1    |        | sext_ln76_1159   | sext      | dsp_slice                | 3       |
|    mac_muladd_8s_8s_16s_16_4_1_U1475                               | 1    |        | mul_ln76_635     | mul       | dsp_slice                | 3       |
|    mul_8s_8s_16_1_1_U983                                           |      |        | mul_ln76_636     | mul       | auto                     | 0       |
|    mac_muladd_8s_8s_16s_17_4_1_U1163                               | 1    |        | mul_ln76_637     | mul       | dsp_slice                | 3       |
|    mac_muladd_8s_8s_16s_17_4_1_U1163                               | 1    |        | sext_ln76_1160   | sext      | dsp_slice                | 3       |
|    mul_8s_8s_16_1_1_U835                                           |      |        | mul_ln76_638     | mul       | auto                     | 0       |
|    mac_muladd_8s_8s_17s_17_4_1_U1476                               | 1    |        | mul_ln76_639     | mul       | dsp_slice                | 3       |
|    mac_muladd_8s_8s_17s_17_4_1_U1476                               | 1    |        | sext_ln76_1162   | sext      | dsp_slice                | 3       |
|    mac_muladd_8s_8s_15s_16_4_1_U1477                               | 1    |        | mul_ln76_640     | mul       | dsp_slice                | 3       |
|    mac_muladd_8s_8s_16s_16_4_1_U1164                               | 1    |        | mul_ln76_641     | mul       | dsp_slice                | 3       |
|    mul_8s_8s_16_1_1_U836                                           |      |        | mul_ln76_642     | mul       | auto                     | 0       |
|    mac_muladd_8s_8s_16s_17_4_1_U1478                               | 1    |        | mul_ln76_643     | mul       | dsp_slice                | 3       |
|    mac_muladd_8s_8s_16s_17_4_1_U1478                               | 1    |        | sext_ln76_1163   | sext      | dsp_slice                | 3       |
|    mac_muladd_8s_8s_16s_16_4_1_U1165                               | 1    |        | mul_ln76_644     | mul       | dsp_slice                | 3       |
|    mul_8s_8s_16_1_1_U837                                           |      |        | mul_ln76_645     | mul       | auto                     | 0       |
|    mac_muladd_8s_8s_16s_17_4_1_U1479                               | 1    |        | mul_ln76_646     | mul       | dsp_slice                | 3       |
|    mac_muladd_8s_8s_16s_17_4_1_U1479                               | 1    |        | sext_ln76_1164   | sext      | dsp_slice                | 3       |
|    mac_muladd_8s_8s_16s_16_4_1_U1166                               | 1    |        | mul_ln76_647     | mul       | dsp_slice                | 3       |
|    mul_8s_8s_16_1_1_U838                                           |      |        | mul_ln76_648     | mul       | auto                     | 0       |
|    mac_muladd_8s_8s_16s_17_4_1_U1480                               | 1    |        | mul_ln76_649     | mul       | dsp_slice                | 3       |
|    mac_muladd_8s_8s_16s_17_4_1_U1480                               | 1    |        | sext_ln76_1165   | sext      | dsp_slice                | 3       |
|    mac_muladd_8s_8s_16s_16_4_1_U1481                               | 1    |        | mul_ln76_650     | mul       | dsp_slice                | 3       |
|    mul_8s_8s_16_1_1_U984                                           |      |        | mul_ln76_651     | mul       | auto                     | 0       |
|    mac_muladd_8s_8s_16s_16_4_1_U1167                               | 1    |        | mul_ln76_652     | mul       | dsp_slice                | 3       |
|    mul_8s_8s_16_1_1_U839                                           |      |        | mul_ln76_653     | mul       | auto                     | 0       |
|    mac_muladd_8s_8s_16s_17_4_1_U1482                               | 1    |        | mul_ln76_654     | mul       | dsp_slice                | 3       |
|    mac_muladd_8s_8s_16s_17_4_1_U1482                               | 1    |        | sext_ln76_1166   | sext      | dsp_slice                | 3       |
|    mac_muladd_8s_8s_16s_16_4_1_U1483                               | 1    |        | mul_ln76_655     | mul       | dsp_slice                | 3       |
|    mul_8s_8s_16_1_1_U985                                           |      |        | mul_ln76_656     | mul       | auto                     | 0       |
|    mac_muladd_8s_8s_16s_17_4_1_U1168                               | 1    |        | mul_ln76_657     | mul       | dsp_slice                | 3       |
|    mac_muladd_8s_8s_16s_17_4_1_U1168                               | 1    |        | sext_ln76_1167   | sext      | dsp_slice                | 3       |
|    mul_8s_8s_16_1_1_U840                                           |      |        | mul_ln76_658     | mul       | auto                     | 0       |
|    mac_muladd_8s_8s_17s_17_4_1_U1484                               | 1    |        | mul_ln76_659     | mul       | dsp_slice                | 3       |
|    mac_muladd_8s_8s_17s_17_4_1_U1484                               | 1    |        | sext_ln76_1169   | sext      | dsp_slice                | 3       |
|    mac_muladd_8s_8s_16s_16_4_1_U1485                               | 1    |        | mul_ln76_660     | mul       | dsp_slice                | 3       |
|    mul_8s_8s_16_1_1_U986                                           |      |        | mul_ln76_661     | mul       | auto                     | 0       |
|    mac_muladd_8s_8s_16s_16_4_1_U1169                               | 1    |        | mul_ln76_662     | mul       | dsp_slice                | 3       |
|    mul_8s_8s_16_1_1_U841                                           |      |        | mul_ln76_663     | mul       | auto                     | 0       |
|    mac_muladd_8s_8s_15s_16_4_1_U1477                               | 1    |        | add_ln76_624     | add       | dsp_slice                | 3       |
|    mac_muladd_8s_8s_16s_17_4_1_U1163                               | 1    |        | add_ln76_625     | add       | dsp_slice                | 3       |
|    mac_muladd_8s_8s_17s_17_4_1_U1476                               | 1    |        | add_ln76_626     | add       | dsp_slice                | 3       |
|    add_ln76_627_fu_14549_p2                                        |      |        | add_ln76_627     | add       | fabric                   | 0       |
|    mac_muladd_8s_8s_16s_16_4_1_U1475                               | 1    |        | add_ln76_628     | add       | dsp_slice                | 3       |
|    mac_muladd_8s_8s_16s_16_4_1_U1162                               | 1    |        | add_ln76_629     | add       | dsp_slice                | 3       |
|    mac_muladd_8s_8s_16s_17_4_1_U1474                               | 1    |        | add_ln76_630     | add       | dsp_slice                | 3       |
|    add_ln76_631_fu_14565_p2                                        |      |        | add_ln76_631     | add       | fabric                   | 0       |
|    add_ln76_632_fu_14575_p2                                        |      |        | add_ln76_632     | add       | fabric                   | 0       |
|    mac_muladd_8s_8s_16s_16_4_1_U1473                               | 1    |        | add_ln76_633     | add       | dsp_slice                | 3       |
|    mac_muladd_8s_8s_16s_16_4_1_U1161                               | 1    |        | add_ln76_634     | add       | dsp_slice                | 3       |
|    mac_muladd_8s_8s_16s_17_4_1_U1472                               | 1    |        | add_ln76_635     | add       | dsp_slice                | 3       |
|    add_ln76_636_fu_14587_p2                                        |      |        | add_ln76_636     | add       | fabric                   | 0       |
|    mac_muladd_8s_8s_16s_16_4_1_U1471                               | 1    |        | add_ln76_637     | add       | dsp_slice                | 3       |
|    mac_muladd_8s_8s_16s_16_4_1_U1169                               | 1    |        | add_ln76_638     | add       | dsp_slice                | 3       |
|    mac_muladd_8s_8s_16s_17_4_1_U1470                               | 1    |        | add_ln76_639     | add       | dsp_slice                | 3       |
|    add_ln76_640_fu_14603_p2                                        |      |        | add_ln76_640     | add       | fabric                   | 0       |
|    add_ln76_641_fu_14613_p2                                        |      |        | add_ln76_641     | add       | fabric                   | 0       |
|    add_ln76_642_fu_16203_p2                                        |      |        | add_ln76_642     | add       | fabric                   | 0       |
|    mac_muladd_8s_8s_16s_16_4_1_U1485                               | 1    |        | add_ln76_643     | add       | dsp_slice                | 3       |
|    mac_muladd_8s_8s_16s_17_4_1_U1168                               | 1    |        | add_ln76_644     | add       | dsp_slice                | 3       |
|    mac_muladd_8s_8s_17s_17_4_1_U1484                               | 1    |        | add_ln76_645     | add       | dsp_slice                | 3       |
|    add_ln76_646_fu_14625_p2                                        |      |        | add_ln76_646     | add       | fabric                   | 0       |
|    mac_muladd_8s_8s_16s_16_4_1_U1483                               | 1    |        | add_ln76_647     | add       | dsp_slice                | 3       |
|    mac_muladd_8s_8s_16s_16_4_1_U1167                               | 1    |        | add_ln76_648     | add       | dsp_slice                | 3       |
|    mac_muladd_8s_8s_16s_17_4_1_U1482                               | 1    |        | add_ln76_649     | add       | dsp_slice                | 3       |
|    add_ln76_650_fu_14641_p2                                        |      |        | add_ln76_650     | add       | fabric                   | 0       |
|    add_ln76_651_fu_14651_p2                                        |      |        | add_ln76_651     | add       | fabric                   | 0       |
|    mac_muladd_8s_8s_16s_16_4_1_U1481                               | 1    |        | add_ln76_652     | add       | dsp_slice                | 3       |
|    mac_muladd_8s_8s_16s_16_4_1_U1166                               | 1    |        | add_ln76_653     | add       | dsp_slice                | 3       |
|    mac_muladd_8s_8s_16s_17_4_1_U1480                               | 1    |        | add_ln76_654     | add       | dsp_slice                | 3       |
|    add_ln76_655_fu_14663_p2                                        |      |        | add_ln76_655     | add       | fabric                   | 0       |
|    mac_muladd_8s_8s_16s_16_4_1_U1165                               | 1    |        | add_ln76_656     | add       | dsp_slice                | 3       |
|    mac_muladd_8s_8s_16s_17_4_1_U1479                               | 1    |        | add_ln76_657     | add       | dsp_slice                | 3       |
|    mac_muladd_8s_8s_16s_16_4_1_U1164                               | 1    |        | add_ln76_658     | add       | dsp_slice                | 3       |
|    mac_muladd_8s_8s_16s_17_4_1_U1478                               | 1    |        | add_ln76_659     | add       | dsp_slice                | 3       |
|    add_ln76_660_fu_14679_p2                                        |      |        | add_ln76_660     | add       | fabric                   | 0       |
|    add_ln76_661_fu_14689_p2                                        |      |        | add_ln76_661     | add       | fabric                   | 0       |
|    add_ln76_662_fu_16219_p2                                        |      |        | add_ln76_662     | add       | fabric                   | 0       |
|    acc_29_fu_16229_p2                                              |      |        | acc_29           | add       | fabric                   | 0       |
|    mac_muladd_8s_8s_16s_17_4_1_U1486                               | 1    |        | mul_ln76_664     | mul       | dsp_slice                | 3       |
|    mac_muladd_8s_8s_16s_17_4_1_U1486                               | 1    |        | sext_ln76_1207   | sext      | dsp_slice                | 3       |
|    mac_muladd_8s_8s_16s_16_4_1_U1487                               | 1    |        | mul_ln76_665     | mul       | dsp_slice                | 3       |
|    mul_8s_8s_16_1_1_U987                                           |      |        | mul_ln76_666     | mul       | auto                     | 0       |
|    mac_muladd_8s_8s_16s_16_4_1_U1170                               | 1    |        | mul_ln76_667     | mul       | dsp_slice                | 3       |
|    mul_8s_8s_16_1_1_U842                                           |      |        | mul_ln76_668     | mul       | auto                     | 0       |
|    mac_muladd_8s_8s_16s_17_4_1_U1488                               | 1    |        | mul_ln76_669     | mul       | dsp_slice                | 3       |
|    mac_muladd_8s_8s_16s_17_4_1_U1488                               | 1    |        | sext_ln76_1208   | sext      | dsp_slice                | 3       |
|    mac_muladd_8s_8s_16s_16_4_1_U1489                               | 1    |        | mul_ln76_670     | mul       | dsp_slice                | 3       |
|    mul_8s_8s_16_1_1_U988                                           |      |        | mul_ln76_671     | mul       | auto                     | 0       |
|    mac_muladd_8s_8s_16s_16_4_1_U1171                               | 1    |        | mul_ln76_672     | mul       | dsp_slice                | 3       |
|    mul_8s_8s_16_1_1_U843                                           |      |        | mul_ln76_673     | mul       | auto                     | 0       |
|    mac_muladd_8s_8s_16s_17_4_1_U1490                               | 1    |        | mul_ln76_674     | mul       | dsp_slice                | 3       |
|    mac_muladd_8s_8s_16s_17_4_1_U1490                               | 1    |        | sext_ln76_1209   | sext      | dsp_slice                | 3       |
|    mac_muladd_8s_8s_16s_16_4_1_U1491                               | 1    |        | mul_ln76_675     | mul       | dsp_slice                | 3       |
|    mul_8s_8s_16_1_1_U989                                           |      |        | mul_ln76_676     | mul       | auto                     | 0       |
|    mac_muladd_8s_8s_16s_17_4_1_U1172                               | 1    |        | mul_ln76_677     | mul       | dsp_slice                | 3       |
|    mac_muladd_8s_8s_16s_17_4_1_U1172                               | 1    |        | sext_ln76_1210   | sext      | dsp_slice                | 3       |
|    mul_8s_8s_16_1_1_U844                                           |      |        | mul_ln76_678     | mul       | auto                     | 0       |
|    mac_muladd_8s_8s_17s_17_4_1_U1492                               | 1    |        | mul_ln76_679     | mul       | dsp_slice                | 3       |
|    mac_muladd_8s_8s_17s_17_4_1_U1492                               | 1    |        | sext_ln76_1212   | sext      | dsp_slice                | 3       |
|    mac_muladd_8s_8s_15s_16_4_1_U1493                               | 1    |        | mul_ln76_680     | mul       | dsp_slice                | 3       |
|    mac_muladd_8s_8s_16s_16_4_1_U1173                               | 1    |        | mul_ln76_681     | mul       | dsp_slice                | 3       |
|    mul_8s_8s_16_1_1_U845                                           |      |        | mul_ln76_682     | mul       | auto                     | 0       |
|    mac_muladd_8s_8s_16s_17_4_1_U1494                               | 1    |        | mul_ln76_683     | mul       | dsp_slice                | 3       |
|    mac_muladd_8s_8s_16s_17_4_1_U1494                               | 1    |        | sext_ln76_1213   | sext      | dsp_slice                | 3       |
|    mac_muladd_8s_8s_16s_16_4_1_U1174                               | 1    |        | mul_ln76_684     | mul       | dsp_slice                | 3       |
|    mul_8s_8s_16_1_1_U846                                           |      |        | mul_ln76_685     | mul       | auto                     | 0       |
|    mac_muladd_8s_8s_16s_17_4_1_U1495                               | 1    |        | mul_ln76_686     | mul       | dsp_slice                | 3       |
|    mac_muladd_8s_8s_16s_17_4_1_U1495                               | 1    |        | sext_ln76_1214   | sext      | dsp_slice                | 3       |
|    mac_muladd_8s_8s_16s_16_4_1_U1175                               | 1    |        | mul_ln76_687     | mul       | dsp_slice                | 3       |
|    mul_8s_8s_16_1_1_U847                                           |      |        | mul_ln76_688     | mul       | auto                     | 0       |
|    mac_muladd_8s_8s_16s_17_4_1_U1496                               | 1    |        | mul_ln76_689     | mul       | dsp_slice                | 3       |
|    mac_muladd_8s_8s_16s_17_4_1_U1496                               | 1    |        | sext_ln76_1215   | sext      | dsp_slice                | 3       |
|    mac_muladd_8s_8s_16s_16_4_1_U1497                               | 1    |        | mul_ln76_690     | mul       | dsp_slice                | 3       |
|    mul_8s_8s_16_1_1_U990                                           |      |        | mul_ln76_691     | mul       | auto                     | 0       |
|    mac_muladd_8s_8s_16s_16_4_1_U1176                               | 1    |        | mul_ln76_692     | mul       | dsp_slice                | 3       |
|    mul_8s_8s_16_1_1_U848                                           |      |        | mul_ln76_693     | mul       | auto                     | 0       |
|    mac_muladd_8s_8s_16s_17_4_1_U1498                               | 1    |        | mul_ln76_694     | mul       | dsp_slice                | 3       |
|    mac_muladd_8s_8s_16s_17_4_1_U1498                               | 1    |        | sext_ln76_1216   | sext      | dsp_slice                | 3       |
|    mac_muladd_8s_8s_16s_16_4_1_U1499                               | 1    |        | mul_ln76_695     | mul       | dsp_slice                | 3       |
|    mul_8s_8s_16_1_1_U991                                           |      |        | mul_ln76_696     | mul       | auto                     | 0       |
|    mac_muladd_8s_8s_16s_17_4_1_U1177                               | 1    |        | mul_ln76_697     | mul       | dsp_slice                | 3       |
|    mac_muladd_8s_8s_16s_17_4_1_U1177                               | 1    |        | sext_ln76_1217   | sext      | dsp_slice                | 3       |
|    mul_8s_8s_16_1_1_U849                                           |      |        | mul_ln76_698     | mul       | auto                     | 0       |
|    mac_muladd_8s_8s_17s_17_4_1_U1500                               | 1    |        | mul_ln76_699     | mul       | dsp_slice                | 3       |
|    mac_muladd_8s_8s_17s_17_4_1_U1500                               | 1    |        | sext_ln76_1219   | sext      | dsp_slice                | 3       |
|    mac_muladd_8s_8s_16s_16_4_1_U1501                               | 1    |        | mul_ln76_700     | mul       | dsp_slice                | 3       |
|    mul_8s_8s_16_1_1_U992                                           |      |        | mul_ln76_701     | mul       | auto                     | 0       |
|    mac_muladd_8s_8s_16s_16_4_1_U1178                               | 1    |        | mul_ln76_702     | mul       | dsp_slice                | 3       |
|    mul_8s_8s_16_1_1_U850                                           |      |        | mul_ln76_703     | mul       | auto                     | 0       |
|    mac_muladd_8s_8s_15s_16_4_1_U1493                               | 1    |        | add_ln76_664     | add       | dsp_slice                | 3       |
|    mac_muladd_8s_8s_16s_17_4_1_U1172                               | 1    |        | add_ln76_665     | add       | dsp_slice                | 3       |
|    mac_muladd_8s_8s_17s_17_4_1_U1492                               | 1    |        | add_ln76_666     | add       | dsp_slice                | 3       |
|    add_ln76_667_fu_14701_p2                                        |      |        | add_ln76_667     | add       | fabric                   | 0       |
|    mac_muladd_8s_8s_16s_16_4_1_U1491                               | 1    |        | add_ln76_668     | add       | dsp_slice                | 3       |
|    mac_muladd_8s_8s_16s_16_4_1_U1171                               | 1    |        | add_ln76_669     | add       | dsp_slice                | 3       |
|    mac_muladd_8s_8s_16s_17_4_1_U1490                               | 1    |        | add_ln76_670     | add       | dsp_slice                | 3       |
|    add_ln76_671_fu_14717_p2                                        |      |        | add_ln76_671     | add       | fabric                   | 0       |
|    add_ln76_672_fu_14727_p2                                        |      |        | add_ln76_672     | add       | fabric                   | 0       |
|    mac_muladd_8s_8s_16s_16_4_1_U1489                               | 1    |        | add_ln76_673     | add       | dsp_slice                | 3       |
|    mac_muladd_8s_8s_16s_16_4_1_U1170                               | 1    |        | add_ln76_674     | add       | dsp_slice                | 3       |
|    mac_muladd_8s_8s_16s_17_4_1_U1488                               | 1    |        | add_ln76_675     | add       | dsp_slice                | 3       |
|    add_ln76_676_fu_14739_p2                                        |      |        | add_ln76_676     | add       | fabric                   | 0       |
|    mac_muladd_8s_8s_16s_16_4_1_U1487                               | 1    |        | add_ln76_677     | add       | dsp_slice                | 3       |
|    mac_muladd_8s_8s_16s_16_4_1_U1178                               | 1    |        | add_ln76_678     | add       | dsp_slice                | 3       |
|    mac_muladd_8s_8s_16s_17_4_1_U1486                               | 1    |        | add_ln76_679     | add       | dsp_slice                | 3       |
|    add_ln76_680_fu_14755_p2                                        |      |        | add_ln76_680     | add       | fabric                   | 0       |
|    add_ln76_681_fu_14765_p2                                        |      |        | add_ln76_681     | add       | fabric                   | 0       |
|    add_ln76_682_fu_16246_p2                                        |      |        | add_ln76_682     | add       | fabric                   | 0       |
|    mac_muladd_8s_8s_16s_16_4_1_U1501                               | 1    |        | add_ln76_683     | add       | dsp_slice                | 3       |
|    mac_muladd_8s_8s_16s_17_4_1_U1177                               | 1    |        | add_ln76_684     | add       | dsp_slice                | 3       |
|    mac_muladd_8s_8s_17s_17_4_1_U1500                               | 1    |        | add_ln76_685     | add       | dsp_slice                | 3       |
|    add_ln76_686_fu_14777_p2                                        |      |        | add_ln76_686     | add       | fabric                   | 0       |
|    mac_muladd_8s_8s_16s_16_4_1_U1499                               | 1    |        | add_ln76_687     | add       | dsp_slice                | 3       |
|    mac_muladd_8s_8s_16s_16_4_1_U1176                               | 1    |        | add_ln76_688     | add       | dsp_slice                | 3       |
|    mac_muladd_8s_8s_16s_17_4_1_U1498                               | 1    |        | add_ln76_689     | add       | dsp_slice                | 3       |
|    add_ln76_690_fu_14793_p2                                        |      |        | add_ln76_690     | add       | fabric                   | 0       |
|    add_ln76_691_fu_14803_p2                                        |      |        | add_ln76_691     | add       | fabric                   | 0       |
|    mac_muladd_8s_8s_16s_16_4_1_U1497                               | 1    |        | add_ln76_692     | add       | dsp_slice                | 3       |
|    mac_muladd_8s_8s_16s_16_4_1_U1175                               | 1    |        | add_ln76_693     | add       | dsp_slice                | 3       |
|    mac_muladd_8s_8s_16s_17_4_1_U1496                               | 1    |        | add_ln76_694     | add       | dsp_slice                | 3       |
|    add_ln76_695_fu_14815_p2                                        |      |        | add_ln76_695     | add       | fabric                   | 0       |
|    mac_muladd_8s_8s_16s_16_4_1_U1174                               | 1    |        | add_ln76_696     | add       | dsp_slice                | 3       |
|    mac_muladd_8s_8s_16s_17_4_1_U1495                               | 1    |        | add_ln76_697     | add       | dsp_slice                | 3       |
|    mac_muladd_8s_8s_16s_16_4_1_U1173                               | 1    |        | add_ln76_698     | add       | dsp_slice                | 3       |
|    mac_muladd_8s_8s_16s_17_4_1_U1494                               | 1    |        | add_ln76_699     | add       | dsp_slice                | 3       |
|    add_ln76_700_fu_14831_p2                                        |      |        | add_ln76_700     | add       | fabric                   | 0       |
|    add_ln76_701_fu_14841_p2                                        |      |        | add_ln76_701     | add       | fabric                   | 0       |
|    add_ln76_702_fu_16262_p2                                        |      |        | add_ln76_702     | add       | fabric                   | 0       |
|    acc_30_fu_16272_p2                                              |      |        | acc_30           | add       | fabric                   | 0       |
|    mac_muladd_8s_8s_16s_17_4_1_U1502                               | 1    |        | mul_ln76_704     | mul       | dsp_slice                | 3       |
|    mac_muladd_8s_8s_16s_17_4_1_U1502                               | 1    |        | sext_ln76_1257   | sext      | dsp_slice                | 3       |
|    mac_muladd_8s_8s_16s_16_4_1_U1503                               | 1    |        | mul_ln76_705     | mul       | dsp_slice                | 3       |
|    mul_8s_8s_16_1_1_U993                                           |      |        | mul_ln76_706     | mul       | auto                     | 0       |
|    mac_muladd_8s_8s_16s_16_4_1_U1179                               | 1    |        | mul_ln76_707     | mul       | dsp_slice                | 3       |
|    mul_8s_8s_16_1_1_U851                                           |      |        | mul_ln76_708     | mul       | auto                     | 0       |
|    mac_muladd_8s_8s_16s_17_4_1_U1504                               | 1    |        | mul_ln76_709     | mul       | dsp_slice                | 3       |
|    mac_muladd_8s_8s_16s_17_4_1_U1504                               | 1    |        | sext_ln76_1258   | sext      | dsp_slice                | 3       |
|    mac_muladd_8s_8s_16s_16_4_1_U1505                               | 1    |        | mul_ln76_710     | mul       | dsp_slice                | 3       |
|    mul_8s_8s_16_1_1_U994                                           |      |        | mul_ln76_711     | mul       | auto                     | 0       |
|    mac_muladd_8s_8s_16s_16_4_1_U1180                               | 1    |        | mul_ln76_712     | mul       | dsp_slice                | 3       |
|    mul_8s_8s_16_1_1_U852                                           |      |        | mul_ln76_713     | mul       | auto                     | 0       |
|    mac_muladd_8s_8s_16s_17_4_1_U1506                               | 1    |        | mul_ln76_714     | mul       | dsp_slice                | 3       |
|    mac_muladd_8s_8s_16s_17_4_1_U1506                               | 1    |        | sext_ln76_1259   | sext      | dsp_slice                | 3       |
|    mac_muladd_8s_8s_16s_16_4_1_U1507                               | 1    |        | mul_ln76_715     | mul       | dsp_slice                | 3       |
|    mul_8s_8s_16_1_1_U995                                           |      |        | mul_ln76_716     | mul       | auto                     | 0       |
|    mac_muladd_8s_8s_16s_17_4_1_U1181                               | 1    |        | mul_ln76_717     | mul       | dsp_slice                | 3       |
|    mac_muladd_8s_8s_16s_17_4_1_U1181                               | 1    |        | sext_ln76_1260   | sext      | dsp_slice                | 3       |
|    mul_8s_8s_16_1_1_U853                                           |      |        | mul_ln76_718     | mul       | auto                     | 0       |
|    mac_muladd_8s_8s_17s_17_4_1_U1508                               | 1    |        | mul_ln76_719     | mul       | dsp_slice                | 3       |
|    mac_muladd_8s_8s_17s_17_4_1_U1508                               | 1    |        | sext_ln76_1262   | sext      | dsp_slice                | 3       |
|    mac_muladd_8s_8s_15s_16_4_1_U1509                               | 1    |        | mul_ln76_720     | mul       | dsp_slice                | 3       |
|    mac_muladd_8s_8s_16s_16_4_1_U1182                               | 1    |        | mul_ln76_721     | mul       | dsp_slice                | 3       |
|    mul_8s_8s_16_1_1_U854                                           |      |        | mul_ln76_722     | mul       | auto                     | 0       |
|    mac_muladd_8s_8s_16s_17_4_1_U1510                               | 1    |        | mul_ln76_723     | mul       | dsp_slice                | 3       |
|    mac_muladd_8s_8s_16s_17_4_1_U1510                               | 1    |        | sext_ln76_1263   | sext      | dsp_slice                | 3       |
|    mac_muladd_8s_8s_16s_16_4_1_U1183                               | 1    |        | mul_ln76_724     | mul       | dsp_slice                | 3       |
|    mul_8s_8s_16_1_1_U855                                           |      |        | mul_ln76_725     | mul       | auto                     | 0       |
|    mac_muladd_8s_8s_16s_17_4_1_U1511                               | 1    |        | mul_ln76_726     | mul       | dsp_slice                | 3       |
|    mac_muladd_8s_8s_16s_17_4_1_U1511                               | 1    |        | sext_ln76_1264   | sext      | dsp_slice                | 3       |
|    mac_muladd_8s_8s_16s_16_4_1_U1184                               | 1    |        | mul_ln76_727     | mul       | dsp_slice                | 3       |
|    mul_8s_8s_16_1_1_U856                                           |      |        | mul_ln76_728     | mul       | auto                     | 0       |
|    mac_muladd_8s_8s_16s_17_4_1_U1512                               | 1    |        | mul_ln76_729     | mul       | dsp_slice                | 3       |
|    mac_muladd_8s_8s_16s_17_4_1_U1512                               | 1    |        | sext_ln76_1265   | sext      | dsp_slice                | 3       |
|    mac_muladd_8s_8s_16s_16_4_1_U1513                               | 1    |        | mul_ln76_730     | mul       | dsp_slice                | 3       |
|    mul_8s_8s_16_1_1_U996                                           |      |        | mul_ln76_731     | mul       | auto                     | 0       |
|    mac_muladd_8s_8s_16s_16_4_1_U1185                               | 1    |        | mul_ln76_732     | mul       | dsp_slice                | 3       |
|    mul_8s_8s_16_1_1_U857                                           |      |        | mul_ln76_733     | mul       | auto                     | 0       |
|    mac_muladd_8s_8s_16s_17_4_1_U1514                               | 1    |        | mul_ln76_734     | mul       | dsp_slice                | 3       |
|    mac_muladd_8s_8s_16s_17_4_1_U1514                               | 1    |        | sext_ln76_1266   | sext      | dsp_slice                | 3       |
|    mac_muladd_8s_8s_16s_16_4_1_U1515                               | 1    |        | mul_ln76_735     | mul       | dsp_slice                | 3       |
|    mul_8s_8s_16_1_1_U997                                           |      |        | mul_ln76_736     | mul       | auto                     | 0       |
|    mac_muladd_8s_8s_16s_17_4_1_U1186                               | 1    |        | mul_ln76_737     | mul       | dsp_slice                | 3       |
|    mac_muladd_8s_8s_16s_17_4_1_U1186                               | 1    |        | sext_ln76_1267   | sext      | dsp_slice                | 3       |
|    mul_8s_8s_16_1_1_U858                                           |      |        | mul_ln76_738     | mul       | auto                     | 0       |
|    mac_muladd_8s_8s_17s_17_4_1_U1516                               | 1    |        | mul_ln76_739     | mul       | dsp_slice                | 3       |
|    mac_muladd_8s_8s_17s_17_4_1_U1516                               | 1    |        | sext_ln76_1269   | sext      | dsp_slice                | 3       |
|    mac_muladd_8s_8s_16s_16_4_1_U1517                               | 1    |        | mul_ln76_740     | mul       | dsp_slice                | 3       |
|    mul_8s_8s_16_1_1_U998                                           |      |        | mul_ln76_741     | mul       | auto                     | 0       |
|    mac_muladd_8s_8s_16s_16_4_1_U1187                               | 1    |        | mul_ln76_742     | mul       | dsp_slice                | 3       |
|    mul_8s_8s_16_1_1_U859                                           |      |        | mul_ln76_743     | mul       | auto                     | 0       |
|    mac_muladd_8s_8s_15s_16_4_1_U1509                               | 1    |        | add_ln76_704     | add       | dsp_slice                | 3       |
|    mac_muladd_8s_8s_16s_17_4_1_U1181                               | 1    |        | add_ln76_705     | add       | dsp_slice                | 3       |
|    mac_muladd_8s_8s_17s_17_4_1_U1508                               | 1    |        | add_ln76_706     | add       | dsp_slice                | 3       |
|    add_ln76_707_fu_14853_p2                                        |      |        | add_ln76_707     | add       | fabric                   | 0       |
|    mac_muladd_8s_8s_16s_16_4_1_U1507                               | 1    |        | add_ln76_708     | add       | dsp_slice                | 3       |
|    mac_muladd_8s_8s_16s_16_4_1_U1180                               | 1    |        | add_ln76_709     | add       | dsp_slice                | 3       |
|    mac_muladd_8s_8s_16s_17_4_1_U1506                               | 1    |        | add_ln76_710     | add       | dsp_slice                | 3       |
|    add_ln76_711_fu_14869_p2                                        |      |        | add_ln76_711     | add       | fabric                   | 0       |
|    add_ln76_712_fu_14879_p2                                        |      |        | add_ln76_712     | add       | fabric                   | 0       |
|    mac_muladd_8s_8s_16s_16_4_1_U1505                               | 1    |        | add_ln76_713     | add       | dsp_slice                | 3       |
|    mac_muladd_8s_8s_16s_16_4_1_U1179                               | 1    |        | add_ln76_714     | add       | dsp_slice                | 3       |
|    mac_muladd_8s_8s_16s_17_4_1_U1504                               | 1    |        | add_ln76_715     | add       | dsp_slice                | 3       |
|    add_ln76_716_fu_14891_p2                                        |      |        | add_ln76_716     | add       | fabric                   | 0       |
|    mac_muladd_8s_8s_16s_16_4_1_U1503                               | 1    |        | add_ln76_717     | add       | dsp_slice                | 3       |
|    mac_muladd_8s_8s_16s_16_4_1_U1187                               | 1    |        | add_ln76_718     | add       | dsp_slice                | 3       |
|    mac_muladd_8s_8s_16s_17_4_1_U1502                               | 1    |        | add_ln76_719     | add       | dsp_slice                | 3       |
|    add_ln76_720_fu_14907_p2                                        |      |        | add_ln76_720     | add       | fabric                   | 0       |
|    add_ln76_721_fu_14917_p2                                        |      |        | add_ln76_721     | add       | fabric                   | 0       |
|    add_ln76_722_fu_16289_p2                                        |      |        | add_ln76_722     | add       | fabric                   | 0       |
|    mac_muladd_8s_8s_16s_16_4_1_U1517                               | 1    |        | add_ln76_723     | add       | dsp_slice                | 3       |
|    mac_muladd_8s_8s_16s_17_4_1_U1186                               | 1    |        | add_ln76_724     | add       | dsp_slice                | 3       |
|    mac_muladd_8s_8s_17s_17_4_1_U1516                               | 1    |        | add_ln76_725     | add       | dsp_slice                | 3       |
|    add_ln76_726_fu_14929_p2                                        |      |        | add_ln76_726     | add       | fabric                   | 0       |
|    mac_muladd_8s_8s_16s_16_4_1_U1515                               | 1    |        | add_ln76_727     | add       | dsp_slice                | 3       |
|    mac_muladd_8s_8s_16s_16_4_1_U1185                               | 1    |        | add_ln76_728     | add       | dsp_slice                | 3       |
|    mac_muladd_8s_8s_16s_17_4_1_U1514                               | 1    |        | add_ln76_729     | add       | dsp_slice                | 3       |
|    add_ln76_730_fu_14945_p2                                        |      |        | add_ln76_730     | add       | fabric                   | 0       |
|    add_ln76_731_fu_14955_p2                                        |      |        | add_ln76_731     | add       | fabric                   | 0       |
|    mac_muladd_8s_8s_16s_16_4_1_U1513                               | 1    |        | add_ln76_732     | add       | dsp_slice                | 3       |
|    mac_muladd_8s_8s_16s_16_4_1_U1184                               | 1    |        | add_ln76_733     | add       | dsp_slice                | 3       |
|    mac_muladd_8s_8s_16s_17_4_1_U1512                               | 1    |        | add_ln76_734     | add       | dsp_slice                | 3       |
|    add_ln76_735_fu_14967_p2                                        |      |        | add_ln76_735     | add       | fabric                   | 0       |
|    mac_muladd_8s_8s_16s_16_4_1_U1183                               | 1    |        | add_ln76_736     | add       | dsp_slice                | 3       |
|    mac_muladd_8s_8s_16s_17_4_1_U1511                               | 1    |        | add_ln76_737     | add       | dsp_slice                | 3       |
|    mac_muladd_8s_8s_16s_16_4_1_U1182                               | 1    |        | add_ln76_738     | add       | dsp_slice                | 3       |
|    mac_muladd_8s_8s_16s_17_4_1_U1510                               | 1    |        | add_ln76_739     | add       | dsp_slice                | 3       |
|    add_ln76_740_fu_14983_p2                                        |      |        | add_ln76_740     | add       | fabric                   | 0       |
|    add_ln76_741_fu_14993_p2                                        |      |        | add_ln76_741     | add       | fabric                   | 0       |
|    add_ln76_742_fu_16305_p2                                        |      |        | add_ln76_742     | add       | fabric                   | 0       |
|    acc_31_fu_16315_p2                                              |      |        | acc_31           | add       | fabric                   | 0       |
|    mac_muladd_8s_8s_16s_17_4_1_U1518                               | 1    |        | mul_ln76_744     | mul       | dsp_slice                | 3       |
|    mac_muladd_8s_8s_16s_17_4_1_U1518                               | 1    |        | sext_ln76_1307   | sext      | dsp_slice                | 3       |
|    mac_muladd_8s_8s_16s_16_4_1_U1519                               | 1    |        | mul_ln76_745     | mul       | dsp_slice                | 3       |
|    mul_8s_8s_16_1_1_U999                                           |      |        | mul_ln76_746     | mul       | auto                     | 0       |
|    mac_muladd_8s_8s_16s_16_4_1_U1188                               | 1    |        | mul_ln76_747     | mul       | dsp_slice                | 3       |
|    mul_8s_8s_16_1_1_U860                                           |      |        | mul_ln76_748     | mul       | auto                     | 0       |
|    mac_muladd_8s_8s_16s_17_4_1_U1520                               | 1    |        | mul_ln76_749     | mul       | dsp_slice                | 3       |
|    mac_muladd_8s_8s_16s_17_4_1_U1520                               | 1    |        | sext_ln76_1308   | sext      | dsp_slice                | 3       |
|    mac_muladd_8s_8s_16s_16_4_1_U1521                               | 1    |        | mul_ln76_750     | mul       | dsp_slice                | 3       |
|    mul_8s_8s_16_1_1_U1000                                          |      |        | mul_ln76_751     | mul       | auto                     | 0       |
|    mac_muladd_8s_8s_16s_16_4_1_U1189                               | 1    |        | mul_ln76_752     | mul       | dsp_slice                | 3       |
|    mul_8s_8s_16_1_1_U861                                           |      |        | mul_ln76_753     | mul       | auto                     | 0       |
|    mac_muladd_8s_8s_16s_17_4_1_U1522                               | 1    |        | mul_ln76_754     | mul       | dsp_slice                | 3       |
|    mac_muladd_8s_8s_16s_17_4_1_U1522                               | 1    |        | sext_ln76_1309   | sext      | dsp_slice                | 3       |
|    mac_muladd_8s_8s_16s_16_4_1_U1523                               | 1    |        | mul_ln76_755     | mul       | dsp_slice                | 3       |
|    mul_8s_8s_16_1_1_U1001                                          |      |        | mul_ln76_756     | mul       | auto                     | 0       |
|    mac_muladd_8s_8s_16s_17_4_1_U1190                               | 1    |        | mul_ln76_757     | mul       | dsp_slice                | 3       |
|    mac_muladd_8s_8s_16s_17_4_1_U1190                               | 1    |        | sext_ln76_1310   | sext      | dsp_slice                | 3       |
|    mul_8s_8s_16_1_1_U862                                           |      |        | mul_ln76_758     | mul       | auto                     | 0       |
|    mac_muladd_8s_8s_17s_17_4_1_U1524                               | 1    |        | mul_ln76_759     | mul       | dsp_slice                | 3       |
|    mac_muladd_8s_8s_17s_17_4_1_U1524                               | 1    |        | sext_ln76_1312   | sext      | dsp_slice                | 3       |
|    mac_muladd_8s_8s_15s_16_4_1_U1525                               | 1    |        | mul_ln76_760     | mul       | dsp_slice                | 3       |
|    mac_muladd_8s_8s_16s_16_4_1_U1191                               | 1    |        | mul_ln76_761     | mul       | dsp_slice                | 3       |
|    mul_8s_8s_16_1_1_U863                                           |      |        | mul_ln76_762     | mul       | auto                     | 0       |
|    mac_muladd_8s_8s_16s_17_4_1_U1526                               | 1    |        | mul_ln76_763     | mul       | dsp_slice                | 3       |
|    mac_muladd_8s_8s_16s_17_4_1_U1526                               | 1    |        | sext_ln76_1313   | sext      | dsp_slice                | 3       |
|    mac_muladd_8s_8s_16s_16_4_1_U1192                               | 1    |        | mul_ln76_764     | mul       | dsp_slice                | 3       |
|    mul_8s_8s_16_1_1_U864                                           |      |        | mul_ln76_765     | mul       | auto                     | 0       |
|    mac_muladd_8s_8s_16s_17_4_1_U1527                               | 1    |        | mul_ln76_766     | mul       | dsp_slice                | 3       |
|    mac_muladd_8s_8s_16s_17_4_1_U1527                               | 1    |        | sext_ln76_1314   | sext      | dsp_slice                | 3       |
|    mac_muladd_8s_8s_16s_16_4_1_U1193                               | 1    |        | mul_ln76_767     | mul       | dsp_slice                | 3       |
|    mul_8s_8s_16_1_1_U865                                           |      |        | mul_ln76_768     | mul       | auto                     | 0       |
|    mac_muladd_8s_8s_16s_17_4_1_U1528                               | 1    |        | mul_ln76_769     | mul       | dsp_slice                | 3       |
|    mac_muladd_8s_8s_16s_17_4_1_U1528                               | 1    |        | sext_ln76_1315   | sext      | dsp_slice                | 3       |
|    mac_muladd_8s_8s_16s_16_4_1_U1529                               | 1    |        | mul_ln76_770     | mul       | dsp_slice                | 3       |
|    mul_8s_8s_16_1_1_U1002                                          |      |        | mul_ln76_771     | mul       | auto                     | 0       |
|    mac_muladd_8s_8s_16s_16_4_1_U1194                               | 1    |        | mul_ln76_772     | mul       | dsp_slice                | 3       |
|    mul_8s_8s_16_1_1_U866                                           |      |        | mul_ln76_773     | mul       | auto                     | 0       |
|    mac_muladd_8s_8s_16s_17_4_1_U1530                               | 1    |        | mul_ln76_774     | mul       | dsp_slice                | 3       |
|    mac_muladd_8s_8s_16s_17_4_1_U1530                               | 1    |        | sext_ln76_1316   | sext      | dsp_slice                | 3       |
|    mac_muladd_8s_8s_16s_16_4_1_U1531                               | 1    |        | mul_ln76_775     | mul       | dsp_slice                | 3       |
|    mul_8s_8s_16_1_1_U1003                                          |      |        | mul_ln76_776     | mul       | auto                     | 0       |
|    mac_muladd_8s_8s_16s_17_4_1_U1195                               | 1    |        | mul_ln76_777     | mul       | dsp_slice                | 3       |
|    mac_muladd_8s_8s_16s_17_4_1_U1195                               | 1    |        | sext_ln76_1317   | sext      | dsp_slice                | 3       |
|    mul_8s_8s_16_1_1_U867                                           |      |        | mul_ln76_778     | mul       | auto                     | 0       |
|    mac_muladd_8s_8s_17s_17_4_1_U1532                               | 1    |        | mul_ln76_779     | mul       | dsp_slice                | 3       |
|    mac_muladd_8s_8s_17s_17_4_1_U1532                               | 1    |        | sext_ln76_1319   | sext      | dsp_slice                | 3       |
|    mac_muladd_8s_8s_16s_16_4_1_U1533                               | 1    |        | mul_ln76_780     | mul       | dsp_slice                | 3       |
|    mul_8s_8s_16_1_1_U1004                                          |      |        | mul_ln76_781     | mul       | auto                     | 0       |
|    mac_muladd_8s_8s_16s_16_4_1_U1196                               | 1    |        | mul_ln76_782     | mul       | dsp_slice                | 3       |
|    mul_8s_8s_16_1_1_U868                                           |      |        | mul_ln76_783     | mul       | auto                     | 0       |
|    mac_muladd_8s_8s_15s_16_4_1_U1525                               | 1    |        | add_ln76_744     | add       | dsp_slice                | 3       |
|    mac_muladd_8s_8s_16s_17_4_1_U1190                               | 1    |        | add_ln76_745     | add       | dsp_slice                | 3       |
|    mac_muladd_8s_8s_17s_17_4_1_U1524                               | 1    |        | add_ln76_746     | add       | dsp_slice                | 3       |
|    add_ln76_747_fu_15005_p2                                        |      |        | add_ln76_747     | add       | fabric                   | 0       |
|    mac_muladd_8s_8s_16s_16_4_1_U1523                               | 1    |        | add_ln76_748     | add       | dsp_slice                | 3       |
|    mac_muladd_8s_8s_16s_16_4_1_U1189                               | 1    |        | add_ln76_749     | add       | dsp_slice                | 3       |
|    mac_muladd_8s_8s_16s_17_4_1_U1522                               | 1    |        | add_ln76_750     | add       | dsp_slice                | 3       |
|    add_ln76_751_fu_15021_p2                                        |      |        | add_ln76_751     | add       | fabric                   | 0       |
|    add_ln76_752_fu_15031_p2                                        |      |        | add_ln76_752     | add       | fabric                   | 0       |
|    mac_muladd_8s_8s_16s_16_4_1_U1521                               | 1    |        | add_ln76_753     | add       | dsp_slice                | 3       |
|    mac_muladd_8s_8s_16s_16_4_1_U1188                               | 1    |        | add_ln76_754     | add       | dsp_slice                | 3       |
|    mac_muladd_8s_8s_16s_17_4_1_U1520                               | 1    |        | add_ln76_755     | add       | dsp_slice                | 3       |
|    add_ln76_756_fu_15043_p2                                        |      |        | add_ln76_756     | add       | fabric                   | 0       |
|    mac_muladd_8s_8s_16s_16_4_1_U1519                               | 1    |        | add_ln76_757     | add       | dsp_slice                | 3       |
|    mac_muladd_8s_8s_16s_16_4_1_U1196                               | 1    |        | add_ln76_758     | add       | dsp_slice                | 3       |
|    mac_muladd_8s_8s_16s_17_4_1_U1518                               | 1    |        | add_ln76_759     | add       | dsp_slice                | 3       |
|    add_ln76_760_fu_15059_p2                                        |      |        | add_ln76_760     | add       | fabric                   | 0       |
|    add_ln76_761_fu_15069_p2                                        |      |        | add_ln76_761     | add       | fabric                   | 0       |
|    add_ln76_762_fu_16332_p2                                        |      |        | add_ln76_762     | add       | fabric                   | 0       |
|    mac_muladd_8s_8s_16s_16_4_1_U1533                               | 1    |        | add_ln76_763     | add       | dsp_slice                | 3       |
|    mac_muladd_8s_8s_16s_17_4_1_U1195                               | 1    |        | add_ln76_764     | add       | dsp_slice                | 3       |
|    mac_muladd_8s_8s_17s_17_4_1_U1532                               | 1    |        | add_ln76_765     | add       | dsp_slice                | 3       |
|    add_ln76_766_fu_15081_p2                                        |      |        | add_ln76_766     | add       | fabric                   | 0       |
|    mac_muladd_8s_8s_16s_16_4_1_U1531                               | 1    |        | add_ln76_767     | add       | dsp_slice                | 3       |
|    mac_muladd_8s_8s_16s_16_4_1_U1194                               | 1    |        | add_ln76_768     | add       | dsp_slice                | 3       |
|    mac_muladd_8s_8s_16s_17_4_1_U1530                               | 1    |        | add_ln76_769     | add       | dsp_slice                | 3       |
|    add_ln76_770_fu_15097_p2                                        |      |        | add_ln76_770     | add       | fabric                   | 0       |
|    add_ln76_771_fu_15107_p2                                        |      |        | add_ln76_771     | add       | fabric                   | 0       |
|    mac_muladd_8s_8s_16s_16_4_1_U1529                               | 1    |        | add_ln76_772     | add       | dsp_slice                | 3       |
|    mac_muladd_8s_8s_16s_16_4_1_U1193                               | 1    |        | add_ln76_773     | add       | dsp_slice                | 3       |
|    mac_muladd_8s_8s_16s_17_4_1_U1528                               | 1    |        | add_ln76_774     | add       | dsp_slice                | 3       |
|    add_ln76_775_fu_15119_p2                                        |      |        | add_ln76_775     | add       | fabric                   | 0       |
|    mac_muladd_8s_8s_16s_16_4_1_U1192                               | 1    |        | add_ln76_776     | add       | dsp_slice                | 3       |
|    mac_muladd_8s_8s_16s_17_4_1_U1527                               | 1    |        | add_ln76_777     | add       | dsp_slice                | 3       |
|    mac_muladd_8s_8s_16s_16_4_1_U1191                               | 1    |        | add_ln76_778     | add       | dsp_slice                | 3       |
|    mac_muladd_8s_8s_16s_17_4_1_U1526                               | 1    |        | add_ln76_779     | add       | dsp_slice                | 3       |
|    add_ln76_780_fu_15135_p2                                        |      |        | add_ln76_780     | add       | fabric                   | 0       |
|    add_ln76_781_fu_15145_p2                                        |      |        | add_ln76_781     | add       | fabric                   | 0       |
|    add_ln76_782_fu_16348_p2                                        |      |        | add_ln76_782     | add       | fabric                   | 0       |
|    acc_32_fu_16358_p2                                              |      |        | acc_32           | add       | fabric                   | 0       |
|    mac_muladd_8s_8s_16s_17_4_1_U1534                               | 1    |        | mul_ln76_784     | mul       | dsp_slice                | 3       |
|    mac_muladd_8s_8s_16s_17_4_1_U1534                               | 1    |        | sext_ln76_1357   | sext      | dsp_slice                | 3       |
|    mac_muladd_8s_8s_16s_16_4_1_U1535                               | 1    |        | mul_ln76_785     | mul       | dsp_slice                | 3       |
|    mul_8s_8s_16_1_1_U1005                                          |      |        | mul_ln76_786     | mul       | auto                     | 0       |
|    mac_muladd_8s_8s_16s_16_4_1_U1197                               | 1    |        | mul_ln76_787     | mul       | dsp_slice                | 3       |
|    mul_8s_8s_16_1_1_U869                                           |      |        | mul_ln76_788     | mul       | auto                     | 0       |
|    mac_muladd_8s_8s_16s_17_4_1_U1536                               | 1    |        | mul_ln76_789     | mul       | dsp_slice                | 3       |
|    mac_muladd_8s_8s_16s_17_4_1_U1536                               | 1    |        | sext_ln76_1358   | sext      | dsp_slice                | 3       |
|    mac_muladd_8s_8s_16s_16_4_1_U1537                               | 1    |        | mul_ln76_790     | mul       | dsp_slice                | 3       |
|    mul_8s_8s_16_1_1_U1006                                          |      |        | mul_ln76_791     | mul       | auto                     | 0       |
|    mac_muladd_8s_8s_16s_16_4_1_U1198                               | 1    |        | mul_ln76_792     | mul       | dsp_slice                | 3       |
|    mul_8s_8s_16_1_1_U870                                           |      |        | mul_ln76_793     | mul       | auto                     | 0       |
|    mac_muladd_8s_8s_16s_17_4_1_U1538                               | 1    |        | mul_ln76_794     | mul       | dsp_slice                | 3       |
|    mac_muladd_8s_8s_16s_17_4_1_U1538                               | 1    |        | sext_ln76_1359   | sext      | dsp_slice                | 3       |
|    mac_muladd_8s_8s_16s_16_4_1_U1539                               | 1    |        | mul_ln76_795     | mul       | dsp_slice                | 3       |
|    mul_8s_8s_16_1_1_U1007                                          |      |        | mul_ln76_796     | mul       | auto                     | 0       |
|    mac_muladd_8s_8s_16s_17_4_1_U1199                               | 1    |        | mul_ln76_797     | mul       | dsp_slice                | 3       |
|    mac_muladd_8s_8s_16s_17_4_1_U1199                               | 1    |        | sext_ln76_1360   | sext      | dsp_slice                | 3       |
|    mul_8s_8s_16_1_1_U871                                           |      |        | mul_ln76_798     | mul       | auto                     | 0       |
|    mac_muladd_8s_8s_17s_17_4_1_U1540                               | 1    |        | mul_ln76_799     | mul       | dsp_slice                | 3       |
|    mac_muladd_8s_8s_17s_17_4_1_U1540                               | 1    |        | sext_ln76_1362   | sext      | dsp_slice                | 3       |
|    mac_muladd_8s_8s_15s_16_4_1_U1541                               | 1    |        | mul_ln76_800     | mul       | dsp_slice                | 3       |
|    mac_muladd_8s_8s_16s_16_4_1_U1200                               | 1    |        | mul_ln76_801     | mul       | dsp_slice                | 3       |
|    mul_8s_8s_16_1_1_U872                                           |      |        | mul_ln76_802     | mul       | auto                     | 0       |
|    mac_muladd_8s_8s_16s_17_4_1_U1542                               | 1    |        | mul_ln76_803     | mul       | dsp_slice                | 3       |
|    mac_muladd_8s_8s_16s_17_4_1_U1542                               | 1    |        | sext_ln76_1363   | sext      | dsp_slice                | 3       |
|    mac_muladd_8s_8s_16s_16_4_1_U1201                               | 1    |        | mul_ln76_804     | mul       | dsp_slice                | 3       |
|    mul_8s_8s_16_1_1_U873                                           |      |        | mul_ln76_805     | mul       | auto                     | 0       |
|    mac_muladd_8s_8s_16s_17_4_1_U1543                               | 1    |        | mul_ln76_806     | mul       | dsp_slice                | 3       |
|    mac_muladd_8s_8s_16s_17_4_1_U1543                               | 1    |        | sext_ln76_1364   | sext      | dsp_slice                | 3       |
|    mac_muladd_8s_8s_16s_16_4_1_U1202                               | 1    |        | mul_ln76_807     | mul       | dsp_slice                | 3       |
|    mul_8s_8s_16_1_1_U874                                           |      |        | mul_ln76_808     | mul       | auto                     | 0       |
|    mac_muladd_8s_8s_16s_17_4_1_U1544                               | 1    |        | mul_ln76_809     | mul       | dsp_slice                | 3       |
|    mac_muladd_8s_8s_16s_17_4_1_U1544                               | 1    |        | sext_ln76_1365   | sext      | dsp_slice                | 3       |
|    mac_muladd_8s_8s_16s_16_4_1_U1545                               | 1    |        | mul_ln76_810     | mul       | dsp_slice                | 3       |
|    mul_8s_8s_16_1_1_U1008                                          |      |        | mul_ln76_811     | mul       | auto                     | 0       |
|    mac_muladd_8s_8s_16s_16_4_1_U1203                               | 1    |        | mul_ln76_812     | mul       | dsp_slice                | 3       |
|    mul_8s_8s_16_1_1_U875                                           |      |        | mul_ln76_813     | mul       | auto                     | 0       |
|    mac_muladd_8s_8s_16s_17_4_1_U1546                               | 1    |        | mul_ln76_814     | mul       | dsp_slice                | 3       |
|    mac_muladd_8s_8s_16s_17_4_1_U1546                               | 1    |        | sext_ln76_1366   | sext      | dsp_slice                | 3       |
|    mac_muladd_8s_8s_16s_16_4_1_U1547                               | 1    |        | mul_ln76_815     | mul       | dsp_slice                | 3       |
|    mul_8s_8s_16_1_1_U1009                                          |      |        | mul_ln76_816     | mul       | auto                     | 0       |
|    mac_muladd_8s_8s_16s_17_4_1_U1204                               | 1    |        | mul_ln76_817     | mul       | dsp_slice                | 3       |
|    mac_muladd_8s_8s_16s_17_4_1_U1204                               | 1    |        | sext_ln76_1367   | sext      | dsp_slice                | 3       |
|    mul_8s_8s_16_1_1_U876                                           |      |        | mul_ln76_818     | mul       | auto                     | 0       |
|    mac_muladd_8s_8s_17s_17_4_1_U1548                               | 1    |        | mul_ln76_819     | mul       | dsp_slice                | 3       |
|    mac_muladd_8s_8s_17s_17_4_1_U1548                               | 1    |        | sext_ln76_1369   | sext      | dsp_slice                | 3       |
|    mac_muladd_8s_8s_16s_16_4_1_U1549                               | 1    |        | mul_ln76_820     | mul       | dsp_slice                | 3       |
|    mul_8s_8s_16_1_1_U1010                                          |      |        | mul_ln76_821     | mul       | auto                     | 0       |
|    mac_muladd_8s_8s_16s_16_4_1_U1205                               | 1    |        | mul_ln76_822     | mul       | dsp_slice                | 3       |
|    mul_8s_8s_16_1_1_U877                                           |      |        | mul_ln76_823     | mul       | auto                     | 0       |
|    mac_muladd_8s_8s_15s_16_4_1_U1541                               | 1    |        | add_ln76_784     | add       | dsp_slice                | 3       |
|    mac_muladd_8s_8s_16s_17_4_1_U1199                               | 1    |        | add_ln76_785     | add       | dsp_slice                | 3       |
|    mac_muladd_8s_8s_17s_17_4_1_U1540                               | 1    |        | add_ln76_786     | add       | dsp_slice                | 3       |
|    add_ln76_787_fu_15157_p2                                        |      |        | add_ln76_787     | add       | fabric                   | 0       |
|    mac_muladd_8s_8s_16s_16_4_1_U1539                               | 1    |        | add_ln76_788     | add       | dsp_slice                | 3       |
|    mac_muladd_8s_8s_16s_16_4_1_U1198                               | 1    |        | add_ln76_789     | add       | dsp_slice                | 3       |
|    mac_muladd_8s_8s_16s_17_4_1_U1538                               | 1    |        | add_ln76_790     | add       | dsp_slice                | 3       |
|    add_ln76_791_fu_15173_p2                                        |      |        | add_ln76_791     | add       | fabric                   | 0       |
|    add_ln76_792_fu_15183_p2                                        |      |        | add_ln76_792     | add       | fabric                   | 0       |
|    mac_muladd_8s_8s_16s_16_4_1_U1537                               | 1    |        | add_ln76_793     | add       | dsp_slice                | 3       |
|    mac_muladd_8s_8s_16s_16_4_1_U1197                               | 1    |        | add_ln76_794     | add       | dsp_slice                | 3       |
|    mac_muladd_8s_8s_16s_17_4_1_U1536                               | 1    |        | add_ln76_795     | add       | dsp_slice                | 3       |
|    add_ln76_796_fu_15195_p2                                        |      |        | add_ln76_796     | add       | fabric                   | 0       |
|    mac_muladd_8s_8s_16s_16_4_1_U1535                               | 1    |        | add_ln76_797     | add       | dsp_slice                | 3       |
|    mac_muladd_8s_8s_16s_16_4_1_U1205                               | 1    |        | add_ln76_798     | add       | dsp_slice                | 3       |
|    mac_muladd_8s_8s_16s_17_4_1_U1534                               | 1    |        | add_ln76_799     | add       | dsp_slice                | 3       |
|    add_ln76_800_fu_15211_p2                                        |      |        | add_ln76_800     | add       | fabric                   | 0       |
|    add_ln76_801_fu_15221_p2                                        |      |        | add_ln76_801     | add       | fabric                   | 0       |
|    add_ln76_802_fu_16375_p2                                        |      |        | add_ln76_802     | add       | fabric                   | 0       |
|    mac_muladd_8s_8s_16s_16_4_1_U1549                               | 1    |        | add_ln76_803     | add       | dsp_slice                | 3       |
|    mac_muladd_8s_8s_16s_17_4_1_U1204                               | 1    |        | add_ln76_804     | add       | dsp_slice                | 3       |
|    mac_muladd_8s_8s_17s_17_4_1_U1548                               | 1    |        | add_ln76_805     | add       | dsp_slice                | 3       |
|    add_ln76_806_fu_15233_p2                                        |      |        | add_ln76_806     | add       | fabric                   | 0       |
|    mac_muladd_8s_8s_16s_16_4_1_U1547                               | 1    |        | add_ln76_807     | add       | dsp_slice                | 3       |
|    mac_muladd_8s_8s_16s_16_4_1_U1203                               | 1    |        | add_ln76_808     | add       | dsp_slice                | 3       |
|    mac_muladd_8s_8s_16s_17_4_1_U1546                               | 1    |        | add_ln76_809     | add       | dsp_slice                | 3       |
|    add_ln76_810_fu_15249_p2                                        |      |        | add_ln76_810     | add       | fabric                   | 0       |
|    add_ln76_811_fu_15259_p2                                        |      |        | add_ln76_811     | add       | fabric                   | 0       |
|    mac_muladd_8s_8s_16s_16_4_1_U1545                               | 1    |        | add_ln76_812     | add       | dsp_slice                | 3       |
|    mac_muladd_8s_8s_16s_16_4_1_U1202                               | 1    |        | add_ln76_813     | add       | dsp_slice                | 3       |
|    mac_muladd_8s_8s_16s_17_4_1_U1544                               | 1    |        | add_ln76_814     | add       | dsp_slice                | 3       |
|    add_ln76_815_fu_15271_p2                                        |      |        | add_ln76_815     | add       | fabric                   | 0       |
|    mac_muladd_8s_8s_16s_16_4_1_U1201                               | 1    |        | add_ln76_816     | add       | dsp_slice                | 3       |
|    mac_muladd_8s_8s_16s_17_4_1_U1543                               | 1    |        | add_ln76_817     | add       | dsp_slice                | 3       |
|    mac_muladd_8s_8s_16s_16_4_1_U1200                               | 1    |        | add_ln76_818     | add       | dsp_slice                | 3       |
|    mac_muladd_8s_8s_16s_17_4_1_U1542                               | 1    |        | add_ln76_819     | add       | dsp_slice                | 3       |
|    add_ln76_820_fu_15287_p2                                        |      |        | add_ln76_820     | add       | fabric                   | 0       |
|    add_ln76_821_fu_15297_p2                                        |      |        | add_ln76_821     | add       | fabric                   | 0       |
|    add_ln76_822_fu_16391_p2                                        |      |        | add_ln76_822     | add       | fabric                   | 0       |
|    acc_33_fu_16401_p2                                              |      |        | acc_33           | add       | fabric                   | 0       |
|    mac_muladd_8s_8s_16s_17_4_1_U1550                               | 1    |        | mul_ln76_824     | mul       | dsp_slice                | 3       |
|    mac_muladd_8s_8s_16s_17_4_1_U1550                               | 1    |        | sext_ln76_1407   | sext      | dsp_slice                | 3       |
|    mac_muladd_8s_8s_16s_16_4_1_U1551                               | 1    |        | mul_ln76_825     | mul       | dsp_slice                | 3       |
|    mul_8s_8s_16_1_1_U1011                                          |      |        | mul_ln76_826     | mul       | auto                     | 0       |
|    mac_muladd_8s_8s_16s_16_4_1_U1206                               | 1    |        | mul_ln76_827     | mul       | dsp_slice                | 3       |
|    mul_8s_8s_16_1_1_U878                                           |      |        | mul_ln76_828     | mul       | auto                     | 0       |
|    mac_muladd_8s_8s_16s_17_4_1_U1552                               | 1    |        | mul_ln76_829     | mul       | dsp_slice                | 3       |
|    mac_muladd_8s_8s_16s_17_4_1_U1552                               | 1    |        | sext_ln76_1408   | sext      | dsp_slice                | 3       |
|    mac_muladd_8s_8s_16s_16_4_1_U1553                               | 1    |        | mul_ln76_830     | mul       | dsp_slice                | 3       |
|    mul_8s_8s_16_1_1_U1012                                          |      |        | mul_ln76_831     | mul       | auto                     | 0       |
|    mac_muladd_8s_8s_16s_16_4_1_U1207                               | 1    |        | mul_ln76_832     | mul       | dsp_slice                | 3       |
|    mul_8s_8s_16_1_1_U879                                           |      |        | mul_ln76_833     | mul       | auto                     | 0       |
|    mac_muladd_8s_8s_16s_17_4_1_U1554                               | 1    |        | mul_ln76_834     | mul       | dsp_slice                | 3       |
|    mac_muladd_8s_8s_16s_17_4_1_U1554                               | 1    |        | sext_ln76_1409   | sext      | dsp_slice                | 3       |
|    mac_muladd_8s_8s_16s_16_4_1_U1555                               | 1    |        | mul_ln76_835     | mul       | dsp_slice                | 3       |
|    mul_8s_8s_16_1_1_U1013                                          |      |        | mul_ln76_836     | mul       | auto                     | 0       |
|    mac_muladd_8s_8s_16s_17_4_1_U1208                               | 1    |        | mul_ln76_837     | mul       | dsp_slice                | 3       |
|    mac_muladd_8s_8s_16s_17_4_1_U1208                               | 1    |        | sext_ln76_1410   | sext      | dsp_slice                | 3       |
|    mul_8s_8s_16_1_1_U880                                           |      |        | mul_ln76_838     | mul       | auto                     | 0       |
|    mac_muladd_8s_8s_17s_17_4_1_U1556                               | 1    |        | mul_ln76_839     | mul       | dsp_slice                | 3       |
|    mac_muladd_8s_8s_17s_17_4_1_U1556                               | 1    |        | sext_ln76_1412   | sext      | dsp_slice                | 3       |
|    mac_muladd_8s_8s_15s_16_4_1_U1557                               | 1    |        | mul_ln76_840     | mul       | dsp_slice                | 3       |
|    mac_muladd_8s_8s_16s_16_4_1_U1209                               | 1    |        | mul_ln76_841     | mul       | dsp_slice                | 3       |
|    mul_8s_8s_16_1_1_U881                                           |      |        | mul_ln76_842     | mul       | auto                     | 0       |
|    mac_muladd_8s_8s_16s_17_4_1_U1558                               | 1    |        | mul_ln76_843     | mul       | dsp_slice                | 3       |
|    mac_muladd_8s_8s_16s_17_4_1_U1558                               | 1    |        | sext_ln76_1413   | sext      | dsp_slice                | 3       |
|    mac_muladd_8s_8s_16s_16_4_1_U1210                               | 1    |        | mul_ln76_844     | mul       | dsp_slice                | 3       |
|    mul_8s_8s_16_1_1_U882                                           |      |        | mul_ln76_845     | mul       | auto                     | 0       |
|    mac_muladd_8s_8s_16s_17_4_1_U1559                               | 1    |        | mul_ln76_846     | mul       | dsp_slice                | 3       |
|    mac_muladd_8s_8s_16s_17_4_1_U1559                               | 1    |        | sext_ln76_1414   | sext      | dsp_slice                | 3       |
|    mac_muladd_8s_8s_16s_16_4_1_U1211                               | 1    |        | mul_ln76_847     | mul       | dsp_slice                | 3       |
|    mul_8s_8s_16_1_1_U883                                           |      |        | mul_ln76_848     | mul       | auto                     | 0       |
|    mac_muladd_8s_8s_16s_17_4_1_U1560                               | 1    |        | mul_ln76_849     | mul       | dsp_slice                | 3       |
|    mac_muladd_8s_8s_16s_17_4_1_U1560                               | 1    |        | sext_ln76_1415   | sext      | dsp_slice                | 3       |
|    mac_muladd_8s_8s_16s_16_4_1_U1561                               | 1    |        | mul_ln76_850     | mul       | dsp_slice                | 3       |
|    mul_8s_8s_16_1_1_U1014                                          |      |        | mul_ln76_851     | mul       | auto                     | 0       |
|    mac_muladd_8s_8s_16s_16_4_1_U1212                               | 1    |        | mul_ln76_852     | mul       | dsp_slice                | 3       |
|    mul_8s_8s_16_1_1_U884                                           |      |        | mul_ln76_853     | mul       | auto                     | 0       |
|    mac_muladd_8s_8s_16s_17_4_1_U1562                               | 1    |        | mul_ln76_854     | mul       | dsp_slice                | 3       |
|    mac_muladd_8s_8s_16s_17_4_1_U1562                               | 1    |        | sext_ln76_1416   | sext      | dsp_slice                | 3       |
|    mac_muladd_8s_8s_16s_16_4_1_U1563                               | 1    |        | mul_ln76_855     | mul       | dsp_slice                | 3       |
|    mul_8s_8s_16_1_1_U1015                                          |      |        | mul_ln76_856     | mul       | auto                     | 0       |
|    mac_muladd_8s_8s_16s_17_4_1_U1213                               | 1    |        | mul_ln76_857     | mul       | dsp_slice                | 3       |
|    mac_muladd_8s_8s_16s_17_4_1_U1213                               | 1    |        | sext_ln76_1417   | sext      | dsp_slice                | 3       |
|    mul_8s_8s_16_1_1_U885                                           |      |        | mul_ln76_858     | mul       | auto                     | 0       |
|    mac_muladd_8s_8s_17s_17_4_1_U1564                               | 1    |        | mul_ln76_859     | mul       | dsp_slice                | 3       |
|    mac_muladd_8s_8s_17s_17_4_1_U1564                               | 1    |        | sext_ln76_1419   | sext      | dsp_slice                | 3       |
|    mac_muladd_8s_8s_16s_16_4_1_U1565                               | 1    |        | mul_ln76_860     | mul       | dsp_slice                | 3       |
|    mul_8s_8s_16_1_1_U1016                                          |      |        | mul_ln76_861     | mul       | auto                     | 0       |
|    mac_muladd_8s_8s_16s_16_4_1_U1214                               | 1    |        | mul_ln76_862     | mul       | dsp_slice                | 3       |
|    mul_8s_8s_16_1_1_U886                                           |      |        | mul_ln76_863     | mul       | auto                     | 0       |
|    mac_muladd_8s_8s_15s_16_4_1_U1557                               | 1    |        | add_ln76_824     | add       | dsp_slice                | 3       |
|    mac_muladd_8s_8s_16s_17_4_1_U1208                               | 1    |        | add_ln76_825     | add       | dsp_slice                | 3       |
|    mac_muladd_8s_8s_17s_17_4_1_U1556                               | 1    |        | add_ln76_826     | add       | dsp_slice                | 3       |
|    add_ln76_827_fu_15309_p2                                        |      |        | add_ln76_827     | add       | fabric                   | 0       |
|    mac_muladd_8s_8s_16s_16_4_1_U1555                               | 1    |        | add_ln76_828     | add       | dsp_slice                | 3       |
|    mac_muladd_8s_8s_16s_16_4_1_U1207                               | 1    |        | add_ln76_829     | add       | dsp_slice                | 3       |
|    mac_muladd_8s_8s_16s_17_4_1_U1554                               | 1    |        | add_ln76_830     | add       | dsp_slice                | 3       |
|    add_ln76_831_fu_15325_p2                                        |      |        | add_ln76_831     | add       | fabric                   | 0       |
|    add_ln76_832_fu_15335_p2                                        |      |        | add_ln76_832     | add       | fabric                   | 0       |
|    mac_muladd_8s_8s_16s_16_4_1_U1553                               | 1    |        | add_ln76_833     | add       | dsp_slice                | 3       |
|    mac_muladd_8s_8s_16s_16_4_1_U1206                               | 1    |        | add_ln76_834     | add       | dsp_slice                | 3       |
|    mac_muladd_8s_8s_16s_17_4_1_U1552                               | 1    |        | add_ln76_835     | add       | dsp_slice                | 3       |
|    add_ln76_836_fu_15347_p2                                        |      |        | add_ln76_836     | add       | fabric                   | 0       |
|    mac_muladd_8s_8s_16s_16_4_1_U1551                               | 1    |        | add_ln76_837     | add       | dsp_slice                | 3       |
|    mac_muladd_8s_8s_16s_16_4_1_U1214                               | 1    |        | add_ln76_838     | add       | dsp_slice                | 3       |
|    mac_muladd_8s_8s_16s_17_4_1_U1550                               | 1    |        | add_ln76_839     | add       | dsp_slice                | 3       |
|    add_ln76_840_fu_15363_p2                                        |      |        | add_ln76_840     | add       | fabric                   | 0       |
|    add_ln76_841_fu_15373_p2                                        |      |        | add_ln76_841     | add       | fabric                   | 0       |
|    add_ln76_842_fu_16418_p2                                        |      |        | add_ln76_842     | add       | fabric                   | 0       |
|    mac_muladd_8s_8s_16s_16_4_1_U1565                               | 1    |        | add_ln76_843     | add       | dsp_slice                | 3       |
|    mac_muladd_8s_8s_16s_17_4_1_U1213                               | 1    |        | add_ln76_844     | add       | dsp_slice                | 3       |
|    mac_muladd_8s_8s_17s_17_4_1_U1564                               | 1    |        | add_ln76_845     | add       | dsp_slice                | 3       |
|    add_ln76_846_fu_15385_p2                                        |      |        | add_ln76_846     | add       | fabric                   | 0       |
|    mac_muladd_8s_8s_16s_16_4_1_U1563                               | 1    |        | add_ln76_847     | add       | dsp_slice                | 3       |
|    mac_muladd_8s_8s_16s_16_4_1_U1212                               | 1    |        | add_ln76_848     | add       | dsp_slice                | 3       |
|    mac_muladd_8s_8s_16s_17_4_1_U1562                               | 1    |        | add_ln76_849     | add       | dsp_slice                | 3       |
|    add_ln76_850_fu_15401_p2                                        |      |        | add_ln76_850     | add       | fabric                   | 0       |
|    add_ln76_851_fu_15411_p2                                        |      |        | add_ln76_851     | add       | fabric                   | 0       |
|    mac_muladd_8s_8s_16s_16_4_1_U1561                               | 1    |        | add_ln76_852     | add       | dsp_slice                | 3       |
|    mac_muladd_8s_8s_16s_16_4_1_U1211                               | 1    |        | add_ln76_853     | add       | dsp_slice                | 3       |
|    mac_muladd_8s_8s_16s_17_4_1_U1560                               | 1    |        | add_ln76_854     | add       | dsp_slice                | 3       |
|    add_ln76_855_fu_15423_p2                                        |      |        | add_ln76_855     | add       | fabric                   | 0       |
|    mac_muladd_8s_8s_16s_16_4_1_U1210                               | 1    |        | add_ln76_856     | add       | dsp_slice                | 3       |
|    mac_muladd_8s_8s_16s_17_4_1_U1559                               | 1    |        | add_ln76_857     | add       | dsp_slice                | 3       |
|    mac_muladd_8s_8s_16s_16_4_1_U1209                               | 1    |        | add_ln76_858     | add       | dsp_slice                | 3       |
|    mac_muladd_8s_8s_16s_17_4_1_U1558                               | 1    |        | add_ln76_859     | add       | dsp_slice                | 3       |
|    add_ln76_860_fu_15439_p2                                        |      |        | add_ln76_860     | add       | fabric                   | 0       |
|    add_ln76_861_fu_15449_p2                                        |      |        | add_ln76_861     | add       | fabric                   | 0       |
|    add_ln76_862_fu_16434_p2                                        |      |        | add_ln76_862     | add       | fabric                   | 0       |
|    acc_34_fu_16444_p2                                              |      |        | acc_34           | add       | fabric                   | 0       |
|    mac_muladd_8s_8s_16s_16_4_1_U1215                               | 1    |        | mul_ln76_864     | mul       | dsp_slice                | 3       |
|    mul_8s_8s_16_1_1_U887                                           |      |        | mul_ln76_865     | mul       | auto                     | 0       |
|    mac_muladd_8s_8s_16s_17_4_1_U1566                               | 1    |        | mul_ln76_866     | mul       | dsp_slice                | 3       |
|    mac_muladd_8s_8s_16s_17_4_1_U1566                               | 1    |        | sext_ln76_1457   | sext      | dsp_slice                | 3       |
|    mac_muladd_8s_8s_16s_16_4_1_U1216                               | 1    |        | mul_ln76_867     | mul       | dsp_slice                | 3       |
|    mul_8s_8s_16_1_1_U684                                           |      |        | mul_ln76_868     | mul       | auto                     | 0       |
|    mac_muladd_8s_8s_16s_17_4_1_U1567                               | 1    |        | mul_ln76_869     | mul       | dsp_slice                | 3       |
|    mac_muladd_8s_8s_16s_17_4_1_U1567                               | 1    |        | sext_ln76_1458   | sext      | dsp_slice                | 3       |
|    mac_muladd_8s_8s_16s_16_4_1_U1217                               | 1    |        | mul_ln76_870     | mul       | dsp_slice                | 3       |
|    mul_8s_8s_16_1_1_U685                                           |      |        | mul_ln76_871     | mul       | auto                     | 0       |
|    mac_muladd_8s_8s_16s_17_4_1_U1568                               | 1    |        | mul_ln76_872     | mul       | dsp_slice                | 3       |
|    mac_muladd_8s_8s_16s_17_4_1_U1568                               | 1    |        | sext_ln76_1459   | sext      | dsp_slice                | 3       |
|    mac_muladd_8s_8s_16s_16_4_1_U1218                               | 1    |        | mul_ln76_873     | mul       | dsp_slice                | 3       |
|    mul_8s_8s_16_1_1_U686                                           |      |        | mul_ln76_874     | mul       | auto                     | 0       |
|    mac_muladd_8s_8s_16s_17_4_1_U1569                               | 1    |        | mul_ln76_875     | mul       | dsp_slice                | 3       |
|    mac_muladd_8s_8s_16s_17_4_1_U1569                               | 1    |        | sext_ln76_1460   | sext      | dsp_slice                | 3       |
|    mac_muladd_8s_8s_16s_16_4_1_U1219                               | 1    |        | mul_ln76_876     | mul       | dsp_slice                | 3       |
|    mul_8s_8s_16_1_1_U687                                           |      |        | mul_ln76_877     | mul       | auto                     | 0       |
|    mac_muladd_8s_8s_16s_17_4_1_U1570                               | 1    |        | mul_ln76_878     | mul       | dsp_slice                | 3       |
|    mac_muladd_8s_8s_16s_17_4_1_U1570                               | 1    |        | sext_ln76_1461   | sext      | dsp_slice                | 3       |
|    mac_muladd_8s_8s_16s_16_4_1_U1220                               | 1    |        | mul_ln76_879     | mul       | dsp_slice                | 3       |
|    mul_8s_8s_16_1_1_U888                                           |      |        | mul_ln76_880     | mul       | auto                     | 0       |
|    mac_muladd_8s_8s_16s_16_4_1_U1221                               | 1    |        | mul_ln76_881     | mul       | dsp_slice                | 3       |
|    mul_8s_8s_16_1_1_U889                                           |      |        | mul_ln76_882     | mul       | auto                     | 0       |
|    mac_muladd_8s_8s_16s_16_4_1_U1222                               | 1    |        | mul_ln76_883     | mul       | dsp_slice                | 3       |
|    mul_8s_8s_16_1_1_U890                                           |      |        | mul_ln76_884     | mul       | auto                     | 0       |
|    mac_muladd_8s_8s_16s_16_4_1_U1223                               | 1    |        | mul_ln76_885     | mul       | dsp_slice                | 3       |
|    mul_8s_8s_16_1_1_U688                                           |      |        | mul_ln76_886     | mul       | auto                     | 0       |
|    mac_muladd_8s_8s_16s_17_4_1_U1571                               | 1    |        | mul_ln76_887     | mul       | dsp_slice                | 3       |
|    mac_muladd_8s_8s_16s_17_4_1_U1571                               | 1    |        | sext_ln76_1462   | sext      | dsp_slice                | 3       |
|    mac_muladd_8s_8s_16s_16_4_1_U1220                               | 1    |        | add_ln76_864     | add       | dsp_slice                | 3       |
|    add_ln76_865_fu_12151_p2                                        |      |        | add_ln76_865     | add       | fabric                   | 0       |
|    mac_muladd_8s_8s_16s_16_4_1_U1219                               | 1    |        | add_ln76_866     | add       | dsp_slice                | 3       |
|    mac_muladd_8s_8s_16s_17_4_1_U1570                               | 1    |        | add_ln76_867     | add       | dsp_slice                | 3       |
|    add_ln76_868_fu_15461_p2                                        |      |        | add_ln76_868     | add       | fabric                   | 0       |
|    mac_muladd_8s_8s_16s_16_4_1_U1218                               | 1    |        | add_ln76_869     | add       | dsp_slice                | 3       |
|    mac_muladd_8s_8s_16s_17_4_1_U1569                               | 1    |        | add_ln76_870     | add       | dsp_slice                | 3       |
|    mac_muladd_8s_8s_16s_16_4_1_U1217                               | 1    |        | add_ln76_871     | add       | dsp_slice                | 3       |
|    mac_muladd_8s_8s_16s_17_4_1_U1568                               | 1    |        | add_ln76_872     | add       | dsp_slice                | 3       |
|    add_ln76_873_fu_15477_p2                                        |      |        | add_ln76_873     | add       | fabric                   | 0       |
|    add_ln76_874_fu_15487_p2                                        |      |        | add_ln76_874     | add       | fabric                   | 0       |
|    mac_muladd_8s_8s_16s_16_4_1_U1216                               | 1    |        | add_ln76_875     | add       | dsp_slice                | 3       |
|    mac_muladd_8s_8s_16s_17_4_1_U1567                               | 1    |        | add_ln76_876     | add       | dsp_slice                | 3       |
|    mac_muladd_8s_8s_16s_16_4_1_U1215                               | 1    |        | add_ln76_877     | add       | dsp_slice                | 3       |
|    mac_muladd_8s_8s_16s_17_4_1_U1566                               | 1    |        | add_ln76_878     | add       | dsp_slice                | 3       |
|    add_ln76_879_fu_15499_p2                                        |      |        | add_ln76_879     | add       | fabric                   | 0       |
|    mac_muladd_8s_8s_16s_16_4_1_U1223                               | 1    |        | add_ln76_880     | add       | dsp_slice                | 3       |
|    mac_muladd_8s_8s_16s_17_4_1_U1571                               | 1    |        | add_ln76_881     | add       | dsp_slice                | 3       |
|    mac_muladd_8s_8s_16s_16_4_1_U1222                               | 1    |        | add_ln76_882     | add       | dsp_slice                | 3       |
|    mac_muladd_8s_8s_16s_16_4_1_U1221                               | 1    |        | add_ln76_883     | add       | dsp_slice                | 3       |
|    add_ln76_884_fu_12181_p2                                        |      |        | add_ln76_884     | add       | fabric                   | 0       |
|    add_ln76_885_fu_15515_p2                                        |      |        | add_ln76_885     | add       | fabric                   | 0       |
|    add_ln76_886_fu_15525_p2                                        |      |        | add_ln76_886     | add       | fabric                   | 0       |
|    acc_35_fu_16461_p2                                              |      |        | acc_35           | add       | fabric                   | 0       |
|   + relu_i8 (buffer_c2_390_relu_i8_fu_8289)                        | 0    |        |                  |           |                          |         |
|     icmp_ln5_fu_44_p2                                              |      |        | icmp_ln5         | setgt     | auto                     | 0       |
|     xor_ln11_fu_54_p2                                              |      |        | xor_ln11         | xor       | auto                     | 0       |
|     select_ln11_1_fu_60_p3                                         |      |        | select_ln11_1    | select    | auto_sel                 | 0       |
|     or_ln11_fu_68_p2                                               |      |        | or_ln11          | or        | auto                     | 0       |
|     ap_return                                                      |      |        | select_ln11      | select    | auto_sel                 | 0       |
|   + relu_i8 (buffer_c2_368_relu_i8_fu_8294)                        | 0    |        |                  |           |                          |         |
|     icmp_ln5_fu_44_p2                                              |      |        | icmp_ln5         | setgt     | auto                     | 0       |
|     xor_ln11_fu_54_p2                                              |      |        | xor_ln11         | xor       | auto                     | 0       |
|     select_ln11_1_fu_60_p3                                         |      |        | select_ln11_1    | select    | auto_sel                 | 0       |
|     or_ln11_fu_68_p2                                               |      |        | or_ln11          | or        | auto                     | 0       |
|     ap_return                                                      |      |        | select_ln11      | select    | auto_sel                 | 0       |
|   + relu_i8 (buffer_c2_369_relu_i8_fu_8299)                        | 0    |        |                  |           |                          |         |
|     icmp_ln5_fu_44_p2                                              |      |        | icmp_ln5         | setgt     | auto                     | 0       |
|     xor_ln11_fu_54_p2                                              |      |        | xor_ln11         | xor       | auto                     | 0       |
|     select_ln11_1_fu_60_p3                                         |      |        | select_ln11_1    | select    | auto_sel                 | 0       |
|     or_ln11_fu_68_p2                                               |      |        | or_ln11          | or        | auto                     | 0       |
|     ap_return                                                      |      |        | select_ln11      | select    | auto_sel                 | 0       |
|   + relu_i8 (buffer_c2_370_relu_i8_fu_8304)                        | 0    |        |                  |           |                          |         |
|     icmp_ln5_fu_44_p2                                              |      |        | icmp_ln5         | setgt     | auto                     | 0       |
|     xor_ln11_fu_54_p2                                              |      |        | xor_ln11         | xor       | auto                     | 0       |
|     select_ln11_1_fu_60_p3                                         |      |        | select_ln11_1    | select    | auto_sel                 | 0       |
|     or_ln11_fu_68_p2                                               |      |        | or_ln11          | or        | auto                     | 0       |
|     ap_return                                                      |      |        | select_ln11      | select    | auto_sel                 | 0       |
|   + relu_i8 (buffer_c2_371_relu_i8_fu_8309)                        | 0    |        |                  |           |                          |         |
|     icmp_ln5_fu_44_p2                                              |      |        | icmp_ln5         | setgt     | auto                     | 0       |
|     xor_ln11_fu_54_p2                                              |      |        | xor_ln11         | xor       | auto                     | 0       |
|     select_ln11_1_fu_60_p3                                         |      |        | select_ln11_1    | select    | auto_sel                 | 0       |
|     or_ln11_fu_68_p2                                               |      |        | or_ln11          | or        | auto                     | 0       |
|     ap_return                                                      |      |        | select_ln11      | select    | auto_sel                 | 0       |
|   + relu_i8 (buffer_c2_372_relu_i8_fu_8314)                        | 0    |        |                  |           |                          |         |
|     icmp_ln5_fu_44_p2                                              |      |        | icmp_ln5         | setgt     | auto                     | 0       |
|     xor_ln11_fu_54_p2                                              |      |        | xor_ln11         | xor       | auto                     | 0       |
|     select_ln11_1_fu_60_p3                                         |      |        | select_ln11_1    | select    | auto_sel                 | 0       |
|     or_ln11_fu_68_p2                                               |      |        | or_ln11          | or        | auto                     | 0       |
|     ap_return                                                      |      |        | select_ln11      | select    | auto_sel                 | 0       |
|   + relu_i8 (buffer_c2_373_relu_i8_fu_8319)                        | 0    |        |                  |           |                          |         |
|     icmp_ln5_fu_44_p2                                              |      |        | icmp_ln5         | setgt     | auto                     | 0       |
|     xor_ln11_fu_54_p2                                              |      |        | xor_ln11         | xor       | auto                     | 0       |
|     select_ln11_1_fu_60_p3                                         |      |        | select_ln11_1    | select    | auto_sel                 | 0       |
|     or_ln11_fu_68_p2                                               |      |        | or_ln11          | or        | auto                     | 0       |
|     ap_return                                                      |      |        | select_ln11      | select    | auto_sel                 | 0       |
|   + relu_i8 (buffer_c2_374_relu_i8_fu_8324)                        | 0    |        |                  |           |                          |         |
|     icmp_ln5_fu_44_p2                                              |      |        | icmp_ln5         | setgt     | auto                     | 0       |
|     xor_ln11_fu_54_p2                                              |      |        | xor_ln11         | xor       | auto                     | 0       |
|     select_ln11_1_fu_60_p3                                         |      |        | select_ln11_1    | select    | auto_sel                 | 0       |
|     or_ln11_fu_68_p2                                               |      |        | or_ln11          | or        | auto                     | 0       |
|     ap_return                                                      |      |        | select_ln11      | select    | auto_sel                 | 0       |
|   + relu_i8 (buffer_c2_375_relu_i8_fu_8329)                        | 0    |        |                  |           |                          |         |
|     icmp_ln5_fu_44_p2                                              |      |        | icmp_ln5         | setgt     | auto                     | 0       |
|     xor_ln11_fu_54_p2                                              |      |        | xor_ln11         | xor       | auto                     | 0       |
|     select_ln11_1_fu_60_p3                                         |      |        | select_ln11_1    | select    | auto_sel                 | 0       |
|     or_ln11_fu_68_p2                                               |      |        | or_ln11          | or        | auto                     | 0       |
|     ap_return                                                      |      |        | select_ln11      | select    | auto_sel                 | 0       |
|   + relu_i8 (buffer_c2_376_relu_i8_fu_8334)                        | 0    |        |                  |           |                          |         |
|     icmp_ln5_fu_44_p2                                              |      |        | icmp_ln5         | setgt     | auto                     | 0       |
|     xor_ln11_fu_54_p2                                              |      |        | xor_ln11         | xor       | auto                     | 0       |
|     select_ln11_1_fu_60_p3                                         |      |        | select_ln11_1    | select    | auto_sel                 | 0       |
|     or_ln11_fu_68_p2                                               |      |        | or_ln11          | or        | auto                     | 0       |
|     ap_return                                                      |      |        | select_ln11      | select    | auto_sel                 | 0       |
|   + relu_i8 (buffer_c2_377_relu_i8_fu_8339)                        | 0    |        |                  |           |                          |         |
|     icmp_ln5_fu_44_p2                                              |      |        | icmp_ln5         | setgt     | auto                     | 0       |
|     xor_ln11_fu_54_p2                                              |      |        | xor_ln11         | xor       | auto                     | 0       |
|     select_ln11_1_fu_60_p3                                         |      |        | select_ln11_1    | select    | auto_sel                 | 0       |
|     or_ln11_fu_68_p2                                               |      |        | or_ln11          | or        | auto                     | 0       |
|     ap_return                                                      |      |        | select_ln11      | select    | auto_sel                 | 0       |
|   + relu_i8 (buffer_c2_378_relu_i8_fu_8344)                        | 0    |        |                  |           |                          |         |
|     icmp_ln5_fu_44_p2                                              |      |        | icmp_ln5         | setgt     | auto                     | 0       |
|     xor_ln11_fu_54_p2                                              |      |        | xor_ln11         | xor       | auto                     | 0       |
|     select_ln11_1_fu_60_p3                                         |      |        | select_ln11_1    | select    | auto_sel                 | 0       |
|     or_ln11_fu_68_p2                                               |      |        | or_ln11          | or        | auto                     | 0       |
|     ap_return                                                      |      |        | select_ln11      | select    | auto_sel                 | 0       |
|   + relu_i8 (buffer_c2_379_relu_i8_fu_8349)                        | 0    |        |                  |           |                          |         |
|     icmp_ln5_fu_44_p2                                              |      |        | icmp_ln5         | setgt     | auto                     | 0       |
|     xor_ln11_fu_54_p2                                              |      |        | xor_ln11         | xor       | auto                     | 0       |
|     select_ln11_1_fu_60_p3                                         |      |        | select_ln11_1    | select    | auto_sel                 | 0       |
|     or_ln11_fu_68_p2                                               |      |        | or_ln11          | or        | auto                     | 0       |
|     ap_return                                                      |      |        | select_ln11      | select    | auto_sel                 | 0       |
|   + relu_i8 (buffer_c2_380_relu_i8_fu_8354)                        | 0    |        |                  |           |                          |         |
|     icmp_ln5_fu_44_p2                                              |      |        | icmp_ln5         | setgt     | auto                     | 0       |
|     xor_ln11_fu_54_p2                                              |      |        | xor_ln11         | xor       | auto                     | 0       |
|     select_ln11_1_fu_60_p3                                         |      |        | select_ln11_1    | select    | auto_sel                 | 0       |
|     or_ln11_fu_68_p2                                               |      |        | or_ln11          | or        | auto                     | 0       |
|     ap_return                                                      |      |        | select_ln11      | select    | auto_sel                 | 0       |
|   + relu_i8 (buffer_c2_381_relu_i8_fu_8359)                        | 0    |        |                  |           |                          |         |
|     icmp_ln5_fu_44_p2                                              |      |        | icmp_ln5         | setgt     | auto                     | 0       |
|     xor_ln11_fu_54_p2                                              |      |        | xor_ln11         | xor       | auto                     | 0       |
|     select_ln11_1_fu_60_p3                                         |      |        | select_ln11_1    | select    | auto_sel                 | 0       |
|     or_ln11_fu_68_p2                                               |      |        | or_ln11          | or        | auto                     | 0       |
|     ap_return                                                      |      |        | select_ln11      | select    | auto_sel                 | 0       |
|   + relu_i8 (buffer_c2_382_relu_i8_fu_8364)                        | 0    |        |                  |           |                          |         |
|     icmp_ln5_fu_44_p2                                              |      |        | icmp_ln5         | setgt     | auto                     | 0       |
|     xor_ln11_fu_54_p2                                              |      |        | xor_ln11         | xor       | auto                     | 0       |
|     select_ln11_1_fu_60_p3                                         |      |        | select_ln11_1    | select    | auto_sel                 | 0       |
|     or_ln11_fu_68_p2                                               |      |        | or_ln11          | or        | auto                     | 0       |
|     ap_return                                                      |      |        | select_ln11      | select    | auto_sel                 | 0       |
|   + relu_i8 (buffer_c2_383_relu_i8_fu_8369)                        | 0    |        |                  |           |                          |         |
|     icmp_ln5_fu_44_p2                                              |      |        | icmp_ln5         | setgt     | auto                     | 0       |
|     xor_ln11_fu_54_p2                                              |      |        | xor_ln11         | xor       | auto                     | 0       |
|     select_ln11_1_fu_60_p3                                         |      |        | select_ln11_1    | select    | auto_sel                 | 0       |
|     or_ln11_fu_68_p2                                               |      |        | or_ln11          | or        | auto                     | 0       |
|     ap_return                                                      |      |        | select_ln11      | select    | auto_sel                 | 0       |
|   + relu_i8 (buffer_c2_384_relu_i8_fu_8374)                        | 0    |        |                  |           |                          |         |
|     icmp_ln5_fu_44_p2                                              |      |        | icmp_ln5         | setgt     | auto                     | 0       |
|     xor_ln11_fu_54_p2                                              |      |        | xor_ln11         | xor       | auto                     | 0       |
|     select_ln11_1_fu_60_p3                                         |      |        | select_ln11_1    | select    | auto_sel                 | 0       |
|     or_ln11_fu_68_p2                                               |      |        | or_ln11          | or        | auto                     | 0       |
|     ap_return                                                      |      |        | select_ln11      | select    | auto_sel                 | 0       |
|   + relu_i8 (buffer_c2_385_relu_i8_fu_8379)                        | 0    |        |                  |           |                          |         |
|     icmp_ln5_fu_44_p2                                              |      |        | icmp_ln5         | setgt     | auto                     | 0       |
|     xor_ln11_fu_54_p2                                              |      |        | xor_ln11         | xor       | auto                     | 0       |
|     select_ln11_1_fu_60_p3                                         |      |        | select_ln11_1    | select    | auto_sel                 | 0       |
|     or_ln11_fu_68_p2                                               |      |        | or_ln11          | or        | auto                     | 0       |
|     ap_return                                                      |      |        | select_ln11      | select    | auto_sel                 | 0       |
|   + relu_i8 (buffer_c2_386_relu_i8_fu_8384)                        | 0    |        |                  |           |                          |         |
|     icmp_ln5_fu_44_p2                                              |      |        | icmp_ln5         | setgt     | auto                     | 0       |
|     xor_ln11_fu_54_p2                                              |      |        | xor_ln11         | xor       | auto                     | 0       |
|     select_ln11_1_fu_60_p3                                         |      |        | select_ln11_1    | select    | auto_sel                 | 0       |
|     or_ln11_fu_68_p2                                               |      |        | or_ln11          | or        | auto                     | 0       |
|     ap_return                                                      |      |        | select_ln11      | select    | auto_sel                 | 0       |
|   + relu_i8 (buffer_c2_387_relu_i8_fu_8389)                        | 0    |        |                  |           |                          |         |
|     icmp_ln5_fu_44_p2                                              |      |        | icmp_ln5         | setgt     | auto                     | 0       |
|     xor_ln11_fu_54_p2                                              |      |        | xor_ln11         | xor       | auto                     | 0       |
|     select_ln11_1_fu_60_p3                                         |      |        | select_ln11_1    | select    | auto_sel                 | 0       |
|     or_ln11_fu_68_p2                                               |      |        | or_ln11          | or        | auto                     | 0       |
|     ap_return                                                      |      |        | select_ln11      | select    | auto_sel                 | 0       |
|   + relu_i8 (buffer_c2_388_relu_i8_fu_8394)                        | 0    |        |                  |           |                          |         |
|     icmp_ln5_fu_44_p2                                              |      |        | icmp_ln5         | setgt     | auto                     | 0       |
|     xor_ln11_fu_54_p2                                              |      |        | xor_ln11         | xor       | auto                     | 0       |
|     select_ln11_1_fu_60_p3                                         |      |        | select_ln11_1    | select    | auto_sel                 | 0       |
|     or_ln11_fu_68_p2                                               |      |        | or_ln11          | or        | auto                     | 0       |
|     ap_return                                                      |      |        | select_ln11      | select    | auto_sel                 | 0       |
|   + relu_i8 (buffer_c2_389_relu_i8_fu_8399)                        | 0    |        |                  |           |                          |         |
|     icmp_ln5_fu_44_p2                                              |      |        | icmp_ln5         | setgt     | auto                     | 0       |
|     xor_ln11_fu_54_p2                                              |      |        | xor_ln11         | xor       | auto                     | 0       |
|     select_ln11_1_fu_60_p3                                         |      |        | select_ln11_1    | select    | auto_sel                 | 0       |
|     or_ln11_fu_68_p2                                               |      |        | or_ln11          | or        | auto                     | 0       |
|     ap_return                                                      |      |        | select_ln11      | select    | auto_sel                 | 0       |
|  + tiny_ecg_inference_Pipeline_VITIS_LOOP_88_8                     | 344  |        |                  |           |                          |         |
|    icmp_ln88_fu_5366_p2                                            |      |        | icmp_ln88        | seteq     | auto                     | 0       |
|    add_ln88_fu_5372_p2                                             |      |        | add_ln88         | add       | fabric                   | 0       |
|    mac_muladd_8s_8s_16s_17_4_1_U2709                               | 1    |        | mul_ln105        | mul       | dsp_slice                | 3       |
|    mac_muladd_8s_8s_16s_17_4_1_U2709                               | 1    |        | sext_ln105_383   | sext      | dsp_slice                | 3       |
|    mac_muladd_8s_8s_16s_17_4_1_U2523                               | 1    |        | mul_ln105_1      | mul       | dsp_slice                | 3       |
|    mac_muladd_8s_8s_16s_17_4_1_U2523                               | 1    |        | sext_ln105_384   | sext      | dsp_slice                | 3       |
|    mul_8s_8s_16_1_1_U2341                                          |      |        | mul_ln105_2      | mul       | auto                     | 0       |
|    mac_muladd_8s_8s_17s_17_4_1_U2710                               | 1    |        | mul_ln105_3      | mul       | dsp_slice                | 3       |
|    mac_muladd_8s_8s_17s_17_4_1_U2710                               | 1    |        | sext_ln105_386   | sext      | dsp_slice                | 3       |
|    mac_muladd_8s_8s_16s_17_4_1_U2524                               | 1    |        | mul_ln105_4      | mul       | dsp_slice                | 3       |
|    mac_muladd_8s_8s_16s_17_4_1_U2524                               | 1    |        | sext_ln105_387   | sext      | dsp_slice                | 3       |
|    mul_8s_8s_16_1_1_U2342                                          |      |        | mul_ln105_5      | mul       | auto                     | 0       |
|    mac_muladd_8s_8s_16s_16_4_1_U2525                               | 1    |        | mul_ln105_6      | mul       | dsp_slice                | 3       |
|    mul_8s_8s_16_1_1_U2343                                          |      |        | mul_ln105_7      | mul       | auto                     | 0       |
|    mac_muladd_8s_8s_16s_16_4_1_U2526                               | 1    |        | mul_ln105_8      | mul       | dsp_slice                | 3       |
|    mul_8s_8s_16_1_1_U2344                                          |      |        | mul_ln105_9      | mul       | auto                     | 0       |
|    mac_muladd_8s_8s_16s_16_4_1_U2527                               | 1    |        | mul_ln105_10     | mul       | dsp_slice                | 3       |
|    mul_8s_8s_16_1_1_U2345                                          |      |        | mul_ln105_11     | mul       | auto                     | 0       |
|    mac_muladd_8s_8s_16s_16_4_1_U2528                               | 1    |        | mul_ln105_12     | mul       | dsp_slice                | 3       |
|    mul_8s_8s_16_1_1_U2346                                          |      |        | mul_ln105_13     | mul       | auto                     | 0       |
|    mac_muladd_8s_8s_16s_16_4_1_U2529                               | 1    |        | mul_ln105_14     | mul       | dsp_slice                | 3       |
|    mul_8s_8s_16_1_1_U2347                                          |      |        | mul_ln105_15     | mul       | auto                     | 0       |
|    mac_muladd_8s_8s_16s_16_4_1_U2530                               | 1    |        | mul_ln105_16     | mul       | dsp_slice                | 3       |
|    mul_8s_8s_16_1_1_U2348                                          |      |        | mul_ln105_17     | mul       | auto                     | 0       |
|    mac_muladd_8s_8s_16s_16_4_1_U2531                               | 1    |        | mul_ln105_18     | mul       | dsp_slice                | 3       |
|    mul_8s_8s_16_1_1_U2349                                          |      |        | mul_ln105_19     | mul       | auto                     | 0       |
|    mac_muladd_8s_8s_16s_17_4_1_U2532                               | 1    |        | mul_ln105_20     | mul       | dsp_slice                | 3       |
|    mac_muladd_8s_8s_16s_17_4_1_U2532                               | 1    |        | sext_ln105_389   | sext      | dsp_slice                | 3       |
|    mul_8s_8s_16_1_1_U2350                                          |      |        | mul_ln105_21     | mul       | auto                     | 0       |
|    mac_muladd_8s_8s_16s_16_4_1_U2533                               | 1    |        | mul_ln105_22     | mul       | dsp_slice                | 3       |
|    mul_8s_8s_16_1_1_U2351                                          |      |        | mul_ln105_23     | mul       | auto                     | 0       |
|    mac_muladd_8s_8s_16s_16_4_1_U2534                               | 1    |        | mul_ln105_24     | mul       | dsp_slice                | 3       |
|    mul_8s_8s_16_1_1_U2352                                          |      |        | mul_ln105_25     | mul       | auto                     | 0       |
|    mac_muladd_8s_8s_16s_16_4_1_U2535                               | 1    |        | mul_ln105_26     | mul       | dsp_slice                | 3       |
|    mul_8s_8s_16_1_1_U2337                                          |      |        | mul_ln105_27     | mul       | auto                     | 0       |
|    mac_muladd_8s_8s_16s_16_4_1_U2536                               | 1    |        | mul_ln105_28     | mul       | dsp_slice                | 3       |
|    mul_8s_8s_16_1_1_U2338                                          |      |        | mul_ln105_29     | mul       | auto                     | 0       |
|    mac_muladd_8s_8s_16s_16_4_1_U2537                               | 1    |        | mul_ln105_30     | mul       | dsp_slice                | 3       |
|    mul_8s_8s_16_1_1_U2339                                          |      |        | mul_ln105_31     | mul       | auto                     | 0       |
|    mac_muladd_8s_8s_16s_17_4_1_U2709                               | 1    |        | add_ln105        | add       | dsp_slice                | 3       |
|    mac_muladd_8s_8s_16s_16_4_1_U2537                               | 1    |        | add_ln105_1      | add       | dsp_slice                | 3       |
|    mac_muladd_8s_8s_16s_16_4_1_U2536                               | 1    |        | add_ln105_3      | add       | dsp_slice                | 3       |
|    mac_muladd_8s_8s_16s_16_4_1_U2535                               | 1    |        | add_ln105_4      | add       | dsp_slice                | 3       |
|    add_ln105_5_fu_6582_p2                                          |      |        | add_ln105_5      | add       | fabric                   | 0       |
|    mac_muladd_8s_8s_16s_16_4_1_U2534                               | 1    |        | add_ln105_7      | add       | dsp_slice                | 3       |
|    mac_muladd_8s_8s_16s_16_4_1_U2533                               | 1    |        | add_ln105_8      | add       | dsp_slice                | 3       |
|    add_ln105_9_fu_6594_p2                                          |      |        | add_ln105_9      | add       | fabric                   | 0       |
|    mac_muladd_8s_8s_16s_17_4_1_U2532                               | 1    |        | add_ln105_10     | add       | dsp_slice                | 3       |
|    mac_muladd_8s_8s_16s_16_4_1_U2531                               | 1    |        | add_ln105_11     | add       | dsp_slice                | 3       |
|    add_ln105_12_fu_6607_p2                                         |      |        | add_ln105_12     | add       | fabric                   | 0       |
|    add_ln105_13_fu_6616_p2                                         |      |        | add_ln105_13     | add       | fabric                   | 0       |
|    add_ln105_14_fu_8925_p2                                         |      |        | add_ln105_14     | add       | fabric                   | 0       |
|    mac_muladd_8s_8s_16s_16_4_1_U2530                               | 1    |        | add_ln105_15     | add       | dsp_slice                | 3       |
|    mac_muladd_8s_8s_16s_16_4_1_U2529                               | 1    |        | add_ln105_16     | add       | dsp_slice                | 3       |
|    add_ln105_17_fu_6628_p2                                         |      |        | add_ln105_17     | add       | fabric                   | 0       |
|    mac_muladd_8s_8s_16s_16_4_1_U2528                               | 1    |        | add_ln105_18     | add       | dsp_slice                | 3       |
|    mac_muladd_8s_8s_16s_16_4_1_U2527                               | 1    |        | add_ln105_19     | add       | dsp_slice                | 3       |
|    add_ln105_20_fu_6644_p2                                         |      |        | add_ln105_20     | add       | fabric                   | 0       |
|    add_ln105_21_fu_6654_p2                                         |      |        | add_ln105_21     | add       | fabric                   | 0       |
|    mac_muladd_8s_8s_16s_16_4_1_U2526                               | 1    |        | add_ln105_22     | add       | dsp_slice                | 3       |
|    mac_muladd_8s_8s_16s_16_4_1_U2525                               | 1    |        | add_ln105_23     | add       | dsp_slice                | 3       |
|    add_ln105_24_fu_6666_p2                                         |      |        | add_ln105_24     | add       | fabric                   | 0       |
|    mac_muladd_8s_8s_16s_17_4_1_U2524                               | 1    |        | add_ln105_25     | add       | dsp_slice                | 3       |
|    mac_muladd_8s_8s_16s_17_4_1_U2523                               | 1    |        | add_ln105_26     | add       | dsp_slice                | 3       |
|    mac_muladd_8s_8s_17s_17_4_1_U2710                               | 1    |        | add_ln105_27     | add       | dsp_slice                | 3       |
|    add_ln105_28_fu_7235_p2                                         |      |        | add_ln105_28     | add       | fabric                   | 0       |
|    add_ln105_29_fu_7245_p2                                         |      |        | add_ln105_29     | add       | fabric                   | 0       |
|    add_ln105_30_fu_8941_p2                                         |      |        | add_ln105_30     | add       | fabric                   | 0       |
|    acc_1_fu_8951_p2                                                |      |        | acc_1            | add       | fabric                   | 0       |
|    mac_muladd_8s_8s_16s_17_4_1_U2711                               | 1    |        | mul_ln105_32     | mul       | dsp_slice                | 3       |
|    mac_muladd_8s_8s_16s_17_4_1_U2711                               | 1    |        | sext_ln105_419   | sext      | dsp_slice                | 3       |
|    mac_muladd_8s_8s_16s_16_4_1_U2538                               | 1    |        | mul_ln105_33     | mul       | dsp_slice                | 3       |
|    mul_8s_8s_16_1_1_U2353                                          |      |        | mul_ln105_34     | mul       | auto                     | 0       |
|    mac_muladd_8s_8s_16s_17_4_1_U2712                               | 1    |        | mul_ln105_35     | mul       | dsp_slice                | 3       |
|    mac_muladd_8s_8s_16s_17_4_1_U2712                               | 1    |        | sext_ln105_420   | sext      | dsp_slice                | 3       |
|    mac_muladd_8s_8s_16s_17_4_1_U2539                               | 1    |        | mul_ln105_36     | mul       | dsp_slice                | 3       |
|    mac_muladd_8s_8s_16s_17_4_1_U2539                               | 1    |        | sext_ln105_421   | sext      | dsp_slice                | 3       |
|    mul_8s_8s_16_1_1_U2354                                          |      |        | mul_ln105_37     | mul       | auto                     | 0       |
|    mac_muladd_8s_8s_17s_17_4_1_U2713                               | 1    |        | mul_ln105_38     | mul       | dsp_slice                | 3       |
|    mac_muladd_8s_8s_17s_17_4_1_U2713                               | 1    |        | sext_ln105_423   | sext      | dsp_slice                | 3       |
|    mac_muladd_8s_8s_16s_16_4_1_U2540                               | 1    |        | mul_ln105_39     | mul       | dsp_slice                | 3       |
|    mul_8s_8s_16_1_1_U2355                                          |      |        | mul_ln105_40     | mul       | auto                     | 0       |
|    mac_muladd_8s_8s_16s_17_4_1_U2714                               | 1    |        | mul_ln105_41     | mul       | dsp_slice                | 3       |
|    mac_muladd_8s_8s_16s_17_4_1_U2714                               | 1    |        | sext_ln105_424   | sext      | dsp_slice                | 3       |
|    mac_muladd_8s_8s_16s_16_4_1_U2541                               | 1    |        | mul_ln105_42     | mul       | dsp_slice                | 3       |
|    mul_8s_8s_16_1_1_U2356                                          |      |        | mul_ln105_43     | mul       | auto                     | 0       |
|    mac_muladd_8s_8s_16s_17_4_1_U2715                               | 1    |        | mul_ln105_44     | mul       | dsp_slice                | 3       |
|    mac_muladd_8s_8s_16s_17_4_1_U2715                               | 1    |        | sext_ln105_425   | sext      | dsp_slice                | 3       |
|    mac_muladd_8s_8s_16s_16_4_1_U2542                               | 1    |        | mul_ln105_45     | mul       | dsp_slice                | 3       |
|    mul_8s_8s_16_1_1_U2357                                          |      |        | mul_ln105_46     | mul       | auto                     | 0       |
|    mac_muladd_8s_8s_16s_17_4_1_U2716                               | 1    |        | mul_ln105_47     | mul       | dsp_slice                | 3       |
|    mac_muladd_8s_8s_16s_17_4_1_U2716                               | 1    |        | sext_ln105_426   | sext      | dsp_slice                | 3       |
|    mac_muladd_8s_8s_16s_16_4_1_U2543                               | 1    |        | mul_ln105_48     | mul       | dsp_slice                | 3       |
|    mul_8s_8s_16_1_1_U2358                                          |      |        | mul_ln105_49     | mul       | auto                     | 0       |
|    mac_muladd_8s_8s_16s_17_4_1_U2717                               | 1    |        | mul_ln105_50     | mul       | dsp_slice                | 3       |
|    mac_muladd_8s_8s_16s_17_4_1_U2717                               | 1    |        | sext_ln105_427   | sext      | dsp_slice                | 3       |
|    mac_muladd_8s_8s_16s_16_4_1_U2544                               | 1    |        | mul_ln105_51     | mul       | dsp_slice                | 3       |
|    mul_8s_8s_16_1_1_U2359                                          |      |        | mul_ln105_52     | mul       | auto                     | 0       |
|    mac_muladd_8s_8s_16s_17_4_1_U2718                               | 1    |        | mul_ln105_53     | mul       | dsp_slice                | 3       |
|    mac_muladd_8s_8s_16s_17_4_1_U2718                               | 1    |        | sext_ln105_428   | sext      | dsp_slice                | 3       |
|    mac_muladd_8s_8s_16s_16_4_1_U2545                               | 1    |        | mul_ln105_54     | mul       | dsp_slice                | 3       |
|    mul_8s_8s_16_1_1_U2360                                          |      |        | mul_ln105_55     | mul       | auto                     | 0       |
|    mac_muladd_8s_8s_16s_17_4_1_U2719                               | 1    |        | mul_ln105_56     | mul       | dsp_slice                | 3       |
|    mac_muladd_8s_8s_16s_17_4_1_U2719                               | 1    |        | sext_ln105_429   | sext      | dsp_slice                | 3       |
|    mac_muladd_8s_8s_16s_16_4_1_U2546                               | 1    |        | mul_ln105_57     | mul       | dsp_slice                | 3       |
|    mul_8s_8s_16_1_1_U2361                                          |      |        | mul_ln105_58     | mul       | auto                     | 0       |
|    mac_muladd_8s_8s_16s_17_4_1_U2720                               | 1    |        | mul_ln105_59     | mul       | dsp_slice                | 3       |
|    mac_muladd_8s_8s_16s_17_4_1_U2720                               | 1    |        | sext_ln105_430   | sext      | dsp_slice                | 3       |
|    mac_muladd_8s_8s_16s_17_4_1_U2547                               | 1    |        | mul_ln105_60     | mul       | dsp_slice                | 3       |
|    mac_muladd_8s_8s_16s_17_4_1_U2547                               | 1    |        | sext_ln105_431   | sext      | dsp_slice                | 3       |
|    mul_8s_8s_16_1_1_U2362                                          |      |        | mul_ln105_61     | mul       | auto                     | 0       |
|    mac_muladd_8s_8s_17s_17_4_1_U2721                               | 1    |        | mul_ln105_62     | mul       | dsp_slice                | 3       |
|    mac_muladd_8s_8s_17s_17_4_1_U2721                               | 1    |        | sext_ln105_433   | sext      | dsp_slice                | 3       |
|    mac_muladd_8s_8s_16s_16_4_1_U2548                               | 1    |        | mul_ln105_63     | mul       | dsp_slice                | 3       |
|    mul_8s_8s_16_1_1_U2363                                          |      |        | mul_ln105_64     | mul       | auto                     | 0       |
|    mac_muladd_8s_8s_16s_17_4_1_U2549                               | 1    |        | mul_ln105_65     | mul       | dsp_slice                | 3       |
|    mac_muladd_8s_8s_16s_17_4_1_U2549                               | 1    |        | sext_ln105_434   | sext      | dsp_slice                | 3       |
|    mul_8s_8s_16_1_1_U2364                                          |      |        | mul_ln105_66     | mul       | auto                     | 0       |
|    mac_muladd_8s_8s_16s_16_4_1_U2550                               | 1    |        | mul_ln105_67     | mul       | dsp_slice                | 3       |
|    mul_8s_8s_16_1_1_U2365                                          |      |        | mul_ln105_68     | mul       | auto                     | 0       |
|    mac_muladd_8s_8s_16s_16_4_1_U2551                               | 1    |        | mul_ln105_69     | mul       | dsp_slice                | 3       |
|    mul_8s_8s_16_1_1_U2366                                          |      |        | mul_ln105_70     | mul       | auto                     | 0       |
|    mac_muladd_8s_8s_16s_17_4_1_U2722                               | 1    |        | mul_ln105_71     | mul       | dsp_slice                | 3       |
|    mac_muladd_8s_8s_16s_17_4_1_U2722                               | 1    |        | sext_ln105_436   | sext      | dsp_slice                | 3       |
|    mac_muladd_8s_8s_16s_16_4_1_U2552                               | 1    |        | mul_ln105_72     | mul       | dsp_slice                | 3       |
|    mul_8s_8s_16_1_1_U2367                                          |      |        | mul_ln105_73     | mul       | auto                     | 0       |
|    mac_muladd_8s_8s_16s_17_4_1_U2723                               | 1    |        | mul_ln105_74     | mul       | dsp_slice                | 3       |
|    mac_muladd_8s_8s_16s_17_4_1_U2723                               | 1    |        | sext_ln105_437   | sext      | dsp_slice                | 3       |
|    mac_muladd_8s_8s_16s_16_4_1_U2553                               | 1    |        | mul_ln105_75     | mul       | dsp_slice                | 3       |
|    mul_8s_8s_16_1_1_U2368                                          |      |        | mul_ln105_76     | mul       | auto                     | 0       |
|    mac_muladd_8s_8s_16s_17_4_1_U2724                               | 1    |        | mul_ln105_77     | mul       | dsp_slice                | 3       |
|    mac_muladd_8s_8s_16s_17_4_1_U2724                               | 1    |        | sext_ln105_438   | sext      | dsp_slice                | 3       |
|    mac_muladd_8s_8s_16s_16_4_1_U2554                               | 1    |        | mul_ln105_78     | mul       | dsp_slice                | 3       |
|    mul_8s_8s_16_1_1_U2369                                          |      |        | mul_ln105_79     | mul       | auto                     | 0       |
|    mac_muladd_8s_8s_16s_16_4_1_U2548                               | 1    |        | add_ln105_32     | add       | dsp_slice                | 3       |
|    add_ln105_33_fu_6675_p2                                         |      |        | add_ln105_33     | add       | fabric                   | 0       |
|    mac_muladd_8s_8s_16s_17_4_1_U2547                               | 1    |        | add_ln105_34     | add       | dsp_slice                | 3       |
|    mac_muladd_8s_8s_17s_17_4_1_U2721                               | 1    |        | add_ln105_35     | add       | dsp_slice                | 3       |
|    add_ln105_36_fu_7257_p2                                         |      |        | add_ln105_36     | add       | fabric                   | 0       |
|    mac_muladd_8s_8s_16s_16_4_1_U2546                               | 1    |        | add_ln105_37     | add       | dsp_slice                | 3       |
|    mac_muladd_8s_8s_16s_17_4_1_U2720                               | 1    |        | add_ln105_38     | add       | dsp_slice                | 3       |
|    mac_muladd_8s_8s_16s_16_4_1_U2545                               | 1    |        | add_ln105_39     | add       | dsp_slice                | 3       |
|    mac_muladd_8s_8s_16s_17_4_1_U2719                               | 1    |        | add_ln105_40     | add       | dsp_slice                | 3       |
|    add_ln105_41_fu_7273_p2                                         |      |        | add_ln105_41     | add       | fabric                   | 0       |
|    add_ln105_42_fu_7283_p2                                         |      |        | add_ln105_42     | add       | fabric                   | 0       |
|    mac_muladd_8s_8s_16s_16_4_1_U2544                               | 1    |        | add_ln105_43     | add       | dsp_slice                | 3       |
|    mac_muladd_8s_8s_16s_17_4_1_U2718                               | 1    |        | add_ln105_44     | add       | dsp_slice                | 3       |
|    mac_muladd_8s_8s_16s_16_4_1_U2543                               | 1    |        | add_ln105_45     | add       | dsp_slice                | 3       |
|    mac_muladd_8s_8s_16s_17_4_1_U2717                               | 1    |        | add_ln105_46     | add       | dsp_slice                | 3       |
|    add_ln105_47_fu_7295_p2                                         |      |        | add_ln105_47     | add       | fabric                   | 0       |
|    mac_muladd_8s_8s_16s_16_4_1_U2542                               | 1    |        | add_ln105_48     | add       | dsp_slice                | 3       |
|    mac_muladd_8s_8s_16s_17_4_1_U2716                               | 1    |        | add_ln105_49     | add       | dsp_slice                | 3       |
|    mac_muladd_8s_8s_16s_16_4_1_U2541                               | 1    |        | add_ln105_50     | add       | dsp_slice                | 3       |
|    mac_muladd_8s_8s_16s_17_4_1_U2715                               | 1    |        | add_ln105_51     | add       | dsp_slice                | 3       |
|    add_ln105_52_fu_7311_p2                                         |      |        | add_ln105_52     | add       | fabric                   | 0       |
|    add_ln105_53_fu_7321_p2                                         |      |        | add_ln105_53     | add       | fabric                   | 0       |
|    add_ln105_54_fu_8964_p2                                         |      |        | add_ln105_54     | add       | fabric                   | 0       |
|    mac_muladd_8s_8s_16s_16_4_1_U2540                               | 1    |        | add_ln105_55     | add       | dsp_slice                | 3       |
|    mac_muladd_8s_8s_16s_17_4_1_U2714                               | 1    |        | add_ln105_56     | add       | dsp_slice                | 3       |
|    mac_muladd_8s_8s_16s_17_4_1_U2539                               | 1    |        | add_ln105_57     | add       | dsp_slice                | 3       |
|    mac_muladd_8s_8s_17s_17_4_1_U2713                               | 1    |        | add_ln105_58     | add       | dsp_slice                | 3       |
|    add_ln105_59_fu_7333_p2                                         |      |        | add_ln105_59     | add       | fabric                   | 0       |
|    mac_muladd_8s_8s_16s_16_4_1_U2538                               | 1    |        | add_ln105_60     | add       | dsp_slice                | 3       |
|    mac_muladd_8s_8s_16s_17_4_1_U2712                               | 1    |        | add_ln105_61     | add       | dsp_slice                | 3       |
|    mac_muladd_8s_8s_16s_16_4_1_U2554                               | 1    |        | add_ln105_62     | add       | dsp_slice                | 3       |
|    mac_muladd_8s_8s_16s_17_4_1_U2711                               | 1    |        | add_ln105_63     | add       | dsp_slice                | 3       |
|    add_ln105_64_fu_7349_p2                                         |      |        | add_ln105_64     | add       | fabric                   | 0       |
|    add_ln105_65_fu_7359_p2                                         |      |        | add_ln105_65     | add       | fabric                   | 0       |
|    mac_muladd_8s_8s_16s_16_4_1_U2553                               | 1    |        | add_ln105_66     | add       | dsp_slice                | 3       |
|    mac_muladd_8s_8s_16s_17_4_1_U2724                               | 1    |        | add_ln105_67     | add       | dsp_slice                | 3       |
|    mac_muladd_8s_8s_16s_16_4_1_U2552                               | 1    |        | add_ln105_68     | add       | dsp_slice                | 3       |
|    mac_muladd_8s_8s_16s_17_4_1_U2723                               | 1    |        | add_ln105_69     | add       | dsp_slice                | 3       |
|    add_ln105_70_fu_7371_p2                                         |      |        | add_ln105_70     | add       | fabric                   | 0       |
|    mac_muladd_8s_8s_16s_16_4_1_U2551                               | 1    |        | add_ln105_71     | add       | dsp_slice                | 3       |
|    mac_muladd_8s_8s_16s_17_4_1_U2722                               | 1    |        | add_ln105_72     | add       | dsp_slice                | 3       |
|    mac_muladd_8s_8s_16s_16_4_1_U2550                               | 1    |        | add_ln105_73     | add       | dsp_slice                | 3       |
|    mac_muladd_8s_8s_16s_17_4_1_U2549                               | 1    |        | add_ln105_74     | add       | dsp_slice                | 3       |
|    add_ln105_75_fu_6720_p2                                         |      |        | add_ln105_75     | add       | fabric                   | 0       |
|    add_ln105_76_fu_7387_p2                                         |      |        | add_ln105_76     | add       | fabric                   | 0       |
|    add_ln105_77_fu_7397_p2                                         |      |        | add_ln105_77     | add       | fabric                   | 0       |
|    add_ln105_78_fu_8980_p2                                         |      |        | add_ln105_78     | add       | fabric                   | 0       |
|    acc_2_fu_8990_p2                                                |      |        | acc_2            | add       | fabric                   | 0       |
|    mac_muladd_8s_8s_16s_17_4_1_U2725                               | 1    |        | mul_ln105_80     | mul       | dsp_slice                | 3       |
|    mac_muladd_8s_8s_16s_17_4_1_U2725                               | 1    |        | sext_ln105_483   | sext      | dsp_slice                | 3       |
|    mac_muladd_8s_8s_16s_16_4_1_U2555                               | 1    |        | mul_ln105_81     | mul       | dsp_slice                | 3       |
|    mul_8s_8s_16_1_1_U2370                                          |      |        | mul_ln105_82     | mul       | auto                     | 0       |
|    mac_muladd_8s_8s_16s_17_4_1_U2726                               | 1    |        | mul_ln105_83     | mul       | dsp_slice                | 3       |
|    mac_muladd_8s_8s_16s_17_4_1_U2726                               | 1    |        | sext_ln105_484   | sext      | dsp_slice                | 3       |
|    mac_muladd_8s_8s_16s_17_4_1_U2556                               | 1    |        | mul_ln105_84     | mul       | dsp_slice                | 3       |
|    mac_muladd_8s_8s_16s_17_4_1_U2556                               | 1    |        | sext_ln105_485   | sext      | dsp_slice                | 3       |
|    mul_8s_8s_16_1_1_U2371                                          |      |        | mul_ln105_85     | mul       | auto                     | 0       |
|    mac_muladd_8s_8s_17s_17_4_1_U2727                               | 1    |        | mul_ln105_86     | mul       | dsp_slice                | 3       |
|    mac_muladd_8s_8s_17s_17_4_1_U2727                               | 1    |        | sext_ln105_487   | sext      | dsp_slice                | 3       |
|    mac_muladd_8s_8s_16s_16_4_1_U2557                               | 1    |        | mul_ln105_87     | mul       | dsp_slice                | 3       |
|    mul_8s_8s_16_1_1_U2372                                          |      |        | mul_ln105_88     | mul       | auto                     | 0       |
|    mac_muladd_8s_8s_16s_17_4_1_U2728                               | 1    |        | mul_ln105_89     | mul       | dsp_slice                | 3       |
|    mac_muladd_8s_8s_16s_17_4_1_U2728                               | 1    |        | sext_ln105_488   | sext      | dsp_slice                | 3       |
|    mac_muladd_8s_8s_16s_16_4_1_U2558                               | 1    |        | mul_ln105_90     | mul       | dsp_slice                | 3       |
|    mul_8s_8s_16_1_1_U2373                                          |      |        | mul_ln105_91     | mul       | auto                     | 0       |
|    mac_muladd_8s_8s_16s_17_4_1_U2729                               | 1    |        | mul_ln105_92     | mul       | dsp_slice                | 3       |
|    mac_muladd_8s_8s_16s_17_4_1_U2729                               | 1    |        | sext_ln105_489   | sext      | dsp_slice                | 3       |
|    mac_muladd_8s_8s_16s_16_4_1_U2559                               | 1    |        | mul_ln105_93     | mul       | dsp_slice                | 3       |
|    mul_8s_8s_16_1_1_U2374                                          |      |        | mul_ln105_94     | mul       | auto                     | 0       |
|    mac_muladd_8s_8s_16s_17_4_1_U2730                               | 1    |        | mul_ln105_95     | mul       | dsp_slice                | 3       |
|    mac_muladd_8s_8s_16s_17_4_1_U2730                               | 1    |        | sext_ln105_490   | sext      | dsp_slice                | 3       |
|    mac_muladd_8s_8s_16s_16_4_1_U2560                               | 1    |        | mul_ln105_96     | mul       | dsp_slice                | 3       |
|    mul_8s_8s_16_1_1_U2375                                          |      |        | mul_ln105_97     | mul       | auto                     | 0       |
|    mac_muladd_8s_8s_16s_17_4_1_U2731                               | 1    |        | mul_ln105_98     | mul       | dsp_slice                | 3       |
|    mac_muladd_8s_8s_16s_17_4_1_U2731                               | 1    |        | sext_ln105_491   | sext      | dsp_slice                | 3       |
|    mac_muladd_8s_8s_16s_16_4_1_U2561                               | 1    |        | mul_ln105_99     | mul       | dsp_slice                | 3       |
|    mul_8s_8s_16_1_1_U2376                                          |      |        | mul_ln105_100    | mul       | auto                     | 0       |
|    mac_muladd_8s_8s_16s_17_4_1_U2732                               | 1    |        | mul_ln105_101    | mul       | dsp_slice                | 3       |
|    mac_muladd_8s_8s_16s_17_4_1_U2732                               | 1    |        | sext_ln105_492   | sext      | dsp_slice                | 3       |
|    mac_muladd_8s_8s_16s_16_4_1_U2562                               | 1    |        | mul_ln105_102    | mul       | dsp_slice                | 3       |
|    mul_8s_8s_16_1_1_U2377                                          |      |        | mul_ln105_103    | mul       | auto                     | 0       |
|    mac_muladd_8s_8s_16s_17_4_1_U2733                               | 1    |        | mul_ln105_104    | mul       | dsp_slice                | 3       |
|    mac_muladd_8s_8s_16s_17_4_1_U2733                               | 1    |        | sext_ln105_493   | sext      | dsp_slice                | 3       |
|    mac_muladd_8s_8s_16s_16_4_1_U2563                               | 1    |        | mul_ln105_105    | mul       | dsp_slice                | 3       |
|    mul_8s_8s_16_1_1_U2378                                          |      |        | mul_ln105_106    | mul       | auto                     | 0       |
|    mac_muladd_8s_8s_16s_17_4_1_U2734                               | 1    |        | mul_ln105_107    | mul       | dsp_slice                | 3       |
|    mac_muladd_8s_8s_16s_17_4_1_U2734                               | 1    |        | sext_ln105_494   | sext      | dsp_slice                | 3       |
|    mac_muladd_8s_8s_16s_17_4_1_U2564                               | 1    |        | mul_ln105_108    | mul       | dsp_slice                | 3       |
|    mac_muladd_8s_8s_16s_17_4_1_U2564                               | 1    |        | sext_ln105_495   | sext      | dsp_slice                | 3       |
|    mul_8s_8s_16_1_1_U2379                                          |      |        | mul_ln105_109    | mul       | auto                     | 0       |
|    mac_muladd_8s_8s_17s_17_4_1_U2735                               | 1    |        | mul_ln105_110    | mul       | dsp_slice                | 3       |
|    mac_muladd_8s_8s_17s_17_4_1_U2735                               | 1    |        | sext_ln105_497   | sext      | dsp_slice                | 3       |
|    mac_muladd_8s_8s_16s_16_4_1_U2565                               | 1    |        | mul_ln105_111    | mul       | dsp_slice                | 3       |
|    mul_8s_8s_16_1_1_U2380                                          |      |        | mul_ln105_112    | mul       | auto                     | 0       |
|    mac_muladd_8s_8s_16s_17_4_1_U2566                               | 1    |        | mul_ln105_113    | mul       | dsp_slice                | 3       |
|    mac_muladd_8s_8s_16s_17_4_1_U2566                               | 1    |        | sext_ln105_498   | sext      | dsp_slice                | 3       |
|    mul_8s_8s_16_1_1_U2381                                          |      |        | mul_ln105_114    | mul       | auto                     | 0       |
|    mac_muladd_8s_8s_16s_16_4_1_U2567                               | 1    |        | mul_ln105_115    | mul       | dsp_slice                | 3       |
|    mul_8s_8s_16_1_1_U2382                                          |      |        | mul_ln105_116    | mul       | auto                     | 0       |
|    mac_muladd_8s_8s_16s_16_4_1_U2568                               | 1    |        | mul_ln105_117    | mul       | dsp_slice                | 3       |
|    mul_8s_8s_16_1_1_U2383                                          |      |        | mul_ln105_118    | mul       | auto                     | 0       |
|    mac_muladd_8s_8s_16s_17_4_1_U2736                               | 1    |        | mul_ln105_119    | mul       | dsp_slice                | 3       |
|    mac_muladd_8s_8s_16s_17_4_1_U2736                               | 1    |        | sext_ln105_500   | sext      | dsp_slice                | 3       |
|    mac_muladd_8s_8s_16s_16_4_1_U2569                               | 1    |        | mul_ln105_120    | mul       | dsp_slice                | 3       |
|    mul_8s_8s_16_1_1_U2384                                          |      |        | mul_ln105_121    | mul       | auto                     | 0       |
|    mac_muladd_8s_8s_16s_17_4_1_U2737                               | 1    |        | mul_ln105_122    | mul       | dsp_slice                | 3       |
|    mac_muladd_8s_8s_16s_17_4_1_U2737                               | 1    |        | sext_ln105_501   | sext      | dsp_slice                | 3       |
|    mac_muladd_8s_8s_16s_16_4_1_U2570                               | 1    |        | mul_ln105_123    | mul       | dsp_slice                | 3       |
|    mul_8s_8s_16_1_1_U2385                                          |      |        | mul_ln105_124    | mul       | auto                     | 0       |
|    mac_muladd_8s_8s_16s_17_4_1_U2738                               | 1    |        | mul_ln105_125    | mul       | dsp_slice                | 3       |
|    mac_muladd_8s_8s_16s_17_4_1_U2738                               | 1    |        | sext_ln105_502   | sext      | dsp_slice                | 3       |
|    mac_muladd_8s_8s_16s_16_4_1_U2571                               | 1    |        | mul_ln105_126    | mul       | dsp_slice                | 3       |
|    mul_8s_8s_16_1_1_U2386                                          |      |        | mul_ln105_127    | mul       | auto                     | 0       |
|    mac_muladd_8s_8s_16s_16_4_1_U2565                               | 1    |        | add_ln105_80     | add       | dsp_slice                | 3       |
|    add_ln105_81_fu_6728_p2                                         |      |        | add_ln105_81     | add       | fabric                   | 0       |
|    mac_muladd_8s_8s_16s_17_4_1_U2564                               | 1    |        | add_ln105_82     | add       | dsp_slice                | 3       |
|    mac_muladd_8s_8s_17s_17_4_1_U2735                               | 1    |        | add_ln105_83     | add       | dsp_slice                | 3       |
|    add_ln105_84_fu_7409_p2                                         |      |        | add_ln105_84     | add       | fabric                   | 0       |
|    mac_muladd_8s_8s_16s_16_4_1_U2563                               | 1    |        | add_ln105_85     | add       | dsp_slice                | 3       |
|    mac_muladd_8s_8s_16s_17_4_1_U2734                               | 1    |        | add_ln105_86     | add       | dsp_slice                | 3       |
|    mac_muladd_8s_8s_16s_16_4_1_U2562                               | 1    |        | add_ln105_87     | add       | dsp_slice                | 3       |
|    mac_muladd_8s_8s_16s_17_4_1_U2733                               | 1    |        | add_ln105_88     | add       | dsp_slice                | 3       |
|    add_ln105_89_fu_7425_p2                                         |      |        | add_ln105_89     | add       | fabric                   | 0       |
|    add_ln105_90_fu_7435_p2                                         |      |        | add_ln105_90     | add       | fabric                   | 0       |
|    mac_muladd_8s_8s_16s_16_4_1_U2561                               | 1    |        | add_ln105_91     | add       | dsp_slice                | 3       |
|    mac_muladd_8s_8s_16s_17_4_1_U2732                               | 1    |        | add_ln105_92     | add       | dsp_slice                | 3       |
|    mac_muladd_8s_8s_16s_16_4_1_U2560                               | 1    |        | add_ln105_93     | add       | dsp_slice                | 3       |
|    mac_muladd_8s_8s_16s_17_4_1_U2731                               | 1    |        | add_ln105_94     | add       | dsp_slice                | 3       |
|    add_ln105_95_fu_7447_p2                                         |      |        | add_ln105_95     | add       | fabric                   | 0       |
|    mac_muladd_8s_8s_16s_16_4_1_U2559                               | 1    |        | add_ln105_96     | add       | dsp_slice                | 3       |
|    mac_muladd_8s_8s_16s_17_4_1_U2730                               | 1    |        | add_ln105_97     | add       | dsp_slice                | 3       |
|    mac_muladd_8s_8s_16s_16_4_1_U2558                               | 1    |        | add_ln105_98     | add       | dsp_slice                | 3       |
|    mac_muladd_8s_8s_16s_17_4_1_U2729                               | 1    |        | add_ln105_99     | add       | dsp_slice                | 3       |
|    add_ln105_100_fu_7463_p2                                        |      |        | add_ln105_100    | add       | fabric                   | 0       |
|    add_ln105_101_fu_7473_p2                                        |      |        | add_ln105_101    | add       | fabric                   | 0       |
|    add_ln105_102_fu_9003_p2                                        |      |        | add_ln105_102    | add       | fabric                   | 0       |
|    mac_muladd_8s_8s_16s_16_4_1_U2557                               | 1    |        | add_ln105_103    | add       | dsp_slice                | 3       |
|    mac_muladd_8s_8s_16s_17_4_1_U2728                               | 1    |        | add_ln105_104    | add       | dsp_slice                | 3       |
|    mac_muladd_8s_8s_16s_17_4_1_U2556                               | 1    |        | add_ln105_105    | add       | dsp_slice                | 3       |
|    mac_muladd_8s_8s_17s_17_4_1_U2727                               | 1    |        | add_ln105_106    | add       | dsp_slice                | 3       |
|    add_ln105_107_fu_7485_p2                                        |      |        | add_ln105_107    | add       | fabric                   | 0       |
|    mac_muladd_8s_8s_16s_16_4_1_U2555                               | 1    |        | add_ln105_108    | add       | dsp_slice                | 3       |
|    mac_muladd_8s_8s_16s_17_4_1_U2726                               | 1    |        | add_ln105_109    | add       | dsp_slice                | 3       |
|    mac_muladd_8s_8s_16s_16_4_1_U2571                               | 1    |        | add_ln105_110    | add       | dsp_slice                | 3       |
|    mac_muladd_8s_8s_16s_17_4_1_U2725                               | 1    |        | add_ln105_111    | add       | dsp_slice                | 3       |
|    add_ln105_112_fu_7501_p2                                        |      |        | add_ln105_112    | add       | fabric                   | 0       |
|    add_ln105_113_fu_7511_p2                                        |      |        | add_ln105_113    | add       | fabric                   | 0       |
|    mac_muladd_8s_8s_16s_16_4_1_U2570                               | 1    |        | add_ln105_114    | add       | dsp_slice                | 3       |
|    mac_muladd_8s_8s_16s_17_4_1_U2738                               | 1    |        | add_ln105_115    | add       | dsp_slice                | 3       |
|    mac_muladd_8s_8s_16s_16_4_1_U2569                               | 1    |        | add_ln105_116    | add       | dsp_slice                | 3       |
|    mac_muladd_8s_8s_16s_17_4_1_U2737                               | 1    |        | add_ln105_117    | add       | dsp_slice                | 3       |
|    add_ln105_118_fu_7523_p2                                        |      |        | add_ln105_118    | add       | fabric                   | 0       |
|    mac_muladd_8s_8s_16s_16_4_1_U2568                               | 1    |        | add_ln105_119    | add       | dsp_slice                | 3       |
|    mac_muladd_8s_8s_16s_17_4_1_U2736                               | 1    |        | add_ln105_120    | add       | dsp_slice                | 3       |
|    mac_muladd_8s_8s_16s_16_4_1_U2567                               | 1    |        | add_ln105_121    | add       | dsp_slice                | 3       |
|    mac_muladd_8s_8s_16s_17_4_1_U2566                               | 1    |        | add_ln105_122    | add       | dsp_slice                | 3       |
|    add_ln105_123_fu_6773_p2                                        |      |        | add_ln105_123    | add       | fabric                   | 0       |
|    add_ln105_124_fu_7539_p2                                        |      |        | add_ln105_124    | add       | fabric                   | 0       |
|    add_ln105_125_fu_7549_p2                                        |      |        | add_ln105_125    | add       | fabric                   | 0       |
|    add_ln105_126_fu_9019_p2                                        |      |        | add_ln105_126    | add       | fabric                   | 0       |
|    acc_3_fu_9029_p2                                                |      |        | acc_3            | add       | fabric                   | 0       |
|    mac_muladd_8s_8s_16s_17_4_1_U2739                               | 1    |        | mul_ln105_128    | mul       | dsp_slice                | 3       |
|    mac_muladd_8s_8s_16s_17_4_1_U2739                               | 1    |        | sext_ln105_547   | sext      | dsp_slice                | 3       |
|    mac_muladd_8s_8s_16s_16_4_1_U2572                               | 1    |        | mul_ln105_129    | mul       | dsp_slice                | 3       |
|    mul_8s_8s_16_1_1_U2387                                          |      |        | mul_ln105_130    | mul       | auto                     | 0       |
|    mac_muladd_8s_8s_16s_17_4_1_U2740                               | 1    |        | mul_ln105_131    | mul       | dsp_slice                | 3       |
|    mac_muladd_8s_8s_16s_17_4_1_U2740                               | 1    |        | sext_ln105_548   | sext      | dsp_slice                | 3       |
|    mac_muladd_8s_8s_16s_17_4_1_U2573                               | 1    |        | mul_ln105_132    | mul       | dsp_slice                | 3       |
|    mac_muladd_8s_8s_16s_17_4_1_U2573                               | 1    |        | sext_ln105_549   | sext      | dsp_slice                | 3       |
|    mul_8s_8s_16_1_1_U2388                                          |      |        | mul_ln105_133    | mul       | auto                     | 0       |
|    mac_muladd_8s_8s_17s_17_4_1_U2741                               | 1    |        | mul_ln105_134    | mul       | dsp_slice                | 3       |
|    mac_muladd_8s_8s_17s_17_4_1_U2741                               | 1    |        | sext_ln105_551   | sext      | dsp_slice                | 3       |
|    mac_muladd_8s_8s_16s_16_4_1_U2574                               | 1    |        | mul_ln105_135    | mul       | dsp_slice                | 3       |
|    mul_8s_8s_16_1_1_U2389                                          |      |        | mul_ln105_136    | mul       | auto                     | 0       |
|    mac_muladd_8s_8s_16s_17_4_1_U2742                               | 1    |        | mul_ln105_137    | mul       | dsp_slice                | 3       |
|    mac_muladd_8s_8s_16s_17_4_1_U2742                               | 1    |        | sext_ln105_552   | sext      | dsp_slice                | 3       |
|    mac_muladd_8s_8s_16s_16_4_1_U2575                               | 1    |        | mul_ln105_138    | mul       | dsp_slice                | 3       |
|    mul_8s_8s_16_1_1_U2390                                          |      |        | mul_ln105_139    | mul       | auto                     | 0       |
|    mac_muladd_8s_8s_16s_17_4_1_U2743                               | 1    |        | mul_ln105_140    | mul       | dsp_slice                | 3       |
|    mac_muladd_8s_8s_16s_17_4_1_U2743                               | 1    |        | sext_ln105_553   | sext      | dsp_slice                | 3       |
|    mac_muladd_8s_8s_16s_16_4_1_U2576                               | 1    |        | mul_ln105_141    | mul       | dsp_slice                | 3       |
|    mul_8s_8s_16_1_1_U2391                                          |      |        | mul_ln105_142    | mul       | auto                     | 0       |
|    mac_muladd_8s_8s_16s_17_4_1_U2744                               | 1    |        | mul_ln105_143    | mul       | dsp_slice                | 3       |
|    mac_muladd_8s_8s_16s_17_4_1_U2744                               | 1    |        | sext_ln105_554   | sext      | dsp_slice                | 3       |
|    mac_muladd_8s_8s_16s_16_4_1_U2577                               | 1    |        | mul_ln105_144    | mul       | dsp_slice                | 3       |
|    mul_8s_8s_16_1_1_U2392                                          |      |        | mul_ln105_145    | mul       | auto                     | 0       |
|    mac_muladd_8s_8s_16s_17_4_1_U2745                               | 1    |        | mul_ln105_146    | mul       | dsp_slice                | 3       |
|    mac_muladd_8s_8s_16s_17_4_1_U2745                               | 1    |        | sext_ln105_555   | sext      | dsp_slice                | 3       |
|    mac_muladd_8s_8s_16s_16_4_1_U2578                               | 1    |        | mul_ln105_147    | mul       | dsp_slice                | 3       |
|    mul_8s_8s_16_1_1_U2393                                          |      |        | mul_ln105_148    | mul       | auto                     | 0       |
|    mac_muladd_8s_8s_16s_17_4_1_U2746                               | 1    |        | mul_ln105_149    | mul       | dsp_slice                | 3       |
|    mac_muladd_8s_8s_16s_17_4_1_U2746                               | 1    |        | sext_ln105_556   | sext      | dsp_slice                | 3       |
|    mac_muladd_8s_8s_16s_16_4_1_U2579                               | 1    |        | mul_ln105_150    | mul       | dsp_slice                | 3       |
|    mul_8s_8s_16_1_1_U2394                                          |      |        | mul_ln105_151    | mul       | auto                     | 0       |
|    mac_muladd_8s_8s_16s_17_4_1_U2747                               | 1    |        | mul_ln105_152    | mul       | dsp_slice                | 3       |
|    mac_muladd_8s_8s_16s_17_4_1_U2747                               | 1    |        | sext_ln105_557   | sext      | dsp_slice                | 3       |
|    mac_muladd_8s_8s_16s_16_4_1_U2580                               | 1    |        | mul_ln105_153    | mul       | dsp_slice                | 3       |
|    mul_8s_8s_16_1_1_U2395                                          |      |        | mul_ln105_154    | mul       | auto                     | 0       |
|    mac_muladd_8s_8s_16s_17_4_1_U2748                               | 1    |        | mul_ln105_155    | mul       | dsp_slice                | 3       |
|    mac_muladd_8s_8s_16s_17_4_1_U2748                               | 1    |        | sext_ln105_558   | sext      | dsp_slice                | 3       |
|    mac_muladd_8s_8s_16s_17_4_1_U2581                               | 1    |        | mul_ln105_156    | mul       | dsp_slice                | 3       |
|    mac_muladd_8s_8s_16s_17_4_1_U2581                               | 1    |        | sext_ln105_559   | sext      | dsp_slice                | 3       |
|    mul_8s_8s_16_1_1_U2396                                          |      |        | mul_ln105_157    | mul       | auto                     | 0       |
|    mac_muladd_8s_8s_17s_17_4_1_U2749                               | 1    |        | mul_ln105_158    | mul       | dsp_slice                | 3       |
|    mac_muladd_8s_8s_17s_17_4_1_U2749                               | 1    |        | sext_ln105_561   | sext      | dsp_slice                | 3       |
|    mac_muladd_8s_8s_16s_16_4_1_U2582                               | 1    |        | mul_ln105_159    | mul       | dsp_slice                | 3       |
|    mul_8s_8s_16_1_1_U2397                                          |      |        | mul_ln105_160    | mul       | auto                     | 0       |
|    mac_muladd_8s_8s_16s_17_4_1_U2583                               | 1    |        | mul_ln105_161    | mul       | dsp_slice                | 3       |
|    mac_muladd_8s_8s_16s_17_4_1_U2583                               | 1    |        | sext_ln105_562   | sext      | dsp_slice                | 3       |
|    mul_8s_8s_16_1_1_U2398                                          |      |        | mul_ln105_162    | mul       | auto                     | 0       |
|    mac_muladd_8s_8s_16s_16_4_1_U2584                               | 1    |        | mul_ln105_163    | mul       | dsp_slice                | 3       |
|    mul_8s_8s_16_1_1_U2399                                          |      |        | mul_ln105_164    | mul       | auto                     | 0       |
|    mac_muladd_8s_8s_16s_16_4_1_U2585                               | 1    |        | mul_ln105_165    | mul       | dsp_slice                | 3       |
|    mul_8s_8s_16_1_1_U2400                                          |      |        | mul_ln105_166    | mul       | auto                     | 0       |
|    mac_muladd_8s_8s_16s_17_4_1_U2750                               | 1    |        | mul_ln105_167    | mul       | dsp_slice                | 3       |
|    mac_muladd_8s_8s_16s_17_4_1_U2750                               | 1    |        | sext_ln105_564   | sext      | dsp_slice                | 3       |
|    mac_muladd_8s_8s_16s_16_4_1_U2586                               | 1    |        | mul_ln105_168    | mul       | dsp_slice                | 3       |
|    mul_8s_8s_16_1_1_U2401                                          |      |        | mul_ln105_169    | mul       | auto                     | 0       |
|    mac_muladd_8s_8s_16s_17_4_1_U2751                               | 1    |        | mul_ln105_170    | mul       | dsp_slice                | 3       |
|    mac_muladd_8s_8s_16s_17_4_1_U2751                               | 1    |        | sext_ln105_565   | sext      | dsp_slice                | 3       |
|    mac_muladd_8s_8s_16s_16_4_1_U2587                               | 1    |        | mul_ln105_171    | mul       | dsp_slice                | 3       |
|    mul_8s_8s_16_1_1_U2402                                          |      |        | mul_ln105_172    | mul       | auto                     | 0       |
|    mac_muladd_8s_8s_16s_17_4_1_U2752                               | 1    |        | mul_ln105_173    | mul       | dsp_slice                | 3       |
|    mac_muladd_8s_8s_16s_17_4_1_U2752                               | 1    |        | sext_ln105_566   | sext      | dsp_slice                | 3       |
|    mac_muladd_8s_8s_16s_16_4_1_U2588                               | 1    |        | mul_ln105_174    | mul       | dsp_slice                | 3       |
|    mul_8s_8s_16_1_1_U2403                                          |      |        | mul_ln105_175    | mul       | auto                     | 0       |
|    mac_muladd_8s_8s_16s_16_4_1_U2582                               | 1    |        | add_ln105_128    | add       | dsp_slice                | 3       |
|    add_ln105_129_fu_6781_p2                                        |      |        | add_ln105_129    | add       | fabric                   | 0       |
|    mac_muladd_8s_8s_16s_17_4_1_U2581                               | 1    |        | add_ln105_130    | add       | dsp_slice                | 3       |
|    mac_muladd_8s_8s_17s_17_4_1_U2749                               | 1    |        | add_ln105_131    | add       | dsp_slice                | 3       |
|    add_ln105_132_fu_7561_p2                                        |      |        | add_ln105_132    | add       | fabric                   | 0       |
|    mac_muladd_8s_8s_16s_16_4_1_U2580                               | 1    |        | add_ln105_133    | add       | dsp_slice                | 3       |
|    mac_muladd_8s_8s_16s_17_4_1_U2748                               | 1    |        | add_ln105_134    | add       | dsp_slice                | 3       |
|    mac_muladd_8s_8s_16s_16_4_1_U2579                               | 1    |        | add_ln105_135    | add       | dsp_slice                | 3       |
|    mac_muladd_8s_8s_16s_17_4_1_U2747                               | 1    |        | add_ln105_136    | add       | dsp_slice                | 3       |
|    add_ln105_137_fu_7577_p2                                        |      |        | add_ln105_137    | add       | fabric                   | 0       |
|    add_ln105_138_fu_7587_p2                                        |      |        | add_ln105_138    | add       | fabric                   | 0       |
|    mac_muladd_8s_8s_16s_16_4_1_U2578                               | 1    |        | add_ln105_139    | add       | dsp_slice                | 3       |
|    mac_muladd_8s_8s_16s_17_4_1_U2746                               | 1    |        | add_ln105_140    | add       | dsp_slice                | 3       |
|    mac_muladd_8s_8s_16s_16_4_1_U2577                               | 1    |        | add_ln105_141    | add       | dsp_slice                | 3       |
|    mac_muladd_8s_8s_16s_17_4_1_U2745                               | 1    |        | add_ln105_142    | add       | dsp_slice                | 3       |
|    add_ln105_143_fu_7599_p2                                        |      |        | add_ln105_143    | add       | fabric                   | 0       |
|    mac_muladd_8s_8s_16s_16_4_1_U2576                               | 1    |        | add_ln105_144    | add       | dsp_slice                | 3       |
|    mac_muladd_8s_8s_16s_17_4_1_U2744                               | 1    |        | add_ln105_145    | add       | dsp_slice                | 3       |
|    mac_muladd_8s_8s_16s_16_4_1_U2575                               | 1    |        | add_ln105_146    | add       | dsp_slice                | 3       |
|    mac_muladd_8s_8s_16s_17_4_1_U2743                               | 1    |        | add_ln105_147    | add       | dsp_slice                | 3       |
|    add_ln105_148_fu_7615_p2                                        |      |        | add_ln105_148    | add       | fabric                   | 0       |
|    add_ln105_149_fu_7625_p2                                        |      |        | add_ln105_149    | add       | fabric                   | 0       |
|    add_ln105_150_fu_9042_p2                                        |      |        | add_ln105_150    | add       | fabric                   | 0       |
|    mac_muladd_8s_8s_16s_16_4_1_U2574                               | 1    |        | add_ln105_151    | add       | dsp_slice                | 3       |
|    mac_muladd_8s_8s_16s_17_4_1_U2742                               | 1    |        | add_ln105_152    | add       | dsp_slice                | 3       |
|    mac_muladd_8s_8s_16s_17_4_1_U2573                               | 1    |        | add_ln105_153    | add       | dsp_slice                | 3       |
|    mac_muladd_8s_8s_17s_17_4_1_U2741                               | 1    |        | add_ln105_154    | add       | dsp_slice                | 3       |
|    add_ln105_155_fu_7637_p2                                        |      |        | add_ln105_155    | add       | fabric                   | 0       |
|    mac_muladd_8s_8s_16s_16_4_1_U2572                               | 1    |        | add_ln105_156    | add       | dsp_slice                | 3       |
|    mac_muladd_8s_8s_16s_17_4_1_U2740                               | 1    |        | add_ln105_157    | add       | dsp_slice                | 3       |
|    mac_muladd_8s_8s_16s_16_4_1_U2588                               | 1    |        | add_ln105_158    | add       | dsp_slice                | 3       |
|    mac_muladd_8s_8s_16s_17_4_1_U2739                               | 1    |        | add_ln105_159    | add       | dsp_slice                | 3       |
|    add_ln105_160_fu_7653_p2                                        |      |        | add_ln105_160    | add       | fabric                   | 0       |
|    add_ln105_161_fu_7663_p2                                        |      |        | add_ln105_161    | add       | fabric                   | 0       |
|    mac_muladd_8s_8s_16s_16_4_1_U2587                               | 1    |        | add_ln105_162    | add       | dsp_slice                | 3       |
|    mac_muladd_8s_8s_16s_17_4_1_U2752                               | 1    |        | add_ln105_163    | add       | dsp_slice                | 3       |
|    mac_muladd_8s_8s_16s_16_4_1_U2586                               | 1    |        | add_ln105_164    | add       | dsp_slice                | 3       |
|    mac_muladd_8s_8s_16s_17_4_1_U2751                               | 1    |        | add_ln105_165    | add       | dsp_slice                | 3       |
|    add_ln105_166_fu_7675_p2                                        |      |        | add_ln105_166    | add       | fabric                   | 0       |
|    mac_muladd_8s_8s_16s_16_4_1_U2585                               | 1    |        | add_ln105_167    | add       | dsp_slice                | 3       |
|    mac_muladd_8s_8s_16s_17_4_1_U2750                               | 1    |        | add_ln105_168    | add       | dsp_slice                | 3       |
|    mac_muladd_8s_8s_16s_16_4_1_U2584                               | 1    |        | add_ln105_169    | add       | dsp_slice                | 3       |
|    mac_muladd_8s_8s_16s_17_4_1_U2583                               | 1    |        | add_ln105_170    | add       | dsp_slice                | 3       |
|    add_ln105_171_fu_6826_p2                                        |      |        | add_ln105_171    | add       | fabric                   | 0       |
|    add_ln105_172_fu_7691_p2                                        |      |        | add_ln105_172    | add       | fabric                   | 0       |
|    add_ln105_173_fu_7701_p2                                        |      |        | add_ln105_173    | add       | fabric                   | 0       |
|    add_ln105_174_fu_9058_p2                                        |      |        | add_ln105_174    | add       | fabric                   | 0       |
|    acc_4_fu_9068_p2                                                |      |        | acc_4            | add       | fabric                   | 0       |
|    mac_muladd_8s_8s_16s_17_4_1_U2753                               | 1    |        | mul_ln105_176    | mul       | dsp_slice                | 3       |
|    mac_muladd_8s_8s_16s_17_4_1_U2753                               | 1    |        | sext_ln105_611   | sext      | dsp_slice                | 3       |
|    mac_muladd_8s_8s_16s_16_4_1_U2589                               | 1    |        | mul_ln105_177    | mul       | dsp_slice                | 3       |
|    mul_8s_8s_16_1_1_U2404                                          |      |        | mul_ln105_178    | mul       | auto                     | 0       |
|    mac_muladd_8s_8s_16s_17_4_1_U2754                               | 1    |        | mul_ln105_179    | mul       | dsp_slice                | 3       |
|    mac_muladd_8s_8s_16s_17_4_1_U2754                               | 1    |        | sext_ln105_612   | sext      | dsp_slice                | 3       |
|    mac_muladd_8s_8s_16s_17_4_1_U2590                               | 1    |        | mul_ln105_180    | mul       | dsp_slice                | 3       |
|    mac_muladd_8s_8s_16s_17_4_1_U2590                               | 1    |        | sext_ln105_613   | sext      | dsp_slice                | 3       |
|    mul_8s_8s_16_1_1_U2405                                          |      |        | mul_ln105_181    | mul       | auto                     | 0       |
|    mac_muladd_8s_8s_17s_17_4_1_U2755                               | 1    |        | mul_ln105_182    | mul       | dsp_slice                | 3       |
|    mac_muladd_8s_8s_17s_17_4_1_U2755                               | 1    |        | sext_ln105_615   | sext      | dsp_slice                | 3       |
|    mac_muladd_8s_8s_16s_16_4_1_U2591                               | 1    |        | mul_ln105_183    | mul       | dsp_slice                | 3       |
|    mul_8s_8s_16_1_1_U2406                                          |      |        | mul_ln105_184    | mul       | auto                     | 0       |
|    mac_muladd_8s_8s_16s_17_4_1_U2756                               | 1    |        | mul_ln105_185    | mul       | dsp_slice                | 3       |
|    mac_muladd_8s_8s_16s_17_4_1_U2756                               | 1    |        | sext_ln105_616   | sext      | dsp_slice                | 3       |
|    mac_muladd_8s_8s_16s_16_4_1_U2592                               | 1    |        | mul_ln105_186    | mul       | dsp_slice                | 3       |
|    mul_8s_8s_16_1_1_U2407                                          |      |        | mul_ln105_187    | mul       | auto                     | 0       |
|    mac_muladd_8s_8s_16s_17_4_1_U2757                               | 1    |        | mul_ln105_188    | mul       | dsp_slice                | 3       |
|    mac_muladd_8s_8s_16s_17_4_1_U2757                               | 1    |        | sext_ln105_617   | sext      | dsp_slice                | 3       |
|    mac_muladd_8s_8s_16s_16_4_1_U2593                               | 1    |        | mul_ln105_189    | mul       | dsp_slice                | 3       |
|    mul_8s_8s_16_1_1_U2408                                          |      |        | mul_ln105_190    | mul       | auto                     | 0       |
|    mac_muladd_8s_8s_16s_17_4_1_U2758                               | 1    |        | mul_ln105_191    | mul       | dsp_slice                | 3       |
|    mac_muladd_8s_8s_16s_17_4_1_U2758                               | 1    |        | sext_ln105_618   | sext      | dsp_slice                | 3       |
|    mac_muladd_8s_8s_16s_16_4_1_U2594                               | 1    |        | mul_ln105_192    | mul       | dsp_slice                | 3       |
|    mul_8s_8s_16_1_1_U2409                                          |      |        | mul_ln105_193    | mul       | auto                     | 0       |
|    mac_muladd_8s_8s_16s_17_4_1_U2759                               | 1    |        | mul_ln105_194    | mul       | dsp_slice                | 3       |
|    mac_muladd_8s_8s_16s_17_4_1_U2759                               | 1    |        | sext_ln105_619   | sext      | dsp_slice                | 3       |
|    mac_muladd_8s_8s_16s_16_4_1_U2595                               | 1    |        | mul_ln105_195    | mul       | dsp_slice                | 3       |
|    mul_8s_8s_16_1_1_U2410                                          |      |        | mul_ln105_196    | mul       | auto                     | 0       |
|    mac_muladd_8s_8s_16s_17_4_1_U2760                               | 1    |        | mul_ln105_197    | mul       | dsp_slice                | 3       |
|    mac_muladd_8s_8s_16s_17_4_1_U2760                               | 1    |        | sext_ln105_620   | sext      | dsp_slice                | 3       |
|    mac_muladd_8s_8s_16s_16_4_1_U2596                               | 1    |        | mul_ln105_198    | mul       | dsp_slice                | 3       |
|    mul_8s_8s_16_1_1_U2411                                          |      |        | mul_ln105_199    | mul       | auto                     | 0       |
|    mac_muladd_8s_8s_16s_17_4_1_U2761                               | 1    |        | mul_ln105_200    | mul       | dsp_slice                | 3       |
|    mac_muladd_8s_8s_16s_17_4_1_U2761                               | 1    |        | sext_ln105_621   | sext      | dsp_slice                | 3       |
|    mac_muladd_8s_8s_16s_16_4_1_U2597                               | 1    |        | mul_ln105_201    | mul       | dsp_slice                | 3       |
|    mul_8s_8s_16_1_1_U2412                                          |      |        | mul_ln105_202    | mul       | auto                     | 0       |
|    mac_muladd_8s_8s_16s_17_4_1_U2762                               | 1    |        | mul_ln105_203    | mul       | dsp_slice                | 3       |
|    mac_muladd_8s_8s_16s_17_4_1_U2762                               | 1    |        | sext_ln105_622   | sext      | dsp_slice                | 3       |
|    mac_muladd_8s_8s_16s_17_4_1_U2598                               | 1    |        | mul_ln105_204    | mul       | dsp_slice                | 3       |
|    mac_muladd_8s_8s_16s_17_4_1_U2598                               | 1    |        | sext_ln105_623   | sext      | dsp_slice                | 3       |
|    mul_8s_8s_16_1_1_U2413                                          |      |        | mul_ln105_205    | mul       | auto                     | 0       |
|    mac_muladd_8s_8s_17s_17_4_1_U2763                               | 1    |        | mul_ln105_206    | mul       | dsp_slice                | 3       |
|    mac_muladd_8s_8s_17s_17_4_1_U2763                               | 1    |        | sext_ln105_625   | sext      | dsp_slice                | 3       |
|    mac_muladd_8s_8s_16s_16_4_1_U2599                               | 1    |        | mul_ln105_207    | mul       | dsp_slice                | 3       |
|    mul_8s_8s_16_1_1_U2414                                          |      |        | mul_ln105_208    | mul       | auto                     | 0       |
|    mac_muladd_8s_8s_16s_17_4_1_U2600                               | 1    |        | mul_ln105_209    | mul       | dsp_slice                | 3       |
|    mac_muladd_8s_8s_16s_17_4_1_U2600                               | 1    |        | sext_ln105_626   | sext      | dsp_slice                | 3       |
|    mul_8s_8s_16_1_1_U2415                                          |      |        | mul_ln105_210    | mul       | auto                     | 0       |
|    mac_muladd_8s_8s_16s_16_4_1_U2601                               | 1    |        | mul_ln105_211    | mul       | dsp_slice                | 3       |
|    mul_8s_8s_16_1_1_U2416                                          |      |        | mul_ln105_212    | mul       | auto                     | 0       |
|    mac_muladd_8s_8s_16s_16_4_1_U2602                               | 1    |        | mul_ln105_213    | mul       | dsp_slice                | 3       |
|    mul_8s_8s_16_1_1_U2417                                          |      |        | mul_ln105_214    | mul       | auto                     | 0       |
|    mac_muladd_8s_8s_16s_17_4_1_U2764                               | 1    |        | mul_ln105_215    | mul       | dsp_slice                | 3       |
|    mac_muladd_8s_8s_16s_17_4_1_U2764                               | 1    |        | sext_ln105_628   | sext      | dsp_slice                | 3       |
|    mac_muladd_8s_8s_16s_16_4_1_U2603                               | 1    |        | mul_ln105_216    | mul       | dsp_slice                | 3       |
|    mul_8s_8s_16_1_1_U2418                                          |      |        | mul_ln105_217    | mul       | auto                     | 0       |
|    mac_muladd_8s_8s_16s_17_4_1_U2765                               | 1    |        | mul_ln105_218    | mul       | dsp_slice                | 3       |
|    mac_muladd_8s_8s_16s_17_4_1_U2765                               | 1    |        | sext_ln105_629   | sext      | dsp_slice                | 3       |
|    mac_muladd_8s_8s_16s_16_4_1_U2604                               | 1    |        | mul_ln105_219    | mul       | dsp_slice                | 3       |
|    mul_8s_8s_16_1_1_U2419                                          |      |        | mul_ln105_220    | mul       | auto                     | 0       |
|    mac_muladd_8s_8s_16s_17_4_1_U2766                               | 1    |        | mul_ln105_221    | mul       | dsp_slice                | 3       |
|    mac_muladd_8s_8s_16s_17_4_1_U2766                               | 1    |        | sext_ln105_630   | sext      | dsp_slice                | 3       |
|    mac_muladd_8s_8s_16s_16_4_1_U2605                               | 1    |        | mul_ln105_222    | mul       | dsp_slice                | 3       |
|    mul_8s_8s_16_1_1_U2420                                          |      |        | mul_ln105_223    | mul       | auto                     | 0       |
|    mac_muladd_8s_8s_16s_16_4_1_U2599                               | 1    |        | add_ln105_176    | add       | dsp_slice                | 3       |
|    add_ln105_177_fu_6834_p2                                        |      |        | add_ln105_177    | add       | fabric                   | 0       |
|    mac_muladd_8s_8s_16s_17_4_1_U2598                               | 1    |        | add_ln105_178    | add       | dsp_slice                | 3       |
|    mac_muladd_8s_8s_17s_17_4_1_U2763                               | 1    |        | add_ln105_179    | add       | dsp_slice                | 3       |
|    add_ln105_180_fu_7713_p2                                        |      |        | add_ln105_180    | add       | fabric                   | 0       |
|    mac_muladd_8s_8s_16s_16_4_1_U2597                               | 1    |        | add_ln105_181    | add       | dsp_slice                | 3       |
|    mac_muladd_8s_8s_16s_17_4_1_U2762                               | 1    |        | add_ln105_182    | add       | dsp_slice                | 3       |
|    mac_muladd_8s_8s_16s_16_4_1_U2596                               | 1    |        | add_ln105_183    | add       | dsp_slice                | 3       |
|    mac_muladd_8s_8s_16s_17_4_1_U2761                               | 1    |        | add_ln105_184    | add       | dsp_slice                | 3       |
|    add_ln105_185_fu_7729_p2                                        |      |        | add_ln105_185    | add       | fabric                   | 0       |
|    add_ln105_186_fu_7739_p2                                        |      |        | add_ln105_186    | add       | fabric                   | 0       |
|    mac_muladd_8s_8s_16s_16_4_1_U2595                               | 1    |        | add_ln105_187    | add       | dsp_slice                | 3       |
|    mac_muladd_8s_8s_16s_17_4_1_U2760                               | 1    |        | add_ln105_188    | add       | dsp_slice                | 3       |
|    mac_muladd_8s_8s_16s_16_4_1_U2594                               | 1    |        | add_ln105_189    | add       | dsp_slice                | 3       |
|    mac_muladd_8s_8s_16s_17_4_1_U2759                               | 1    |        | add_ln105_190    | add       | dsp_slice                | 3       |
|    add_ln105_191_fu_7751_p2                                        |      |        | add_ln105_191    | add       | fabric                   | 0       |
|    mac_muladd_8s_8s_16s_16_4_1_U2593                               | 1    |        | add_ln105_192    | add       | dsp_slice                | 3       |
|    mac_muladd_8s_8s_16s_17_4_1_U2758                               | 1    |        | add_ln105_193    | add       | dsp_slice                | 3       |
|    mac_muladd_8s_8s_16s_16_4_1_U2592                               | 1    |        | add_ln105_194    | add       | dsp_slice                | 3       |
|    mac_muladd_8s_8s_16s_17_4_1_U2757                               | 1    |        | add_ln105_195    | add       | dsp_slice                | 3       |
|    add_ln105_196_fu_7767_p2                                        |      |        | add_ln105_196    | add       | fabric                   | 0       |
|    add_ln105_197_fu_7777_p2                                        |      |        | add_ln105_197    | add       | fabric                   | 0       |
|    add_ln105_198_fu_9081_p2                                        |      |        | add_ln105_198    | add       | fabric                   | 0       |
|    mac_muladd_8s_8s_16s_16_4_1_U2591                               | 1    |        | add_ln105_199    | add       | dsp_slice                | 3       |
|    mac_muladd_8s_8s_16s_17_4_1_U2756                               | 1    |        | add_ln105_200    | add       | dsp_slice                | 3       |
|    mac_muladd_8s_8s_16s_17_4_1_U2590                               | 1    |        | add_ln105_201    | add       | dsp_slice                | 3       |
|    mac_muladd_8s_8s_17s_17_4_1_U2755                               | 1    |        | add_ln105_202    | add       | dsp_slice                | 3       |
|    add_ln105_203_fu_7789_p2                                        |      |        | add_ln105_203    | add       | fabric                   | 0       |
|    mac_muladd_8s_8s_16s_16_4_1_U2589                               | 1    |        | add_ln105_204    | add       | dsp_slice                | 3       |
|    mac_muladd_8s_8s_16s_17_4_1_U2754                               | 1    |        | add_ln105_205    | add       | dsp_slice                | 3       |
|    mac_muladd_8s_8s_16s_16_4_1_U2605                               | 1    |        | add_ln105_206    | add       | dsp_slice                | 3       |
|    mac_muladd_8s_8s_16s_17_4_1_U2753                               | 1    |        | add_ln105_207    | add       | dsp_slice                | 3       |
|    add_ln105_208_fu_7805_p2                                        |      |        | add_ln105_208    | add       | fabric                   | 0       |
|    add_ln105_209_fu_7815_p2                                        |      |        | add_ln105_209    | add       | fabric                   | 0       |
|    mac_muladd_8s_8s_16s_16_4_1_U2604                               | 1    |        | add_ln105_210    | add       | dsp_slice                | 3       |
|    mac_muladd_8s_8s_16s_17_4_1_U2766                               | 1    |        | add_ln105_211    | add       | dsp_slice                | 3       |
|    mac_muladd_8s_8s_16s_16_4_1_U2603                               | 1    |        | add_ln105_212    | add       | dsp_slice                | 3       |
|    mac_muladd_8s_8s_16s_17_4_1_U2765                               | 1    |        | add_ln105_213    | add       | dsp_slice                | 3       |
|    add_ln105_214_fu_7827_p2                                        |      |        | add_ln105_214    | add       | fabric                   | 0       |
|    mac_muladd_8s_8s_16s_16_4_1_U2602                               | 1    |        | add_ln105_215    | add       | dsp_slice                | 3       |
|    mac_muladd_8s_8s_16s_17_4_1_U2764                               | 1    |        | add_ln105_216    | add       | dsp_slice                | 3       |
|    mac_muladd_8s_8s_16s_16_4_1_U2601                               | 1    |        | add_ln105_217    | add       | dsp_slice                | 3       |
|    mac_muladd_8s_8s_16s_17_4_1_U2600                               | 1    |        | add_ln105_218    | add       | dsp_slice                | 3       |
|    add_ln105_219_fu_6879_p2                                        |      |        | add_ln105_219    | add       | fabric                   | 0       |
|    add_ln105_220_fu_7843_p2                                        |      |        | add_ln105_220    | add       | fabric                   | 0       |
|    add_ln105_221_fu_7853_p2                                        |      |        | add_ln105_221    | add       | fabric                   | 0       |
|    add_ln105_222_fu_9097_p2                                        |      |        | add_ln105_222    | add       | fabric                   | 0       |
|    acc_5_fu_9107_p2                                                |      |        | acc_5            | add       | fabric                   | 0       |
|    mac_muladd_8s_8s_16s_17_4_1_U2767                               | 1    |        | mul_ln105_224    | mul       | dsp_slice                | 3       |
|    mac_muladd_8s_8s_16s_17_4_1_U2767                               | 1    |        | sext_ln105_675   | sext      | dsp_slice                | 3       |
|    mac_muladd_8s_8s_16s_16_4_1_U2606                               | 1    |        | mul_ln105_225    | mul       | dsp_slice                | 3       |
|    mul_8s_8s_16_1_1_U2421                                          |      |        | mul_ln105_226    | mul       | auto                     | 0       |
|    mac_muladd_8s_8s_16s_17_4_1_U2768                               | 1    |        | mul_ln105_227    | mul       | dsp_slice                | 3       |
|    mac_muladd_8s_8s_16s_17_4_1_U2768                               | 1    |        | sext_ln105_676   | sext      | dsp_slice                | 3       |
|    mac_muladd_8s_8s_16s_17_4_1_U2607                               | 1    |        | mul_ln105_228    | mul       | dsp_slice                | 3       |
|    mac_muladd_8s_8s_16s_17_4_1_U2607                               | 1    |        | sext_ln105_677   | sext      | dsp_slice                | 3       |
|    mul_8s_8s_16_1_1_U2422                                          |      |        | mul_ln105_229    | mul       | auto                     | 0       |
|    mac_muladd_8s_8s_17s_17_4_1_U2769                               | 1    |        | mul_ln105_230    | mul       | dsp_slice                | 3       |
|    mac_muladd_8s_8s_17s_17_4_1_U2769                               | 1    |        | sext_ln105_679   | sext      | dsp_slice                | 3       |
|    mac_muladd_8s_8s_16s_16_4_1_U2608                               | 1    |        | mul_ln105_231    | mul       | dsp_slice                | 3       |
|    mul_8s_8s_16_1_1_U2423                                          |      |        | mul_ln105_232    | mul       | auto                     | 0       |
|    mac_muladd_8s_8s_16s_17_4_1_U2770                               | 1    |        | mul_ln105_233    | mul       | dsp_slice                | 3       |
|    mac_muladd_8s_8s_16s_17_4_1_U2770                               | 1    |        | sext_ln105_680   | sext      | dsp_slice                | 3       |
|    mac_muladd_8s_8s_16s_16_4_1_U2609                               | 1    |        | mul_ln105_234    | mul       | dsp_slice                | 3       |
|    mul_8s_8s_16_1_1_U2424                                          |      |        | mul_ln105_235    | mul       | auto                     | 0       |
|    mac_muladd_8s_8s_16s_17_4_1_U2771                               | 1    |        | mul_ln105_236    | mul       | dsp_slice                | 3       |
|    mac_muladd_8s_8s_16s_17_4_1_U2771                               | 1    |        | sext_ln105_681   | sext      | dsp_slice                | 3       |
|    mac_muladd_8s_8s_16s_16_4_1_U2610                               | 1    |        | mul_ln105_237    | mul       | dsp_slice                | 3       |
|    mul_8s_8s_16_1_1_U2425                                          |      |        | mul_ln105_238    | mul       | auto                     | 0       |
|    mac_muladd_8s_8s_16s_17_4_1_U2772                               | 1    |        | mul_ln105_239    | mul       | dsp_slice                | 3       |
|    mac_muladd_8s_8s_16s_17_4_1_U2772                               | 1    |        | sext_ln105_682   | sext      | dsp_slice                | 3       |
|    mac_muladd_8s_8s_16s_16_4_1_U2611                               | 1    |        | mul_ln105_240    | mul       | dsp_slice                | 3       |
|    mul_8s_8s_16_1_1_U2426                                          |      |        | mul_ln105_241    | mul       | auto                     | 0       |
|    mac_muladd_8s_8s_16s_17_4_1_U2773                               | 1    |        | mul_ln105_242    | mul       | dsp_slice                | 3       |
|    mac_muladd_8s_8s_16s_17_4_1_U2773                               | 1    |        | sext_ln105_683   | sext      | dsp_slice                | 3       |
|    mac_muladd_8s_8s_16s_16_4_1_U2612                               | 1    |        | mul_ln105_243    | mul       | dsp_slice                | 3       |
|    mul_8s_8s_16_1_1_U2427                                          |      |        | mul_ln105_244    | mul       | auto                     | 0       |
|    mac_muladd_8s_8s_16s_17_4_1_U2774                               | 1    |        | mul_ln105_245    | mul       | dsp_slice                | 3       |
|    mac_muladd_8s_8s_16s_17_4_1_U2774                               | 1    |        | sext_ln105_684   | sext      | dsp_slice                | 3       |
|    mac_muladd_8s_8s_16s_16_4_1_U2613                               | 1    |        | mul_ln105_246    | mul       | dsp_slice                | 3       |
|    mul_8s_8s_16_1_1_U2428                                          |      |        | mul_ln105_247    | mul       | auto                     | 0       |
|    mac_muladd_8s_8s_16s_17_4_1_U2775                               | 1    |        | mul_ln105_248    | mul       | dsp_slice                | 3       |
|    mac_muladd_8s_8s_16s_17_4_1_U2775                               | 1    |        | sext_ln105_685   | sext      | dsp_slice                | 3       |
|    mac_muladd_8s_8s_16s_16_4_1_U2614                               | 1    |        | mul_ln105_249    | mul       | dsp_slice                | 3       |
|    mul_8s_8s_16_1_1_U2429                                          |      |        | mul_ln105_250    | mul       | auto                     | 0       |
|    mac_muladd_8s_8s_16s_17_4_1_U2776                               | 1    |        | mul_ln105_251    | mul       | dsp_slice                | 3       |
|    mac_muladd_8s_8s_16s_17_4_1_U2776                               | 1    |        | sext_ln105_686   | sext      | dsp_slice                | 3       |
|    mac_muladd_8s_8s_16s_17_4_1_U2615                               | 1    |        | mul_ln105_252    | mul       | dsp_slice                | 3       |
|    mac_muladd_8s_8s_16s_17_4_1_U2615                               | 1    |        | sext_ln105_687   | sext      | dsp_slice                | 3       |
|    mul_8s_8s_16_1_1_U2430                                          |      |        | mul_ln105_253    | mul       | auto                     | 0       |
|    mac_muladd_8s_8s_17s_17_4_1_U2777                               | 1    |        | mul_ln105_254    | mul       | dsp_slice                | 3       |
|    mac_muladd_8s_8s_17s_17_4_1_U2777                               | 1    |        | sext_ln105_689   | sext      | dsp_slice                | 3       |
|    mac_muladd_8s_8s_16s_16_4_1_U2616                               | 1    |        | mul_ln105_255    | mul       | dsp_slice                | 3       |
|    mul_8s_8s_16_1_1_U2431                                          |      |        | mul_ln105_256    | mul       | auto                     | 0       |
|    mac_muladd_8s_8s_16s_17_4_1_U2617                               | 1    |        | mul_ln105_257    | mul       | dsp_slice                | 3       |
|    mac_muladd_8s_8s_16s_17_4_1_U2617                               | 1    |        | sext_ln105_690   | sext      | dsp_slice                | 3       |
|    mul_8s_8s_16_1_1_U2432                                          |      |        | mul_ln105_258    | mul       | auto                     | 0       |
|    mac_muladd_8s_8s_16s_16_4_1_U2618                               | 1    |        | mul_ln105_259    | mul       | dsp_slice                | 3       |
|    mul_8s_8s_16_1_1_U2433                                          |      |        | mul_ln105_260    | mul       | auto                     | 0       |
|    mac_muladd_8s_8s_16s_16_4_1_U2619                               | 1    |        | mul_ln105_261    | mul       | dsp_slice                | 3       |
|    mul_8s_8s_16_1_1_U2434                                          |      |        | mul_ln105_262    | mul       | auto                     | 0       |
|    mac_muladd_8s_8s_16s_17_4_1_U2778                               | 1    |        | mul_ln105_263    | mul       | dsp_slice                | 3       |
|    mac_muladd_8s_8s_16s_17_4_1_U2778                               | 1    |        | sext_ln105_692   | sext      | dsp_slice                | 3       |
|    mac_muladd_8s_8s_16s_16_4_1_U2620                               | 1    |        | mul_ln105_264    | mul       | dsp_slice                | 3       |
|    mul_8s_8s_16_1_1_U2435                                          |      |        | mul_ln105_265    | mul       | auto                     | 0       |
|    mac_muladd_8s_8s_16s_17_4_1_U2779                               | 1    |        | mul_ln105_266    | mul       | dsp_slice                | 3       |
|    mac_muladd_8s_8s_16s_17_4_1_U2779                               | 1    |        | sext_ln105_693   | sext      | dsp_slice                | 3       |
|    mac_muladd_8s_8s_16s_16_4_1_U2621                               | 1    |        | mul_ln105_267    | mul       | dsp_slice                | 3       |
|    mul_8s_8s_16_1_1_U2436                                          |      |        | mul_ln105_268    | mul       | auto                     | 0       |
|    mac_muladd_8s_8s_16s_17_4_1_U2780                               | 1    |        | mul_ln105_269    | mul       | dsp_slice                | 3       |
|    mac_muladd_8s_8s_16s_17_4_1_U2780                               | 1    |        | sext_ln105_694   | sext      | dsp_slice                | 3       |
|    mac_muladd_8s_8s_16s_16_4_1_U2622                               | 1    |        | mul_ln105_270    | mul       | dsp_slice                | 3       |
|    mul_8s_8s_16_1_1_U2437                                          |      |        | mul_ln105_271    | mul       | auto                     | 0       |
|    mac_muladd_8s_8s_16s_16_4_1_U2616                               | 1    |        | add_ln105_224    | add       | dsp_slice                | 3       |
|    add_ln105_225_fu_6887_p2                                        |      |        | add_ln105_225    | add       | fabric                   | 0       |
|    mac_muladd_8s_8s_16s_17_4_1_U2615                               | 1    |        | add_ln105_226    | add       | dsp_slice                | 3       |
|    mac_muladd_8s_8s_17s_17_4_1_U2777                               | 1    |        | add_ln105_227    | add       | dsp_slice                | 3       |
|    add_ln105_228_fu_7865_p2                                        |      |        | add_ln105_228    | add       | fabric                   | 0       |
|    mac_muladd_8s_8s_16s_16_4_1_U2614                               | 1    |        | add_ln105_229    | add       | dsp_slice                | 3       |
|    mac_muladd_8s_8s_16s_17_4_1_U2776                               | 1    |        | add_ln105_230    | add       | dsp_slice                | 3       |
|    mac_muladd_8s_8s_16s_16_4_1_U2613                               | 1    |        | add_ln105_231    | add       | dsp_slice                | 3       |
|    mac_muladd_8s_8s_16s_17_4_1_U2775                               | 1    |        | add_ln105_232    | add       | dsp_slice                | 3       |
|    add_ln105_233_fu_7881_p2                                        |      |        | add_ln105_233    | add       | fabric                   | 0       |
|    add_ln105_234_fu_7891_p2                                        |      |        | add_ln105_234    | add       | fabric                   | 0       |
|    mac_muladd_8s_8s_16s_16_4_1_U2612                               | 1    |        | add_ln105_235    | add       | dsp_slice                | 3       |
|    mac_muladd_8s_8s_16s_17_4_1_U2774                               | 1    |        | add_ln105_236    | add       | dsp_slice                | 3       |
|    mac_muladd_8s_8s_16s_16_4_1_U2611                               | 1    |        | add_ln105_237    | add       | dsp_slice                | 3       |
|    mac_muladd_8s_8s_16s_17_4_1_U2773                               | 1    |        | add_ln105_238    | add       | dsp_slice                | 3       |
|    add_ln105_239_fu_7903_p2                                        |      |        | add_ln105_239    | add       | fabric                   | 0       |
|    mac_muladd_8s_8s_16s_16_4_1_U2610                               | 1    |        | add_ln105_240    | add       | dsp_slice                | 3       |
|    mac_muladd_8s_8s_16s_17_4_1_U2772                               | 1    |        | add_ln105_241    | add       | dsp_slice                | 3       |
|    mac_muladd_8s_8s_16s_16_4_1_U2609                               | 1    |        | add_ln105_242    | add       | dsp_slice                | 3       |
|    mac_muladd_8s_8s_16s_17_4_1_U2771                               | 1    |        | add_ln105_243    | add       | dsp_slice                | 3       |
|    add_ln105_244_fu_7919_p2                                        |      |        | add_ln105_244    | add       | fabric                   | 0       |
|    add_ln105_245_fu_7929_p2                                        |      |        | add_ln105_245    | add       | fabric                   | 0       |
|    add_ln105_246_fu_9120_p2                                        |      |        | add_ln105_246    | add       | fabric                   | 0       |
|    mac_muladd_8s_8s_16s_16_4_1_U2608                               | 1    |        | add_ln105_247    | add       | dsp_slice                | 3       |
|    mac_muladd_8s_8s_16s_17_4_1_U2770                               | 1    |        | add_ln105_248    | add       | dsp_slice                | 3       |
|    mac_muladd_8s_8s_16s_17_4_1_U2607                               | 1    |        | add_ln105_249    | add       | dsp_slice                | 3       |
|    mac_muladd_8s_8s_17s_17_4_1_U2769                               | 1    |        | add_ln105_250    | add       | dsp_slice                | 3       |
|    add_ln105_251_fu_7941_p2                                        |      |        | add_ln105_251    | add       | fabric                   | 0       |
|    mac_muladd_8s_8s_16s_16_4_1_U2606                               | 1    |        | add_ln105_252    | add       | dsp_slice                | 3       |
|    mac_muladd_8s_8s_16s_17_4_1_U2768                               | 1    |        | add_ln105_253    | add       | dsp_slice                | 3       |
|    mac_muladd_8s_8s_16s_16_4_1_U2622                               | 1    |        | add_ln105_254    | add       | dsp_slice                | 3       |
|    mac_muladd_8s_8s_16s_17_4_1_U2767                               | 1    |        | add_ln105_255    | add       | dsp_slice                | 3       |
|    add_ln105_256_fu_7957_p2                                        |      |        | add_ln105_256    | add       | fabric                   | 0       |
|    add_ln105_257_fu_7967_p2                                        |      |        | add_ln105_257    | add       | fabric                   | 0       |
|    mac_muladd_8s_8s_16s_16_4_1_U2621                               | 1    |        | add_ln105_258    | add       | dsp_slice                | 3       |
|    mac_muladd_8s_8s_16s_17_4_1_U2780                               | 1    |        | add_ln105_259    | add       | dsp_slice                | 3       |
|    mac_muladd_8s_8s_16s_16_4_1_U2620                               | 1    |        | add_ln105_260    | add       | dsp_slice                | 3       |
|    mac_muladd_8s_8s_16s_17_4_1_U2779                               | 1    |        | add_ln105_261    | add       | dsp_slice                | 3       |
|    add_ln105_262_fu_7979_p2                                        |      |        | add_ln105_262    | add       | fabric                   | 0       |
|    mac_muladd_8s_8s_16s_16_4_1_U2619                               | 1    |        | add_ln105_263    | add       | dsp_slice                | 3       |
|    mac_muladd_8s_8s_16s_17_4_1_U2778                               | 1    |        | add_ln105_264    | add       | dsp_slice                | 3       |
|    mac_muladd_8s_8s_16s_16_4_1_U2618                               | 1    |        | add_ln105_265    | add       | dsp_slice                | 3       |
|    mac_muladd_8s_8s_16s_17_4_1_U2617                               | 1    |        | add_ln105_266    | add       | dsp_slice                | 3       |
|    add_ln105_267_fu_6932_p2                                        |      |        | add_ln105_267    | add       | fabric                   | 0       |
|    add_ln105_268_fu_7995_p2                                        |      |        | add_ln105_268    | add       | fabric                   | 0       |
|    add_ln105_269_fu_8005_p2                                        |      |        | add_ln105_269    | add       | fabric                   | 0       |
|    add_ln105_270_fu_9136_p2                                        |      |        | add_ln105_270    | add       | fabric                   | 0       |
|    acc_6_fu_9146_p2                                                |      |        | acc_6            | add       | fabric                   | 0       |
|    mac_muladd_8s_8s_16s_17_4_1_U2781                               | 1    |        | mul_ln105_272    | mul       | dsp_slice                | 3       |
|    mac_muladd_8s_8s_16s_17_4_1_U2781                               | 1    |        | sext_ln105_739   | sext      | dsp_slice                | 3       |
|    mac_muladd_8s_8s_16s_16_4_1_U2623                               | 1    |        | mul_ln105_273    | mul       | dsp_slice                | 3       |
|    mul_8s_8s_16_1_1_U2438                                          |      |        | mul_ln105_274    | mul       | auto                     | 0       |
|    mac_muladd_8s_8s_16s_17_4_1_U2782                               | 1    |        | mul_ln105_275    | mul       | dsp_slice                | 3       |
|    mac_muladd_8s_8s_16s_17_4_1_U2782                               | 1    |        | sext_ln105_740   | sext      | dsp_slice                | 3       |
|    mac_muladd_8s_8s_16s_17_4_1_U2624                               | 1    |        | mul_ln105_276    | mul       | dsp_slice                | 3       |
|    mac_muladd_8s_8s_16s_17_4_1_U2624                               | 1    |        | sext_ln105_741   | sext      | dsp_slice                | 3       |
|    mul_8s_8s_16_1_1_U2439                                          |      |        | mul_ln105_277    | mul       | auto                     | 0       |
|    mac_muladd_8s_8s_17s_17_4_1_U2783                               | 1    |        | mul_ln105_278    | mul       | dsp_slice                | 3       |
|    mac_muladd_8s_8s_17s_17_4_1_U2783                               | 1    |        | sext_ln105_743   | sext      | dsp_slice                | 3       |
|    mac_muladd_8s_8s_16s_16_4_1_U2625                               | 1    |        | mul_ln105_279    | mul       | dsp_slice                | 3       |
|    mul_8s_8s_16_1_1_U2440                                          |      |        | mul_ln105_280    | mul       | auto                     | 0       |
|    mac_muladd_8s_8s_16s_17_4_1_U2784                               | 1    |        | mul_ln105_281    | mul       | dsp_slice                | 3       |
|    mac_muladd_8s_8s_16s_17_4_1_U2784                               | 1    |        | sext_ln105_744   | sext      | dsp_slice                | 3       |
|    mac_muladd_8s_8s_16s_16_4_1_U2626                               | 1    |        | mul_ln105_282    | mul       | dsp_slice                | 3       |
|    mul_8s_8s_16_1_1_U2441                                          |      |        | mul_ln105_283    | mul       | auto                     | 0       |
|    mac_muladd_8s_8s_16s_17_4_1_U2785                               | 1    |        | mul_ln105_284    | mul       | dsp_slice                | 3       |
|    mac_muladd_8s_8s_16s_17_4_1_U2785                               | 1    |        | sext_ln105_745   | sext      | dsp_slice                | 3       |
|    mac_muladd_8s_8s_16s_16_4_1_U2627                               | 1    |        | mul_ln105_285    | mul       | dsp_slice                | 3       |
|    mul_8s_8s_16_1_1_U2442                                          |      |        | mul_ln105_286    | mul       | auto                     | 0       |
|    mac_muladd_8s_8s_16s_17_4_1_U2786                               | 1    |        | mul_ln105_287    | mul       | dsp_slice                | 3       |
|    mac_muladd_8s_8s_16s_17_4_1_U2786                               | 1    |        | sext_ln105_746   | sext      | dsp_slice                | 3       |
|    mac_muladd_8s_8s_16s_16_4_1_U2628                               | 1    |        | mul_ln105_288    | mul       | dsp_slice                | 3       |
|    mul_8s_8s_16_1_1_U2443                                          |      |        | mul_ln105_289    | mul       | auto                     | 0       |
|    mac_muladd_8s_8s_16s_17_4_1_U2787                               | 1    |        | mul_ln105_290    | mul       | dsp_slice                | 3       |
|    mac_muladd_8s_8s_16s_17_4_1_U2787                               | 1    |        | sext_ln105_747   | sext      | dsp_slice                | 3       |
|    mac_muladd_8s_8s_16s_16_4_1_U2629                               | 1    |        | mul_ln105_291    | mul       | dsp_slice                | 3       |
|    mul_8s_8s_16_1_1_U2444                                          |      |        | mul_ln105_292    | mul       | auto                     | 0       |
|    mac_muladd_8s_8s_16s_17_4_1_U2788                               | 1    |        | mul_ln105_293    | mul       | dsp_slice                | 3       |
|    mac_muladd_8s_8s_16s_17_4_1_U2788                               | 1    |        | sext_ln105_748   | sext      | dsp_slice                | 3       |
|    mac_muladd_8s_8s_16s_16_4_1_U2630                               | 1    |        | mul_ln105_294    | mul       | dsp_slice                | 3       |
|    mul_8s_8s_16_1_1_U2445                                          |      |        | mul_ln105_295    | mul       | auto                     | 0       |
|    mac_muladd_8s_8s_16s_17_4_1_U2789                               | 1    |        | mul_ln105_296    | mul       | dsp_slice                | 3       |
|    mac_muladd_8s_8s_16s_17_4_1_U2789                               | 1    |        | sext_ln105_749   | sext      | dsp_slice                | 3       |
|    mac_muladd_8s_8s_16s_16_4_1_U2631                               | 1    |        | mul_ln105_297    | mul       | dsp_slice                | 3       |
|    mul_8s_8s_16_1_1_U2446                                          |      |        | mul_ln105_298    | mul       | auto                     | 0       |
|    mac_muladd_8s_8s_16s_17_4_1_U2790                               | 1    |        | mul_ln105_299    | mul       | dsp_slice                | 3       |
|    mac_muladd_8s_8s_16s_17_4_1_U2790                               | 1    |        | sext_ln105_750   | sext      | dsp_slice                | 3       |
|    mac_muladd_8s_8s_16s_17_4_1_U2632                               | 1    |        | mul_ln105_300    | mul       | dsp_slice                | 3       |
|    mac_muladd_8s_8s_16s_17_4_1_U2632                               | 1    |        | sext_ln105_751   | sext      | dsp_slice                | 3       |
|    mul_8s_8s_16_1_1_U2447                                          |      |        | mul_ln105_301    | mul       | auto                     | 0       |
|    mac_muladd_8s_8s_17s_17_4_1_U2791                               | 1    |        | mul_ln105_302    | mul       | dsp_slice                | 3       |
|    mac_muladd_8s_8s_17s_17_4_1_U2791                               | 1    |        | sext_ln105_753   | sext      | dsp_slice                | 3       |
|    mac_muladd_8s_8s_16s_16_4_1_U2633                               | 1    |        | mul_ln105_303    | mul       | dsp_slice                | 3       |
|    mul_8s_8s_16_1_1_U2448                                          |      |        | mul_ln105_304    | mul       | auto                     | 0       |
|    mac_muladd_8s_8s_16s_17_4_1_U2634                               | 1    |        | mul_ln105_305    | mul       | dsp_slice                | 3       |
|    mac_muladd_8s_8s_16s_17_4_1_U2634                               | 1    |        | sext_ln105_754   | sext      | dsp_slice                | 3       |
|    mul_8s_8s_16_1_1_U2449                                          |      |        | mul_ln105_306    | mul       | auto                     | 0       |
|    mac_muladd_8s_8s_16s_16_4_1_U2635                               | 1    |        | mul_ln105_307    | mul       | dsp_slice                | 3       |
|    mul_8s_8s_16_1_1_U2450                                          |      |        | mul_ln105_308    | mul       | auto                     | 0       |
|    mac_muladd_8s_8s_16s_16_4_1_U2636                               | 1    |        | mul_ln105_309    | mul       | dsp_slice                | 3       |
|    mul_8s_8s_16_1_1_U2451                                          |      |        | mul_ln105_310    | mul       | auto                     | 0       |
|    mac_muladd_8s_8s_16s_17_4_1_U2792                               | 1    |        | mul_ln105_311    | mul       | dsp_slice                | 3       |
|    mac_muladd_8s_8s_16s_17_4_1_U2792                               | 1    |        | sext_ln105_756   | sext      | dsp_slice                | 3       |
|    mac_muladd_8s_8s_16s_16_4_1_U2637                               | 1    |        | mul_ln105_312    | mul       | dsp_slice                | 3       |
|    mul_8s_8s_16_1_1_U2452                                          |      |        | mul_ln105_313    | mul       | auto                     | 0       |
|    mac_muladd_8s_8s_16s_17_4_1_U2793                               | 1    |        | mul_ln105_314    | mul       | dsp_slice                | 3       |
|    mac_muladd_8s_8s_16s_17_4_1_U2793                               | 1    |        | sext_ln105_757   | sext      | dsp_slice                | 3       |
|    mac_muladd_8s_8s_16s_16_4_1_U2638                               | 1    |        | mul_ln105_315    | mul       | dsp_slice                | 3       |
|    mul_8s_8s_16_1_1_U2453                                          |      |        | mul_ln105_316    | mul       | auto                     | 0       |
|    mac_muladd_8s_8s_16s_17_4_1_U2794                               | 1    |        | mul_ln105_317    | mul       | dsp_slice                | 3       |
|    mac_muladd_8s_8s_16s_17_4_1_U2794                               | 1    |        | sext_ln105_758   | sext      | dsp_slice                | 3       |
|    mac_muladd_8s_8s_16s_16_4_1_U2639                               | 1    |        | mul_ln105_318    | mul       | dsp_slice                | 3       |
|    mul_8s_8s_16_1_1_U2454                                          |      |        | mul_ln105_319    | mul       | auto                     | 0       |
|    mac_muladd_8s_8s_16s_16_4_1_U2633                               | 1    |        | add_ln105_272    | add       | dsp_slice                | 3       |
|    add_ln105_273_fu_6940_p2                                        |      |        | add_ln105_273    | add       | fabric                   | 0       |
|    mac_muladd_8s_8s_16s_17_4_1_U2632                               | 1    |        | add_ln105_274    | add       | dsp_slice                | 3       |
|    mac_muladd_8s_8s_17s_17_4_1_U2791                               | 1    |        | add_ln105_275    | add       | dsp_slice                | 3       |
|    add_ln105_276_fu_8017_p2                                        |      |        | add_ln105_276    | add       | fabric                   | 0       |
|    mac_muladd_8s_8s_16s_16_4_1_U2631                               | 1    |        | add_ln105_277    | add       | dsp_slice                | 3       |
|    mac_muladd_8s_8s_16s_17_4_1_U2790                               | 1    |        | add_ln105_278    | add       | dsp_slice                | 3       |
|    mac_muladd_8s_8s_16s_16_4_1_U2630                               | 1    |        | add_ln105_279    | add       | dsp_slice                | 3       |
|    mac_muladd_8s_8s_16s_17_4_1_U2789                               | 1    |        | add_ln105_280    | add       | dsp_slice                | 3       |
|    add_ln105_281_fu_8033_p2                                        |      |        | add_ln105_281    | add       | fabric                   | 0       |
|    add_ln105_282_fu_8043_p2                                        |      |        | add_ln105_282    | add       | fabric                   | 0       |
|    mac_muladd_8s_8s_16s_16_4_1_U2629                               | 1    |        | add_ln105_283    | add       | dsp_slice                | 3       |
|    mac_muladd_8s_8s_16s_17_4_1_U2788                               | 1    |        | add_ln105_284    | add       | dsp_slice                | 3       |
|    mac_muladd_8s_8s_16s_16_4_1_U2628                               | 1    |        | add_ln105_285    | add       | dsp_slice                | 3       |
|    mac_muladd_8s_8s_16s_17_4_1_U2787                               | 1    |        | add_ln105_286    | add       | dsp_slice                | 3       |
|    add_ln105_287_fu_8055_p2                                        |      |        | add_ln105_287    | add       | fabric                   | 0       |
|    mac_muladd_8s_8s_16s_16_4_1_U2627                               | 1    |        | add_ln105_288    | add       | dsp_slice                | 3       |
|    mac_muladd_8s_8s_16s_17_4_1_U2786                               | 1    |        | add_ln105_289    | add       | dsp_slice                | 3       |
|    mac_muladd_8s_8s_16s_16_4_1_U2626                               | 1    |        | add_ln105_290    | add       | dsp_slice                | 3       |
|    mac_muladd_8s_8s_16s_17_4_1_U2785                               | 1    |        | add_ln105_291    | add       | dsp_slice                | 3       |
|    add_ln105_292_fu_8071_p2                                        |      |        | add_ln105_292    | add       | fabric                   | 0       |
|    add_ln105_293_fu_8081_p2                                        |      |        | add_ln105_293    | add       | fabric                   | 0       |
|    add_ln105_294_fu_9159_p2                                        |      |        | add_ln105_294    | add       | fabric                   | 0       |
|    mac_muladd_8s_8s_16s_16_4_1_U2625                               | 1    |        | add_ln105_295    | add       | dsp_slice                | 3       |
|    mac_muladd_8s_8s_16s_17_4_1_U2784                               | 1    |        | add_ln105_296    | add       | dsp_slice                | 3       |
|    mac_muladd_8s_8s_16s_17_4_1_U2624                               | 1    |        | add_ln105_297    | add       | dsp_slice                | 3       |
|    mac_muladd_8s_8s_17s_17_4_1_U2783                               | 1    |        | add_ln105_298    | add       | dsp_slice                | 3       |
|    add_ln105_299_fu_8093_p2                                        |      |        | add_ln105_299    | add       | fabric                   | 0       |
|    mac_muladd_8s_8s_16s_16_4_1_U2623                               | 1    |        | add_ln105_300    | add       | dsp_slice                | 3       |
|    mac_muladd_8s_8s_16s_17_4_1_U2782                               | 1    |        | add_ln105_301    | add       | dsp_slice                | 3       |
|    mac_muladd_8s_8s_16s_16_4_1_U2639                               | 1    |        | add_ln105_302    | add       | dsp_slice                | 3       |
|    mac_muladd_8s_8s_16s_17_4_1_U2781                               | 1    |        | add_ln105_303    | add       | dsp_slice                | 3       |
|    add_ln105_304_fu_8109_p2                                        |      |        | add_ln105_304    | add       | fabric                   | 0       |
|    add_ln105_305_fu_8119_p2                                        |      |        | add_ln105_305    | add       | fabric                   | 0       |
|    mac_muladd_8s_8s_16s_16_4_1_U2638                               | 1    |        | add_ln105_306    | add       | dsp_slice                | 3       |
|    mac_muladd_8s_8s_16s_17_4_1_U2794                               | 1    |        | add_ln105_307    | add       | dsp_slice                | 3       |
|    mac_muladd_8s_8s_16s_16_4_1_U2637                               | 1    |        | add_ln105_308    | add       | dsp_slice                | 3       |
|    mac_muladd_8s_8s_16s_17_4_1_U2793                               | 1    |        | add_ln105_309    | add       | dsp_slice                | 3       |
|    add_ln105_310_fu_8131_p2                                        |      |        | add_ln105_310    | add       | fabric                   | 0       |
|    mac_muladd_8s_8s_16s_16_4_1_U2636                               | 1    |        | add_ln105_311    | add       | dsp_slice                | 3       |
|    mac_muladd_8s_8s_16s_17_4_1_U2792                               | 1    |        | add_ln105_312    | add       | dsp_slice                | 3       |
|    mac_muladd_8s_8s_16s_16_4_1_U2635                               | 1    |        | add_ln105_313    | add       | dsp_slice                | 3       |
|    mac_muladd_8s_8s_16s_17_4_1_U2634                               | 1    |        | add_ln105_314    | add       | dsp_slice                | 3       |
|    add_ln105_315_fu_6985_p2                                        |      |        | add_ln105_315    | add       | fabric                   | 0       |
|    add_ln105_316_fu_8147_p2                                        |      |        | add_ln105_316    | add       | fabric                   | 0       |
|    add_ln105_317_fu_8157_p2                                        |      |        | add_ln105_317    | add       | fabric                   | 0       |
|    add_ln105_318_fu_9175_p2                                        |      |        | add_ln105_318    | add       | fabric                   | 0       |
|    acc_7_fu_9185_p2                                                |      |        | acc_7            | add       | fabric                   | 0       |
|    mac_muladd_8s_8s_16s_17_4_1_U2795                               | 1    |        | mul_ln105_320    | mul       | dsp_slice                | 3       |
|    mac_muladd_8s_8s_16s_17_4_1_U2795                               | 1    |        | sext_ln105_803   | sext      | dsp_slice                | 3       |
|    mac_muladd_8s_8s_16s_16_4_1_U2640                               | 1    |        | mul_ln105_321    | mul       | dsp_slice                | 3       |
|    mul_8s_8s_16_1_1_U2455                                          |      |        | mul_ln105_322    | mul       | auto                     | 0       |
|    mac_muladd_8s_8s_16s_17_4_1_U2796                               | 1    |        | mul_ln105_323    | mul       | dsp_slice                | 3       |
|    mac_muladd_8s_8s_16s_17_4_1_U2796                               | 1    |        | sext_ln105_804   | sext      | dsp_slice                | 3       |
|    mac_muladd_8s_8s_16s_17_4_1_U2641                               | 1    |        | mul_ln105_324    | mul       | dsp_slice                | 3       |
|    mac_muladd_8s_8s_16s_17_4_1_U2641                               | 1    |        | sext_ln105_805   | sext      | dsp_slice                | 3       |
|    mul_8s_8s_16_1_1_U2456                                          |      |        | mul_ln105_325    | mul       | auto                     | 0       |
|    mac_muladd_8s_8s_17s_17_4_1_U2797                               | 1    |        | mul_ln105_326    | mul       | dsp_slice                | 3       |
|    mac_muladd_8s_8s_17s_17_4_1_U2797                               | 1    |        | sext_ln105_807   | sext      | dsp_slice                | 3       |
|    mac_muladd_8s_8s_16s_16_4_1_U2642                               | 1    |        | mul_ln105_327    | mul       | dsp_slice                | 3       |
|    mul_8s_8s_16_1_1_U2457                                          |      |        | mul_ln105_328    | mul       | auto                     | 0       |
|    mac_muladd_8s_8s_16s_17_4_1_U2798                               | 1    |        | mul_ln105_329    | mul       | dsp_slice                | 3       |
|    mac_muladd_8s_8s_16s_17_4_1_U2798                               | 1    |        | sext_ln105_808   | sext      | dsp_slice                | 3       |
|    mac_muladd_8s_8s_16s_16_4_1_U2643                               | 1    |        | mul_ln105_330    | mul       | dsp_slice                | 3       |
|    mul_8s_8s_16_1_1_U2458                                          |      |        | mul_ln105_331    | mul       | auto                     | 0       |
|    mac_muladd_8s_8s_16s_17_4_1_U2799                               | 1    |        | mul_ln105_332    | mul       | dsp_slice                | 3       |
|    mac_muladd_8s_8s_16s_17_4_1_U2799                               | 1    |        | sext_ln105_809   | sext      | dsp_slice                | 3       |
|    mac_muladd_8s_8s_16s_16_4_1_U2644                               | 1    |        | mul_ln105_333    | mul       | dsp_slice                | 3       |
|    mul_8s_8s_16_1_1_U2459                                          |      |        | mul_ln105_334    | mul       | auto                     | 0       |
|    mac_muladd_8s_8s_16s_17_4_1_U2800                               | 1    |        | mul_ln105_335    | mul       | dsp_slice                | 3       |
|    mac_muladd_8s_8s_16s_17_4_1_U2800                               | 1    |        | sext_ln105_810   | sext      | dsp_slice                | 3       |
|    mac_muladd_8s_8s_16s_16_4_1_U2645                               | 1    |        | mul_ln105_336    | mul       | dsp_slice                | 3       |
|    mul_8s_8s_16_1_1_U2460                                          |      |        | mul_ln105_337    | mul       | auto                     | 0       |
|    mac_muladd_8s_8s_16s_17_4_1_U2801                               | 1    |        | mul_ln105_338    | mul       | dsp_slice                | 3       |
|    mac_muladd_8s_8s_16s_17_4_1_U2801                               | 1    |        | sext_ln105_811   | sext      | dsp_slice                | 3       |
|    mac_muladd_8s_8s_16s_16_4_1_U2646                               | 1    |        | mul_ln105_339    | mul       | dsp_slice                | 3       |
|    mul_8s_8s_16_1_1_U2461                                          |      |        | mul_ln105_340    | mul       | auto                     | 0       |
|    mac_muladd_8s_8s_16s_17_4_1_U2802                               | 1    |        | mul_ln105_341    | mul       | dsp_slice                | 3       |
|    mac_muladd_8s_8s_16s_17_4_1_U2802                               | 1    |        | sext_ln105_812   | sext      | dsp_slice                | 3       |
|    mac_muladd_8s_8s_16s_16_4_1_U2647                               | 1    |        | mul_ln105_342    | mul       | dsp_slice                | 3       |
|    mul_8s_8s_16_1_1_U2462                                          |      |        | mul_ln105_343    | mul       | auto                     | 0       |
|    mac_muladd_8s_8s_16s_17_4_1_U2803                               | 1    |        | mul_ln105_344    | mul       | dsp_slice                | 3       |
|    mac_muladd_8s_8s_16s_17_4_1_U2803                               | 1    |        | sext_ln105_813   | sext      | dsp_slice                | 3       |
|    mac_muladd_8s_8s_16s_16_4_1_U2648                               | 1    |        | mul_ln105_345    | mul       | dsp_slice                | 3       |
|    mul_8s_8s_16_1_1_U2463                                          |      |        | mul_ln105_346    | mul       | auto                     | 0       |
|    mac_muladd_8s_8s_16s_17_4_1_U2804                               | 1    |        | mul_ln105_347    | mul       | dsp_slice                | 3       |
|    mac_muladd_8s_8s_16s_17_4_1_U2804                               | 1    |        | sext_ln105_814   | sext      | dsp_slice                | 3       |
|    mac_muladd_8s_8s_16s_17_4_1_U2649                               | 1    |        | mul_ln105_348    | mul       | dsp_slice                | 3       |
|    mac_muladd_8s_8s_16s_17_4_1_U2649                               | 1    |        | sext_ln105_815   | sext      | dsp_slice                | 3       |
|    mul_8s_8s_16_1_1_U2464                                          |      |        | mul_ln105_349    | mul       | auto                     | 0       |
|    mac_muladd_8s_8s_17s_17_4_1_U2805                               | 1    |        | mul_ln105_350    | mul       | dsp_slice                | 3       |
|    mac_muladd_8s_8s_17s_17_4_1_U2805                               | 1    |        | sext_ln105_817   | sext      | dsp_slice                | 3       |
|    mac_muladd_8s_8s_16s_16_4_1_U2650                               | 1    |        | mul_ln105_351    | mul       | dsp_slice                | 3       |
|    mul_8s_8s_16_1_1_U2465                                          |      |        | mul_ln105_352    | mul       | auto                     | 0       |
|    mac_muladd_8s_8s_16s_17_4_1_U2651                               | 1    |        | mul_ln105_353    | mul       | dsp_slice                | 3       |
|    mac_muladd_8s_8s_16s_17_4_1_U2651                               | 1    |        | sext_ln105_818   | sext      | dsp_slice                | 3       |
|    mul_8s_8s_16_1_1_U2466                                          |      |        | mul_ln105_354    | mul       | auto                     | 0       |
|    mac_muladd_8s_8s_16s_16_4_1_U2652                               | 1    |        | mul_ln105_355    | mul       | dsp_slice                | 3       |
|    mul_8s_8s_16_1_1_U2467                                          |      |        | mul_ln105_356    | mul       | auto                     | 0       |
|    mac_muladd_8s_8s_16s_16_4_1_U2653                               | 1    |        | mul_ln105_357    | mul       | dsp_slice                | 3       |
|    mul_8s_8s_16_1_1_U2468                                          |      |        | mul_ln105_358    | mul       | auto                     | 0       |
|    mac_muladd_8s_8s_16s_17_4_1_U2806                               | 1    |        | mul_ln105_359    | mul       | dsp_slice                | 3       |
|    mac_muladd_8s_8s_16s_17_4_1_U2806                               | 1    |        | sext_ln105_820   | sext      | dsp_slice                | 3       |
|    mac_muladd_8s_8s_16s_16_4_1_U2654                               | 1    |        | mul_ln105_360    | mul       | dsp_slice                | 3       |
|    mul_8s_8s_16_1_1_U2469                                          |      |        | mul_ln105_361    | mul       | auto                     | 0       |
|    mac_muladd_8s_8s_16s_17_4_1_U2807                               | 1    |        | mul_ln105_362    | mul       | dsp_slice                | 3       |
|    mac_muladd_8s_8s_16s_17_4_1_U2807                               | 1    |        | sext_ln105_821   | sext      | dsp_slice                | 3       |
|    mac_muladd_8s_8s_16s_16_4_1_U2655                               | 1    |        | mul_ln105_363    | mul       | dsp_slice                | 3       |
|    mul_8s_8s_16_1_1_U2470                                          |      |        | mul_ln105_364    | mul       | auto                     | 0       |
|    mac_muladd_8s_8s_16s_17_4_1_U2808                               | 1    |        | mul_ln105_365    | mul       | dsp_slice                | 3       |
|    mac_muladd_8s_8s_16s_17_4_1_U2808                               | 1    |        | sext_ln105_822   | sext      | dsp_slice                | 3       |
|    mac_muladd_8s_8s_16s_16_4_1_U2656                               | 1    |        | mul_ln105_366    | mul       | dsp_slice                | 3       |
|    mul_8s_8s_16_1_1_U2471                                          |      |        | mul_ln105_367    | mul       | auto                     | 0       |
|    mac_muladd_8s_8s_16s_16_4_1_U2650                               | 1    |        | add_ln105_320    | add       | dsp_slice                | 3       |
|    add_ln105_321_fu_6993_p2                                        |      |        | add_ln105_321    | add       | fabric                   | 0       |
|    mac_muladd_8s_8s_16s_17_4_1_U2649                               | 1    |        | add_ln105_322    | add       | dsp_slice                | 3       |
|    mac_muladd_8s_8s_17s_17_4_1_U2805                               | 1    |        | add_ln105_323    | add       | dsp_slice                | 3       |
|    add_ln105_324_fu_8169_p2                                        |      |        | add_ln105_324    | add       | fabric                   | 0       |
|    mac_muladd_8s_8s_16s_16_4_1_U2648                               | 1    |        | add_ln105_325    | add       | dsp_slice                | 3       |
|    mac_muladd_8s_8s_16s_17_4_1_U2804                               | 1    |        | add_ln105_326    | add       | dsp_slice                | 3       |
|    mac_muladd_8s_8s_16s_16_4_1_U2647                               | 1    |        | add_ln105_327    | add       | dsp_slice                | 3       |
|    mac_muladd_8s_8s_16s_17_4_1_U2803                               | 1    |        | add_ln105_328    | add       | dsp_slice                | 3       |
|    add_ln105_329_fu_8185_p2                                        |      |        | add_ln105_329    | add       | fabric                   | 0       |
|    add_ln105_330_fu_8195_p2                                        |      |        | add_ln105_330    | add       | fabric                   | 0       |
|    mac_muladd_8s_8s_16s_16_4_1_U2646                               | 1    |        | add_ln105_331    | add       | dsp_slice                | 3       |
|    mac_muladd_8s_8s_16s_17_4_1_U2802                               | 1    |        | add_ln105_332    | add       | dsp_slice                | 3       |
|    mac_muladd_8s_8s_16s_16_4_1_U2645                               | 1    |        | add_ln105_333    | add       | dsp_slice                | 3       |
|    mac_muladd_8s_8s_16s_17_4_1_U2801                               | 1    |        | add_ln105_334    | add       | dsp_slice                | 3       |
|    add_ln105_335_fu_8207_p2                                        |      |        | add_ln105_335    | add       | fabric                   | 0       |
|    mac_muladd_8s_8s_16s_16_4_1_U2644                               | 1    |        | add_ln105_336    | add       | dsp_slice                | 3       |
|    mac_muladd_8s_8s_16s_17_4_1_U2800                               | 1    |        | add_ln105_337    | add       | dsp_slice                | 3       |
|    mac_muladd_8s_8s_16s_16_4_1_U2643                               | 1    |        | add_ln105_338    | add       | dsp_slice                | 3       |
|    mac_muladd_8s_8s_16s_17_4_1_U2799                               | 1    |        | add_ln105_339    | add       | dsp_slice                | 3       |
|    add_ln105_340_fu_8223_p2                                        |      |        | add_ln105_340    | add       | fabric                   | 0       |
|    add_ln105_341_fu_8233_p2                                        |      |        | add_ln105_341    | add       | fabric                   | 0       |
|    add_ln105_342_fu_9198_p2                                        |      |        | add_ln105_342    | add       | fabric                   | 0       |
|    mac_muladd_8s_8s_16s_16_4_1_U2642                               | 1    |        | add_ln105_343    | add       | dsp_slice                | 3       |
|    mac_muladd_8s_8s_16s_17_4_1_U2798                               | 1    |        | add_ln105_344    | add       | dsp_slice                | 3       |
|    mac_muladd_8s_8s_16s_17_4_1_U2641                               | 1    |        | add_ln105_345    | add       | dsp_slice                | 3       |
|    mac_muladd_8s_8s_17s_17_4_1_U2797                               | 1    |        | add_ln105_346    | add       | dsp_slice                | 3       |
|    add_ln105_347_fu_8245_p2                                        |      |        | add_ln105_347    | add       | fabric                   | 0       |
|    mac_muladd_8s_8s_16s_16_4_1_U2640                               | 1    |        | add_ln105_348    | add       | dsp_slice                | 3       |
|    mac_muladd_8s_8s_16s_17_4_1_U2796                               | 1    |        | add_ln105_349    | add       | dsp_slice                | 3       |
|    mac_muladd_8s_8s_16s_16_4_1_U2656                               | 1    |        | add_ln105_350    | add       | dsp_slice                | 3       |
|    mac_muladd_8s_8s_16s_17_4_1_U2795                               | 1    |        | add_ln105_351    | add       | dsp_slice                | 3       |
|    add_ln105_352_fu_8261_p2                                        |      |        | add_ln105_352    | add       | fabric                   | 0       |
|    add_ln105_353_fu_8271_p2                                        |      |        | add_ln105_353    | add       | fabric                   | 0       |
|    mac_muladd_8s_8s_16s_16_4_1_U2655                               | 1    |        | add_ln105_354    | add       | dsp_slice                | 3       |
|    mac_muladd_8s_8s_16s_17_4_1_U2808                               | 1    |        | add_ln105_355    | add       | dsp_slice                | 3       |
|    mac_muladd_8s_8s_16s_16_4_1_U2654                               | 1    |        | add_ln105_356    | add       | dsp_slice                | 3       |
|    mac_muladd_8s_8s_16s_17_4_1_U2807                               | 1    |        | add_ln105_357    | add       | dsp_slice                | 3       |
|    add_ln105_358_fu_8283_p2                                        |      |        | add_ln105_358    | add       | fabric                   | 0       |
|    mac_muladd_8s_8s_16s_16_4_1_U2653                               | 1    |        | add_ln105_359    | add       | dsp_slice                | 3       |
|    mac_muladd_8s_8s_16s_17_4_1_U2806                               | 1    |        | add_ln105_360    | add       | dsp_slice                | 3       |
|    mac_muladd_8s_8s_16s_16_4_1_U2652                               | 1    |        | add_ln105_361    | add       | dsp_slice                | 3       |
|    mac_muladd_8s_8s_16s_17_4_1_U2651                               | 1    |        | add_ln105_362    | add       | dsp_slice                | 3       |
|    add_ln105_363_fu_7038_p2                                        |      |        | add_ln105_363    | add       | fabric                   | 0       |
|    add_ln105_364_fu_8299_p2                                        |      |        | add_ln105_364    | add       | fabric                   | 0       |
|    add_ln105_365_fu_8309_p2                                        |      |        | add_ln105_365    | add       | fabric                   | 0       |
|    add_ln105_366_fu_9214_p2                                        |      |        | add_ln105_366    | add       | fabric                   | 0       |
|    acc_8_fu_9224_p2                                                |      |        | acc_8            | add       | fabric                   | 0       |
|    mac_muladd_8s_8s_16s_17_4_1_U2809                               | 1    |        | mul_ln105_368    | mul       | dsp_slice                | 3       |
|    mac_muladd_8s_8s_16s_17_4_1_U2809                               | 1    |        | sext_ln105_867   | sext      | dsp_slice                | 3       |
|    mac_muladd_8s_8s_16s_16_4_1_U2657                               | 1    |        | mul_ln105_369    | mul       | dsp_slice                | 3       |
|    mul_8s_8s_16_1_1_U2472                                          |      |        | mul_ln105_370    | mul       | auto                     | 0       |
|    mac_muladd_8s_8s_16s_17_4_1_U2810                               | 1    |        | mul_ln105_371    | mul       | dsp_slice                | 3       |
|    mac_muladd_8s_8s_16s_17_4_1_U2810                               | 1    |        | sext_ln105_868   | sext      | dsp_slice                | 3       |
|    mac_muladd_8s_8s_16s_17_4_1_U2658                               | 1    |        | mul_ln105_372    | mul       | dsp_slice                | 3       |
|    mac_muladd_8s_8s_16s_17_4_1_U2658                               | 1    |        | sext_ln105_869   | sext      | dsp_slice                | 3       |
|    mul_8s_8s_16_1_1_U2473                                          |      |        | mul_ln105_373    | mul       | auto                     | 0       |
|    mac_muladd_8s_8s_17s_17_4_1_U2811                               | 1    |        | mul_ln105_374    | mul       | dsp_slice                | 3       |
|    mac_muladd_8s_8s_17s_17_4_1_U2811                               | 1    |        | sext_ln105_871   | sext      | dsp_slice                | 3       |
|    mac_muladd_8s_8s_16s_16_4_1_U2659                               | 1    |        | mul_ln105_375    | mul       | dsp_slice                | 3       |
|    mul_8s_8s_16_1_1_U2474                                          |      |        | mul_ln105_376    | mul       | auto                     | 0       |
|    mac_muladd_8s_8s_16s_17_4_1_U2812                               | 1    |        | mul_ln105_377    | mul       | dsp_slice                | 3       |
|    mac_muladd_8s_8s_16s_17_4_1_U2812                               | 1    |        | sext_ln105_872   | sext      | dsp_slice                | 3       |
|    mac_muladd_8s_8s_16s_16_4_1_U2660                               | 1    |        | mul_ln105_378    | mul       | dsp_slice                | 3       |
|    mul_8s_8s_16_1_1_U2475                                          |      |        | mul_ln105_379    | mul       | auto                     | 0       |
|    mac_muladd_8s_8s_16s_17_4_1_U2813                               | 1    |        | mul_ln105_380    | mul       | dsp_slice                | 3       |
|    mac_muladd_8s_8s_16s_17_4_1_U2813                               | 1    |        | sext_ln105_873   | sext      | dsp_slice                | 3       |
|    mac_muladd_8s_8s_16s_16_4_1_U2661                               | 1    |        | mul_ln105_381    | mul       | dsp_slice                | 3       |
|    mul_8s_8s_16_1_1_U2476                                          |      |        | mul_ln105_382    | mul       | auto                     | 0       |
|    mac_muladd_8s_8s_16s_17_4_1_U2814                               | 1    |        | mul_ln105_383    | mul       | dsp_slice                | 3       |
|    mac_muladd_8s_8s_16s_17_4_1_U2814                               | 1    |        | sext_ln105_874   | sext      | dsp_slice                | 3       |
|    mac_muladd_8s_8s_16s_16_4_1_U2662                               | 1    |        | mul_ln105_384    | mul       | dsp_slice                | 3       |
|    mul_8s_8s_16_1_1_U2477                                          |      |        | mul_ln105_385    | mul       | auto                     | 0       |
|    mac_muladd_8s_8s_16s_17_4_1_U2815                               | 1    |        | mul_ln105_386    | mul       | dsp_slice                | 3       |
|    mac_muladd_8s_8s_16s_17_4_1_U2815                               | 1    |        | sext_ln105_875   | sext      | dsp_slice                | 3       |
|    mac_muladd_8s_8s_16s_16_4_1_U2663                               | 1    |        | mul_ln105_387    | mul       | dsp_slice                | 3       |
|    mul_8s_8s_16_1_1_U2478                                          |      |        | mul_ln105_388    | mul       | auto                     | 0       |
|    mac_muladd_8s_8s_16s_17_4_1_U2816                               | 1    |        | mul_ln105_389    | mul       | dsp_slice                | 3       |
|    mac_muladd_8s_8s_16s_17_4_1_U2816                               | 1    |        | sext_ln105_876   | sext      | dsp_slice                | 3       |
|    mac_muladd_8s_8s_16s_16_4_1_U2664                               | 1    |        | mul_ln105_390    | mul       | dsp_slice                | 3       |
|    mul_8s_8s_16_1_1_U2479                                          |      |        | mul_ln105_391    | mul       | auto                     | 0       |
|    mac_muladd_8s_8s_16s_17_4_1_U2817                               | 1    |        | mul_ln105_392    | mul       | dsp_slice                | 3       |
|    mac_muladd_8s_8s_16s_17_4_1_U2817                               | 1    |        | sext_ln105_877   | sext      | dsp_slice                | 3       |
|    mac_muladd_8s_8s_16s_16_4_1_U2665                               | 1    |        | mul_ln105_393    | mul       | dsp_slice                | 3       |
|    mul_8s_8s_16_1_1_U2480                                          |      |        | mul_ln105_394    | mul       | auto                     | 0       |
|    mac_muladd_8s_8s_16s_17_4_1_U2818                               | 1    |        | mul_ln105_395    | mul       | dsp_slice                | 3       |
|    mac_muladd_8s_8s_16s_17_4_1_U2818                               | 1    |        | sext_ln105_878   | sext      | dsp_slice                | 3       |
|    mac_muladd_8s_8s_16s_17_4_1_U2666                               | 1    |        | mul_ln105_396    | mul       | dsp_slice                | 3       |
|    mac_muladd_8s_8s_16s_17_4_1_U2666                               | 1    |        | sext_ln105_879   | sext      | dsp_slice                | 3       |
|    mul_8s_8s_16_1_1_U2481                                          |      |        | mul_ln105_397    | mul       | auto                     | 0       |
|    mac_muladd_8s_8s_17s_17_4_1_U2819                               | 1    |        | mul_ln105_398    | mul       | dsp_slice                | 3       |
|    mac_muladd_8s_8s_17s_17_4_1_U2819                               | 1    |        | sext_ln105_881   | sext      | dsp_slice                | 3       |
|    mac_muladd_8s_8s_16s_16_4_1_U2667                               | 1    |        | mul_ln105_399    | mul       | dsp_slice                | 3       |
|    mul_8s_8s_16_1_1_U2482                                          |      |        | mul_ln105_400    | mul       | auto                     | 0       |
|    mac_muladd_8s_8s_16s_17_4_1_U2668                               | 1    |        | mul_ln105_401    | mul       | dsp_slice                | 3       |
|    mac_muladd_8s_8s_16s_17_4_1_U2668                               | 1    |        | sext_ln105_882   | sext      | dsp_slice                | 3       |
|    mul_8s_8s_16_1_1_U2483                                          |      |        | mul_ln105_402    | mul       | auto                     | 0       |
|    mac_muladd_8s_8s_16s_16_4_1_U2669                               | 1    |        | mul_ln105_403    | mul       | dsp_slice                | 3       |
|    mul_8s_8s_16_1_1_U2484                                          |      |        | mul_ln105_404    | mul       | auto                     | 0       |
|    mac_muladd_8s_8s_16s_16_4_1_U2670                               | 1    |        | mul_ln105_405    | mul       | dsp_slice                | 3       |
|    mul_8s_8s_16_1_1_U2485                                          |      |        | mul_ln105_406    | mul       | auto                     | 0       |
|    mac_muladd_8s_8s_16s_17_4_1_U2820                               | 1    |        | mul_ln105_407    | mul       | dsp_slice                | 3       |
|    mac_muladd_8s_8s_16s_17_4_1_U2820                               | 1    |        | sext_ln105_884   | sext      | dsp_slice                | 3       |
|    mac_muladd_8s_8s_16s_16_4_1_U2671                               | 1    |        | mul_ln105_408    | mul       | dsp_slice                | 3       |
|    mul_8s_8s_16_1_1_U2486                                          |      |        | mul_ln105_409    | mul       | auto                     | 0       |
|    mac_muladd_8s_8s_16s_17_4_1_U2821                               | 1    |        | mul_ln105_410    | mul       | dsp_slice                | 3       |
|    mac_muladd_8s_8s_16s_17_4_1_U2821                               | 1    |        | sext_ln105_885   | sext      | dsp_slice                | 3       |
|    mac_muladd_8s_8s_16s_16_4_1_U2672                               | 1    |        | mul_ln105_411    | mul       | dsp_slice                | 3       |
|    mul_8s_8s_16_1_1_U2487                                          |      |        | mul_ln105_412    | mul       | auto                     | 0       |
|    mac_muladd_8s_8s_16s_17_4_1_U2822                               | 1    |        | mul_ln105_413    | mul       | dsp_slice                | 3       |
|    mac_muladd_8s_8s_16s_17_4_1_U2822                               | 1    |        | sext_ln105_886   | sext      | dsp_slice                | 3       |
|    mac_muladd_8s_8s_16s_16_4_1_U2673                               | 1    |        | mul_ln105_414    | mul       | dsp_slice                | 3       |
|    mul_8s_8s_16_1_1_U2488                                          |      |        | mul_ln105_415    | mul       | auto                     | 0       |
|    mac_muladd_8s_8s_16s_16_4_1_U2667                               | 1    |        | add_ln105_368    | add       | dsp_slice                | 3       |
|    add_ln105_369_fu_7046_p2                                        |      |        | add_ln105_369    | add       | fabric                   | 0       |
|    mac_muladd_8s_8s_16s_17_4_1_U2666                               | 1    |        | add_ln105_370    | add       | dsp_slice                | 3       |
|    mac_muladd_8s_8s_17s_17_4_1_U2819                               | 1    |        | add_ln105_371    | add       | dsp_slice                | 3       |
|    add_ln105_372_fu_8321_p2                                        |      |        | add_ln105_372    | add       | fabric                   | 0       |
|    mac_muladd_8s_8s_16s_16_4_1_U2665                               | 1    |        | add_ln105_373    | add       | dsp_slice                | 3       |
|    mac_muladd_8s_8s_16s_17_4_1_U2818                               | 1    |        | add_ln105_374    | add       | dsp_slice                | 3       |
|    mac_muladd_8s_8s_16s_16_4_1_U2664                               | 1    |        | add_ln105_375    | add       | dsp_slice                | 3       |
|    mac_muladd_8s_8s_16s_17_4_1_U2817                               | 1    |        | add_ln105_376    | add       | dsp_slice                | 3       |
|    add_ln105_377_fu_8337_p2                                        |      |        | add_ln105_377    | add       | fabric                   | 0       |
|    add_ln105_378_fu_8347_p2                                        |      |        | add_ln105_378    | add       | fabric                   | 0       |
|    mac_muladd_8s_8s_16s_16_4_1_U2663                               | 1    |        | add_ln105_379    | add       | dsp_slice                | 3       |
|    mac_muladd_8s_8s_16s_17_4_1_U2816                               | 1    |        | add_ln105_380    | add       | dsp_slice                | 3       |
|    mac_muladd_8s_8s_16s_16_4_1_U2662                               | 1    |        | add_ln105_381    | add       | dsp_slice                | 3       |
|    mac_muladd_8s_8s_16s_17_4_1_U2815                               | 1    |        | add_ln105_382    | add       | dsp_slice                | 3       |
|    add_ln105_383_fu_8359_p2                                        |      |        | add_ln105_383    | add       | fabric                   | 0       |
|    mac_muladd_8s_8s_16s_16_4_1_U2661                               | 1    |        | add_ln105_384    | add       | dsp_slice                | 3       |
|    mac_muladd_8s_8s_16s_17_4_1_U2814                               | 1    |        | add_ln105_385    | add       | dsp_slice                | 3       |
|    mac_muladd_8s_8s_16s_16_4_1_U2660                               | 1    |        | add_ln105_386    | add       | dsp_slice                | 3       |
|    mac_muladd_8s_8s_16s_17_4_1_U2813                               | 1    |        | add_ln105_387    | add       | dsp_slice                | 3       |
|    add_ln105_388_fu_8375_p2                                        |      |        | add_ln105_388    | add       | fabric                   | 0       |
|    add_ln105_389_fu_8385_p2                                        |      |        | add_ln105_389    | add       | fabric                   | 0       |
|    add_ln105_390_fu_9237_p2                                        |      |        | add_ln105_390    | add       | fabric                   | 0       |
|    mac_muladd_8s_8s_16s_16_4_1_U2659                               | 1    |        | add_ln105_391    | add       | dsp_slice                | 3       |
|    mac_muladd_8s_8s_16s_17_4_1_U2812                               | 1    |        | add_ln105_392    | add       | dsp_slice                | 3       |
|    mac_muladd_8s_8s_16s_17_4_1_U2658                               | 1    |        | add_ln105_393    | add       | dsp_slice                | 3       |
|    mac_muladd_8s_8s_17s_17_4_1_U2811                               | 1    |        | add_ln105_394    | add       | dsp_slice                | 3       |
|    add_ln105_395_fu_8397_p2                                        |      |        | add_ln105_395    | add       | fabric                   | 0       |
|    mac_muladd_8s_8s_16s_16_4_1_U2657                               | 1    |        | add_ln105_396    | add       | dsp_slice                | 3       |
|    mac_muladd_8s_8s_16s_17_4_1_U2810                               | 1    |        | add_ln105_397    | add       | dsp_slice                | 3       |
|    mac_muladd_8s_8s_16s_16_4_1_U2673                               | 1    |        | add_ln105_398    | add       | dsp_slice                | 3       |
|    mac_muladd_8s_8s_16s_17_4_1_U2809                               | 1    |        | add_ln105_399    | add       | dsp_slice                | 3       |
|    add_ln105_400_fu_8413_p2                                        |      |        | add_ln105_400    | add       | fabric                   | 0       |
|    add_ln105_401_fu_8423_p2                                        |      |        | add_ln105_401    | add       | fabric                   | 0       |
|    mac_muladd_8s_8s_16s_16_4_1_U2672                               | 1    |        | add_ln105_402    | add       | dsp_slice                | 3       |
|    mac_muladd_8s_8s_16s_17_4_1_U2822                               | 1    |        | add_ln105_403    | add       | dsp_slice                | 3       |
|    mac_muladd_8s_8s_16s_16_4_1_U2671                               | 1    |        | add_ln105_404    | add       | dsp_slice                | 3       |
|    mac_muladd_8s_8s_16s_17_4_1_U2821                               | 1    |        | add_ln105_405    | add       | dsp_slice                | 3       |
|    add_ln105_406_fu_8435_p2                                        |      |        | add_ln105_406    | add       | fabric                   | 0       |
|    mac_muladd_8s_8s_16s_16_4_1_U2670                               | 1    |        | add_ln105_407    | add       | dsp_slice                | 3       |
|    mac_muladd_8s_8s_16s_17_4_1_U2820                               | 1    |        | add_ln105_408    | add       | dsp_slice                | 3       |
|    mac_muladd_8s_8s_16s_16_4_1_U2669                               | 1    |        | add_ln105_409    | add       | dsp_slice                | 3       |
|    mac_muladd_8s_8s_16s_17_4_1_U2668                               | 1    |        | add_ln105_410    | add       | dsp_slice                | 3       |
|    add_ln105_411_fu_7091_p2                                        |      |        | add_ln105_411    | add       | fabric                   | 0       |
|    add_ln105_412_fu_8451_p2                                        |      |        | add_ln105_412    | add       | fabric                   | 0       |
|    add_ln105_413_fu_8461_p2                                        |      |        | add_ln105_413    | add       | fabric                   | 0       |
|    add_ln105_414_fu_9253_p2                                        |      |        | add_ln105_414    | add       | fabric                   | 0       |
|    acc_9_fu_9263_p2                                                |      |        | acc_9            | add       | fabric                   | 0       |
|    mac_muladd_8s_8s_16s_17_4_1_U2823                               | 1    |        | mul_ln105_416    | mul       | dsp_slice                | 3       |
|    mac_muladd_8s_8s_16s_17_4_1_U2823                               | 1    |        | sext_ln105_931   | sext      | dsp_slice                | 3       |
|    mac_muladd_8s_8s_16s_16_4_1_U2674                               | 1    |        | mul_ln105_417    | mul       | dsp_slice                | 3       |
|    mul_8s_8s_16_1_1_U2489                                          |      |        | mul_ln105_418    | mul       | auto                     | 0       |
|    mac_muladd_8s_8s_16s_17_4_1_U2824                               | 1    |        | mul_ln105_419    | mul       | dsp_slice                | 3       |
|    mac_muladd_8s_8s_16s_17_4_1_U2824                               | 1    |        | sext_ln105_932   | sext      | dsp_slice                | 3       |
|    mac_muladd_8s_8s_16s_17_4_1_U2675                               | 1    |        | mul_ln105_420    | mul       | dsp_slice                | 3       |
|    mac_muladd_8s_8s_16s_17_4_1_U2675                               | 1    |        | sext_ln105_933   | sext      | dsp_slice                | 3       |
|    mul_8s_8s_16_1_1_U2490                                          |      |        | mul_ln105_421    | mul       | auto                     | 0       |
|    mac_muladd_8s_8s_17s_17_4_1_U2825                               | 1    |        | mul_ln105_422    | mul       | dsp_slice                | 3       |
|    mac_muladd_8s_8s_17s_17_4_1_U2825                               | 1    |        | sext_ln105_935   | sext      | dsp_slice                | 3       |
|    mac_muladd_8s_8s_16s_16_4_1_U2676                               | 1    |        | mul_ln105_423    | mul       | dsp_slice                | 3       |
|    mul_8s_8s_16_1_1_U2491                                          |      |        | mul_ln105_424    | mul       | auto                     | 0       |
|    mac_muladd_8s_8s_16s_17_4_1_U2826                               | 1    |        | mul_ln105_425    | mul       | dsp_slice                | 3       |
|    mac_muladd_8s_8s_16s_17_4_1_U2826                               | 1    |        | sext_ln105_936   | sext      | dsp_slice                | 3       |
|    mac_muladd_8s_8s_16s_16_4_1_U2677                               | 1    |        | mul_ln105_426    | mul       | dsp_slice                | 3       |
|    mul_8s_8s_16_1_1_U2492                                          |      |        | mul_ln105_427    | mul       | auto                     | 0       |
|    mac_muladd_8s_8s_16s_17_4_1_U2827                               | 1    |        | mul_ln105_428    | mul       | dsp_slice                | 3       |
|    mac_muladd_8s_8s_16s_17_4_1_U2827                               | 1    |        | sext_ln105_937   | sext      | dsp_slice                | 3       |
|    mac_muladd_8s_8s_16s_16_4_1_U2678                               | 1    |        | mul_ln105_429    | mul       | dsp_slice                | 3       |
|    mul_8s_8s_16_1_1_U2493                                          |      |        | mul_ln105_430    | mul       | auto                     | 0       |
|    mac_muladd_8s_8s_16s_17_4_1_U2828                               | 1    |        | mul_ln105_431    | mul       | dsp_slice                | 3       |
|    mac_muladd_8s_8s_16s_17_4_1_U2828                               | 1    |        | sext_ln105_938   | sext      | dsp_slice                | 3       |
|    mac_muladd_8s_8s_16s_16_4_1_U2679                               | 1    |        | mul_ln105_432    | mul       | dsp_slice                | 3       |
|    mul_8s_8s_16_1_1_U2494                                          |      |        | mul_ln105_433    | mul       | auto                     | 0       |
|    mac_muladd_8s_8s_16s_17_4_1_U2829                               | 1    |        | mul_ln105_434    | mul       | dsp_slice                | 3       |
|    mac_muladd_8s_8s_16s_17_4_1_U2829                               | 1    |        | sext_ln105_939   | sext      | dsp_slice                | 3       |
|    mac_muladd_8s_8s_16s_16_4_1_U2680                               | 1    |        | mul_ln105_435    | mul       | dsp_slice                | 3       |
|    mul_8s_8s_16_1_1_U2495                                          |      |        | mul_ln105_436    | mul       | auto                     | 0       |
|    mac_muladd_8s_8s_16s_17_4_1_U2830                               | 1    |        | mul_ln105_437    | mul       | dsp_slice                | 3       |
|    mac_muladd_8s_8s_16s_17_4_1_U2830                               | 1    |        | sext_ln105_940   | sext      | dsp_slice                | 3       |
|    mac_muladd_8s_8s_16s_16_4_1_U2681                               | 1    |        | mul_ln105_438    | mul       | dsp_slice                | 3       |
|    mul_8s_8s_16_1_1_U2496                                          |      |        | mul_ln105_439    | mul       | auto                     | 0       |
|    mac_muladd_8s_8s_16s_17_4_1_U2831                               | 1    |        | mul_ln105_440    | mul       | dsp_slice                | 3       |
|    mac_muladd_8s_8s_16s_17_4_1_U2831                               | 1    |        | sext_ln105_941   | sext      | dsp_slice                | 3       |
|    mac_muladd_8s_8s_16s_16_4_1_U2682                               | 1    |        | mul_ln105_441    | mul       | dsp_slice                | 3       |
|    mul_8s_8s_16_1_1_U2497                                          |      |        | mul_ln105_442    | mul       | auto                     | 0       |
|    mac_muladd_8s_8s_16s_17_4_1_U2832                               | 1    |        | mul_ln105_443    | mul       | dsp_slice                | 3       |
|    mac_muladd_8s_8s_16s_17_4_1_U2832                               | 1    |        | sext_ln105_942   | sext      | dsp_slice                | 3       |
|    mac_muladd_8s_8s_16s_17_4_1_U2683                               | 1    |        | mul_ln105_444    | mul       | dsp_slice                | 3       |
|    mac_muladd_8s_8s_16s_17_4_1_U2683                               | 1    |        | sext_ln105_943   | sext      | dsp_slice                | 3       |
|    mul_8s_8s_16_1_1_U2498                                          |      |        | mul_ln105_445    | mul       | auto                     | 0       |
|    mac_muladd_8s_8s_17s_17_4_1_U2833                               | 1    |        | mul_ln105_446    | mul       | dsp_slice                | 3       |
|    mac_muladd_8s_8s_17s_17_4_1_U2833                               | 1    |        | sext_ln105_945   | sext      | dsp_slice                | 3       |
|    mac_muladd_8s_8s_16s_16_4_1_U2684                               | 1    |        | mul_ln105_447    | mul       | dsp_slice                | 3       |
|    mul_8s_8s_16_1_1_U2499                                          |      |        | mul_ln105_448    | mul       | auto                     | 0       |
|    mac_muladd_8s_8s_16s_17_4_1_U2685                               | 1    |        | mul_ln105_449    | mul       | dsp_slice                | 3       |
|    mac_muladd_8s_8s_16s_17_4_1_U2685                               | 1    |        | sext_ln105_946   | sext      | dsp_slice                | 3       |
|    mul_8s_8s_16_1_1_U2500                                          |      |        | mul_ln105_450    | mul       | auto                     | 0       |
|    mac_muladd_8s_8s_16s_16_4_1_U2686                               | 1    |        | mul_ln105_451    | mul       | dsp_slice                | 3       |
|    mul_8s_8s_16_1_1_U2501                                          |      |        | mul_ln105_452    | mul       | auto                     | 0       |
|    mac_muladd_8s_8s_16s_16_4_1_U2687                               | 1    |        | mul_ln105_453    | mul       | dsp_slice                | 3       |
|    mul_8s_8s_16_1_1_U2502                                          |      |        | mul_ln105_454    | mul       | auto                     | 0       |
|    mac_muladd_8s_8s_16s_17_4_1_U2834                               | 1    |        | mul_ln105_455    | mul       | dsp_slice                | 3       |
|    mac_muladd_8s_8s_16s_17_4_1_U2834                               | 1    |        | sext_ln105_948   | sext      | dsp_slice                | 3       |
|    mac_muladd_8s_8s_16s_16_4_1_U2688                               | 1    |        | mul_ln105_456    | mul       | dsp_slice                | 3       |
|    mul_8s_8s_16_1_1_U2503                                          |      |        | mul_ln105_457    | mul       | auto                     | 0       |
|    mac_muladd_8s_8s_16s_17_4_1_U2835                               | 1    |        | mul_ln105_458    | mul       | dsp_slice                | 3       |
|    mac_muladd_8s_8s_16s_17_4_1_U2835                               | 1    |        | sext_ln105_949   | sext      | dsp_slice                | 3       |
|    mac_muladd_8s_8s_16s_16_4_1_U2689                               | 1    |        | mul_ln105_459    | mul       | dsp_slice                | 3       |
|    mul_8s_8s_16_1_1_U2504                                          |      |        | mul_ln105_460    | mul       | auto                     | 0       |
|    mac_muladd_8s_8s_16s_17_4_1_U2836                               | 1    |        | mul_ln105_461    | mul       | dsp_slice                | 3       |
|    mac_muladd_8s_8s_16s_17_4_1_U2836                               | 1    |        | sext_ln105_950   | sext      | dsp_slice                | 3       |
|    mac_muladd_8s_8s_16s_16_4_1_U2690                               | 1    |        | mul_ln105_462    | mul       | dsp_slice                | 3       |
|    mul_8s_8s_16_1_1_U2505                                          |      |        | mul_ln105_463    | mul       | auto                     | 0       |
|    mac_muladd_8s_8s_16s_16_4_1_U2684                               | 1    |        | add_ln105_416    | add       | dsp_slice                | 3       |
|    add_ln105_417_fu_7099_p2                                        |      |        | add_ln105_417    | add       | fabric                   | 0       |
|    mac_muladd_8s_8s_16s_17_4_1_U2683                               | 1    |        | add_ln105_418    | add       | dsp_slice                | 3       |
|    mac_muladd_8s_8s_17s_17_4_1_U2833                               | 1    |        | add_ln105_419    | add       | dsp_slice                | 3       |
|    add_ln105_420_fu_8473_p2                                        |      |        | add_ln105_420    | add       | fabric                   | 0       |
|    mac_muladd_8s_8s_16s_16_4_1_U2682                               | 1    |        | add_ln105_421    | add       | dsp_slice                | 3       |
|    mac_muladd_8s_8s_16s_17_4_1_U2832                               | 1    |        | add_ln105_422    | add       | dsp_slice                | 3       |
|    mac_muladd_8s_8s_16s_16_4_1_U2681                               | 1    |        | add_ln105_423    | add       | dsp_slice                | 3       |
|    mac_muladd_8s_8s_16s_17_4_1_U2831                               | 1    |        | add_ln105_424    | add       | dsp_slice                | 3       |
|    add_ln105_425_fu_8489_p2                                        |      |        | add_ln105_425    | add       | fabric                   | 0       |
|    add_ln105_426_fu_8499_p2                                        |      |        | add_ln105_426    | add       | fabric                   | 0       |
|    mac_muladd_8s_8s_16s_16_4_1_U2680                               | 1    |        | add_ln105_427    | add       | dsp_slice                | 3       |
|    mac_muladd_8s_8s_16s_17_4_1_U2830                               | 1    |        | add_ln105_428    | add       | dsp_slice                | 3       |
|    mac_muladd_8s_8s_16s_16_4_1_U2679                               | 1    |        | add_ln105_429    | add       | dsp_slice                | 3       |
|    mac_muladd_8s_8s_16s_17_4_1_U2829                               | 1    |        | add_ln105_430    | add       | dsp_slice                | 3       |
|    add_ln105_431_fu_8511_p2                                        |      |        | add_ln105_431    | add       | fabric                   | 0       |
|    mac_muladd_8s_8s_16s_16_4_1_U2678                               | 1    |        | add_ln105_432    | add       | dsp_slice                | 3       |
|    mac_muladd_8s_8s_16s_17_4_1_U2828                               | 1    |        | add_ln105_433    | add       | dsp_slice                | 3       |
|    mac_muladd_8s_8s_16s_16_4_1_U2677                               | 1    |        | add_ln105_434    | add       | dsp_slice                | 3       |
|    mac_muladd_8s_8s_16s_17_4_1_U2827                               | 1    |        | add_ln105_435    | add       | dsp_slice                | 3       |
|    add_ln105_436_fu_8527_p2                                        |      |        | add_ln105_436    | add       | fabric                   | 0       |
|    add_ln105_437_fu_8537_p2                                        |      |        | add_ln105_437    | add       | fabric                   | 0       |
|    add_ln105_438_fu_9276_p2                                        |      |        | add_ln105_438    | add       | fabric                   | 0       |
|    mac_muladd_8s_8s_16s_16_4_1_U2676                               | 1    |        | add_ln105_439    | add       | dsp_slice                | 3       |
|    mac_muladd_8s_8s_16s_17_4_1_U2826                               | 1    |        | add_ln105_440    | add       | dsp_slice                | 3       |
|    mac_muladd_8s_8s_16s_17_4_1_U2675                               | 1    |        | add_ln105_441    | add       | dsp_slice                | 3       |
|    mac_muladd_8s_8s_17s_17_4_1_U2825                               | 1    |        | add_ln105_442    | add       | dsp_slice                | 3       |
|    add_ln105_443_fu_8549_p2                                        |      |        | add_ln105_443    | add       | fabric                   | 0       |
|    mac_muladd_8s_8s_16s_16_4_1_U2674                               | 1    |        | add_ln105_444    | add       | dsp_slice                | 3       |
|    mac_muladd_8s_8s_16s_17_4_1_U2824                               | 1    |        | add_ln105_445    | add       | dsp_slice                | 3       |
|    mac_muladd_8s_8s_16s_16_4_1_U2690                               | 1    |        | add_ln105_446    | add       | dsp_slice                | 3       |
|    mac_muladd_8s_8s_16s_17_4_1_U2823                               | 1    |        | add_ln105_447    | add       | dsp_slice                | 3       |
|    add_ln105_448_fu_8565_p2                                        |      |        | add_ln105_448    | add       | fabric                   | 0       |
|    add_ln105_449_fu_8575_p2                                        |      |        | add_ln105_449    | add       | fabric                   | 0       |
|    mac_muladd_8s_8s_16s_16_4_1_U2689                               | 1    |        | add_ln105_450    | add       | dsp_slice                | 3       |
|    mac_muladd_8s_8s_16s_17_4_1_U2836                               | 1    |        | add_ln105_451    | add       | dsp_slice                | 3       |
|    mac_muladd_8s_8s_16s_16_4_1_U2688                               | 1    |        | add_ln105_452    | add       | dsp_slice                | 3       |
|    mac_muladd_8s_8s_16s_17_4_1_U2835                               | 1    |        | add_ln105_453    | add       | dsp_slice                | 3       |
|    add_ln105_454_fu_8587_p2                                        |      |        | add_ln105_454    | add       | fabric                   | 0       |
|    mac_muladd_8s_8s_16s_16_4_1_U2687                               | 1    |        | add_ln105_455    | add       | dsp_slice                | 3       |
|    mac_muladd_8s_8s_16s_17_4_1_U2834                               | 1    |        | add_ln105_456    | add       | dsp_slice                | 3       |
|    mac_muladd_8s_8s_16s_16_4_1_U2686                               | 1    |        | add_ln105_457    | add       | dsp_slice                | 3       |
|    mac_muladd_8s_8s_16s_17_4_1_U2685                               | 1    |        | add_ln105_458    | add       | dsp_slice                | 3       |
|    add_ln105_459_fu_7144_p2                                        |      |        | add_ln105_459    | add       | fabric                   | 0       |
|    add_ln105_460_fu_8603_p2                                        |      |        | add_ln105_460    | add       | fabric                   | 0       |
|    add_ln105_461_fu_8613_p2                                        |      |        | add_ln105_461    | add       | fabric                   | 0       |
|    add_ln105_462_fu_9292_p2                                        |      |        | add_ln105_462    | add       | fabric                   | 0       |
|    acc_10_fu_9302_p2                                               |      |        | acc_10           | add       | fabric                   | 0       |
|    mac_muladd_8s_8s_16s_17_4_1_U2837                               | 1    |        | mul_ln105_464    | mul       | dsp_slice                | 3       |
|    mac_muladd_8s_8s_16s_17_4_1_U2837                               | 1    |        | sext_ln105_995   | sext      | dsp_slice                | 3       |
|    mac_muladd_8s_8s_16s_16_4_1_U2691                               | 1    |        | mul_ln105_465    | mul       | dsp_slice                | 3       |
|    mul_8s_8s_16_1_1_U2506                                          |      |        | mul_ln105_466    | mul       | auto                     | 0       |
|    mac_muladd_8s_8s_16s_17_4_1_U2838                               | 1    |        | mul_ln105_467    | mul       | dsp_slice                | 3       |
|    mac_muladd_8s_8s_16s_17_4_1_U2838                               | 1    |        | sext_ln105_996   | sext      | dsp_slice                | 3       |
|    mac_muladd_8s_8s_16s_17_4_1_U2692                               | 1    |        | mul_ln105_468    | mul       | dsp_slice                | 3       |
|    mac_muladd_8s_8s_16s_17_4_1_U2692                               | 1    |        | sext_ln105_997   | sext      | dsp_slice                | 3       |
|    mul_8s_8s_16_1_1_U2507                                          |      |        | mul_ln105_469    | mul       | auto                     | 0       |
|    mac_muladd_8s_8s_17s_17_4_1_U2839                               | 1    |        | mul_ln105_470    | mul       | dsp_slice                | 3       |
|    mac_muladd_8s_8s_17s_17_4_1_U2839                               | 1    |        | sext_ln105_999   | sext      | dsp_slice                | 3       |
|    mac_muladd_8s_8s_16s_16_4_1_U2693                               | 1    |        | mul_ln105_471    | mul       | dsp_slice                | 3       |
|    mul_8s_8s_16_1_1_U2508                                          |      |        | mul_ln105_472    | mul       | auto                     | 0       |
|    mac_muladd_8s_8s_16s_17_4_1_U2840                               | 1    |        | mul_ln105_473    | mul       | dsp_slice                | 3       |
|    mac_muladd_8s_8s_16s_17_4_1_U2840                               | 1    |        | sext_ln105_1000  | sext      | dsp_slice                | 3       |
|    mac_muladd_8s_8s_16s_16_4_1_U2694                               | 1    |        | mul_ln105_474    | mul       | dsp_slice                | 3       |
|    mul_8s_8s_16_1_1_U2509                                          |      |        | mul_ln105_475    | mul       | auto                     | 0       |
|    mac_muladd_8s_8s_16s_17_4_1_U2841                               | 1    |        | mul_ln105_476    | mul       | dsp_slice                | 3       |
|    mac_muladd_8s_8s_16s_17_4_1_U2841                               | 1    |        | sext_ln105_1001  | sext      | dsp_slice                | 3       |
|    mac_muladd_8s_8s_16s_16_4_1_U2695                               | 1    |        | mul_ln105_477    | mul       | dsp_slice                | 3       |
|    mul_8s_8s_16_1_1_U2510                                          |      |        | mul_ln105_478    | mul       | auto                     | 0       |
|    mac_muladd_8s_8s_16s_17_4_1_U2842                               | 1    |        | mul_ln105_479    | mul       | dsp_slice                | 3       |
|    mac_muladd_8s_8s_16s_17_4_1_U2842                               | 1    |        | sext_ln105_1002  | sext      | dsp_slice                | 3       |
|    mac_muladd_8s_8s_16s_16_4_1_U2696                               | 1    |        | mul_ln105_480    | mul       | dsp_slice                | 3       |
|    mul_8s_8s_16_1_1_U2511                                          |      |        | mul_ln105_481    | mul       | auto                     | 0       |
|    mac_muladd_8s_8s_16s_17_4_1_U2843                               | 1    |        | mul_ln105_482    | mul       | dsp_slice                | 3       |
|    mac_muladd_8s_8s_16s_17_4_1_U2843                               | 1    |        | sext_ln105_1003  | sext      | dsp_slice                | 3       |
|    mac_muladd_8s_8s_16s_16_4_1_U2697                               | 1    |        | mul_ln105_483    | mul       | dsp_slice                | 3       |
|    mul_8s_8s_16_1_1_U2512                                          |      |        | mul_ln105_484    | mul       | auto                     | 0       |
|    mac_muladd_8s_8s_16s_17_4_1_U2844                               | 1    |        | mul_ln105_485    | mul       | dsp_slice                | 3       |
|    mac_muladd_8s_8s_16s_17_4_1_U2844                               | 1    |        | sext_ln105_1004  | sext      | dsp_slice                | 3       |
|    mac_muladd_8s_8s_16s_16_4_1_U2698                               | 1    |        | mul_ln105_486    | mul       | dsp_slice                | 3       |
|    mul_8s_8s_16_1_1_U2513                                          |      |        | mul_ln105_487    | mul       | auto                     | 0       |
|    mac_muladd_8s_8s_16s_17_4_1_U2845                               | 1    |        | mul_ln105_488    | mul       | dsp_slice                | 3       |
|    mac_muladd_8s_8s_16s_17_4_1_U2845                               | 1    |        | sext_ln105_1005  | sext      | dsp_slice                | 3       |
|    mac_muladd_8s_8s_16s_16_4_1_U2699                               | 1    |        | mul_ln105_489    | mul       | dsp_slice                | 3       |
|    mul_8s_8s_16_1_1_U2514                                          |      |        | mul_ln105_490    | mul       | auto                     | 0       |
|    mac_muladd_8s_8s_16s_17_4_1_U2846                               | 1    |        | mul_ln105_491    | mul       | dsp_slice                | 3       |
|    mac_muladd_8s_8s_16s_17_4_1_U2846                               | 1    |        | sext_ln105_1006  | sext      | dsp_slice                | 3       |
|    mac_muladd_8s_8s_16s_17_4_1_U2700                               | 1    |        | mul_ln105_492    | mul       | dsp_slice                | 3       |
|    mac_muladd_8s_8s_16s_17_4_1_U2700                               | 1    |        | sext_ln105_1007  | sext      | dsp_slice                | 3       |
|    mul_8s_8s_16_1_1_U2515                                          |      |        | mul_ln105_493    | mul       | auto                     | 0       |
|    mac_muladd_8s_8s_17s_17_4_1_U2847                               | 1    |        | mul_ln105_494    | mul       | dsp_slice                | 3       |
|    mac_muladd_8s_8s_17s_17_4_1_U2847                               | 1    |        | sext_ln105_1009  | sext      | dsp_slice                | 3       |
|    mac_muladd_8s_8s_16s_16_4_1_U2701                               | 1    |        | mul_ln105_495    | mul       | dsp_slice                | 3       |
|    mul_8s_8s_16_1_1_U2516                                          |      |        | mul_ln105_496    | mul       | auto                     | 0       |
|    mac_muladd_8s_8s_16s_17_4_1_U2702                               | 1    |        | mul_ln105_497    | mul       | dsp_slice                | 3       |
|    mac_muladd_8s_8s_16s_17_4_1_U2702                               | 1    |        | sext_ln105_1010  | sext      | dsp_slice                | 3       |
|    mul_8s_8s_16_1_1_U2517                                          |      |        | mul_ln105_498    | mul       | auto                     | 0       |
|    mac_muladd_8s_8s_16s_16_4_1_U2703                               | 1    |        | mul_ln105_499    | mul       | dsp_slice                | 3       |
|    mul_8s_8s_16_1_1_U2518                                          |      |        | mul_ln105_500    | mul       | auto                     | 0       |
|    mac_muladd_8s_8s_16s_16_4_1_U2704                               | 1    |        | mul_ln105_501    | mul       | dsp_slice                | 3       |
|    mul_8s_8s_16_1_1_U2519                                          |      |        | mul_ln105_502    | mul       | auto                     | 0       |
|    mac_muladd_8s_8s_16s_17_4_1_U2848                               | 1    |        | mul_ln105_503    | mul       | dsp_slice                | 3       |
|    mac_muladd_8s_8s_16s_17_4_1_U2848                               | 1    |        | sext_ln105_1012  | sext      | dsp_slice                | 3       |
|    mac_muladd_8s_8s_16s_16_4_1_U2705                               | 1    |        | mul_ln105_504    | mul       | dsp_slice                | 3       |
|    mul_8s_8s_16_1_1_U2520                                          |      |        | mul_ln105_505    | mul       | auto                     | 0       |
|    mac_muladd_8s_8s_16s_17_4_1_U2849                               | 1    |        | mul_ln105_506    | mul       | dsp_slice                | 3       |
|    mac_muladd_8s_8s_16s_17_4_1_U2849                               | 1    |        | sext_ln105_1013  | sext      | dsp_slice                | 3       |
|    mac_muladd_8s_8s_16s_16_4_1_U2706                               | 1    |        | mul_ln105_507    | mul       | dsp_slice                | 3       |
|    mul_8s_8s_16_1_1_U2521                                          |      |        | mul_ln105_508    | mul       | auto                     | 0       |
|    mac_muladd_8s_8s_16s_17_4_1_U2850                               | 1    |        | mul_ln105_509    | mul       | dsp_slice                | 3       |
|    mac_muladd_8s_8s_16s_17_4_1_U2850                               | 1    |        | sext_ln105_1014  | sext      | dsp_slice                | 3       |
|    mac_muladd_8s_8s_16s_16_4_1_U2707                               | 1    |        | mul_ln105_510    | mul       | dsp_slice                | 3       |
|    mul_8s_8s_16_1_1_U2522                                          |      |        | mul_ln105_511    | mul       | auto                     | 0       |
|    mac_muladd_8s_8s_16s_16_4_1_U2701                               | 1    |        | add_ln105_464    | add       | dsp_slice                | 3       |
|    add_ln105_465_fu_7152_p2                                        |      |        | add_ln105_465    | add       | fabric                   | 0       |
|    mac_muladd_8s_8s_16s_17_4_1_U2700                               | 1    |        | add_ln105_466    | add       | dsp_slice                | 3       |
|    mac_muladd_8s_8s_17s_17_4_1_U2847                               | 1    |        | add_ln105_467    | add       | dsp_slice                | 3       |
|    add_ln105_468_fu_8625_p2                                        |      |        | add_ln105_468    | add       | fabric                   | 0       |
|    mac_muladd_8s_8s_16s_16_4_1_U2699                               | 1    |        | add_ln105_469    | add       | dsp_slice                | 3       |
|    mac_muladd_8s_8s_16s_17_4_1_U2846                               | 1    |        | add_ln105_470    | add       | dsp_slice                | 3       |
|    mac_muladd_8s_8s_16s_16_4_1_U2698                               | 1    |        | add_ln105_471    | add       | dsp_slice                | 3       |
|    mac_muladd_8s_8s_16s_17_4_1_U2845                               | 1    |        | add_ln105_472    | add       | dsp_slice                | 3       |
|    add_ln105_473_fu_8641_p2                                        |      |        | add_ln105_473    | add       | fabric                   | 0       |
|    add_ln105_474_fu_8651_p2                                        |      |        | add_ln105_474    | add       | fabric                   | 0       |
|    mac_muladd_8s_8s_16s_16_4_1_U2697                               | 1    |        | add_ln105_475    | add       | dsp_slice                | 3       |
|    mac_muladd_8s_8s_16s_17_4_1_U2844                               | 1    |        | add_ln105_476    | add       | dsp_slice                | 3       |
|    mac_muladd_8s_8s_16s_16_4_1_U2696                               | 1    |        | add_ln105_477    | add       | dsp_slice                | 3       |
|    mac_muladd_8s_8s_16s_17_4_1_U2843                               | 1    |        | add_ln105_478    | add       | dsp_slice                | 3       |
|    add_ln105_479_fu_8663_p2                                        |      |        | add_ln105_479    | add       | fabric                   | 0       |
|    mac_muladd_8s_8s_16s_16_4_1_U2695                               | 1    |        | add_ln105_480    | add       | dsp_slice                | 3       |
|    mac_muladd_8s_8s_16s_17_4_1_U2842                               | 1    |        | add_ln105_481    | add       | dsp_slice                | 3       |
|    mac_muladd_8s_8s_16s_16_4_1_U2694                               | 1    |        | add_ln105_482    | add       | dsp_slice                | 3       |
|    mac_muladd_8s_8s_16s_17_4_1_U2841                               | 1    |        | add_ln105_483    | add       | dsp_slice                | 3       |
|    add_ln105_484_fu_8679_p2                                        |      |        | add_ln105_484    | add       | fabric                   | 0       |
|    add_ln105_485_fu_8689_p2                                        |      |        | add_ln105_485    | add       | fabric                   | 0       |
|    add_ln105_486_fu_9315_p2                                        |      |        | add_ln105_486    | add       | fabric                   | 0       |
|    mac_muladd_8s_8s_16s_16_4_1_U2693                               | 1    |        | add_ln105_487    | add       | dsp_slice                | 3       |
|    mac_muladd_8s_8s_16s_17_4_1_U2840                               | 1    |        | add_ln105_488    | add       | dsp_slice                | 3       |
|    mac_muladd_8s_8s_16s_17_4_1_U2692                               | 1    |        | add_ln105_489    | add       | dsp_slice                | 3       |
|    mac_muladd_8s_8s_17s_17_4_1_U2839                               | 1    |        | add_ln105_490    | add       | dsp_slice                | 3       |
|    add_ln105_491_fu_8701_p2                                        |      |        | add_ln105_491    | add       | fabric                   | 0       |
|    mac_muladd_8s_8s_16s_16_4_1_U2691                               | 1    |        | add_ln105_492    | add       | dsp_slice                | 3       |
|    mac_muladd_8s_8s_16s_17_4_1_U2838                               | 1    |        | add_ln105_493    | add       | dsp_slice                | 3       |
|    mac_muladd_8s_8s_16s_16_4_1_U2707                               | 1    |        | add_ln105_494    | add       | dsp_slice                | 3       |
|    mac_muladd_8s_8s_16s_17_4_1_U2837                               | 1    |        | add_ln105_495    | add       | dsp_slice                | 3       |
|    add_ln105_496_fu_8717_p2                                        |      |        | add_ln105_496    | add       | fabric                   | 0       |
|    add_ln105_497_fu_8727_p2                                        |      |        | add_ln105_497    | add       | fabric                   | 0       |
|    mac_muladd_8s_8s_16s_16_4_1_U2706                               | 1    |        | add_ln105_498    | add       | dsp_slice                | 3       |
|    mac_muladd_8s_8s_16s_17_4_1_U2850                               | 1    |        | add_ln105_499    | add       | dsp_slice                | 3       |
|    mac_muladd_8s_8s_16s_16_4_1_U2705                               | 1    |        | add_ln105_500    | add       | dsp_slice                | 3       |
|    mac_muladd_8s_8s_16s_17_4_1_U2849                               | 1    |        | add_ln105_501    | add       | dsp_slice                | 3       |
|    add_ln105_502_fu_8739_p2                                        |      |        | add_ln105_502    | add       | fabric                   | 0       |
|    mac_muladd_8s_8s_16s_16_4_1_U2704                               | 1    |        | add_ln105_503    | add       | dsp_slice                | 3       |
|    mac_muladd_8s_8s_16s_17_4_1_U2848                               | 1    |        | add_ln105_504    | add       | dsp_slice                | 3       |
|    mac_muladd_8s_8s_16s_16_4_1_U2703                               | 1    |        | add_ln105_505    | add       | dsp_slice                | 3       |
|    mac_muladd_8s_8s_16s_17_4_1_U2702                               | 1    |        | add_ln105_506    | add       | dsp_slice                | 3       |
|    add_ln105_507_fu_7197_p2                                        |      |        | add_ln105_507    | add       | fabric                   | 0       |
|    add_ln105_508_fu_8755_p2                                        |      |        | add_ln105_508    | add       | fabric                   | 0       |
|    add_ln105_509_fu_8765_p2                                        |      |        | add_ln105_509    | add       | fabric                   | 0       |
|    add_ln105_510_fu_9331_p2                                        |      |        | add_ln105_510    | add       | fabric                   | 0       |
|    acc_11_fu_9341_p2                                               |      |        | acc_11           | add       | fabric                   | 0       |
|    mac_muladd_8s_8s_16s_17_4_1_U2851                               | 1    |        | mul_ln105_512    | mul       | dsp_slice                | 3       |
|    mac_muladd_8s_8s_16s_17_4_1_U2851                               | 1    |        | sext_ln105_1059  | sext      | dsp_slice                | 3       |
|    mac_muladd_8s_8s_16s_16_4_1_U2708                               | 1    |        | mul_ln105_513    | mul       | dsp_slice                | 3       |
|    mul_8s_8s_16_1_1_U2323                                          |      |        | mul_ln105_514    | mul       | auto                     | 0       |
|    mac_muladd_8s_8s_16s_17_4_1_U2852                               | 1    |        | mul_ln105_515    | mul       | dsp_slice                | 3       |
|    mac_muladd_8s_8s_16s_17_4_1_U2852                               | 1    |        | sext_ln105_1060  | sext      | dsp_slice                | 3       |
|    mac_muladd_8s_8s_16s_16_4_1_U2853                               | 1    |        | mul_ln105_516    | mul       | dsp_slice                | 3       |
|    mul_8s_8s_16_1_1_U2324                                          |      |        | mul_ln105_517    | mul       | auto                     | 0       |
|    mac_muladd_8s_8s_16s_16_4_1_U2854                               | 1    |        | mul_ln105_518    | mul       | dsp_slice                | 3       |
|    mul_8s_8s_16_1_1_U2325                                          |      |        | mul_ln105_519    | mul       | auto                     | 0       |
|    mac_muladd_8s_8s_16s_16_4_1_U2855                               | 1    |        | mul_ln105_520    | mul       | dsp_slice                | 3       |
|    mul_8s_8s_16_1_1_U2326                                          |      |        | mul_ln105_521    | mul       | auto                     | 0       |
|    mac_muladd_8s_8s_16s_16_4_1_U2856                               | 1    |        | mul_ln105_522    | mul       | dsp_slice                | 3       |
|    mul_8s_8s_16_1_1_U2327                                          |      |        | mul_ln105_523    | mul       | auto                     | 0       |
|    mac_muladd_8s_8s_16s_16_4_1_U2857                               | 1    |        | mul_ln105_524    | mul       | dsp_slice                | 3       |
|    mul_8s_8s_16_1_1_U2328                                          |      |        | mul_ln105_525    | mul       | auto                     | 0       |
|    mac_muladd_8s_8s_16s_16_4_1_U2858                               | 1    |        | mul_ln105_526    | mul       | dsp_slice                | 3       |
|    mul_8s_8s_16_1_1_U2329                                          |      |        | mul_ln105_527    | mul       | auto                     | 0       |
|    mac_muladd_8s_8s_16s_16_4_1_U2859                               | 1    |        | mul_ln105_528    | mul       | dsp_slice                | 3       |
|    mul_8s_8s_16_1_1_U2330                                          |      |        | mul_ln105_529    | mul       | auto                     | 0       |
|    mac_muladd_8s_8s_16s_16_4_1_U2860                               | 1    |        | mul_ln105_530    | mul       | dsp_slice                | 3       |
|    mul_8s_8s_16_1_1_U2331                                          |      |        | mul_ln105_531    | mul       | auto                     | 0       |
|    mac_muladd_8s_8s_16s_16_4_1_U2861                               | 1    |        | mul_ln105_532    | mul       | dsp_slice                | 3       |
|    mul_8s_8s_16_1_1_U2332                                          |      |        | mul_ln105_533    | mul       | auto                     | 0       |
|    mac_muladd_8s_8s_16s_16_4_1_U2862                               | 1    |        | mul_ln105_534    | mul       | dsp_slice                | 3       |
|    mul_8s_8s_16_1_1_U2333                                          |      |        | mul_ln105_535    | mul       | auto                     | 0       |
|    mac_muladd_8s_8s_16s_16_4_1_U2863                               | 1    |        | mul_ln105_536    | mul       | dsp_slice                | 3       |
|    mul_8s_8s_16_1_1_U2334                                          |      |        | mul_ln105_537    | mul       | auto                     | 0       |
|    mac_muladd_8s_8s_16s_16_4_1_U2864                               | 1    |        | mul_ln105_538    | mul       | dsp_slice                | 3       |
|    mul_8s_8s_16_1_1_U2335                                          |      |        | mul_ln105_539    | mul       | auto                     | 0       |
|    mac_muladd_8s_8s_16s_16_4_1_U2865                               | 1    |        | mul_ln105_540    | mul       | dsp_slice                | 3       |
|    mul_8s_8s_16_1_1_U2336                                          |      |        | mul_ln105_541    | mul       | auto                     | 0       |
|    mac_muladd_8s_8s_16s_16_4_1_U2866                               | 1    |        | mul_ln105_542    | mul       | dsp_slice                | 3       |
|    mul_8s_8s_16_1_1_U2340                                          |      |        | mul_ln105_543    | mul       | auto                     | 0       |
|    mac_muladd_8s_8s_16s_17_4_1_U2851                               | 1    |        | add_ln105_512    | add       | dsp_slice                | 3       |
|    mac_muladd_8s_8s_16s_16_4_1_U2866                               | 1    |        | add_ln105_513    | add       | dsp_slice                | 3       |
|    add_ln105_514_fu_8774_p2                                        |      |        | add_ln105_514    | add       | fabric                   | 0       |
|    mac_muladd_8s_8s_16s_16_4_1_U2865                               | 1    |        | add_ln105_515    | add       | dsp_slice                | 3       |
|    mac_muladd_8s_8s_16s_16_4_1_U2864                               | 1    |        | add_ln105_516    | add       | dsp_slice                | 3       |
|    add_ln105_517_fu_8789_p2                                        |      |        | add_ln105_517    | add       | fabric                   | 0       |
|    add_ln105_518_fu_8799_p2                                        |      |        | add_ln105_518    | add       | fabric                   | 0       |
|    mac_muladd_8s_8s_16s_16_4_1_U2863                               | 1    |        | add_ln105_519    | add       | dsp_slice                | 3       |
|    mac_muladd_8s_8s_16s_16_4_1_U2862                               | 1    |        | add_ln105_520    | add       | dsp_slice                | 3       |
|    add_ln105_521_fu_8811_p2                                        |      |        | add_ln105_521    | add       | fabric                   | 0       |
|    mac_muladd_8s_8s_16s_16_4_1_U2861                               | 1    |        | add_ln105_522    | add       | dsp_slice                | 3       |
|    mac_muladd_8s_8s_16s_16_4_1_U2860                               | 1    |        | add_ln105_523    | add       | dsp_slice                | 3       |
|    add_ln105_524_fu_8827_p2                                        |      |        | add_ln105_524    | add       | fabric                   | 0       |
|    add_ln105_525_fu_8837_p2                                        |      |        | add_ln105_525    | add       | fabric                   | 0       |
|    add_ln105_526_fu_9354_p2                                        |      |        | add_ln105_526    | add       | fabric                   | 0       |
|    mac_muladd_8s_8s_16s_16_4_1_U2859                               | 1    |        | add_ln105_527    | add       | dsp_slice                | 3       |
|    mac_muladd_8s_8s_16s_16_4_1_U2858                               | 1    |        | add_ln105_528    | add       | dsp_slice                | 3       |
|    add_ln105_529_fu_8849_p2                                        |      |        | add_ln105_529    | add       | fabric                   | 0       |
|    mac_muladd_8s_8s_16s_16_4_1_U2857                               | 1    |        | add_ln105_530    | add       | dsp_slice                | 3       |
|    mac_muladd_8s_8s_16s_16_4_1_U2856                               | 1    |        | add_ln105_531    | add       | dsp_slice                | 3       |
|    add_ln105_532_fu_8865_p2                                        |      |        | add_ln105_532    | add       | fabric                   | 0       |
|    add_ln105_533_fu_8875_p2                                        |      |        | add_ln105_533    | add       | fabric                   | 0       |
|    mac_muladd_8s_8s_16s_16_4_1_U2855                               | 1    |        | add_ln105_534    | add       | dsp_slice                | 3       |
|    mac_muladd_8s_8s_16s_16_4_1_U2854                               | 1    |        | add_ln105_535    | add       | dsp_slice                | 3       |
|    add_ln105_536_fu_8887_p2                                        |      |        | add_ln105_536    | add       | fabric                   | 0       |
|    mac_muladd_8s_8s_16s_16_4_1_U2853                               | 1    |        | add_ln105_537    | add       | dsp_slice                | 3       |
|    mac_muladd_8s_8s_16s_16_4_1_U2708                               | 1    |        | add_ln105_538    | add       | dsp_slice                | 3       |
|    mac_muladd_8s_8s_16s_17_4_1_U2852                               | 1    |        | add_ln105_539    | add       | dsp_slice                | 3       |
|    add_ln105_540_fu_8903_p2                                        |      |        | add_ln105_540    | add       | fabric                   | 0       |
|    add_ln105_541_fu_8913_p2                                        |      |        | add_ln105_541    | add       | fabric                   | 0       |
|   + relu_i8 (tmp_s_relu_i8_fu_3825)                                | 0    |        |                  |           |                          |         |
|     icmp_ln5_fu_44_p2                                              |      |        | icmp_ln5         | setgt     | auto                     | 0       |
|     xor_ln11_fu_54_p2                                              |      |        | xor_ln11         | xor       | auto                     | 0       |
|     select_ln11_1_fu_60_p3                                         |      |        | select_ln11_1    | select    | auto_sel                 | 0       |
|     or_ln11_fu_68_p2                                               |      |        | or_ln11          | or        | auto                     | 0       |
|     ap_return                                                      |      |        | select_ln11      | select    | auto_sel                 | 0       |
|   + relu_i8 (tmp_1_relu_i8_fu_3830)                                | 0    |        |                  |           |                          |         |
|     icmp_ln5_fu_44_p2                                              |      |        | icmp_ln5         | setgt     | auto                     | 0       |
|     xor_ln11_fu_54_p2                                              |      |        | xor_ln11         | xor       | auto                     | 0       |
|     select_ln11_1_fu_60_p3                                         |      |        | select_ln11_1    | select    | auto_sel                 | 0       |
|     or_ln11_fu_68_p2                                               |      |        | or_ln11          | or        | auto                     | 0       |
|     ap_return                                                      |      |        | select_ln11      | select    | auto_sel                 | 0       |
|   + relu_i8 (tmp_2_relu_i8_fu_3835)                                | 0    |        |                  |           |                          |         |
|     icmp_ln5_fu_44_p2                                              |      |        | icmp_ln5         | setgt     | auto                     | 0       |
|     xor_ln11_fu_54_p2                                              |      |        | xor_ln11         | xor       | auto                     | 0       |
|     select_ln11_1_fu_60_p3                                         |      |        | select_ln11_1    | select    | auto_sel                 | 0       |
|     or_ln11_fu_68_p2                                               |      |        | or_ln11          | or        | auto                     | 0       |
|     ap_return                                                      |      |        | select_ln11      | select    | auto_sel                 | 0       |
|   + relu_i8 (tmp_3_relu_i8_fu_3840)                                | 0    |        |                  |           |                          |         |
|     icmp_ln5_fu_44_p2                                              |      |        | icmp_ln5         | setgt     | auto                     | 0       |
|     xor_ln11_fu_54_p2                                              |      |        | xor_ln11         | xor       | auto                     | 0       |
|     select_ln11_1_fu_60_p3                                         |      |        | select_ln11_1    | select    | auto_sel                 | 0       |
|     or_ln11_fu_68_p2                                               |      |        | or_ln11          | or        | auto                     | 0       |
|     ap_return                                                      |      |        | select_ln11      | select    | auto_sel                 | 0       |
|   + relu_i8 (tmp_4_relu_i8_fu_3845)                                | 0    |        |                  |           |                          |         |
|     icmp_ln5_fu_44_p2                                              |      |        | icmp_ln5         | setgt     | auto                     | 0       |
|     xor_ln11_fu_54_p2                                              |      |        | xor_ln11         | xor       | auto                     | 0       |
|     select_ln11_1_fu_60_p3                                         |      |        | select_ln11_1    | select    | auto_sel                 | 0       |
|     or_ln11_fu_68_p2                                               |      |        | or_ln11          | or        | auto                     | 0       |
|     ap_return                                                      |      |        | select_ln11      | select    | auto_sel                 | 0       |
|   + relu_i8 (tmp_5_relu_i8_fu_3850)                                | 0    |        |                  |           |                          |         |
|     icmp_ln5_fu_44_p2                                              |      |        | icmp_ln5         | setgt     | auto                     | 0       |
|     xor_ln11_fu_54_p2                                              |      |        | xor_ln11         | xor       | auto                     | 0       |
|     select_ln11_1_fu_60_p3                                         |      |        | select_ln11_1    | select    | auto_sel                 | 0       |
|     or_ln11_fu_68_p2                                               |      |        | or_ln11          | or        | auto                     | 0       |
|     ap_return                                                      |      |        | select_ln11      | select    | auto_sel                 | 0       |
|   + relu_i8 (tmp_6_relu_i8_fu_3855)                                | 0    |        |                  |           |                          |         |
|     icmp_ln5_fu_44_p2                                              |      |        | icmp_ln5         | setgt     | auto                     | 0       |
|     xor_ln11_fu_54_p2                                              |      |        | xor_ln11         | xor       | auto                     | 0       |
|     select_ln11_1_fu_60_p3                                         |      |        | select_ln11_1    | select    | auto_sel                 | 0       |
|     or_ln11_fu_68_p2                                               |      |        | or_ln11          | or        | auto                     | 0       |
|     ap_return                                                      |      |        | select_ln11      | select    | auto_sel                 | 0       |
|   + relu_i8 (tmp_7_relu_i8_fu_3860)                                | 0    |        |                  |           |                          |         |
|     icmp_ln5_fu_44_p2                                              |      |        | icmp_ln5         | setgt     | auto                     | 0       |
|     xor_ln11_fu_54_p2                                              |      |        | xor_ln11         | xor       | auto                     | 0       |
|     select_ln11_1_fu_60_p3                                         |      |        | select_ln11_1    | select    | auto_sel                 | 0       |
|     or_ln11_fu_68_p2                                               |      |        | or_ln11          | or        | auto                     | 0       |
|     ap_return                                                      |      |        | select_ln11      | select    | auto_sel                 | 0       |
|   + relu_i8 (tmp_8_relu_i8_fu_3865)                                | 0    |        |                  |           |                          |         |
|     icmp_ln5_fu_44_p2                                              |      |        | icmp_ln5         | setgt     | auto                     | 0       |
|     xor_ln11_fu_54_p2                                              |      |        | xor_ln11         | xor       | auto                     | 0       |
|     select_ln11_1_fu_60_p3                                         |      |        | select_ln11_1    | select    | auto_sel                 | 0       |
|     or_ln11_fu_68_p2                                               |      |        | or_ln11          | or        | auto                     | 0       |
|     ap_return                                                      |      |        | select_ln11      | select    | auto_sel                 | 0       |
|   + relu_i8 (tmp_9_relu_i8_fu_3870)                                | 0    |        |                  |           |                          |         |
|     icmp_ln5_fu_44_p2                                              |      |        | icmp_ln5         | setgt     | auto                     | 0       |
|     xor_ln11_fu_54_p2                                              |      |        | xor_ln11         | xor       | auto                     | 0       |
|     select_ln11_1_fu_60_p3                                         |      |        | select_ln11_1    | select    | auto_sel                 | 0       |
|     or_ln11_fu_68_p2                                               |      |        | or_ln11          | or        | auto                     | 0       |
|     ap_return                                                      |      |        | select_ln11      | select    | auto_sel                 | 0       |
|   + relu_i8 (tmp_10_relu_i8_fu_3875)                               | 0    |        |                  |           |                          |         |
|     icmp_ln5_fu_44_p2                                              |      |        | icmp_ln5         | setgt     | auto                     | 0       |
|     xor_ln11_fu_54_p2                                              |      |        | xor_ln11         | xor       | auto                     | 0       |
|     select_ln11_1_fu_60_p3                                         |      |        | select_ln11_1    | select    | auto_sel                 | 0       |
|     or_ln11_fu_68_p2                                               |      |        | or_ln11          | or        | auto                     | 0       |
|     ap_return                                                      |      |        | select_ln11      | select    | auto_sel                 | 0       |
|   + relu_i8 (tmp_11_relu_i8_fu_3880)                               | 0    |        |                  |           |                          |         |
|     icmp_ln5_fu_44_p2                                              |      |        | icmp_ln5         | setgt     | auto                     | 0       |
|     xor_ln11_fu_54_p2                                              |      |        | xor_ln11         | xor       | auto                     | 0       |
|     select_ln11_1_fu_60_p3                                         |      |        | select_ln11_1    | select    | auto_sel                 | 0       |
|     or_ln11_fu_68_p2                                               |      |        | or_ln11          | or        | auto                     | 0       |
|     ap_return                                                      |      |        | select_ln11      | select    | auto_sel                 | 0       |
|  + tiny_ecg_inference_Pipeline_VITIS_LOOP_116_12_VITIS_LOOP_117_13 | 0    |        |                  |           |                          |         |
|    icmp_ln116_fu_291_p2                                            |      |        | icmp_ln116       | seteq     | auto                     | 0       |
|    add_ln116_fu_297_p2                                             |      |        | add_ln116        | add       | fabric                   | 0       |
|    icmp_ln117_fu_314_p2                                            |      |        | icmp_ln117       | seteq     | auto                     | 0       |
|    select_ln116_fu_320_p3                                          |      |        | select_ln116     | select    | auto_sel                 | 0       |
|    empty_fu_328_p3                                                 |      |        | empty            | select    | auto_sel                 | 0       |
|    add_ln116_1_fu_336_p2                                           |      |        | add_ln116_1      | add       | fabric                   | 0       |
|    sparsemux_25_4_7_1_1_U3272                                      |      |        | tmp_s            | sparsemux | compactencoding_dontcare | 0       |
|    add_ln117_fu_398_p2                                             |      |        | add_ln117        | add       | fabric                   | 0       |
|  + tiny_ecg_inference_Pipeline_VITIS_LOOP_126_14                   | 87   |        |                  |           |                          |         |
|    icmp_ln126_fu_2972_p2                                           |      |        | icmp_ln126       | seteq     | auto                     | 0       |
|    add_ln126_fu_2978_p2                                            |      |        | add_ln126        | add       | fabric                   | 0       |
|    icmp_ln128_fu_2984_p2                                           |      |        | icmp_ln128       | seteq     | auto                     | 0       |
|    select_ln132_fu_4713_p3                                         |      |        | select_ln132     | select    | auto_sel                 | 0       |
|    mul_ln132_123_fu_4395_p00                                       |      |        | select_ln132_1   | select    | auto_sel                 | 0       |
|    mul_ln132_121_fu_4386_p00                                       |      |        | select_ln132_2   | select    | auto_sel                 | 0       |
|    grp_fu_6929_p00                                                 |      |        | select_ln132_3   | select    | auto_sel                 | 0       |
|    grp_fu_6645_p00                                                 |      |        | select_ln132_4   | select    | auto_sel                 | 0       |
|    grp_fu_6921_p10                                                 |      |        | select_ln132_5   | select    | auto_sel                 | 0       |
|    grp_fu_6637_p00                                                 |      |        | select_ln132_6   | select    | auto_sel                 | 0       |
|    grp_fu_6914_p10                                                 |      |        | select_ln132_7   | select    | auto_sel                 | 0       |
|    mul_ln132_112_fu_4316_p00                                       |      |        | select_ln132_8   | select    | auto_sel                 | 0       |
|    mul_ln132_111_fu_5154_p00                                       |      |        | select_ln132_9   | select    | auto_sel                 | 0       |
|    mul_ln132_110_fu_5149_p00                                       |      |        | select_ln132_10  | select    | auto_sel                 | 0       |
|    mul_ln132_109_fu_5144_p00                                       |      |        | select_ln132_11  | select    | auto_sel                 | 0       |
|    grp_fu_6906_p00                                                 |      |        | select_ln132_12  | select    | auto_sel                 | 0       |
|    mul_ln132_105_fu_3536_p00                                       |      |        | select_ln132_13  | select    | auto_sel                 | 0       |
|    mul_ln132_104_fu_4311_p00                                       |      |        | select_ln132_14  | select    | auto_sel                 | 0       |
|    grp_fu_6629_p10                                                 |      |        | select_ln132_15  | select    | auto_sel                 | 0       |
|    mul_ln132_102_fu_4306_p00                                       |      |        | select_ln132_16  | select    | auto_sel                 | 0       |
|    grp_fu_6898_p10                                                 |      |        | select_ln132_17  | select    | auto_sel                 | 0       |
|    mul_ln132_100_fu_4297_p00                                       |      |        | select_ln132_18  | select    | auto_sel                 | 0       |
|    grp_fu_6621_p10                                                 |      |        | select_ln132_19  | select    | auto_sel                 | 0       |
|    grp_fu_6890_p00                                                 |      |        | select_ln132_20  | select    | auto_sel                 | 0       |
|    mul_ln132_97_fu_3531_p00                                        |      |        | select_ln132_21  | select    | auto_sel                 | 0       |
|    mul_ln132_96_fu_3526_p00                                        |      |        | select_ln132_22  | select    | auto_sel                 | 0       |
|    grp_fu_6612_p00                                                 |      |        | select_ln132_23  | select    | auto_sel                 | 0       |
|    mul_ln132_93_fu_4268_p00                                        |      |        | select_ln132_24  | select    | auto_sel                 | 0       |
|    mul_ln132_92_fu_4263_p00                                        |      |        | select_ln132_25  | select    | auto_sel                 | 0       |
|    mul_ln132_91_fu_4254_p00                                        |      |        | select_ln132_26  | select    | auto_sel                 | 0       |
|    grp_fu_6604_p10                                                 |      |        | select_ln132_27  | select    | auto_sel                 | 0       |
|    grp_fu_6882_p00                                                 |      |        | select_ln132_28  | select    | auto_sel                 | 0       |
|    mul_ln132_88_fu_3521_p00                                        |      |        | select_ln132_29  | select    | auto_sel                 | 0       |
|    grp_fu_6874_p10                                                 |      |        | select_ln132_30  | select    | auto_sel                 | 0       |
|    mul_ln132_86_fu_5102_p00                                        |      |        | select_ln132_31  | select    | auto_sel                 | 0       |
|    mul_ln132_85_fu_4249_p00                                        |      |        | select_ln132_32  | select    | auto_sel                 | 0       |
|    mul_ln132_84_fu_4244_p00                                        |      |        | select_ln132_33  | select    | auto_sel                 | 0       |
|    grp_fu_6866_p10                                                 |      |        | select_ln132_34  | select    | auto_sel                 | 0       |
|    mul_ln132_82_fu_4239_p00                                        |      |        | select_ln132_35  | select    | auto_sel                 | 0       |
|    mul_ln132_81_fu_4230_p00                                        |      |        | select_ln132_36  | select    | auto_sel                 | 0       |
|    grp_fu_6858_p00                                                 |      |        | select_ln132_37  | select    | auto_sel                 | 0       |
|    mul_ln132_79_fu_4221_p00                                        |      |        | select_ln132_38  | select    | auto_sel                 | 0       |
|    grp_fu_6850_p00                                                 |      |        | select_ln132_39  | select    | auto_sel                 | 0       |
|    grp_fu_6596_p10                                                 |      |        | select_ln132_40  | select    | auto_sel                 | 0       |
|    grp_fu_6842_p10                                                 |      |        | select_ln132_41  | select    | auto_sel                 | 0       |
|    mul_ln132_74_fu_5091_p00                                        |      |        | select_ln132_42  | select    | auto_sel                 | 0       |
|    mul_ln132_73_fu_4160_p00                                        |      |        | select_ln132_43  | select    | auto_sel                 | 0       |
|    mul_ln132_72_fu_5083_p00                                        |      |        | select_ln132_44  | select    | auto_sel                 | 0       |
|    grp_fu_7170_p00                                                 |      |        | select_ln132_45  | select    | auto_sel                 | 0       |
|    mul_ln132_70_fu_5078_p00                                        |      |        | select_ln132_46  | select    | auto_sel                 | 0       |
|    mul_ln132_68_fu_5530_p00                                        |      |        | select_ln132_47  | select    | auto_sel                 | 0       |
|    mul_ln132_67_fu_5521_p00                                        |      |        | select_ln132_48  | select    | auto_sel                 | 0       |
|    mul_ln132_66_fu_5073_p00                                        |      |        | select_ln132_49  | select    | auto_sel                 | 0       |
|    mul_ln132_64_fu_5051_p00                                        |      |        | select_ln132_50  | select    | auto_sel                 | 0       |
|    mul_ln132_63_fu_3516_p00                                        |      |        | select_ln132_51  | select    | auto_sel                 | 0       |
|    grp_fu_6834_p00                                                 |      |        | select_ln132_52  | select    | auto_sel                 | 0       |
|    grp_fu_6706_p20                                                 |      |        | select_ln132_53  | select    | auto_sel                 | 0       |
|    mul_ln132_61_fu_5046_p00                                        |      |        | select_ln132_54  | select    | auto_sel                 | 0       |
|    grp_fu_7162_p00                                                 |      |        | select_ln132_55  | select    | auto_sel                 | 0       |
|    mul_ln132_59_fu_5041_p00                                        |      |        | select_ln132_56  | select    | auto_sel                 | 0       |
|    grp_fu_6828_p00                                                 |      |        | select_ln132_57  | select    | auto_sel                 | 0       |
|    grp_fu_7154_p10                                                 |      |        | select_ln132_58  | select    | auto_sel                 | 0       |
|    mul_ln132_56_fu_4152_p00                                        |      |        | select_ln132_59  | select    | auto_sel                 | 0       |
|    grp_fu_7146_p00                                                 |      |        | select_ln132_60  | select    | auto_sel                 | 0       |
|    mul_ln132_53_fu_5015_p00                                        |      |        | select_ln132_61  | select    | auto_sel                 | 0       |
|    mul_ln132_52_fu_4147_p00                                        |      |        | select_ln132_62  | select    | auto_sel                 | 0       |
|    grp_fu_7138_p00                                                 |      |        | select_ln132_63  | select    | auto_sel                 | 0       |
|    grp_fu_6821_p00                                                 |      |        | select_ln132_64  | select    | auto_sel                 | 0       |
|    grp_fu_6813_p00                                                 |      |        | select_ln132_65  | select    | auto_sel                 | 0       |
|    grp_fu_6587_p00                                                 |      |        | select_ln132_66  | select    | auto_sel                 | 0       |
|    grp_fu_6578_p00                                                 |      |        | select_ln132_67  | select    | auto_sel                 | 0       |
|    grp_fu_6805_p00                                                 |      |        | select_ln132_68  | select    | auto_sel                 | 0       |
|    grp_fu_6799_p10                                                 |      |        | select_ln132_69  | select    | auto_sel                 | 0       |
|    grp_fu_7130_p00                                                 |      |        | select_ln132_70  | select    | auto_sel                 | 0       |
|    mul_ln132_41_fu_4073_p00                                        |      |        | select_ln132_71  | select    | auto_sel                 | 0       |
|    mul_ln132_40_fu_4068_p00                                        |      |        | select_ln132_72  | select    | auto_sel                 | 0       |
|    grp_fu_7122_p00                                                 |      |        | select_ln132_73  | select    | auto_sel                 | 0       |
|    grp_fu_6791_p00                                                 |      |        | select_ln132_74  | select    | auto_sel                 | 0       |
|    grp_fu_6570_p10                                                 |      |        | select_ln132_75  | select    | auto_sel                 | 0       |
|    grp_fu_6783_p10                                                 |      |        | select_ln132_76  | select    | auto_sel                 | 0       |
|    mul_ln132_35_fu_4059_p00                                        |      |        | select_ln132_77  | select    | auto_sel                 | 0       |
|    mul_ln132_34_fu_4050_p00                                        |      |        | select_ln132_78  | select    | auto_sel                 | 0       |
|    grp_fu_6775_p00                                                 |      |        | select_ln132_79  | select    | auto_sel                 | 0       |
|    grp_fu_6767_p00                                                 |      |        | select_ln132_80  | select    | auto_sel                 | 0       |
|    mul_ln132_31_fu_4041_p00                                        |      |        | select_ln132_81  | select    | auto_sel                 | 0       |
|    mul_ln132_30_fu_4036_p00                                        |      |        | select_ln132_82  | select    | auto_sel                 | 0       |
|    grp_fu_6561_p10                                                 |      |        | select_ln132_83  | select    | auto_sel                 | 0       |
|    mul_ln132_27_fu_4027_p00                                        |      |        | select_ln132_84  | select    | auto_sel                 | 0       |
|    grp_fu_7114_p00                                                 |      |        | select_ln132_85  | select    | auto_sel                 | 0       |
|    grp_fu_6760_p00                                                 |      |        | select_ln132_86  | select    | auto_sel                 | 0       |
|    grp_fu_7106_p00                                                 |      |        | select_ln132_87  | select    | auto_sel                 | 0       |
|    grp_fu_6753_p10                                                 |      |        | select_ln132_88  | select    | auto_sel                 | 0       |
|    mul_ln132_21_fu_4022_p00                                        |      |        | select_ln132_89  | select    | auto_sel                 | 0       |
|    grp_fu_6745_p10                                                 |      |        | select_ln132_90  | select    | auto_sel                 | 0       |
|    grp_fu_6554_p10                                                 |      |        | select_ln132_91  | select    | auto_sel                 | 0       |
|    mul_ln132_18_fu_3511_p00                                        |      |        | select_ln132_92  | select    | auto_sel                 | 0       |
|    grp_fu_6737_p00                                                 |      |        | select_ln132_93  | select    | auto_sel                 | 0       |
|    grp_fu_6545_p10                                                 |      |        | select_ln132_94  | select    | auto_sel                 | 0       |
|    mul_ln132_15_fu_4013_p00                                        |      |        | select_ln132_95  | select    | auto_sel                 | 0       |
|    grp_fu_7098_p00                                                 |      |        | select_ln132_96  | select    | auto_sel                 | 0       |
|    mul_ln132_13_fu_4909_p00                                        |      |        | select_ln132_97  | select    | auto_sel                 | 0       |
|    mul_ln132_12_fu_4904_p00                                        |      |        | select_ln132_98  | select    | auto_sel                 | 0       |
|    grp_fu_7090_p00                                                 |      |        | select_ln132_99  | select    | auto_sel                 | 0       |
|    grp_fu_6730_p00                                                 |      |        | select_ln132_100 | select    | auto_sel                 | 0       |
|    mul_ln132_9_fu_4008_p00                                         |      |        | select_ln132_101 | select    | auto_sel                 | 0       |
|    grp_fu_7082_p00                                                 |      |        | select_ln132_102 | select    | auto_sel                 | 0       |
|    grp_fu_6722_p10                                                 |      |        | select_ln132_103 | select    | auto_sel                 | 0       |
|    grp_fu_7074_p00                                                 |      |        | select_ln132_104 | select    | auto_sel                 | 0       |
|    grp_fu_6716_p10                                                 |      |        | select_ln132_105 | select    | auto_sel                 | 0       |
|    mul_ln132_3_fu_4003_p00                                         |      |        | select_ln132_106 | select    | auto_sel                 | 0       |
|    mul_ln132_1_fu_4865_p00                                         |      |        | select_ln132_107 | select    | auto_sel                 | 0       |
|    mul_ln132_fu_4860_p00                                           |      |        | select_ln132_108 | select    | auto_sel                 | 0       |
|    mul_ln132_188_fu_5340_p00                                       |      |        | select_ln132_109 | select    | auto_sel                 | 0       |
|    mul_ln132_187_fu_4630_p00                                       |      |        | select_ln132_110 | select    | auto_sel                 | 0       |
|    grp_fu_7067_p10                                                 |      |        | select_ln132_111 | select    | auto_sel                 | 0       |
|    grp_fu_7226_p00                                                 |      |        | select_ln132_112 | select    | auto_sel                 | 0       |
|    grp_fu_7060_p00                                                 |      |        | select_ln132_113 | select    | auto_sel                 | 0       |
|    mul_ln132_183_fu_4625_p00                                       |      |        | select_ln132_114 | select    | auto_sel                 | 0       |
|    grp_fu_7218_p10                                                 |      |        | select_ln132_115 | select    | auto_sel                 | 0       |
|    grp_fu_7053_p00                                                 |      |        | select_ln132_116 | select    | auto_sel                 | 0       |
|    grp_fu_7045_p00                                                 |      |        | select_ln132_117 | select    | auto_sel                 | 0       |
|    grp_fu_6697_p10                                                 |      |        | select_ln132_118 | select    | auto_sel                 | 0       |
|    mul_ln132_177_fu_4616_p00                                       |      |        | select_ln132_119 | select    | auto_sel                 | 0       |
|    mul_ln132_175_fu_4607_p00                                       |      |        | select_ln132_120 | select    | auto_sel                 | 0       |
|    mul_ln132_174_fu_4598_p00                                       |      |        | select_ln132_121 | select    | auto_sel                 | 0       |
|    grp_fu_7029_p00                                                 |      |        | select_ln132_122 | select    | auto_sel                 | 0       |
|    grp_fu_7021_p00                                                 |      |        | select_ln132_123 | select    | auto_sel                 | 0       |
|    grp_fu_6689_p00                                                 |      |        | select_ln132_124 | select    | auto_sel                 | 0       |
|    grp_fu_7013_p00                                                 |      |        | select_ln132_125 | select    | auto_sel                 | 0       |
|    mul_ln132_166_fu_4526_p00                                       |      |        | select_ln132_126 | select    | auto_sel                 | 0       |
|    mul_ln132_165_fu_4517_p00                                       |      |        | select_ln132_127 | select    | auto_sel                 | 0       |
|    grp_fu_7005_p00                                                 |      |        | select_ln132_128 | select    | auto_sel                 | 0       |
|    grp_fu_6680_p00                                                 |      |        | select_ln132_129 | select    | auto_sel                 | 0       |
|    grp_fu_6997_p00                                                 |      |        | select_ln132_130 | select    | auto_sel                 | 0       |
|    mul_ln132_160_fu_4487_p00                                       |      |        | select_ln132_131 | select    | auto_sel                 | 0       |
|    grp_fu_6671_p10                                                 |      |        | select_ln132_132 | select    | auto_sel                 | 0       |
|    grp_fu_6989_p00                                                 |      |        | select_ln132_133 | select    | auto_sel                 | 0       |
|    mul_ln132_156_fu_4482_p00                                       |      |        | select_ln132_134 | select    | auto_sel                 | 0       |
|    mul_ln132_154_fu_4473_p00                                       |      |        | select_ln132_135 | select    | auto_sel                 | 0       |
|    mul_ln132_153_fu_4464_p00                                       |      |        | select_ln132_136 | select    | auto_sel                 | 0       |
|    grp_fu_6981_p00                                                 |      |        | select_ln132_137 | select    | auto_sel                 | 0       |
|    mul_ln132_151_fu_4455_p00                                       |      |        | select_ln132_138 | select    | auto_sel                 | 0       |
|    mul_ln132_150_fu_4446_p00                                       |      |        | select_ln132_139 | select    | auto_sel                 | 0       |
|    grp_fu_7210_p00                                                 |      |        | select_ln132_140 | select    | auto_sel                 | 0       |
|    mul_ln132_148_fu_5294_p00                                       |      |        | select_ln132_141 | select    | auto_sel                 | 0       |
|    mul_ln132_147_fu_5289_p00                                       |      |        | select_ln132_142 | select    | auto_sel                 | 0       |
|    grp_fu_6973_p00                                                 |      |        | select_ln132_143 | select    | auto_sel                 | 0       |
|    mul_ln132_144_fu_4441_p00                                       |      |        | select_ln132_144 | select    | auto_sel                 | 0       |
|    grp_fu_7202_p00                                                 |      |        | select_ln132_145 | select    | auto_sel                 | 0       |
|    grp_fu_6966_p00                                                 |      |        | select_ln132_146 | select    | auto_sel                 | 0       |
|    mul_ln132_141_fu_4436_p00                                       |      |        | select_ln132_147 | select    | auto_sel                 | 0       |
|    grp_fu_7194_p00                                                 |      |        | select_ln132_148 | select    | auto_sel                 | 0       |
|    mul_ln132_139_fu_4431_p00                                       |      |        | select_ln132_149 | select    | auto_sel                 | 0       |
|    grp_fu_6959_p10                                                 |      |        | select_ln132_150 | select    | auto_sel                 | 0       |
|    grp_fu_6951_p00                                                 |      |        | select_ln132_151 | select    | auto_sel                 | 0       |
|    mul_ln132_136_fu_4426_p00                                       |      |        | select_ln132_152 | select    | auto_sel                 | 0       |
|    grp_fu_6653_p10                                                 |      |        | select_ln132_153 | select    | auto_sel                 | 0       |
|    mul_ln132_134_fu_5278_p00                                       |      |        | select_ln132_154 | select    | auto_sel                 | 0       |
|    grp_fu_7186_p00                                                 |      |        | select_ln132_155 | select    | auto_sel                 | 0       |
|    grp_fu_6944_p00                                                 |      |        | select_ln132_156 | select    | auto_sel                 | 0       |
|    mul_ln132_129_fu_4421_p00                                       |      |        | select_ln132_157 | select    | auto_sel                 | 0       |
|    grp_fu_7178_p00                                                 |      |        | select_ln132_158 | select    | auto_sel                 | 0       |
|    grp_fu_6937_p10                                                 |      |        | select_ln132_159 | select    | auto_sel                 | 0       |
|    mul_5s_7ns_11_1_1_U3352                                         |      |        | mul_ln132        | mul       | auto                     | 0       |
|    mul_8s_7ns_15_1_1_U3353                                         |      |        | mul_ln132_1      | mul       | auto                     | 0       |
|    mul_7ns_2s_13_1_1_U3354                                         |      |        | mul_ln132_190    | mul       | auto                     | 0       |
|    mul_7ns_6s_13_1_1_U3355                                         |      |        | mul_ln132_191    | mul       | auto                     | 0       |
|    select_ln132_160_fu_4880_p3                                     |      |        | select_ln132_160 | select    | auto_sel                 | 0       |
|    mul_8s_7ns_15_1_1_U3293                                         |      |        | mul_ln132_3      | mul       | auto                     | 0       |
|    mac_muladd_7ns_5s_15s_15_4_1_U3419                              | 1    |        | mul_ln132_4      | mul       | dsp_slice                | 3       |
|    mac_muladd_7ns_5s_15s_15_4_1_U3419                              | 1    |        | sext_ln132_1     | sext      | dsp_slice                | 3       |
|    mac_muladd_7s_7ns_15s_15_4_1_U3466                              | 1    |        | mul_ln132_5      | mul       | dsp_slice                | 3       |
|    mac_muladd_7s_7ns_15s_15_4_1_U3466                              | 1    |        | sext_ln132_2     | sext      | dsp_slice                | 3       |
|    mul_7ns_2s_15_1_1_U3356                                         |      |        | mul_ln132_192    | mul       | auto                     | 0       |
|    mul_7ns_8s_15_1_1_U3357                                         |      |        | mul_ln132_193    | mul       | auto                     | 0       |
|    grp_fu_6722_p2                                                  |      |        | select_ln132_165 | select    | auto_sel                 | 0       |
|    mac_muladd_7ns_5s_15s_15_4_1_U3420                              | 1    |        | mul_ln132_7      | mul       | dsp_slice                | 3       |
|    mac_muladd_7ns_5s_15s_15_4_1_U3420                              | 1    |        | sext_ln132_3     | sext      | dsp_slice                | 3       |
|    mac_muladd_7s_7ns_15s_16_4_1_U3467                              | 1    |        | mul_ln132_8      | mul       | dsp_slice                | 3       |
|    mac_muladd_7s_7ns_15s_16_4_1_U3467                              | 1    |        | sext_ln132_4     | sext      | dsp_slice                | 3       |
|    mul_8s_7ns_15_1_1_U3294                                         |      |        | mul_ln132_9      | mul       | auto                     | 0       |
|    mac_muladd_8s_7ns_15s_15_4_1_U3421                              | 1    |        | mul_ln132_10     | mul       | dsp_slice                | 3       |
|    mac_muladd_8s_7ns_15s_16_4_1_U3468                              | 1    |        | mul_ln132_11     | mul       | dsp_slice                | 3       |
|    mac_muladd_8s_7ns_15s_16_4_1_U3468                              | 1    |        | sext_ln132_5     | sext      | dsp_slice                | 3       |
|    mul_7s_7ns_14_1_1_U3358                                         |      |        | mul_ln132_12     | mul       | auto                     | 0       |
|    mul_7s_7ns_13_1_1_U3359                                         |      |        | mul_ln132_13     | mul       | auto                     | 0       |
|    mac_muladd_8s_7ns_14s_16_4_1_U3469                              | 1    |        | mul_ln132_14     | mul       | dsp_slice                | 3       |
|    mac_muladd_8s_7ns_14s_16_4_1_U3469                              | 1    |        | sext_ln132_6     | sext      | dsp_slice                | 3       |
|    mul_6s_7ns_13_1_1_U3295                                         |      |        | mul_ln132_15     | mul       | auto                     | 0       |
|    mac_muladd_7ns_6s_13s_14_4_1_U3399                              | 1    |        | mul_ln132_16     | mul       | dsp_slice                | 3       |
|    mac_muladd_7ns_6s_13s_14_4_1_U3399                              | 1    |        | sext_ln132_8     | sext      | dsp_slice                | 3       |
|    mac_muladd_7s_7ns_14s_15_4_1_U3422                              | 1    |        | mul_ln132_17     | mul       | dsp_slice                | 3       |
|    mac_muladd_7s_7ns_14s_15_4_1_U3422                              | 1    |        | sext_ln132_9     | sext      | dsp_slice                | 3       |
|    mul_8s_7ns_15_1_1_U3287                                         |      |        | mul_ln132_18     | mul       | auto                     | 0       |
|    mac_muladd_7ns_6s_15s_15_4_1_U3400                              | 1    |        | mul_ln132_19     | mul       | dsp_slice                | 3       |
|    mac_muladd_7ns_6s_15s_15_4_1_U3400                              | 1    |        | sext_ln132_10    | sext      | dsp_slice                | 3       |
|    mac_muladd_7ns_6s_15s_15_4_1_U3423                              | 1    |        | mul_ln132_20     | mul       | dsp_slice                | 3       |
|    mac_muladd_7ns_6s_15s_15_4_1_U3423                              | 1    |        | sext_ln132_11    | sext      | dsp_slice                | 3       |
|    mul_8s_7ns_15_1_1_U3296                                         |      |        | mul_ln132_21     | mul       | auto                     | 0       |
|    mac_muladd_7ns_6s_15s_15_4_1_U3424                              | 1    |        | mul_ln132_22     | mul       | dsp_slice                | 3       |
|    mac_muladd_7ns_6s_15s_15_4_1_U3424                              | 1    |        | sext_ln132_12    | sext      | dsp_slice                | 3       |
|    mac_muladd_8s_7ns_15s_16_4_1_U3470                              | 1    |        | mul_ln132_23     | mul       | dsp_slice                | 3       |
|    mac_muladd_8s_7ns_15s_16_4_1_U3470                              | 1    |        | sext_ln132_13    | sext      | dsp_slice                | 3       |
|    mac_muladd_8s_7ns_14s_16_4_1_U3425                              | 1    |        | mul_ln132_24     | mul       | dsp_slice                | 3       |
|    mac_muladd_8s_7ns_14s_16_4_1_U3425                              | 1    |        | sext_ln132_14    | sext      | dsp_slice                | 3       |
|    sub_ln132_1_fu_4929_p2                                          |      |        | sub_ln132_1      | sub       | fabric                   | 0       |
|    select_ln132_161_fu_4945_p3                                     |      |        | select_ln132_161 | select    | auto_sel                 | 0       |
|    mac_muladd_7s_7ns_16s_16_4_1_U3471                              | 1    |        | mul_ln132_26     | mul       | dsp_slice                | 3       |
|    mac_muladd_7s_7ns_16s_16_4_1_U3471                              | 1    |        | sext_ln132_16    | sext      | dsp_slice                | 3       |
|    mul_6s_7ns_13_1_1_U3297                                         |      |        | mul_ln132_27     | mul       | auto                     | 0       |
|    mac_muladd_7ns_6s_13s_14_4_1_U3401                              | 1    |        | mul_ln132_28     | mul       | dsp_slice                | 3       |
|    mac_muladd_7ns_6s_13s_14_4_1_U3401                              | 1    |        | sext_ln132_18    | sext      | dsp_slice                | 3       |
|    select_ln132_162_fu_5001_p3                                     |      |        | select_ln132_162 | select    | auto_sel                 | 0       |
|    mul_7s_7ns_14_1_1_U3298                                         |      |        | mul_ln132_30     | mul       | auto                     | 0       |
|    mul_7s_7ns_13_1_1_U3299                                         |      |        | mul_ln132_31     | mul       | auto                     | 0       |
|    mac_muladd_8s_7ns_14s_15_4_1_U3426                              | 1    |        | mul_ln132_32     | mul       | dsp_slice                | 3       |
|    mac_muladd_8s_7ns_14ns_15_4_1_U3427                             | 1    |        | mul_ln132_33     | mul       | dsp_slice                | 3       |
|    mul_7s_7ns_13_1_1_U3300                                         |      |        | mul_ln132_34     | mul       | auto                     | 0       |
|    mul_7s_7ns_14_1_1_U3301                                         |      |        | mul_ln132_35     | mul       | auto                     | 0       |
|    mac_muladd_7ns_5s_15s_15_4_1_U3428                              | 1    |        | mul_ln132_36     | mul       | dsp_slice                | 3       |
|    mac_muladd_7ns_5s_15s_15_4_1_U3428                              | 1    |        | sext_ln132_21    | sext      | dsp_slice                | 3       |
|    mac_muladd_7ns_6s_14s_15_4_1_U3402                              | 1    |        | mul_ln132_37     | mul       | dsp_slice                | 3       |
|    mac_muladd_7ns_6s_14s_15_4_1_U3402                              | 1    |        | sext_ln132_22    | sext      | dsp_slice                | 3       |
|    mac_muladd_8s_7ns_15s_16_4_1_U3429                              | 1    |        | mul_ln132_38     | mul       | dsp_slice                | 3       |
|    mac_muladd_8s_7ns_15s_16_4_1_U3429                              | 1    |        | sext_ln132_23    | sext      | dsp_slice                | 3       |
|    mac_muladd_8s_7ns_16s_17_4_1_U3472                              | 1    |        | mul_ln132_39     | mul       | dsp_slice                | 3       |
|    mac_muladd_8s_7ns_16s_17_4_1_U3472                              | 1    |        | sext_ln132_24    | sext      | dsp_slice                | 3       |
|    mul_8s_7ns_15_1_1_U3302                                         |      |        | mul_ln132_40     | mul       | auto                     | 0       |
|    mul_8s_7ns_15_1_1_U3303                                         |      |        | mul_ln132_41     | mul       | auto                     | 0       |
|    mac_muladd_7s_7ns_15s_15_4_1_U3473                              | 1    |        | mul_ln132_42     | mul       | dsp_slice                | 3       |
|    mac_muladd_7s_7ns_15s_15_4_1_U3473                              | 1    |        | sext_ln132_26    | sext      | dsp_slice                | 3       |
|    mac_muladd_7ns_3s_15s_15_4_1_U3430                              | 1    |        | mul_ln132_43     | mul       | dsp_slice                | 3       |
|    mac_muladd_7ns_3s_15s_15_4_1_U3430                              | 1    |        | sext_ln132_27    | sext      | dsp_slice                | 3       |
|    mul_7ns_7ns_13_1_1_U3304                                        |      |        | mul_ln132_44     | mul       | auto                     | 0       |
|    select_ln132_163_fu_4094_p3                                     |      |        | select_ln132_163 | select    | auto_sel                 | 0       |
|    mac_muladd_7s_7ns_14s_15_4_1_U3431                              | 1    |        | mul_ln132_45     | mul       | dsp_slice                | 3       |
|    mac_muladd_7s_7ns_14s_15_4_1_U3431                              | 1    |        | sext_ln132_28    | sext      | dsp_slice                | 3       |
|    mac_muladd_7s_7ns_13ns_14_4_1_U3403                             | 1    |        | mul_ln132_46     | mul       | dsp_slice                | 3       |
|    mac_muladd_7s_7ns_12s_14_4_1_U3404                              | 1    |        | mul_ln132_47     | mul       | dsp_slice                | 3       |
|    mac_muladd_8s_7ns_14s_15_4_1_U3432                              | 1    |        | mul_ln132_48     | mul       | dsp_slice                | 3       |
|    sub_ln132_4_fu_4116_p2                                          |      |        | sub_ln132_4      | sub       | fabric                   | 0       |
|    select_ln132_164_fu_4136_p3                                     |      |        | select_ln132_164 | select    | auto_sel                 | 0       |
|    mac_muladd_8s_7ns_15s_15_4_1_U3433                              | 1    |        | mul_ln132_50     | mul       | dsp_slice                | 3       |
|    mac_muladd_7s_7ns_15s_16_4_1_U3474                              | 1    |        | mul_ln132_51     | mul       | dsp_slice                | 3       |
|    mac_muladd_7s_7ns_15s_16_4_1_U3474                              | 1    |        | sext_ln132_31    | sext      | dsp_slice                | 3       |
|    mul_8s_7ns_15_1_1_U3305                                         |      |        | mul_ln132_52     | mul       | auto                     | 0       |
|    mul_5s_7ns_11_1_1_U3360                                         |      |        | mul_ln132_53     | mul       | auto                     | 0       |
|    mac_muladd_7s_7ns_14s_15_4_1_U3475                              | 1    |        | mul_ln132_54     | mul       | dsp_slice                | 3       |
|    mac_muladd_7s_7ns_14s_15_4_1_U3475                              | 1    |        | sext_ln132_32    | sext      | dsp_slice                | 3       |
|    mul_7ns_7s_14_1_1_U3361                                         |      |        | mul_ln132_194    | mul       | auto                     | 0       |
|    mul_7ns_6s_14_1_1_U3362                                         |      |        | mul_ln132_195    | mul       | auto                     | 0       |
|    select_ln132_166_fu_5034_p3                                     |      |        | select_ln132_166 | select    | auto_sel                 | 0       |
|    mul_8s_7ns_15_1_1_U3306                                         |      |        | mul_ln132_56     | mul       | auto                     | 0       |
|    mac_muladd_7ns_6s_15s_15_4_1_U3476                              | 1    |        | mul_ln132_57     | mul       | dsp_slice                | 3       |
|    mac_muladd_7ns_6s_15s_15_4_1_U3476                              | 1    |        | sext_ln132_33    | sext      | dsp_slice                | 3       |
|    mac_muladd_7s_7ns_15s_15_4_1_U3434                              | 1    |        | mul_ln132_58     | mul       | dsp_slice                | 3       |
|    mac_muladd_7s_7ns_15s_15_4_1_U3434                              | 1    |        | sext_ln132_34    | sext      | dsp_slice                | 3       |
|    mul_8s_7ns_15_1_1_U3363                                         |      |        | mul_ln132_59     | mul       | auto                     | 0       |
|    mac_muladd_8s_7ns_15s_16_4_1_U3477                              | 1    |        | mul_ln132_60     | mul       | dsp_slice                | 3       |
|    mac_muladd_8s_7ns_15s_16_4_1_U3477                              | 1    |        | sext_ln132_35    | sext      | dsp_slice                | 3       |
|    mul_6s_7ns_12_1_1_U3364                                         |      |        | mul_ln132_61     | mul       | auto                     | 0       |
|    mac_muladd_7s_7ns_16s_16_4_1_U3435                              | 1    |        | mul_ln132_62     | mul       | dsp_slice                | 3       |
|    mac_muladd_7s_7ns_16s_16_4_1_U3435                              | 1    |        | sext_ln132_36    | sext      | dsp_slice                | 3       |
|    mul_8s_7ns_15_1_1_U3288                                         |      |        | mul_ln132_63     | mul       | auto                     | 0       |
|    mul_7s_7ns_13_1_1_U3365                                         |      |        | mul_ln132_64     | mul       | auto                     | 0       |
|    mul_7ns_3s_12_1_1_U3366                                         |      |        | mul_ln132_196    | mul       | auto                     | 0       |
|    mul_7ns_5ns_12_1_1_U3367                                        |      |        | mul_ln132_197    | mul       | auto                     | 0       |
|    select_ln132_167_fu_5066_p3                                     |      |        | select_ln132_167 | select    | auto_sel                 | 0       |
|    mul_7s_7ns_14_1_1_U3368                                         |      |        | mul_ln132_66     | mul       | auto                     | 0       |
|    mul_6s_7ns_12_1_1_U3392                                         |      |        | mul_ln132_67     | mul       | auto                     | 0       |
|    mul_8s_7ns_14_1_1_U3393                                         |      |        | mul_ln132_68     | mul       | auto                     | 0       |
|    mul_7ns_6s_14_1_1_U3394                                         |      |        | mul_ln132_198    | mul       | auto                     | 0       |
|    mul_7ns_7ns_14_1_1_U3395                                        |      |        | mul_ln132_199    | mul       | auto                     | 0       |
|    select_ln132_169_fu_5545_p3                                     |      |        | select_ln132_169 | select    | auto_sel                 | 0       |
|    mul_8s_7ns_15_1_1_U3369                                         |      |        | mul_ln132_70     | mul       | auto                     | 0       |
|    mac_muladd_8s_7ns_16s_17_4_1_U3478                              | 1    |        | mul_ln132_71     | mul       | dsp_slice                | 3       |
|    mac_muladd_8s_7ns_16s_17_4_1_U3478                              | 1    |        | sext_ln132_41    | sext      | dsp_slice                | 3       |
|    mul_7s_7ns_13_1_1_U3370                                         |      |        | mul_ln132_72     | mul       | auto                     | 0       |
|    mul_8s_7ns_15_1_1_U3307                                         |      |        | mul_ln132_73     | mul       | auto                     | 0       |
|    mul_8s_7ns_14_1_1_U3371                                         |      |        | mul_ln132_74     | mul       | auto                     | 0       |
|    mac_muladd_7ns_6s_15s_16_4_1_U3436                              | 1    |        | mul_ln132_75     | mul       | dsp_slice                | 3       |
|    mac_muladd_7ns_6s_15s_16_4_1_U3436                              | 1    |        | sext_ln132_43    | sext      | dsp_slice                | 3       |
|    mac_muladd_7ns_6s_14s_15_4_1_U3405                              | 1    |        | mul_ln132_76     | mul       | dsp_slice                | 3       |
|    mac_muladd_7ns_6s_14s_15_4_1_U3405                              | 1    |        | sext_ln132_44    | sext      | dsp_slice                | 3       |
|    mac_muladd_7s_7ns_15s_15_4_1_U3437                              | 1    |        | mul_ln132_77     | mul       | dsp_slice                | 3       |
|    mac_muladd_7s_7ns_15s_15_4_1_U3437                              | 1    |        | sext_ln132_45    | sext      | dsp_slice                | 3       |
|    select_ln132_168_fu_4210_p3                                     |      |        | select_ln132_168 | select    | auto_sel                 | 0       |
|    mul_7s_7ns_13_1_1_U3308                                         |      |        | mul_ln132_79     | mul       | auto                     | 0       |
|    mac_muladd_8s_7ns_15ns_16_4_1_U3438                             | 1    |        | mul_ln132_80     | mul       | dsp_slice                | 3       |
|    mac_muladd_8s_7ns_15ns_16_4_1_U3438                             | 1    |        | sext_ln132_47    | sext      | dsp_slice                | 3       |
|    mul_8s_7ns_14_1_1_U3309                                         |      |        | mul_ln132_81     | mul       | auto                     | 0       |
|    mul_6s_7ns_12_1_1_U3310                                         |      |        | mul_ln132_82     | mul       | auto                     | 0       |
|    mac_muladd_7ns_6s_15s_15_4_1_U3439                              | 1    |        | mul_ln132_83     | mul       | dsp_slice                | 3       |
|    mac_muladd_7ns_6s_15s_15_4_1_U3439                              | 1    |        | sext_ln132_48    | sext      | dsp_slice                | 3       |
|    mul_8s_7ns_15_1_1_U3311                                         |      |        | mul_ln132_84     | mul       | auto                     | 0       |
|    mul_8s_7ns_15_1_1_U3312                                         |      |        | mul_ln132_85     | mul       | auto                     | 0       |
|    mul_8s_7ns_14_1_1_U3372                                         |      |        | mul_ln132_86     | mul       | auto                     | 0       |
|    mac_muladd_7ns_6s_15s_16_4_1_U3440                              | 1    |        | mul_ln132_87     | mul       | dsp_slice                | 3       |
|    mac_muladd_7ns_6s_15s_16_4_1_U3440                              | 1    |        | sext_ln132_50    | sext      | dsp_slice                | 3       |
|    mul_8s_7ns_15_1_1_U3289                                         |      |        | mul_ln132_88     | mul       | auto                     | 0       |
|    mac_muladd_8s_7ns_15s_16_4_1_U3441                              | 1    |        | mul_ln132_89     | mul       | dsp_slice                | 3       |
|    mac_muladd_8s_7ns_15s_16_4_1_U3441                              | 1    |        | sext_ln132_51    | sext      | dsp_slice                | 3       |
|    mac_muladd_7ns_5s_15s_15_4_1_U3406                              | 1    |        | mul_ln132_90     | mul       | dsp_slice                | 3       |
|    mac_muladd_7ns_5s_15s_15_4_1_U3406                              | 1    |        | sext_ln132_52    | sext      | dsp_slice                | 3       |
|    mul_7s_7ns_14_1_1_U3313                                         |      |        | mul_ln132_91     | mul       | auto                     | 0       |
|    mul_8s_7ns_14_1_1_U3314                                         |      |        | mul_ln132_92     | mul       | auto                     | 0       |
|    mul_6s_7ns_12_1_1_U3315                                         |      |        | mul_ln132_93     | mul       | auto                     | 0       |
|    mac_muladd_8s_7ns_15s_16_4_1_U3407                              | 1    |        | mul_ln132_94     | mul       | dsp_slice                | 3       |
|    mac_muladd_8s_7ns_15s_16_4_1_U3407                              | 1    |        | sext_ln132_54    | sext      | dsp_slice                | 3       |
|    mul_7ns_8ns_15_1_1_U3316                                        |      |        | mul_ln132_200    | mul       | auto                     | 0       |
|    mul_7ns_8s_15_1_1_U3317                                         |      |        | mul_ln132_201    | mul       | auto                     | 0       |
|    select_ln132_170_fu_4287_p3                                     |      |        | select_ln132_170 | select    | auto_sel                 | 0       |
|    mul_8s_7ns_15_1_1_U3290                                         |      |        | mul_ln132_96     | mul       | auto                     | 0       |
|    mul_8s_7ns_15_1_1_U3291                                         |      |        | mul_ln132_97     | mul       | auto                     | 0       |
|    mac_muladd_7s_7ns_15s_16_4_1_U3442                              | 1    |        | mul_ln132_98     | mul       | dsp_slice                | 3       |
|    mac_muladd_7s_7ns_15s_16_4_1_U3442                              | 1    |        | sext_ln132_57    | sext      | dsp_slice                | 3       |
|    mac_muladd_7ns_6s_15s_15_4_1_U3408                              | 1    |        | mul_ln132_99     | mul       | dsp_slice                | 3       |
|    mac_muladd_7ns_6s_15s_15_4_1_U3408                              | 1    |        | sext_ln132_58    | sext      | dsp_slice                | 3       |
|    mul_4s_7ns_10_1_1_U3318                                         |      |        | mul_ln132_100    | mul       | auto                     | 0       |
|    mac_muladd_7ns_6s_14ns_15_4_1_U3443                             | 1    |        | mul_ln132_101    | mul       | dsp_slice                | 3       |
|    mac_muladd_7ns_6s_14ns_15_4_1_U3443                             | 1    |        | sext_ln132_59    | sext      | dsp_slice                | 3       |
|    mul_8s_7ns_14_1_1_U3319                                         |      |        | mul_ln132_102    | mul       | auto                     | 0       |
|    mac_muladd_7ns_4s_15s_15_4_1_U3409                              | 1    |        | mul_ln132_103    | mul       | dsp_slice                | 3       |
|    mac_muladd_7ns_4s_15s_15_4_1_U3409                              | 1    |        | sext_ln132_60    | sext      | dsp_slice                | 3       |
|    mul_8s_7ns_14_1_1_U3320                                         |      |        | mul_ln132_104    | mul       | auto                     | 0       |
|    mul_8s_7ns_15_1_1_U3292                                         |      |        | mul_ln132_105    | mul       | auto                     | 0       |
|    mac_muladd_7s_7ns_15s_15_4_1_U3444                              | 1    |        | mul_ln132_106    | mul       | dsp_slice                | 3       |
|    mac_muladd_7s_7ns_15s_15_4_1_U3444                              | 1    |        | sext_ln132_61    | sext      | dsp_slice                | 3       |
|    mul_7ns_7s_14_1_1_U3373                                         |      |        | mul_ln132_202    | mul       | auto                     | 0       |
|    mul_7ns_5s_14_1_1_U3374                                         |      |        | mul_ln132_203    | mul       | auto                     | 0       |
|    select_ln132_172_fu_5126_p3                                     |      |        | select_ln132_172 | select    | auto_sel                 | 0       |
|    mul_7ns_8s_15_1_1_U3375                                         |      |        | mul_ln132_108    | mul       | auto                     | 0       |
|    grp_fu_6906_p2                                                  |      |        | select_ln132_171 | select    | auto_sel                 | 0       |
|    mul_8s_7ns_15_1_1_U3376                                         |      |        | mul_ln132_109    | mul       | auto                     | 0       |
|    mul_7s_7ns_13_1_1_U3377                                         |      |        | mul_ln132_110    | mul       | auto                     | 0       |
|    mul_7s_7ns_13_1_1_U3378                                         |      |        | mul_ln132_111    | mul       | auto                     | 0       |
|    mul_8s_7ns_15_1_1_U3321                                         |      |        | mul_ln132_112    | mul       | auto                     | 0       |
|    mul_7ns_5s_13_1_1_U3396                                         |      |        | mul_ln132_204    | mul       | auto                     | 0       |
|    mul_7ns_6ns_13_1_1_U3397                                        |      |        | mul_ln132_205    | mul       | auto                     | 0       |
|    select_ln132_175_fu_5590_p3                                     |      |        | select_ln132_175 | select    | auto_sel                 | 0       |
|    mac_muladd_7ns_6s_15s_15_4_1_U3445                              | 1    |        | mul_ln132_114    | mul       | dsp_slice                | 3       |
|    mac_muladd_7ns_6s_15s_15_4_1_U3445                              | 1    |        | sext_ln132_65    | sext      | dsp_slice                | 3       |
|    mac_muladd_7s_7ns_14s_15_4_1_U3410                              | 1    |        | mul_ln132_115    | mul       | dsp_slice                | 3       |
|    mac_muladd_7s_7ns_14s_15_4_1_U3410                              | 1    |        | sext_ln132_66    | sext      | dsp_slice                | 3       |
|    mac_muladd_7ns_4s_15s_15_4_1_U3446                              | 1    |        | mul_ln132_116    | mul       | dsp_slice                | 3       |
|    mac_muladd_7ns_4s_15s_15_4_1_U3446                              | 1    |        | sext_ln132_67    | sext      | dsp_slice                | 3       |
|    sub_ln132_7_fu_4343_p2                                          |      |        | sub_ln132_7      | sub       | fabric                   | 0       |
|    select_ln132_173_fu_4349_p3                                     |      |        | select_ln132_173 | select    | auto_sel                 | 0       |
|    mac_muladd_8s_7ns_13ns_16_4_1_U3411                             | 1    |        | mul_ln132_118    | mul       | dsp_slice                | 3       |
|    mac_muladd_8s_7ns_13ns_16_4_1_U3411                             | 1    |        | sext_ln132_69    | sext      | dsp_slice                | 3       |
|    mac_muladd_7s_7ns_16s_16_4_1_U3447                              | 1    |        | mul_ln132_119    | mul       | dsp_slice                | 3       |
|    mac_muladd_7s_7ns_16s_16_4_1_U3447                              | 1    |        | sext_ln132_70    | sext      | dsp_slice                | 3       |
|    mul_7ns_7ns_13_1_1_U3322                                        |      |        | mul_ln132_120    | mul       | auto                     | 0       |
|    select_ln132_174_fu_4375_p3                                     |      |        | select_ln132_174 | select    | auto_sel                 | 0       |
|    mul_7s_7ns_13_1_1_U3323                                         |      |        | mul_ln132_121    | mul       | auto                     | 0       |
|    mul_7ns_6s_14_1_1_U3379                                         |      |        | mul_ln132_206    | mul       | auto                     | 0       |
|    mul_7ns_7s_14_1_1_U3380                                         |      |        | mul_ln132_207    | mul       | auto                     | 0       |
|    select_ln132_177_fu_5169_p3                                     |      |        | select_ln132_177 | select    | auto_sel                 | 0       |
|    mul_6s_7ns_13_1_1_U3324                                         |      |        | mul_ln132_123    | mul       | auto                     | 0       |
|    sub_ln132_8_fu_5202_p2                                          |      |        | sub_ln132_8      | sub       | fabric                   | 0       |
|    select_ln132_176_fu_5211_p3                                     |      |        | select_ln132_176 | select    | auto_sel                 | 0       |
|    mul_7ns_7ns_14_1_1_U3325                                        |      |        | mul_ln132_208    | mul       | auto                     | 0       |
|    mul_7ns_7s_14_1_1_U3326                                         |      |        | mul_ln132_209    | mul       | auto                     | 0       |
|    select_ln132_179_fu_4414_p3                                     |      |        | select_ln132_179 | select    | auto_sel                 | 0       |
|    mac_muladd_7ns_6s_14ns_16_4_1_U3448                             | 1    |        | mul_ln132_126    | mul       | dsp_slice                | 3       |
|    mac_muladd_7ns_6s_14ns_16_4_1_U3448                             | 1    |        | sext_ln132_76    | sext      | dsp_slice                | 3       |
|    mac_muladd_7s_7ns_16s_16_4_1_U3479                              | 1    |        | mul_ln132_127    | mul       | dsp_slice                | 3       |
|    mac_muladd_7s_7ns_16s_16_4_1_U3479                              | 1    |        | sext_ln132_77    | sext      | dsp_slice                | 3       |
|    mul_7ns_8ns_14_1_1_U3381                                        |      |        | mul_ln132_128    | mul       | auto                     | 0       |
|    select_ln132_178_fu_5230_p3                                     |      |        | select_ln132_178 | select    | auto_sel                 | 0       |
|    mul_8s_7ns_15_1_1_U3327                                         |      |        | mul_ln132_129    | mul       | auto                     | 0       |
|    mac_muladd_7s_7ns_15s_16_4_1_U3449                              | 1    |        | mul_ln132_130    | mul       | dsp_slice                | 3       |
|    mac_muladd_7s_7ns_15s_16_4_1_U3449                              | 1    |        | sext_ln132_79    | sext      | dsp_slice                | 3       |
|    mac_muladd_8s_7ns_16s_16_4_1_U3480                              | 1    |        | mul_ln132_131    | mul       | dsp_slice                | 3       |
|    mac_muladd_8s_7ns_16s_16_4_1_U3480                              | 1    |        | sext_ln132_80    | sext      | dsp_slice                | 3       |
|    mul_7ns_8s_15_1_1_U3382                                         |      |        | mul_ln132_210    | mul       | auto                     | 0       |
|    mul_7ns_2s_15_1_1_U3383                                         |      |        | mul_ln132_211    | mul       | auto                     | 0       |
|    select_ln132_180_fu_5254_p3                                     |      |        | select_ln132_180 | select    | auto_sel                 | 0       |
|    mul_7ns_7s_14_1_1_U3384                                         |      |        | mul_ln132_212    | mul       | auto                     | 0       |
|    mul_7ns_2s_14_1_1_U3385                                         |      |        | mul_ln132_213    | mul       | auto                     | 0       |
|    select_ln132_182_fu_5271_p3                                     |      |        | select_ln132_182 | select    | auto_sel                 | 0       |
|    mul_8s_7ns_14_1_1_U3386                                         |      |        | mul_ln132_134    | mul       | auto                     | 0       |
|    mac_muladd_7ns_6s_14s_14_4_1_U3412                              | 1    |        | mul_ln132_135    | mul       | dsp_slice                | 3       |
|    mac_muladd_7ns_6s_14s_14_4_1_U3412                              | 1    |        | sext_ln132_82    | sext      | dsp_slice                | 3       |
|    mul_7s_7ns_14_1_1_U3328                                         |      |        | mul_ln132_136    | mul       | auto                     | 0       |
|    mac_muladd_7s_7ns_14s_15_4_1_U3450                              | 1    |        | mul_ln132_137    | mul       | dsp_slice                | 3       |
|    mac_muladd_7s_7ns_14s_15_4_1_U3450                              | 1    |        | sext_ln132_83    | sext      | dsp_slice                | 3       |
|    mac_muladd_7ns_6s_15s_15_4_1_U3451                              | 1    |        | mul_ln132_138    | mul       | dsp_slice                | 3       |
|    mac_muladd_7ns_6s_15s_15_4_1_U3451                              | 1    |        | sext_ln132_84    | sext      | dsp_slice                | 3       |
|    mul_8s_7ns_15_1_1_U3329                                         |      |        | mul_ln132_139    | mul       | auto                     | 0       |
|    mac_muladd_7s_7ns_15s_16_4_1_U3481                              | 1    |        | mul_ln132_140    | mul       | dsp_slice                | 3       |
|    mac_muladd_7s_7ns_15s_16_4_1_U3481                              | 1    |        | sext_ln132_85    | sext      | dsp_slice                | 3       |
|    mul_8s_7ns_15_1_1_U3330                                         |      |        | mul_ln132_141    | mul       | auto                     | 0       |
|    mac_muladd_7s_7ns_15s_16_4_1_U3452                              | 1    |        | mul_ln132_142    | mul       | dsp_slice                | 3       |
|    mac_muladd_7s_7ns_15s_16_4_1_U3452                              | 1    |        | sext_ln132_87    | sext      | dsp_slice                | 3       |
|    mac_muladd_7s_7ns_16s_16_4_1_U3482                              | 1    |        | mul_ln132_143    | mul       | dsp_slice                | 3       |
|    mac_muladd_7s_7ns_16s_16_4_1_U3482                              | 1    |        | sext_ln132_88    | sext      | dsp_slice                | 3       |
|    mul_8s_7ns_15_1_1_U3331                                         |      |        | mul_ln132_144    | mul       | auto                     | 0       |
|    mac_muladd_8s_7ns_15s_16_4_1_U3453                              | 1    |        | mul_ln132_145    | mul       | dsp_slice                | 3       |
|    mac_muladd_8s_7ns_15s_16_4_1_U3453                              | 1    |        | sext_ln132_90    | sext      | dsp_slice                | 3       |
|    sub_ln132_fu_5607_p2                                            |      |        | sub_ln132        | sub       | fabric                   | 0       |
|    mul_7ns_6ns_12_1_1_U3398                                        |      |        | mul_ln132_146    | mul       | auto                     | 0       |
|    select_ln132_181_fu_5625_p3                                     |      |        | select_ln132_181 | select    | auto_sel                 | 0       |
|    mul_8s_7ns_15_1_1_U3387                                         |      |        | mul_ln132_147    | mul       | auto                     | 0       |
|    mul_7s_7ns_13_1_1_U3388                                         |      |        | mul_ln132_148    | mul       | auto                     | 0       |
|    mac_muladd_8s_7ns_15s_16_4_1_U3483                              | 1    |        | mul_ln132_149    | mul       | dsp_slice                | 3       |
|    mac_muladd_8s_7ns_15s_16_4_1_U3483                              | 1    |        | sext_ln132_93    | sext      | dsp_slice                | 3       |
|    mul_6s_7ns_13_1_1_U3332                                         |      |        | mul_ln132_150    | mul       | auto                     | 0       |
|    mul_7s_7ns_13_1_1_U3333                                         |      |        | mul_ln132_151    | mul       | auto                     | 0       |
|    mac_muladd_8s_7ns_14s_15_4_1_U3454                              | 1    |        | mul_ln132_152    | mul       | dsp_slice                | 3       |
|    mul_5s_7ns_11_1_1_U3334                                         |      |        | mul_ln132_153    | mul       | auto                     | 0       |
|    mul_6s_7ns_12_1_1_U3335                                         |      |        | mul_ln132_154    | mul       | auto                     | 0       |
|    mul_7ns_7s_14_1_1_U3389                                         |      |        | mul_ln132_214    | mul       | auto                     | 0       |
|    mul_7ns_7ns_14_1_1_U3390                                        |      |        | mul_ln132_215    | mul       | auto                     | 0       |
|    select_ln132_183_fu_5309_p3                                     |      |        | select_ln132_183 | select    | auto_sel                 | 0       |
|    mul_7s_7ns_14_1_1_U3336                                         |      |        | mul_ln132_156    | mul       | auto                     | 0       |
|    mac_muladd_7ns_5ns_14s_14_4_1_U3413                             | 1    |        | mul_ln132_157    | mul       | dsp_slice                | 3       |
|    mac_muladd_7ns_5ns_14s_14_4_1_U3413                             | 1    |        | zext_ln132_230   | zext      | dsp_slice                | 3       |
|    mac_muladd_8s_7ns_14s_15_4_1_U3455                              | 1    |        | mul_ln132_158    | mul       | dsp_slice                | 3       |
|    mac_muladd_7ns_6s_14s_15_4_1_U3414                              | 1    |        | mul_ln132_159    | mul       | dsp_slice                | 3       |
|    mac_muladd_7ns_6s_14s_15_4_1_U3414                              | 1    |        | sext_ln132_96    | sext      | dsp_slice                | 3       |
|    mul_7s_7ns_14_1_1_U3337                                         |      |        | mul_ln132_160    | mul       | auto                     | 0       |
|    mac_muladd_7s_7ns_15s_16_4_1_U3456                              | 1    |        | mul_ln132_161    | mul       | dsp_slice                | 3       |
|    mac_muladd_7s_7ns_15s_16_4_1_U3456                              | 1    |        | sext_ln132_98    | sext      | dsp_slice                | 3       |
|    mac_muladd_8s_7ns_14s_15_4_1_U3415                              | 1    |        | mul_ln132_162    | mul       | dsp_slice                | 3       |
|    mul_7ns_7ns_14_1_1_U3338                                        |      |        | mul_ln132_216    | mul       | auto                     | 0       |
|    mul_7ns_4s_14_1_1_U3339                                         |      |        | mul_ln132_217    | mul       | auto                     | 0       |
|    select_ln132_185_fu_4506_p3                                     |      |        | select_ln132_185 | select    | auto_sel                 | 0       |
|    mac_muladd_8s_7ns_15s_16_4_1_U3457                              | 1    |        | mul_ln132_164    | mul       | dsp_slice                | 3       |
|    mac_muladd_8s_7ns_15s_16_4_1_U3457                              | 1    |        | sext_ln132_100   | sext      | dsp_slice                | 3       |
|    mul_7s_7ns_13_1_1_U3340                                         |      |        | mul_ln132_165    | mul       | auto                     | 0       |
|    mul_8s_7ns_14_1_1_U3341                                         |      |        | mul_ln132_166    | mul       | auto                     | 0       |
|    mac_muladd_8s_7ns_14ns_16_4_1_U3458                             | 1    |        | mul_ln132_167    | mul       | dsp_slice                | 3       |
|    mac_muladd_8s_7ns_14ns_16_4_1_U3458                             | 1    |        | sext_ln132_101   | sext      | dsp_slice                | 3       |
|    mul_7ns_7ns_13_1_1_U3342                                        |      |        | mul_ln132_168    | mul       | auto                     | 0       |
|    select_ln132_184_fu_4543_p3                                     |      |        | select_ln132_184 | select    | auto_sel                 | 0       |
|    mac_muladd_8s_7ns_13ns_16_4_1_U3416                             | 1    |        | mul_ln132_169    | mul       | dsp_slice                | 3       |
|    mac_muladd_8s_7ns_13ns_16_4_1_U3416                             | 1    |        | sext_ln132_102   | sext      | dsp_slice                | 3       |
|    mac_muladd_7s_7ns_16s_16_4_1_U3459                              | 1    |        | mul_ln132_170    | mul       | dsp_slice                | 3       |
|    mac_muladd_7s_7ns_16s_16_4_1_U3459                              | 1    |        | sext_ln132_103   | sext      | dsp_slice                | 3       |
|    mul_7ns_7s_14_1_1_U3343                                         |      |        | mul_ln132_218    | mul       | auto                     | 0       |
|    mul_7ns_5s_14_1_1_U3344                                         |      |        | mul_ln132_219    | mul       | auto                     | 0       |
|    select_ln132_187_fu_4564_p3                                     |      |        | select_ln132_187 | select    | auto_sel                 | 0       |
|    mul_7ns_6ns_12_1_1_U3345                                        |      |        | mul_ln132_172    | mul       | auto                     | 0       |
|    select_ln132_186_fu_4587_p3                                     |      |        | select_ln132_186 | select    | auto_sel                 | 0       |
|    mac_muladd_7s_7ns_14s_15_4_1_U3460                              | 1    |        | mul_ln132_173    | mul       | dsp_slice                | 3       |
|    mac_muladd_7s_7ns_14s_15_4_1_U3460                              | 1    |        | sext_ln132_104   | sext      | dsp_slice                | 3       |
|    mul_7s_7ns_13_1_1_U3346                                         |      |        | mul_ln132_174    | mul       | auto                     | 0       |
|    mul_7s_7ns_13_1_1_U3347                                         |      |        | mul_ln132_175    | mul       | auto                     | 0       |
|    mac_muladd_7ns_5s_14ns_15_4_1_U3461                             | 1    |        | mul_ln132_176    | mul       | dsp_slice                | 3       |
|    mac_muladd_7ns_5s_14ns_15_4_1_U3461                             | 1    |        | sext_ln132_105   | sext      | dsp_slice                | 3       |
|    mul_7s_7ns_14_1_1_U3348                                         |      |        | mul_ln132_177    | mul       | auto                     | 0       |
|    mac_muladd_7ns_6s_14s_15_4_1_U3417                              | 1    |        | mul_ln132_178    | mul       | dsp_slice                | 3       |
|    mac_muladd_7ns_6s_14s_15_4_1_U3417                              | 1    |        | sext_ln132_107   | sext      | dsp_slice                | 3       |
|    mac_muladd_8s_7ns_15s_16_4_1_U3462                              | 1    |        | mul_ln132_179    | mul       | dsp_slice                | 3       |
|    mac_muladd_8s_7ns_15s_16_4_1_U3462                              | 1    |        | sext_ln132_108   | sext      | dsp_slice                | 3       |
|    mac_muladd_8s_7ns_12s_15_4_1_U3463                              | 1    |        | mul_ln132_180    | mul       | dsp_slice                | 3       |
|    sub_ln132_9_fu_5331_p2                                          |      |        | sub_ln132_9      | sub       | fabric                   | 0       |
|    mac_muladd_7ns_6s_15s_15_4_1_U3484                              | 1    |        | mul_ln132_182    | mul       | dsp_slice                | 3       |
|    mac_muladd_7ns_6s_15s_15_4_1_U3484                              | 1    |        | sext_ln132_110   | sext      | dsp_slice                | 3       |
|    mul_8s_7ns_15_1_1_U3349                                         |      |        | mul_ln132_183    | mul       | auto                     | 0       |
|    mac_muladd_7s_7ns_15s_15_4_1_U3464                              | 1    |        | mul_ln132_184    | mul       | dsp_slice                | 3       |
|    mac_muladd_7s_7ns_15s_15_4_1_U3464                              | 1    |        | sext_ln132_111   | sext      | dsp_slice                | 3       |
|    mac_muladd_8s_7ns_15s_16_4_1_U3485                              | 1    |        | mul_ln132_185    | mul       | dsp_slice                | 3       |
|    mac_muladd_8s_7ns_15s_16_4_1_U3485                              | 1    |        | sext_ln132_112   | sext      | dsp_slice                | 3       |
|    mac_muladd_7ns_6s_15s_15_4_1_U3465                              | 1    |        | mul_ln132_186    | mul       | dsp_slice                | 3       |
|    mac_muladd_7ns_6s_15s_15_4_1_U3465                              | 1    |        | sext_ln132_113   | sext      | dsp_slice                | 3       |
|    mul_8s_7ns_15_1_1_U3350                                         |      |        | mul_ln132_187    | mul       | auto                     | 0       |
|    mul_6s_7ns_12_1_1_U3391                                         |      |        | mul_ln132_188    | mul       | auto                     | 0       |
|    ama_addmuladd_7ns_7ns_7s_15s_16_4_1_U3418                       | 1    |        | tmp_cast         | add       | dsp_slice                | 3       |
|    ama_addmuladd_7ns_7ns_7s_15s_16_4_1_U3418                       | 1    |        | tmp_cast_cast    | zext      | dsp_slice                | 3       |
|    ama_addmuladd_7ns_7ns_7s_15s_16_4_1_U3418                       | 1    |        | tmp1             | mul       | dsp_slice                | 3       |
|    ama_addmuladd_7ns_7ns_7s_15s_16_4_1_U3418                       | 1    |        | sext_ln132_114   | sext      | dsp_slice                | 3       |
|    mul_ln132_189_fu_4642_p00                                       |      |        | select_ln132_188 | select    | auto_sel                 | 0       |
|    mul_8s_7ns_14_1_1_U3351                                         |      |        | mul_ln132_189    | mul       | auto                     | 0       |
|    mac_muladd_7ns_6s_14ns_16_4_1_U3448                             | 1    |        | add_ln132        | add       | dsp_slice                | 3       |
|    mac_muladd_7s_7ns_16s_16_4_1_U3479                              | 1    |        | add_ln132_1      | add       | dsp_slice                | 3       |
|    mac_muladd_7s_7ns_15s_16_4_1_U3449                              | 1    |        | add_ln132_2      | add       | dsp_slice                | 3       |
|    mac_muladd_8s_7ns_16s_16_4_1_U3480                              | 1    |        | add_ln132_3      | add       | dsp_slice                | 3       |
|    mac_muladd_7ns_6s_14s_14_4_1_U3412                              | 1    |        | add_ln132_5      | add       | dsp_slice                | 3       |
|    mac_muladd_7s_7ns_14s_15_4_1_U3450                              | 1    |        | add_ln132_6      | add       | dsp_slice                | 3       |
|    add_ln132_9_fu_5660_p2                                          |      |        | add_ln132_9      | add       | fabric                   | 0       |
|    add_ln132_11_fu_5666_p2                                         |      |        | add_ln132_11     | add       | fabric                   | 0       |
|    mac_muladd_8s_7ns_15s_16_4_1_U3483                              | 1    |        | add_ln132_12     | add       | dsp_slice                | 3       |
|    mac_muladd_8s_7ns_15s_16_4_1_U3453                              | 1    |        | add_ln132_13     | add       | dsp_slice                | 3       |
|    add_ln132_14_fu_5675_p2                                         |      |        | add_ln132_14     | add       | fabric                   | 0       |
|    add_ln132_15_fu_6048_p2                                         |      |        | add_ln132_15     | add       | fabric                   | 0       |
|    mac_muladd_7s_7ns_15s_16_4_1_U3452                              | 1    |        | add_ln132_16     | add       | dsp_slice                | 3       |
|    mac_muladd_7s_7ns_16s_16_4_1_U3482                              | 1    |        | add_ln132_17     | add       | dsp_slice                | 3       |
|    mac_muladd_7ns_6s_15s_15_4_1_U3451                              | 1    |        | add_ln132_18     | add       | dsp_slice                | 3       |
|    mac_muladd_7s_7ns_15s_16_4_1_U3481                              | 1    |        | add_ln132_19     | add       | dsp_slice                | 3       |
|    add_ln132_20_fu_6064_p2                                         |      |        | add_ln132_20     | add       | fabric                   | 0       |
|    add_ln132_21_fu_6074_p2                                         |      |        | add_ln132_21     | add       | fabric                   | 0       |
|    add_ln132_23_fu_4647_p2                                         |      |        | add_ln132_23     | add       | fabric                   | 0       |
|    mac_muladd_7s_7ns_14s_15_4_1_U3460                              | 1    |        | add_ln132_24     | add       | dsp_slice                | 3       |
|    mac_muladd_8s_7ns_13ns_16_4_1_U3416                             | 1    |        | add_ln132_25     | add       | dsp_slice                | 3       |
|    mac_muladd_7s_7ns_16s_16_4_1_U3459                              | 1    |        | add_ln132_26     | add       | dsp_slice                | 3       |
|    add_ln132_27_fu_5686_p2                                         |      |        | add_ln132_27     | add       | fabric                   | 0       |
|    add_ln132_28_fu_4653_p2                                         |      |        | add_ln132_28     | add       | fabric                   | 0       |
|    mac_muladd_8s_7ns_14ns_16_4_1_U3458                             | 1    |        | add_ln132_29     | add       | dsp_slice                | 3       |
|    mac_muladd_8s_7ns_14s_15_4_1_U3415                              | 1    |        | add_ln132_30     | add       | dsp_slice                | 3       |
|    mac_muladd_8s_7ns_15s_16_4_1_U3457                              | 1    |        | add_ln132_31     | add       | dsp_slice                | 3       |
|    add_ln132_32_fu_5697_p2                                         |      |        | add_ln132_32     | add       | fabric                   | 0       |
|    mac_muladd_7ns_6s_14s_15_4_1_U3414                              | 1    |        | add_ln132_34     | add       | dsp_slice                | 3       |
|    mac_muladd_7s_7ns_15s_16_4_1_U3456                              | 1    |        | add_ln132_35     | add       | dsp_slice                | 3       |
|    mac_muladd_7ns_5ns_14s_14_4_1_U3413                             | 1    |        | add_ln132_36     | add       | dsp_slice                | 3       |
|    mac_muladd_8s_7ns_14s_15_4_1_U3455                              | 1    |        | add_ln132_37     | add       | dsp_slice                | 3       |
|    add_ln132_38_fu_5706_p2                                         |      |        | add_ln132_38     | add       | fabric                   | 0       |
|    add_ln132_39_fu_4659_p2                                         |      |        | add_ln132_39     | add       | fabric                   | 0       |
|    add_ln132_40_fu_5366_p2                                         |      |        | add_ln132_40     | add       | fabric                   | 0       |
|    add_ln132_41_fu_4665_p2                                         |      |        | add_ln132_41     | add       | fabric                   | 0       |
|    mac_muladd_8s_7ns_14s_15_4_1_U3454                              | 1    |        | add_ln132_42     | add       | dsp_slice                | 3       |
|    add_ln132_43_fu_5721_p2                                         |      |        | add_ln132_43     | add       | fabric                   | 0       |
|    add_ln132_44_fu_5731_p2                                         |      |        | add_ln132_44     | add       | fabric                   | 0       |
|    add_ln132_47_fu_4671_p2                                         |      |        | add_ln132_47     | add       | fabric                   | 0       |
|    mac_muladd_8s_7ns_14s_15_4_1_U3426                              | 1    |        | add_ln132_48     | add       | dsp_slice                | 3       |
|    mac_muladd_7ns_6s_13s_14_4_1_U3401                              | 1    |        | add_ln132_49     | add       | dsp_slice                | 3       |
|    add_ln132_50_fu_5381_p2                                         |      |        | add_ln132_50     | add       | fabric                   | 0       |
|    add_ln132_51_fu_5743_p2                                         |      |        | add_ln132_51     | add       | fabric                   | 0       |
|    mac_muladd_8s_7ns_14s_16_4_1_U3425                              | 1    |        | add_ln132_52     | add       | dsp_slice                | 3       |
|    mac_muladd_7s_7ns_16s_16_4_1_U3471                              | 1    |        | add_ln132_53     | add       | dsp_slice                | 3       |
|    mac_muladd_7ns_6s_15s_15_4_1_U3424                              | 1    |        | add_ln132_54     | add       | dsp_slice                | 3       |
|    mac_muladd_8s_7ns_15s_16_4_1_U3470                              | 1    |        | add_ln132_55     | add       | dsp_slice                | 3       |
|    mac_muladd_7ns_6s_15s_15_4_1_U3400                              | 1    |        | add_ln132_58     | add       | dsp_slice                | 3       |
|    mac_muladd_7ns_6s_15s_15_4_1_U3423                              | 1    |        | add_ln132_59     | add       | dsp_slice                | 3       |
|    mac_muladd_7ns_6s_13s_14_4_1_U3399                              | 1    |        | add_ln132_60     | add       | dsp_slice                | 3       |
|    mac_muladd_7s_7ns_14s_15_4_1_U3422                              | 1    |        | add_ln132_61     | add       | dsp_slice                | 3       |
|    add_ln132_62_fu_5758_p2                                         |      |        | add_ln132_62     | add       | fabric                   | 0       |
|    add_ln132_63_fu_5390_p2                                         |      |        | add_ln132_63     | add       | fabric                   | 0       |
|    mac_muladd_8s_7ns_14s_16_4_1_U3469                              | 1    |        | add_ln132_64     | add       | dsp_slice                | 3       |
|    mac_muladd_8s_7ns_15s_15_4_1_U3421                              | 1    |        | add_ln132_65     | add       | dsp_slice                | 3       |
|    mac_muladd_8s_7ns_15s_16_4_1_U3468                              | 1    |        | add_ln132_66     | add       | dsp_slice                | 3       |
|    add_ln132_69_fu_6369_p2                                         |      |        | add_ln132_69     | add       | fabric                   | 0       |
|    mac_muladd_7ns_5s_15s_15_4_1_U3420                              | 1    |        | add_ln132_70     | add       | dsp_slice                | 3       |
|    mac_muladd_7s_7ns_15s_16_4_1_U3467                              | 1    |        | add_ln132_71     | add       | dsp_slice                | 3       |
|    mac_muladd_7ns_5s_15s_15_4_1_U3419                              | 1    |        | add_ln132_72     | add       | dsp_slice                | 3       |
|    mac_muladd_7s_7ns_15s_15_4_1_U3466                              | 1    |        | add_ln132_73     | add       | dsp_slice                | 3       |
|    add_ln132_74_fu_6146_p2                                         |      |        | add_ln132_74     | add       | fabric                   | 0       |
|    mac_muladd_7ns_6s_15s_15_4_1_U3465                              | 1    |        | add_ln132_77     | add       | dsp_slice                | 3       |
|    add_ln132_78_fu_5788_p2                                         |      |        | add_ln132_78     | add       | fabric                   | 0       |
|    add_ln132_79_fu_5797_p2                                         |      |        | add_ln132_79     | add       | fabric                   | 0       |
|    add_ln132_80_fu_6158_p2                                         |      |        | add_ln132_80     | add       | fabric                   | 0       |
|    mac_muladd_7s_7ns_15s_15_4_1_U3464                              | 1    |        | add_ln132_81     | add       | dsp_slice                | 3       |
|    mac_muladd_8s_7ns_15s_16_4_1_U3485                              | 1    |        | add_ln132_82     | add       | dsp_slice                | 3       |
|    mac_muladd_8s_7ns_12s_15_4_1_U3463                              | 1    |        | add_ln132_83     | add       | dsp_slice                | 3       |
|    mac_muladd_7ns_6s_15s_15_4_1_U3484                              | 1    |        | add_ln132_84     | add       | dsp_slice                | 3       |
|    mac_muladd_7ns_6s_14s_15_4_1_U3417                              | 1    |        | add_ln132_86     | add       | dsp_slice                | 3       |
|    mac_muladd_8s_7ns_15s_16_4_1_U3462                              | 1    |        | add_ln132_87     | add       | dsp_slice                | 3       |
|    add_ln132_88_fu_4677_p2                                         |      |        | add_ln132_88     | add       | fabric                   | 0       |
|    mac_muladd_7ns_5s_14ns_15_4_1_U3461                             | 1    |        | add_ln132_89     | add       | dsp_slice                | 3       |
|    add_ln132_90_fu_5809_p2                                         |      |        | add_ln132_90     | add       | fabric                   | 0       |
|    add_ln132_92_fu_6385_p2                                         |      |        | add_ln132_92     | add       | fabric                   | 0       |
|    add_ln132_93_fu_6395_p2                                         |      |        | add_ln132_93     | add       | fabric                   | 0       |
|    add_ln132_191_fu_6405_p2                                        |      |        | add_ln132_191    | add       | fabric                   | 0       |
|    add_ln132_94_fu_6411_p2                                         |      |        | add_ln132_94     | add       | fabric                   | 0       |
|    add_ln132_97_fu_4683_p2                                         |      |        | add_ln132_97     | add       | fabric                   | 0       |
|    add_ln132_98_fu_5417_p2                                         |      |        | add_ln132_98     | add       | fabric                   | 0       |
|    add_ln132_99_fu_5820_p2                                         |      |        | add_ln132_99     | add       | fabric                   | 0       |
|    mac_muladd_8s_7ns_13ns_16_4_1_U3411                             | 1    |        | add_ln132_100    | add       | dsp_slice                | 3       |
|    mac_muladd_7s_7ns_16s_16_4_1_U3447                              | 1    |        | add_ln132_101    | add       | dsp_slice                | 3       |
|    mac_muladd_7s_7ns_14s_15_4_1_U3410                              | 1    |        | add_ln132_102    | add       | dsp_slice                | 3       |
|    mac_muladd_7ns_4s_15s_15_4_1_U3446                              | 1    |        | add_ln132_103    | add       | dsp_slice                | 3       |
|    mac_muladd_7ns_6s_15s_15_4_1_U3445                              | 1    |        | add_ln132_106    | add       | dsp_slice                | 3       |
|    add_ln132_107_fu_5848_p2                                        |      |        | add_ln132_107    | add       | fabric                   | 0       |
|    mac_muladd_7s_7ns_15s_15_4_1_U3444                              | 1    |        | add_ln132_111    | add       | dsp_slice                | 3       |
|    mac_muladd_7ns_4s_15s_15_4_1_U3409                              | 1    |        | add_ln132_113    | add       | dsp_slice                | 3       |
|    add_ln132_114_fu_5426_p2                                        |      |        | add_ln132_114    | add       | fabric                   | 0       |
|    add_ln132_117_fu_6213_p2                                        |      |        | add_ln132_117    | add       | fabric                   | 0       |
|    add_ln132_118_fu_4689_p2                                        |      |        | add_ln132_118    | add       | fabric                   | 0       |
|    mac_muladd_7ns_6s_14ns_15_4_1_U3443                             | 1    |        | add_ln132_119    | add       | dsp_slice                | 3       |
|    mac_muladd_7ns_6s_15s_15_4_1_U3408                              | 1    |        | add_ln132_120    | add       | dsp_slice                | 3       |
|    mac_muladd_7s_7ns_15s_16_4_1_U3442                              | 1    |        | add_ln132_121    | add       | dsp_slice                | 3       |
|    add_ln132_122_fu_5882_p2                                        |      |        | add_ln132_122    | add       | fabric                   | 0       |
|    mac_muladd_8s_7ns_15s_16_4_1_U3407                              | 1    |        | add_ln132_123    | add       | dsp_slice                | 3       |
|    add_ln132_125_fu_4695_p2                                        |      |        | add_ln132_125    | add       | fabric                   | 0       |
|    add_ln132_126_fu_5450_p2                                        |      |        | add_ln132_126    | add       | fabric                   | 0       |
|    add_ln132_128_fu_5894_p2                                        |      |        | add_ln132_128    | add       | fabric                   | 0       |
|    mac_muladd_7ns_5s_15s_15_4_1_U3406                              | 1    |        | add_ln132_129    | add       | dsp_slice                | 3       |
|    mac_muladd_8s_7ns_15s_16_4_1_U3441                              | 1    |        | add_ln132_130    | add       | dsp_slice                | 3       |
|    mac_muladd_7ns_6s_15s_16_4_1_U3440                              | 1    |        | add_ln132_131    | add       | dsp_slice                | 3       |
|    grp_fu_6866_p2                                                  |      |        | add_ln132_134    | add       | fabric                   | 0       |
|    mac_muladd_7ns_6s_15s_15_4_1_U3439                              | 1    |        | add_ln132_135    | add       | dsp_slice                | 3       |
|    add_ln132_136_fu_4701_p2                                        |      |        | add_ln132_136    | add       | fabric                   | 0       |
|    mac_muladd_8s_7ns_15ns_16_4_1_U3438                             | 1    |        | add_ln132_137    | add       | dsp_slice                | 3       |
|    add_ln132_138_fu_5921_p2                                        |      |        | add_ln132_138    | add       | fabric                   | 0       |
|    add_ln132_139_fu_6228_p2                                        |      |        | add_ln132_139    | add       | fabric                   | 0       |
|    add_ln132_140_fu_6238_p2                                        |      |        | add_ln132_140    | add       | fabric                   | 0       |
|    mac_muladd_7ns_6s_14s_15_4_1_U3405                              | 1    |        | add_ln132_142    | add       | dsp_slice                | 3       |
|    mac_muladd_7s_7ns_15s_15_4_1_U3437                              | 1    |        | add_ln132_143    | add       | dsp_slice                | 3       |
|    mac_muladd_7ns_6s_15s_16_4_1_U3436                              | 1    |        | add_ln132_144    | add       | dsp_slice                | 3       |
|    add_ln132_147_fu_5940_p2                                        |      |        | add_ln132_147    | add       | fabric                   | 0       |
|    mac_muladd_8s_7ns_16s_17_4_1_U3478                              | 1    |        | add_ln132_148    | add       | dsp_slice                | 3       |
|    add_ln132_149_fu_5950_p2                                        |      |        | add_ln132_149    | add       | fabric                   | 0       |
|    add_ln132_150_fu_6250_p2                                        |      |        | add_ln132_150    | add       | fabric                   | 0       |
|    add_ln132_151_fu_6260_p2                                        |      |        | add_ln132_151    | add       | fabric                   | 0       |
|    add_ln132_152_fu_6269_p2                                        |      |        | add_ln132_152    | add       | fabric                   | 0       |
|    ama_addmuladd_7ns_7ns_7s_15s_16_4_1_U3418                       | 1    |        | add_ln132_155    | add       | dsp_slice                | 3       |
|    mac_muladd_7s_7ns_16s_16_4_1_U3435                              | 1    |        | add_ln132_156    | add       | dsp_slice                | 3       |
|    add_ln132_157_fu_5971_p2                                        |      |        | add_ln132_157    | add       | fabric                   | 0       |
|    add_ln132_158_fu_5976_p2                                        |      |        | add_ln132_158    | add       | fabric                   | 0       |
|    mac_muladd_8s_7ns_15s_16_4_1_U3477                              | 1    |        | add_ln132_159    | add       | dsp_slice                | 3       |
|    mac_muladd_7s_7ns_15s_15_4_1_U3434                              | 1    |        | add_ln132_160    | add       | dsp_slice                | 3       |
|    mac_muladd_7ns_6s_15s_15_4_1_U3476                              | 1    |        | add_ln132_161    | add       | dsp_slice                | 3       |
|    add_ln132_162_fu_6284_p2                                        |      |        | add_ln132_162    | add       | fabric                   | 0       |
|    add_ln132_163_fu_6294_p2                                        |      |        | add_ln132_163    | add       | fabric                   | 0       |
|    add_ln132_165_fu_5477_p2                                        |      |        | add_ln132_165    | add       | fabric                   | 0       |
|    mac_muladd_7s_7ns_14s_15_4_1_U3475                              | 1    |        | add_ln132_166    | add       | dsp_slice                | 3       |
|    mac_muladd_8s_7ns_15s_15_4_1_U3433                              | 1    |        | add_ln132_167    | add       | dsp_slice                | 3       |
|    mac_muladd_7s_7ns_15s_16_4_1_U3474                              | 1    |        | add_ln132_168    | add       | dsp_slice                | 3       |
|    mac_muladd_7s_7ns_12s_14_4_1_U3404                              | 1    |        | add_ln132_170    | add       | dsp_slice                | 3       |
|    mac_muladd_8s_7ns_14s_15_4_1_U3432                              | 1    |        | add_ln132_171    | add       | dsp_slice                | 3       |
|    mac_muladd_7s_7ns_13ns_14_4_1_U3403                             | 1    |        | add_ln132_172    | add       | dsp_slice                | 3       |
|    mac_muladd_7s_7ns_14s_15_4_1_U3431                              | 1    |        | add_ln132_173    | add       | dsp_slice                | 3       |
|    add_ln132_174_fu_5997_p2                                        |      |        | add_ln132_174    | add       | fabric                   | 0       |
|    mac_muladd_7ns_3s_15s_15_4_1_U3430                              | 1    |        | add_ln132_176    | add       | dsp_slice                | 3       |
|    mac_muladd_7s_7ns_15s_15_4_1_U3473                              | 1    |        | add_ln132_177    | add       | dsp_slice                | 3       |
|    mac_muladd_8s_7ns_15s_16_4_1_U3429                              | 1    |        | add_ln132_178    | add       | dsp_slice                | 3       |
|    mac_muladd_8s_7ns_16s_17_4_1_U3472                              | 1    |        | add_ln132_179    | add       | dsp_slice                | 3       |
|    mac_muladd_7ns_6s_14s_15_4_1_U3402                              | 1    |        | add_ln132_181    | add       | dsp_slice                | 3       |
|    mac_muladd_7ns_5s_15s_15_4_1_U3428                              | 1    |        | add_ln132_182    | add       | dsp_slice                | 3       |
|    add_ln132_183_fu_4707_p2                                        |      |        | add_ln132_183    | add       | fabric                   | 0       |
|    mac_muladd_8s_7ns_14ns_15_4_1_U3427                             | 1    |        | add_ln132_184    | add       | dsp_slice                | 3       |
|    add_ln132_185_fu_6012_p2                                        |      |        | add_ln132_185    | add       | fabric                   | 0       |
|    add_ln132_187_fu_6439_p2                                        |      |        | add_ln132_187    | add       | fabric                   | 0       |
|    add_ln7_fu_6487_p2                                              |      |        | add_ln7          | add       | fabric                   | 0       |
|    acc_fu_6492_p2                                                  |      |        | acc              | add       | fabric                   | 0       |
|    icmp_ln5_fu_6508_p2                                             |      |        | icmp_ln5         | setgt     | auto                     | 0       |
|    icmp_ln6_fu_6513_p2                                             |      |        | icmp_ln6         | setlt     | auto                     | 0       |
|    select_ln5_1_fu_6518_p3                                         |      |        | select_ln5_1     | select    | auto_sel                 | 0       |
|    or_ln5_fu_6526_p2                                               |      |        | or_ln5           | or        | auto                     | 0       |
|    select_ln5_fu_6532_p3                                           |      |        | select_ln5       | select    | auto_sel                 | 0       |
+--------------------------------------------------------------------+------+--------+------------------+-----------+--------------------------+---------+


================================================================
== Storage Report
================================================================
+------------------------------------------------+--------------+-----------+------+------+--------+--------+-----------------------+------+---------+------------------+
| Name                                           | Usage        | Type      | BRAM | URAM | CE_REG | Pragma | Variable              | Impl | Latency | Bitwidth, Depth, |
|                                                |              |           |      |      |        |        |                       |      |         | Banks            |
+------------------------------------------------+--------------+-----------+------+------+--------+--------+-----------------------+------+---------+------------------+
| + tiny_ecg_inference                           |              |           | 3    | 0    |        |        |                       |      |         |                  |
|   CTRL_s_axi_U                                 | interface    | s_axilite |      |      |        |        |                       |      |         |                  |
|   control_s_axi_U                              | interface    | s_axilite |      |      |        |        |                       |      |         |                  |
|   DATA_IN_m_axi_U                              | interface    | m_axi     | 2    |      |        |        |                       |      |         |                  |
|   DATA_OUT_m_axi_U                             | interface    | m_axi     |      |      |        |        |                       |      |         |                  |
|   buffer_c3_U                                  | ram_1p array |           |      |      | N      |        | buffer_c3             | auto | 1       | 7, 16, 1         |
|   buffer_c3_1_U                                | ram_1p array |           |      |      | N      |        | buffer_c3_1           | auto | 1       | 7, 16, 1         |
|   buffer_c3_2_U                                | ram_1p array |           |      |      | N      |        | buffer_c3_2           | auto | 1       | 7, 16, 1         |
|   buffer_c3_3_U                                | ram_1p array |           |      |      | N      |        | buffer_c3_3           | auto | 1       | 7, 16, 1         |
|   buffer_c3_4_U                                | ram_1p array |           |      |      | N      |        | buffer_c3_4           | auto | 1       | 7, 16, 1         |
|   buffer_c3_5_U                                | ram_1p array |           |      |      | N      |        | buffer_c3_5           | auto | 1       | 7, 16, 1         |
|   buffer_c3_6_U                                | ram_1p array |           |      |      | N      |        | buffer_c3_6           | auto | 1       | 7, 16, 1         |
|   buffer_c3_7_U                                | ram_1p array |           |      |      | N      |        | buffer_c3_7           | auto | 1       | 7, 16, 1         |
|   buffer_c3_8_U                                | ram_1p array |           |      |      | N      |        | buffer_c3_8           | auto | 1       | 7, 16, 1         |
|   buffer_c3_9_U                                | ram_1p array |           |      |      | N      |        | buffer_c3_9           | auto | 1       | 7, 16, 1         |
|   buffer_c3_10_U                               | ram_1p array |           |      |      | N      |        | buffer_c3_10          | auto | 1       | 7, 16, 1         |
|   buffer_c3_11_U                               | ram_1p array |           |      |      | N      |        | buffer_c3_11          | auto | 1       | 7, 16, 1         |
|   flatten_U                                    | ram_2p array |           | 1    |      | N      |        | flatten               | auto | 1       | 7, 192, 1        |
|  + tiny_ecg_inference_Pipeline_VITIS_LOOP_33_1 |              |           | 0    | 0    |        |        |                       |      |         |                  |
|    conv1_bias_U                                | rom_1p       |           |      |      | N      |        | conv1_bias            | auto | 1       | 13, 8, 1         |
|    p_ZL12conv1_weight_0_U                      | rom_1p       |           |      |      | N      |        | p_ZL12conv1_weight_0  | auto | 1       | 8, 8, 1          |
|    p_ZL12conv1_weight_1_U                      | rom_1p       |           |      |      | N      |        | p_ZL12conv1_weight_1  | auto | 1       | 8, 8, 1          |
|    p_ZL12conv1_weight_2_U                      | rom_1p       |           |      |      | N      |        | p_ZL12conv1_weight_2  | auto | 1       | 8, 8, 1          |
|    p_ZL12conv1_weight_3_U                      | rom_1p       |           |      |      | N      |        | p_ZL12conv1_weight_3  | auto | 1       | 8, 8, 1          |
|    p_ZL12conv1_weight_4_U                      | rom_1p       |           |      |      | N      |        | p_ZL12conv1_weight_4  | auto | 1       | 8, 8, 1          |
|  + tiny_ecg_inference_Pipeline_VITIS_LOOP_59_4 |              |           | 0    | 0    |        |        |                       |      |         |                  |
|    conv2_bias_U                                | rom_1p       |           |      |      | N      |        | conv2_bias            | auto | 1       | 15, 16, 1        |
|    p_ZL12conv2_weight_0_U                      | rom_2p       |           |      |      | N      |        | p_ZL12conv2_weight_0  | auto | 1       | 8, 32, 1         |
|    p_ZL12conv2_weight_1_U                      | rom_2p       |           |      |      | N      |        | p_ZL12conv2_weight_1  | auto | 1       | 8, 32, 1         |
|    p_ZL12conv2_weight_2_U                      | rom_2p       |           |      |      | N      |        | p_ZL12conv2_weight_2  | auto | 1       | 8, 32, 1         |
|    p_ZL12conv2_weight_3_U                      | rom_2p       |           |      |      | N      |        | p_ZL12conv2_weight_3  | auto | 1       | 8, 32, 1         |
|    p_ZL12conv2_weight_4_U                      | rom_2p       |           |      |      | N      |        | p_ZL12conv2_weight_4  | auto | 1       | 8, 32, 1         |
|    p_ZL12conv2_weight_5_U                      | rom_2p       |           |      |      | N      |        | p_ZL12conv2_weight_5  | auto | 1       | 8, 32, 1         |
|    p_ZL12conv2_weight_6_U                      | rom_2p       |           |      |      | N      |        | p_ZL12conv2_weight_6  | auto | 1       | 8, 32, 1         |
|    p_ZL12conv2_weight_7_U                      | rom_2p       |           |      |      | N      |        | p_ZL12conv2_weight_7  | auto | 1       | 8, 32, 1         |
|    p_ZL12conv2_weight_8_U                      | rom_2p       |           |      |      | N      |        | p_ZL12conv2_weight_8  | auto | 1       | 8, 32, 1         |
|    p_ZL12conv2_weight_9_U                      | rom_2p       |           |      |      | N      |        | p_ZL12conv2_weight_9  | auto | 1       | 8, 32, 1         |
|    p_ZL12conv2_weight_10_U                     | rom_2p       |           |      |      | N      |        | p_ZL12conv2_weight_10 | auto | 1       | 8, 32, 1         |
|    p_ZL12conv2_weight_11_U                     | rom_2p       |           |      |      | N      |        | p_ZL12conv2_weight_11 | auto | 1       | 8, 32, 1         |
|    p_ZL12conv2_weight_12_U                     | rom_2p       |           |      |      | N      |        | p_ZL12conv2_weight_12 | auto | 1       | 8, 32, 1         |
|    p_ZL12conv2_weight_13_U                     | rom_2p       |           |      |      | N      |        | p_ZL12conv2_weight_13 | auto | 1       | 8, 32, 1         |
|    p_ZL12conv2_weight_14_U                     | rom_2p       |           |      |      | N      |        | p_ZL12conv2_weight_14 | auto | 1       | 8, 32, 1         |
|    p_ZL12conv2_weight_15_U                     | rom_2p       |           |      |      | N      |        | p_ZL12conv2_weight_15 | auto | 1       | 8, 32, 1         |
|    p_ZL12conv2_weight_16_U                     | rom_2p       |           |      |      | N      |        | p_ZL12conv2_weight_16 | auto | 1       | 8, 32, 1         |
|    p_ZL12conv2_weight_17_U                     | rom_2p       |           |      |      | N      |        | p_ZL12conv2_weight_17 | auto | 1       | 8, 32, 1         |
|    p_ZL12conv2_weight_18_U                     | rom_2p       |           |      |      | N      |        | p_ZL12conv2_weight_18 | auto | 1       | 8, 32, 1         |
|    p_ZL12conv2_weight_19_U                     | rom_2p       |           |      |      | N      |        | p_ZL12conv2_weight_19 | auto | 1       | 8, 32, 1         |
|  + tiny_ecg_inference_Pipeline_VITIS_LOOP_88_8 |              |           | 0    | 0    |        |        |                       |      |         |                  |
|    conv3_bias_U                                | rom_1p       |           |      |      | N      |        | conv3_bias            | auto | 1       | 16, 16, 1        |
|    p_ZL12conv3_weight_0_U                      | rom_2p       |           |      |      | N      |        | p_ZL12conv3_weight_0  | auto | 1       | 8, 32, 1         |
|    p_ZL12conv3_weight_1_U                      | rom_2p       |           |      |      | N      |        | p_ZL12conv3_weight_1  | auto | 1       | 8, 32, 1         |
|    p_ZL12conv3_weight_2_U                      | rom_2p       |           |      |      | N      |        | p_ZL12conv3_weight_2  | auto | 1       | 8, 32, 1         |
|    p_ZL12conv3_weight_3_U                      | rom_2p       |           |      |      | N      |        | p_ZL12conv3_weight_3  | auto | 1       | 8, 32, 1         |
|    p_ZL12conv3_weight_4_U                      | rom_2p       |           |      |      | N      |        | p_ZL12conv3_weight_4  | auto | 1       | 8, 32, 1         |
|    p_ZL12conv3_weight_5_U                      | rom_2p       |           |      |      | N      |        | p_ZL12conv3_weight_5  | auto | 1       | 8, 32, 1         |
|    p_ZL12conv3_weight_6_U                      | rom_2p       |           |      |      | N      |        | p_ZL12conv3_weight_6  | auto | 1       | 8, 32, 1         |
|    p_ZL12conv3_weight_7_U                      | rom_2p       |           |      |      | N      |        | p_ZL12conv3_weight_7  | auto | 1       | 8, 32, 1         |
|    p_ZL12conv3_weight_8_U                      | rom_2p       |           |      |      | N      |        | p_ZL12conv3_weight_8  | auto | 1       | 8, 32, 1         |
|    p_ZL12conv3_weight_9_U                      | rom_2p       |           |      |      | N      |        | p_ZL12conv3_weight_9  | auto | 1       | 8, 32, 1         |
|    p_ZL12conv3_weight_10_U                     | rom_2p       |           |      |      | N      |        | p_ZL12conv3_weight_10 | auto | 1       | 8, 32, 1         |
|    p_ZL12conv3_weight_11_U                     | rom_2p       |           |      |      | N      |        | p_ZL12conv3_weight_11 | auto | 1       | 8, 32, 1         |
|    p_ZL12conv3_weight_12_U                     | rom_2p       |           |      |      | N      |        | p_ZL12conv3_weight_12 | auto | 1       | 8, 32, 1         |
|    p_ZL12conv3_weight_13_U                     | rom_2p       |           |      |      | N      |        | p_ZL12conv3_weight_13 | auto | 1       | 8, 32, 1         |
|    p_ZL12conv3_weight_14_U                     | rom_2p       |           |      |      | N      |        | p_ZL12conv3_weight_14 | auto | 1       | 8, 32, 1         |
|    p_ZL12conv3_weight_15_U                     | rom_2p       |           |      |      | N      |        | p_ZL12conv3_weight_15 | auto | 1       | 8, 32, 1         |
|    p_ZL12conv3_weight_16_U                     | rom_2p       |           |      |      | N      |        | p_ZL12conv3_weight_16 | auto | 1       | 8, 32, 1         |
|    p_ZL12conv3_weight_17_U                     | rom_2p       |           |      |      | N      |        | p_ZL12conv3_weight_17 | auto | 1       | 8, 32, 1         |
|    p_ZL12conv3_weight_18_U                     | rom_2p       |           |      |      | N      |        | p_ZL12conv3_weight_18 | auto | 1       | 8, 32, 1         |
|    p_ZL12conv3_weight_19_U                     | rom_2p       |           |      |      | N      |        | p_ZL12conv3_weight_19 | auto | 1       | 8, 32, 1         |
|    p_ZL12conv3_weight_20_U                     | rom_2p       |           |      |      | N      |        | p_ZL12conv3_weight_20 | auto | 1       | 8, 32, 1         |
|    p_ZL12conv3_weight_21_U                     | rom_2p       |           |      |      | N      |        | p_ZL12conv3_weight_21 | auto | 1       | 8, 32, 1         |
|    p_ZL12conv3_weight_22_U                     | rom_2p       |           |      |      | N      |        | p_ZL12conv3_weight_22 | auto | 1       | 8, 32, 1         |
|    p_ZL12conv3_weight_23_U                     | rom_2p       |           |      |      | N      |        | p_ZL12conv3_weight_23 | auto | 1       | 8, 32, 1         |
+------------------------------------------------+--------------+-----------+------+------+--------+--------+-----------------------+------+---------+------------------+


================================================================
== Pragma Report
================================================================
* Ignored Pragmas
+--------+---------+-----------------------------------------+-----------------+
| Type   | Options | Location                                | Messages        |
+--------+---------+-----------------------------------------+-----------------+
| UNROLL |         | in tiny_ecg_inference (cnn_hls.cpp:36)  | Not implemented |
| UNROLL |         | in tiny_ecg_inference (cnn_hls.cpp:40)  | Not implemented |
| UNROLL |         | in tiny_ecg_inference (cnn_hls.cpp:62)  | Not implemented |
| UNROLL |         | in tiny_ecg_inference (cnn_hls.cpp:66)  | Not implemented |
| UNROLL |         | in tiny_ecg_inference (cnn_hls.cpp:68)  | Not implemented |
| UNROLL |         | in tiny_ecg_inference (cnn_hls.cpp:91)  | Not implemented |
| UNROLL |         | in tiny_ecg_inference (cnn_hls.cpp:95)  | Not implemented |
| UNROLL |         | in tiny_ecg_inference (cnn_hls.cpp:97)  | Not implemented |
| UNROLL |         | in tiny_ecg_inference (cnn_hls.cpp:131) | Not implemented |
+--------+---------+-----------------------------------------+-----------------+

* Inferred Pragmas
+-----------------+---------------------------------------------------+-------------------------------------------------------------------------------------+------------------------------------------+
| Type            | Options                                           | Location                                                                            | Inferred From                            |
+-----------------+---------------------------------------------------+-------------------------------------------------------------------------------------+------------------------------------------+
| ARRAY_PARTITION | dim=1 type=cyclic factor=5 variable=conv1_weight  | variable conv1_weight in tiny_ecg_inference (weights.h:24)                          | pipeline cnn_hls.cpp:34                  |
| ARRAY_PARTITION | dim=1 type=cyclic factor=20 variable=conv2_weight | variable conv2_weight in tiny_ecg_inference (weights.h:46)                          | pipeline cnn_hls.cpp:60                  |
| ARRAY_PARTITION | dim=1 type=cyclic factor=24 variable=conv3_weight | variable conv3_weight in tiny_ecg_inference (weights.h:107)                         | pipeline cnn_hls.cpp:89                  |
| ARRAY_PARTITION | dim=2 type=complete variable=buffer_c3            | variable buffer_c3 in tiny_ecg_inference (cnn_hls.cpp:26)                           | pipeline cnn_hls.cpp:89                  |
| LOOP_FLATTEN    |                                                   | loop VITIS_LOOP_117_13 (cnn_hls.cpp:117:28) in tiny_ecg_inference (cnn_hls.cpp:117) | pipeline cnn_hls.cpp:118                 |
| ARRAY_PARTITION | dim=1 type=complete variable=fc_weight            | variable fc_weight in tiny_ecg_inference (weights.h:176)                            | pipeline cnn_hls.cpp:127                 |
| ARRAY_PARTITION | dim=1 type=complete variable=fc_bias              | variable fc_bias in tiny_ecg_inference (weights.h:204)                              | syn.array_partition.complete_threshold=4 |
+-----------------+---------------------------------------------------+-------------------------------------------------------------------------------------+------------------------------------------+

* Valid Pragma Syntax
+-----------------+-------------------------------------------------------+-----------------------------------------+
| Type            | Options                                               | Location                                |
+-----------------+-------------------------------------------------------+-----------------------------------------+
| INTERFACE       | s_axilite port=return bundle=CTRL                     | in tiny_ecg_inference (cnn_hls.cpp:16)  |
| INTERFACE       | m_axi port=input_ecg offset=slave bundle=DATA_IN      | in tiny_ecg_inference (cnn_hls.cpp:17)  |
| INTERFACE       | m_axi port=output_logits offset=slave bundle=DATA_OUT | in tiny_ecg_inference (cnn_hls.cpp:18)  |
| ARRAY_PARTITION | variable=buffer_c1 complete dim=1                     | in tiny_ecg_inference (cnn_hls.cpp:21)  |
| ARRAY_PARTITION | variable=buffer_c2 complete dim=1                     | in tiny_ecg_inference (cnn_hls.cpp:24)  |
| PIPELINE        | ii=1                                                  | in tiny_ecg_inference (cnn_hls.cpp:34)  |
| PIPELINE        | ii=1                                                  | in tiny_ecg_inference (cnn_hls.cpp:60)  |
| PIPELINE        | ii=1                                                  | in tiny_ecg_inference (cnn_hls.cpp:89)  |
| PIPELINE        | ii=1                                                  | in tiny_ecg_inference (cnn_hls.cpp:118) |
| PIPELINE        | ii=1                                                  | in tiny_ecg_inference (cnn_hls.cpp:127) |
+-----------------+-------------------------------------------------------+-----------------------------------------+


