

================================================================
== Vitis HLS Report for 'tiny_ecg_inference_Pipeline_VITIS_LOOP_126_14'
================================================================
* Date:           Sun Aug 30 00:11:09 2026

* Version:        2026.1 (Build 6493734 on Jun 16 2026)
* Project:        Cardiac_1D_CNN_HLS
* Solution:       solution1 (Vivado IP Flow Target)
* Product family: zynq
* Target device:  xc7z020-clg400-1


================================================================
== Performance Estimates
================================================================
+ Timing: 
    * Summary: 
    +--------+----------+----------+------------+
    |  Clock |  Target  | Estimated| Uncertainty|
    +--------+----------+----------+------------+
    |ap_clk  |  10.00 ns|  7.300 ns|     2.70 ns|
    +--------+----------+----------+------------+

+ Latency: 
    * Summary: 
    +---------+---------+----------+----------+-----+-----+-------------------+
    |  Latency (cycles) |  Latency (absolute) |  Interval |      Pipeline     |
    |   min   |   max   |    min   |    max   | min | max |        Type       |
    +---------+---------+----------+----------+-----+-----+-------------------+
    |       12|       12|  0.120 us|  0.120 us|    0|    0|  loop pipeline stp|
    +---------+---------+----------+----------+-----+-----+-------------------+

    + Detail: 
        * Instance: 
        N/A

        * Loop: 
        +---------------------+---------+---------+----------+-----------+-----------+------+----------+
        |                     |  Latency (cycles) | Iteration|  Initiation Interval  | Trip |          |
        |      Loop Name      |   min   |   max   |  Latency |  achieved |   target  | Count| Pipelined|
        +---------------------+---------+---------+----------+-----------+-----------+------+----------+
        |- VITIS_LOOP_126_14  |       10|       10|        10|          1|          1|     2|       yes|
        +---------------------+---------+---------+----------+-----------+-----------+------+----------+



================================================================
== Utilization Estimates
================================================================
* Summary: 
+-----------------+---------+-----+--------+-------+-----+
|       Name      | BRAM_18K| DSP |   FF   |  LUT  | URAM|
+-----------------+---------+-----+--------+-------+-----+
|DSP              |        -|   87|       -|      -|    -|
|Expression       |        -|    -|       0|   3811|    -|
|FIFO             |        -|    -|       -|      -|    -|
|Instance         |        -|    0|       0|   4048|    -|
|Memory           |        -|    -|       -|      -|    -|
|Multiplexer      |        -|    -|       0|     45|    -|
|Register         |        -|    -|    2982|     32|    -|
+-----------------+---------+-----+--------+-------+-----+
|Total            |        0|   87|    2982|   7936|    0|
+-----------------+---------+-----+--------+-------+-----+
|Available        |      280|  220|  106400|  53200|    0|
+-----------------+---------+-----+--------+-------+-----+
|Utilization (%)  |        0|   39|       2|     14|    0|
+-----------------+---------+-----+--------+-------+-----+

+ Detail: 
    * Instance: 
    +--------------------------+--------------------+---------+----+---+----+-----+
    |         Instance         |       Module       | BRAM_18K| DSP| FF| LUT| URAM|
    +--------------------------+--------------------+---------+----+---+----+-----+
    |mul_4s_7ns_10_1_1_U3318   |mul_4s_7ns_10_1_1   |        0|   0|  0|  33|    0|
    |mul_5s_7ns_11_1_1_U3334   |mul_5s_7ns_11_1_1   |        0|   0|  0|  33|    0|
    |mul_5s_7ns_11_1_1_U3352   |mul_5s_7ns_11_1_1   |        0|   0|  0|  33|    0|
    |mul_5s_7ns_11_1_1_U3360   |mul_5s_7ns_11_1_1   |        0|   0|  0|  33|    0|
    |mul_6s_7ns_12_1_1_U3310   |mul_6s_7ns_12_1_1   |        0|   0|  0|  33|    0|
    |mul_6s_7ns_12_1_1_U3315   |mul_6s_7ns_12_1_1   |        0|   0|  0|  33|    0|
    |mul_6s_7ns_12_1_1_U3335   |mul_6s_7ns_12_1_1   |        0|   0|  0|  33|    0|
    |mul_6s_7ns_12_1_1_U3364   |mul_6s_7ns_12_1_1   |        0|   0|  0|  33|    0|
    |mul_6s_7ns_12_1_1_U3391   |mul_6s_7ns_12_1_1   |        0|   0|  0|  33|    0|
    |mul_6s_7ns_12_1_1_U3392   |mul_6s_7ns_12_1_1   |        0|   0|  0|  33|    0|
    |mul_6s_7ns_13_1_1_U3295   |mul_6s_7ns_13_1_1   |        0|   0|  0|  33|    0|
    |mul_6s_7ns_13_1_1_U3297   |mul_6s_7ns_13_1_1   |        0|   0|  0|  33|    0|
    |mul_6s_7ns_13_1_1_U3324   |mul_6s_7ns_13_1_1   |        0|   0|  0|  33|    0|
    |mul_6s_7ns_13_1_1_U3332   |mul_6s_7ns_13_1_1   |        0|   0|  0|  33|    0|
    |mul_7ns_2s_13_1_1_U3354   |mul_7ns_2s_13_1_1   |        0|   0|  0|  33|    0|
    |mul_7ns_2s_14_1_1_U3385   |mul_7ns_2s_14_1_1   |        0|   0|  0|  33|    0|
    |mul_7ns_2s_15_1_1_U3356   |mul_7ns_2s_15_1_1   |        0|   0|  0|  33|    0|
    |mul_7ns_2s_15_1_1_U3383   |mul_7ns_2s_15_1_1   |        0|   0|  0|  33|    0|
    |mul_7ns_3s_12_1_1_U3366   |mul_7ns_3s_12_1_1   |        0|   0|  0|  33|    0|
    |mul_7ns_4s_14_1_1_U3339   |mul_7ns_4s_14_1_1   |        0|   0|  0|  33|    0|
    |mul_7ns_5ns_12_1_1_U3367  |mul_7ns_5ns_12_1_1  |        0|   0|  0|  33|    0|
    |mul_7ns_5s_13_1_1_U3396   |mul_7ns_5s_13_1_1   |        0|   0|  0|  33|    0|
    |mul_7ns_5s_14_1_1_U3344   |mul_7ns_5s_14_1_1   |        0|   0|  0|  33|    0|
    |mul_7ns_5s_14_1_1_U3374   |mul_7ns_5s_14_1_1   |        0|   0|  0|  33|    0|
    |mul_7ns_6ns_12_1_1_U3345  |mul_7ns_6ns_12_1_1  |        0|   0|  0|  33|    0|
    |mul_7ns_6ns_12_1_1_U3398  |mul_7ns_6ns_12_1_1  |        0|   0|  0|  33|    0|
    |mul_7ns_6ns_13_1_1_U3397  |mul_7ns_6ns_13_1_1  |        0|   0|  0|  33|    0|
    |mul_7ns_6s_13_1_1_U3355   |mul_7ns_6s_13_1_1   |        0|   0|  0|  33|    0|
    |mul_7ns_6s_14_1_1_U3362   |mul_7ns_6s_14_1_1   |        0|   0|  0|  33|    0|
    |mul_7ns_6s_14_1_1_U3379   |mul_7ns_6s_14_1_1   |        0|   0|  0|  33|    0|
    |mul_7ns_6s_14_1_1_U3394   |mul_7ns_6s_14_1_1   |        0|   0|  0|  33|    0|
    |mul_7ns_7ns_13_1_1_U3304  |mul_7ns_7ns_13_1_1  |        0|   0|  0|  33|    0|
    |mul_7ns_7ns_13_1_1_U3322  |mul_7ns_7ns_13_1_1  |        0|   0|  0|  33|    0|
    |mul_7ns_7ns_13_1_1_U3342  |mul_7ns_7ns_13_1_1  |        0|   0|  0|  33|    0|
    |mul_7ns_7ns_14_1_1_U3325  |mul_7ns_7ns_14_1_1  |        0|   0|  0|  33|    0|
    |mul_7ns_7ns_14_1_1_U3338  |mul_7ns_7ns_14_1_1  |        0|   0|  0|  33|    0|
    |mul_7ns_7ns_14_1_1_U3390  |mul_7ns_7ns_14_1_1  |        0|   0|  0|  33|    0|
    |mul_7ns_7ns_14_1_1_U3395  |mul_7ns_7ns_14_1_1  |        0|   0|  0|  33|    0|
    |mul_7ns_7s_14_1_1_U3326   |mul_7ns_7s_14_1_1   |        0|   0|  0|  33|    0|
    |mul_7ns_7s_14_1_1_U3343   |mul_7ns_7s_14_1_1   |        0|   0|  0|  33|    0|
    |mul_7ns_7s_14_1_1_U3361   |mul_7ns_7s_14_1_1   |        0|   0|  0|  33|    0|
    |mul_7ns_7s_14_1_1_U3373   |mul_7ns_7s_14_1_1   |        0|   0|  0|  33|    0|
    |mul_7ns_7s_14_1_1_U3380   |mul_7ns_7s_14_1_1   |        0|   0|  0|  33|    0|
    |mul_7ns_7s_14_1_1_U3384   |mul_7ns_7s_14_1_1   |        0|   0|  0|  33|    0|
    |mul_7ns_7s_14_1_1_U3389   |mul_7ns_7s_14_1_1   |        0|   0|  0|  33|    0|
    |mul_7ns_8ns_14_1_1_U3381  |mul_7ns_8ns_14_1_1  |        0|   0|  0|  41|    0|
    |mul_7ns_8ns_15_1_1_U3316  |mul_7ns_8ns_15_1_1  |        0|   0|  0|  41|    0|
    |mul_7ns_8s_15_1_1_U3317   |mul_7ns_8s_15_1_1   |        0|   0|  0|  41|    0|
    |mul_7ns_8s_15_1_1_U3357   |mul_7ns_8s_15_1_1   |        0|   0|  0|  41|    0|
    |mul_7ns_8s_15_1_1_U3375   |mul_7ns_8s_15_1_1   |        0|   0|  0|  41|    0|
    |mul_7ns_8s_15_1_1_U3382   |mul_7ns_8s_15_1_1   |        0|   0|  0|  41|    0|
    |mul_7s_7ns_13_1_1_U3299   |mul_7s_7ns_13_1_1   |        0|   0|  0|  33|    0|
    |mul_7s_7ns_13_1_1_U3300   |mul_7s_7ns_13_1_1   |        0|   0|  0|  33|    0|
    |mul_7s_7ns_13_1_1_U3308   |mul_7s_7ns_13_1_1   |        0|   0|  0|  33|    0|
    |mul_7s_7ns_13_1_1_U3323   |mul_7s_7ns_13_1_1   |        0|   0|  0|  33|    0|
    |mul_7s_7ns_13_1_1_U3333   |mul_7s_7ns_13_1_1   |        0|   0|  0|  33|    0|
    |mul_7s_7ns_13_1_1_U3340   |mul_7s_7ns_13_1_1   |        0|   0|  0|  33|    0|
    |mul_7s_7ns_13_1_1_U3346   |mul_7s_7ns_13_1_1   |        0|   0|  0|  33|    0|
    |mul_7s_7ns_13_1_1_U3347   |mul_7s_7ns_13_1_1   |        0|   0|  0|  33|    0|
    |mul_7s_7ns_13_1_1_U3359   |mul_7s_7ns_13_1_1   |        0|   0|  0|  33|    0|
    |mul_7s_7ns_13_1_1_U3365   |mul_7s_7ns_13_1_1   |        0|   0|  0|  33|    0|
    |mul_7s_7ns_13_1_1_U3370   |mul_7s_7ns_13_1_1   |        0|   0|  0|  33|    0|
    |mul_7s_7ns_13_1_1_U3377   |mul_7s_7ns_13_1_1   |        0|   0|  0|  33|    0|
    |mul_7s_7ns_13_1_1_U3378   |mul_7s_7ns_13_1_1   |        0|   0|  0|  33|    0|
    |mul_7s_7ns_13_1_1_U3388   |mul_7s_7ns_13_1_1   |        0|   0|  0|  33|    0|
    |mul_7s_7ns_14_1_1_U3298   |mul_7s_7ns_14_1_1   |        0|   0|  0|  33|    0|
    |mul_7s_7ns_14_1_1_U3301   |mul_7s_7ns_14_1_1   |        0|   0|  0|  33|    0|
    |mul_7s_7ns_14_1_1_U3313   |mul_7s_7ns_14_1_1   |        0|   0|  0|  33|    0|
    |mul_7s_7ns_14_1_1_U3328   |mul_7s_7ns_14_1_1   |        0|   0|  0|  33|    0|
    |mul_7s_7ns_14_1_1_U3336   |mul_7s_7ns_14_1_1   |        0|   0|  0|  33|    0|
    |mul_7s_7ns_14_1_1_U3337   |mul_7s_7ns_14_1_1   |        0|   0|  0|  33|    0|
    |mul_7s_7ns_14_1_1_U3348   |mul_7s_7ns_14_1_1   |        0|   0|  0|  33|    0|
    |mul_7s_7ns_14_1_1_U3358   |mul_7s_7ns_14_1_1   |        0|   0|  0|  33|    0|
    |mul_7s_7ns_14_1_1_U3368   |mul_7s_7ns_14_1_1   |        0|   0|  0|  33|    0|
    |mul_8s_7ns_14_1_1_U3309   |mul_8s_7ns_14_1_1   |        0|   0|  0|  41|    0|
    |mul_8s_7ns_14_1_1_U3314   |mul_8s_7ns_14_1_1   |        0|   0|  0|  41|    0|
    |mul_8s_7ns_14_1_1_U3319   |mul_8s_7ns_14_1_1   |        0|   0|  0|  41|    0|
    |mul_8s_7ns_14_1_1_U3320   |mul_8s_7ns_14_1_1   |        0|   0|  0|  41|    0|
    |mul_8s_7ns_14_1_1_U3341   |mul_8s_7ns_14_1_1   |        0|   0|  0|  41|    0|
    |mul_8s_7ns_14_1_1_U3351   |mul_8s_7ns_14_1_1   |        0|   0|  0|  41|    0|
    |mul_8s_7ns_14_1_1_U3371   |mul_8s_7ns_14_1_1   |        0|   0|  0|  41|    0|
    |mul_8s_7ns_14_1_1_U3372   |mul_8s_7ns_14_1_1   |        0|   0|  0|  41|    0|
    |mul_8s_7ns_14_1_1_U3386   |mul_8s_7ns_14_1_1   |        0|   0|  0|  41|    0|
    |mul_8s_7ns_14_1_1_U3393   |mul_8s_7ns_14_1_1   |        0|   0|  0|  41|    0|
    |mul_8s_7ns_15_1_1_U3287   |mul_8s_7ns_15_1_1   |        0|   0|  0|  41|    0|
    |mul_8s_7ns_15_1_1_U3288   |mul_8s_7ns_15_1_1   |        0|   0|  0|  41|    0|
    |mul_8s_7ns_15_1_1_U3289   |mul_8s_7ns_15_1_1   |        0|   0|  0|  41|    0|
    |mul_8s_7ns_15_1_1_U3290   |mul_8s_7ns_15_1_1   |        0|   0|  0|  41|    0|
    |mul_8s_7ns_15_1_1_U3291   |mul_8s_7ns_15_1_1   |        0|   0|  0|  41|    0|
    |mul_8s_7ns_15_1_1_U3292   |mul_8s_7ns_15_1_1   |        0|   0|  0|  41|    0|
    |mul_8s_7ns_15_1_1_U3293   |mul_8s_7ns_15_1_1   |        0|   0|  0|  41|    0|
    |mul_8s_7ns_15_1_1_U3294   |mul_8s_7ns_15_1_1   |        0|   0|  0|  41|    0|
    |mul_8s_7ns_15_1_1_U3296   |mul_8s_7ns_15_1_1   |        0|   0|  0|  41|    0|
    |mul_8s_7ns_15_1_1_U3302   |mul_8s_7ns_15_1_1   |        0|   0|  0|  41|    0|
    |mul_8s_7ns_15_1_1_U3303   |mul_8s_7ns_15_1_1   |        0|   0|  0|  41|    0|
    |mul_8s_7ns_15_1_1_U3305   |mul_8s_7ns_15_1_1   |        0|   0|  0|  41|    0|
    |mul_8s_7ns_15_1_1_U3306   |mul_8s_7ns_15_1_1   |        0|   0|  0|  41|    0|
    |mul_8s_7ns_15_1_1_U3307   |mul_8s_7ns_15_1_1   |        0|   0|  0|  41|    0|
    |mul_8s_7ns_15_1_1_U3311   |mul_8s_7ns_15_1_1   |        0|   0|  0|  41|    0|
    |mul_8s_7ns_15_1_1_U3312   |mul_8s_7ns_15_1_1   |        0|   0|  0|  41|    0|
    |mul_8s_7ns_15_1_1_U3321   |mul_8s_7ns_15_1_1   |        0|   0|  0|  41|    0|
    |mul_8s_7ns_15_1_1_U3327   |mul_8s_7ns_15_1_1   |        0|   0|  0|  41|    0|
    |mul_8s_7ns_15_1_1_U3329   |mul_8s_7ns_15_1_1   |        0|   0|  0|  41|    0|
    |mul_8s_7ns_15_1_1_U3330   |mul_8s_7ns_15_1_1   |        0|   0|  0|  41|    0|
    |mul_8s_7ns_15_1_1_U3331   |mul_8s_7ns_15_1_1   |        0|   0|  0|  41|    0|
    |mul_8s_7ns_15_1_1_U3349   |mul_8s_7ns_15_1_1   |        0|   0|  0|  41|    0|
    |mul_8s_7ns_15_1_1_U3350   |mul_8s_7ns_15_1_1   |        0|   0|  0|  41|    0|
    |mul_8s_7ns_15_1_1_U3353   |mul_8s_7ns_15_1_1   |        0|   0|  0|  41|    0|
    |mul_8s_7ns_15_1_1_U3363   |mul_8s_7ns_15_1_1   |        0|   0|  0|  41|    0|
    |mul_8s_7ns_15_1_1_U3369   |mul_8s_7ns_15_1_1   |        0|   0|  0|  41|    0|
    |mul_8s_7ns_15_1_1_U3376   |mul_8s_7ns_15_1_1   |        0|   0|  0|  41|    0|
    |mul_8s_7ns_15_1_1_U3387   |mul_8s_7ns_15_1_1   |        0|   0|  0|  41|    0|
    +--------------------------+--------------------+---------+----+---+----+-----+
    |Total                     |                    |        0|   0|  0|4048|    0|
    +--------------------------+--------------------+---------+----+---+----+-----+

    * DSP: 
    +-------------------------------------------+-------------------------------------+---------------------+
    |                  Instance                 |                Module               |      Expression     |
    +-------------------------------------------+-------------------------------------+---------------------+
    |ama_addmuladd_7ns_7ns_7s_15s_16_4_1_U3418  |ama_addmuladd_7ns_7ns_7s_15s_16_4_1  |  i0 + i1 * (i2 + i3)|
    |mac_muladd_7ns_3s_15s_15_4_1_U3430         |mac_muladd_7ns_3s_15s_15_4_1         |         i0 * i1 + i2|
    |mac_muladd_7ns_4s_15s_15_4_1_U3409         |mac_muladd_7ns_4s_15s_15_4_1         |         i0 + i1 * i2|
    |mac_muladd_7ns_4s_15s_15_4_1_U3446         |mac_muladd_7ns_4s_15s_15_4_1         |         i0 + i1 * i2|
    |mac_muladd_7ns_5ns_14s_14_4_1_U3413        |mac_muladd_7ns_5ns_14s_14_4_1        |         i0 + i1 * i2|
    |mac_muladd_7ns_5s_14ns_15_4_1_U3461        |mac_muladd_7ns_5s_14ns_15_4_1        |         i0 + i1 * i2|
    |mac_muladd_7ns_5s_15s_15_4_1_U3406         |mac_muladd_7ns_5s_15s_15_4_1         |         i0 * i1 + i2|
    |mac_muladd_7ns_5s_15s_15_4_1_U3419         |mac_muladd_7ns_5s_15s_15_4_1         |         i0 + i1 * i2|
    |mac_muladd_7ns_5s_15s_15_4_1_U3420         |mac_muladd_7ns_5s_15s_15_4_1         |         i0 + i1 * i2|
    |mac_muladd_7ns_5s_15s_15_4_1_U3428         |mac_muladd_7ns_5s_15s_15_4_1         |         i0 + i1 * i2|
    |mac_muladd_7ns_6s_13s_14_4_1_U3399         |mac_muladd_7ns_6s_13s_14_4_1         |         i0 + i1 * i2|
    |mac_muladd_7ns_6s_13s_14_4_1_U3401         |mac_muladd_7ns_6s_13s_14_4_1         |         i0 + i1 * i2|
    |mac_muladd_7ns_6s_14ns_15_4_1_U3443        |mac_muladd_7ns_6s_14ns_15_4_1        |         i0 + i1 * i2|
    |mac_muladd_7ns_6s_14ns_16_4_1_U3448        |mac_muladd_7ns_6s_14ns_16_4_1        |         i0 * i1 + i2|
    |mac_muladd_7ns_6s_14s_14_4_1_U3412         |mac_muladd_7ns_6s_14s_14_4_1         |         i0 * i1 + i2|
    |mac_muladd_7ns_6s_14s_15_4_1_U3402         |mac_muladd_7ns_6s_14s_15_4_1         |         i0 * i1 + i2|
    |mac_muladd_7ns_6s_14s_15_4_1_U3405         |mac_muladd_7ns_6s_14s_15_4_1         |         i0 + i1 * i2|
    |mac_muladd_7ns_6s_14s_15_4_1_U3414         |mac_muladd_7ns_6s_14s_15_4_1         |         i0 * i1 + i2|
    |mac_muladd_7ns_6s_14s_15_4_1_U3417         |mac_muladd_7ns_6s_14s_15_4_1         |         i0 + i1 * i2|
    |mac_muladd_7ns_6s_15s_15_4_1_U3400         |mac_muladd_7ns_6s_15s_15_4_1         |         i0 + i1 * i2|
    |mac_muladd_7ns_6s_15s_15_4_1_U3408         |mac_muladd_7ns_6s_15s_15_4_1         |         i0 * i1 + i2|
    |mac_muladd_7ns_6s_15s_15_4_1_U3423         |mac_muladd_7ns_6s_15s_15_4_1         |         i0 + i1 * i2|
    |mac_muladd_7ns_6s_15s_15_4_1_U3424         |mac_muladd_7ns_6s_15s_15_4_1         |         i0 + i1 * i2|
    |mac_muladd_7ns_6s_15s_15_4_1_U3439         |mac_muladd_7ns_6s_15s_15_4_1         |         i0 + i1 * i2|
    |mac_muladd_7ns_6s_15s_15_4_1_U3445         |mac_muladd_7ns_6s_15s_15_4_1         |         i0 * i1 + i2|
    |mac_muladd_7ns_6s_15s_15_4_1_U3451         |mac_muladd_7ns_6s_15s_15_4_1         |         i0 * i1 + i2|
    |mac_muladd_7ns_6s_15s_15_4_1_U3465         |mac_muladd_7ns_6s_15s_15_4_1         |         i0 * i1 + i2|
    |mac_muladd_7ns_6s_15s_15_4_1_U3476         |mac_muladd_7ns_6s_15s_15_4_1         |         i0 + i1 * i2|
    |mac_muladd_7ns_6s_15s_15_4_1_U3484         |mac_muladd_7ns_6s_15s_15_4_1         |         i0 + i1 * i2|
    |mac_muladd_7ns_6s_15s_16_4_1_U3436         |mac_muladd_7ns_6s_15s_16_4_1         |         i0 * i1 + i2|
    |mac_muladd_7ns_6s_15s_16_4_1_U3440         |mac_muladd_7ns_6s_15s_16_4_1         |         i0 * i1 + i2|
    |mac_muladd_7s_7ns_12s_14_4_1_U3404         |mac_muladd_7s_7ns_12s_14_4_1         |         i0 + i1 * i2|
    |mac_muladd_7s_7ns_13ns_14_4_1_U3403        |mac_muladd_7s_7ns_13ns_14_4_1        |         i0 * i1 + i2|
    |mac_muladd_7s_7ns_14s_15_4_1_U3410         |mac_muladd_7s_7ns_14s_15_4_1         |         i0 + i1 * i2|
    |mac_muladd_7s_7ns_14s_15_4_1_U3422         |mac_muladd_7s_7ns_14s_15_4_1         |         i0 + i1 * i2|
    |mac_muladd_7s_7ns_14s_15_4_1_U3431         |mac_muladd_7s_7ns_14s_15_4_1         |         i0 + i1 * i2|
    |mac_muladd_7s_7ns_14s_15_4_1_U3450         |mac_muladd_7s_7ns_14s_15_4_1         |         i0 + i1 * i2|
    |mac_muladd_7s_7ns_14s_15_4_1_U3460         |mac_muladd_7s_7ns_14s_15_4_1         |         i0 + i1 * i2|
    |mac_muladd_7s_7ns_14s_15_4_1_U3475         |mac_muladd_7s_7ns_14s_15_4_1         |         i0 + i1 * i2|
    |mac_muladd_7s_7ns_15s_15_4_1_U3434         |mac_muladd_7s_7ns_15s_15_4_1         |         i0 * i1 + i2|
    |mac_muladd_7s_7ns_15s_15_4_1_U3437         |mac_muladd_7s_7ns_15s_15_4_1         |         i0 + i1 * i2|
    |mac_muladd_7s_7ns_15s_15_4_1_U3444         |mac_muladd_7s_7ns_15s_15_4_1         |         i0 + i1 * i2|
    |mac_muladd_7s_7ns_15s_15_4_1_U3464         |mac_muladd_7s_7ns_15s_15_4_1         |         i0 + i1 * i2|
    |mac_muladd_7s_7ns_15s_15_4_1_U3466         |mac_muladd_7s_7ns_15s_15_4_1         |         i0 + i1 * i2|
    |mac_muladd_7s_7ns_15s_15_4_1_U3473         |mac_muladd_7s_7ns_15s_15_4_1         |         i0 + i1 * i2|
    |mac_muladd_7s_7ns_15s_16_4_1_U3442         |mac_muladd_7s_7ns_15s_16_4_1         |         i0 + i1 * i2|
    |mac_muladd_7s_7ns_15s_16_4_1_U3449         |mac_muladd_7s_7ns_15s_16_4_1         |         i0 + i1 * i2|
    |mac_muladd_7s_7ns_15s_16_4_1_U3452         |mac_muladd_7s_7ns_15s_16_4_1         |         i0 + i1 * i2|
    |mac_muladd_7s_7ns_15s_16_4_1_U3456         |mac_muladd_7s_7ns_15s_16_4_1         |         i0 + i1 * i2|
    |mac_muladd_7s_7ns_15s_16_4_1_U3467         |mac_muladd_7s_7ns_15s_16_4_1         |         i0 + i1 * i2|
    |mac_muladd_7s_7ns_15s_16_4_1_U3474         |mac_muladd_7s_7ns_15s_16_4_1         |         i0 + i1 * i2|
    |mac_muladd_7s_7ns_15s_16_4_1_U3481         |mac_muladd_7s_7ns_15s_16_4_1         |         i0 + i1 * i2|
    |mac_muladd_7s_7ns_16s_16_4_1_U3435         |mac_muladd_7s_7ns_16s_16_4_1         |         i0 + i1 * i2|
    |mac_muladd_7s_7ns_16s_16_4_1_U3447         |mac_muladd_7s_7ns_16s_16_4_1         |         i0 + i1 * i2|
    |mac_muladd_7s_7ns_16s_16_4_1_U3459         |mac_muladd_7s_7ns_16s_16_4_1         |         i0 + i1 * i2|
    |mac_muladd_7s_7ns_16s_16_4_1_U3471         |mac_muladd_7s_7ns_16s_16_4_1         |         i0 + i1 * i2|
    |mac_muladd_7s_7ns_16s_16_4_1_U3479         |mac_muladd_7s_7ns_16s_16_4_1         |         i0 + i1 * i2|
    |mac_muladd_7s_7ns_16s_16_4_1_U3482         |mac_muladd_7s_7ns_16s_16_4_1         |         i0 + i1 * i2|
    |mac_muladd_8s_7ns_12s_15_4_1_U3463         |mac_muladd_8s_7ns_12s_15_4_1         |         i0 * i1 + i2|
    |mac_muladd_8s_7ns_13ns_16_4_1_U3411        |mac_muladd_8s_7ns_13ns_16_4_1        |         i0 + i1 * i2|
    |mac_muladd_8s_7ns_13ns_16_4_1_U3416        |mac_muladd_8s_7ns_13ns_16_4_1        |         i0 + i1 * i2|
    |mac_muladd_8s_7ns_14ns_15_4_1_U3427        |mac_muladd_8s_7ns_14ns_15_4_1        |         i0 + i1 * i2|
    |mac_muladd_8s_7ns_14ns_16_4_1_U3458        |mac_muladd_8s_7ns_14ns_16_4_1        |         i0 + i1 * i2|
    |mac_muladd_8s_7ns_14s_15_4_1_U3415         |mac_muladd_8s_7ns_14s_15_4_1         |         i0 * i1 + i2|
    |mac_muladd_8s_7ns_14s_15_4_1_U3426         |mac_muladd_8s_7ns_14s_15_4_1         |         i0 + i1 * i2|
    |mac_muladd_8s_7ns_14s_15_4_1_U3432         |mac_muladd_8s_7ns_14s_15_4_1         |         i0 + i1 * i2|
    |mac_muladd_8s_7ns_14s_15_4_1_U3454         |mac_muladd_8s_7ns_14s_15_4_1         |         i0 + i1 * i2|
    |mac_muladd_8s_7ns_14s_15_4_1_U3455         |mac_muladd_8s_7ns_14s_15_4_1         |         i0 + i1 * i2|
    |mac_muladd_8s_7ns_14s_16_4_1_U3425         |mac_muladd_8s_7ns_14s_16_4_1         |         i0 * i1 + i2|
    |mac_muladd_8s_7ns_14s_16_4_1_U3469         |mac_muladd_8s_7ns_14s_16_4_1         |         i0 + i1 * i2|
    |mac_muladd_8s_7ns_15ns_16_4_1_U3438        |mac_muladd_8s_7ns_15ns_16_4_1        |         i0 + i1 * i2|
    |mac_muladd_8s_7ns_15s_15_4_1_U3421         |mac_muladd_8s_7ns_15s_15_4_1         |         i0 + i1 * i2|
    |mac_muladd_8s_7ns_15s_15_4_1_U3433         |mac_muladd_8s_7ns_15s_15_4_1         |         i0 + i1 * i2|
    |mac_muladd_8s_7ns_15s_16_4_1_U3407         |mac_muladd_8s_7ns_15s_16_4_1         |         i0 + i1 * i2|
    |mac_muladd_8s_7ns_15s_16_4_1_U3429         |mac_muladd_8s_7ns_15s_16_4_1         |         i0 + i1 * i2|
    |mac_muladd_8s_7ns_15s_16_4_1_U3441         |mac_muladd_8s_7ns_15s_16_4_1         |         i0 + i1 * i2|
    |mac_muladd_8s_7ns_15s_16_4_1_U3453         |mac_muladd_8s_7ns_15s_16_4_1         |         i0 + i1 * i2|
    |mac_muladd_8s_7ns_15s_16_4_1_U3457         |mac_muladd_8s_7ns_15s_16_4_1         |         i0 + i1 * i2|
    |mac_muladd_8s_7ns_15s_16_4_1_U3462         |mac_muladd_8s_7ns_15s_16_4_1         |         i0 + i1 * i2|
    |mac_muladd_8s_7ns_15s_16_4_1_U3468         |mac_muladd_8s_7ns_15s_16_4_1         |         i0 + i1 * i2|
    |mac_muladd_8s_7ns_15s_16_4_1_U3470         |mac_muladd_8s_7ns_15s_16_4_1         |         i0 + i1 * i2|
    |mac_muladd_8s_7ns_15s_16_4_1_U3477         |mac_muladd_8s_7ns_15s_16_4_1         |         i0 + i1 * i2|
    |mac_muladd_8s_7ns_15s_16_4_1_U3483         |mac_muladd_8s_7ns_15s_16_4_1         |         i0 + i1 * i2|
    |mac_muladd_8s_7ns_15s_16_4_1_U3485         |mac_muladd_8s_7ns_15s_16_4_1         |         i0 + i1 * i2|
    |mac_muladd_8s_7ns_16s_16_4_1_U3480         |mac_muladd_8s_7ns_16s_16_4_1         |         i0 + i1 * i2|
    |mac_muladd_8s_7ns_16s_17_4_1_U3472         |mac_muladd_8s_7ns_16s_17_4_1         |         i0 + i1 * i2|
    |mac_muladd_8s_7ns_16s_17_4_1_U3478         |mac_muladd_8s_7ns_16s_17_4_1         |         i0 + i1 * i2|
    +-------------------------------------------+-------------------------------------+---------------------+

    * Memory: 
    N/A

    * FIFO: 
    N/A

    * Expression: 
    +-----------------------------+----------+----+---+----+------------+------------+
    |        Variable Name        | Operation| DSP| FF| LUT| Bitwidth P0| Bitwidth P1|
    +-----------------------------+----------+----+---+----+------------+------------+
    |acc_fu_6492_p2               |         +|   0|  0|  28|          21|          21|
    |add_ln126_fu_2978_p2         |         +|   0|  0|  10|           2|           1|
    |add_ln132_104_fu_5836_p2     |         +|   0|  0|  17|          17|          17|
    |add_ln132_105_fu_5842_p2     |         +|   0|  0|  17|          17|          17|
    |add_ln132_107_fu_5848_p2     |         +|   0|  0|  20|          15|          15|
    |add_ln132_108_fu_5853_p2     |         +|   0|  0|  16|          16|          16|
    |add_ln132_109_fu_5859_p2     |         +|   0|  0|  16|          16|          16|
    |add_ln132_10_fu_6036_p2      |         +|   0|  0|  17|          17|          17|
    |add_ln132_110_fu_6194_p2     |         +|   0|  0|  17|          17|          17|
    |add_ln132_112_fu_5868_p2     |         +|   0|  0|  16|          16|          16|
    |add_ln132_114_fu_5426_p2     |         +|   0|  0|  23|          16|          16|
    |add_ln132_115_fu_5874_p2     |         +|   0|  0|  16|          16|          16|
    |add_ln132_116_fu_6203_p2     |         +|   0|  0|  17|          17|          17|
    |add_ln132_117_fu_6213_p2     |         +|   0|  0|  25|          18|          18|
    |add_ln132_118_fu_4689_p2     |         +|   0|  0|  17|          14|          14|
    |add_ln132_11_fu_5666_p2      |         +|   0|  0|  20|          15|          15|
    |add_ln132_122_fu_5882_p2     |         +|   0|  0|  23|          16|          16|
    |add_ln132_124_fu_5441_p2     |         +|   0|  0|  17|          17|          17|
    |add_ln132_125_fu_4695_p2     |         +|   0|  0|  20|          15|          15|
    |add_ln132_126_fu_5450_p2     |         +|   0|  0|  23|          16|          16|
    |add_ln132_127_fu_5460_p2     |         +|   0|  0|  17|          17|          17|
    |add_ln132_128_fu_5894_p2     |         +|   0|  0|  25|          18|          18|
    |add_ln132_132_fu_5906_p2     |         +|   0|  0|  17|          17|          17|
    |add_ln132_133_fu_5912_p2     |         +|   0|  0|  17|          17|          17|
    |add_ln132_136_fu_4701_p2     |         +|   0|  0|  20|          15|          15|
    |add_ln132_138_fu_5921_p2     |         +|   0|  0|  23|          16|          16|
    |add_ln132_139_fu_6228_p2     |         +|   0|  0|  25|          18|          18|
    |add_ln132_140_fu_6238_p2     |         +|   0|  0|  26|          19|          19|
    |add_ln132_141_fu_6464_p2     |         +|   0|  0|  20|          20|          20|
    |add_ln132_145_fu_5929_p2     |         +|   0|  0|  16|          16|          16|
    |add_ln132_146_fu_5934_p2     |         +|   0|  0|  16|          16|          16|
    |add_ln132_147_fu_5940_p2     |         +|   0|  0|  23|          16|          16|
    |add_ln132_149_fu_5950_p2     |         +|   0|  0|  20|          15|          15|
    |add_ln132_14_fu_5675_p2      |         +|   0|  0|  23|          16|          16|
    |add_ln132_150_fu_6250_p2     |         +|   0|  0|  23|          16|          16|
    |add_ln132_151_fu_6260_p2     |         +|   0|  0|  24|          17|          17|
    |add_ln132_152_fu_6269_p2     |         +|   0|  0|  25|          18|          18|
    |add_ln132_153_fu_5956_p2     |         +|   0|  0|  14|          14|          14|
    |add_ln132_154_fu_5961_p2     |         +|   0|  0|  14|          14|          14|
    |add_ln132_157_fu_5971_p2     |         +|   0|  0|  23|          16|          16|
    |add_ln132_158_fu_5976_p2     |         +|   0|  0|  20|          15|          15|
    |add_ln132_15_fu_6048_p2      |         +|   0|  0|  24|          17|          17|
    |add_ln132_162_fu_6284_p2     |         +|   0|  0|  24|          17|          17|
    |add_ln132_163_fu_6294_p2     |         +|   0|  0|  25|          18|          18|
    |add_ln132_164_fu_6427_p2     |         +|   0|  0|  19|          19|          19|
    |add_ln132_165_fu_5477_p2     |         +|   0|  0|  17|          14|          14|
    |add_ln132_169_fu_6306_p2     |         +|   0|  0|  17|          17|          17|
    |add_ln132_174_fu_5997_p2     |         +|   0|  0|  23|          16|          16|
    |add_ln132_175_fu_6315_p2     |         +|   0|  0|  17|          17|          17|
    |add_ln132_180_fu_6324_p2     |         +|   0|  0|  17|          17|          17|
    |add_ln132_183_fu_4707_p2     |         +|   0|  0|  17|          14|          14|
    |add_ln132_185_fu_6012_p2     |         +|   0|  0|  23|          16|          16|
    |add_ln132_186_fu_6332_p2     |         +|   0|  0|  17|          17|          17|
    |add_ln132_187_fu_6439_p2     |         +|   0|  0|  25|          18|          18|
    |add_ln132_188_fu_6449_p2     |         +|   0|  0|  19|          19|          19|
    |add_ln132_189_fu_6473_p2     |         +|   0|  0|  20|          20|          20|
    |add_ln132_191_fu_6405_p2     |         +|   0|  0|  26|          19|          19|
    |add_ln132_20_fu_6064_p2      |         +|   0|  0|  24|          17|          17|
    |add_ln132_21_fu_6074_p2      |         +|   0|  0|  25|          18|          18|
    |add_ln132_22_fu_6344_p2      |         +|   0|  0|  19|          19|          19|
    |add_ln132_23_fu_4647_p2      |         +|   0|  0|  17|          14|          14|
    |add_ln132_27_fu_5686_p2      |         +|   0|  0|  23|          16|          16|
    |add_ln132_28_fu_4653_p2      |         +|   0|  0|  17|          14|          14|
    |add_ln132_32_fu_5697_p2      |         +|   0|  0|  24|          17|          17|
    |add_ln132_33_fu_6086_p2      |         +|   0|  0|  18|          18|          18|
    |add_ln132_38_fu_5706_p2      |         +|   0|  0|  23|          16|          16|
    |add_ln132_39_fu_4659_p2      |         +|   0|  0|  14|          13|          13|
    |add_ln132_40_fu_5366_p2      |         +|   0|  0|  20|          15|          15|
    |add_ln132_41_fu_4665_p2      |         +|   0|  0|  17|          14|          14|
    |add_ln132_43_fu_5721_p2      |         +|   0|  0|  23|          16|          16|
    |add_ln132_44_fu_5731_p2      |         +|   0|  0|  24|          17|          17|
    |add_ln132_45_fu_6095_p2      |         +|   0|  0|  18|          18|          18|
    |add_ln132_46_fu_6353_p2      |         +|   0|  0|  19|          19|          19|
    |add_ln132_47_fu_4671_p2      |         +|   0|  0|  17|          14|          14|
    |add_ln132_4_fu_6027_p2       |         +|   0|  0|  17|          17|          17|
    |add_ln132_50_fu_5381_p2      |         +|   0|  0|  20|          15|          15|
    |add_ln132_51_fu_5743_p2      |         +|   0|  0|  23|          16|          16|
    |add_ln132_56_fu_6110_p2      |         +|   0|  0|  17|          17|          17|
    |add_ln132_57_fu_6116_p2      |         +|   0|  0|  17|          17|          17|
    |add_ln132_62_fu_5758_p2      |         +|   0|  0|  23|          16|          16|
    |add_ln132_63_fu_5390_p2      |         +|   0|  0|  17|          14|          14|
    |add_ln132_67_fu_6131_p2      |         +|   0|  0|  17|          17|          17|
    |add_ln132_68_fu_6137_p2      |         +|   0|  0|  17|          17|          17|
    |add_ln132_69_fu_6369_p2      |         +|   0|  0|  25|          18|          18|
    |add_ln132_74_fu_6146_p2      |         +|   0|  0|  23|          16|          16|
    |add_ln132_75_fu_5773_p2      |         +|   0|  0|  15|          15|          15|
    |add_ln132_76_fu_5778_p2      |         +|   0|  0|  15|          15|          15|
    |add_ln132_78_fu_5788_p2      |         +|   0|  0|  20|          15|          15|
    |add_ln132_79_fu_5797_p2      |         +|   0|  0|  23|          16|          16|
    |add_ln132_7_fu_5645_p2       |         +|   0|  0|  15|          15|          15|
    |add_ln132_80_fu_6158_p2      |         +|   0|  0|  24|          17|          17|
    |add_ln132_85_fu_6170_p2      |         +|   0|  0|  17|          17|          17|
    |add_ln132_88_fu_4677_p2      |         +|   0|  0|  17|          14|          14|
    |add_ln132_8_fu_5650_p2       |         +|   0|  0|  15|          15|          15|
    |add_ln132_90_fu_5809_p2      |         +|   0|  0|  23|          16|          16|
    |add_ln132_91_fu_6179_p2      |         +|   0|  0|  17|          17|          17|
    |add_ln132_92_fu_6385_p2      |         +|   0|  0|  25|          18|          18|
    |add_ln132_93_fu_6395_p2      |         +|   0|  0|  26|          19|          19|
    |add_ln132_94_fu_6411_p2      |         +|   0|  0|  27|          20|          20|
    |add_ln132_95_fu_5402_p2      |         +|   0|  0|  15|          15|          15|
    |add_ln132_96_fu_5408_p2      |         +|   0|  0|  15|          15|          15|
    |add_ln132_97_fu_4683_p2      |         +|   0|  0|  17|          14|          14|
    |add_ln132_98_fu_5417_p2      |         +|   0|  0|  20|          15|          15|
    |add_ln132_99_fu_5820_p2      |         +|   0|  0|  23|          16|          16|
    |add_ln132_9_fu_5660_p2       |         +|   0|  0|  23|          16|          16|
    |add_ln7_fu_6487_p2           |         +|   0|  0|  15|           8|           8|
    |grp_fu_6866_p2               |         +|   0|  0|  20|          15|          15|
    |sub_ln132_1_fu_4929_p2       |         -|   0|  0|  17|          14|          14|
    |sub_ln132_2_fu_4967_p2       |         -|   0|  0|  13|           1|          13|
    |sub_ln132_3_fu_4984_p2       |         -|   0|  0|  13|          13|          13|
    |sub_ln132_4_fu_4116_p2       |         -|   0|  0|  12|          11|          11|
    |sub_ln132_5_fu_4187_p2       |         -|   0|  0|  14|           1|          14|
    |sub_ln132_6_fu_4204_p2       |         -|   0|  0|  14|          14|          14|
    |sub_ln132_7_fu_4343_p2       |         -|   0|  0|  17|          14|          14|
    |sub_ln132_8_fu_5202_p2       |         -|   0|  0|  12|          11|          11|
    |sub_ln132_9_fu_5331_p2       |         -|   0|  0|  12|          12|          12|
    |sub_ln132_fu_5607_p2         |         -|   0|  0|  15|           1|           8|
    |ap_block_pp0_stage0_11001    |       and|   0|  0|   2|           1|           1|
    |icmp_ln126_fu_2972_p2        |      icmp|   0|  0|  11|           2|           3|
    |icmp_ln128_fu_2984_p2        |      icmp|   0|  0|  10|           2|           1|
    |icmp_ln5_fu_6508_p2          |      icmp|   0|  0|  17|          14|           1|
    |icmp_ln6_fu_6513_p2          |      icmp|   0|  0|  28|          21|           9|
    |or_ln5_fu_6526_p2            |        or|   0|  0|   2|           1|           1|
    |grp_fu_6545_p10              |    select|   0|  0|   6|           1|           5|
    |grp_fu_6554_p10              |    select|   0|  0|   5|           1|           5|
    |grp_fu_6561_p10              |    select|   0|  0|   6|           1|           6|
    |grp_fu_6570_p10              |    select|   0|  0|   6|           1|           6|
    |grp_fu_6578_p00              |    select|   0|  0|   7|           1|           5|
    |grp_fu_6587_p00              |    select|   0|  0|   7|           1|           7|
    |grp_fu_6596_p10              |    select|   0|  0|   6|           1|           6|
    |grp_fu_6604_p10              |    select|   0|  0|   4|           1|           4|
    |grp_fu_6612_p00              |    select|   0|  0|   7|           1|           7|
    |grp_fu_6621_p10              |    select|   0|  0|   6|           1|           6|
    |grp_fu_6629_p10              |    select|   0|  0|   4|           1|           3|
    |grp_fu_6637_p00              |    select|   0|  0|   7|           1|           7|
    |grp_fu_6645_p00              |    select|   0|  0|   8|           1|           7|
    |grp_fu_6653_p10              |    select|   0|  0|   6|           1|           6|
    |grp_fu_6671_p10              |    select|   0|  0|   6|           1|           6|
    |grp_fu_6680_p00              |    select|   0|  0|   8|           1|           7|
    |grp_fu_6689_p00              |    select|   0|  0|   8|           1|           8|
    |grp_fu_6697_p10              |    select|   0|  0|   6|           1|           4|
    |grp_fu_6706_p20              |    select|   0|  0|   6|           1|           6|
    |grp_fu_6716_p10              |    select|   0|  0|   5|           1|           4|
    |grp_fu_6722_p10              |    select|   0|  0|   5|           1|           5|
    |grp_fu_6722_p2               |    select|   0|  0|  15|           1|          15|
    |grp_fu_6730_p00              |    select|   0|  0|   7|           1|           7|
    |grp_fu_6737_p00              |    select|   0|  0|   7|           1|           4|
    |grp_fu_6745_p10              |    select|   0|  0|   6|           1|           6|
    |grp_fu_6753_p10              |    select|   0|  0|   6|           1|           6|
    |grp_fu_6760_p00              |    select|   0|  0|   8|           1|           7|
    |grp_fu_6767_p00              |    select|   0|  0|   7|           1|           7|
    |grp_fu_6775_p00              |    select|   0|  0|   8|           1|           6|
    |grp_fu_6783_p10              |    select|   0|  0|   5|           1|           4|
    |grp_fu_6791_p00              |    select|   0|  0|   8|           1|           8|
    |grp_fu_6799_p10              |    select|   0|  0|   3|           1|           3|
    |grp_fu_6805_p00              |    select|   0|  0|   7|           1|           6|
    |grp_fu_6813_p00              |    select|   0|  0|   8|           1|           7|
    |grp_fu_6821_p00              |    select|   0|  0|   8|           1|           8|
    |grp_fu_6828_p00              |    select|   0|  0|   7|           1|           7|
    |grp_fu_6834_p00              |    select|   0|  0|   7|           1|           7|
    |grp_fu_6842_p10              |    select|   0|  0|   6|           1|           6|
    |grp_fu_6850_p00              |    select|   0|  0|   7|           1|           5|
    |grp_fu_6858_p00              |    select|   0|  0|   8|           1|           2|
    |grp_fu_6866_p10              |    select|   0|  0|   6|           1|           6|
    |grp_fu_6874_p10              |    select|   0|  0|   5|           1|           5|
    |grp_fu_6882_p00              |    select|   0|  0|   7|           1|           7|
    |grp_fu_6890_p00              |    select|   0|  0|   7|           1|           7|
    |grp_fu_6898_p10              |    select|   0|  0|   6|           1|           6|
    |grp_fu_6906_p00              |    select|   0|  0|   7|           1|           6|
    |grp_fu_6906_p2               |    select|   0|  0|  15|           1|          15|
    |grp_fu_6914_p10              |    select|   0|  0|   6|           1|           6|
    |grp_fu_6921_p10              |    select|   0|  0|   4|           1|           4|
    |grp_fu_6929_p00              |    select|   0|  0|   7|           1|           7|
    |grp_fu_6937_p10              |    select|   0|  0|   6|           1|           6|
    |grp_fu_6944_p00              |    select|   0|  0|   7|           1|           7|
    |grp_fu_6951_p00              |    select|   0|  0|   7|           1|           7|
    |grp_fu_6959_p10              |    select|   0|  0|   5|           1|           5|
    |grp_fu_6966_p00              |    select|   0|  0|   7|           1|           7|
    |grp_fu_6973_p00              |    select|   0|  0|   8|           1|           8|
    |grp_fu_6981_p00              |    select|   0|  0|   7|           1|           7|
    |grp_fu_6989_p00              |    select|   0|  0|   7|           1|           7|
    |grp_fu_6997_p00              |    select|   0|  0|   7|           1|           4|
    |grp_fu_7005_p00              |    select|   0|  0|   7|           1|           6|
    |grp_fu_7013_p00              |    select|   0|  0|   8|           1|           8|
    |grp_fu_7021_p00              |    select|   0|  0|   7|           1|           7|
    |grp_fu_7029_p00              |    select|   0|  0|   7|           1|           6|
    |grp_fu_7045_p00              |    select|   0|  0|   8|           1|           5|
    |grp_fu_7053_p00              |    select|   0|  0|   7|           1|           7|
    |grp_fu_7060_p00              |    select|   0|  0|   7|           1|           5|
    |grp_fu_7067_p10              |    select|   0|  0|   5|           1|           5|
    |grp_fu_7074_p00              |    select|   0|  0|   7|           1|           7|
    |grp_fu_7082_p00              |    select|   0|  0|   6|           1|           6|
    |grp_fu_7090_p00              |    select|   0|  0|   8|           1|           6|
    |grp_fu_7098_p00              |    select|   0|  0|   8|           1|           6|
    |grp_fu_7106_p00              |    select|   0|  0|   8|           1|           8|
    |grp_fu_7114_p00              |    select|   0|  0|   7|           1|           5|
    |grp_fu_7122_p00              |    select|   0|  0|   8|           1|           8|
    |grp_fu_7130_p00              |    select|   0|  0|   7|           1|           3|
    |grp_fu_7138_p00              |    select|   0|  0|   7|           1|           7|
    |grp_fu_7146_p00              |    select|   0|  0|   7|           1|           5|
    |grp_fu_7154_p10              |    select|   0|  0|   6|           1|           6|
    |grp_fu_7162_p00              |    select|   0|  0|   8|           1|           7|
    |grp_fu_7170_p00              |    select|   0|  0|   8|           1|           7|
    |grp_fu_7178_p00              |    select|   0|  0|   7|           1|           7|
    |grp_fu_7186_p00              |    select|   0|  0|   7|           1|           7|
    |grp_fu_7194_p00              |    select|   0|  0|   7|           1|           7|
    |grp_fu_7202_p00              |    select|   0|  0|   6|           1|           3|
    |grp_fu_7210_p00              |    select|   0|  0|   8|           1|           7|
    |grp_fu_7218_p10              |    select|   0|  0|   6|           1|           5|
    |grp_fu_7226_p00              |    select|   0|  0|   8|           1|           7|
    |mul_ln132_100_fu_4297_p00    |    select|   0|  0|   3|           1|           2|
    |mul_ln132_102_fu_4306_p00    |    select|   0|  0|   7|           1|           7|
    |mul_ln132_104_fu_4311_p00    |    select|   0|  0|   7|           1|           7|
    |mul_ln132_105_fu_3536_p00    |    select|   0|  0|   7|           1|           7|
    |mul_ln132_109_fu_5144_p00    |    select|   0|  0|   8|           1|           7|
    |mul_ln132_110_fu_5149_p00    |    select|   0|  0|   6|           1|           6|
    |mul_ln132_111_fu_5154_p00    |    select|   0|  0|   6|           1|           4|
    |mul_ln132_112_fu_4316_p00    |    select|   0|  0|   7|           1|           7|
    |mul_ln132_121_fu_4386_p00    |    select|   0|  0|   6|           1|           5|
    |mul_ln132_123_fu_4395_p00    |    select|   0|  0|   6|           1|           6|
    |mul_ln132_129_fu_4421_p00    |    select|   0|  0|   8|           1|           7|
    |mul_ln132_12_fu_4904_p00     |    select|   0|  0|   7|           1|           7|
    |mul_ln132_134_fu_5278_p00    |    select|   0|  0|   7|           1|           5|
    |mul_ln132_136_fu_4426_p00    |    select|   0|  0|   7|           1|           6|
    |mul_ln132_139_fu_4431_p00    |    select|   0|  0|   8|           1|           8|
    |mul_ln132_13_fu_4909_p00     |    select|   0|  0|   6|           1|           6|
    |mul_ln132_141_fu_4436_p00    |    select|   0|  0|   8|           1|           8|
    |mul_ln132_144_fu_4441_p00    |    select|   0|  0|   8|           1|           8|
    |mul_ln132_147_fu_5289_p00    |    select|   0|  0|   8|           1|           8|
    |mul_ln132_148_fu_5294_p00    |    select|   0|  0|   6|           1|           6|
    |mul_ln132_150_fu_4446_p00    |    select|   0|  0|   6|           1|           6|
    |mul_ln132_151_fu_4455_p00    |    select|   0|  0|   6|           1|           6|
    |mul_ln132_153_fu_4464_p00    |    select|   0|  0|   4|           1|           4|
    |mul_ln132_154_fu_4473_p00    |    select|   0|  0|   5|           1|           3|
    |mul_ln132_156_fu_4482_p00    |    select|   0|  0|   7|           1|           7|
    |mul_ln132_15_fu_4013_p00     |    select|   0|  0|   6|           1|           5|
    |mul_ln132_160_fu_4487_p00    |    select|   0|  0|   7|           1|           5|
    |mul_ln132_165_fu_4517_p00    |    select|   0|  0|   6|           1|           5|
    |mul_ln132_166_fu_4526_p00    |    select|   0|  0|   7|           1|           7|
    |mul_ln132_174_fu_4598_p00    |    select|   0|  0|   6|           1|           6|
    |mul_ln132_175_fu_4607_p00    |    select|   0|  0|   6|           1|           5|
    |mul_ln132_177_fu_4616_p00    |    select|   0|  0|   7|           1|           7|
    |mul_ln132_183_fu_4625_p00    |    select|   0|  0|   8|           1|           8|
    |mul_ln132_187_fu_4630_p00    |    select|   0|  0|   7|           1|           6|
    |mul_ln132_188_fu_5340_p00    |    select|   0|  0|   5|           1|           5|
    |mul_ln132_189_fu_4642_p00    |    select|   0|  0|   7|           1|           7|
    |mul_ln132_18_fu_3511_p00     |    select|   0|  0|   7|           1|           7|
    |mul_ln132_1_fu_4865_p00      |    select|   0|  0|   7|           1|           5|
    |mul_ln132_21_fu_4022_p00     |    select|   0|  0|   8|           1|           7|
    |mul_ln132_27_fu_4027_p00     |    select|   0|  0|   6|           1|           6|
    |mul_ln132_30_fu_4036_p00     |    select|   0|  0|   7|           1|           7|
    |mul_ln132_31_fu_4041_p00     |    select|   0|  0|   6|           1|           6|
    |mul_ln132_34_fu_4050_p00     |    select|   0|  0|   6|           1|           4|
    |mul_ln132_35_fu_4059_p00     |    select|   0|  0|   7|           1|           3|
    |mul_ln132_3_fu_4003_p00      |    select|   0|  0|   8|           1|           8|
    |mul_ln132_40_fu_4068_p00     |    select|   0|  0|   7|           1|           7|
    |mul_ln132_41_fu_4073_p00     |    select|   0|  0|   8|           1|           6|
    |mul_ln132_52_fu_4147_p00     |    select|   0|  0|   7|           1|           7|
    |mul_ln132_53_fu_5015_p00     |    select|   0|  0|   4|           1|           4|
    |mul_ln132_56_fu_4152_p00     |    select|   0|  0|   8|           1|           8|
    |mul_ln132_59_fu_5041_p00     |    select|   0|  0|   8|           1|           8|
    |mul_ln132_61_fu_5046_p00     |    select|   0|  0|   5|           1|           4|
    |mul_ln132_63_fu_3516_p00     |    select|   0|  0|   8|           1|           8|
    |mul_ln132_64_fu_5051_p00     |    select|   0|  0|   6|           1|           2|
    |mul_ln132_66_fu_5073_p00     |    select|   0|  0|   7|           1|           7|
    |mul_ln132_67_fu_5521_p00     |    select|   0|  0|   5|           1|           5|
    |mul_ln132_68_fu_5530_p00     |    select|   0|  0|   7|           1|           5|
    |mul_ln132_70_fu_5078_p00     |    select|   0|  0|   8|           1|           7|
    |mul_ln132_72_fu_5083_p00     |    select|   0|  0|   6|           1|           6|
    |mul_ln132_73_fu_4160_p00     |    select|   0|  0|   8|           1|           7|
    |mul_ln132_74_fu_5091_p00     |    select|   0|  0|   7|           1|           7|
    |mul_ln132_79_fu_4221_p00     |    select|   0|  0|   6|           1|           6|
    |mul_ln132_81_fu_4230_p00     |    select|   0|  0|   7|           1|           7|
    |mul_ln132_82_fu_4239_p00     |    select|   0|  0|   5|           1|           5|
    |mul_ln132_84_fu_4244_p00     |    select|   0|  0|   8|           1|           8|
    |mul_ln132_85_fu_4249_p00     |    select|   0|  0|   7|           1|           7|
    |mul_ln132_86_fu_5102_p00     |    select|   0|  0|   7|           1|           6|
    |mul_ln132_88_fu_3521_p00     |    select|   0|  0|   8|           1|           8|
    |mul_ln132_91_fu_4254_p00     |    select|   0|  0|   6|           1|           5|
    |mul_ln132_92_fu_4263_p00     |    select|   0|  0|   7|           1|           4|
    |mul_ln132_93_fu_4268_p00     |    select|   0|  0|   5|           1|           5|
    |mul_ln132_96_fu_3526_p00     |    select|   0|  0|   8|           1|           7|
    |mul_ln132_97_fu_3531_p00     |    select|   0|  0|   8|           1|           7|
    |mul_ln132_9_fu_4008_p00      |    select|   0|  0|   8|           1|           4|
    |mul_ln132_fu_4860_p00        |    select|   0|  0|   4|           1|           3|
    |select_ln132_160_fu_4880_p3  |    select|   0|  0|  13|           1|          13|
    |select_ln132_161_fu_4945_p3  |    select|   0|  0|  14|           1|          14|
    |select_ln132_162_fu_5001_p3  |    select|   0|  0|  13|           1|          13|
    |select_ln132_163_fu_4094_p3  |    select|   0|  0|  13|           1|          13|
    |select_ln132_164_fu_4136_p3  |    select|   0|  0|  12|           1|          12|
    |select_ln132_166_fu_5034_p3  |    select|   0|  0|  14|           1|          14|
    |select_ln132_167_fu_5066_p3  |    select|   0|  0|  12|           1|          12|
    |select_ln132_168_fu_4210_p3  |    select|   0|  0|  14|           1|          14|
    |select_ln132_169_fu_5545_p3  |    select|   0|  0|  14|           1|          14|
    |select_ln132_170_fu_4287_p3  |    select|   0|  0|  15|           1|          15|
    |select_ln132_172_fu_5126_p3  |    select|   0|  0|  14|           1|          14|
    |select_ln132_173_fu_4349_p3  |    select|   0|  0|  14|           1|          14|
    |select_ln132_174_fu_4375_p3  |    select|   0|  0|  13|           1|          13|
    |select_ln132_175_fu_5590_p3  |    select|   0|  0|  13|           1|          13|
    |select_ln132_176_fu_5211_p3  |    select|   0|  0|  12|           1|          12|
    |select_ln132_177_fu_5169_p3  |    select|   0|  0|  14|           1|          14|
    |select_ln132_178_fu_5230_p3  |    select|   0|  0|  14|           1|          14|
    |select_ln132_179_fu_4414_p3  |    select|   0|  0|  14|           1|          14|
    |select_ln132_180_fu_5254_p3  |    select|   0|  0|  15|           1|          15|
    |select_ln132_181_fu_5625_p3  |    select|   0|  0|  13|           1|          13|
    |select_ln132_182_fu_5271_p3  |    select|   0|  0|  14|           1|          14|
    |select_ln132_183_fu_5309_p3  |    select|   0|  0|  14|           1|          14|
    |select_ln132_184_fu_4543_p3  |    select|   0|  0|  13|           1|          13|
    |select_ln132_185_fu_4506_p3  |    select|   0|  0|  14|           1|          14|
    |select_ln132_186_fu_4587_p3  |    select|   0|  0|  12|           1|          12|
    |select_ln132_187_fu_4564_p3  |    select|   0|  0|  14|           1|          14|
    |select_ln132_fu_4713_p3      |    select|   0|  0|  12|           1|          12|
    |select_ln5_1_fu_6518_p3      |    select|   0|  0|   9|           1|           7|
    |select_ln5_fu_6532_p3        |    select|   0|  0|   8|           1|           8|
    |ap_enable_pp0                |       xor|   0|  0|   2|           1|           2|
    +-----------------------------+----------+----+---+----+------------+------------+
    |Total                        |          |   0|  0|3811|        2058|        3245|
    +-----------------------------+----------+----+---+----+------------+------------+

    * Multiplexer: 
    +------------------------------+----+-----------+-----+-----------+
    |             Name             | LUT| Input Size| Bits| Total Bits|
    +------------------------------+----+-----------+-----+-----------+
    |DATA_OUT_blk_n_W              |   9|          2|    1|          2|
    |ap_done_int                   |   9|          2|    1|          2|
    |ap_enable_reg_pp0_iter1       |   9|          2|    1|          2|
    |ap_sig_allocacmp_out_class_1  |   9|          2|    2|          4|
    |out_class_fu_970              |   9|          2|    2|          4|
    +------------------------------+----+-----------+-----+-----------+
    |Total                         |  45|         10|    7|         14|
    +------------------------------+----+-----------+-----+-----------+

    * Register: 
    +--------------------------------------+----+----+-----+-----------+
    |                 Name                 | FF | LUT| Bits| Const Bits|
    +--------------------------------------+----+----+-----+-----------+
    |acc_reg_9798                          |  21|   0|   21|          0|
    |add_ln132_105_reg_9618                |  17|   0|   17|          0|
    |add_ln132_107_reg_9623                |  15|   0|   15|          0|
    |add_ln132_109_reg_9628                |  16|   0|   16|          0|
    |add_ln132_10_reg_9713                 |  17|   0|   17|          0|
    |add_ln132_114_reg_9433                |  16|   0|   16|          0|
    |add_ln132_115_reg_9633                |  16|   0|   16|          0|
    |add_ln132_117_reg_9748                |  18|   0|   18|          0|
    |add_ln132_117_reg_9748_pp0_iter6_reg  |  18|   0|   18|          0|
    |add_ln132_118_reg_9148                |  14|   0|   14|          0|
    |add_ln132_125_reg_9153                |  15|   0|   15|          0|
    |add_ln132_127_reg_9448                |  17|   0|   17|          0|
    |add_ln132_128_reg_9638                |  18|   0|   18|          0|
    |add_ln132_133_reg_9643                |  17|   0|   17|          0|
    |add_ln132_136_reg_9158                |  15|   0|   15|          0|
    |add_ln132_138_reg_9648                |  16|   0|   16|          0|
    |add_ln132_140_reg_9753                |  19|   0|   19|          0|
    |add_ln132_140_reg_9753_pp0_iter6_reg  |  19|   0|   19|          0|
    |add_ln132_146_reg_9653                |  16|   0|   16|          0|
    |add_ln132_149_reg_9663                |  15|   0|   15|          0|
    |add_ln132_14_reg_9528                 |  16|   0|   16|          0|
    |add_ln132_152_reg_9758                |  18|   0|   18|          0|
    |add_ln132_157_reg_9668                |  16|   0|   16|          0|
    |add_ln132_163_reg_9763                |  18|   0|   18|          0|
    |add_ln132_165_reg_9478                |  14|   0|   14|          0|
    |add_ln132_174_reg_9693                |  16|   0|   16|          0|
    |add_ln132_175_reg_9768                |  17|   0|   17|          0|
    |add_ln132_183_reg_9163                |  14|   0|   14|          0|
    |add_ln132_185_reg_9708                |  16|   0|   16|          0|
    |add_ln132_186_reg_9773                |  17|   0|   17|          0|
    |add_ln132_188_reg_9788                |  19|   0|   19|          0|
    |add_ln132_21_reg_9718                 |  18|   0|   18|          0|
    |add_ln132_23_reg_9113                 |  14|   0|   14|          0|
    |add_ln132_27_reg_9543                 |  16|   0|   16|          0|
    |add_ln132_28_reg_9118                 |  14|   0|   14|          0|
    |add_ln132_32_reg_9548                 |  17|   0|   17|          0|
    |add_ln132_39_reg_9123                 |  13|   0|   13|          0|
    |add_ln132_40_reg_9368                 |  15|   0|   15|          0|
    |add_ln132_41_reg_9128                 |  14|   0|   14|          0|
    |add_ln132_44_reg_9553                 |  17|   0|   17|          0|
    |add_ln132_45_reg_9723                 |  18|   0|   18|          0|
    |add_ln132_47_reg_9133                 |  14|   0|   14|          0|
    |add_ln132_50_reg_9383                 |  15|   0|   15|          0|
    |add_ln132_51_reg_9558                 |  16|   0|   16|          0|
    |add_ln132_57_reg_9728                 |  17|   0|   17|          0|
    |add_ln132_62_reg_9573                 |  16|   0|   16|          0|
    |add_ln132_63_reg_9398                 |  14|   0|   14|          0|
    |add_ln132_68_reg_9733                 |  17|   0|   17|          0|
    |add_ln132_79_reg_9598                 |  16|   0|   16|          0|
    |add_ln132_80_reg_9738                 |  17|   0|   17|          0|
    |add_ln132_88_reg_9138                 |  14|   0|   14|          0|
    |add_ln132_90_reg_9613                 |  16|   0|   16|          0|
    |add_ln132_91_reg_9743                 |  17|   0|   17|          0|
    |add_ln132_94_reg_9778                 |  20|   0|   20|          0|
    |add_ln132_96_reg_9413                 |  15|   0|   15|          0|
    |add_ln132_97_reg_9143                 |  14|   0|   14|          0|
    |add_ln132_98_reg_9418                 |  15|   0|   15|          0|
    |add_ln132_9_reg_9518                  |  16|   0|   16|          0|
    |add_ln7_reg_9793                      |   8|   0|    8|          0|
    |ap_CS_fsm                             |   1|   0|    1|          0|
    |ap_done_reg                           |   1|   0|    1|          0|
    |ap_enable_reg_pp0_iter1               |   1|   0|    1|          0|
    |ap_enable_reg_pp0_iter2               |   1|   0|    1|          0|
    |ap_enable_reg_pp0_iter3               |   1|   0|    1|          0|
    |ap_enable_reg_pp0_iter4               |   1|   0|    1|          0|
    |ap_enable_reg_pp0_iter5               |   1|   0|    1|          0|
    |ap_enable_reg_pp0_iter6               |   1|   0|    1|          0|
    |ap_enable_reg_pp0_iter7               |   1|   0|    1|          0|
    |ap_enable_reg_pp0_iter8               |   1|   0|    1|          0|
    |ap_enable_reg_pp0_iter9               |   1|   0|    1|          0|
    |ap_loop_exit_ready_pp0_iter1_reg      |   1|   0|    1|          0|
    |ap_loop_exit_ready_pp0_iter2_reg      |   1|   0|    1|          0|
    |ap_loop_exit_ready_pp0_iter3_reg      |   1|   0|    1|          0|
    |ap_loop_exit_ready_pp0_iter4_reg      |   1|   0|    1|          0|
    |ap_loop_exit_ready_pp0_iter5_reg      |   1|   0|    1|          0|
    |ap_loop_exit_ready_pp0_iter6_reg      |   1|   0|    1|          0|
    |ap_loop_exit_ready_pp0_iter7_reg      |   1|   0|    1|          0|
    |ap_loop_exit_ready_pp0_iter8_reg      |   1|   0|    1|          0|
    |icmp_ln128_reg_8294                   |   1|   0|    1|          0|
    |mul_ln132_104_reg_9028                |  14|   0|   14|          0|
    |mul_ln132_105_reg_8818                |  15|   0|   15|          0|
    |mul_ln132_109_reg_9263                |  15|   0|   15|          0|
    |mul_ln132_110_reg_9268                |  13|   0|   13|          0|
    |mul_ln132_111_reg_9273                |  13|   0|   13|          0|
    |mul_ln132_112_reg_9033                |  15|   0|   15|          0|
    |mul_ln132_129_reg_9053                |  15|   0|   15|          0|
    |mul_ln132_134_reg_9298                |  14|   0|   14|          0|
    |mul_ln132_139_reg_9063                |  15|   0|   15|          0|
    |mul_ln132_141_reg_9068                |  15|   0|   15|          0|
    |mul_ln132_144_reg_9073                |  15|   0|   15|          0|
    |mul_ln132_147_reg_9313                |  15|   0|   15|          0|
    |mul_ln132_148_reg_9318                |  13|   0|   13|          0|
    |mul_ln132_183_reg_9103                |  15|   0|   15|          0|
    |mul_ln132_187_reg_9108                |  15|   0|   15|          0|
    |mul_ln132_188_reg_9328                |  12|   0|   12|          0|
    |mul_ln132_18_reg_8793                 |  15|   0|   15|          0|
    |mul_ln132_1_reg_9173                  |  15|   0|   15|          0|
    |mul_ln132_21_reg_8938                 |  15|   0|   15|          0|
    |mul_ln132_3_reg_8923                  |  15|   0|   15|          0|
    |mul_ln132_40_reg_8953                 |  15|   0|   15|          0|
    |mul_ln132_41_reg_8958                 |  15|   0|   15|          0|
    |mul_ln132_52_reg_8973                 |  15|   0|   15|          0|
    |mul_ln132_56_reg_8978                 |  15|   0|   15|          0|
    |mul_ln132_59_reg_9198                 |  15|   0|   15|          0|
    |mul_ln132_61_reg_9203                 |  12|   0|   12|          0|
    |mul_ln132_63_reg_8798                 |  15|   0|   15|          0|
    |mul_ln132_64_reg_9208                 |  13|   0|   13|          0|
    |mul_ln132_66_reg_9218                 |  14|   0|   14|          0|
    |mul_ln132_68_reg_9503                 |  14|   0|   14|          0|
    |mul_ln132_70_reg_9223                 |  15|   0|   15|          0|
    |mul_ln132_72_reg_9228                 |  13|   0|   13|          0|
    |mul_ln132_73_reg_8988                 |  15|   0|   15|          0|
    |mul_ln132_74_reg_9238                 |  14|   0|   14|          0|
    |mul_ln132_82_reg_8998                 |  12|   0|   12|          0|
    |mul_ln132_84_reg_9003                 |  15|   0|   15|          0|
    |mul_ln132_85_reg_9008                 |  15|   0|   15|          0|
    |mul_ln132_86_reg_9248                 |  14|   0|   14|          0|
    |mul_ln132_88_reg_8803                 |  15|   0|   15|          0|
    |mul_ln132_92_reg_9013                 |  14|   0|   14|          0|
    |mul_ln132_96_reg_8808                 |  15|   0|   15|          0|
    |mul_ln132_97_reg_8813                 |  15|   0|   15|          0|
    |mul_ln132_9_reg_8928                  |  15|   0|   15|          0|
    |mul_ln132_reg_9168                    |  11|   0|   11|          0|
    |out_class_fu_970                      |   2|   0|    2|          0|
    |select_ln132_160_reg_9178             |  13|   0|   13|          0|
    |select_ln132_167_reg_9213             |  12|   0|   12|          0|
    |select_ln132_170_reg_9018             |  15|   0|   15|          0|
    |select_ln132_172_reg_9253             |  14|   0|   14|          0|
    |select_ln132_179_reg_9048             |  14|   0|   14|          0|
    |select_ln132_180_reg_9288             |  15|   0|   15|          0|
    |select_ln132_182_reg_9293             |  14|   0|   14|          0|
    |select_ln5_reg_9808                   |   8|   0|    8|          0|
    |tmp_10_reg_9803                       |  14|   0|   14|          0|
    |trunc_ln132_reg_9783                  |   8|   0|    8|          0|
    |zext_ln126_cast_reg_7329              |   7|   0|   14|          7|
    |zext_ln132_100_cast_reg_8153          |   7|   0|   14|          7|
    |zext_ln132_101_cast_reg_8158          |   7|   0|   14|          7|
    |zext_ln132_102_cast_reg_8163          |   7|   0|   15|          8|
    |zext_ln132_103_cast_reg_8168          |   7|   0|   15|          8|
    |zext_ln132_104_cast_reg_8173          |   7|   0|   13|          6|
    |zext_ln132_105_cast_reg_8178          |   7|   0|   15|          8|
    |zext_ln132_106_cast_reg_8183          |   7|   0|   13|          6|
    |zext_ln132_108_cast_reg_8193          |   7|   0|   15|          8|
    |zext_ln132_109_cast_reg_8198          |   7|   0|   14|          7|
    |zext_ln132_111_cast_reg_8208          |   7|   0|   13|          6|
    |zext_ln132_112_cast_reg_8213          |   7|   0|   15|          8|
    |zext_ln132_113_cast_reg_8218          |   7|   0|   13|          6|
    |zext_ln132_114_cast_reg_8223          |   7|   0|   14|          7|
    |zext_ln132_115_cast_reg_8228          |   7|   0|   15|          8|
    |zext_ln132_116_cast_reg_8233          |   7|   0|   15|          8|
    |zext_ln132_117_cast_reg_8238          |   7|   0|   15|          8|
    |zext_ln132_118_cast_reg_8243          |   7|   0|   14|          7|
    |zext_ln132_119_cast_reg_8248          |   7|   0|   12|          5|
    |zext_ln132_11_cast_reg_7716           |   7|   0|   13|          6|
    |zext_ln132_120_cast_reg_8253          |   7|   0|   15|          8|
    |zext_ln132_121_cast_reg_8259          |   7|   0|   14|          7|
    |zext_ln132_122_cast_reg_8264          |   7|   0|   12|          5|
    |zext_ln132_123_cast_reg_8269          |   7|   0|   15|          8|
    |zext_ln132_124_cast_reg_8274          |   7|   0|   13|          6|
    |zext_ln132_125_cast_reg_8280          |   7|   0|   15|          8|
    |zext_ln132_126_cast_reg_8285          |   7|   0|   11|          4|
    |zext_ln132_127_cast_reg_7334          |   7|   0|   12|          5|
    |zext_ln132_128_cast_reg_7339          |   7|   0|   15|          8|
    |zext_ln132_129_cast_reg_7344          |   7|   0|   13|          6|
    |zext_ln132_12_cast_reg_7721           |   7|   0|   13|          6|
    |zext_ln132_130_cast_reg_7349          |   7|   0|   15|          8|
    |zext_ln132_131_cast_reg_7354          |   7|   0|   14|          7|
    |zext_ln132_132_cast_reg_7359          |   7|   0|   15|          8|
    |zext_ln132_133_cast_reg_7364          |   7|   0|   13|          6|
    |zext_ln132_134_cast_reg_7369          |   7|   0|   12|          5|
    |zext_ln132_135_cast_reg_7374          |   7|   0|   15|          8|
    |zext_ln132_136_cast_reg_7379          |   7|   0|   15|          8|
    |zext_ln132_138_cast_reg_7389          |   7|   0|   14|          7|
    |zext_ln132_139_cast_reg_7394          |   7|   0|   12|          5|
    |zext_ln132_13_cast_reg_7727           |   7|   0|   15|          8|
    |zext_ln132_140_cast_reg_7399          |   7|   0|   13|          6|
    |zext_ln132_141_cast_reg_7404          |   7|   0|   13|          6|
    |zext_ln132_142_cast_reg_7409          |   7|   0|   14|          7|
    |zext_ln132_143_cast_reg_7414          |   7|   0|   12|          5|
    |zext_ln132_144_cast_reg_7419          |   7|   0|   14|          7|
    |zext_ln132_145_cast_reg_7425          |   7|   0|   14|          7|
    |zext_ln132_147_cast_reg_7435          |   7|   0|   13|          6|
    |zext_ln132_148_cast_reg_7440          |   7|   0|   15|          8|
    |zext_ln132_149_cast_reg_7445          |   7|   0|   14|          7|
    |zext_ln132_14_cast_reg_7732           |   7|   0|   13|          6|
    |zext_ln132_150_cast_reg_7450          |   7|   0|   13|          6|
    |zext_ln132_151_cast_reg_7455          |   7|   0|   15|          8|
    |zext_ln132_152_cast_reg_7460          |   7|   0|   14|          7|
    |zext_ln132_154_cast_reg_7471          |   7|   0|   14|          7|
    |zext_ln132_155_cast_reg_7476          |   7|   0|   14|          7|
    |zext_ln132_157_cast_reg_7486          |   7|   0|   15|          8|
    |zext_ln132_159_cast_reg_7496          |   7|   0|   14|          7|
    |zext_ln132_15_cast_reg_7737           |   7|   0|   13|          6|
    |zext_ln132_160_cast_reg_7501          |   7|   0|   14|          7|
    |zext_ln132_161_cast_reg_7507          |   7|   0|   12|          5|
    |zext_ln132_162_cast_reg_7512          |   7|   0|   11|          4|
    |zext_ln132_163_cast_reg_7517          |   7|   0|   15|          8|
    |zext_ln132_164_cast_reg_7522          |   7|   0|   13|          6|
    |zext_ln132_165_cast_reg_7527          |   7|   0|   13|          6|
    |zext_ln132_166_cast_reg_7532          |   7|   0|   15|          8|
    |zext_ln132_167_cast_reg_7537          |   7|   0|   13|          6|
    |zext_ln132_168_cast_reg_7542          |   7|   0|   15|          8|
    |zext_ln132_169_cast_reg_7547          |   7|   0|   12|          5|
    |zext_ln132_16_cast_reg_7742           |   7|   0|   15|          8|
    |zext_ln132_170_cast_reg_7552          |   7|   0|    8|          1|
    |zext_ln132_171_cast_reg_7557          |   7|   0|   15|          8|
    |zext_ln132_172_cast_reg_7562          |   7|   0|   15|          8|
    |zext_ln132_173_cast_reg_7567          |   7|   0|   14|          7|
    |zext_ln132_174_cast_reg_7572          |   7|   0|   14|          7|
    |zext_ln132_175_cast_reg_7577          |   7|   0|   15|          8|
    |zext_ln132_176_cast_reg_7582          |   7|   0|   14|          7|
    |zext_ln132_177_cast_reg_7587          |   7|   0|   15|          8|
    |zext_ln132_178_cast_reg_7592          |   7|   0|   13|          6|
    |zext_ln132_179_cast_reg_7597          |   7|   0|   14|          7|
    |zext_ln132_17_cast_reg_7747           |   7|   0|   15|          8|
    |zext_ln132_180_cast_reg_7602          |   7|   0|   14|          7|
    |zext_ln132_182_cast_reg_7612          |   7|   0|   14|          7|
    |zext_ln132_183_cast_reg_7617          |   7|   0|   14|          7|
    |zext_ln132_184_cast_reg_7623          |   7|   0|   15|          8|
    |zext_ln132_185_cast_reg_7629          |   7|   0|   15|          8|
    |zext_ln132_186_cast_reg_7634          |   7|   0|   14|          7|
    |zext_ln132_187_cast_reg_7639          |   7|   0|   15|          8|
    |zext_ln132_188_cast_reg_7644          |   7|   0|   14|          7|
    |zext_ln132_189_cast_reg_7649          |   7|   0|   14|          7|
    |zext_ln132_18_cast_reg_7753           |   7|   0|   14|          7|
    |zext_ln132_190_cast_reg_7654          |   7|   0|   13|          6|
    |zext_ln132_19_cast_reg_7759           |   7|   0|   14|          7|
    |zext_ln132_1_cast_reg_7665            |   7|   0|   11|          4|
    |zext_ln132_20_cast_reg_7764           |   7|   0|   15|          8|
    |zext_ln132_21_cast_reg_7769           |   7|   0|   14|          7|
    |zext_ln132_23_cast_reg_7779           |   7|   0|   14|          7|
    |zext_ln132_24_cast_reg_7784           |   7|   0|   13|          6|
    |zext_ln132_25_cast_reg_7789           |   7|   0|   10|          3|
    |zext_ln132_27_cast_reg_7799           |   7|   0|   14|          7|
    |zext_ln132_28_cast_reg_7804           |   7|   0|   15|          8|
    |zext_ln132_29_cast_reg_7809           |   7|   0|   15|          8|
    |zext_ln132_2_cast_reg_7670            |   7|   0|   13|          6|
    |zext_ln132_30_cast_reg_7814           |   7|   0|   15|          8|
    |zext_ln132_32_cast_reg_7825           |   7|   0|   12|          5|
    |zext_ln132_33_cast_reg_7830           |   7|   0|   14|          7|
    |zext_ln132_34_cast_reg_7835           |   7|   0|   14|          7|
    |zext_ln132_36_cast_reg_7845           |   7|   0|   15|          8|
    |zext_ln132_37_cast_reg_7850           |   7|   0|   15|          8|
    |zext_ln132_38_cast_reg_7855           |   7|   0|   13|          6|
    |zext_ln132_39_cast_reg_7860           |   7|   0|   14|          7|
    |zext_ln132_3_cast_reg_7675            |   7|   0|   14|          7|
    |zext_ln132_40_cast_reg_7865           |   7|   0|   15|          8|
    |zext_ln132_41_cast_reg_7870           |   7|   0|   15|          8|
    |zext_ln132_42_cast_reg_7875           |   7|   0|   13|          6|
    |zext_ln132_43_cast_reg_7880           |   7|   0|   12|          5|
    |zext_ln132_44_cast_reg_7885           |   7|   0|   14|          7|
    |zext_ln132_45_cast_reg_7890           |   7|   0|   15|          8|
    |zext_ln132_46_cast_reg_7895           |   7|   0|   13|          6|
    |zext_ln132_48_cast_reg_7900           |   7|   0|   14|          7|
    |zext_ln132_4_cast_reg_7681            |   7|   0|   13|          6|
    |zext_ln132_50_cast_reg_7910           |   7|   0|   13|          6|
    |zext_ln132_51_cast_reg_7915           |   7|   0|   14|          7|
    |zext_ln132_52_cast_reg_7920           |   7|   0|   15|          8|
    |zext_ln132_53_cast_reg_7925           |   7|   0|   13|          6|
    |zext_ln132_54_cast_reg_7930           |   7|   0|   15|          8|
    |zext_ln132_55_cast_reg_7935           |   7|   0|   15|          8|
    |zext_ln132_56_cast_reg_7940           |   7|   0|   14|          7|
    |zext_ln132_57_cast_reg_7946           |   7|   0|   14|          7|
    |zext_ln132_58_cast_reg_7951           |   7|   0|   12|          5|
    |zext_ln132_59_cast_reg_7956           |   7|   0|   14|          7|
    |zext_ln132_5_cast_reg_7686            |   7|   0|   13|          6|
    |zext_ln132_60_cast_reg_7961           |   7|   0|   12|          5|
    |zext_ln132_61_cast_reg_7967           |   7|   0|   13|          6|
    |zext_ln132_62_cast_reg_7972           |   7|   0|   15|          8|
    |zext_ln132_63_cast_reg_7977           |   7|   0|   14|          7|
    |zext_ln132_65_cast_reg_7982           |   7|   0|   12|          5|
    |zext_ln132_66_cast_reg_7987           |   7|   0|   15|          8|
    |zext_ln132_67_cast_reg_7992           |   7|   0|   15|          8|
    |zext_ln132_68_cast_reg_7997           |   7|   0|   14|          7|
    |zext_ln132_69_cast_reg_8002           |   7|   0|   13|          6|
    |zext_ln132_6_cast_reg_7691            |   7|   0|   14|          7|
    |zext_ln132_70_cast_reg_8007           |   7|   0|   15|          8|
    |zext_ln132_71_cast_reg_8012           |   7|   0|   14|          7|
    |zext_ln132_72_cast_reg_8018           |   7|   0|   14|          7|
    |zext_ln132_73_cast_reg_8023           |   7|   0|   11|          4|
    |zext_ln132_74_cast_reg_8028           |   7|   0|   15|          8|
    |zext_ln132_75_cast_reg_8033           |   7|   0|   14|          7|
    |zext_ln132_76_cast_reg_8038           |   7|   0|   15|          8|
    |zext_ln132_77_cast_reg_8043           |   7|   0|   11|          4|
    |zext_ln132_78_cast_reg_8048           |   7|   0|   15|          8|
    |zext_ln132_81_cast_reg_8063           |   7|   0|   14|          7|
    |zext_ln132_82_cast_reg_8068           |   7|   0|   13|          6|
    |zext_ln132_83_cast_reg_8073           |   7|   0|   10|          3|
    |zext_ln132_84_cast_reg_8078           |   7|   0|   14|          7|
    |zext_ln132_85_cast_reg_8083           |   7|   0|   15|          8|
    |zext_ln132_86_cast_reg_8088           |   7|   0|   15|          8|
    |zext_ln132_87_cast_reg_8093           |   7|   0|   15|          8|
    |zext_ln132_88_cast_reg_8098           |   7|   0|   15|          8|
    |zext_ln132_8_cast_reg_7701            |   7|   0|   14|          7|
    |zext_ln132_90_cast_reg_8108           |   7|   0|   12|          5|
    |zext_ln132_91_cast_reg_8113           |   7|   0|   14|          7|
    |zext_ln132_92_cast_reg_8118           |   7|   0|   13|          6|
    |zext_ln132_93_cast_reg_8123           |   7|   0|   15|          8|
    |zext_ln132_94_cast_reg_8128           |   7|   0|   15|          8|
    |zext_ln132_95_cast_reg_8133           |   7|   0|   13|          6|
    |zext_ln132_96_cast_reg_8138           |   7|   0|   14|          7|
    |zext_ln132_99_cast_reg_8148           |   7|   0|   13|          6|
    |zext_ln132_9_cast_reg_7706            |   7|   0|   11|          4|
    |zext_ln132_cast_reg_7659              |   7|   0|   14|          7|
    |icmp_ln128_reg_8294                   |  64|  32|    1|          0|
    +--------------------------------------+----+----+-----+-----------+
    |Total                                 |2982|  32| 4071|       1152|
    +--------------------------------------+----+----+-----+-----------+



================================================================
== Interface
================================================================
* Summary: 
+---------------------------+-----+-----+------------+-----------------------------------------------+--------------+
|         RTL Ports         | Dir | Bits|  Protocol  |                 Source Object                 |    C Type    |
+---------------------------+-----+-----+------------+-----------------------------------------------+--------------+
|ap_clk                     |   in|    1|  ap_ctrl_hs|  tiny_ecg_inference_Pipeline_VITIS_LOOP_126_14|  return value|
|ap_rst                     |   in|    1|  ap_ctrl_hs|  tiny_ecg_inference_Pipeline_VITIS_LOOP_126_14|  return value|
|ap_start                   |   in|    1|  ap_ctrl_hs|  tiny_ecg_inference_Pipeline_VITIS_LOOP_126_14|  return value|
|ap_done                    |  out|    1|  ap_ctrl_hs|  tiny_ecg_inference_Pipeline_VITIS_LOOP_126_14|  return value|
|ap_idle                    |  out|    1|  ap_ctrl_hs|  tiny_ecg_inference_Pipeline_VITIS_LOOP_126_14|  return value|
|ap_ready                   |  out|    1|  ap_ctrl_hs|  tiny_ecg_inference_Pipeline_VITIS_LOOP_126_14|  return value|
|m_axi_DATA_OUT_0_AWVALID   |  out|    1|       m_axi|                                       DATA_OUT|       pointer|
|m_axi_DATA_OUT_0_AWREADY   |   in|    1|       m_axi|                                       DATA_OUT|       pointer|
|m_axi_DATA_OUT_0_AWADDR    |  out|   64|       m_axi|                                       DATA_OUT|       pointer|
|m_axi_DATA_OUT_0_AWID      |  out|    1|       m_axi|                                       DATA_OUT|       pointer|
|m_axi_DATA_OUT_0_AWLEN     |  out|   32|       m_axi|                                       DATA_OUT|       pointer|
|m_axi_DATA_OUT_0_AWSIZE    |  out|    3|       m_axi|                                       DATA_OUT|       pointer|
|m_axi_DATA_OUT_0_AWBURST   |  out|    2|       m_axi|                                       DATA_OUT|       pointer|
|m_axi_DATA_OUT_0_AWLOCK    |  out|    2|       m_axi|                                       DATA_OUT|       pointer|
|m_axi_DATA_OUT_0_AWCACHE   |  out|    4|       m_axi|                                       DATA_OUT|       pointer|
|m_axi_DATA_OUT_0_AWPROT    |  out|    3|       m_axi|                                       DATA_OUT|       pointer|
|m_axi_DATA_OUT_0_AWQOS     |  out|    4|       m_axi|                                       DATA_OUT|       pointer|
|m_axi_DATA_OUT_0_AWREGION  |  out|    4|       m_axi|                                       DATA_OUT|       pointer|
|m_axi_DATA_OUT_0_AWUSER    |  out|    1|       m_axi|                                       DATA_OUT|       pointer|
|m_axi_DATA_OUT_0_WVALID    |  out|    1|       m_axi|                                       DATA_OUT|       pointer|
|m_axi_DATA_OUT_0_WREADY    |   in|    1|       m_axi|                                       DATA_OUT|       pointer|
|m_axi_DATA_OUT_0_WDATA     |  out|    8|       m_axi|                                       DATA_OUT|       pointer|
|m_axi_DATA_OUT_0_WSTRB     |  out|    1|       m_axi|                                       DATA_OUT|       pointer|
|m_axi_DATA_OUT_0_WLAST     |  out|    1|       m_axi|                                       DATA_OUT|       pointer|
|m_axi_DATA_OUT_0_WID       |  out|    1|       m_axi|                                       DATA_OUT|       pointer|
|m_axi_DATA_OUT_0_WUSER     |  out|    1|       m_axi|                                       DATA_OUT|       pointer|
|m_axi_DATA_OUT_0_ARVALID   |  out|    1|       m_axi|                                       DATA_OUT|       pointer|
|m_axi_DATA_OUT_0_ARREADY   |   in|    1|       m_axi|                                       DATA_OUT|       pointer|
|m_axi_DATA_OUT_0_ARADDR    |  out|   64|       m_axi|                                       DATA_OUT|       pointer|
|m_axi_DATA_OUT_0_ARID      |  out|    1|       m_axi|                                       DATA_OUT|       pointer|
|m_axi_DATA_OUT_0_ARLEN     |  out|   32|       m_axi|                                       DATA_OUT|       pointer|
|m_axi_DATA_OUT_0_ARSIZE    |  out|    3|       m_axi|                                       DATA_OUT|       pointer|
|m_axi_DATA_OUT_0_ARBURST   |  out|    2|       m_axi|                                       DATA_OUT|       pointer|
|m_axi_DATA_OUT_0_ARLOCK    |  out|    2|       m_axi|                                       DATA_OUT|       pointer|
|m_axi_DATA_OUT_0_ARCACHE   |  out|    4|       m_axi|                                       DATA_OUT|       pointer|
|m_axi_DATA_OUT_0_ARPROT    |  out|    3|       m_axi|                                       DATA_OUT|       pointer|
|m_axi_DATA_OUT_0_ARQOS     |  out|    4|       m_axi|                                       DATA_OUT|       pointer|
|m_axi_DATA_OUT_0_ARREGION  |  out|    4|       m_axi|                                       DATA_OUT|       pointer|
|m_axi_DATA_OUT_0_ARUSER    |  out|    1|       m_axi|                                       DATA_OUT|       pointer|
|m_axi_DATA_OUT_0_RVALID    |   in|    1|       m_axi|                                       DATA_OUT|       pointer|
|m_axi_DATA_OUT_0_RREADY    |  out|    1|       m_axi|                                       DATA_OUT|       pointer|
|m_axi_DATA_OUT_0_RDATA     |   in|    8|       m_axi|                                       DATA_OUT|       pointer|
|m_axi_DATA_OUT_0_RLAST     |   in|    1|       m_axi|                                       DATA_OUT|       pointer|
|m_axi_DATA_OUT_0_RID       |   in|    1|       m_axi|                                       DATA_OUT|       pointer|
|m_axi_DATA_OUT_0_RFIFONUM  |   in|   11|       m_axi|                                       DATA_OUT|       pointer|
|m_axi_DATA_OUT_0_RUSER     |   in|    1|       m_axi|                                       DATA_OUT|       pointer|
|m_axi_DATA_OUT_0_RRESP     |   in|    2|       m_axi|                                       DATA_OUT|       pointer|
|m_axi_DATA_OUT_0_BVALID    |   in|    1|       m_axi|                                       DATA_OUT|       pointer|
|m_axi_DATA_OUT_0_BREADY    |  out|    1|       m_axi|                                       DATA_OUT|       pointer|
|m_axi_DATA_OUT_0_BRESP     |   in|    2|       m_axi|                                       DATA_OUT|       pointer|
|m_axi_DATA_OUT_0_BID       |   in|    1|       m_axi|                                       DATA_OUT|       pointer|
|m_axi_DATA_OUT_0_BUSER     |   in|    1|       m_axi|                                       DATA_OUT|       pointer|
|output_logits              |   in|   64|     ap_none|                                  output_logits|        scalar|
|zext_ln132_126             |   in|    7|     ap_none|                                 zext_ln132_126|        scalar|
|zext_ln132_125             |   in|    7|     ap_none|                                 zext_ln132_125|        scalar|
|zext_ln132_124             |   in|    7|     ap_none|                                 zext_ln132_124|        scalar|
|zext_ln132_123             |   in|    7|     ap_none|                                 zext_ln132_123|        scalar|
|zext_ln132_122             |   in|    7|     ap_none|                                 zext_ln132_122|        scalar|
|zext_ln132_121             |   in|    7|     ap_none|                                 zext_ln132_121|        scalar|
|zext_ln132_120             |   in|    7|     ap_none|                                 zext_ln132_120|        scalar|
|zext_ln132_119             |   in|    7|     ap_none|                                 zext_ln132_119|        scalar|
|zext_ln132_118             |   in|    7|     ap_none|                                 zext_ln132_118|        scalar|
|zext_ln132_117             |   in|    7|     ap_none|                                 zext_ln132_117|        scalar|
|zext_ln132_116             |   in|    7|     ap_none|                                 zext_ln132_116|        scalar|
|zext_ln132_115             |   in|    7|     ap_none|                                 zext_ln132_115|        scalar|
|zext_ln132_114             |   in|    7|     ap_none|                                 zext_ln132_114|        scalar|
|zext_ln132_113             |   in|    7|     ap_none|                                 zext_ln132_113|        scalar|
|zext_ln132_112             |   in|    7|     ap_none|                                 zext_ln132_112|        scalar|
|zext_ln132_111             |   in|    7|     ap_none|                                 zext_ln132_111|        scalar|
|zext_ln132_110             |   in|    7|     ap_none|                                 zext_ln132_110|        scalar|
|zext_ln132_109             |   in|    7|     ap_none|                                 zext_ln132_109|        scalar|
|zext_ln132_108             |   in|    7|     ap_none|                                 zext_ln132_108|        scalar|
|zext_ln132_107             |   in|    7|     ap_none|                                 zext_ln132_107|        scalar|
|zext_ln132_106             |   in|    7|     ap_none|                                 zext_ln132_106|        scalar|
|zext_ln132_105             |   in|    7|     ap_none|                                 zext_ln132_105|        scalar|
|zext_ln132_104             |   in|    7|     ap_none|                                 zext_ln132_104|        scalar|
|zext_ln132_103             |   in|    7|     ap_none|                                 zext_ln132_103|        scalar|
|zext_ln132_102             |   in|    7|     ap_none|                                 zext_ln132_102|        scalar|
|zext_ln132_101             |   in|    7|     ap_none|                                 zext_ln132_101|        scalar|
|flatten_load_101           |   in|    7|     ap_none|                               flatten_load_101|        scalar|
|zext_ln132_100             |   in|    7|     ap_none|                                 zext_ln132_100|        scalar|
|zext_ln132_99              |   in|    7|     ap_none|                                  zext_ln132_99|        scalar|
|zext_ln132_98              |   in|    7|     ap_none|                                  zext_ln132_98|        scalar|
|zext_ln132_97              |   in|    7|     ap_none|                                  zext_ln132_97|        scalar|
|flatten_load_97            |   in|    7|     ap_none|                                flatten_load_97|        scalar|
|zext_ln132_96              |   in|    7|     ap_none|                                  zext_ln132_96|        scalar|
|zext_ln132_95              |   in|    7|     ap_none|                                  zext_ln132_95|        scalar|
|zext_ln132_94              |   in|    7|     ap_none|                                  zext_ln132_94|        scalar|
|zext_ln132_93              |   in|    7|     ap_none|                                  zext_ln132_93|        scalar|
|zext_ln132_92              |   in|    7|     ap_none|                                  zext_ln132_92|        scalar|
|zext_ln132_91              |   in|    7|     ap_none|                                  zext_ln132_91|        scalar|
|zext_ln132_90              |   in|    7|     ap_none|                                  zext_ln132_90|        scalar|
|zext_ln132_89              |   in|    7|     ap_none|                                  zext_ln132_89|        scalar|
|zext_ln132_88              |   in|    7|     ap_none|                                  zext_ln132_88|        scalar|
|zext_ln132_87              |   in|    7|     ap_none|                                  zext_ln132_87|        scalar|
|zext_ln132_86              |   in|    7|     ap_none|                                  zext_ln132_86|        scalar|
|zext_ln132_85              |   in|    7|     ap_none|                                  zext_ln132_85|        scalar|
|zext_ln132_84              |   in|    7|     ap_none|                                  zext_ln132_84|        scalar|
|zext_ln132_83              |   in|    7|     ap_none|                                  zext_ln132_83|        scalar|
|zext_ln132_82              |   in|    7|     ap_none|                                  zext_ln132_82|        scalar|
|flatten_load_82            |   in|    7|     ap_none|                                flatten_load_82|        scalar|
|zext_ln132_81              |   in|    7|     ap_none|                                  zext_ln132_81|        scalar|
|zext_ln132_80              |   in|    7|     ap_none|                                  zext_ln132_80|        scalar|
|zext_ln132_79              |   in|    7|     ap_none|                                  zext_ln132_79|        scalar|
|zext_ln132_78              |   in|    7|     ap_none|                                  zext_ln132_78|        scalar|
|zext_ln132_77              |   in|    7|     ap_none|                                  zext_ln132_77|        scalar|
|flatten_load_77            |   in|    7|     ap_none|                                flatten_load_77|        scalar|
|zext_ln132_76              |   in|    7|     ap_none|                                  zext_ln132_76|        scalar|
|zext_ln132_75              |   in|    7|     ap_none|                                  zext_ln132_75|        scalar|
|zext_ln132_74              |   in|    7|     ap_none|                                  zext_ln132_74|        scalar|
|zext_ln132_73              |   in|    7|     ap_none|                                  zext_ln132_73|        scalar|
|zext_ln132_72              |   in|    7|     ap_none|                                  zext_ln132_72|        scalar|
|zext_ln132_71              |   in|    7|     ap_none|                                  zext_ln132_71|        scalar|
|zext_ln132_70              |   in|    7|     ap_none|                                  zext_ln132_70|        scalar|
|zext_ln132_69              |   in|    7|     ap_none|                                  zext_ln132_69|        scalar|
|zext_ln132_68              |   in|    7|     ap_none|                                  zext_ln132_68|        scalar|
|zext_ln132_67              |   in|    7|     ap_none|                                  zext_ln132_67|        scalar|
|zext_ln132_66              |   in|    7|     ap_none|                                  zext_ln132_66|        scalar|
|zext_ln132_65              |   in|    7|     ap_none|                                  zext_ln132_65|        scalar|
|zext_ln132_63              |   in|    7|     ap_none|                                  zext_ln132_63|        scalar|
|zext_ln132_62              |   in|    7|     ap_none|                                  zext_ln132_62|        scalar|
|zext_ln132_61              |   in|    7|     ap_none|                                  zext_ln132_61|        scalar|
|zext_ln132_60              |   in|    7|     ap_none|                                  zext_ln132_60|        scalar|
|zext_ln132_59              |   in|    7|     ap_none|                                  zext_ln132_59|        scalar|
|zext_ln132_58              |   in|    7|     ap_none|                                  zext_ln132_58|        scalar|
|zext_ln132_57              |   in|    7|     ap_none|                                  zext_ln132_57|        scalar|
|zext_ln132_56              |   in|    7|     ap_none|                                  zext_ln132_56|        scalar|
|zext_ln132_55              |   in|    7|     ap_none|                                  zext_ln132_55|        scalar|
|zext_ln132_54              |   in|    7|     ap_none|                                  zext_ln132_54|        scalar|
|zext_ln132_53              |   in|    7|     ap_none|                                  zext_ln132_53|        scalar|
|zext_ln132_52              |   in|    7|     ap_none|                                  zext_ln132_52|        scalar|
|zext_ln132_51              |   in|    7|     ap_none|                                  zext_ln132_51|        scalar|
|zext_ln132_50              |   in|    7|     ap_none|                                  zext_ln132_50|        scalar|
|zext_ln132_49              |   in|    7|     ap_none|                                  zext_ln132_49|        scalar|
|zext_ln132_48              |   in|    7|     ap_none|                                  zext_ln132_48|        scalar|
|flatten_load_47            |   in|    7|     ap_none|                                flatten_load_47|        scalar|
|zext_ln132_47              |   in|    7|     ap_none|                                  zext_ln132_47|        scalar|
|zext_ln132_46              |   in|    7|     ap_none|                                  zext_ln132_46|        scalar|
|zext_ln132_45              |   in|    7|     ap_none|                                  zext_ln132_45|        scalar|
|zext_ln132_44              |   in|    7|     ap_none|                                  zext_ln132_44|        scalar|
|zext_ln132_43              |   in|    7|     ap_none|                                  zext_ln132_43|        scalar|
|zext_ln132_42              |   in|    7|     ap_none|                                  zext_ln132_42|        scalar|
|zext_ln132_41              |   in|    7|     ap_none|                                  zext_ln132_41|        scalar|
|zext_ln132_40              |   in|    7|     ap_none|                                  zext_ln132_40|        scalar|
|zext_ln132_39              |   in|    7|     ap_none|                                  zext_ln132_39|        scalar|
|zext_ln132_38              |   in|    7|     ap_none|                                  zext_ln132_38|        scalar|
|zext_ln132_37              |   in|    7|     ap_none|                                  zext_ln132_37|        scalar|
|zext_ln132_36              |   in|    7|     ap_none|                                  zext_ln132_36|        scalar|
|zext_ln132_35              |   in|    7|     ap_none|                                  zext_ln132_35|        scalar|
|zext_ln132_34              |   in|    7|     ap_none|                                  zext_ln132_34|        scalar|
|zext_ln132_33              |   in|    7|     ap_none|                                  zext_ln132_33|        scalar|
|zext_ln132_32              |   in|    7|     ap_none|                                  zext_ln132_32|        scalar|
|zext_ln132_31              |   in|    7|     ap_none|                                  zext_ln132_31|        scalar|
|zext_ln132_30              |   in|    7|     ap_none|                                  zext_ln132_30|        scalar|
|zext_ln132_29              |   in|    7|     ap_none|                                  zext_ln132_29|        scalar|
|zext_ln132_28              |   in|    7|     ap_none|                                  zext_ln132_28|        scalar|
|zext_ln132_27              |   in|    7|     ap_none|                                  zext_ln132_27|        scalar|
|zext_ln132_26              |   in|    7|     ap_none|                                  zext_ln132_26|        scalar|
|zext_ln132_25              |   in|    7|     ap_none|                                  zext_ln132_25|        scalar|
|zext_ln132_24              |   in|    7|     ap_none|                                  zext_ln132_24|        scalar|
|zext_ln132_23              |   in|    7|     ap_none|                                  zext_ln132_23|        scalar|
|zext_ln132_22              |   in|    7|     ap_none|                                  zext_ln132_22|        scalar|
|zext_ln132_21              |   in|    7|     ap_none|                                  zext_ln132_21|        scalar|
|zext_ln132_20              |   in|    7|     ap_none|                                  zext_ln132_20|        scalar|
|zext_ln132_19              |   in|    7|     ap_none|                                  zext_ln132_19|        scalar|
|zext_ln132_18              |   in|    7|     ap_none|                                  zext_ln132_18|        scalar|
|zext_ln132_17              |   in|    7|     ap_none|                                  zext_ln132_17|        scalar|
|zext_ln132_16              |   in|    7|     ap_none|                                  zext_ln132_16|        scalar|
|zext_ln132_15              |   in|    7|     ap_none|                                  zext_ln132_15|        scalar|
|zext_ln132_14              |   in|    7|     ap_none|                                  zext_ln132_14|        scalar|
|zext_ln132_13              |   in|    7|     ap_none|                                  zext_ln132_13|        scalar|
|zext_ln132_12              |   in|    7|     ap_none|                                  zext_ln132_12|        scalar|
|zext_ln132_11              |   in|    7|     ap_none|                                  zext_ln132_11|        scalar|
|zext_ln132_10              |   in|    7|     ap_none|                                  zext_ln132_10|        scalar|
|zext_ln132_9               |   in|    7|     ap_none|                                   zext_ln132_9|        scalar|
|zext_ln132_8               |   in|    7|     ap_none|                                   zext_ln132_8|        scalar|
|zext_ln132_7               |   in|    7|     ap_none|                                   zext_ln132_7|        scalar|
|zext_ln132_6               |   in|    7|     ap_none|                                   zext_ln132_6|        scalar|
|zext_ln132_5               |   in|    7|     ap_none|                                   zext_ln132_5|        scalar|
|flatten_load_5             |   in|    7|     ap_none|                                 flatten_load_5|        scalar|
|zext_ln132_4               |   in|    7|     ap_none|                                   zext_ln132_4|        scalar|
|zext_ln132_3               |   in|    7|     ap_none|                                   zext_ln132_3|        scalar|
|zext_ln132_2               |   in|    7|     ap_none|                                   zext_ln132_2|        scalar|
|flatten_load_1             |   in|    7|     ap_none|                                 flatten_load_1|        scalar|
|zext_ln132_1               |   in|    7|     ap_none|                                   zext_ln132_1|        scalar|
|zext_ln132                 |   in|    7|     ap_none|                                     zext_ln132|        scalar|
|zext_ln132_190             |   in|    7|     ap_none|                                 zext_ln132_190|        scalar|
|zext_ln132_189             |   in|    7|     ap_none|                                 zext_ln132_189|        scalar|
|zext_ln132_188             |   in|    7|     ap_none|                                 zext_ln132_188|        scalar|
|zext_ln132_187             |   in|    7|     ap_none|                                 zext_ln132_187|        scalar|
|zext_ln132_186             |   in|    7|     ap_none|                                 zext_ln132_186|        scalar|
|zext_ln132_185             |   in|    7|     ap_none|                                 zext_ln132_185|        scalar|
|zext_ln132_184             |   in|    7|     ap_none|                                 zext_ln132_184|        scalar|
|zext_ln132_183             |   in|    7|     ap_none|                                 zext_ln132_183|        scalar|
|zext_ln132_182             |   in|    7|     ap_none|                                 zext_ln132_182|        scalar|
|zext_ln132_181             |   in|    7|     ap_none|                                 zext_ln132_181|        scalar|
|zext_ln132_180             |   in|    7|     ap_none|                                 zext_ln132_180|        scalar|
|zext_ln132_179             |   in|    7|     ap_none|                                 zext_ln132_179|        scalar|
|zext_ln132_178             |   in|    7|     ap_none|                                 zext_ln132_178|        scalar|
|zext_ln132_177             |   in|    7|     ap_none|                                 zext_ln132_177|        scalar|
|zext_ln132_176             |   in|    7|     ap_none|                                 zext_ln132_176|        scalar|
|zext_ln132_175             |   in|    7|     ap_none|                                 zext_ln132_175|        scalar|
|zext_ln132_174             |   in|    7|     ap_none|                                 zext_ln132_174|        scalar|
|zext_ln132_173             |   in|    7|     ap_none|                                 zext_ln132_173|        scalar|
|zext_ln132_172             |   in|    7|     ap_none|                                 zext_ln132_172|        scalar|
|zext_ln132_171             |   in|    7|     ap_none|                                 zext_ln132_171|        scalar|
|zext_ln132_170             |   in|    7|     ap_none|                                 zext_ln132_170|        scalar|
|zext_ln132_169             |   in|    7|     ap_none|                                 zext_ln132_169|        scalar|
|zext_ln132_168             |   in|    7|     ap_none|                                 zext_ln132_168|        scalar|
|zext_ln132_167             |   in|    7|     ap_none|                                 zext_ln132_167|        scalar|
|zext_ln132_166             |   in|    7|     ap_none|                                 zext_ln132_166|        scalar|
|zext_ln132_165             |   in|    7|     ap_none|                                 zext_ln132_165|        scalar|
|zext_ln132_164             |   in|    7|     ap_none|                                 zext_ln132_164|        scalar|
|zext_ln132_163             |   in|    7|     ap_none|                                 zext_ln132_163|        scalar|
|zext_ln132_162             |   in|    7|     ap_none|                                 zext_ln132_162|        scalar|
|zext_ln132_161             |   in|    7|     ap_none|                                 zext_ln132_161|        scalar|
|zext_ln132_160             |   in|    7|     ap_none|                                 zext_ln132_160|        scalar|
|zext_ln132_159             |   in|    7|     ap_none|                                 zext_ln132_159|        scalar|
|zext_ln132_158             |   in|    7|     ap_none|                                 zext_ln132_158|        scalar|
|zext_ln132_157             |   in|    7|     ap_none|                                 zext_ln132_157|        scalar|
|zext_ln132_156             |   in|    7|     ap_none|                                 zext_ln132_156|        scalar|
|zext_ln132_155             |   in|    7|     ap_none|                                 zext_ln132_155|        scalar|
|zext_ln132_154             |   in|    7|     ap_none|                                 zext_ln132_154|        scalar|
|zext_ln132_153             |   in|    7|     ap_none|                                 zext_ln132_153|        scalar|
|zext_ln132_152             |   in|    7|     ap_none|                                 zext_ln132_152|        scalar|
|zext_ln132_151             |   in|    7|     ap_none|                                 zext_ln132_151|        scalar|
|zext_ln132_150             |   in|    7|     ap_none|                                 zext_ln132_150|        scalar|
|zext_ln132_149             |   in|    7|     ap_none|                                 zext_ln132_149|        scalar|
|zext_ln132_148             |   in|    7|     ap_none|                                 zext_ln132_148|        scalar|
|flatten_load_147           |   in|    7|     ap_none|                               flatten_load_147|        scalar|
|zext_ln132_147             |   in|    7|     ap_none|                                 zext_ln132_147|        scalar|
|zext_ln132_146             |   in|    7|     ap_none|                                 zext_ln132_146|        scalar|
|zext_ln132_145             |   in|    7|     ap_none|                                 zext_ln132_145|        scalar|
|zext_ln132_144             |   in|    7|     ap_none|                                 zext_ln132_144|        scalar|
|flatten_load_143           |   in|    7|     ap_none|                               flatten_load_143|        scalar|
|zext_ln132_143             |   in|    7|     ap_none|                                 zext_ln132_143|        scalar|
|zext_ln132_142             |   in|    7|     ap_none|                                 zext_ln132_142|        scalar|
|zext_ln132_141             |   in|    7|     ap_none|                                 zext_ln132_141|        scalar|
|zext_ln132_140             |   in|    7|     ap_none|                                 zext_ln132_140|        scalar|
|zext_ln132_139             |   in|    7|     ap_none|                                 zext_ln132_139|        scalar|
|zext_ln132_138             |   in|    7|     ap_none|                                 zext_ln132_138|        scalar|
|zext_ln132_137             |   in|    7|     ap_none|                                 zext_ln132_137|        scalar|
|zext_ln132_136             |   in|    7|     ap_none|                                 zext_ln132_136|        scalar|
|zext_ln132_135             |   in|    7|     ap_none|                                 zext_ln132_135|        scalar|
|zext_ln132_134             |   in|    7|     ap_none|                                 zext_ln132_134|        scalar|
|zext_ln132_133             |   in|    7|     ap_none|                                 zext_ln132_133|        scalar|
|zext_ln132_132             |   in|    7|     ap_none|                                 zext_ln132_132|        scalar|
|zext_ln132_131             |   in|    7|     ap_none|                                 zext_ln132_131|        scalar|
|zext_ln132_130             |   in|    7|     ap_none|                                 zext_ln132_130|        scalar|
|zext_ln132_129             |   in|    7|     ap_none|                                 zext_ln132_129|        scalar|
|zext_ln132_128             |   in|    7|     ap_none|                                 zext_ln132_128|        scalar|
|zext_ln132_127             |   in|    7|     ap_none|                                 zext_ln132_127|        scalar|
|zext_ln132_191             |   in|    7|     ap_none|                                 zext_ln132_191|        scalar|
|zext_ln132_64              |   in|    7|     ap_none|                                  zext_ln132_64|        scalar|
|zext_ln126                 |   in|    7|     ap_none|                                     zext_ln126|        scalar|
+---------------------------+-----+-----+------------+-----------------------------------------------+--------------+

