

================================================================
== Vitis HLS Report for 'tiny_ecg_inference_Pipeline_VITIS_LOOP_59_4'
================================================================
* Date:           Sun Aug 30 00:11:03 2026

* Version:        2026.1 (Build 6493734 on Jun 16 2026)
* Project:        Cardiac_1D_CNN_HLS
* Solution:       solution1 (Vivado IP Flow Target)
* Product family: zynq
* Target device:  xc7z020-clg400-1


================================================================
== Performance Estimates
================================================================
+ Timing: 
    * Summary: 
    +--------+----------+----------+------------+
    |  Clock |  Target  | Estimated| Uncertainty|
    +--------+----------+----------+------------+
    |ap_clk  |  10.00 ns|  7.167 ns|     2.70 ns|
    +--------+----------+----------+------------+

+ Latency: 
    * Summary: 
    +---------+---------+----------+----------+-----+-----+-------------------+
    |  Latency (cycles) |  Latency (absolute) |  Interval |      Pipeline     |
    |   min   |   max   |    min   |    max   | min | max |        Type       |
    +---------+---------+----------+----------+-----+-----+-------------------+
    |       23|       23|  0.230 us|  0.230 us|    0|    0|  loop pipeline stp|
    +---------+---------+----------+----------+-----+-----+-------------------+

    + Detail: 
        * Instance: 
        +-------------------------------+---------+---------+---------+----------+----------+-----+-----+---------+
        |                               |         |  Latency (cycles) |  Latency (absolute) |  Interval | Pipeline|
        |            Instance           |  Module |   min   |   max   |    min   |    max   | min | max |   Type  |
        +-------------------------------+---------+---------+---------+----------+----------+-----+-----+---------+
        |buffer_c2_390_relu_i8_fu_8289  |relu_i8  |        0|        0|      0 ns|      0 ns|    1|    1|      yes|
        |buffer_c2_368_relu_i8_fu_8294  |relu_i8  |        0|        0|      0 ns|      0 ns|    1|    1|      yes|
        |buffer_c2_369_relu_i8_fu_8299  |relu_i8  |        0|        0|      0 ns|      0 ns|    1|    1|      yes|
        |buffer_c2_370_relu_i8_fu_8304  |relu_i8  |        0|        0|      0 ns|      0 ns|    1|    1|      yes|
        |buffer_c2_371_relu_i8_fu_8309  |relu_i8  |        0|        0|      0 ns|      0 ns|    1|    1|      yes|
        |buffer_c2_372_relu_i8_fu_8314  |relu_i8  |        0|        0|      0 ns|      0 ns|    1|    1|      yes|
        |buffer_c2_373_relu_i8_fu_8319  |relu_i8  |        0|        0|      0 ns|      0 ns|    1|    1|      yes|
        |buffer_c2_374_relu_i8_fu_8324  |relu_i8  |        0|        0|      0 ns|      0 ns|    1|    1|      yes|
        |buffer_c2_375_relu_i8_fu_8329  |relu_i8  |        0|        0|      0 ns|      0 ns|    1|    1|      yes|
        |buffer_c2_376_relu_i8_fu_8334  |relu_i8  |        0|        0|      0 ns|      0 ns|    1|    1|      yes|
        |buffer_c2_377_relu_i8_fu_8339  |relu_i8  |        0|        0|      0 ns|      0 ns|    1|    1|      yes|
        |buffer_c2_378_relu_i8_fu_8344  |relu_i8  |        0|        0|      0 ns|      0 ns|    1|    1|      yes|
        |buffer_c2_379_relu_i8_fu_8349  |relu_i8  |        0|        0|      0 ns|      0 ns|    1|    1|      yes|
        |buffer_c2_380_relu_i8_fu_8354  |relu_i8  |        0|        0|      0 ns|      0 ns|    1|    1|      yes|
        |buffer_c2_381_relu_i8_fu_8359  |relu_i8  |        0|        0|      0 ns|      0 ns|    1|    1|      yes|
        |buffer_c2_382_relu_i8_fu_8364  |relu_i8  |        0|        0|      0 ns|      0 ns|    1|    1|      yes|
        |buffer_c2_383_relu_i8_fu_8369  |relu_i8  |        0|        0|      0 ns|      0 ns|    1|    1|      yes|
        |buffer_c2_384_relu_i8_fu_8374  |relu_i8  |        0|        0|      0 ns|      0 ns|    1|    1|      yes|
        |buffer_c2_385_relu_i8_fu_8379  |relu_i8  |        0|        0|      0 ns|      0 ns|    1|    1|      yes|
        |buffer_c2_386_relu_i8_fu_8384  |relu_i8  |        0|        0|      0 ns|      0 ns|    1|    1|      yes|
        |buffer_c2_387_relu_i8_fu_8389  |relu_i8  |        0|        0|      0 ns|      0 ns|    1|    1|      yes|
        |buffer_c2_388_relu_i8_fu_8394  |relu_i8  |        0|        0|      0 ns|      0 ns|    1|    1|      yes|
        |buffer_c2_389_relu_i8_fu_8399  |relu_i8  |        0|        0|      0 ns|      0 ns|    1|    1|      yes|
        +-------------------------------+---------+---------+---------+----------+----------+-----+-----+---------+

        * Loop: 
        +-------------------+---------+---------+----------+-----------+-----------+------+----------+
        |                   |  Latency (cycles) | Iteration|  Initiation Interval  | Trip |          |
        |     Loop Name     |   min   |   max   |  Latency |  achieved |   target  | Count| Pipelined|
        +-------------------+---------+---------+----------+-----------+-----------+------+----------+
        |- VITIS_LOOP_59_4  |       21|       21|         7|          1|          1|    16|       yes|
        +-------------------+---------+---------+----------+-----------+-----------+------+----------+



================================================================
== Utilization Estimates
================================================================
* Summary: 
+-----------------+---------+-----+--------+-------+-----+
|       Name      | BRAM_18K| DSP |   FF   |  LUT  | URAM|
+-----------------+---------+-----+--------+-------+-----+
|DSP              |        -|  555|       -|      -|    -|
|Expression       |        -|    -|       0|   8589|    -|
|FIFO             |        -|    -|       -|      -|    -|
|Instance         |        -|    0|       0|  13653|    -|
|Memory           |        0|    -|     335|     84|    -|
|Multiplexer      |        -|    -|       0|     36|    -|
|Register         |        -|    -|   10929|     96|    -|
+-----------------+---------+-----+--------+-------+-----+
|Total            |        0|  555|   11264|  22458|    0|
+-----------------+---------+-----+--------+-------+-----+
|Available        |      280|  220|  106400|  53200|    0|
+-----------------+---------+-----+--------+-------+-----+
|Utilization (%)  |        0|  252|      10|     42|    0|
+-----------------+---------+-----+--------+-------+-----+

+ Detail: 
    * Instance: 
    +------------------------+------------------+---------+----+---+-----+-----+
    |        Instance        |      Module      | BRAM_18K| DSP| FF| LUT | URAM|
    +------------------------+------------------+---------+----+---+-----+-----+
    |mul_8s_8s_16_1_1_U684   |mul_8s_8s_16_1_1  |        0|   0|  0|   41|    0|
    |mul_8s_8s_16_1_1_U685   |mul_8s_8s_16_1_1  |        0|   0|  0|   41|    0|
    |mul_8s_8s_16_1_1_U686   |mul_8s_8s_16_1_1  |        0|   0|  0|   41|    0|
    |mul_8s_8s_16_1_1_U687   |mul_8s_8s_16_1_1  |        0|   0|  0|   41|    0|
    |mul_8s_8s_16_1_1_U688   |mul_8s_8s_16_1_1  |        0|   0|  0|   41|    0|
    |mul_8s_8s_16_1_1_U689   |mul_8s_8s_16_1_1  |        0|   0|  0|   41|    0|
    |mul_8s_8s_16_1_1_U690   |mul_8s_8s_16_1_1  |        0|   0|  0|   41|    0|
    |mul_8s_8s_16_1_1_U691   |mul_8s_8s_16_1_1  |        0|   0|  0|   41|    0|
    |mul_8s_8s_16_1_1_U692   |mul_8s_8s_16_1_1  |        0|   0|  0|   41|    0|
    |mul_8s_8s_16_1_1_U693   |mul_8s_8s_16_1_1  |        0|   0|  0|   41|    0|
    |mul_8s_8s_16_1_1_U694   |mul_8s_8s_16_1_1  |        0|   0|  0|   41|    0|
    |mul_8s_8s_16_1_1_U695   |mul_8s_8s_16_1_1  |        0|   0|  0|   41|    0|
    |mul_8s_8s_16_1_1_U696   |mul_8s_8s_16_1_1  |        0|   0|  0|   41|    0|
    |mul_8s_8s_16_1_1_U697   |mul_8s_8s_16_1_1  |        0|   0|  0|   41|    0|
    |mul_8s_8s_16_1_1_U698   |mul_8s_8s_16_1_1  |        0|   0|  0|   41|    0|
    |mul_8s_8s_16_1_1_U699   |mul_8s_8s_16_1_1  |        0|   0|  0|   41|    0|
    |mul_8s_8s_16_1_1_U700   |mul_8s_8s_16_1_1  |        0|   0|  0|   41|    0|
    |mul_8s_8s_16_1_1_U701   |mul_8s_8s_16_1_1  |        0|   0|  0|   41|    0|
    |mul_8s_8s_16_1_1_U702   |mul_8s_8s_16_1_1  |        0|   0|  0|   41|    0|
    |mul_8s_8s_16_1_1_U703   |mul_8s_8s_16_1_1  |        0|   0|  0|   41|    0|
    |mul_8s_8s_16_1_1_U704   |mul_8s_8s_16_1_1  |        0|   0|  0|   41|    0|
    |mul_8s_8s_16_1_1_U705   |mul_8s_8s_16_1_1  |        0|   0|  0|   41|    0|
    |mul_8s_8s_16_1_1_U706   |mul_8s_8s_16_1_1  |        0|   0|  0|   41|    0|
    |mul_8s_8s_16_1_1_U707   |mul_8s_8s_16_1_1  |        0|   0|  0|   41|    0|
    |mul_8s_8s_16_1_1_U708   |mul_8s_8s_16_1_1  |        0|   0|  0|   41|    0|
    |mul_8s_8s_16_1_1_U709   |mul_8s_8s_16_1_1  |        0|   0|  0|   41|    0|
    |mul_8s_8s_16_1_1_U710   |mul_8s_8s_16_1_1  |        0|   0|  0|   41|    0|
    |mul_8s_8s_16_1_1_U711   |mul_8s_8s_16_1_1  |        0|   0|  0|   41|    0|
    |mul_8s_8s_16_1_1_U712   |mul_8s_8s_16_1_1  |        0|   0|  0|   41|    0|
    |mul_8s_8s_16_1_1_U713   |mul_8s_8s_16_1_1  |        0|   0|  0|   41|    0|
    |mul_8s_8s_16_1_1_U714   |mul_8s_8s_16_1_1  |        0|   0|  0|   41|    0|
    |mul_8s_8s_16_1_1_U715   |mul_8s_8s_16_1_1  |        0|   0|  0|   41|    0|
    |mul_8s_8s_16_1_1_U716   |mul_8s_8s_16_1_1  |        0|   0|  0|   41|    0|
    |mul_8s_8s_16_1_1_U717   |mul_8s_8s_16_1_1  |        0|   0|  0|   41|    0|
    |mul_8s_8s_16_1_1_U718   |mul_8s_8s_16_1_1  |        0|   0|  0|   41|    0|
    |mul_8s_8s_16_1_1_U719   |mul_8s_8s_16_1_1  |        0|   0|  0|   41|    0|
    |mul_8s_8s_16_1_1_U720   |mul_8s_8s_16_1_1  |        0|   0|  0|   41|    0|
    |mul_8s_8s_16_1_1_U721   |mul_8s_8s_16_1_1  |        0|   0|  0|   41|    0|
    |mul_8s_8s_16_1_1_U722   |mul_8s_8s_16_1_1  |        0|   0|  0|   41|    0|
    |mul_8s_8s_16_1_1_U723   |mul_8s_8s_16_1_1  |        0|   0|  0|   41|    0|
    |mul_8s_8s_16_1_1_U724   |mul_8s_8s_16_1_1  |        0|   0|  0|   41|    0|
    |mul_8s_8s_16_1_1_U725   |mul_8s_8s_16_1_1  |        0|   0|  0|   41|    0|
    |mul_8s_8s_16_1_1_U726   |mul_8s_8s_16_1_1  |        0|   0|  0|   41|    0|
    |mul_8s_8s_16_1_1_U727   |mul_8s_8s_16_1_1  |        0|   0|  0|   41|    0|
    |mul_8s_8s_16_1_1_U728   |mul_8s_8s_16_1_1  |        0|   0|  0|   41|    0|
    |mul_8s_8s_16_1_1_U729   |mul_8s_8s_16_1_1  |        0|   0|  0|   41|    0|
    |mul_8s_8s_16_1_1_U730   |mul_8s_8s_16_1_1  |        0|   0|  0|   41|    0|
    |mul_8s_8s_16_1_1_U731   |mul_8s_8s_16_1_1  |        0|   0|  0|   41|    0|
    |mul_8s_8s_16_1_1_U732   |mul_8s_8s_16_1_1  |        0|   0|  0|   41|    0|
    |mul_8s_8s_16_1_1_U733   |mul_8s_8s_16_1_1  |        0|   0|  0|   41|    0|
    |mul_8s_8s_16_1_1_U734   |mul_8s_8s_16_1_1  |        0|   0|  0|   41|    0|
    |mul_8s_8s_16_1_1_U735   |mul_8s_8s_16_1_1  |        0|   0|  0|   41|    0|
    |mul_8s_8s_16_1_1_U736   |mul_8s_8s_16_1_1  |        0|   0|  0|   41|    0|
    |mul_8s_8s_16_1_1_U737   |mul_8s_8s_16_1_1  |        0|   0|  0|   41|    0|
    |mul_8s_8s_16_1_1_U738   |mul_8s_8s_16_1_1  |        0|   0|  0|   41|    0|
    |mul_8s_8s_16_1_1_U739   |mul_8s_8s_16_1_1  |        0|   0|  0|   41|    0|
    |mul_8s_8s_16_1_1_U740   |mul_8s_8s_16_1_1  |        0|   0|  0|   41|    0|
    |mul_8s_8s_16_1_1_U741   |mul_8s_8s_16_1_1  |        0|   0|  0|   41|    0|
    |mul_8s_8s_16_1_1_U742   |mul_8s_8s_16_1_1  |        0|   0|  0|   41|    0|
    |mul_8s_8s_16_1_1_U743   |mul_8s_8s_16_1_1  |        0|   0|  0|   41|    0|
    |mul_8s_8s_16_1_1_U744   |mul_8s_8s_16_1_1  |        0|   0|  0|   41|    0|
    |mul_8s_8s_16_1_1_U745   |mul_8s_8s_16_1_1  |        0|   0|  0|   41|    0|
    |mul_8s_8s_16_1_1_U746   |mul_8s_8s_16_1_1  |        0|   0|  0|   41|    0|
    |mul_8s_8s_16_1_1_U747   |mul_8s_8s_16_1_1  |        0|   0|  0|   41|    0|
    |mul_8s_8s_16_1_1_U748   |mul_8s_8s_16_1_1  |        0|   0|  0|   41|    0|
    |mul_8s_8s_16_1_1_U749   |mul_8s_8s_16_1_1  |        0|   0|  0|   41|    0|
    |mul_8s_8s_16_1_1_U750   |mul_8s_8s_16_1_1  |        0|   0|  0|   41|    0|
    |mul_8s_8s_16_1_1_U751   |mul_8s_8s_16_1_1  |        0|   0|  0|   41|    0|
    |mul_8s_8s_16_1_1_U752   |mul_8s_8s_16_1_1  |        0|   0|  0|   41|    0|
    |mul_8s_8s_16_1_1_U753   |mul_8s_8s_16_1_1  |        0|   0|  0|   41|    0|
    |mul_8s_8s_16_1_1_U754   |mul_8s_8s_16_1_1  |        0|   0|  0|   41|    0|
    |mul_8s_8s_16_1_1_U755   |mul_8s_8s_16_1_1  |        0|   0|  0|   41|    0|
    |mul_8s_8s_16_1_1_U756   |mul_8s_8s_16_1_1  |        0|   0|  0|   41|    0|
    |mul_8s_8s_16_1_1_U757   |mul_8s_8s_16_1_1  |        0|   0|  0|   41|    0|
    |mul_8s_8s_16_1_1_U758   |mul_8s_8s_16_1_1  |        0|   0|  0|   41|    0|
    |mul_8s_8s_16_1_1_U759   |mul_8s_8s_16_1_1  |        0|   0|  0|   41|    0|
    |mul_8s_8s_16_1_1_U760   |mul_8s_8s_16_1_1  |        0|   0|  0|   41|    0|
    |mul_8s_8s_16_1_1_U761   |mul_8s_8s_16_1_1  |        0|   0|  0|   41|    0|
    |mul_8s_8s_16_1_1_U762   |mul_8s_8s_16_1_1  |        0|   0|  0|   41|    0|
    |mul_8s_8s_16_1_1_U763   |mul_8s_8s_16_1_1  |        0|   0|  0|   41|    0|
    |mul_8s_8s_16_1_1_U764   |mul_8s_8s_16_1_1  |        0|   0|  0|   41|    0|
    |mul_8s_8s_16_1_1_U765   |mul_8s_8s_16_1_1  |        0|   0|  0|   41|    0|
    |mul_8s_8s_16_1_1_U766   |mul_8s_8s_16_1_1  |        0|   0|  0|   41|    0|
    |mul_8s_8s_16_1_1_U767   |mul_8s_8s_16_1_1  |        0|   0|  0|   41|    0|
    |mul_8s_8s_16_1_1_U768   |mul_8s_8s_16_1_1  |        0|   0|  0|   41|    0|
    |mul_8s_8s_16_1_1_U769   |mul_8s_8s_16_1_1  |        0|   0|  0|   41|    0|
    |mul_8s_8s_16_1_1_U770   |mul_8s_8s_16_1_1  |        0|   0|  0|   41|    0|
    |mul_8s_8s_16_1_1_U771   |mul_8s_8s_16_1_1  |        0|   0|  0|   41|    0|
    |mul_8s_8s_16_1_1_U772   |mul_8s_8s_16_1_1  |        0|   0|  0|   41|    0|
    |mul_8s_8s_16_1_1_U773   |mul_8s_8s_16_1_1  |        0|   0|  0|   41|    0|
    |mul_8s_8s_16_1_1_U774   |mul_8s_8s_16_1_1  |        0|   0|  0|   41|    0|
    |mul_8s_8s_16_1_1_U775   |mul_8s_8s_16_1_1  |        0|   0|  0|   41|    0|
    |mul_8s_8s_16_1_1_U776   |mul_8s_8s_16_1_1  |        0|   0|  0|   41|    0|
    |mul_8s_8s_16_1_1_U777   |mul_8s_8s_16_1_1  |        0|   0|  0|   41|    0|
    |mul_8s_8s_16_1_1_U778   |mul_8s_8s_16_1_1  |        0|   0|  0|   41|    0|
    |mul_8s_8s_16_1_1_U779   |mul_8s_8s_16_1_1  |        0|   0|  0|   41|    0|
    |mul_8s_8s_16_1_1_U780   |mul_8s_8s_16_1_1  |        0|   0|  0|   41|    0|
    |mul_8s_8s_16_1_1_U781   |mul_8s_8s_16_1_1  |        0|   0|  0|   41|    0|
    |mul_8s_8s_16_1_1_U782   |mul_8s_8s_16_1_1  |        0|   0|  0|   41|    0|
    |mul_8s_8s_16_1_1_U783   |mul_8s_8s_16_1_1  |        0|   0|  0|   41|    0|
    |mul_8s_8s_16_1_1_U784   |mul_8s_8s_16_1_1  |        0|   0|  0|   41|    0|
    |mul_8s_8s_16_1_1_U785   |mul_8s_8s_16_1_1  |        0|   0|  0|   41|    0|
    |mul_8s_8s_16_1_1_U786   |mul_8s_8s_16_1_1  |        0|   0|  0|   41|    0|
    |mul_8s_8s_16_1_1_U787   |mul_8s_8s_16_1_1  |        0|   0|  0|   41|    0|
    |mul_8s_8s_16_1_1_U788   |mul_8s_8s_16_1_1  |        0|   0|  0|   41|    0|
    |mul_8s_8s_16_1_1_U789   |mul_8s_8s_16_1_1  |        0|   0|  0|   41|    0|
    |mul_8s_8s_16_1_1_U790   |mul_8s_8s_16_1_1  |        0|   0|  0|   41|    0|
    |mul_8s_8s_16_1_1_U791   |mul_8s_8s_16_1_1  |        0|   0|  0|   41|    0|
    |mul_8s_8s_16_1_1_U792   |mul_8s_8s_16_1_1  |        0|   0|  0|   41|    0|
    |mul_8s_8s_16_1_1_U793   |mul_8s_8s_16_1_1  |        0|   0|  0|   41|    0|
    |mul_8s_8s_16_1_1_U794   |mul_8s_8s_16_1_1  |        0|   0|  0|   41|    0|
    |mul_8s_8s_16_1_1_U795   |mul_8s_8s_16_1_1  |        0|   0|  0|   41|    0|
    |mul_8s_8s_16_1_1_U796   |mul_8s_8s_16_1_1  |        0|   0|  0|   41|    0|
    |mul_8s_8s_16_1_1_U797   |mul_8s_8s_16_1_1  |        0|   0|  0|   41|    0|
    |mul_8s_8s_16_1_1_U798   |mul_8s_8s_16_1_1  |        0|   0|  0|   41|    0|
    |mul_8s_8s_16_1_1_U799   |mul_8s_8s_16_1_1  |        0|   0|  0|   41|    0|
    |mul_8s_8s_16_1_1_U800   |mul_8s_8s_16_1_1  |        0|   0|  0|   41|    0|
    |mul_8s_8s_16_1_1_U801   |mul_8s_8s_16_1_1  |        0|   0|  0|   41|    0|
    |mul_8s_8s_16_1_1_U802   |mul_8s_8s_16_1_1  |        0|   0|  0|   41|    0|
    |mul_8s_8s_16_1_1_U803   |mul_8s_8s_16_1_1  |        0|   0|  0|   41|    0|
    |mul_8s_8s_16_1_1_U804   |mul_8s_8s_16_1_1  |        0|   0|  0|   41|    0|
    |mul_8s_8s_16_1_1_U805   |mul_8s_8s_16_1_1  |        0|   0|  0|   41|    0|
    |mul_8s_8s_16_1_1_U806   |mul_8s_8s_16_1_1  |        0|   0|  0|   41|    0|
    |mul_8s_8s_16_1_1_U807   |mul_8s_8s_16_1_1  |        0|   0|  0|   41|    0|
    |mul_8s_8s_16_1_1_U808   |mul_8s_8s_16_1_1  |        0|   0|  0|   41|    0|
    |mul_8s_8s_16_1_1_U809   |mul_8s_8s_16_1_1  |        0|   0|  0|   41|    0|
    |mul_8s_8s_16_1_1_U810   |mul_8s_8s_16_1_1  |        0|   0|  0|   41|    0|
    |mul_8s_8s_16_1_1_U811   |mul_8s_8s_16_1_1  |        0|   0|  0|   41|    0|
    |mul_8s_8s_16_1_1_U812   |mul_8s_8s_16_1_1  |        0|   0|  0|   41|    0|
    |mul_8s_8s_16_1_1_U813   |mul_8s_8s_16_1_1  |        0|   0|  0|   41|    0|
    |mul_8s_8s_16_1_1_U814   |mul_8s_8s_16_1_1  |        0|   0|  0|   41|    0|
    |mul_8s_8s_16_1_1_U815   |mul_8s_8s_16_1_1  |        0|   0|  0|   41|    0|
    |mul_8s_8s_16_1_1_U816   |mul_8s_8s_16_1_1  |        0|   0|  0|   41|    0|
    |mul_8s_8s_16_1_1_U817   |mul_8s_8s_16_1_1  |        0|   0|  0|   41|    0|
    |mul_8s_8s_16_1_1_U818   |mul_8s_8s_16_1_1  |        0|   0|  0|   41|    0|
    |mul_8s_8s_16_1_1_U819   |mul_8s_8s_16_1_1  |        0|   0|  0|   41|    0|
    |mul_8s_8s_16_1_1_U820   |mul_8s_8s_16_1_1  |        0|   0|  0|   41|    0|
    |mul_8s_8s_16_1_1_U821   |mul_8s_8s_16_1_1  |        0|   0|  0|   41|    0|
    |mul_8s_8s_16_1_1_U822   |mul_8s_8s_16_1_1  |        0|   0|  0|   41|    0|
    |mul_8s_8s_16_1_1_U823   |mul_8s_8s_16_1_1  |        0|   0|  0|   41|    0|
    |mul_8s_8s_16_1_1_U824   |mul_8s_8s_16_1_1  |        0|   0|  0|   41|    0|
    |mul_8s_8s_16_1_1_U825   |mul_8s_8s_16_1_1  |        0|   0|  0|   41|    0|
    |mul_8s_8s_16_1_1_U826   |mul_8s_8s_16_1_1  |        0|   0|  0|   41|    0|
    |mul_8s_8s_16_1_1_U827   |mul_8s_8s_16_1_1  |        0|   0|  0|   41|    0|
    |mul_8s_8s_16_1_1_U828   |mul_8s_8s_16_1_1  |        0|   0|  0|   41|    0|
    |mul_8s_8s_16_1_1_U829   |mul_8s_8s_16_1_1  |        0|   0|  0|   41|    0|
    |mul_8s_8s_16_1_1_U830   |mul_8s_8s_16_1_1  |        0|   0|  0|   41|    0|
    |mul_8s_8s_16_1_1_U831   |mul_8s_8s_16_1_1  |        0|   0|  0|   41|    0|
    |mul_8s_8s_16_1_1_U832   |mul_8s_8s_16_1_1  |        0|   0|  0|   41|    0|
    |mul_8s_8s_16_1_1_U833   |mul_8s_8s_16_1_1  |        0|   0|  0|   41|    0|
    |mul_8s_8s_16_1_1_U834   |mul_8s_8s_16_1_1  |        0|   0|  0|   41|    0|
    |mul_8s_8s_16_1_1_U835   |mul_8s_8s_16_1_1  |        0|   0|  0|   41|    0|
    |mul_8s_8s_16_1_1_U836   |mul_8s_8s_16_1_1  |        0|   0|  0|   41|    0|
    |mul_8s_8s_16_1_1_U837   |mul_8s_8s_16_1_1  |        0|   0|  0|   41|    0|
    |mul_8s_8s_16_1_1_U838   |mul_8s_8s_16_1_1  |        0|   0|  0|   41|    0|
    |mul_8s_8s_16_1_1_U839   |mul_8s_8s_16_1_1  |        0|   0|  0|   41|    0|
    |mul_8s_8s_16_1_1_U840   |mul_8s_8s_16_1_1  |        0|   0|  0|   41|    0|
    |mul_8s_8s_16_1_1_U841   |mul_8s_8s_16_1_1  |        0|   0|  0|   41|    0|
    |mul_8s_8s_16_1_1_U842   |mul_8s_8s_16_1_1  |        0|   0|  0|   41|    0|
    |mul_8s_8s_16_1_1_U843   |mul_8s_8s_16_1_1  |        0|   0|  0|   41|    0|
    |mul_8s_8s_16_1_1_U844   |mul_8s_8s_16_1_1  |        0|   0|  0|   41|    0|
    |mul_8s_8s_16_1_1_U845   |mul_8s_8s_16_1_1  |        0|   0|  0|   41|    0|
    |mul_8s_8s_16_1_1_U846   |mul_8s_8s_16_1_1  |        0|   0|  0|   41|    0|
    |mul_8s_8s_16_1_1_U847   |mul_8s_8s_16_1_1  |        0|   0|  0|   41|    0|
    |mul_8s_8s_16_1_1_U848   |mul_8s_8s_16_1_1  |        0|   0|  0|   41|    0|
    |mul_8s_8s_16_1_1_U849   |mul_8s_8s_16_1_1  |        0|   0|  0|   41|    0|
    |mul_8s_8s_16_1_1_U850   |mul_8s_8s_16_1_1  |        0|   0|  0|   41|    0|
    |mul_8s_8s_16_1_1_U851   |mul_8s_8s_16_1_1  |        0|   0|  0|   41|    0|
    |mul_8s_8s_16_1_1_U852   |mul_8s_8s_16_1_1  |        0|   0|  0|   41|    0|
    |mul_8s_8s_16_1_1_U853   |mul_8s_8s_16_1_1  |        0|   0|  0|   41|    0|
    |mul_8s_8s_16_1_1_U854   |mul_8s_8s_16_1_1  |        0|   0|  0|   41|    0|
    |mul_8s_8s_16_1_1_U855   |mul_8s_8s_16_1_1  |        0|   0|  0|   41|    0|
    |mul_8s_8s_16_1_1_U856   |mul_8s_8s_16_1_1  |        0|   0|  0|   41|    0|
    |mul_8s_8s_16_1_1_U857   |mul_8s_8s_16_1_1  |        0|   0|  0|   41|    0|
    |mul_8s_8s_16_1_1_U858   |mul_8s_8s_16_1_1  |        0|   0|  0|   41|    0|
    |mul_8s_8s_16_1_1_U859   |mul_8s_8s_16_1_1  |        0|   0|  0|   41|    0|
    |mul_8s_8s_16_1_1_U860   |mul_8s_8s_16_1_1  |        0|   0|  0|   41|    0|
    |mul_8s_8s_16_1_1_U861   |mul_8s_8s_16_1_1  |        0|   0|  0|   41|    0|
    |mul_8s_8s_16_1_1_U862   |mul_8s_8s_16_1_1  |        0|   0|  0|   41|    0|
    |mul_8s_8s_16_1_1_U863   |mul_8s_8s_16_1_1  |        0|   0|  0|   41|    0|
    |mul_8s_8s_16_1_1_U864   |mul_8s_8s_16_1_1  |        0|   0|  0|   41|    0|
    |mul_8s_8s_16_1_1_U865   |mul_8s_8s_16_1_1  |        0|   0|  0|   41|    0|
    |mul_8s_8s_16_1_1_U866   |mul_8s_8s_16_1_1  |        0|   0|  0|   41|    0|
    |mul_8s_8s_16_1_1_U867   |mul_8s_8s_16_1_1  |        0|   0|  0|   41|    0|
    |mul_8s_8s_16_1_1_U868   |mul_8s_8s_16_1_1  |        0|   0|  0|   41|    0|
    |mul_8s_8s_16_1_1_U869   |mul_8s_8s_16_1_1  |        0|   0|  0|   41|    0|
    |mul_8s_8s_16_1_1_U870   |mul_8s_8s_16_1_1  |        0|   0|  0|   41|    0|
    |mul_8s_8s_16_1_1_U871   |mul_8s_8s_16_1_1  |        0|   0|  0|   41|    0|
    |mul_8s_8s_16_1_1_U872   |mul_8s_8s_16_1_1  |        0|   0|  0|   41|    0|
    |mul_8s_8s_16_1_1_U873   |mul_8s_8s_16_1_1  |        0|   0|  0|   41|    0|
    |mul_8s_8s_16_1_1_U874   |mul_8s_8s_16_1_1  |        0|   0|  0|   41|    0|
    |mul_8s_8s_16_1_1_U875   |mul_8s_8s_16_1_1  |        0|   0|  0|   41|    0|
    |mul_8s_8s_16_1_1_U876   |mul_8s_8s_16_1_1  |        0|   0|  0|   41|    0|
    |mul_8s_8s_16_1_1_U877   |mul_8s_8s_16_1_1  |        0|   0|  0|   41|    0|
    |mul_8s_8s_16_1_1_U878   |mul_8s_8s_16_1_1  |        0|   0|  0|   41|    0|
    |mul_8s_8s_16_1_1_U879   |mul_8s_8s_16_1_1  |        0|   0|  0|   41|    0|
    |mul_8s_8s_16_1_1_U880   |mul_8s_8s_16_1_1  |        0|   0|  0|   41|    0|
    |mul_8s_8s_16_1_1_U881   |mul_8s_8s_16_1_1  |        0|   0|  0|   41|    0|
    |mul_8s_8s_16_1_1_U882   |mul_8s_8s_16_1_1  |        0|   0|  0|   41|    0|
    |mul_8s_8s_16_1_1_U883   |mul_8s_8s_16_1_1  |        0|   0|  0|   41|    0|
    |mul_8s_8s_16_1_1_U884   |mul_8s_8s_16_1_1  |        0|   0|  0|   41|    0|
    |mul_8s_8s_16_1_1_U885   |mul_8s_8s_16_1_1  |        0|   0|  0|   41|    0|
    |mul_8s_8s_16_1_1_U886   |mul_8s_8s_16_1_1  |        0|   0|  0|   41|    0|
    |mul_8s_8s_16_1_1_U887   |mul_8s_8s_16_1_1  |        0|   0|  0|   41|    0|
    |mul_8s_8s_16_1_1_U888   |mul_8s_8s_16_1_1  |        0|   0|  0|   41|    0|
    |mul_8s_8s_16_1_1_U889   |mul_8s_8s_16_1_1  |        0|   0|  0|   41|    0|
    |mul_8s_8s_16_1_1_U890   |mul_8s_8s_16_1_1  |        0|   0|  0|   41|    0|
    |mul_8s_8s_16_1_1_U891   |mul_8s_8s_16_1_1  |        0|   0|  0|   41|    0|
    |mul_8s_8s_16_1_1_U892   |mul_8s_8s_16_1_1  |        0|   0|  0|   41|    0|
    |mul_8s_8s_16_1_1_U893   |mul_8s_8s_16_1_1  |        0|   0|  0|   41|    0|
    |mul_8s_8s_16_1_1_U894   |mul_8s_8s_16_1_1  |        0|   0|  0|   41|    0|
    |mul_8s_8s_16_1_1_U895   |mul_8s_8s_16_1_1  |        0|   0|  0|   41|    0|
    |mul_8s_8s_16_1_1_U896   |mul_8s_8s_16_1_1  |        0|   0|  0|   41|    0|
    |mul_8s_8s_16_1_1_U897   |mul_8s_8s_16_1_1  |        0|   0|  0|   41|    0|
    |mul_8s_8s_16_1_1_U898   |mul_8s_8s_16_1_1  |        0|   0|  0|   41|    0|
    |mul_8s_8s_16_1_1_U899   |mul_8s_8s_16_1_1  |        0|   0|  0|   41|    0|
    |mul_8s_8s_16_1_1_U900   |mul_8s_8s_16_1_1  |        0|   0|  0|   41|    0|
    |mul_8s_8s_16_1_1_U901   |mul_8s_8s_16_1_1  |        0|   0|  0|   41|    0|
    |mul_8s_8s_16_1_1_U902   |mul_8s_8s_16_1_1  |        0|   0|  0|   41|    0|
    |mul_8s_8s_16_1_1_U903   |mul_8s_8s_16_1_1  |        0|   0|  0|   41|    0|
    |mul_8s_8s_16_1_1_U904   |mul_8s_8s_16_1_1  |        0|   0|  0|   41|    0|
    |mul_8s_8s_16_1_1_U905   |mul_8s_8s_16_1_1  |        0|   0|  0|   41|    0|
    |mul_8s_8s_16_1_1_U906   |mul_8s_8s_16_1_1  |        0|   0|  0|   41|    0|
    |mul_8s_8s_16_1_1_U907   |mul_8s_8s_16_1_1  |        0|   0|  0|   41|    0|
    |mul_8s_8s_16_1_1_U908   |mul_8s_8s_16_1_1  |        0|   0|  0|   41|    0|
    |mul_8s_8s_16_1_1_U909   |mul_8s_8s_16_1_1  |        0|   0|  0|   41|    0|
    |mul_8s_8s_16_1_1_U910   |mul_8s_8s_16_1_1  |        0|   0|  0|   41|    0|
    |mul_8s_8s_16_1_1_U911   |mul_8s_8s_16_1_1  |        0|   0|  0|   41|    0|
    |mul_8s_8s_16_1_1_U912   |mul_8s_8s_16_1_1  |        0|   0|  0|   41|    0|
    |mul_8s_8s_16_1_1_U913   |mul_8s_8s_16_1_1  |        0|   0|  0|   41|    0|
    |mul_8s_8s_16_1_1_U914   |mul_8s_8s_16_1_1  |        0|   0|  0|   41|    0|
    |mul_8s_8s_16_1_1_U915   |mul_8s_8s_16_1_1  |        0|   0|  0|   41|    0|
    |mul_8s_8s_16_1_1_U916   |mul_8s_8s_16_1_1  |        0|   0|  0|   41|    0|
    |mul_8s_8s_16_1_1_U917   |mul_8s_8s_16_1_1  |        0|   0|  0|   41|    0|
    |mul_8s_8s_16_1_1_U918   |mul_8s_8s_16_1_1  |        0|   0|  0|   41|    0|
    |mul_8s_8s_16_1_1_U919   |mul_8s_8s_16_1_1  |        0|   0|  0|   41|    0|
    |mul_8s_8s_16_1_1_U920   |mul_8s_8s_16_1_1  |        0|   0|  0|   41|    0|
    |mul_8s_8s_16_1_1_U921   |mul_8s_8s_16_1_1  |        0|   0|  0|   41|    0|
    |mul_8s_8s_16_1_1_U922   |mul_8s_8s_16_1_1  |        0|   0|  0|   41|    0|
    |mul_8s_8s_16_1_1_U923   |mul_8s_8s_16_1_1  |        0|   0|  0|   41|    0|
    |mul_8s_8s_16_1_1_U924   |mul_8s_8s_16_1_1  |        0|   0|  0|   41|    0|
    |mul_8s_8s_16_1_1_U925   |mul_8s_8s_16_1_1  |        0|   0|  0|   41|    0|
    |mul_8s_8s_16_1_1_U926   |mul_8s_8s_16_1_1  |        0|   0|  0|   41|    0|
    |mul_8s_8s_16_1_1_U927   |mul_8s_8s_16_1_1  |        0|   0|  0|   41|    0|
    |mul_8s_8s_16_1_1_U928   |mul_8s_8s_16_1_1  |        0|   0|  0|   41|    0|
    |mul_8s_8s_16_1_1_U929   |mul_8s_8s_16_1_1  |        0|   0|  0|   41|    0|
    |mul_8s_8s_16_1_1_U930   |mul_8s_8s_16_1_1  |        0|   0|  0|   41|    0|
    |mul_8s_8s_16_1_1_U931   |mul_8s_8s_16_1_1  |        0|   0|  0|   41|    0|
    |mul_8s_8s_16_1_1_U932   |mul_8s_8s_16_1_1  |        0|   0|  0|   41|    0|
    |mul_8s_8s_16_1_1_U933   |mul_8s_8s_16_1_1  |        0|   0|  0|   41|    0|
    |mul_8s_8s_16_1_1_U934   |mul_8s_8s_16_1_1  |        0|   0|  0|   41|    0|
    |mul_8s_8s_16_1_1_U935   |mul_8s_8s_16_1_1  |        0|   0|  0|   41|    0|
    |mul_8s_8s_16_1_1_U936   |mul_8s_8s_16_1_1  |        0|   0|  0|   41|    0|
    |mul_8s_8s_16_1_1_U937   |mul_8s_8s_16_1_1  |        0|   0|  0|   41|    0|
    |mul_8s_8s_16_1_1_U938   |mul_8s_8s_16_1_1  |        0|   0|  0|   41|    0|
    |mul_8s_8s_16_1_1_U939   |mul_8s_8s_16_1_1  |        0|   0|  0|   41|    0|
    |mul_8s_8s_16_1_1_U940   |mul_8s_8s_16_1_1  |        0|   0|  0|   41|    0|
    |mul_8s_8s_16_1_1_U941   |mul_8s_8s_16_1_1  |        0|   0|  0|   41|    0|
    |mul_8s_8s_16_1_1_U942   |mul_8s_8s_16_1_1  |        0|   0|  0|   41|    0|
    |mul_8s_8s_16_1_1_U943   |mul_8s_8s_16_1_1  |        0|   0|  0|   41|    0|
    |mul_8s_8s_16_1_1_U944   |mul_8s_8s_16_1_1  |        0|   0|  0|   41|    0|
    |mul_8s_8s_16_1_1_U945   |mul_8s_8s_16_1_1  |        0|   0|  0|   41|    0|
    |mul_8s_8s_16_1_1_U946   |mul_8s_8s_16_1_1  |        0|   0|  0|   41|    0|
    |mul_8s_8s_16_1_1_U947   |mul_8s_8s_16_1_1  |        0|   0|  0|   41|    0|
    |mul_8s_8s_16_1_1_U948   |mul_8s_8s_16_1_1  |        0|   0|  0|   41|    0|
    |mul_8s_8s_16_1_1_U949   |mul_8s_8s_16_1_1  |        0|   0|  0|   41|    0|
    |mul_8s_8s_16_1_1_U950   |mul_8s_8s_16_1_1  |        0|   0|  0|   41|    0|
    |mul_8s_8s_16_1_1_U951   |mul_8s_8s_16_1_1  |        0|   0|  0|   41|    0|
    |mul_8s_8s_16_1_1_U952   |mul_8s_8s_16_1_1  |        0|   0|  0|   41|    0|
    |mul_8s_8s_16_1_1_U953   |mul_8s_8s_16_1_1  |        0|   0|  0|   41|    0|
    |mul_8s_8s_16_1_1_U954   |mul_8s_8s_16_1_1  |        0|   0|  0|   41|    0|
    |mul_8s_8s_16_1_1_U955   |mul_8s_8s_16_1_1  |        0|   0|  0|   41|    0|
    |mul_8s_8s_16_1_1_U956   |mul_8s_8s_16_1_1  |        0|   0|  0|   41|    0|
    |mul_8s_8s_16_1_1_U957   |mul_8s_8s_16_1_1  |        0|   0|  0|   41|    0|
    |mul_8s_8s_16_1_1_U958   |mul_8s_8s_16_1_1  |        0|   0|  0|   41|    0|
    |mul_8s_8s_16_1_1_U959   |mul_8s_8s_16_1_1  |        0|   0|  0|   41|    0|
    |mul_8s_8s_16_1_1_U960   |mul_8s_8s_16_1_1  |        0|   0|  0|   41|    0|
    |mul_8s_8s_16_1_1_U961   |mul_8s_8s_16_1_1  |        0|   0|  0|   41|    0|
    |mul_8s_8s_16_1_1_U962   |mul_8s_8s_16_1_1  |        0|   0|  0|   41|    0|
    |mul_8s_8s_16_1_1_U963   |mul_8s_8s_16_1_1  |        0|   0|  0|   41|    0|
    |mul_8s_8s_16_1_1_U964   |mul_8s_8s_16_1_1  |        0|   0|  0|   41|    0|
    |mul_8s_8s_16_1_1_U965   |mul_8s_8s_16_1_1  |        0|   0|  0|   41|    0|
    |mul_8s_8s_16_1_1_U966   |mul_8s_8s_16_1_1  |        0|   0|  0|   41|    0|
    |mul_8s_8s_16_1_1_U967   |mul_8s_8s_16_1_1  |        0|   0|  0|   41|    0|
    |mul_8s_8s_16_1_1_U968   |mul_8s_8s_16_1_1  |        0|   0|  0|   41|    0|
    |mul_8s_8s_16_1_1_U969   |mul_8s_8s_16_1_1  |        0|   0|  0|   41|    0|
    |mul_8s_8s_16_1_1_U970   |mul_8s_8s_16_1_1  |        0|   0|  0|   41|    0|
    |mul_8s_8s_16_1_1_U971   |mul_8s_8s_16_1_1  |        0|   0|  0|   41|    0|
    |mul_8s_8s_16_1_1_U972   |mul_8s_8s_16_1_1  |        0|   0|  0|   41|    0|
    |mul_8s_8s_16_1_1_U973   |mul_8s_8s_16_1_1  |        0|   0|  0|   41|    0|
    |mul_8s_8s_16_1_1_U974   |mul_8s_8s_16_1_1  |        0|   0|  0|   41|    0|
    |mul_8s_8s_16_1_1_U975   |mul_8s_8s_16_1_1  |        0|   0|  0|   41|    0|
    |mul_8s_8s_16_1_1_U976   |mul_8s_8s_16_1_1  |        0|   0|  0|   41|    0|
    |mul_8s_8s_16_1_1_U977   |mul_8s_8s_16_1_1  |        0|   0|  0|   41|    0|
    |mul_8s_8s_16_1_1_U978   |mul_8s_8s_16_1_1  |        0|   0|  0|   41|    0|
    |mul_8s_8s_16_1_1_U979   |mul_8s_8s_16_1_1  |        0|   0|  0|   41|    0|
    |mul_8s_8s_16_1_1_U980   |mul_8s_8s_16_1_1  |        0|   0|  0|   41|    0|
    |mul_8s_8s_16_1_1_U981   |mul_8s_8s_16_1_1  |        0|   0|  0|   41|    0|
    |mul_8s_8s_16_1_1_U982   |mul_8s_8s_16_1_1  |        0|   0|  0|   41|    0|
    |mul_8s_8s_16_1_1_U983   |mul_8s_8s_16_1_1  |        0|   0|  0|   41|    0|
    |mul_8s_8s_16_1_1_U984   |mul_8s_8s_16_1_1  |        0|   0|  0|   41|    0|
    |mul_8s_8s_16_1_1_U985   |mul_8s_8s_16_1_1  |        0|   0|  0|   41|    0|
    |mul_8s_8s_16_1_1_U986   |mul_8s_8s_16_1_1  |        0|   0|  0|   41|    0|
    |mul_8s_8s_16_1_1_U987   |mul_8s_8s_16_1_1  |        0|   0|  0|   41|    0|
    |mul_8s_8s_16_1_1_U988   |mul_8s_8s_16_1_1  |        0|   0|  0|   41|    0|
    |mul_8s_8s_16_1_1_U989   |mul_8s_8s_16_1_1  |        0|   0|  0|   41|    0|
    |mul_8s_8s_16_1_1_U990   |mul_8s_8s_16_1_1  |        0|   0|  0|   41|    0|
    |mul_8s_8s_16_1_1_U991   |mul_8s_8s_16_1_1  |        0|   0|  0|   41|    0|
    |mul_8s_8s_16_1_1_U992   |mul_8s_8s_16_1_1  |        0|   0|  0|   41|    0|
    |mul_8s_8s_16_1_1_U993   |mul_8s_8s_16_1_1  |        0|   0|  0|   41|    0|
    |mul_8s_8s_16_1_1_U994   |mul_8s_8s_16_1_1  |        0|   0|  0|   41|    0|
    |mul_8s_8s_16_1_1_U995   |mul_8s_8s_16_1_1  |        0|   0|  0|   41|    0|
    |mul_8s_8s_16_1_1_U996   |mul_8s_8s_16_1_1  |        0|   0|  0|   41|    0|
    |mul_8s_8s_16_1_1_U997   |mul_8s_8s_16_1_1  |        0|   0|  0|   41|    0|
    |mul_8s_8s_16_1_1_U998   |mul_8s_8s_16_1_1  |        0|   0|  0|   41|    0|
    |mul_8s_8s_16_1_1_U999   |mul_8s_8s_16_1_1  |        0|   0|  0|   41|    0|
    |mul_8s_8s_16_1_1_U1000  |mul_8s_8s_16_1_1  |        0|   0|  0|   41|    0|
    |mul_8s_8s_16_1_1_U1001  |mul_8s_8s_16_1_1  |        0|   0|  0|   41|    0|
    |mul_8s_8s_16_1_1_U1002  |mul_8s_8s_16_1_1  |        0|   0|  0|   41|    0|
    |mul_8s_8s_16_1_1_U1003  |mul_8s_8s_16_1_1  |        0|   0|  0|   41|    0|
    |mul_8s_8s_16_1_1_U1004  |mul_8s_8s_16_1_1  |        0|   0|  0|   41|    0|
    |mul_8s_8s_16_1_1_U1005  |mul_8s_8s_16_1_1  |        0|   0|  0|   41|    0|
    |mul_8s_8s_16_1_1_U1006  |mul_8s_8s_16_1_1  |        0|   0|  0|   41|    0|
    |mul_8s_8s_16_1_1_U1007  |mul_8s_8s_16_1_1  |        0|   0|  0|   41|    0|
    |mul_8s_8s_16_1_1_U1008  |mul_8s_8s_16_1_1  |        0|   0|  0|   41|    0|
    |mul_8s_8s_16_1_1_U1009  |mul_8s_8s_16_1_1  |        0|   0|  0|   41|    0|
    |mul_8s_8s_16_1_1_U1010  |mul_8s_8s_16_1_1  |        0|   0|  0|   41|    0|
    |mul_8s_8s_16_1_1_U1011  |mul_8s_8s_16_1_1  |        0|   0|  0|   41|    0|
    |mul_8s_8s_16_1_1_U1012  |mul_8s_8s_16_1_1  |        0|   0|  0|   41|    0|
    |mul_8s_8s_16_1_1_U1013  |mul_8s_8s_16_1_1  |        0|   0|  0|   41|    0|
    |mul_8s_8s_16_1_1_U1014  |mul_8s_8s_16_1_1  |        0|   0|  0|   41|    0|
    |mul_8s_8s_16_1_1_U1015  |mul_8s_8s_16_1_1  |        0|   0|  0|   41|    0|
    |mul_8s_8s_16_1_1_U1016  |mul_8s_8s_16_1_1  |        0|   0|  0|   41|    0|
    +------------------------+------------------+---------+----+---+-----+-----+
    |Total                   |                  |        0|   0|  0|13653|    0|
    +------------------------+------------------+---------+----+---+-----+-----+

    * DSP: 
    +-----------------------------------+-----------------------------+--------------+
    |              Instance             |            Module           |  Expression  |
    +-----------------------------------+-----------------------------+--------------+
    |mac_muladd_8s_8s_15s_16_4_1_U1237  |mac_muladd_8s_8s_15s_16_4_1  |  i0 + i1 * i2|
    |mac_muladd_8s_8s_15s_16_4_1_U1253  |mac_muladd_8s_8s_15s_16_4_1  |  i0 + i1 * i2|
    |mac_muladd_8s_8s_15s_16_4_1_U1269  |mac_muladd_8s_8s_15s_16_4_1  |  i0 + i1 * i2|
    |mac_muladd_8s_8s_15s_16_4_1_U1285  |mac_muladd_8s_8s_15s_16_4_1  |  i0 + i1 * i2|
    |mac_muladd_8s_8s_15s_16_4_1_U1301  |mac_muladd_8s_8s_15s_16_4_1  |  i0 + i1 * i2|
    |mac_muladd_8s_8s_15s_16_4_1_U1317  |mac_muladd_8s_8s_15s_16_4_1  |  i0 + i1 * i2|
    |mac_muladd_8s_8s_15s_16_4_1_U1333  |mac_muladd_8s_8s_15s_16_4_1  |  i0 + i1 * i2|
    |mac_muladd_8s_8s_15s_16_4_1_U1349  |mac_muladd_8s_8s_15s_16_4_1  |  i0 + i1 * i2|
    |mac_muladd_8s_8s_15s_16_4_1_U1365  |mac_muladd_8s_8s_15s_16_4_1  |  i0 + i1 * i2|
    |mac_muladd_8s_8s_15s_16_4_1_U1381  |mac_muladd_8s_8s_15s_16_4_1  |  i0 + i1 * i2|
    |mac_muladd_8s_8s_15s_16_4_1_U1397  |mac_muladd_8s_8s_15s_16_4_1  |  i0 + i1 * i2|
    |mac_muladd_8s_8s_15s_16_4_1_U1413  |mac_muladd_8s_8s_15s_16_4_1  |  i0 + i1 * i2|
    |mac_muladd_8s_8s_15s_16_4_1_U1429  |mac_muladd_8s_8s_15s_16_4_1  |  i0 + i1 * i2|
    |mac_muladd_8s_8s_15s_16_4_1_U1445  |mac_muladd_8s_8s_15s_16_4_1  |  i0 + i1 * i2|
    |mac_muladd_8s_8s_15s_16_4_1_U1461  |mac_muladd_8s_8s_15s_16_4_1  |  i0 + i1 * i2|
    |mac_muladd_8s_8s_15s_16_4_1_U1477  |mac_muladd_8s_8s_15s_16_4_1  |  i0 + i1 * i2|
    |mac_muladd_8s_8s_15s_16_4_1_U1493  |mac_muladd_8s_8s_15s_16_4_1  |  i0 + i1 * i2|
    |mac_muladd_8s_8s_15s_16_4_1_U1509  |mac_muladd_8s_8s_15s_16_4_1  |  i0 + i1 * i2|
    |mac_muladd_8s_8s_15s_16_4_1_U1525  |mac_muladd_8s_8s_15s_16_4_1  |  i0 + i1 * i2|
    |mac_muladd_8s_8s_15s_16_4_1_U1541  |mac_muladd_8s_8s_15s_16_4_1  |  i0 + i1 * i2|
    |mac_muladd_8s_8s_15s_16_4_1_U1557  |mac_muladd_8s_8s_15s_16_4_1  |  i0 + i1 * i2|
    |mac_muladd_8s_8s_16s_16_4_1_U1017  |mac_muladd_8s_8s_16s_16_4_1  |  i0 + i1 * i2|
    |mac_muladd_8s_8s_16s_16_4_1_U1019  |mac_muladd_8s_8s_16s_16_4_1  |  i0 + i1 * i2|
    |mac_muladd_8s_8s_16s_16_4_1_U1020  |mac_muladd_8s_8s_16s_16_4_1  |  i0 + i1 * i2|
    |mac_muladd_8s_8s_16s_16_4_1_U1021  |mac_muladd_8s_8s_16s_16_4_1  |  i0 + i1 * i2|
    |mac_muladd_8s_8s_16s_16_4_1_U1023  |mac_muladd_8s_8s_16s_16_4_1  |  i0 + i1 * i2|
    |mac_muladd_8s_8s_16s_16_4_1_U1025  |mac_muladd_8s_8s_16s_16_4_1  |  i0 + i1 * i2|
    |mac_muladd_8s_8s_16s_16_4_1_U1026  |mac_muladd_8s_8s_16s_16_4_1  |  i0 + i1 * i2|
    |mac_muladd_8s_8s_16s_16_4_1_U1027  |mac_muladd_8s_8s_16s_16_4_1  |  i0 + i1 * i2|
    |mac_muladd_8s_8s_16s_16_4_1_U1029  |mac_muladd_8s_8s_16s_16_4_1  |  i0 + i1 * i2|
    |mac_muladd_8s_8s_16s_16_4_1_U1030  |mac_muladd_8s_8s_16s_16_4_1  |  i0 + i1 * i2|
    |mac_muladd_8s_8s_16s_16_4_1_U1031  |mac_muladd_8s_8s_16s_16_4_1  |  i0 + i1 * i2|
    |mac_muladd_8s_8s_16s_16_4_1_U1032  |mac_muladd_8s_8s_16s_16_4_1  |  i0 + i1 * i2|
    |mac_muladd_8s_8s_16s_16_4_1_U1034  |mac_muladd_8s_8s_16s_16_4_1  |  i0 + i1 * i2|
    |mac_muladd_8s_8s_16s_16_4_1_U1035  |mac_muladd_8s_8s_16s_16_4_1  |  i0 + i1 * i2|
    |mac_muladd_8s_8s_16s_16_4_1_U1036  |mac_muladd_8s_8s_16s_16_4_1  |  i0 + i1 * i2|
    |mac_muladd_8s_8s_16s_16_4_1_U1038  |mac_muladd_8s_8s_16s_16_4_1  |  i0 + i1 * i2|
    |mac_muladd_8s_8s_16s_16_4_1_U1039  |mac_muladd_8s_8s_16s_16_4_1  |  i0 + i1 * i2|
    |mac_muladd_8s_8s_16s_16_4_1_U1040  |mac_muladd_8s_8s_16s_16_4_1  |  i0 + i1 * i2|
    |mac_muladd_8s_8s_16s_16_4_1_U1041  |mac_muladd_8s_8s_16s_16_4_1  |  i0 + i1 * i2|
    |mac_muladd_8s_8s_16s_16_4_1_U1043  |mac_muladd_8s_8s_16s_16_4_1  |  i0 + i1 * i2|
    |mac_muladd_8s_8s_16s_16_4_1_U1044  |mac_muladd_8s_8s_16s_16_4_1  |  i0 + i1 * i2|
    |mac_muladd_8s_8s_16s_16_4_1_U1045  |mac_muladd_8s_8s_16s_16_4_1  |  i0 + i1 * i2|
    |mac_muladd_8s_8s_16s_16_4_1_U1047  |mac_muladd_8s_8s_16s_16_4_1  |  i0 + i1 * i2|
    |mac_muladd_8s_8s_16s_16_4_1_U1048  |mac_muladd_8s_8s_16s_16_4_1  |  i0 + i1 * i2|
    |mac_muladd_8s_8s_16s_16_4_1_U1049  |mac_muladd_8s_8s_16s_16_4_1  |  i0 + i1 * i2|
    |mac_muladd_8s_8s_16s_16_4_1_U1050  |mac_muladd_8s_8s_16s_16_4_1  |  i0 + i1 * i2|
    |mac_muladd_8s_8s_16s_16_4_1_U1052  |mac_muladd_8s_8s_16s_16_4_1  |  i0 + i1 * i2|
    |mac_muladd_8s_8s_16s_16_4_1_U1053  |mac_muladd_8s_8s_16s_16_4_1  |  i0 + i1 * i2|
    |mac_muladd_8s_8s_16s_16_4_1_U1054  |mac_muladd_8s_8s_16s_16_4_1  |  i0 + i1 * i2|
    |mac_muladd_8s_8s_16s_16_4_1_U1056  |mac_muladd_8s_8s_16s_16_4_1  |  i0 + i1 * i2|
    |mac_muladd_8s_8s_16s_16_4_1_U1057  |mac_muladd_8s_8s_16s_16_4_1  |  i0 + i1 * i2|
    |mac_muladd_8s_8s_16s_16_4_1_U1058  |mac_muladd_8s_8s_16s_16_4_1  |  i0 + i1 * i2|
    |mac_muladd_8s_8s_16s_16_4_1_U1059  |mac_muladd_8s_8s_16s_16_4_1  |  i0 + i1 * i2|
    |mac_muladd_8s_8s_16s_16_4_1_U1061  |mac_muladd_8s_8s_16s_16_4_1  |  i0 + i1 * i2|
    |mac_muladd_8s_8s_16s_16_4_1_U1062  |mac_muladd_8s_8s_16s_16_4_1  |  i0 + i1 * i2|
    |mac_muladd_8s_8s_16s_16_4_1_U1063  |mac_muladd_8s_8s_16s_16_4_1  |  i0 + i1 * i2|
    |mac_muladd_8s_8s_16s_16_4_1_U1065  |mac_muladd_8s_8s_16s_16_4_1  |  i0 + i1 * i2|
    |mac_muladd_8s_8s_16s_16_4_1_U1066  |mac_muladd_8s_8s_16s_16_4_1  |  i0 + i1 * i2|
    |mac_muladd_8s_8s_16s_16_4_1_U1067  |mac_muladd_8s_8s_16s_16_4_1  |  i0 + i1 * i2|
    |mac_muladd_8s_8s_16s_16_4_1_U1068  |mac_muladd_8s_8s_16s_16_4_1  |  i0 + i1 * i2|
    |mac_muladd_8s_8s_16s_16_4_1_U1070  |mac_muladd_8s_8s_16s_16_4_1  |  i0 + i1 * i2|
    |mac_muladd_8s_8s_16s_16_4_1_U1071  |mac_muladd_8s_8s_16s_16_4_1  |  i0 + i1 * i2|
    |mac_muladd_8s_8s_16s_16_4_1_U1072  |mac_muladd_8s_8s_16s_16_4_1  |  i0 + i1 * i2|
    |mac_muladd_8s_8s_16s_16_4_1_U1074  |mac_muladd_8s_8s_16s_16_4_1  |  i0 + i1 * i2|
    |mac_muladd_8s_8s_16s_16_4_1_U1075  |mac_muladd_8s_8s_16s_16_4_1  |  i0 + i1 * i2|
    |mac_muladd_8s_8s_16s_16_4_1_U1076  |mac_muladd_8s_8s_16s_16_4_1  |  i0 + i1 * i2|
    |mac_muladd_8s_8s_16s_16_4_1_U1077  |mac_muladd_8s_8s_16s_16_4_1  |  i0 + i1 * i2|
    |mac_muladd_8s_8s_16s_16_4_1_U1079  |mac_muladd_8s_8s_16s_16_4_1  |  i0 + i1 * i2|
    |mac_muladd_8s_8s_16s_16_4_1_U1080  |mac_muladd_8s_8s_16s_16_4_1  |  i0 + i1 * i2|
    |mac_muladd_8s_8s_16s_16_4_1_U1081  |mac_muladd_8s_8s_16s_16_4_1  |  i0 + i1 * i2|
    |mac_muladd_8s_8s_16s_16_4_1_U1083  |mac_muladd_8s_8s_16s_16_4_1  |  i0 + i1 * i2|
    |mac_muladd_8s_8s_16s_16_4_1_U1084  |mac_muladd_8s_8s_16s_16_4_1  |  i0 + i1 * i2|
    |mac_muladd_8s_8s_16s_16_4_1_U1085  |mac_muladd_8s_8s_16s_16_4_1  |  i0 + i1 * i2|
    |mac_muladd_8s_8s_16s_16_4_1_U1086  |mac_muladd_8s_8s_16s_16_4_1  |  i0 + i1 * i2|
    |mac_muladd_8s_8s_16s_16_4_1_U1088  |mac_muladd_8s_8s_16s_16_4_1  |  i0 + i1 * i2|
    |mac_muladd_8s_8s_16s_16_4_1_U1089  |mac_muladd_8s_8s_16s_16_4_1  |  i0 + i1 * i2|
    |mac_muladd_8s_8s_16s_16_4_1_U1090  |mac_muladd_8s_8s_16s_16_4_1  |  i0 + i1 * i2|
    |mac_muladd_8s_8s_16s_16_4_1_U1092  |mac_muladd_8s_8s_16s_16_4_1  |  i0 + i1 * i2|
    |mac_muladd_8s_8s_16s_16_4_1_U1093  |mac_muladd_8s_8s_16s_16_4_1  |  i0 + i1 * i2|
    |mac_muladd_8s_8s_16s_16_4_1_U1094  |mac_muladd_8s_8s_16s_16_4_1  |  i0 + i1 * i2|
    |mac_muladd_8s_8s_16s_16_4_1_U1095  |mac_muladd_8s_8s_16s_16_4_1  |  i0 + i1 * i2|
    |mac_muladd_8s_8s_16s_16_4_1_U1097  |mac_muladd_8s_8s_16s_16_4_1  |  i0 + i1 * i2|
    |mac_muladd_8s_8s_16s_16_4_1_U1098  |mac_muladd_8s_8s_16s_16_4_1  |  i0 + i1 * i2|
    |mac_muladd_8s_8s_16s_16_4_1_U1099  |mac_muladd_8s_8s_16s_16_4_1  |  i0 + i1 * i2|
    |mac_muladd_8s_8s_16s_16_4_1_U1101  |mac_muladd_8s_8s_16s_16_4_1  |  i0 + i1 * i2|
    |mac_muladd_8s_8s_16s_16_4_1_U1102  |mac_muladd_8s_8s_16s_16_4_1  |  i0 + i1 * i2|
    |mac_muladd_8s_8s_16s_16_4_1_U1103  |mac_muladd_8s_8s_16s_16_4_1  |  i0 + i1 * i2|
    |mac_muladd_8s_8s_16s_16_4_1_U1104  |mac_muladd_8s_8s_16s_16_4_1  |  i0 + i1 * i2|
    |mac_muladd_8s_8s_16s_16_4_1_U1106  |mac_muladd_8s_8s_16s_16_4_1  |  i0 + i1 * i2|
    |mac_muladd_8s_8s_16s_16_4_1_U1107  |mac_muladd_8s_8s_16s_16_4_1  |  i0 + i1 * i2|
    |mac_muladd_8s_8s_16s_16_4_1_U1108  |mac_muladd_8s_8s_16s_16_4_1  |  i0 + i1 * i2|
    |mac_muladd_8s_8s_16s_16_4_1_U1110  |mac_muladd_8s_8s_16s_16_4_1  |  i0 + i1 * i2|
    |mac_muladd_8s_8s_16s_16_4_1_U1111  |mac_muladd_8s_8s_16s_16_4_1  |  i0 + i1 * i2|
    |mac_muladd_8s_8s_16s_16_4_1_U1112  |mac_muladd_8s_8s_16s_16_4_1  |  i0 + i1 * i2|
    |mac_muladd_8s_8s_16s_16_4_1_U1113  |mac_muladd_8s_8s_16s_16_4_1  |  i0 + i1 * i2|
    |mac_muladd_8s_8s_16s_16_4_1_U1115  |mac_muladd_8s_8s_16s_16_4_1  |  i0 + i1 * i2|
    |mac_muladd_8s_8s_16s_16_4_1_U1116  |mac_muladd_8s_8s_16s_16_4_1  |  i0 + i1 * i2|
    |mac_muladd_8s_8s_16s_16_4_1_U1117  |mac_muladd_8s_8s_16s_16_4_1  |  i0 + i1 * i2|
    |mac_muladd_8s_8s_16s_16_4_1_U1119  |mac_muladd_8s_8s_16s_16_4_1  |  i0 + i1 * i2|
    |mac_muladd_8s_8s_16s_16_4_1_U1120  |mac_muladd_8s_8s_16s_16_4_1  |  i0 + i1 * i2|
    |mac_muladd_8s_8s_16s_16_4_1_U1121  |mac_muladd_8s_8s_16s_16_4_1  |  i0 + i1 * i2|
    |mac_muladd_8s_8s_16s_16_4_1_U1122  |mac_muladd_8s_8s_16s_16_4_1  |  i0 + i1 * i2|
    |mac_muladd_8s_8s_16s_16_4_1_U1124  |mac_muladd_8s_8s_16s_16_4_1  |  i0 + i1 * i2|
    |mac_muladd_8s_8s_16s_16_4_1_U1125  |mac_muladd_8s_8s_16s_16_4_1  |  i0 + i1 * i2|
    |mac_muladd_8s_8s_16s_16_4_1_U1126  |mac_muladd_8s_8s_16s_16_4_1  |  i0 + i1 * i2|
    |mac_muladd_8s_8s_16s_16_4_1_U1128  |mac_muladd_8s_8s_16s_16_4_1  |  i0 + i1 * i2|
    |mac_muladd_8s_8s_16s_16_4_1_U1129  |mac_muladd_8s_8s_16s_16_4_1  |  i0 + i1 * i2|
    |mac_muladd_8s_8s_16s_16_4_1_U1130  |mac_muladd_8s_8s_16s_16_4_1  |  i0 + i1 * i2|
    |mac_muladd_8s_8s_16s_16_4_1_U1131  |mac_muladd_8s_8s_16s_16_4_1  |  i0 + i1 * i2|
    |mac_muladd_8s_8s_16s_16_4_1_U1133  |mac_muladd_8s_8s_16s_16_4_1  |  i0 + i1 * i2|
    |mac_muladd_8s_8s_16s_16_4_1_U1134  |mac_muladd_8s_8s_16s_16_4_1  |  i0 + i1 * i2|
    |mac_muladd_8s_8s_16s_16_4_1_U1135  |mac_muladd_8s_8s_16s_16_4_1  |  i0 + i1 * i2|
    |mac_muladd_8s_8s_16s_16_4_1_U1137  |mac_muladd_8s_8s_16s_16_4_1  |  i0 + i1 * i2|
    |mac_muladd_8s_8s_16s_16_4_1_U1138  |mac_muladd_8s_8s_16s_16_4_1  |  i0 + i1 * i2|
    |mac_muladd_8s_8s_16s_16_4_1_U1139  |mac_muladd_8s_8s_16s_16_4_1  |  i0 + i1 * i2|
    |mac_muladd_8s_8s_16s_16_4_1_U1140  |mac_muladd_8s_8s_16s_16_4_1  |  i0 + i1 * i2|
    |mac_muladd_8s_8s_16s_16_4_1_U1142  |mac_muladd_8s_8s_16s_16_4_1  |  i0 + i1 * i2|
    |mac_muladd_8s_8s_16s_16_4_1_U1143  |mac_muladd_8s_8s_16s_16_4_1  |  i0 + i1 * i2|
    |mac_muladd_8s_8s_16s_16_4_1_U1144  |mac_muladd_8s_8s_16s_16_4_1  |  i0 + i1 * i2|
    |mac_muladd_8s_8s_16s_16_4_1_U1146  |mac_muladd_8s_8s_16s_16_4_1  |  i0 + i1 * i2|
    |mac_muladd_8s_8s_16s_16_4_1_U1147  |mac_muladd_8s_8s_16s_16_4_1  |  i0 + i1 * i2|
    |mac_muladd_8s_8s_16s_16_4_1_U1148  |mac_muladd_8s_8s_16s_16_4_1  |  i0 + i1 * i2|
    |mac_muladd_8s_8s_16s_16_4_1_U1149  |mac_muladd_8s_8s_16s_16_4_1  |  i0 + i1 * i2|
    |mac_muladd_8s_8s_16s_16_4_1_U1151  |mac_muladd_8s_8s_16s_16_4_1  |  i0 + i1 * i2|
    |mac_muladd_8s_8s_16s_16_4_1_U1152  |mac_muladd_8s_8s_16s_16_4_1  |  i0 + i1 * i2|
    |mac_muladd_8s_8s_16s_16_4_1_U1153  |mac_muladd_8s_8s_16s_16_4_1  |  i0 + i1 * i2|
    |mac_muladd_8s_8s_16s_16_4_1_U1155  |mac_muladd_8s_8s_16s_16_4_1  |  i0 + i1 * i2|
    |mac_muladd_8s_8s_16s_16_4_1_U1156  |mac_muladd_8s_8s_16s_16_4_1  |  i0 + i1 * i2|
    |mac_muladd_8s_8s_16s_16_4_1_U1157  |mac_muladd_8s_8s_16s_16_4_1  |  i0 + i1 * i2|
    |mac_muladd_8s_8s_16s_16_4_1_U1158  |mac_muladd_8s_8s_16s_16_4_1  |  i0 + i1 * i2|
    |mac_muladd_8s_8s_16s_16_4_1_U1160  |mac_muladd_8s_8s_16s_16_4_1  |  i0 + i1 * i2|
    |mac_muladd_8s_8s_16s_16_4_1_U1161  |mac_muladd_8s_8s_16s_16_4_1  |  i0 + i1 * i2|
    |mac_muladd_8s_8s_16s_16_4_1_U1162  |mac_muladd_8s_8s_16s_16_4_1  |  i0 + i1 * i2|
    |mac_muladd_8s_8s_16s_16_4_1_U1164  |mac_muladd_8s_8s_16s_16_4_1  |  i0 + i1 * i2|
    |mac_muladd_8s_8s_16s_16_4_1_U1165  |mac_muladd_8s_8s_16s_16_4_1  |  i0 + i1 * i2|
    |mac_muladd_8s_8s_16s_16_4_1_U1166  |mac_muladd_8s_8s_16s_16_4_1  |  i0 + i1 * i2|
    |mac_muladd_8s_8s_16s_16_4_1_U1167  |mac_muladd_8s_8s_16s_16_4_1  |  i0 + i1 * i2|
    |mac_muladd_8s_8s_16s_16_4_1_U1169  |mac_muladd_8s_8s_16s_16_4_1  |  i0 + i1 * i2|
    |mac_muladd_8s_8s_16s_16_4_1_U1170  |mac_muladd_8s_8s_16s_16_4_1  |  i0 + i1 * i2|
    |mac_muladd_8s_8s_16s_16_4_1_U1171  |mac_muladd_8s_8s_16s_16_4_1  |  i0 + i1 * i2|
    |mac_muladd_8s_8s_16s_16_4_1_U1173  |mac_muladd_8s_8s_16s_16_4_1  |  i0 + i1 * i2|
    |mac_muladd_8s_8s_16s_16_4_1_U1174  |mac_muladd_8s_8s_16s_16_4_1  |  i0 + i1 * i2|
    |mac_muladd_8s_8s_16s_16_4_1_U1175  |mac_muladd_8s_8s_16s_16_4_1  |  i0 + i1 * i2|
    |mac_muladd_8s_8s_16s_16_4_1_U1176  |mac_muladd_8s_8s_16s_16_4_1  |  i0 + i1 * i2|
    |mac_muladd_8s_8s_16s_16_4_1_U1178  |mac_muladd_8s_8s_16s_16_4_1  |  i0 + i1 * i2|
    |mac_muladd_8s_8s_16s_16_4_1_U1179  |mac_muladd_8s_8s_16s_16_4_1  |  i0 + i1 * i2|
    |mac_muladd_8s_8s_16s_16_4_1_U1180  |mac_muladd_8s_8s_16s_16_4_1  |  i0 + i1 * i2|
    |mac_muladd_8s_8s_16s_16_4_1_U1182  |mac_muladd_8s_8s_16s_16_4_1  |  i0 + i1 * i2|
    |mac_muladd_8s_8s_16s_16_4_1_U1183  |mac_muladd_8s_8s_16s_16_4_1  |  i0 + i1 * i2|
    |mac_muladd_8s_8s_16s_16_4_1_U1184  |mac_muladd_8s_8s_16s_16_4_1  |  i0 + i1 * i2|
    |mac_muladd_8s_8s_16s_16_4_1_U1185  |mac_muladd_8s_8s_16s_16_4_1  |  i0 + i1 * i2|
    |mac_muladd_8s_8s_16s_16_4_1_U1187  |mac_muladd_8s_8s_16s_16_4_1  |  i0 + i1 * i2|
    |mac_muladd_8s_8s_16s_16_4_1_U1188  |mac_muladd_8s_8s_16s_16_4_1  |  i0 + i1 * i2|
    |mac_muladd_8s_8s_16s_16_4_1_U1189  |mac_muladd_8s_8s_16s_16_4_1  |  i0 + i1 * i2|
    |mac_muladd_8s_8s_16s_16_4_1_U1191  |mac_muladd_8s_8s_16s_16_4_1  |  i0 + i1 * i2|
    |mac_muladd_8s_8s_16s_16_4_1_U1192  |mac_muladd_8s_8s_16s_16_4_1  |  i0 + i1 * i2|
    |mac_muladd_8s_8s_16s_16_4_1_U1193  |mac_muladd_8s_8s_16s_16_4_1  |  i0 + i1 * i2|
    |mac_muladd_8s_8s_16s_16_4_1_U1194  |mac_muladd_8s_8s_16s_16_4_1  |  i0 + i1 * i2|
    |mac_muladd_8s_8s_16s_16_4_1_U1196  |mac_muladd_8s_8s_16s_16_4_1  |  i0 + i1 * i2|
    |mac_muladd_8s_8s_16s_16_4_1_U1197  |mac_muladd_8s_8s_16s_16_4_1  |  i0 + i1 * i2|
    |mac_muladd_8s_8s_16s_16_4_1_U1198  |mac_muladd_8s_8s_16s_16_4_1  |  i0 + i1 * i2|
    |mac_muladd_8s_8s_16s_16_4_1_U1200  |mac_muladd_8s_8s_16s_16_4_1  |  i0 + i1 * i2|
    |mac_muladd_8s_8s_16s_16_4_1_U1201  |mac_muladd_8s_8s_16s_16_4_1  |  i0 + i1 * i2|
    |mac_muladd_8s_8s_16s_16_4_1_U1202  |mac_muladd_8s_8s_16s_16_4_1  |  i0 + i1 * i2|
    |mac_muladd_8s_8s_16s_16_4_1_U1203  |mac_muladd_8s_8s_16s_16_4_1  |  i0 + i1 * i2|
    |mac_muladd_8s_8s_16s_16_4_1_U1205  |mac_muladd_8s_8s_16s_16_4_1  |  i0 + i1 * i2|
    |mac_muladd_8s_8s_16s_16_4_1_U1206  |mac_muladd_8s_8s_16s_16_4_1  |  i0 + i1 * i2|
    |mac_muladd_8s_8s_16s_16_4_1_U1207  |mac_muladd_8s_8s_16s_16_4_1  |  i0 + i1 * i2|
    |mac_muladd_8s_8s_16s_16_4_1_U1209  |mac_muladd_8s_8s_16s_16_4_1  |  i0 + i1 * i2|
    |mac_muladd_8s_8s_16s_16_4_1_U1210  |mac_muladd_8s_8s_16s_16_4_1  |  i0 + i1 * i2|
    |mac_muladd_8s_8s_16s_16_4_1_U1211  |mac_muladd_8s_8s_16s_16_4_1  |  i0 + i1 * i2|
    |mac_muladd_8s_8s_16s_16_4_1_U1212  |mac_muladd_8s_8s_16s_16_4_1  |  i0 + i1 * i2|
    |mac_muladd_8s_8s_16s_16_4_1_U1214  |mac_muladd_8s_8s_16s_16_4_1  |  i0 + i1 * i2|
    |mac_muladd_8s_8s_16s_16_4_1_U1215  |mac_muladd_8s_8s_16s_16_4_1  |  i0 + i1 * i2|
    |mac_muladd_8s_8s_16s_16_4_1_U1216  |mac_muladd_8s_8s_16s_16_4_1  |  i0 + i1 * i2|
    |mac_muladd_8s_8s_16s_16_4_1_U1217  |mac_muladd_8s_8s_16s_16_4_1  |  i0 + i1 * i2|
    |mac_muladd_8s_8s_16s_16_4_1_U1218  |mac_muladd_8s_8s_16s_16_4_1  |  i0 + i1 * i2|
    |mac_muladd_8s_8s_16s_16_4_1_U1219  |mac_muladd_8s_8s_16s_16_4_1  |  i0 + i1 * i2|
    |mac_muladd_8s_8s_16s_16_4_1_U1220  |mac_muladd_8s_8s_16s_16_4_1  |  i0 + i1 * i2|
    |mac_muladd_8s_8s_16s_16_4_1_U1221  |mac_muladd_8s_8s_16s_16_4_1  |  i0 + i1 * i2|
    |mac_muladd_8s_8s_16s_16_4_1_U1222  |mac_muladd_8s_8s_16s_16_4_1  |  i0 + i1 * i2|
    |mac_muladd_8s_8s_16s_16_4_1_U1223  |mac_muladd_8s_8s_16s_16_4_1  |  i0 + i1 * i2|
    |mac_muladd_8s_8s_16s_16_4_1_U1231  |mac_muladd_8s_8s_16s_16_4_1  |  i0 + i1 * i2|
    |mac_muladd_8s_8s_16s_16_4_1_U1233  |mac_muladd_8s_8s_16s_16_4_1  |  i0 + i1 * i2|
    |mac_muladd_8s_8s_16s_16_4_1_U1235  |mac_muladd_8s_8s_16s_16_4_1  |  i0 + i1 * i2|
    |mac_muladd_8s_8s_16s_16_4_1_U1241  |mac_muladd_8s_8s_16s_16_4_1  |  i0 + i1 * i2|
    |mac_muladd_8s_8s_16s_16_4_1_U1243  |mac_muladd_8s_8s_16s_16_4_1  |  i0 + i1 * i2|
    |mac_muladd_8s_8s_16s_16_4_1_U1245  |mac_muladd_8s_8s_16s_16_4_1  |  i0 + i1 * i2|
    |mac_muladd_8s_8s_16s_16_4_1_U1247  |mac_muladd_8s_8s_16s_16_4_1  |  i0 + i1 * i2|
    |mac_muladd_8s_8s_16s_16_4_1_U1249  |mac_muladd_8s_8s_16s_16_4_1  |  i0 + i1 * i2|
    |mac_muladd_8s_8s_16s_16_4_1_U1251  |mac_muladd_8s_8s_16s_16_4_1  |  i0 + i1 * i2|
    |mac_muladd_8s_8s_16s_16_4_1_U1257  |mac_muladd_8s_8s_16s_16_4_1  |  i0 + i1 * i2|
    |mac_muladd_8s_8s_16s_16_4_1_U1259  |mac_muladd_8s_8s_16s_16_4_1  |  i0 + i1 * i2|
    |mac_muladd_8s_8s_16s_16_4_1_U1261  |mac_muladd_8s_8s_16s_16_4_1  |  i0 + i1 * i2|
    |mac_muladd_8s_8s_16s_16_4_1_U1263  |mac_muladd_8s_8s_16s_16_4_1  |  i0 + i1 * i2|
    |mac_muladd_8s_8s_16s_16_4_1_U1265  |mac_muladd_8s_8s_16s_16_4_1  |  i0 + i1 * i2|
    |mac_muladd_8s_8s_16s_16_4_1_U1267  |mac_muladd_8s_8s_16s_16_4_1  |  i0 + i1 * i2|
    |mac_muladd_8s_8s_16s_16_4_1_U1273  |mac_muladd_8s_8s_16s_16_4_1  |  i0 + i1 * i2|
    |mac_muladd_8s_8s_16s_16_4_1_U1275  |mac_muladd_8s_8s_16s_16_4_1  |  i0 + i1 * i2|
    |mac_muladd_8s_8s_16s_16_4_1_U1277  |mac_muladd_8s_8s_16s_16_4_1  |  i0 + i1 * i2|
    |mac_muladd_8s_8s_16s_16_4_1_U1279  |mac_muladd_8s_8s_16s_16_4_1  |  i0 + i1 * i2|
    |mac_muladd_8s_8s_16s_16_4_1_U1281  |mac_muladd_8s_8s_16s_16_4_1  |  i0 + i1 * i2|
    |mac_muladd_8s_8s_16s_16_4_1_U1283  |mac_muladd_8s_8s_16s_16_4_1  |  i0 + i1 * i2|
    |mac_muladd_8s_8s_16s_16_4_1_U1289  |mac_muladd_8s_8s_16s_16_4_1  |  i0 + i1 * i2|
    |mac_muladd_8s_8s_16s_16_4_1_U1291  |mac_muladd_8s_8s_16s_16_4_1  |  i0 + i1 * i2|
    |mac_muladd_8s_8s_16s_16_4_1_U1293  |mac_muladd_8s_8s_16s_16_4_1  |  i0 + i1 * i2|
    |mac_muladd_8s_8s_16s_16_4_1_U1295  |mac_muladd_8s_8s_16s_16_4_1  |  i0 + i1 * i2|
    |mac_muladd_8s_8s_16s_16_4_1_U1297  |mac_muladd_8s_8s_16s_16_4_1  |  i0 + i1 * i2|
    |mac_muladd_8s_8s_16s_16_4_1_U1299  |mac_muladd_8s_8s_16s_16_4_1  |  i0 + i1 * i2|
    |mac_muladd_8s_8s_16s_16_4_1_U1305  |mac_muladd_8s_8s_16s_16_4_1  |  i0 + i1 * i2|
    |mac_muladd_8s_8s_16s_16_4_1_U1307  |mac_muladd_8s_8s_16s_16_4_1  |  i0 + i1 * i2|
    |mac_muladd_8s_8s_16s_16_4_1_U1309  |mac_muladd_8s_8s_16s_16_4_1  |  i0 + i1 * i2|
    |mac_muladd_8s_8s_16s_16_4_1_U1311  |mac_muladd_8s_8s_16s_16_4_1  |  i0 + i1 * i2|
    |mac_muladd_8s_8s_16s_16_4_1_U1313  |mac_muladd_8s_8s_16s_16_4_1  |  i0 + i1 * i2|
    |mac_muladd_8s_8s_16s_16_4_1_U1315  |mac_muladd_8s_8s_16s_16_4_1  |  i0 + i1 * i2|
    |mac_muladd_8s_8s_16s_16_4_1_U1321  |mac_muladd_8s_8s_16s_16_4_1  |  i0 + i1 * i2|
    |mac_muladd_8s_8s_16s_16_4_1_U1323  |mac_muladd_8s_8s_16s_16_4_1  |  i0 + i1 * i2|
    |mac_muladd_8s_8s_16s_16_4_1_U1325  |mac_muladd_8s_8s_16s_16_4_1  |  i0 + i1 * i2|
    |mac_muladd_8s_8s_16s_16_4_1_U1327  |mac_muladd_8s_8s_16s_16_4_1  |  i0 + i1 * i2|
    |mac_muladd_8s_8s_16s_16_4_1_U1329  |mac_muladd_8s_8s_16s_16_4_1  |  i0 + i1 * i2|
    |mac_muladd_8s_8s_16s_16_4_1_U1331  |mac_muladd_8s_8s_16s_16_4_1  |  i0 + i1 * i2|
    |mac_muladd_8s_8s_16s_16_4_1_U1337  |mac_muladd_8s_8s_16s_16_4_1  |  i0 + i1 * i2|
    |mac_muladd_8s_8s_16s_16_4_1_U1339  |mac_muladd_8s_8s_16s_16_4_1  |  i0 + i1 * i2|
    |mac_muladd_8s_8s_16s_16_4_1_U1341  |mac_muladd_8s_8s_16s_16_4_1  |  i0 + i1 * i2|
    |mac_muladd_8s_8s_16s_16_4_1_U1343  |mac_muladd_8s_8s_16s_16_4_1  |  i0 + i1 * i2|
    |mac_muladd_8s_8s_16s_16_4_1_U1345  |mac_muladd_8s_8s_16s_16_4_1  |  i0 + i1 * i2|
    |mac_muladd_8s_8s_16s_16_4_1_U1347  |mac_muladd_8s_8s_16s_16_4_1  |  i0 + i1 * i2|
    |mac_muladd_8s_8s_16s_16_4_1_U1353  |mac_muladd_8s_8s_16s_16_4_1  |  i0 + i1 * i2|
    |mac_muladd_8s_8s_16s_16_4_1_U1355  |mac_muladd_8s_8s_16s_16_4_1  |  i0 + i1 * i2|
    |mac_muladd_8s_8s_16s_16_4_1_U1357  |mac_muladd_8s_8s_16s_16_4_1  |  i0 + i1 * i2|
    |mac_muladd_8s_8s_16s_16_4_1_U1359  |mac_muladd_8s_8s_16s_16_4_1  |  i0 + i1 * i2|
    |mac_muladd_8s_8s_16s_16_4_1_U1361  |mac_muladd_8s_8s_16s_16_4_1  |  i0 + i1 * i2|
    |mac_muladd_8s_8s_16s_16_4_1_U1363  |mac_muladd_8s_8s_16s_16_4_1  |  i0 + i1 * i2|
    |mac_muladd_8s_8s_16s_16_4_1_U1369  |mac_muladd_8s_8s_16s_16_4_1  |  i0 + i1 * i2|
    |mac_muladd_8s_8s_16s_16_4_1_U1371  |mac_muladd_8s_8s_16s_16_4_1  |  i0 + i1 * i2|
    |mac_muladd_8s_8s_16s_16_4_1_U1373  |mac_muladd_8s_8s_16s_16_4_1  |  i0 + i1 * i2|
    |mac_muladd_8s_8s_16s_16_4_1_U1375  |mac_muladd_8s_8s_16s_16_4_1  |  i0 + i1 * i2|
    |mac_muladd_8s_8s_16s_16_4_1_U1377  |mac_muladd_8s_8s_16s_16_4_1  |  i0 + i1 * i2|
    |mac_muladd_8s_8s_16s_16_4_1_U1379  |mac_muladd_8s_8s_16s_16_4_1  |  i0 + i1 * i2|
    |mac_muladd_8s_8s_16s_16_4_1_U1385  |mac_muladd_8s_8s_16s_16_4_1  |  i0 + i1 * i2|
    |mac_muladd_8s_8s_16s_16_4_1_U1387  |mac_muladd_8s_8s_16s_16_4_1  |  i0 + i1 * i2|
    |mac_muladd_8s_8s_16s_16_4_1_U1389  |mac_muladd_8s_8s_16s_16_4_1  |  i0 + i1 * i2|
    |mac_muladd_8s_8s_16s_16_4_1_U1391  |mac_muladd_8s_8s_16s_16_4_1  |  i0 + i1 * i2|
    |mac_muladd_8s_8s_16s_16_4_1_U1393  |mac_muladd_8s_8s_16s_16_4_1  |  i0 + i1 * i2|
    |mac_muladd_8s_8s_16s_16_4_1_U1395  |mac_muladd_8s_8s_16s_16_4_1  |  i0 + i1 * i2|
    |mac_muladd_8s_8s_16s_16_4_1_U1401  |mac_muladd_8s_8s_16s_16_4_1  |  i0 + i1 * i2|
    |mac_muladd_8s_8s_16s_16_4_1_U1403  |mac_muladd_8s_8s_16s_16_4_1  |  i0 + i1 * i2|
    |mac_muladd_8s_8s_16s_16_4_1_U1405  |mac_muladd_8s_8s_16s_16_4_1  |  i0 + i1 * i2|
    |mac_muladd_8s_8s_16s_16_4_1_U1407  |mac_muladd_8s_8s_16s_16_4_1  |  i0 + i1 * i2|
    |mac_muladd_8s_8s_16s_16_4_1_U1409  |mac_muladd_8s_8s_16s_16_4_1  |  i0 + i1 * i2|
    |mac_muladd_8s_8s_16s_16_4_1_U1411  |mac_muladd_8s_8s_16s_16_4_1  |  i0 + i1 * i2|
    |mac_muladd_8s_8s_16s_16_4_1_U1417  |mac_muladd_8s_8s_16s_16_4_1  |  i0 + i1 * i2|
    |mac_muladd_8s_8s_16s_16_4_1_U1419  |mac_muladd_8s_8s_16s_16_4_1  |  i0 + i1 * i2|
    |mac_muladd_8s_8s_16s_16_4_1_U1421  |mac_muladd_8s_8s_16s_16_4_1  |  i0 + i1 * i2|
    |mac_muladd_8s_8s_16s_16_4_1_U1423  |mac_muladd_8s_8s_16s_16_4_1  |  i0 + i1 * i2|
    |mac_muladd_8s_8s_16s_16_4_1_U1425  |mac_muladd_8s_8s_16s_16_4_1  |  i0 + i1 * i2|
    |mac_muladd_8s_8s_16s_16_4_1_U1427  |mac_muladd_8s_8s_16s_16_4_1  |  i0 + i1 * i2|
    |mac_muladd_8s_8s_16s_16_4_1_U1433  |mac_muladd_8s_8s_16s_16_4_1  |  i0 + i1 * i2|
    |mac_muladd_8s_8s_16s_16_4_1_U1435  |mac_muladd_8s_8s_16s_16_4_1  |  i0 + i1 * i2|
    |mac_muladd_8s_8s_16s_16_4_1_U1437  |mac_muladd_8s_8s_16s_16_4_1  |  i0 + i1 * i2|
    |mac_muladd_8s_8s_16s_16_4_1_U1439  |mac_muladd_8s_8s_16s_16_4_1  |  i0 + i1 * i2|
    |mac_muladd_8s_8s_16s_16_4_1_U1441  |mac_muladd_8s_8s_16s_16_4_1  |  i0 + i1 * i2|
    |mac_muladd_8s_8s_16s_16_4_1_U1443  |mac_muladd_8s_8s_16s_16_4_1  |  i0 + i1 * i2|
    |mac_muladd_8s_8s_16s_16_4_1_U1449  |mac_muladd_8s_8s_16s_16_4_1  |  i0 + i1 * i2|
    |mac_muladd_8s_8s_16s_16_4_1_U1451  |mac_muladd_8s_8s_16s_16_4_1  |  i0 + i1 * i2|
    |mac_muladd_8s_8s_16s_16_4_1_U1453  |mac_muladd_8s_8s_16s_16_4_1  |  i0 + i1 * i2|
    |mac_muladd_8s_8s_16s_16_4_1_U1455  |mac_muladd_8s_8s_16s_16_4_1  |  i0 + i1 * i2|
    |mac_muladd_8s_8s_16s_16_4_1_U1457  |mac_muladd_8s_8s_16s_16_4_1  |  i0 + i1 * i2|
    |mac_muladd_8s_8s_16s_16_4_1_U1459  |mac_muladd_8s_8s_16s_16_4_1  |  i0 + i1 * i2|
    |mac_muladd_8s_8s_16s_16_4_1_U1465  |mac_muladd_8s_8s_16s_16_4_1  |  i0 + i1 * i2|
    |mac_muladd_8s_8s_16s_16_4_1_U1467  |mac_muladd_8s_8s_16s_16_4_1  |  i0 + i1 * i2|
    |mac_muladd_8s_8s_16s_16_4_1_U1469  |mac_muladd_8s_8s_16s_16_4_1  |  i0 + i1 * i2|
    |mac_muladd_8s_8s_16s_16_4_1_U1471  |mac_muladd_8s_8s_16s_16_4_1  |  i0 + i1 * i2|
    |mac_muladd_8s_8s_16s_16_4_1_U1473  |mac_muladd_8s_8s_16s_16_4_1  |  i0 + i1 * i2|
    |mac_muladd_8s_8s_16s_16_4_1_U1475  |mac_muladd_8s_8s_16s_16_4_1  |  i0 + i1 * i2|
    |mac_muladd_8s_8s_16s_16_4_1_U1481  |mac_muladd_8s_8s_16s_16_4_1  |  i0 + i1 * i2|
    |mac_muladd_8s_8s_16s_16_4_1_U1483  |mac_muladd_8s_8s_16s_16_4_1  |  i0 + i1 * i2|
    |mac_muladd_8s_8s_16s_16_4_1_U1485  |mac_muladd_8s_8s_16s_16_4_1  |  i0 + i1 * i2|
    |mac_muladd_8s_8s_16s_16_4_1_U1487  |mac_muladd_8s_8s_16s_16_4_1  |  i0 + i1 * i2|
    |mac_muladd_8s_8s_16s_16_4_1_U1489  |mac_muladd_8s_8s_16s_16_4_1  |  i0 + i1 * i2|
    |mac_muladd_8s_8s_16s_16_4_1_U1491  |mac_muladd_8s_8s_16s_16_4_1  |  i0 + i1 * i2|
    |mac_muladd_8s_8s_16s_16_4_1_U1497  |mac_muladd_8s_8s_16s_16_4_1  |  i0 + i1 * i2|
    |mac_muladd_8s_8s_16s_16_4_1_U1499  |mac_muladd_8s_8s_16s_16_4_1  |  i0 + i1 * i2|
    |mac_muladd_8s_8s_16s_16_4_1_U1501  |mac_muladd_8s_8s_16s_16_4_1  |  i0 + i1 * i2|
    |mac_muladd_8s_8s_16s_16_4_1_U1503  |mac_muladd_8s_8s_16s_16_4_1  |  i0 + i1 * i2|
    |mac_muladd_8s_8s_16s_16_4_1_U1505  |mac_muladd_8s_8s_16s_16_4_1  |  i0 + i1 * i2|
    |mac_muladd_8s_8s_16s_16_4_1_U1507  |mac_muladd_8s_8s_16s_16_4_1  |  i0 + i1 * i2|
    |mac_muladd_8s_8s_16s_16_4_1_U1513  |mac_muladd_8s_8s_16s_16_4_1  |  i0 + i1 * i2|
    |mac_muladd_8s_8s_16s_16_4_1_U1515  |mac_muladd_8s_8s_16s_16_4_1  |  i0 + i1 * i2|
    |mac_muladd_8s_8s_16s_16_4_1_U1517  |mac_muladd_8s_8s_16s_16_4_1  |  i0 + i1 * i2|
    |mac_muladd_8s_8s_16s_16_4_1_U1519  |mac_muladd_8s_8s_16s_16_4_1  |  i0 + i1 * i2|
    |mac_muladd_8s_8s_16s_16_4_1_U1521  |mac_muladd_8s_8s_16s_16_4_1  |  i0 + i1 * i2|
    |mac_muladd_8s_8s_16s_16_4_1_U1523  |mac_muladd_8s_8s_16s_16_4_1  |  i0 + i1 * i2|
    |mac_muladd_8s_8s_16s_16_4_1_U1529  |mac_muladd_8s_8s_16s_16_4_1  |  i0 + i1 * i2|
    |mac_muladd_8s_8s_16s_16_4_1_U1531  |mac_muladd_8s_8s_16s_16_4_1  |  i0 + i1 * i2|
    |mac_muladd_8s_8s_16s_16_4_1_U1533  |mac_muladd_8s_8s_16s_16_4_1  |  i0 + i1 * i2|
    |mac_muladd_8s_8s_16s_16_4_1_U1535  |mac_muladd_8s_8s_16s_16_4_1  |  i0 + i1 * i2|
    |mac_muladd_8s_8s_16s_16_4_1_U1537  |mac_muladd_8s_8s_16s_16_4_1  |  i0 + i1 * i2|
    |mac_muladd_8s_8s_16s_16_4_1_U1539  |mac_muladd_8s_8s_16s_16_4_1  |  i0 + i1 * i2|
    |mac_muladd_8s_8s_16s_16_4_1_U1545  |mac_muladd_8s_8s_16s_16_4_1  |  i0 + i1 * i2|
    |mac_muladd_8s_8s_16s_16_4_1_U1547  |mac_muladd_8s_8s_16s_16_4_1  |  i0 + i1 * i2|
    |mac_muladd_8s_8s_16s_16_4_1_U1549  |mac_muladd_8s_8s_16s_16_4_1  |  i0 + i1 * i2|
    |mac_muladd_8s_8s_16s_16_4_1_U1551  |mac_muladd_8s_8s_16s_16_4_1  |  i0 + i1 * i2|
    |mac_muladd_8s_8s_16s_16_4_1_U1553  |mac_muladd_8s_8s_16s_16_4_1  |  i0 + i1 * i2|
    |mac_muladd_8s_8s_16s_16_4_1_U1555  |mac_muladd_8s_8s_16s_16_4_1  |  i0 + i1 * i2|
    |mac_muladd_8s_8s_16s_16_4_1_U1561  |mac_muladd_8s_8s_16s_16_4_1  |  i0 + i1 * i2|
    |mac_muladd_8s_8s_16s_16_4_1_U1563  |mac_muladd_8s_8s_16s_16_4_1  |  i0 + i1 * i2|
    |mac_muladd_8s_8s_16s_16_4_1_U1565  |mac_muladd_8s_8s_16s_16_4_1  |  i0 + i1 * i2|
    |mac_muladd_8s_8s_16s_17_4_1_U1018  |mac_muladd_8s_8s_16s_17_4_1  |  i0 + i1 * i2|
    |mac_muladd_8s_8s_16s_17_4_1_U1022  |mac_muladd_8s_8s_16s_17_4_1  |  i0 + i1 * i2|
    |mac_muladd_8s_8s_16s_17_4_1_U1024  |mac_muladd_8s_8s_16s_17_4_1  |  i0 + i1 * i2|
    |mac_muladd_8s_8s_16s_17_4_1_U1028  |mac_muladd_8s_8s_16s_17_4_1  |  i0 + i1 * i2|
    |mac_muladd_8s_8s_16s_17_4_1_U1033  |mac_muladd_8s_8s_16s_17_4_1  |  i0 + i1 * i2|
    |mac_muladd_8s_8s_16s_17_4_1_U1037  |mac_muladd_8s_8s_16s_17_4_1  |  i0 + i1 * i2|
    |mac_muladd_8s_8s_16s_17_4_1_U1042  |mac_muladd_8s_8s_16s_17_4_1  |  i0 + i1 * i2|
    |mac_muladd_8s_8s_16s_17_4_1_U1046  |mac_muladd_8s_8s_16s_17_4_1  |  i0 + i1 * i2|
    |mac_muladd_8s_8s_16s_17_4_1_U1051  |mac_muladd_8s_8s_16s_17_4_1  |  i0 + i1 * i2|
    |mac_muladd_8s_8s_16s_17_4_1_U1055  |mac_muladd_8s_8s_16s_17_4_1  |  i0 + i1 * i2|
    |mac_muladd_8s_8s_16s_17_4_1_U1060  |mac_muladd_8s_8s_16s_17_4_1  |  i0 + i1 * i2|
    |mac_muladd_8s_8s_16s_17_4_1_U1064  |mac_muladd_8s_8s_16s_17_4_1  |  i0 + i1 * i2|
    |mac_muladd_8s_8s_16s_17_4_1_U1069  |mac_muladd_8s_8s_16s_17_4_1  |  i0 + i1 * i2|
    |mac_muladd_8s_8s_16s_17_4_1_U1073  |mac_muladd_8s_8s_16s_17_4_1  |  i0 + i1 * i2|
    |mac_muladd_8s_8s_16s_17_4_1_U1078  |mac_muladd_8s_8s_16s_17_4_1  |  i0 + i1 * i2|
    |mac_muladd_8s_8s_16s_17_4_1_U1082  |mac_muladd_8s_8s_16s_17_4_1  |  i0 + i1 * i2|
    |mac_muladd_8s_8s_16s_17_4_1_U1087  |mac_muladd_8s_8s_16s_17_4_1  |  i0 + i1 * i2|
    |mac_muladd_8s_8s_16s_17_4_1_U1091  |mac_muladd_8s_8s_16s_17_4_1  |  i0 + i1 * i2|
    |mac_muladd_8s_8s_16s_17_4_1_U1096  |mac_muladd_8s_8s_16s_17_4_1  |  i0 + i1 * i2|
    |mac_muladd_8s_8s_16s_17_4_1_U1100  |mac_muladd_8s_8s_16s_17_4_1  |  i0 + i1 * i2|
    |mac_muladd_8s_8s_16s_17_4_1_U1105  |mac_muladd_8s_8s_16s_17_4_1  |  i0 + i1 * i2|
    |mac_muladd_8s_8s_16s_17_4_1_U1109  |mac_muladd_8s_8s_16s_17_4_1  |  i0 + i1 * i2|
    |mac_muladd_8s_8s_16s_17_4_1_U1114  |mac_muladd_8s_8s_16s_17_4_1  |  i0 + i1 * i2|
    |mac_muladd_8s_8s_16s_17_4_1_U1118  |mac_muladd_8s_8s_16s_17_4_1  |  i0 + i1 * i2|
    |mac_muladd_8s_8s_16s_17_4_1_U1123  |mac_muladd_8s_8s_16s_17_4_1  |  i0 + i1 * i2|
    |mac_muladd_8s_8s_16s_17_4_1_U1127  |mac_muladd_8s_8s_16s_17_4_1  |  i0 + i1 * i2|
    |mac_muladd_8s_8s_16s_17_4_1_U1132  |mac_muladd_8s_8s_16s_17_4_1  |  i0 + i1 * i2|
    |mac_muladd_8s_8s_16s_17_4_1_U1136  |mac_muladd_8s_8s_16s_17_4_1  |  i0 + i1 * i2|
    |mac_muladd_8s_8s_16s_17_4_1_U1141  |mac_muladd_8s_8s_16s_17_4_1  |  i0 + i1 * i2|
    |mac_muladd_8s_8s_16s_17_4_1_U1145  |mac_muladd_8s_8s_16s_17_4_1  |  i0 + i1 * i2|
    |mac_muladd_8s_8s_16s_17_4_1_U1150  |mac_muladd_8s_8s_16s_17_4_1  |  i0 + i1 * i2|
    |mac_muladd_8s_8s_16s_17_4_1_U1154  |mac_muladd_8s_8s_16s_17_4_1  |  i0 + i1 * i2|
    |mac_muladd_8s_8s_16s_17_4_1_U1159  |mac_muladd_8s_8s_16s_17_4_1  |  i0 + i1 * i2|
    |mac_muladd_8s_8s_16s_17_4_1_U1163  |mac_muladd_8s_8s_16s_17_4_1  |  i0 + i1 * i2|
    |mac_muladd_8s_8s_16s_17_4_1_U1168  |mac_muladd_8s_8s_16s_17_4_1  |  i0 + i1 * i2|
    |mac_muladd_8s_8s_16s_17_4_1_U1172  |mac_muladd_8s_8s_16s_17_4_1  |  i0 + i1 * i2|
    |mac_muladd_8s_8s_16s_17_4_1_U1177  |mac_muladd_8s_8s_16s_17_4_1  |  i0 + i1 * i2|
    |mac_muladd_8s_8s_16s_17_4_1_U1181  |mac_muladd_8s_8s_16s_17_4_1  |  i0 + i1 * i2|
    |mac_muladd_8s_8s_16s_17_4_1_U1186  |mac_muladd_8s_8s_16s_17_4_1  |  i0 + i1 * i2|
    |mac_muladd_8s_8s_16s_17_4_1_U1190  |mac_muladd_8s_8s_16s_17_4_1  |  i0 + i1 * i2|
    |mac_muladd_8s_8s_16s_17_4_1_U1195  |mac_muladd_8s_8s_16s_17_4_1  |  i0 + i1 * i2|
    |mac_muladd_8s_8s_16s_17_4_1_U1199  |mac_muladd_8s_8s_16s_17_4_1  |  i0 + i1 * i2|
    |mac_muladd_8s_8s_16s_17_4_1_U1204  |mac_muladd_8s_8s_16s_17_4_1  |  i0 + i1 * i2|
    |mac_muladd_8s_8s_16s_17_4_1_U1208  |mac_muladd_8s_8s_16s_17_4_1  |  i0 + i1 * i2|
    |mac_muladd_8s_8s_16s_17_4_1_U1213  |mac_muladd_8s_8s_16s_17_4_1  |  i0 + i1 * i2|
    |mac_muladd_8s_8s_16s_17_4_1_U1224  |mac_muladd_8s_8s_16s_17_4_1  |  i0 + i1 * i2|
    |mac_muladd_8s_8s_16s_17_4_1_U1226  |mac_muladd_8s_8s_16s_17_4_1  |  i0 + i1 * i2|
    |mac_muladd_8s_8s_16s_17_4_1_U1227  |mac_muladd_8s_8s_16s_17_4_1  |  i0 + i1 * i2|
    |mac_muladd_8s_8s_16s_17_4_1_U1228  |mac_muladd_8s_8s_16s_17_4_1  |  i0 + i1 * i2|
    |mac_muladd_8s_8s_16s_17_4_1_U1229  |mac_muladd_8s_8s_16s_17_4_1  |  i0 + i1 * i2|
    |mac_muladd_8s_8s_16s_17_4_1_U1230  |mac_muladd_8s_8s_16s_17_4_1  |  i0 + i1 * i2|
    |mac_muladd_8s_8s_16s_17_4_1_U1232  |mac_muladd_8s_8s_16s_17_4_1  |  i0 + i1 * i2|
    |mac_muladd_8s_8s_16s_17_4_1_U1234  |mac_muladd_8s_8s_16s_17_4_1  |  i0 + i1 * i2|
    |mac_muladd_8s_8s_16s_17_4_1_U1238  |mac_muladd_8s_8s_16s_17_4_1  |  i0 + i1 * i2|
    |mac_muladd_8s_8s_16s_17_4_1_U1239  |mac_muladd_8s_8s_16s_17_4_1  |  i0 + i1 * i2|
    |mac_muladd_8s_8s_16s_17_4_1_U1240  |mac_muladd_8s_8s_16s_17_4_1  |  i0 + i1 * i2|
    |mac_muladd_8s_8s_16s_17_4_1_U1242  |mac_muladd_8s_8s_16s_17_4_1  |  i0 + i1 * i2|
    |mac_muladd_8s_8s_16s_17_4_1_U1246  |mac_muladd_8s_8s_16s_17_4_1  |  i0 + i1 * i2|
    |mac_muladd_8s_8s_16s_17_4_1_U1248  |mac_muladd_8s_8s_16s_17_4_1  |  i0 + i1 * i2|
    |mac_muladd_8s_8s_16s_17_4_1_U1250  |mac_muladd_8s_8s_16s_17_4_1  |  i0 + i1 * i2|
    |mac_muladd_8s_8s_16s_17_4_1_U1254  |mac_muladd_8s_8s_16s_17_4_1  |  i0 + i1 * i2|
    |mac_muladd_8s_8s_16s_17_4_1_U1255  |mac_muladd_8s_8s_16s_17_4_1  |  i0 + i1 * i2|
    |mac_muladd_8s_8s_16s_17_4_1_U1256  |mac_muladd_8s_8s_16s_17_4_1  |  i0 + i1 * i2|
    |mac_muladd_8s_8s_16s_17_4_1_U1258  |mac_muladd_8s_8s_16s_17_4_1  |  i0 + i1 * i2|
    |mac_muladd_8s_8s_16s_17_4_1_U1262  |mac_muladd_8s_8s_16s_17_4_1  |  i0 + i1 * i2|
    |mac_muladd_8s_8s_16s_17_4_1_U1264  |mac_muladd_8s_8s_16s_17_4_1  |  i0 + i1 * i2|
    |mac_muladd_8s_8s_16s_17_4_1_U1266  |mac_muladd_8s_8s_16s_17_4_1  |  i0 + i1 * i2|
    |mac_muladd_8s_8s_16s_17_4_1_U1270  |mac_muladd_8s_8s_16s_17_4_1  |  i0 + i1 * i2|
    |mac_muladd_8s_8s_16s_17_4_1_U1271  |mac_muladd_8s_8s_16s_17_4_1  |  i0 + i1 * i2|
    |mac_muladd_8s_8s_16s_17_4_1_U1272  |mac_muladd_8s_8s_16s_17_4_1  |  i0 + i1 * i2|
    |mac_muladd_8s_8s_16s_17_4_1_U1274  |mac_muladd_8s_8s_16s_17_4_1  |  i0 + i1 * i2|
    |mac_muladd_8s_8s_16s_17_4_1_U1278  |mac_muladd_8s_8s_16s_17_4_1  |  i0 + i1 * i2|
    |mac_muladd_8s_8s_16s_17_4_1_U1280  |mac_muladd_8s_8s_16s_17_4_1  |  i0 + i1 * i2|
    |mac_muladd_8s_8s_16s_17_4_1_U1282  |mac_muladd_8s_8s_16s_17_4_1  |  i0 + i1 * i2|
    |mac_muladd_8s_8s_16s_17_4_1_U1286  |mac_muladd_8s_8s_16s_17_4_1  |  i0 + i1 * i2|
    |mac_muladd_8s_8s_16s_17_4_1_U1287  |mac_muladd_8s_8s_16s_17_4_1  |  i0 + i1 * i2|
    |mac_muladd_8s_8s_16s_17_4_1_U1288  |mac_muladd_8s_8s_16s_17_4_1  |  i0 + i1 * i2|
    |mac_muladd_8s_8s_16s_17_4_1_U1290  |mac_muladd_8s_8s_16s_17_4_1  |  i0 + i1 * i2|
    |mac_muladd_8s_8s_16s_17_4_1_U1294  |mac_muladd_8s_8s_16s_17_4_1  |  i0 + i1 * i2|
    |mac_muladd_8s_8s_16s_17_4_1_U1296  |mac_muladd_8s_8s_16s_17_4_1  |  i0 + i1 * i2|
    |mac_muladd_8s_8s_16s_17_4_1_U1298  |mac_muladd_8s_8s_16s_17_4_1  |  i0 + i1 * i2|
    |mac_muladd_8s_8s_16s_17_4_1_U1302  |mac_muladd_8s_8s_16s_17_4_1  |  i0 + i1 * i2|
    |mac_muladd_8s_8s_16s_17_4_1_U1303  |mac_muladd_8s_8s_16s_17_4_1  |  i0 + i1 * i2|
    |mac_muladd_8s_8s_16s_17_4_1_U1304  |mac_muladd_8s_8s_16s_17_4_1  |  i0 + i1 * i2|
    |mac_muladd_8s_8s_16s_17_4_1_U1306  |mac_muladd_8s_8s_16s_17_4_1  |  i0 + i1 * i2|
    |mac_muladd_8s_8s_16s_17_4_1_U1310  |mac_muladd_8s_8s_16s_17_4_1  |  i0 + i1 * i2|
    |mac_muladd_8s_8s_16s_17_4_1_U1312  |mac_muladd_8s_8s_16s_17_4_1  |  i0 + i1 * i2|
    |mac_muladd_8s_8s_16s_17_4_1_U1314  |mac_muladd_8s_8s_16s_17_4_1  |  i0 + i1 * i2|
    |mac_muladd_8s_8s_16s_17_4_1_U1318  |mac_muladd_8s_8s_16s_17_4_1  |  i0 + i1 * i2|
    |mac_muladd_8s_8s_16s_17_4_1_U1319  |mac_muladd_8s_8s_16s_17_4_1  |  i0 + i1 * i2|
    |mac_muladd_8s_8s_16s_17_4_1_U1320  |mac_muladd_8s_8s_16s_17_4_1  |  i0 + i1 * i2|
    |mac_muladd_8s_8s_16s_17_4_1_U1322  |mac_muladd_8s_8s_16s_17_4_1  |  i0 + i1 * i2|
    |mac_muladd_8s_8s_16s_17_4_1_U1326  |mac_muladd_8s_8s_16s_17_4_1  |  i0 + i1 * i2|
    |mac_muladd_8s_8s_16s_17_4_1_U1328  |mac_muladd_8s_8s_16s_17_4_1  |  i0 + i1 * i2|
    |mac_muladd_8s_8s_16s_17_4_1_U1330  |mac_muladd_8s_8s_16s_17_4_1  |  i0 + i1 * i2|
    |mac_muladd_8s_8s_16s_17_4_1_U1334  |mac_muladd_8s_8s_16s_17_4_1  |  i0 + i1 * i2|
    |mac_muladd_8s_8s_16s_17_4_1_U1335  |mac_muladd_8s_8s_16s_17_4_1  |  i0 + i1 * i2|
    |mac_muladd_8s_8s_16s_17_4_1_U1336  |mac_muladd_8s_8s_16s_17_4_1  |  i0 + i1 * i2|
    |mac_muladd_8s_8s_16s_17_4_1_U1338  |mac_muladd_8s_8s_16s_17_4_1  |  i0 + i1 * i2|
    |mac_muladd_8s_8s_16s_17_4_1_U1342  |mac_muladd_8s_8s_16s_17_4_1  |  i0 + i1 * i2|
    |mac_muladd_8s_8s_16s_17_4_1_U1344  |mac_muladd_8s_8s_16s_17_4_1  |  i0 + i1 * i2|
    |mac_muladd_8s_8s_16s_17_4_1_U1346  |mac_muladd_8s_8s_16s_17_4_1  |  i0 + i1 * i2|
    |mac_muladd_8s_8s_16s_17_4_1_U1350  |mac_muladd_8s_8s_16s_17_4_1  |  i0 + i1 * i2|
    |mac_muladd_8s_8s_16s_17_4_1_U1351  |mac_muladd_8s_8s_16s_17_4_1  |  i0 + i1 * i2|
    |mac_muladd_8s_8s_16s_17_4_1_U1352  |mac_muladd_8s_8s_16s_17_4_1  |  i0 + i1 * i2|
    |mac_muladd_8s_8s_16s_17_4_1_U1354  |mac_muladd_8s_8s_16s_17_4_1  |  i0 + i1 * i2|
    |mac_muladd_8s_8s_16s_17_4_1_U1358  |mac_muladd_8s_8s_16s_17_4_1  |  i0 + i1 * i2|
    |mac_muladd_8s_8s_16s_17_4_1_U1360  |mac_muladd_8s_8s_16s_17_4_1  |  i0 + i1 * i2|
    |mac_muladd_8s_8s_16s_17_4_1_U1362  |mac_muladd_8s_8s_16s_17_4_1  |  i0 + i1 * i2|
    |mac_muladd_8s_8s_16s_17_4_1_U1366  |mac_muladd_8s_8s_16s_17_4_1  |  i0 + i1 * i2|
    |mac_muladd_8s_8s_16s_17_4_1_U1367  |mac_muladd_8s_8s_16s_17_4_1  |  i0 + i1 * i2|
    |mac_muladd_8s_8s_16s_17_4_1_U1368  |mac_muladd_8s_8s_16s_17_4_1  |  i0 + i1 * i2|
    |mac_muladd_8s_8s_16s_17_4_1_U1370  |mac_muladd_8s_8s_16s_17_4_1  |  i0 + i1 * i2|
    |mac_muladd_8s_8s_16s_17_4_1_U1374  |mac_muladd_8s_8s_16s_17_4_1  |  i0 + i1 * i2|
    |mac_muladd_8s_8s_16s_17_4_1_U1376  |mac_muladd_8s_8s_16s_17_4_1  |  i0 + i1 * i2|
    |mac_muladd_8s_8s_16s_17_4_1_U1378  |mac_muladd_8s_8s_16s_17_4_1  |  i0 + i1 * i2|
    |mac_muladd_8s_8s_16s_17_4_1_U1382  |mac_muladd_8s_8s_16s_17_4_1  |  i0 + i1 * i2|
    |mac_muladd_8s_8s_16s_17_4_1_U1383  |mac_muladd_8s_8s_16s_17_4_1  |  i0 + i1 * i2|
    |mac_muladd_8s_8s_16s_17_4_1_U1384  |mac_muladd_8s_8s_16s_17_4_1  |  i0 + i1 * i2|
    |mac_muladd_8s_8s_16s_17_4_1_U1386  |mac_muladd_8s_8s_16s_17_4_1  |  i0 + i1 * i2|
    |mac_muladd_8s_8s_16s_17_4_1_U1390  |mac_muladd_8s_8s_16s_17_4_1  |  i0 + i1 * i2|
    |mac_muladd_8s_8s_16s_17_4_1_U1392  |mac_muladd_8s_8s_16s_17_4_1  |  i0 + i1 * i2|
    |mac_muladd_8s_8s_16s_17_4_1_U1394  |mac_muladd_8s_8s_16s_17_4_1  |  i0 + i1 * i2|
    |mac_muladd_8s_8s_16s_17_4_1_U1398  |mac_muladd_8s_8s_16s_17_4_1  |  i0 + i1 * i2|
    |mac_muladd_8s_8s_16s_17_4_1_U1399  |mac_muladd_8s_8s_16s_17_4_1  |  i0 + i1 * i2|
    |mac_muladd_8s_8s_16s_17_4_1_U1400  |mac_muladd_8s_8s_16s_17_4_1  |  i0 + i1 * i2|
    |mac_muladd_8s_8s_16s_17_4_1_U1402  |mac_muladd_8s_8s_16s_17_4_1  |  i0 + i1 * i2|
    |mac_muladd_8s_8s_16s_17_4_1_U1406  |mac_muladd_8s_8s_16s_17_4_1  |  i0 + i1 * i2|
    |mac_muladd_8s_8s_16s_17_4_1_U1408  |mac_muladd_8s_8s_16s_17_4_1  |  i0 + i1 * i2|
    |mac_muladd_8s_8s_16s_17_4_1_U1410  |mac_muladd_8s_8s_16s_17_4_1  |  i0 + i1 * i2|
    |mac_muladd_8s_8s_16s_17_4_1_U1414  |mac_muladd_8s_8s_16s_17_4_1  |  i0 + i1 * i2|
    |mac_muladd_8s_8s_16s_17_4_1_U1415  |mac_muladd_8s_8s_16s_17_4_1  |  i0 + i1 * i2|
    |mac_muladd_8s_8s_16s_17_4_1_U1416  |mac_muladd_8s_8s_16s_17_4_1  |  i0 + i1 * i2|
    |mac_muladd_8s_8s_16s_17_4_1_U1418  |mac_muladd_8s_8s_16s_17_4_1  |  i0 + i1 * i2|
    |mac_muladd_8s_8s_16s_17_4_1_U1422  |mac_muladd_8s_8s_16s_17_4_1  |  i0 + i1 * i2|
    |mac_muladd_8s_8s_16s_17_4_1_U1424  |mac_muladd_8s_8s_16s_17_4_1  |  i0 + i1 * i2|
    |mac_muladd_8s_8s_16s_17_4_1_U1426  |mac_muladd_8s_8s_16s_17_4_1  |  i0 + i1 * i2|
    |mac_muladd_8s_8s_16s_17_4_1_U1430  |mac_muladd_8s_8s_16s_17_4_1  |  i0 + i1 * i2|
    |mac_muladd_8s_8s_16s_17_4_1_U1431  |mac_muladd_8s_8s_16s_17_4_1  |  i0 + i1 * i2|
    |mac_muladd_8s_8s_16s_17_4_1_U1432  |mac_muladd_8s_8s_16s_17_4_1  |  i0 + i1 * i2|
    |mac_muladd_8s_8s_16s_17_4_1_U1434  |mac_muladd_8s_8s_16s_17_4_1  |  i0 + i1 * i2|
    |mac_muladd_8s_8s_16s_17_4_1_U1438  |mac_muladd_8s_8s_16s_17_4_1  |  i0 + i1 * i2|
    |mac_muladd_8s_8s_16s_17_4_1_U1440  |mac_muladd_8s_8s_16s_17_4_1  |  i0 + i1 * i2|
    |mac_muladd_8s_8s_16s_17_4_1_U1442  |mac_muladd_8s_8s_16s_17_4_1  |  i0 + i1 * i2|
    |mac_muladd_8s_8s_16s_17_4_1_U1446  |mac_muladd_8s_8s_16s_17_4_1  |  i0 + i1 * i2|
    |mac_muladd_8s_8s_16s_17_4_1_U1447  |mac_muladd_8s_8s_16s_17_4_1  |  i0 + i1 * i2|
    |mac_muladd_8s_8s_16s_17_4_1_U1448  |mac_muladd_8s_8s_16s_17_4_1  |  i0 + i1 * i2|
    |mac_muladd_8s_8s_16s_17_4_1_U1450  |mac_muladd_8s_8s_16s_17_4_1  |  i0 + i1 * i2|
    |mac_muladd_8s_8s_16s_17_4_1_U1454  |mac_muladd_8s_8s_16s_17_4_1  |  i0 + i1 * i2|
    |mac_muladd_8s_8s_16s_17_4_1_U1456  |mac_muladd_8s_8s_16s_17_4_1  |  i0 + i1 * i2|
    |mac_muladd_8s_8s_16s_17_4_1_U1458  |mac_muladd_8s_8s_16s_17_4_1  |  i0 + i1 * i2|
    |mac_muladd_8s_8s_16s_17_4_1_U1462  |mac_muladd_8s_8s_16s_17_4_1  |  i0 + i1 * i2|
    |mac_muladd_8s_8s_16s_17_4_1_U1463  |mac_muladd_8s_8s_16s_17_4_1  |  i0 + i1 * i2|
    |mac_muladd_8s_8s_16s_17_4_1_U1464  |mac_muladd_8s_8s_16s_17_4_1  |  i0 + i1 * i2|
    |mac_muladd_8s_8s_16s_17_4_1_U1466  |mac_muladd_8s_8s_16s_17_4_1  |  i0 + i1 * i2|
    |mac_muladd_8s_8s_16s_17_4_1_U1470  |mac_muladd_8s_8s_16s_17_4_1  |  i0 + i1 * i2|
    |mac_muladd_8s_8s_16s_17_4_1_U1472  |mac_muladd_8s_8s_16s_17_4_1  |  i0 + i1 * i2|
    |mac_muladd_8s_8s_16s_17_4_1_U1474  |mac_muladd_8s_8s_16s_17_4_1  |  i0 + i1 * i2|
    |mac_muladd_8s_8s_16s_17_4_1_U1478  |mac_muladd_8s_8s_16s_17_4_1  |  i0 + i1 * i2|
    |mac_muladd_8s_8s_16s_17_4_1_U1479  |mac_muladd_8s_8s_16s_17_4_1  |  i0 + i1 * i2|
    |mac_muladd_8s_8s_16s_17_4_1_U1480  |mac_muladd_8s_8s_16s_17_4_1  |  i0 + i1 * i2|
    |mac_muladd_8s_8s_16s_17_4_1_U1482  |mac_muladd_8s_8s_16s_17_4_1  |  i0 + i1 * i2|
    |mac_muladd_8s_8s_16s_17_4_1_U1486  |mac_muladd_8s_8s_16s_17_4_1  |  i0 + i1 * i2|
    |mac_muladd_8s_8s_16s_17_4_1_U1488  |mac_muladd_8s_8s_16s_17_4_1  |  i0 + i1 * i2|
    |mac_muladd_8s_8s_16s_17_4_1_U1490  |mac_muladd_8s_8s_16s_17_4_1  |  i0 + i1 * i2|
    |mac_muladd_8s_8s_16s_17_4_1_U1494  |mac_muladd_8s_8s_16s_17_4_1  |  i0 + i1 * i2|
    |mac_muladd_8s_8s_16s_17_4_1_U1495  |mac_muladd_8s_8s_16s_17_4_1  |  i0 + i1 * i2|
    |mac_muladd_8s_8s_16s_17_4_1_U1496  |mac_muladd_8s_8s_16s_17_4_1  |  i0 + i1 * i2|
    |mac_muladd_8s_8s_16s_17_4_1_U1498  |mac_muladd_8s_8s_16s_17_4_1  |  i0 + i1 * i2|
    |mac_muladd_8s_8s_16s_17_4_1_U1502  |mac_muladd_8s_8s_16s_17_4_1  |  i0 + i1 * i2|
    |mac_muladd_8s_8s_16s_17_4_1_U1504  |mac_muladd_8s_8s_16s_17_4_1  |  i0 + i1 * i2|
    |mac_muladd_8s_8s_16s_17_4_1_U1506  |mac_muladd_8s_8s_16s_17_4_1  |  i0 + i1 * i2|
    |mac_muladd_8s_8s_16s_17_4_1_U1510  |mac_muladd_8s_8s_16s_17_4_1  |  i0 + i1 * i2|
    |mac_muladd_8s_8s_16s_17_4_1_U1511  |mac_muladd_8s_8s_16s_17_4_1  |  i0 + i1 * i2|
    |mac_muladd_8s_8s_16s_17_4_1_U1512  |mac_muladd_8s_8s_16s_17_4_1  |  i0 + i1 * i2|
    |mac_muladd_8s_8s_16s_17_4_1_U1514  |mac_muladd_8s_8s_16s_17_4_1  |  i0 + i1 * i2|
    |mac_muladd_8s_8s_16s_17_4_1_U1518  |mac_muladd_8s_8s_16s_17_4_1  |  i0 + i1 * i2|
    |mac_muladd_8s_8s_16s_17_4_1_U1520  |mac_muladd_8s_8s_16s_17_4_1  |  i0 + i1 * i2|
    |mac_muladd_8s_8s_16s_17_4_1_U1522  |mac_muladd_8s_8s_16s_17_4_1  |  i0 + i1 * i2|
    |mac_muladd_8s_8s_16s_17_4_1_U1526  |mac_muladd_8s_8s_16s_17_4_1  |  i0 + i1 * i2|
    |mac_muladd_8s_8s_16s_17_4_1_U1527  |mac_muladd_8s_8s_16s_17_4_1  |  i0 + i1 * i2|
    |mac_muladd_8s_8s_16s_17_4_1_U1528  |mac_muladd_8s_8s_16s_17_4_1  |  i0 + i1 * i2|
    |mac_muladd_8s_8s_16s_17_4_1_U1530  |mac_muladd_8s_8s_16s_17_4_1  |  i0 + i1 * i2|
    |mac_muladd_8s_8s_16s_17_4_1_U1534  |mac_muladd_8s_8s_16s_17_4_1  |  i0 + i1 * i2|
    |mac_muladd_8s_8s_16s_17_4_1_U1536  |mac_muladd_8s_8s_16s_17_4_1  |  i0 + i1 * i2|
    |mac_muladd_8s_8s_16s_17_4_1_U1538  |mac_muladd_8s_8s_16s_17_4_1  |  i0 + i1 * i2|
    |mac_muladd_8s_8s_16s_17_4_1_U1542  |mac_muladd_8s_8s_16s_17_4_1  |  i0 + i1 * i2|
    |mac_muladd_8s_8s_16s_17_4_1_U1543  |mac_muladd_8s_8s_16s_17_4_1  |  i0 + i1 * i2|
    |mac_muladd_8s_8s_16s_17_4_1_U1544  |mac_muladd_8s_8s_16s_17_4_1  |  i0 + i1 * i2|
    |mac_muladd_8s_8s_16s_17_4_1_U1546  |mac_muladd_8s_8s_16s_17_4_1  |  i0 + i1 * i2|
    |mac_muladd_8s_8s_16s_17_4_1_U1550  |mac_muladd_8s_8s_16s_17_4_1  |  i0 + i1 * i2|
    |mac_muladd_8s_8s_16s_17_4_1_U1552  |mac_muladd_8s_8s_16s_17_4_1  |  i0 + i1 * i2|
    |mac_muladd_8s_8s_16s_17_4_1_U1554  |mac_muladd_8s_8s_16s_17_4_1  |  i0 + i1 * i2|
    |mac_muladd_8s_8s_16s_17_4_1_U1558  |mac_muladd_8s_8s_16s_17_4_1  |  i0 + i1 * i2|
    |mac_muladd_8s_8s_16s_17_4_1_U1559  |mac_muladd_8s_8s_16s_17_4_1  |  i0 + i1 * i2|
    |mac_muladd_8s_8s_16s_17_4_1_U1560  |mac_muladd_8s_8s_16s_17_4_1  |  i0 + i1 * i2|
    |mac_muladd_8s_8s_16s_17_4_1_U1562  |mac_muladd_8s_8s_16s_17_4_1  |  i0 + i1 * i2|
    |mac_muladd_8s_8s_16s_17_4_1_U1566  |mac_muladd_8s_8s_16s_17_4_1  |  i0 + i1 * i2|
    |mac_muladd_8s_8s_16s_17_4_1_U1567  |mac_muladd_8s_8s_16s_17_4_1  |  i0 + i1 * i2|
    |mac_muladd_8s_8s_16s_17_4_1_U1568  |mac_muladd_8s_8s_16s_17_4_1  |  i0 + i1 * i2|
    |mac_muladd_8s_8s_16s_17_4_1_U1569  |mac_muladd_8s_8s_16s_17_4_1  |  i0 + i1 * i2|
    |mac_muladd_8s_8s_16s_17_4_1_U1570  |mac_muladd_8s_8s_16s_17_4_1  |  i0 + i1 * i2|
    |mac_muladd_8s_8s_16s_17_4_1_U1571  |mac_muladd_8s_8s_16s_17_4_1  |  i0 + i1 * i2|
    |mac_muladd_8s_8s_17s_17_4_1_U1225  |mac_muladd_8s_8s_17s_17_4_1  |  i0 + i1 * i2|
    |mac_muladd_8s_8s_17s_17_4_1_U1236  |mac_muladd_8s_8s_17s_17_4_1  |  i0 + i1 * i2|
    |mac_muladd_8s_8s_17s_17_4_1_U1244  |mac_muladd_8s_8s_17s_17_4_1  |  i0 + i1 * i2|
    |mac_muladd_8s_8s_17s_17_4_1_U1252  |mac_muladd_8s_8s_17s_17_4_1  |  i0 + i1 * i2|
    |mac_muladd_8s_8s_17s_17_4_1_U1260  |mac_muladd_8s_8s_17s_17_4_1  |  i0 + i1 * i2|
    |mac_muladd_8s_8s_17s_17_4_1_U1268  |mac_muladd_8s_8s_17s_17_4_1  |  i0 + i1 * i2|
    |mac_muladd_8s_8s_17s_17_4_1_U1276  |mac_muladd_8s_8s_17s_17_4_1  |  i0 + i1 * i2|
    |mac_muladd_8s_8s_17s_17_4_1_U1284  |mac_muladd_8s_8s_17s_17_4_1  |  i0 + i1 * i2|
    |mac_muladd_8s_8s_17s_17_4_1_U1292  |mac_muladd_8s_8s_17s_17_4_1  |  i0 + i1 * i2|
    |mac_muladd_8s_8s_17s_17_4_1_U1300  |mac_muladd_8s_8s_17s_17_4_1  |  i0 + i1 * i2|
    |mac_muladd_8s_8s_17s_17_4_1_U1308  |mac_muladd_8s_8s_17s_17_4_1  |  i0 + i1 * i2|
    |mac_muladd_8s_8s_17s_17_4_1_U1316  |mac_muladd_8s_8s_17s_17_4_1  |  i0 + i1 * i2|
    |mac_muladd_8s_8s_17s_17_4_1_U1324  |mac_muladd_8s_8s_17s_17_4_1  |  i0 + i1 * i2|
    |mac_muladd_8s_8s_17s_17_4_1_U1332  |mac_muladd_8s_8s_17s_17_4_1  |  i0 + i1 * i2|
    |mac_muladd_8s_8s_17s_17_4_1_U1340  |mac_muladd_8s_8s_17s_17_4_1  |  i0 + i1 * i2|
    |mac_muladd_8s_8s_17s_17_4_1_U1348  |mac_muladd_8s_8s_17s_17_4_1  |  i0 + i1 * i2|
    |mac_muladd_8s_8s_17s_17_4_1_U1356  |mac_muladd_8s_8s_17s_17_4_1  |  i0 + i1 * i2|
    |mac_muladd_8s_8s_17s_17_4_1_U1364  |mac_muladd_8s_8s_17s_17_4_1  |  i0 + i1 * i2|
    |mac_muladd_8s_8s_17s_17_4_1_U1372  |mac_muladd_8s_8s_17s_17_4_1  |  i0 + i1 * i2|
    |mac_muladd_8s_8s_17s_17_4_1_U1380  |mac_muladd_8s_8s_17s_17_4_1  |  i0 + i1 * i2|
    |mac_muladd_8s_8s_17s_17_4_1_U1388  |mac_muladd_8s_8s_17s_17_4_1  |  i0 + i1 * i2|
    |mac_muladd_8s_8s_17s_17_4_1_U1396  |mac_muladd_8s_8s_17s_17_4_1  |  i0 + i1 * i2|
    |mac_muladd_8s_8s_17s_17_4_1_U1404  |mac_muladd_8s_8s_17s_17_4_1  |  i0 + i1 * i2|
    |mac_muladd_8s_8s_17s_17_4_1_U1412  |mac_muladd_8s_8s_17s_17_4_1  |  i0 + i1 * i2|
    |mac_muladd_8s_8s_17s_17_4_1_U1420  |mac_muladd_8s_8s_17s_17_4_1  |  i0 + i1 * i2|
    |mac_muladd_8s_8s_17s_17_4_1_U1428  |mac_muladd_8s_8s_17s_17_4_1  |  i0 + i1 * i2|
    |mac_muladd_8s_8s_17s_17_4_1_U1436  |mac_muladd_8s_8s_17s_17_4_1  |  i0 + i1 * i2|
    |mac_muladd_8s_8s_17s_17_4_1_U1444  |mac_muladd_8s_8s_17s_17_4_1  |  i0 + i1 * i2|
    |mac_muladd_8s_8s_17s_17_4_1_U1452  |mac_muladd_8s_8s_17s_17_4_1  |  i0 + i1 * i2|
    |mac_muladd_8s_8s_17s_17_4_1_U1460  |mac_muladd_8s_8s_17s_17_4_1  |  i0 + i1 * i2|
    |mac_muladd_8s_8s_17s_17_4_1_U1468  |mac_muladd_8s_8s_17s_17_4_1  |  i0 + i1 * i2|
    |mac_muladd_8s_8s_17s_17_4_1_U1476  |mac_muladd_8s_8s_17s_17_4_1  |  i0 + i1 * i2|
    |mac_muladd_8s_8s_17s_17_4_1_U1484  |mac_muladd_8s_8s_17s_17_4_1  |  i0 + i1 * i2|
    |mac_muladd_8s_8s_17s_17_4_1_U1492  |mac_muladd_8s_8s_17s_17_4_1  |  i0 + i1 * i2|
    |mac_muladd_8s_8s_17s_17_4_1_U1500  |mac_muladd_8s_8s_17s_17_4_1  |  i0 + i1 * i2|
    |mac_muladd_8s_8s_17s_17_4_1_U1508  |mac_muladd_8s_8s_17s_17_4_1  |  i0 + i1 * i2|
    |mac_muladd_8s_8s_17s_17_4_1_U1516  |mac_muladd_8s_8s_17s_17_4_1  |  i0 + i1 * i2|
    |mac_muladd_8s_8s_17s_17_4_1_U1524  |mac_muladd_8s_8s_17s_17_4_1  |  i0 + i1 * i2|
    |mac_muladd_8s_8s_17s_17_4_1_U1532  |mac_muladd_8s_8s_17s_17_4_1  |  i0 + i1 * i2|
    |mac_muladd_8s_8s_17s_17_4_1_U1540  |mac_muladd_8s_8s_17s_17_4_1  |  i0 + i1 * i2|
    |mac_muladd_8s_8s_17s_17_4_1_U1548  |mac_muladd_8s_8s_17s_17_4_1  |  i0 + i1 * i2|
    |mac_muladd_8s_8s_17s_17_4_1_U1556  |mac_muladd_8s_8s_17s_17_4_1  |  i0 + i1 * i2|
    |mac_muladd_8s_8s_17s_17_4_1_U1564  |mac_muladd_8s_8s_17s_17_4_1  |  i0 + i1 * i2|
    +-----------------------------------+-----------------------------+--------------+

    * Memory: 
    +-------------------------+-------------------------------------------------------------------------------+---------+----+----+-----+------+-----+------+-------------+
    |          Memory         |                                     Module                                    | BRAM_18K| FF | LUT| URAM| Words| Bits| Banks| W*Bits*Banks|
    +-------------------------+-------------------------------------------------------------------------------+---------+----+----+-----+------+-----+------+-------------+
    |conv2_bias_U             |tiny_ecg_inference_Pipeline_VITIS_LOOP_59_4_conv2_bias_ROM_AUTO_1R             |        0|  15|   4|    0|    16|   15|     1|          240|
    |p_ZL12conv2_weight_0_U   |tiny_ecg_inference_Pipeline_VITIS_LOOP_59_4_p_ZL12conv2_weight_0_ROM_AUTO_1R   |        0|  16|   4|    0|    32|    8|     1|          256|
    |p_ZL12conv2_weight_10_U  |tiny_ecg_inference_Pipeline_VITIS_LOOP_59_4_p_ZL12conv2_weight_10_ROM_AUTO_1R  |        0|  16|   4|    0|    32|    8|     1|          256|
    |p_ZL12conv2_weight_11_U  |tiny_ecg_inference_Pipeline_VITIS_LOOP_59_4_p_ZL12conv2_weight_11_ROM_AUTO_1R  |        0|  16|   4|    0|    32|    8|     1|          256|
    |p_ZL12conv2_weight_12_U  |tiny_ecg_inference_Pipeline_VITIS_LOOP_59_4_p_ZL12conv2_weight_12_ROM_AUTO_1R  |        0|  16|   4|    0|    32|    8|     1|          256|
    |p_ZL12conv2_weight_13_U  |tiny_ecg_inference_Pipeline_VITIS_LOOP_59_4_p_ZL12conv2_weight_13_ROM_AUTO_1R  |        0|  16|   4|    0|    32|    8|     1|          256|
    |p_ZL12conv2_weight_14_U  |tiny_ecg_inference_Pipeline_VITIS_LOOP_59_4_p_ZL12conv2_weight_14_ROM_AUTO_1R  |        0|  16|   4|    0|    32|    8|     1|          256|
    |p_ZL12conv2_weight_15_U  |tiny_ecg_inference_Pipeline_VITIS_LOOP_59_4_p_ZL12conv2_weight_15_ROM_AUTO_1R  |        0|  16|   4|    0|    32|    8|     1|          256|
    |p_ZL12conv2_weight_16_U  |tiny_ecg_inference_Pipeline_VITIS_LOOP_59_4_p_ZL12conv2_weight_16_ROM_AUTO_1R  |        0|  16|   4|    0|    32|    8|     1|          256|
    |p_ZL12conv2_weight_17_U  |tiny_ecg_inference_Pipeline_VITIS_LOOP_59_4_p_ZL12conv2_weight_17_ROM_AUTO_1R  |        0|  16|   4|    0|    32|    8|     1|          256|
    |p_ZL12conv2_weight_18_U  |tiny_ecg_inference_Pipeline_VITIS_LOOP_59_4_p_ZL12conv2_weight_18_ROM_AUTO_1R  |        0|  16|   4|    0|    32|    8|     1|          256|
    |p_ZL12conv2_weight_19_U  |tiny_ecg_inference_Pipeline_VITIS_LOOP_59_4_p_ZL12conv2_weight_19_ROM_AUTO_1R  |        0|  16|   4|    0|    32|    8|     1|          256|
    |p_ZL12conv2_weight_1_U   |tiny_ecg_inference_Pipeline_VITIS_LOOP_59_4_p_ZL12conv2_weight_1_ROM_AUTO_1R   |        0|  16|   4|    0|    32|    8|     1|          256|
    |p_ZL12conv2_weight_2_U   |tiny_ecg_inference_Pipeline_VITIS_LOOP_59_4_p_ZL12conv2_weight_2_ROM_AUTO_1R   |        0|  16|   4|    0|    32|    8|     1|          256|
    |p_ZL12conv2_weight_3_U   |tiny_ecg_inference_Pipeline_VITIS_LOOP_59_4_p_ZL12conv2_weight_3_ROM_AUTO_1R   |        0|  16|   4|    0|    32|    8|     1|          256|
    |p_ZL12conv2_weight_4_U   |tiny_ecg_inference_Pipeline_VITIS_LOOP_59_4_p_ZL12conv2_weight_4_ROM_AUTO_1R   |        0|  16|   4|    0|    32|    8|     1|          256|
    |p_ZL12conv2_weight_5_U   |tiny_ecg_inference_Pipeline_VITIS_LOOP_59_4_p_ZL12conv2_weight_5_ROM_AUTO_1R   |        0|  16|   4|    0|    32|    8|     1|          256|
    |p_ZL12conv2_weight_6_U   |tiny_ecg_inference_Pipeline_VITIS_LOOP_59_4_p_ZL12conv2_weight_6_ROM_AUTO_1R   |        0|  16|   4|    0|    32|    8|     1|          256|
    |p_ZL12conv2_weight_7_U   |tiny_ecg_inference_Pipeline_VITIS_LOOP_59_4_p_ZL12conv2_weight_7_ROM_AUTO_1R   |        0|  16|   4|    0|    32|    8|     1|          256|
    |p_ZL12conv2_weight_8_U   |tiny_ecg_inference_Pipeline_VITIS_LOOP_59_4_p_ZL12conv2_weight_8_ROM_AUTO_1R   |        0|  16|   4|    0|    32|    8|     1|          256|
    |p_ZL12conv2_weight_9_U   |tiny_ecg_inference_Pipeline_VITIS_LOOP_59_4_p_ZL12conv2_weight_9_ROM_AUTO_1R   |        0|  16|   4|    0|    32|    8|     1|          256|
    +-------------------------+-------------------------------------------------------------------------------+---------+----+----+-----+------+-----+------+-------------+
    |Total                    |                                                                               |        0| 335|  84|    0|   656|  175|    21|         5360|
    +-------------------------+-------------------------------------------------------------------------------+---------+----+----+-----+------+-----+------+-------------+

    * FIFO: 
    N/A

    * Expression: 
    +--------------------------+----------+----+---+----+------------+------------+
    |       Variable Name      | Operation| DSP| FF| LUT| Bitwidth P0| Bitwidth P1|
    +--------------------------+----------+----+---+----+------------+------------+
    |acc_13_fu_15537_p2        |         +|   0|  0|  27|          20|          20|
    |acc_14_fu_15584_p2        |         +|   0|  0|  28|          21|          21|
    |acc_15_fu_15627_p2        |         +|   0|  0|  28|          21|          21|
    |acc_16_fu_15670_p2        |         +|   0|  0|  28|          21|          21|
    |acc_17_fu_15713_p2        |         +|   0|  0|  28|          21|          21|
    |acc_18_fu_15756_p2        |         +|   0|  0|  28|          21|          21|
    |acc_19_fu_15799_p2        |         +|   0|  0|  28|          21|          21|
    |acc_20_fu_15842_p2        |         +|   0|  0|  28|          21|          21|
    |acc_21_fu_15885_p2        |         +|   0|  0|  28|          21|          21|
    |acc_22_fu_15928_p2        |         +|   0|  0|  28|          21|          21|
    |acc_23_fu_15971_p2        |         +|   0|  0|  28|          21|          21|
    |acc_24_fu_16014_p2        |         +|   0|  0|  28|          21|          21|
    |acc_25_fu_16057_p2        |         +|   0|  0|  28|          21|          21|
    |acc_26_fu_16100_p2        |         +|   0|  0|  28|          21|          21|
    |acc_27_fu_16143_p2        |         +|   0|  0|  28|          21|          21|
    |acc_28_fu_16186_p2        |         +|   0|  0|  28|          21|          21|
    |acc_29_fu_16229_p2        |         +|   0|  0|  28|          21|          21|
    |acc_30_fu_16272_p2        |         +|   0|  0|  28|          21|          21|
    |acc_31_fu_16315_p2        |         +|   0|  0|  28|          21|          21|
    |acc_32_fu_16358_p2        |         +|   0|  0|  28|          21|          21|
    |acc_33_fu_16401_p2        |         +|   0|  0|  28|          21|          21|
    |acc_34_fu_16444_p2        |         +|   0|  0|  28|          21|          21|
    |acc_35_fu_16461_p2        |         +|   0|  0|  27|          20|          20|
    |add_ln59_fu_9858_p2       |         +|   0|  0|  13|           5|           1|
    |add_ln76_100_fu_12551_p2  |         +|   0|  0|  25|          18|          18|
    |add_ln76_101_fu_12561_p2  |         +|   0|  0|  26|          19|          19|
    |add_ln76_102_fu_15617_p2  |         +|   0|  0|  27|          20|          20|
    |add_ln76_107_fu_12573_p2  |         +|   0|  0|  25|          18|          18|
    |add_ln76_10_fu_12219_p2   |         +|   0|  0|  26|          19|          19|
    |add_ln76_111_fu_12589_p2  |         +|   0|  0|  25|          18|          18|
    |add_ln76_112_fu_12599_p2  |         +|   0|  0|  26|          19|          19|
    |add_ln76_116_fu_12611_p2  |         +|   0|  0|  25|          18|          18|
    |add_ln76_120_fu_12627_p2  |         +|   0|  0|  25|          18|          18|
    |add_ln76_121_fu_12637_p2  |         +|   0|  0|  26|          19|          19|
    |add_ln76_122_fu_15644_p2  |         +|   0|  0|  27|          20|          20|
    |add_ln76_126_fu_12649_p2  |         +|   0|  0|  25|          18|          18|
    |add_ln76_130_fu_12665_p2  |         +|   0|  0|  25|          18|          18|
    |add_ln76_131_fu_12675_p2  |         +|   0|  0|  26|          19|          19|
    |add_ln76_135_fu_12687_p2  |         +|   0|  0|  25|          18|          18|
    |add_ln76_140_fu_12703_p2  |         +|   0|  0|  25|          18|          18|
    |add_ln76_141_fu_12713_p2  |         +|   0|  0|  26|          19|          19|
    |add_ln76_142_fu_15660_p2  |         +|   0|  0|  27|          20|          20|
    |add_ln76_147_fu_12725_p2  |         +|   0|  0|  25|          18|          18|
    |add_ln76_151_fu_12741_p2  |         +|   0|  0|  25|          18|          18|
    |add_ln76_152_fu_12751_p2  |         +|   0|  0|  26|          19|          19|
    |add_ln76_156_fu_12763_p2  |         +|   0|  0|  25|          18|          18|
    |add_ln76_15_fu_12231_p2   |         +|   0|  0|  25|          18|          18|
    |add_ln76_160_fu_12779_p2  |         +|   0|  0|  25|          18|          18|
    |add_ln76_161_fu_12789_p2  |         +|   0|  0|  26|          19|          19|
    |add_ln76_162_fu_15687_p2  |         +|   0|  0|  27|          20|          20|
    |add_ln76_166_fu_12801_p2  |         +|   0|  0|  25|          18|          18|
    |add_ln76_170_fu_12817_p2  |         +|   0|  0|  25|          18|          18|
    |add_ln76_171_fu_12827_p2  |         +|   0|  0|  26|          19|          19|
    |add_ln76_175_fu_12839_p2  |         +|   0|  0|  25|          18|          18|
    |add_ln76_180_fu_12855_p2  |         +|   0|  0|  25|          18|          18|
    |add_ln76_181_fu_12865_p2  |         +|   0|  0|  26|          19|          19|
    |add_ln76_182_fu_15703_p2  |         +|   0|  0|  27|          20|          20|
    |add_ln76_187_fu_12877_p2  |         +|   0|  0|  25|          18|          18|
    |add_ln76_191_fu_12893_p2  |         +|   0|  0|  25|          18|          18|
    |add_ln76_192_fu_12903_p2  |         +|   0|  0|  26|          19|          19|
    |add_ln76_196_fu_12915_p2  |         +|   0|  0|  25|          18|          18|
    |add_ln76_1_fu_11175_p2    |         +|   0|  0|  24|          17|          17|
    |add_ln76_200_fu_12931_p2  |         +|   0|  0|  25|          18|          18|
    |add_ln76_201_fu_12941_p2  |         +|   0|  0|  26|          19|          19|
    |add_ln76_202_fu_15730_p2  |         +|   0|  0|  27|          20|          20|
    |add_ln76_206_fu_12953_p2  |         +|   0|  0|  25|          18|          18|
    |add_ln76_20_fu_11198_p2   |         +|   0|  0|  24|          17|          17|
    |add_ln76_210_fu_12969_p2  |         +|   0|  0|  25|          18|          18|
    |add_ln76_211_fu_12979_p2  |         +|   0|  0|  26|          19|          19|
    |add_ln76_215_fu_12991_p2  |         +|   0|  0|  25|          18|          18|
    |add_ln76_21_fu_12247_p2   |         +|   0|  0|  25|          18|          18|
    |add_ln76_220_fu_13007_p2  |         +|   0|  0|  25|          18|          18|
    |add_ln76_221_fu_13017_p2  |         +|   0|  0|  26|          19|          19|
    |add_ln76_222_fu_15746_p2  |         +|   0|  0|  27|          20|          20|
    |add_ln76_227_fu_13029_p2  |         +|   0|  0|  25|          18|          18|
    |add_ln76_22_fu_12257_p2   |         +|   0|  0|  26|          19|          19|
    |add_ln76_231_fu_13045_p2  |         +|   0|  0|  25|          18|          18|
    |add_ln76_232_fu_13055_p2  |         +|   0|  0|  26|          19|          19|
    |add_ln76_236_fu_13067_p2  |         +|   0|  0|  25|          18|          18|
    |add_ln76_240_fu_13083_p2  |         +|   0|  0|  25|          18|          18|
    |add_ln76_241_fu_13093_p2  |         +|   0|  0|  26|          19|          19|
    |add_ln76_242_fu_15773_p2  |         +|   0|  0|  27|          20|          20|
    |add_ln76_246_fu_13105_p2  |         +|   0|  0|  25|          18|          18|
    |add_ln76_250_fu_13121_p2  |         +|   0|  0|  25|          18|          18|
    |add_ln76_251_fu_13131_p2  |         +|   0|  0|  26|          19|          19|
    |add_ln76_255_fu_13143_p2  |         +|   0|  0|  25|          18|          18|
    |add_ln76_260_fu_13159_p2  |         +|   0|  0|  25|          18|          18|
    |add_ln76_261_fu_13169_p2  |         +|   0|  0|  26|          19|          19|
    |add_ln76_262_fu_15789_p2  |         +|   0|  0|  27|          20|          20|
    |add_ln76_267_fu_13181_p2  |         +|   0|  0|  25|          18|          18|
    |add_ln76_271_fu_13197_p2  |         +|   0|  0|  25|          18|          18|
    |add_ln76_272_fu_13207_p2  |         +|   0|  0|  26|          19|          19|
    |add_ln76_276_fu_13219_p2  |         +|   0|  0|  25|          18|          18|
    |add_ln76_27_fu_12269_p2   |         +|   0|  0|  25|          18|          18|
    |add_ln76_280_fu_13235_p2  |         +|   0|  0|  25|          18|          18|
    |add_ln76_281_fu_13245_p2  |         +|   0|  0|  26|          19|          19|
    |add_ln76_282_fu_15816_p2  |         +|   0|  0|  27|          20|          20|
    |add_ln76_286_fu_13257_p2  |         +|   0|  0|  25|          18|          18|
    |add_ln76_290_fu_13273_p2  |         +|   0|  0|  25|          18|          18|
    |add_ln76_291_fu_13283_p2  |         +|   0|  0|  26|          19|          19|
    |add_ln76_295_fu_13295_p2  |         +|   0|  0|  25|          18|          18|
    |add_ln76_300_fu_13311_p2  |         +|   0|  0|  25|          18|          18|
    |add_ln76_301_fu_13321_p2  |         +|   0|  0|  26|          19|          19|
    |add_ln76_302_fu_15832_p2  |         +|   0|  0|  27|          20|          20|
    |add_ln76_307_fu_13333_p2  |         +|   0|  0|  25|          18|          18|
    |add_ln76_311_fu_13349_p2  |         +|   0|  0|  25|          18|          18|
    |add_ln76_312_fu_13359_p2  |         +|   0|  0|  26|          19|          19|
    |add_ln76_316_fu_13371_p2  |         +|   0|  0|  25|          18|          18|
    |add_ln76_31_fu_12285_p2   |         +|   0|  0|  25|          18|          18|
    |add_ln76_320_fu_13387_p2  |         +|   0|  0|  25|          18|          18|
    |add_ln76_321_fu_13397_p2  |         +|   0|  0|  26|          19|          19|
    |add_ln76_322_fu_15859_p2  |         +|   0|  0|  27|          20|          20|
    |add_ln76_326_fu_13409_p2  |         +|   0|  0|  25|          18|          18|
    |add_ln76_32_fu_12295_p2   |         +|   0|  0|  26|          19|          19|
    |add_ln76_330_fu_13425_p2  |         +|   0|  0|  25|          18|          18|
    |add_ln76_331_fu_13435_p2  |         +|   0|  0|  26|          19|          19|
    |add_ln76_335_fu_13447_p2  |         +|   0|  0|  25|          18|          18|
    |add_ln76_340_fu_13463_p2  |         +|   0|  0|  25|          18|          18|
    |add_ln76_341_fu_13473_p2  |         +|   0|  0|  26|          19|          19|
    |add_ln76_342_fu_15875_p2  |         +|   0|  0|  27|          20|          20|
    |add_ln76_347_fu_13485_p2  |         +|   0|  0|  25|          18|          18|
    |add_ln76_351_fu_13501_p2  |         +|   0|  0|  25|          18|          18|
    |add_ln76_352_fu_13511_p2  |         +|   0|  0|  26|          19|          19|
    |add_ln76_356_fu_13523_p2  |         +|   0|  0|  25|          18|          18|
    |add_ln76_360_fu_13539_p2  |         +|   0|  0|  25|          18|          18|
    |add_ln76_361_fu_13549_p2  |         +|   0|  0|  26|          19|          19|
    |add_ln76_362_fu_15902_p2  |         +|   0|  0|  27|          20|          20|
    |add_ln76_366_fu_13561_p2  |         +|   0|  0|  25|          18|          18|
    |add_ln76_36_fu_12307_p2   |         +|   0|  0|  25|          18|          18|
    |add_ln76_370_fu_13577_p2  |         +|   0|  0|  25|          18|          18|
    |add_ln76_371_fu_13587_p2  |         +|   0|  0|  26|          19|          19|
    |add_ln76_375_fu_13599_p2  |         +|   0|  0|  25|          18|          18|
    |add_ln76_380_fu_13615_p2  |         +|   0|  0|  25|          18|          18|
    |add_ln76_381_fu_13625_p2  |         +|   0|  0|  26|          19|          19|
    |add_ln76_382_fu_15918_p2  |         +|   0|  0|  27|          20|          20|
    |add_ln76_387_fu_13637_p2  |         +|   0|  0|  25|          18|          18|
    |add_ln76_391_fu_13653_p2  |         +|   0|  0|  25|          18|          18|
    |add_ln76_392_fu_13663_p2  |         +|   0|  0|  26|          19|          19|
    |add_ln76_396_fu_13675_p2  |         +|   0|  0|  25|          18|          18|
    |add_ln76_400_fu_13691_p2  |         +|   0|  0|  25|          18|          18|
    |add_ln76_401_fu_13701_p2  |         +|   0|  0|  26|          19|          19|
    |add_ln76_402_fu_15945_p2  |         +|   0|  0|  27|          20|          20|
    |add_ln76_406_fu_13713_p2  |         +|   0|  0|  25|          18|          18|
    |add_ln76_40_fu_12323_p2   |         +|   0|  0|  25|          18|          18|
    |add_ln76_410_fu_13729_p2  |         +|   0|  0|  25|          18|          18|
    |add_ln76_411_fu_13739_p2  |         +|   0|  0|  26|          19|          19|
    |add_ln76_415_fu_13751_p2  |         +|   0|  0|  25|          18|          18|
    |add_ln76_41_fu_12333_p2   |         +|   0|  0|  26|          19|          19|
    |add_ln76_420_fu_13767_p2  |         +|   0|  0|  25|          18|          18|
    |add_ln76_421_fu_13777_p2  |         +|   0|  0|  26|          19|          19|
    |add_ln76_422_fu_15961_p2  |         +|   0|  0|  27|          20|          20|
    |add_ln76_427_fu_13789_p2  |         +|   0|  0|  25|          18|          18|
    |add_ln76_42_fu_15558_p2   |         +|   0|  0|  27|          20|          20|
    |add_ln76_431_fu_13805_p2  |         +|   0|  0|  25|          18|          18|
    |add_ln76_432_fu_13815_p2  |         +|   0|  0|  26|          19|          19|
    |add_ln76_436_fu_13827_p2  |         +|   0|  0|  25|          18|          18|
    |add_ln76_440_fu_13843_p2  |         +|   0|  0|  25|          18|          18|
    |add_ln76_441_fu_13853_p2  |         +|   0|  0|  26|          19|          19|
    |add_ln76_442_fu_15988_p2  |         +|   0|  0|  27|          20|          20|
    |add_ln76_446_fu_13865_p2  |         +|   0|  0|  25|          18|          18|
    |add_ln76_450_fu_13881_p2  |         +|   0|  0|  25|          18|          18|
    |add_ln76_451_fu_13891_p2  |         +|   0|  0|  26|          19|          19|
    |add_ln76_455_fu_13903_p2  |         +|   0|  0|  25|          18|          18|
    |add_ln76_460_fu_13919_p2  |         +|   0|  0|  25|          18|          18|
    |add_ln76_461_fu_13929_p2  |         +|   0|  0|  26|          19|          19|
    |add_ln76_462_fu_16004_p2  |         +|   0|  0|  27|          20|          20|
    |add_ln76_467_fu_13941_p2  |         +|   0|  0|  25|          18|          18|
    |add_ln76_46_fu_12345_p2   |         +|   0|  0|  25|          18|          18|
    |add_ln76_471_fu_13957_p2  |         +|   0|  0|  25|          18|          18|
    |add_ln76_472_fu_13967_p2  |         +|   0|  0|  26|          19|          19|
    |add_ln76_476_fu_13979_p2  |         +|   0|  0|  25|          18|          18|
    |add_ln76_480_fu_13995_p2  |         +|   0|  0|  25|          18|          18|
    |add_ln76_481_fu_14005_p2  |         +|   0|  0|  26|          19|          19|
    |add_ln76_482_fu_16031_p2  |         +|   0|  0|  27|          20|          20|
    |add_ln76_486_fu_14017_p2  |         +|   0|  0|  25|          18|          18|
    |add_ln76_490_fu_14033_p2  |         +|   0|  0|  25|          18|          18|
    |add_ln76_491_fu_14043_p2  |         +|   0|  0|  26|          19|          19|
    |add_ln76_495_fu_14055_p2  |         +|   0|  0|  25|          18|          18|
    |add_ln76_4_fu_12193_p2    |         +|   0|  0|  25|          18|          18|
    |add_ln76_500_fu_14071_p2  |         +|   0|  0|  25|          18|          18|
    |add_ln76_501_fu_14081_p2  |         +|   0|  0|  26|          19|          19|
    |add_ln76_502_fu_16047_p2  |         +|   0|  0|  27|          20|          20|
    |add_ln76_507_fu_14093_p2  |         +|   0|  0|  25|          18|          18|
    |add_ln76_50_fu_12361_p2   |         +|   0|  0|  25|          18|          18|
    |add_ln76_511_fu_14109_p2  |         +|   0|  0|  25|          18|          18|
    |add_ln76_512_fu_14119_p2  |         +|   0|  0|  26|          19|          19|
    |add_ln76_516_fu_14131_p2  |         +|   0|  0|  25|          18|          18|
    |add_ln76_51_fu_12371_p2   |         +|   0|  0|  26|          19|          19|
    |add_ln76_520_fu_14147_p2  |         +|   0|  0|  25|          18|          18|
    |add_ln76_521_fu_14157_p2  |         +|   0|  0|  26|          19|          19|
    |add_ln76_522_fu_16074_p2  |         +|   0|  0|  27|          20|          20|
    |add_ln76_526_fu_14169_p2  |         +|   0|  0|  25|          18|          18|
    |add_ln76_530_fu_14185_p2  |         +|   0|  0|  25|          18|          18|
    |add_ln76_531_fu_14195_p2  |         +|   0|  0|  26|          19|          19|
    |add_ln76_535_fu_14207_p2  |         +|   0|  0|  25|          18|          18|
    |add_ln76_540_fu_14223_p2  |         +|   0|  0|  25|          18|          18|
    |add_ln76_541_fu_14233_p2  |         +|   0|  0|  26|          19|          19|
    |add_ln76_542_fu_16090_p2  |         +|   0|  0|  27|          20|          20|
    |add_ln76_547_fu_14245_p2  |         +|   0|  0|  25|          18|          18|
    |add_ln76_551_fu_14261_p2  |         +|   0|  0|  25|          18|          18|
    |add_ln76_552_fu_14271_p2  |         +|   0|  0|  26|          19|          19|
    |add_ln76_556_fu_14283_p2  |         +|   0|  0|  25|          18|          18|
    |add_ln76_55_fu_12383_p2   |         +|   0|  0|  25|          18|          18|
    |add_ln76_560_fu_14299_p2  |         +|   0|  0|  25|          18|          18|
    |add_ln76_561_fu_14309_p2  |         +|   0|  0|  26|          19|          19|
    |add_ln76_562_fu_16117_p2  |         +|   0|  0|  27|          20|          20|
    |add_ln76_566_fu_14321_p2  |         +|   0|  0|  25|          18|          18|
    |add_ln76_570_fu_14337_p2  |         +|   0|  0|  25|          18|          18|
    |add_ln76_571_fu_14347_p2  |         +|   0|  0|  26|          19|          19|
    |add_ln76_575_fu_14359_p2  |         +|   0|  0|  25|          18|          18|
    |add_ln76_580_fu_14375_p2  |         +|   0|  0|  25|          18|          18|
    |add_ln76_581_fu_14385_p2  |         +|   0|  0|  26|          19|          19|
    |add_ln76_582_fu_16133_p2  |         +|   0|  0|  27|          20|          20|
    |add_ln76_587_fu_14397_p2  |         +|   0|  0|  25|          18|          18|
    |add_ln76_591_fu_14413_p2  |         +|   0|  0|  25|          18|          18|
    |add_ln76_592_fu_14423_p2  |         +|   0|  0|  26|          19|          19|
    |add_ln76_596_fu_14435_p2  |         +|   0|  0|  25|          18|          18|
    |add_ln76_600_fu_14451_p2  |         +|   0|  0|  25|          18|          18|
    |add_ln76_601_fu_14461_p2  |         +|   0|  0|  26|          19|          19|
    |add_ln76_602_fu_16160_p2  |         +|   0|  0|  27|          20|          20|
    |add_ln76_606_fu_14473_p2  |         +|   0|  0|  25|          18|          18|
    |add_ln76_60_fu_12399_p2   |         +|   0|  0|  25|          18|          18|
    |add_ln76_610_fu_14489_p2  |         +|   0|  0|  25|          18|          18|
    |add_ln76_611_fu_14499_p2  |         +|   0|  0|  26|          19|          19|
    |add_ln76_615_fu_14511_p2  |         +|   0|  0|  25|          18|          18|
    |add_ln76_61_fu_12409_p2   |         +|   0|  0|  26|          19|          19|
    |add_ln76_620_fu_14527_p2  |         +|   0|  0|  25|          18|          18|
    |add_ln76_621_fu_14537_p2  |         +|   0|  0|  26|          19|          19|
    |add_ln76_622_fu_16176_p2  |         +|   0|  0|  27|          20|          20|
    |add_ln76_627_fu_14549_p2  |         +|   0|  0|  25|          18|          18|
    |add_ln76_62_fu_15574_p2   |         +|   0|  0|  27|          20|          20|
    |add_ln76_631_fu_14565_p2  |         +|   0|  0|  25|          18|          18|
    |add_ln76_632_fu_14575_p2  |         +|   0|  0|  26|          19|          19|
    |add_ln76_636_fu_14587_p2  |         +|   0|  0|  25|          18|          18|
    |add_ln76_640_fu_14603_p2  |         +|   0|  0|  25|          18|          18|
    |add_ln76_641_fu_14613_p2  |         +|   0|  0|  26|          19|          19|
    |add_ln76_642_fu_16203_p2  |         +|   0|  0|  27|          20|          20|
    |add_ln76_646_fu_14625_p2  |         +|   0|  0|  25|          18|          18|
    |add_ln76_650_fu_14641_p2  |         +|   0|  0|  25|          18|          18|
    |add_ln76_651_fu_14651_p2  |         +|   0|  0|  26|          19|          19|
    |add_ln76_655_fu_14663_p2  |         +|   0|  0|  25|          18|          18|
    |add_ln76_660_fu_14679_p2  |         +|   0|  0|  25|          18|          18|
    |add_ln76_661_fu_14689_p2  |         +|   0|  0|  26|          19|          19|
    |add_ln76_662_fu_16219_p2  |         +|   0|  0|  27|          20|          20|
    |add_ln76_667_fu_14701_p2  |         +|   0|  0|  25|          18|          18|
    |add_ln76_671_fu_14717_p2  |         +|   0|  0|  25|          18|          18|
    |add_ln76_672_fu_14727_p2  |         +|   0|  0|  26|          19|          19|
    |add_ln76_676_fu_14739_p2  |         +|   0|  0|  25|          18|          18|
    |add_ln76_67_fu_12421_p2   |         +|   0|  0|  25|          18|          18|
    |add_ln76_680_fu_14755_p2  |         +|   0|  0|  25|          18|          18|
    |add_ln76_681_fu_14765_p2  |         +|   0|  0|  26|          19|          19|
    |add_ln76_682_fu_16246_p2  |         +|   0|  0|  27|          20|          20|
    |add_ln76_686_fu_14777_p2  |         +|   0|  0|  25|          18|          18|
    |add_ln76_690_fu_14793_p2  |         +|   0|  0|  25|          18|          18|
    |add_ln76_691_fu_14803_p2  |         +|   0|  0|  26|          19|          19|
    |add_ln76_695_fu_14815_p2  |         +|   0|  0|  25|          18|          18|
    |add_ln76_700_fu_14831_p2  |         +|   0|  0|  25|          18|          18|
    |add_ln76_701_fu_14841_p2  |         +|   0|  0|  26|          19|          19|
    |add_ln76_702_fu_16262_p2  |         +|   0|  0|  27|          20|          20|
    |add_ln76_707_fu_14853_p2  |         +|   0|  0|  25|          18|          18|
    |add_ln76_711_fu_14869_p2  |         +|   0|  0|  25|          18|          18|
    |add_ln76_712_fu_14879_p2  |         +|   0|  0|  26|          19|          19|
    |add_ln76_716_fu_14891_p2  |         +|   0|  0|  25|          18|          18|
    |add_ln76_71_fu_12437_p2   |         +|   0|  0|  25|          18|          18|
    |add_ln76_720_fu_14907_p2  |         +|   0|  0|  25|          18|          18|
    |add_ln76_721_fu_14917_p2  |         +|   0|  0|  26|          19|          19|
    |add_ln76_722_fu_16289_p2  |         +|   0|  0|  27|          20|          20|
    |add_ln76_726_fu_14929_p2  |         +|   0|  0|  25|          18|          18|
    |add_ln76_72_fu_12447_p2   |         +|   0|  0|  26|          19|          19|
    |add_ln76_730_fu_14945_p2  |         +|   0|  0|  25|          18|          18|
    |add_ln76_731_fu_14955_p2  |         +|   0|  0|  26|          19|          19|
    |add_ln76_735_fu_14967_p2  |         +|   0|  0|  25|          18|          18|
    |add_ln76_740_fu_14983_p2  |         +|   0|  0|  25|          18|          18|
    |add_ln76_741_fu_14993_p2  |         +|   0|  0|  26|          19|          19|
    |add_ln76_742_fu_16305_p2  |         +|   0|  0|  27|          20|          20|
    |add_ln76_747_fu_15005_p2  |         +|   0|  0|  25|          18|          18|
    |add_ln76_751_fu_15021_p2  |         +|   0|  0|  25|          18|          18|
    |add_ln76_752_fu_15031_p2  |         +|   0|  0|  26|          19|          19|
    |add_ln76_756_fu_15043_p2  |         +|   0|  0|  25|          18|          18|
    |add_ln76_760_fu_15059_p2  |         +|   0|  0|  25|          18|          18|
    |add_ln76_761_fu_15069_p2  |         +|   0|  0|  26|          19|          19|
    |add_ln76_762_fu_16332_p2  |         +|   0|  0|  27|          20|          20|
    |add_ln76_766_fu_15081_p2  |         +|   0|  0|  25|          18|          18|
    |add_ln76_76_fu_12459_p2   |         +|   0|  0|  25|          18|          18|
    |add_ln76_770_fu_15097_p2  |         +|   0|  0|  25|          18|          18|
    |add_ln76_771_fu_15107_p2  |         +|   0|  0|  26|          19|          19|
    |add_ln76_775_fu_15119_p2  |         +|   0|  0|  25|          18|          18|
    |add_ln76_780_fu_15135_p2  |         +|   0|  0|  25|          18|          18|
    |add_ln76_781_fu_15145_p2  |         +|   0|  0|  26|          19|          19|
    |add_ln76_782_fu_16348_p2  |         +|   0|  0|  27|          20|          20|
    |add_ln76_787_fu_15157_p2  |         +|   0|  0|  25|          18|          18|
    |add_ln76_791_fu_15173_p2  |         +|   0|  0|  25|          18|          18|
    |add_ln76_792_fu_15183_p2  |         +|   0|  0|  26|          19|          19|
    |add_ln76_796_fu_15195_p2  |         +|   0|  0|  25|          18|          18|
    |add_ln76_800_fu_15211_p2  |         +|   0|  0|  25|          18|          18|
    |add_ln76_801_fu_15221_p2  |         +|   0|  0|  26|          19|          19|
    |add_ln76_802_fu_16375_p2  |         +|   0|  0|  27|          20|          20|
    |add_ln76_806_fu_15233_p2  |         +|   0|  0|  25|          18|          18|
    |add_ln76_80_fu_12475_p2   |         +|   0|  0|  25|          18|          18|
    |add_ln76_810_fu_15249_p2  |         +|   0|  0|  25|          18|          18|
    |add_ln76_811_fu_15259_p2  |         +|   0|  0|  26|          19|          19|
    |add_ln76_815_fu_15271_p2  |         +|   0|  0|  25|          18|          18|
    |add_ln76_81_fu_12485_p2   |         +|   0|  0|  26|          19|          19|
    |add_ln76_820_fu_15287_p2  |         +|   0|  0|  25|          18|          18|
    |add_ln76_821_fu_15297_p2  |         +|   0|  0|  26|          19|          19|
    |add_ln76_822_fu_16391_p2  |         +|   0|  0|  27|          20|          20|
    |add_ln76_827_fu_15309_p2  |         +|   0|  0|  25|          18|          18|
    |add_ln76_82_fu_15601_p2   |         +|   0|  0|  27|          20|          20|
    |add_ln76_831_fu_15325_p2  |         +|   0|  0|  25|          18|          18|
    |add_ln76_832_fu_15335_p2  |         +|   0|  0|  26|          19|          19|
    |add_ln76_836_fu_15347_p2  |         +|   0|  0|  25|          18|          18|
    |add_ln76_840_fu_15363_p2  |         +|   0|  0|  25|          18|          18|
    |add_ln76_841_fu_15373_p2  |         +|   0|  0|  26|          19|          19|
    |add_ln76_842_fu_16418_p2  |         +|   0|  0|  27|          20|          20|
    |add_ln76_846_fu_15385_p2  |         +|   0|  0|  25|          18|          18|
    |add_ln76_850_fu_15401_p2  |         +|   0|  0|  25|          18|          18|
    |add_ln76_851_fu_15411_p2  |         +|   0|  0|  26|          19|          19|
    |add_ln76_855_fu_15423_p2  |         +|   0|  0|  25|          18|          18|
    |add_ln76_860_fu_15439_p2  |         +|   0|  0|  25|          18|          18|
    |add_ln76_861_fu_15449_p2  |         +|   0|  0|  26|          19|          19|
    |add_ln76_862_fu_16434_p2  |         +|   0|  0|  27|          20|          20|
    |add_ln76_865_fu_12151_p2  |         +|   0|  0|  24|          17|          17|
    |add_ln76_868_fu_15461_p2  |         +|   0|  0|  25|          18|          18|
    |add_ln76_86_fu_12497_p2   |         +|   0|  0|  25|          18|          18|
    |add_ln76_873_fu_15477_p2  |         +|   0|  0|  25|          18|          18|
    |add_ln76_874_fu_15487_p2  |         +|   0|  0|  26|          19|          19|
    |add_ln76_879_fu_15499_p2  |         +|   0|  0|  25|          18|          18|
    |add_ln76_884_fu_12181_p2  |         +|   0|  0|  24|          17|          17|
    |add_ln76_885_fu_15515_p2  |         +|   0|  0|  25|          18|          18|
    |add_ln76_886_fu_15525_p2  |         +|   0|  0|  26|          19|          19|
    |add_ln76_90_fu_12513_p2   |         +|   0|  0|  25|          18|          18|
    |add_ln76_91_fu_12523_p2   |         +|   0|  0|  26|          19|          19|
    |add_ln76_95_fu_12535_p2   |         +|   0|  0|  25|          18|          18|
    |add_ln76_9_fu_12209_p2    |         +|   0|  0|  25|          18|          18|
    |icmp_ln59_fu_9852_p2      |      icmp|   0|  0|  14|           5|           6|
    |ap_enable_pp0             |       xor|   0|  0|   2|           1|           2|
    +--------------------------+----------+----+---+----+------------+------------+
    |Total                     |          |   0|  0|8589|        6240|        6238|
    +--------------------------+----------+----+---+----+------------+------------+

    * Multiplexer: 
    +-------------------------+----+-----------+-----+-----------+
    |           Name          | LUT| Input Size| Bits| Total Bits|
    +-------------------------+----+-----------+-----+-----------+
    |ap_done_int              |   9|          2|    1|          2|
    |ap_enable_reg_pp0_iter1  |   9|          2|    1|          2|
    |ap_sig_allocacmp_oc      |   9|          2|    5|         10|
    |oc_1_fu_1564             |   9|          2|    5|         10|
    +-------------------------+----+-----------+-----+-----------+
    |Total                    |  36|          8|   12|         24|
    +-------------------------+----+-----------+-----+-----------+

    * Register: 
    +----------------------------------------+-----+----+-----+-----------+
    |                  Name                  |  FF | LUT| Bits| Const Bits|
    +----------------------------------------+-----+----+-----+-----------+
    |add_ln76_101_reg_32563                  |   19|   0|   19|          0|
    |add_ln76_10_reg_32518                   |   19|   0|   19|          0|
    |add_ln76_112_reg_32568                  |   19|   0|   19|          0|
    |add_ln76_121_reg_32573                  |   19|   0|   19|          0|
    |add_ln76_131_reg_32578                  |   19|   0|   19|          0|
    |add_ln76_141_reg_32583                  |   19|   0|   19|          0|
    |add_ln76_152_reg_32588                  |   19|   0|   19|          0|
    |add_ln76_161_reg_32593                  |   19|   0|   19|          0|
    |add_ln76_171_reg_32598                  |   19|   0|   19|          0|
    |add_ln76_181_reg_32603                  |   19|   0|   19|          0|
    |add_ln76_192_reg_32608                  |   19|   0|   19|          0|
    |add_ln76_1_reg_30863                    |   17|   0|   17|          0|
    |add_ln76_201_reg_32613                  |   19|   0|   19|          0|
    |add_ln76_20_reg_30898                   |   17|   0|   17|          0|
    |add_ln76_211_reg_32618                  |   19|   0|   19|          0|
    |add_ln76_221_reg_32623                  |   19|   0|   19|          0|
    |add_ln76_22_reg_32523                   |   19|   0|   19|          0|
    |add_ln76_232_reg_32628                  |   19|   0|   19|          0|
    |add_ln76_241_reg_32633                  |   19|   0|   19|          0|
    |add_ln76_251_reg_32638                  |   19|   0|   19|          0|
    |add_ln76_261_reg_32643                  |   19|   0|   19|          0|
    |add_ln76_272_reg_32648                  |   19|   0|   19|          0|
    |add_ln76_281_reg_32653                  |   19|   0|   19|          0|
    |add_ln76_291_reg_32658                  |   19|   0|   19|          0|
    |add_ln76_301_reg_32663                  |   19|   0|   19|          0|
    |add_ln76_312_reg_32668                  |   19|   0|   19|          0|
    |add_ln76_321_reg_32673                  |   19|   0|   19|          0|
    |add_ln76_32_reg_32528                   |   19|   0|   19|          0|
    |add_ln76_331_reg_32678                  |   19|   0|   19|          0|
    |add_ln76_341_reg_32683                  |   19|   0|   19|          0|
    |add_ln76_352_reg_32688                  |   19|   0|   19|          0|
    |add_ln76_361_reg_32693                  |   19|   0|   19|          0|
    |add_ln76_371_reg_32698                  |   19|   0|   19|          0|
    |add_ln76_381_reg_32703                  |   19|   0|   19|          0|
    |add_ln76_392_reg_32708                  |   19|   0|   19|          0|
    |add_ln76_401_reg_32713                  |   19|   0|   19|          0|
    |add_ln76_411_reg_32718                  |   19|   0|   19|          0|
    |add_ln76_41_reg_32533                   |   19|   0|   19|          0|
    |add_ln76_421_reg_32723                  |   19|   0|   19|          0|
    |add_ln76_432_reg_32728                  |   19|   0|   19|          0|
    |add_ln76_441_reg_32733                  |   19|   0|   19|          0|
    |add_ln76_451_reg_32738                  |   19|   0|   19|          0|
    |add_ln76_461_reg_32743                  |   19|   0|   19|          0|
    |add_ln76_472_reg_32748                  |   19|   0|   19|          0|
    |add_ln76_481_reg_32753                  |   19|   0|   19|          0|
    |add_ln76_491_reg_32758                  |   19|   0|   19|          0|
    |add_ln76_501_reg_32763                  |   19|   0|   19|          0|
    |add_ln76_512_reg_32768                  |   19|   0|   19|          0|
    |add_ln76_51_reg_32538                   |   19|   0|   19|          0|
    |add_ln76_521_reg_32773                  |   19|   0|   19|          0|
    |add_ln76_531_reg_32778                  |   19|   0|   19|          0|
    |add_ln76_541_reg_32783                  |   19|   0|   19|          0|
    |add_ln76_552_reg_32788                  |   19|   0|   19|          0|
    |add_ln76_561_reg_32793                  |   19|   0|   19|          0|
    |add_ln76_571_reg_32798                  |   19|   0|   19|          0|
    |add_ln76_581_reg_32803                  |   19|   0|   19|          0|
    |add_ln76_592_reg_32808                  |   19|   0|   19|          0|
    |add_ln76_601_reg_32813                  |   19|   0|   19|          0|
    |add_ln76_611_reg_32818                  |   19|   0|   19|          0|
    |add_ln76_61_reg_32543                   |   19|   0|   19|          0|
    |add_ln76_621_reg_32823                  |   19|   0|   19|          0|
    |add_ln76_632_reg_32828                  |   19|   0|   19|          0|
    |add_ln76_641_reg_32833                  |   19|   0|   19|          0|
    |add_ln76_651_reg_32838                  |   19|   0|   19|          0|
    |add_ln76_661_reg_32843                  |   19|   0|   19|          0|
    |add_ln76_672_reg_32848                  |   19|   0|   19|          0|
    |add_ln76_681_reg_32853                  |   19|   0|   19|          0|
    |add_ln76_691_reg_32858                  |   19|   0|   19|          0|
    |add_ln76_701_reg_32863                  |   19|   0|   19|          0|
    |add_ln76_712_reg_32868                  |   19|   0|   19|          0|
    |add_ln76_721_reg_32873                  |   19|   0|   19|          0|
    |add_ln76_72_reg_32548                   |   19|   0|   19|          0|
    |add_ln76_731_reg_32878                  |   19|   0|   19|          0|
    |add_ln76_741_reg_32883                  |   19|   0|   19|          0|
    |add_ln76_752_reg_32888                  |   19|   0|   19|          0|
    |add_ln76_761_reg_32893                  |   19|   0|   19|          0|
    |add_ln76_771_reg_32898                  |   19|   0|   19|          0|
    |add_ln76_781_reg_32903                  |   19|   0|   19|          0|
    |add_ln76_792_reg_32908                  |   19|   0|   19|          0|
    |add_ln76_801_reg_32913                  |   19|   0|   19|          0|
    |add_ln76_811_reg_32918                  |   19|   0|   19|          0|
    |add_ln76_81_reg_32553                   |   19|   0|   19|          0|
    |add_ln76_821_reg_32923                  |   19|   0|   19|          0|
    |add_ln76_832_reg_32928                  |   19|   0|   19|          0|
    |add_ln76_841_reg_32933                  |   19|   0|   19|          0|
    |add_ln76_851_reg_32938                  |   19|   0|   19|          0|
    |add_ln76_861_reg_32943                  |   19|   0|   19|          0|
    |add_ln76_865_reg_32478                  |   17|   0|   17|          0|
    |add_ln76_874_reg_32948                  |   19|   0|   19|          0|
    |add_ln76_884_reg_32513                  |   17|   0|   17|          0|
    |add_ln76_886_reg_32953                  |   19|   0|   19|          0|
    |add_ln76_91_reg_32558                   |   19|   0|   19|          0|
    |ap_CS_fsm                               |    1|   0|    1|          0|
    |ap_done_reg                             |    1|   0|    1|          0|
    |ap_enable_reg_pp0_iter1                 |    1|   0|    1|          0|
    |ap_enable_reg_pp0_iter2                 |    1|   0|    1|          0|
    |ap_enable_reg_pp0_iter3                 |    1|   0|    1|          0|
    |ap_enable_reg_pp0_iter4                 |    1|   0|    1|          0|
    |ap_enable_reg_pp0_iter5                 |    1|   0|    1|          0|
    |ap_enable_reg_pp0_iter6                 |    1|   0|    1|          0|
    |ap_loop_exit_ready_pp0_iter1_reg        |    1|   0|    1|          0|
    |ap_loop_exit_ready_pp0_iter2_reg        |    1|   0|    1|          0|
    |ap_loop_exit_ready_pp0_iter3_reg        |    1|   0|    1|          0|
    |ap_loop_exit_ready_pp0_iter4_reg        |    1|   0|    1|          0|
    |ap_loop_exit_ready_pp0_iter5_reg        |    1|   0|    1|          0|
    |buffer_c2_100_fu_1968                   |    7|   0|    8|          1|
    |buffer_c2_101_fu_1972                   |    7|   0|    8|          1|
    |buffer_c2_102_fu_1976                   |    7|   0|    8|          1|
    |buffer_c2_103_fu_1980                   |    7|   0|    8|          1|
    |buffer_c2_104_fu_1984                   |    7|   0|    8|          1|
    |buffer_c2_105_fu_1988                   |    7|   0|    8|          1|
    |buffer_c2_106_fu_1992                   |    7|   0|    8|          1|
    |buffer_c2_107_fu_1996                   |    7|   0|    8|          1|
    |buffer_c2_108_fu_2000                   |    7|   0|    8|          1|
    |buffer_c2_109_fu_2004                   |    7|   0|    8|          1|
    |buffer_c2_10_fu_1608                    |    7|   0|    8|          1|
    |buffer_c2_110_fu_2008                   |    7|   0|    8|          1|
    |buffer_c2_111_fu_2012                   |    7|   0|    8|          1|
    |buffer_c2_112_fu_2016                   |    7|   0|    8|          1|
    |buffer_c2_113_fu_2020                   |    7|   0|    8|          1|
    |buffer_c2_114_fu_2024                   |    7|   0|    8|          1|
    |buffer_c2_115_fu_2028                   |    7|   0|    8|          1|
    |buffer_c2_116_fu_2032                   |    7|   0|    8|          1|
    |buffer_c2_117_fu_2036                   |    7|   0|    8|          1|
    |buffer_c2_118_fu_2040                   |    7|   0|    8|          1|
    |buffer_c2_119_fu_2044                   |    7|   0|    8|          1|
    |buffer_c2_11_fu_1612                    |    7|   0|    8|          1|
    |buffer_c2_120_fu_2048                   |    7|   0|    8|          1|
    |buffer_c2_121_fu_2052                   |    7|   0|    8|          1|
    |buffer_c2_122_fu_2056                   |    7|   0|    8|          1|
    |buffer_c2_123_fu_2060                   |    7|   0|    8|          1|
    |buffer_c2_124_fu_2064                   |    7|   0|    8|          1|
    |buffer_c2_125_fu_2068                   |    7|   0|    8|          1|
    |buffer_c2_126_fu_2072                   |    7|   0|    8|          1|
    |buffer_c2_127_fu_2076                   |    7|   0|    8|          1|
    |buffer_c2_128_fu_2080                   |    7|   0|    8|          1|
    |buffer_c2_129_fu_2084                   |    7|   0|    8|          1|
    |buffer_c2_12_fu_1616                    |    7|   0|    8|          1|
    |buffer_c2_130_fu_2088                   |    7|   0|    8|          1|
    |buffer_c2_131_fu_2092                   |    7|   0|    8|          1|
    |buffer_c2_132_fu_2096                   |    7|   0|    8|          1|
    |buffer_c2_133_fu_2100                   |    7|   0|    8|          1|
    |buffer_c2_134_fu_2104                   |    7|   0|    8|          1|
    |buffer_c2_135_fu_2108                   |    7|   0|    8|          1|
    |buffer_c2_136_fu_2112                   |    7|   0|    8|          1|
    |buffer_c2_137_fu_2116                   |    7|   0|    8|          1|
    |buffer_c2_138_fu_2120                   |    7|   0|    8|          1|
    |buffer_c2_139_fu_2124                   |    7|   0|    8|          1|
    |buffer_c2_13_fu_1620                    |    7|   0|    8|          1|
    |buffer_c2_140_fu_2128                   |    7|   0|    8|          1|
    |buffer_c2_141_fu_2132                   |    7|   0|    8|          1|
    |buffer_c2_142_fu_2136                   |    7|   0|    8|          1|
    |buffer_c2_143_fu_2140                   |    7|   0|    8|          1|
    |buffer_c2_144_fu_2144                   |    7|   0|    8|          1|
    |buffer_c2_145_fu_2148                   |    7|   0|    8|          1|
    |buffer_c2_146_fu_2152                   |    7|   0|    8|          1|
    |buffer_c2_147_fu_2156                   |    7|   0|    8|          1|
    |buffer_c2_148_fu_2160                   |    7|   0|    8|          1|
    |buffer_c2_149_fu_2164                   |    7|   0|    8|          1|
    |buffer_c2_14_fu_1624                    |    7|   0|    8|          1|
    |buffer_c2_150_fu_2168                   |    7|   0|    8|          1|
    |buffer_c2_151_fu_2172                   |    7|   0|    8|          1|
    |buffer_c2_152_fu_2176                   |    7|   0|    8|          1|
    |buffer_c2_153_fu_2180                   |    7|   0|    8|          1|
    |buffer_c2_154_fu_2184                   |    7|   0|    8|          1|
    |buffer_c2_155_fu_2188                   |    7|   0|    8|          1|
    |buffer_c2_156_fu_2192                   |    7|   0|    8|          1|
    |buffer_c2_157_fu_2196                   |    7|   0|    8|          1|
    |buffer_c2_158_fu_2200                   |    7|   0|    8|          1|
    |buffer_c2_159_fu_2204                   |    7|   0|    8|          1|
    |buffer_c2_15_fu_1628                    |    7|   0|    8|          1|
    |buffer_c2_160_fu_2208                   |    7|   0|    8|          1|
    |buffer_c2_161_fu_2212                   |    7|   0|    8|          1|
    |buffer_c2_162_fu_2216                   |    7|   0|    8|          1|
    |buffer_c2_163_fu_2220                   |    7|   0|    8|          1|
    |buffer_c2_164_fu_2224                   |    7|   0|    8|          1|
    |buffer_c2_165_fu_2228                   |    7|   0|    8|          1|
    |buffer_c2_166_fu_2232                   |    7|   0|    8|          1|
    |buffer_c2_167_fu_2236                   |    7|   0|    8|          1|
    |buffer_c2_168_fu_2240                   |    7|   0|    8|          1|
    |buffer_c2_169_fu_2244                   |    7|   0|    8|          1|
    |buffer_c2_16_fu_1632                    |    7|   0|    8|          1|
    |buffer_c2_170_fu_2248                   |    7|   0|    8|          1|
    |buffer_c2_171_fu_2252                   |    7|   0|    8|          1|
    |buffer_c2_172_fu_2256                   |    7|   0|    8|          1|
    |buffer_c2_173_fu_2260                   |    7|   0|    8|          1|
    |buffer_c2_174_fu_2264                   |    7|   0|    8|          1|
    |buffer_c2_175_fu_2268                   |    7|   0|    8|          1|
    |buffer_c2_176_fu_2272                   |    7|   0|    8|          1|
    |buffer_c2_177_fu_2276                   |    7|   0|    8|          1|
    |buffer_c2_178_fu_2280                   |    7|   0|    8|          1|
    |buffer_c2_179_fu_2284                   |    7|   0|    8|          1|
    |buffer_c2_17_fu_1636                    |    7|   0|    8|          1|
    |buffer_c2_180_fu_2288                   |    7|   0|    8|          1|
    |buffer_c2_181_fu_2292                   |    7|   0|    8|          1|
    |buffer_c2_182_fu_2296                   |    7|   0|    8|          1|
    |buffer_c2_183_fu_2300                   |    7|   0|    8|          1|
    |buffer_c2_184_fu_2304                   |    7|   0|    8|          1|
    |buffer_c2_185_fu_2308                   |    7|   0|    8|          1|
    |buffer_c2_186_fu_2312                   |    7|   0|    8|          1|
    |buffer_c2_187_fu_2316                   |    7|   0|    8|          1|
    |buffer_c2_188_fu_2320                   |    7|   0|    8|          1|
    |buffer_c2_189_fu_2324                   |    7|   0|    8|          1|
    |buffer_c2_18_fu_1640                    |    7|   0|    8|          1|
    |buffer_c2_190_fu_2328                   |    7|   0|    8|          1|
    |buffer_c2_191_fu_2332                   |    7|   0|    8|          1|
    |buffer_c2_192_fu_2336                   |    7|   0|    8|          1|
    |buffer_c2_193_fu_2340                   |    7|   0|    8|          1|
    |buffer_c2_194_fu_2344                   |    7|   0|    8|          1|
    |buffer_c2_195_fu_2348                   |    7|   0|    8|          1|
    |buffer_c2_196_fu_2352                   |    7|   0|    8|          1|
    |buffer_c2_197_fu_2356                   |    7|   0|    8|          1|
    |buffer_c2_198_fu_2360                   |    7|   0|    8|          1|
    |buffer_c2_199_fu_2364                   |    7|   0|    8|          1|
    |buffer_c2_19_fu_1644                    |    7|   0|    8|          1|
    |buffer_c2_1_fu_1572                     |    7|   0|    8|          1|
    |buffer_c2_200_fu_2368                   |    7|   0|    8|          1|
    |buffer_c2_201_fu_2372                   |    7|   0|    8|          1|
    |buffer_c2_202_fu_2376                   |    7|   0|    8|          1|
    |buffer_c2_203_fu_2380                   |    7|   0|    8|          1|
    |buffer_c2_204_fu_2384                   |    7|   0|    8|          1|
    |buffer_c2_205_fu_2388                   |    7|   0|    8|          1|
    |buffer_c2_206_fu_2392                   |    7|   0|    8|          1|
    |buffer_c2_207_fu_2396                   |    7|   0|    8|          1|
    |buffer_c2_208_fu_2400                   |    7|   0|    8|          1|
    |buffer_c2_209_fu_2404                   |    7|   0|    8|          1|
    |buffer_c2_20_fu_1648                    |    7|   0|    8|          1|
    |buffer_c2_210_fu_2408                   |    7|   0|    8|          1|
    |buffer_c2_211_fu_2412                   |    7|   0|    8|          1|
    |buffer_c2_212_fu_2416                   |    7|   0|    8|          1|
    |buffer_c2_213_fu_2420                   |    7|   0|    8|          1|
    |buffer_c2_214_fu_2424                   |    7|   0|    8|          1|
    |buffer_c2_215_fu_2428                   |    7|   0|    8|          1|
    |buffer_c2_216_fu_2432                   |    7|   0|    8|          1|
    |buffer_c2_217_fu_2436                   |    7|   0|    8|          1|
    |buffer_c2_218_fu_2440                   |    7|   0|    8|          1|
    |buffer_c2_219_fu_2444                   |    7|   0|    8|          1|
    |buffer_c2_21_fu_1652                    |    7|   0|    8|          1|
    |buffer_c2_220_fu_2448                   |    7|   0|    8|          1|
    |buffer_c2_221_fu_2452                   |    7|   0|    8|          1|
    |buffer_c2_222_fu_2456                   |    7|   0|    8|          1|
    |buffer_c2_223_fu_2460                   |    7|   0|    8|          1|
    |buffer_c2_224_fu_2464                   |    7|   0|    8|          1|
    |buffer_c2_225_fu_2468                   |    7|   0|    8|          1|
    |buffer_c2_226_fu_2472                   |    7|   0|    8|          1|
    |buffer_c2_227_fu_2476                   |    7|   0|    8|          1|
    |buffer_c2_228_fu_2480                   |    7|   0|    8|          1|
    |buffer_c2_229_fu_2484                   |    7|   0|    8|          1|
    |buffer_c2_22_fu_1656                    |    7|   0|    8|          1|
    |buffer_c2_230_fu_2488                   |    7|   0|    8|          1|
    |buffer_c2_231_fu_2492                   |    7|   0|    8|          1|
    |buffer_c2_232_fu_2496                   |    7|   0|    8|          1|
    |buffer_c2_233_fu_2500                   |    7|   0|    8|          1|
    |buffer_c2_234_fu_2504                   |    7|   0|    8|          1|
    |buffer_c2_235_fu_2508                   |    7|   0|    8|          1|
    |buffer_c2_236_fu_2512                   |    7|   0|    8|          1|
    |buffer_c2_237_fu_2516                   |    7|   0|    8|          1|
    |buffer_c2_238_fu_2520                   |    7|   0|    8|          1|
    |buffer_c2_239_fu_2524                   |    7|   0|    8|          1|
    |buffer_c2_23_fu_1660                    |    7|   0|    8|          1|
    |buffer_c2_240_fu_2528                   |    7|   0|    8|          1|
    |buffer_c2_241_fu_2532                   |    7|   0|    8|          1|
    |buffer_c2_242_fu_2536                   |    7|   0|    8|          1|
    |buffer_c2_243_fu_2540                   |    7|   0|    8|          1|
    |buffer_c2_244_fu_2544                   |    7|   0|    8|          1|
    |buffer_c2_245_fu_2548                   |    7|   0|    8|          1|
    |buffer_c2_246_fu_2552                   |    7|   0|    8|          1|
    |buffer_c2_247_fu_2556                   |    7|   0|    8|          1|
    |buffer_c2_248_fu_2560                   |    7|   0|    8|          1|
    |buffer_c2_249_fu_2564                   |    7|   0|    8|          1|
    |buffer_c2_24_fu_1664                    |    7|   0|    8|          1|
    |buffer_c2_250_fu_2568                   |    7|   0|    8|          1|
    |buffer_c2_251_fu_2572                   |    7|   0|    8|          1|
    |buffer_c2_252_fu_2576                   |    7|   0|    8|          1|
    |buffer_c2_253_fu_2580                   |    7|   0|    8|          1|
    |buffer_c2_254_fu_2584                   |    7|   0|    8|          1|
    |buffer_c2_255_fu_2588                   |    7|   0|    8|          1|
    |buffer_c2_256_fu_2592                   |    7|   0|    8|          1|
    |buffer_c2_257_fu_2596                   |    7|   0|    8|          1|
    |buffer_c2_258_fu_2600                   |    7|   0|    8|          1|
    |buffer_c2_259_fu_2604                   |    7|   0|    8|          1|
    |buffer_c2_25_fu_1668                    |    7|   0|    8|          1|
    |buffer_c2_260_fu_2608                   |    7|   0|    8|          1|
    |buffer_c2_261_fu_2612                   |    7|   0|    8|          1|
    |buffer_c2_262_fu_2616                   |    7|   0|    8|          1|
    |buffer_c2_263_fu_2620                   |    7|   0|    8|          1|
    |buffer_c2_264_fu_2624                   |    7|   0|    8|          1|
    |buffer_c2_265_fu_2628                   |    7|   0|    8|          1|
    |buffer_c2_266_fu_2632                   |    7|   0|    8|          1|
    |buffer_c2_267_fu_2636                   |    7|   0|    8|          1|
    |buffer_c2_268_fu_2640                   |    7|   0|    8|          1|
    |buffer_c2_269_fu_2644                   |    7|   0|    8|          1|
    |buffer_c2_26_fu_1672                    |    7|   0|    8|          1|
    |buffer_c2_270_fu_2648                   |    7|   0|    8|          1|
    |buffer_c2_271_fu_2652                   |    7|   0|    8|          1|
    |buffer_c2_272_fu_2656                   |    7|   0|    8|          1|
    |buffer_c2_273_fu_2660                   |    7|   0|    8|          1|
    |buffer_c2_274_fu_2664                   |    7|   0|    8|          1|
    |buffer_c2_275_fu_2668                   |    7|   0|    8|          1|
    |buffer_c2_276_fu_2672                   |    7|   0|    8|          1|
    |buffer_c2_277_fu_2676                   |    7|   0|    8|          1|
    |buffer_c2_278_fu_2680                   |    7|   0|    8|          1|
    |buffer_c2_279_fu_2684                   |    7|   0|    8|          1|
    |buffer_c2_27_fu_1676                    |    7|   0|    8|          1|
    |buffer_c2_280_fu_2688                   |    7|   0|    8|          1|
    |buffer_c2_281_fu_2692                   |    7|   0|    8|          1|
    |buffer_c2_282_fu_2696                   |    7|   0|    8|          1|
    |buffer_c2_283_fu_2700                   |    7|   0|    8|          1|
    |buffer_c2_284_fu_2704                   |    7|   0|    8|          1|
    |buffer_c2_285_fu_2708                   |    7|   0|    8|          1|
    |buffer_c2_286_fu_2712                   |    7|   0|    8|          1|
    |buffer_c2_287_fu_2716                   |    7|   0|    8|          1|
    |buffer_c2_288_fu_2720                   |    7|   0|    8|          1|
    |buffer_c2_289_fu_2724                   |    7|   0|    8|          1|
    |buffer_c2_28_fu_1680                    |    7|   0|    8|          1|
    |buffer_c2_290_fu_2728                   |    7|   0|    8|          1|
    |buffer_c2_291_fu_2732                   |    7|   0|    8|          1|
    |buffer_c2_292_fu_2736                   |    7|   0|    8|          1|
    |buffer_c2_293_fu_2740                   |    7|   0|    8|          1|
    |buffer_c2_294_fu_2744                   |    7|   0|    8|          1|
    |buffer_c2_295_fu_2748                   |    7|   0|    8|          1|
    |buffer_c2_296_fu_2752                   |    7|   0|    8|          1|
    |buffer_c2_297_fu_2756                   |    7|   0|    8|          1|
    |buffer_c2_298_fu_2760                   |    7|   0|    8|          1|
    |buffer_c2_299_fu_2764                   |    7|   0|    8|          1|
    |buffer_c2_29_fu_1684                    |    7|   0|    8|          1|
    |buffer_c2_2_fu_1576                     |    7|   0|    8|          1|
    |buffer_c2_300_fu_2768                   |    7|   0|    8|          1|
    |buffer_c2_301_fu_2772                   |    7|   0|    8|          1|
    |buffer_c2_302_fu_2776                   |    7|   0|    8|          1|
    |buffer_c2_303_fu_2780                   |    7|   0|    8|          1|
    |buffer_c2_304_fu_2784                   |    7|   0|    8|          1|
    |buffer_c2_305_fu_2788                   |    7|   0|    8|          1|
    |buffer_c2_306_fu_2792                   |    7|   0|    8|          1|
    |buffer_c2_307_fu_2796                   |    7|   0|    8|          1|
    |buffer_c2_308_fu_2800                   |    7|   0|    8|          1|
    |buffer_c2_309_fu_2804                   |    7|   0|    8|          1|
    |buffer_c2_30_fu_1688                    |    7|   0|    8|          1|
    |buffer_c2_310_fu_2808                   |    7|   0|    8|          1|
    |buffer_c2_311_fu_2812                   |    7|   0|    8|          1|
    |buffer_c2_312_fu_2816                   |    7|   0|    8|          1|
    |buffer_c2_313_fu_2820                   |    7|   0|    8|          1|
    |buffer_c2_314_fu_2824                   |    7|   0|    8|          1|
    |buffer_c2_315_fu_2828                   |    7|   0|    8|          1|
    |buffer_c2_316_fu_2832                   |    7|   0|    8|          1|
    |buffer_c2_317_fu_2836                   |    7|   0|    8|          1|
    |buffer_c2_318_fu_2840                   |    7|   0|    8|          1|
    |buffer_c2_319_fu_2844                   |    7|   0|    8|          1|
    |buffer_c2_31_fu_1692                    |    7|   0|    8|          1|
    |buffer_c2_320_fu_2848                   |    7|   0|    8|          1|
    |buffer_c2_321_fu_2852                   |    7|   0|    8|          1|
    |buffer_c2_322_fu_2856                   |    7|   0|    8|          1|
    |buffer_c2_323_fu_2860                   |    7|   0|    8|          1|
    |buffer_c2_324_fu_2864                   |    7|   0|    8|          1|
    |buffer_c2_325_fu_2868                   |    7|   0|    8|          1|
    |buffer_c2_326_fu_2872                   |    7|   0|    8|          1|
    |buffer_c2_327_fu_2876                   |    7|   0|    8|          1|
    |buffer_c2_328_fu_2880                   |    7|   0|    8|          1|
    |buffer_c2_329_fu_2884                   |    7|   0|    8|          1|
    |buffer_c2_32_fu_1696                    |    7|   0|    8|          1|
    |buffer_c2_330_fu_2888                   |    7|   0|    8|          1|
    |buffer_c2_331_fu_2892                   |    7|   0|    8|          1|
    |buffer_c2_332_fu_2896                   |    7|   0|    8|          1|
    |buffer_c2_333_fu_2900                   |    7|   0|    8|          1|
    |buffer_c2_334_fu_2904                   |    7|   0|    8|          1|
    |buffer_c2_335_fu_2908                   |    7|   0|    8|          1|
    |buffer_c2_336_fu_2912                   |    7|   0|    8|          1|
    |buffer_c2_337_fu_2916                   |    7|   0|    8|          1|
    |buffer_c2_338_fu_2920                   |    7|   0|    8|          1|
    |buffer_c2_339_fu_2924                   |    7|   0|    8|          1|
    |buffer_c2_33_fu_1700                    |    7|   0|    8|          1|
    |buffer_c2_340_fu_2928                   |    7|   0|    8|          1|
    |buffer_c2_341_fu_2932                   |    7|   0|    8|          1|
    |buffer_c2_342_fu_2936                   |    7|   0|    8|          1|
    |buffer_c2_343_fu_2940                   |    7|   0|    8|          1|
    |buffer_c2_344_fu_2944                   |    7|   0|    8|          1|
    |buffer_c2_345_fu_2948                   |    7|   0|    8|          1|
    |buffer_c2_346_fu_2952                   |    7|   0|    8|          1|
    |buffer_c2_347_fu_2956                   |    7|   0|    8|          1|
    |buffer_c2_348_fu_2960                   |    7|   0|    8|          1|
    |buffer_c2_349_fu_2964                   |    7|   0|    8|          1|
    |buffer_c2_34_fu_1704                    |    7|   0|    8|          1|
    |buffer_c2_350_fu_2968                   |    7|   0|    8|          1|
    |buffer_c2_351_fu_2972                   |    7|   0|    8|          1|
    |buffer_c2_352_fu_2976                   |    7|   0|    8|          1|
    |buffer_c2_353_fu_2980                   |    7|   0|    8|          1|
    |buffer_c2_354_fu_2984                   |    7|   0|    8|          1|
    |buffer_c2_355_fu_2988                   |    7|   0|    8|          1|
    |buffer_c2_356_fu_2992                   |    7|   0|    8|          1|
    |buffer_c2_357_fu_2996                   |    7|   0|    8|          1|
    |buffer_c2_358_fu_3000                   |    7|   0|    8|          1|
    |buffer_c2_359_fu_3004                   |    7|   0|    8|          1|
    |buffer_c2_35_fu_1708                    |    7|   0|    8|          1|
    |buffer_c2_360_fu_3008                   |    7|   0|    8|          1|
    |buffer_c2_361_fu_3012                   |    7|   0|    8|          1|
    |buffer_c2_362_fu_3016                   |    7|   0|    8|          1|
    |buffer_c2_363_fu_3020                   |    7|   0|    8|          1|
    |buffer_c2_364_fu_3024                   |    7|   0|    8|          1|
    |buffer_c2_365_fu_3028                   |    7|   0|    8|          1|
    |buffer_c2_366_fu_3032                   |    7|   0|    8|          1|
    |buffer_c2_367_fu_3036                   |    7|   0|    8|          1|
    |buffer_c2_36_fu_1712                    |    7|   0|    8|          1|
    |buffer_c2_37_fu_1716                    |    7|   0|    8|          1|
    |buffer_c2_38_fu_1720                    |    7|   0|    8|          1|
    |buffer_c2_39_fu_1724                    |    7|   0|    8|          1|
    |buffer_c2_3_fu_1580                     |    7|   0|    8|          1|
    |buffer_c2_40_fu_1728                    |    7|   0|    8|          1|
    |buffer_c2_41_fu_1732                    |    7|   0|    8|          1|
    |buffer_c2_42_fu_1736                    |    7|   0|    8|          1|
    |buffer_c2_43_fu_1740                    |    7|   0|    8|          1|
    |buffer_c2_44_fu_1744                    |    7|   0|    8|          1|
    |buffer_c2_45_fu_1748                    |    7|   0|    8|          1|
    |buffer_c2_46_fu_1752                    |    7|   0|    8|          1|
    |buffer_c2_47_fu_1756                    |    7|   0|    8|          1|
    |buffer_c2_48_fu_1760                    |    7|   0|    8|          1|
    |buffer_c2_49_fu_1764                    |    7|   0|    8|          1|
    |buffer_c2_4_fu_1584                     |    7|   0|    8|          1|
    |buffer_c2_50_fu_1768                    |    7|   0|    8|          1|
    |buffer_c2_51_fu_1772                    |    7|   0|    8|          1|
    |buffer_c2_52_fu_1776                    |    7|   0|    8|          1|
    |buffer_c2_53_fu_1780                    |    7|   0|    8|          1|
    |buffer_c2_54_fu_1784                    |    7|   0|    8|          1|
    |buffer_c2_55_fu_1788                    |    7|   0|    8|          1|
    |buffer_c2_56_fu_1792                    |    7|   0|    8|          1|
    |buffer_c2_57_fu_1796                    |    7|   0|    8|          1|
    |buffer_c2_58_fu_1800                    |    7|   0|    8|          1|
    |buffer_c2_59_fu_1804                    |    7|   0|    8|          1|
    |buffer_c2_5_fu_1588                     |    7|   0|    8|          1|
    |buffer_c2_60_fu_1808                    |    7|   0|    8|          1|
    |buffer_c2_61_fu_1812                    |    7|   0|    8|          1|
    |buffer_c2_62_fu_1816                    |    7|   0|    8|          1|
    |buffer_c2_63_fu_1820                    |    7|   0|    8|          1|
    |buffer_c2_64_fu_1824                    |    7|   0|    8|          1|
    |buffer_c2_65_fu_1828                    |    7|   0|    8|          1|
    |buffer_c2_66_fu_1832                    |    7|   0|    8|          1|
    |buffer_c2_67_fu_1836                    |    7|   0|    8|          1|
    |buffer_c2_68_fu_1840                    |    7|   0|    8|          1|
    |buffer_c2_69_fu_1844                    |    7|   0|    8|          1|
    |buffer_c2_6_fu_1592                     |    7|   0|    8|          1|
    |buffer_c2_70_fu_1848                    |    7|   0|    8|          1|
    |buffer_c2_71_fu_1852                    |    7|   0|    8|          1|
    |buffer_c2_72_fu_1856                    |    7|   0|    8|          1|
    |buffer_c2_73_fu_1860                    |    7|   0|    8|          1|
    |buffer_c2_74_fu_1864                    |    7|   0|    8|          1|
    |buffer_c2_75_fu_1868                    |    7|   0|    8|          1|
    |buffer_c2_76_fu_1872                    |    7|   0|    8|          1|
    |buffer_c2_77_fu_1876                    |    7|   0|    8|          1|
    |buffer_c2_78_fu_1880                    |    7|   0|    8|          1|
    |buffer_c2_79_fu_1884                    |    7|   0|    8|          1|
    |buffer_c2_7_fu_1596                     |    7|   0|    8|          1|
    |buffer_c2_80_fu_1888                    |    7|   0|    8|          1|
    |buffer_c2_81_fu_1892                    |    7|   0|    8|          1|
    |buffer_c2_82_fu_1896                    |    7|   0|    8|          1|
    |buffer_c2_83_fu_1900                    |    7|   0|    8|          1|
    |buffer_c2_84_fu_1904                    |    7|   0|    8|          1|
    |buffer_c2_85_fu_1908                    |    7|   0|    8|          1|
    |buffer_c2_86_fu_1912                    |    7|   0|    8|          1|
    |buffer_c2_87_fu_1916                    |    7|   0|    8|          1|
    |buffer_c2_88_fu_1920                    |    7|   0|    8|          1|
    |buffer_c2_89_fu_1924                    |    7|   0|    8|          1|
    |buffer_c2_8_fu_1600                     |    7|   0|    8|          1|
    |buffer_c2_90_fu_1928                    |    7|   0|    8|          1|
    |buffer_c2_91_fu_1932                    |    7|   0|    8|          1|
    |buffer_c2_92_fu_1936                    |    7|   0|    8|          1|
    |buffer_c2_93_fu_1940                    |    7|   0|    8|          1|
    |buffer_c2_94_fu_1944                    |    7|   0|    8|          1|
    |buffer_c2_95_fu_1948                    |    7|   0|    8|          1|
    |buffer_c2_96_fu_1952                    |    7|   0|    8|          1|
    |buffer_c2_97_fu_1956                    |    7|   0|    8|          1|
    |buffer_c2_98_fu_1960                    |    7|   0|    8|          1|
    |buffer_c2_99_fu_1964                    |    7|   0|    8|          1|
    |buffer_c2_9_fu_1604                     |    7|   0|    8|          1|
    |buffer_c2_fu_1568                       |    7|   0|    8|          1|
    |icmp_ln59_reg_28560                     |    1|   0|    1|          0|
    |mul_ln76_868_reg_29798                  |   16|   0|   16|          0|
    |mul_ln76_871_reg_29803                  |   16|   0|   16|          0|
    |mul_ln76_874_reg_29808                  |   16|   0|   16|          0|
    |mul_ln76_877_reg_29813                  |   16|   0|   16|          0|
    |mul_ln76_886_reg_29818                  |   16|   0|   16|          0|
    |oc_1_fu_1564                            |    5|   0|    5|          0|
    |oc_reg_28555                            |    5|   0|    5|          0|
    |p_ZL12conv2_weight_12_load_1_reg_29762  |    8|   0|    8|          0|
    |p_ZL12conv2_weight_18_load_1_reg_29793  |    8|   0|    8|          0|
    |sext_ln59_cast_reg_26281                |   16|   0|   16|          0|
    |sext_ln70_10_reg_29527                  |   16|   0|   16|          0|
    |sext_ln70_12_reg_28961                  |   16|   0|   16|          0|
    |sext_ln70_13_reg_29605                  |   16|   0|   16|          0|
    |sext_ln70_15_reg_29028                  |   16|   0|   16|          0|
    |sext_ln70_16_reg_29684                  |   16|   0|   16|          0|
    |sext_ln70_18_reg_29095                  |   16|   0|   16|          0|
    |sext_ln70_1_reg_29293                   |   16|   0|   16|          0|
    |sext_ln70_21_reg_29183                  |   16|   0|   16|          0|
    |sext_ln70_21_reg_29183_pp0_iter2_reg    |   16|   0|   16|          0|
    |sext_ln70_22_reg_29209                  |   16|   0|   16|          0|
    |sext_ln70_3_reg_28760                   |   16|   0|   16|          0|
    |sext_ln70_4_reg_29371                   |   16|   0|   16|          0|
    |sext_ln70_6_reg_28827                   |   16|   0|   16|          0|
    |sext_ln70_7_reg_29449                   |   16|   0|   16|          0|
    |sext_ln70_9_reg_28894                   |   16|   0|   16|          0|
    |sext_ln70_reg_28693                     |   16|   0|   16|          0|
    |sext_ln76_100_cast_reg_27922            |   16|   0|   16|          0|
    |sext_ln76_101_cast_reg_27928            |   16|   0|   16|          0|
    |sext_ln76_102_cast_reg_27935            |   16|   0|   16|          0|
    |sext_ln76_103_cast_reg_27941            |   16|   0|   16|          0|
    |sext_ln76_104_cast_reg_27844            |   16|   0|   16|          0|
    |sext_ln76_105_cast_reg_27850            |   16|   0|   16|          0|
    |sext_ln76_106_cast_reg_27857            |   16|   0|   16|          0|
    |sext_ln76_107_cast_reg_27863            |   16|   0|   16|          0|
    |sext_ln76_108_cast_reg_27870            |   16|   0|   16|          0|
    |sext_ln76_109_cast_reg_27876            |   16|   0|   16|          0|
    |sext_ln76_10_cast_reg_28511             |   16|   0|   16|          0|
    |sext_ln76_110_cast_reg_27779            |   16|   0|   16|          0|
    |sext_ln76_111_cast_reg_27785            |   16|   0|   16|          0|
    |sext_ln76_112_cast_reg_27792            |   16|   0|   16|          0|
    |sext_ln76_113_cast_reg_27798            |   16|   0|   16|          0|
    |sext_ln76_114_cast_reg_27805            |   16|   0|   16|          0|
    |sext_ln76_115_cast_reg_27811            |   16|   0|   16|          0|
    |sext_ln76_116_cast_reg_27818            |   16|   0|   16|          0|
    |sext_ln76_117_cast_reg_27824            |   16|   0|   16|          0|
    |sext_ln76_118_cast_reg_27831            |   16|   0|   16|          0|
    |sext_ln76_119_cast_reg_27837            |   16|   0|   16|          0|
    |sext_ln76_11_cast_reg_28517             |   16|   0|   16|          0|
    |sext_ln76_120_cast_reg_27740            |   16|   0|   16|          0|
    |sext_ln76_121_cast_reg_27746            |   16|   0|   16|          0|
    |sext_ln76_122_cast_reg_27753            |   16|   0|   16|          0|
    |sext_ln76_123_cast_reg_27759            |   16|   0|   16|          0|
    |sext_ln76_124_cast_reg_27766            |   16|   0|   16|          0|
    |sext_ln76_125_cast_reg_27772            |   16|   0|   16|          0|
    |sext_ln76_126_cast_reg_27675            |   16|   0|   16|          0|
    |sext_ln76_127_cast_reg_27681            |   16|   0|   16|          0|
    |sext_ln76_128_cast_reg_27688            |   16|   0|   16|          0|
    |sext_ln76_129_cast_reg_27694            |   16|   0|   16|          0|
    |sext_ln76_12_cast_reg_28524             |   16|   0|   16|          0|
    |sext_ln76_130_cast_reg_27701            |   16|   0|   16|          0|
    |sext_ln76_131_cast_reg_27707            |   16|   0|   16|          0|
    |sext_ln76_132_cast_reg_27714            |   16|   0|   16|          0|
    |sext_ln76_133_cast_reg_27720            |   16|   0|   16|          0|
    |sext_ln76_134_cast_reg_27727            |   16|   0|   16|          0|
    |sext_ln76_135_cast_reg_27733            |   16|   0|   16|          0|
    |sext_ln76_136_cast_reg_27636            |   16|   0|   16|          0|
    |sext_ln76_137_cast_reg_27642            |   16|   0|   16|          0|
    |sext_ln76_138_cast_reg_27649            |   16|   0|   16|          0|
    |sext_ln76_139_cast_reg_27655            |   16|   0|   16|          0|
    |sext_ln76_13_cast_reg_28530             |   16|   0|   16|          0|
    |sext_ln76_140_cast_reg_27662            |   16|   0|   16|          0|
    |sext_ln76_141_cast_reg_27668            |   16|   0|   16|          0|
    |sext_ln76_142_cast_reg_27571            |   16|   0|   16|          0|
    |sext_ln76_143_cast_reg_27577            |   16|   0|   16|          0|
    |sext_ln76_144_cast_reg_27584            |   16|   0|   16|          0|
    |sext_ln76_145_cast_reg_27590            |   16|   0|   16|          0|
    |sext_ln76_146_cast_reg_27597            |   16|   0|   16|          0|
    |sext_ln76_147_cast_reg_27603            |   16|   0|   16|          0|
    |sext_ln76_148_cast_reg_27610            |   16|   0|   16|          0|
    |sext_ln76_149_cast_reg_27616            |   16|   0|   16|          0|
    |sext_ln76_14_cast_reg_28536             |   16|   0|   16|          0|
    |sext_ln76_150_cast_reg_27623            |   16|   0|   16|          0|
    |sext_ln76_151_cast_reg_27629            |   16|   0|   16|          0|
    |sext_ln76_152_cast_reg_27532            |   16|   0|   16|          0|
    |sext_ln76_153_cast_reg_27538            |   16|   0|   16|          0|
    |sext_ln76_154_cast_reg_27545            |   16|   0|   16|          0|
    |sext_ln76_155_cast_reg_27551            |   16|   0|   16|          0|
    |sext_ln76_156_cast_reg_27558            |   16|   0|   16|          0|
    |sext_ln76_157_cast_reg_27564            |   16|   0|   16|          0|
    |sext_ln76_158_cast_reg_27467            |   16|   0|   16|          0|
    |sext_ln76_159_cast_reg_27473            |   16|   0|   16|          0|
    |sext_ln76_15_cast_reg_28543             |   16|   0|   16|          0|
    |sext_ln76_160_cast_reg_27480            |   16|   0|   16|          0|
    |sext_ln76_161_cast_reg_27486            |   16|   0|   16|          0|
    |sext_ln76_162_cast_reg_27493            |   16|   0|   16|          0|
    |sext_ln76_163_cast_reg_27499            |   16|   0|   16|          0|
    |sext_ln76_164_cast_reg_27506            |   16|   0|   16|          0|
    |sext_ln76_165_cast_reg_27512            |   16|   0|   16|          0|
    |sext_ln76_166_cast_reg_27519            |   16|   0|   16|          0|
    |sext_ln76_167_cast_reg_27525            |   16|   0|   16|          0|
    |sext_ln76_168_cast_reg_27428            |   16|   0|   16|          0|
    |sext_ln76_169_cast_reg_27434            |   16|   0|   16|          0|
    |sext_ln76_16_cast_reg_28549             |   16|   0|   16|          0|
    |sext_ln76_170_cast_reg_27441            |   16|   0|   16|          0|
    |sext_ln76_171_cast_reg_27447            |   16|   0|   16|          0|
    |sext_ln76_172_cast_reg_27454            |   16|   0|   16|          0|
    |sext_ln76_173_cast_reg_27460            |   16|   0|   16|          0|
    |sext_ln76_174_cast_reg_27363            |   16|   0|   16|          0|
    |sext_ln76_175_cast_reg_27369            |   16|   0|   16|          0|
    |sext_ln76_176_cast_reg_27376            |   16|   0|   16|          0|
    |sext_ln76_177_cast_reg_27382            |   16|   0|   16|          0|
    |sext_ln76_178_cast_reg_27389            |   16|   0|   16|          0|
    |sext_ln76_179_cast_reg_27395            |   16|   0|   16|          0|
    |sext_ln76_17_cast_reg_28403             |   16|   0|   16|          0|
    |sext_ln76_180_cast_reg_27402            |   16|   0|   16|          0|
    |sext_ln76_181_cast_reg_27408            |   16|   0|   16|          0|
    |sext_ln76_182_cast_reg_27415            |   16|   0|   16|          0|
    |sext_ln76_183_cast_reg_27421            |   16|   0|   16|          0|
    |sext_ln76_184_cast_reg_27324            |   16|   0|   16|          0|
    |sext_ln76_185_cast_reg_27330            |   16|   0|   16|          0|
    |sext_ln76_186_cast_reg_27337            |   16|   0|   16|          0|
    |sext_ln76_187_cast_reg_27343            |   16|   0|   16|          0|
    |sext_ln76_188_cast_reg_27350            |   16|   0|   16|          0|
    |sext_ln76_189_cast_reg_27356            |   16|   0|   16|          0|
    |sext_ln76_18_cast_reg_28410             |   16|   0|   16|          0|
    |sext_ln76_190_cast_reg_27259            |   16|   0|   16|          0|
    |sext_ln76_191_cast_reg_27265            |   16|   0|   16|          0|
    |sext_ln76_192_cast_reg_27272            |   16|   0|   16|          0|
    |sext_ln76_193_cast_reg_27278            |   16|   0|   16|          0|
    |sext_ln76_194_cast_reg_27285            |   16|   0|   16|          0|
    |sext_ln76_195_cast_reg_27291            |   16|   0|   16|          0|
    |sext_ln76_196_cast_reg_27298            |   16|   0|   16|          0|
    |sext_ln76_197_cast_reg_27304            |   16|   0|   16|          0|
    |sext_ln76_198_cast_reg_27311            |   16|   0|   16|          0|
    |sext_ln76_199_cast_reg_27317            |   16|   0|   16|          0|
    |sext_ln76_19_cast_reg_28416             |   16|   0|   16|          0|
    |sext_ln76_1_cast_reg_28454              |   16|   0|   16|          0|
    |sext_ln76_200_cast_reg_27220            |   16|   0|   16|          0|
    |sext_ln76_201_cast_reg_27226            |   16|   0|   16|          0|
    |sext_ln76_202_cast_reg_27233            |   16|   0|   16|          0|
    |sext_ln76_203_cast_reg_27239            |   16|   0|   16|          0|
    |sext_ln76_204_cast_reg_27246            |   16|   0|   16|          0|
    |sext_ln76_205_cast_reg_27252            |   16|   0|   16|          0|
    |sext_ln76_206_cast_reg_27155            |   16|   0|   16|          0|
    |sext_ln76_207_cast_reg_27161            |   16|   0|   16|          0|
    |sext_ln76_208_cast_reg_27168            |   16|   0|   16|          0|
    |sext_ln76_209_cast_reg_27174            |   16|   0|   16|          0|
    |sext_ln76_20_cast_reg_28422             |   16|   0|   16|          0|
    |sext_ln76_210_cast_reg_27181            |   16|   0|   16|          0|
    |sext_ln76_211_cast_reg_27187            |   16|   0|   16|          0|
    |sext_ln76_212_cast_reg_27194            |   16|   0|   16|          0|
    |sext_ln76_213_cast_reg_27200            |   16|   0|   16|          0|
    |sext_ln76_214_cast_reg_27207            |   16|   0|   16|          0|
    |sext_ln76_215_cast_reg_27213            |   16|   0|   16|          0|
    |sext_ln76_216_cast_reg_27116            |   16|   0|   16|          0|
    |sext_ln76_217_cast_reg_27122            |   16|   0|   16|          0|
    |sext_ln76_218_cast_reg_27129            |   16|   0|   16|          0|
    |sext_ln76_219_cast_reg_27135            |   16|   0|   16|          0|
    |sext_ln76_21_cast_reg_28429             |   16|   0|   16|          0|
    |sext_ln76_220_cast_reg_27142            |   16|   0|   16|          0|
    |sext_ln76_221_cast_reg_27148            |   16|   0|   16|          0|
    |sext_ln76_222_cast_reg_27051            |   16|   0|   16|          0|
    |sext_ln76_223_cast_reg_27057            |   16|   0|   16|          0|
    |sext_ln76_224_cast_reg_27064            |   16|   0|   16|          0|
    |sext_ln76_225_cast_reg_27070            |   16|   0|   16|          0|
    |sext_ln76_226_cast_reg_27077            |   16|   0|   16|          0|
    |sext_ln76_227_cast_reg_27083            |   16|   0|   16|          0|
    |sext_ln76_228_cast_reg_27090            |   16|   0|   16|          0|
    |sext_ln76_229_cast_reg_27096            |   16|   0|   16|          0|
    |sext_ln76_22_cast_reg_28435             |   16|   0|   16|          0|
    |sext_ln76_230_cast_reg_27103            |   16|   0|   16|          0|
    |sext_ln76_231_cast_reg_27109            |   16|   0|   16|          0|
    |sext_ln76_232_cast_reg_27012            |   16|   0|   16|          0|
    |sext_ln76_233_cast_reg_27018            |   16|   0|   16|          0|
    |sext_ln76_234_cast_reg_27025            |   16|   0|   16|          0|
    |sext_ln76_235_cast_reg_27031            |   16|   0|   16|          0|
    |sext_ln76_236_cast_reg_27038            |   16|   0|   16|          0|
    |sext_ln76_237_cast_reg_27044            |   16|   0|   16|          0|
    |sext_ln76_238_cast_reg_26947            |   16|   0|   16|          0|
    |sext_ln76_239_cast_reg_26953            |   16|   0|   16|          0|
    |sext_ln76_23_cast_reg_28441             |   16|   0|   16|          0|
    |sext_ln76_240_cast_reg_26960            |   16|   0|   16|          0|
    |sext_ln76_241_cast_reg_26966            |   16|   0|   16|          0|
    |sext_ln76_242_cast_reg_26973            |   16|   0|   16|          0|
    |sext_ln76_243_cast_reg_26979            |   16|   0|   16|          0|
    |sext_ln76_244_cast_reg_26986            |   16|   0|   16|          0|
    |sext_ln76_245_cast_reg_26992            |   16|   0|   16|          0|
    |sext_ln76_246_cast_reg_26999            |   16|   0|   16|          0|
    |sext_ln76_247_cast_reg_27005            |   16|   0|   16|          0|
    |sext_ln76_248_cast_reg_26908            |   16|   0|   16|          0|
    |sext_ln76_249_cast_reg_26914            |   16|   0|   16|          0|
    |sext_ln76_24_cast_reg_28364             |   16|   0|   16|          0|
    |sext_ln76_250_cast_reg_26921            |   16|   0|   16|          0|
    |sext_ln76_251_cast_reg_26927            |   16|   0|   16|          0|
    |sext_ln76_252_cast_reg_26934            |   16|   0|   16|          0|
    |sext_ln76_253_cast_reg_26940            |   16|   0|   16|          0|
    |sext_ln76_254_cast_reg_26843            |   16|   0|   16|          0|
    |sext_ln76_255_cast_reg_26849            |   16|   0|   16|          0|
    |sext_ln76_256_cast_reg_26856            |   16|   0|   16|          0|
    |sext_ln76_257_cast_reg_26862            |   16|   0|   16|          0|
    |sext_ln76_258_cast_reg_26869            |   16|   0|   16|          0|
    |sext_ln76_259_cast_reg_26875            |   16|   0|   16|          0|
    |sext_ln76_25_cast_reg_28370             |   16|   0|   16|          0|
    |sext_ln76_260_cast_reg_26882            |   16|   0|   16|          0|
    |sext_ln76_261_cast_reg_26888            |   16|   0|   16|          0|
    |sext_ln76_262_cast_reg_26895            |   16|   0|   16|          0|
    |sext_ln76_263_cast_reg_26901            |   16|   0|   16|          0|
    |sext_ln76_264_cast_reg_26804            |   16|   0|   16|          0|
    |sext_ln76_265_cast_reg_26810            |   16|   0|   16|          0|
    |sext_ln76_266_cast_reg_26817            |   16|   0|   16|          0|
    |sext_ln76_267_cast_reg_26823            |   16|   0|   16|          0|
    |sext_ln76_268_cast_reg_26830            |   16|   0|   16|          0|
    |sext_ln76_269_cast_reg_26836            |   16|   0|   16|          0|
    |sext_ln76_26_cast_reg_28377             |   16|   0|   16|          0|
    |sext_ln76_270_cast_reg_26739            |   16|   0|   16|          0|
    |sext_ln76_271_cast_reg_26745            |   16|   0|   16|          0|
    |sext_ln76_272_cast_reg_26752            |   16|   0|   16|          0|
    |sext_ln76_273_cast_reg_26758            |   16|   0|   16|          0|
    |sext_ln76_274_cast_reg_26765            |   16|   0|   16|          0|
    |sext_ln76_275_cast_reg_26771            |   16|   0|   16|          0|
    |sext_ln76_276_cast_reg_26778            |   16|   0|   16|          0|
    |sext_ln76_277_cast_reg_26784            |   16|   0|   16|          0|
    |sext_ln76_278_cast_reg_26791            |   16|   0|   16|          0|
    |sext_ln76_279_cast_reg_26797            |   16|   0|   16|          0|
    |sext_ln76_27_cast_reg_28383             |   16|   0|   16|          0|
    |sext_ln76_280_cast_reg_26700            |   16|   0|   16|          0|
    |sext_ln76_281_cast_reg_26706            |   16|   0|   16|          0|
    |sext_ln76_282_cast_reg_26713            |   16|   0|   16|          0|
    |sext_ln76_283_cast_reg_26719            |   16|   0|   16|          0|
    |sext_ln76_284_cast_reg_26726            |   16|   0|   16|          0|
    |sext_ln76_285_cast_reg_26732            |   16|   0|   16|          0|
    |sext_ln76_286_cast_reg_26635            |   16|   0|   16|          0|
    |sext_ln76_287_cast_reg_26641            |   16|   0|   16|          0|
    |sext_ln76_288_cast_reg_26648            |   16|   0|   16|          0|
    |sext_ln76_289_cast_reg_26654            |   16|   0|   16|          0|
    |sext_ln76_28_cast_reg_28390             |   16|   0|   16|          0|
    |sext_ln76_290_cast_reg_26661            |   16|   0|   16|          0|
    |sext_ln76_291_cast_reg_26667            |   16|   0|   16|          0|
    |sext_ln76_292_cast_reg_26674            |   16|   0|   16|          0|
    |sext_ln76_293_cast_reg_26680            |   16|   0|   16|          0|
    |sext_ln76_294_cast_reg_26687            |   16|   0|   16|          0|
    |sext_ln76_295_cast_reg_26693            |   16|   0|   16|          0|
    |sext_ln76_296_cast_reg_26596            |   16|   0|   16|          0|
    |sext_ln76_297_cast_reg_26602            |   16|   0|   16|          0|
    |sext_ln76_298_cast_reg_26609            |   16|   0|   16|          0|
    |sext_ln76_299_cast_reg_26615            |   16|   0|   16|          0|
    |sext_ln76_29_cast_reg_28396             |   16|   0|   16|          0|
    |sext_ln76_2_cast_reg_28460              |   16|   0|   16|          0|
    |sext_ln76_300_cast_reg_26622            |   16|   0|   16|          0|
    |sext_ln76_301_cast_reg_26628            |   16|   0|   16|          0|
    |sext_ln76_302_cast_reg_26531            |   16|   0|   16|          0|
    |sext_ln76_303_cast_reg_26537            |   16|   0|   16|          0|
    |sext_ln76_304_cast_reg_26544            |   16|   0|   16|          0|
    |sext_ln76_305_cast_reg_26550            |   16|   0|   16|          0|
    |sext_ln76_306_cast_reg_26557            |   16|   0|   16|          0|
    |sext_ln76_307_cast_reg_26563            |   16|   0|   16|          0|
    |sext_ln76_308_cast_reg_26570            |   16|   0|   16|          0|
    |sext_ln76_309_cast_reg_26576            |   16|   0|   16|          0|
    |sext_ln76_30_cast_reg_28299             |   16|   0|   16|          0|
    |sext_ln76_310_cast_reg_26583            |   16|   0|   16|          0|
    |sext_ln76_311_cast_reg_26589            |   16|   0|   16|          0|
    |sext_ln76_312_cast_reg_26492            |   16|   0|   16|          0|
    |sext_ln76_313_cast_reg_26498            |   16|   0|   16|          0|
    |sext_ln76_314_cast_reg_26505            |   16|   0|   16|          0|
    |sext_ln76_315_cast_reg_26511            |   16|   0|   16|          0|
    |sext_ln76_316_cast_reg_26518            |   16|   0|   16|          0|
    |sext_ln76_317_cast_reg_26524            |   16|   0|   16|          0|
    |sext_ln76_318_cast_reg_26427            |   16|   0|   16|          0|
    |sext_ln76_319_cast_reg_26433            |   16|   0|   16|          0|
    |sext_ln76_31_cast_reg_28305             |   16|   0|   16|          0|
    |sext_ln76_320_cast_reg_26440            |   16|   0|   16|          0|
    |sext_ln76_321_cast_reg_26446            |   16|   0|   16|          0|
    |sext_ln76_322_cast_reg_26453            |   16|   0|   16|          0|
    |sext_ln76_323_cast_reg_26459            |   16|   0|   16|          0|
    |sext_ln76_324_cast_reg_26466            |   16|   0|   16|          0|
    |sext_ln76_325_cast_reg_26472            |   16|   0|   16|          0|
    |sext_ln76_326_cast_reg_26479            |   16|   0|   16|          0|
    |sext_ln76_327_cast_reg_26485            |   16|   0|   16|          0|
    |sext_ln76_328_cast_reg_26388            |   16|   0|   16|          0|
    |sext_ln76_329_cast_reg_26394            |   16|   0|   16|          0|
    |sext_ln76_32_cast_reg_28312             |   16|   0|   16|          0|
    |sext_ln76_330_cast_reg_26401            |   16|   0|   16|          0|
    |sext_ln76_331_cast_reg_26407            |   16|   0|   16|          0|
    |sext_ln76_332_cast_reg_26414            |   16|   0|   16|          0|
    |sext_ln76_333_cast_reg_26420            |   16|   0|   16|          0|
    |sext_ln76_334_cast_reg_26323            |   16|   0|   16|          0|
    |sext_ln76_335_cast_reg_26329            |   16|   0|   16|          0|
    |sext_ln76_336_cast_reg_26336            |   16|   0|   16|          0|
    |sext_ln76_337_cast_reg_26342            |   16|   0|   16|          0|
    |sext_ln76_338_cast_reg_26349            |   16|   0|   16|          0|
    |sext_ln76_339_cast_reg_26355            |   16|   0|   16|          0|
    |sext_ln76_33_cast_reg_28318             |   16|   0|   16|          0|
    |sext_ln76_340_cast_reg_26362            |   16|   0|   16|          0|
    |sext_ln76_341_cast_reg_26368            |   16|   0|   16|          0|
    |sext_ln76_342_cast_reg_26375            |   16|   0|   16|          0|
    |sext_ln76_343_cast_reg_26381            |   16|   0|   16|          0|
    |sext_ln76_344_cast_reg_26287            |   16|   0|   16|          0|
    |sext_ln76_345_cast_reg_26293            |   16|   0|   16|          0|
    |sext_ln76_346_cast_reg_26299            |   16|   0|   16|          0|
    |sext_ln76_347_cast_reg_26305            |   16|   0|   16|          0|
    |sext_ln76_348_cast_reg_26311            |   16|   0|   16|          0|
    |sext_ln76_349_cast_reg_26317            |   16|   0|   16|          0|
    |sext_ln76_34_cast_reg_28325             |   16|   0|   16|          0|
    |sext_ln76_350_cast_reg_26227            |   16|   0|   16|          0|
    |sext_ln76_351_cast_reg_26233            |   16|   0|   16|          0|
    |sext_ln76_352_cast_reg_26239            |   16|   0|   16|          0|
    |sext_ln76_353_cast_reg_26245            |   16|   0|   16|          0|
    |sext_ln76_354_cast_reg_26251            |   16|   0|   16|          0|
    |sext_ln76_355_cast_reg_26257            |   16|   0|   16|          0|
    |sext_ln76_356_cast_reg_26263            |   16|   0|   16|          0|
    |sext_ln76_357_cast_reg_26269            |   16|   0|   16|          0|
    |sext_ln76_358_cast_reg_26275            |   16|   0|   16|          0|
    |sext_ln76_359_reg_29267                 |   16|   0|   16|          0|
    |sext_ln76_35_cast_reg_28331             |   16|   0|   16|          0|
    |sext_ln76_360_reg_29320                 |   16|   0|   16|          0|
    |sext_ln76_360_reg_29320_pp0_iter3_reg   |   16|   0|   16|          0|
    |sext_ln76_362_reg_29398                 |   16|   0|   16|          0|
    |sext_ln76_362_reg_29398_pp0_iter3_reg   |   16|   0|   16|          0|
    |sext_ln76_364_reg_29476                 |   16|   0|   16|          0|
    |sext_ln76_364_reg_29476_pp0_iter3_reg   |   16|   0|   16|          0|
    |sext_ln76_366_reg_29554                 |   16|   0|   16|          0|
    |sext_ln76_366_reg_29554_pp0_iter3_reg   |   16|   0|   16|          0|
    |sext_ln76_368_reg_29632                 |   16|   0|   16|          0|
    |sext_ln76_368_reg_29632_pp0_iter3_reg   |   16|   0|   16|          0|
    |sext_ln76_369_reg_29658                 |   16|   0|   16|          0|
    |sext_ln76_36_cast_reg_28338             |   16|   0|   16|          0|
    |sext_ln76_370_reg_29711                 |   16|   0|   16|          0|
    |sext_ln76_370_reg_29711_pp0_iter3_reg   |   16|   0|   16|          0|
    |sext_ln76_372_reg_29767                 |   16|   0|   16|          0|
    |sext_ln76_373_reg_29157                 |   16|   0|   16|          0|
    |sext_ln76_373_reg_29157_pp0_iter2_reg   |   16|   0|   16|          0|
    |sext_ln76_37_cast_reg_28344             |   16|   0|   16|          0|
    |sext_ln76_38_cast_reg_28351             |   16|   0|   16|          0|
    |sext_ln76_39_cast_reg_28357             |   16|   0|   16|          0|
    |sext_ln76_3_cast_reg_28467              |   16|   0|   16|          0|
    |sext_ln76_40_cast_reg_28260             |   16|   0|   16|          0|
    |sext_ln76_41_cast_reg_28266             |   16|   0|   16|          0|
    |sext_ln76_42_cast_reg_28273             |   16|   0|   16|          0|
    |sext_ln76_43_cast_reg_28279             |   16|   0|   16|          0|
    |sext_ln76_44_cast_reg_28286             |   16|   0|   16|          0|
    |sext_ln76_45_cast_reg_28292             |   16|   0|   16|          0|
    |sext_ln76_46_cast_reg_28195             |   16|   0|   16|          0|
    |sext_ln76_47_cast_reg_28201             |   16|   0|   16|          0|
    |sext_ln76_48_cast_reg_28208             |   16|   0|   16|          0|
    |sext_ln76_49_cast_reg_28214             |   16|   0|   16|          0|
    |sext_ln76_4_cast_reg_28473              |   16|   0|   16|          0|
    |sext_ln76_50_cast_reg_28221             |   16|   0|   16|          0|
    |sext_ln76_51_cast_reg_28227             |   16|   0|   16|          0|
    |sext_ln76_52_cast_reg_28234             |   16|   0|   16|          0|
    |sext_ln76_53_cast_reg_28240             |   16|   0|   16|          0|
    |sext_ln76_54_cast_reg_28247             |   16|   0|   16|          0|
    |sext_ln76_55_cast_reg_28253             |   16|   0|   16|          0|
    |sext_ln76_56_cast_reg_28156             |   16|   0|   16|          0|
    |sext_ln76_57_cast_reg_28162             |   16|   0|   16|          0|
    |sext_ln76_58_cast_reg_28169             |   16|   0|   16|          0|
    |sext_ln76_59_cast_reg_28175             |   16|   0|   16|          0|
    |sext_ln76_5_cast_reg_28479              |   16|   0|   16|          0|
    |sext_ln76_60_cast_reg_28182             |   16|   0|   16|          0|
    |sext_ln76_61_cast_reg_28188             |   16|   0|   16|          0|
    |sext_ln76_62_cast_reg_28091             |   16|   0|   16|          0|
    |sext_ln76_63_cast_reg_28097             |   16|   0|   16|          0|
    |sext_ln76_64_cast_reg_28104             |   16|   0|   16|          0|
    |sext_ln76_65_cast_reg_28110             |   16|   0|   16|          0|
    |sext_ln76_66_cast_reg_28117             |   16|   0|   16|          0|
    |sext_ln76_67_cast_reg_28123             |   16|   0|   16|          0|
    |sext_ln76_68_cast_reg_28130             |   16|   0|   16|          0|
    |sext_ln76_69_cast_reg_28136             |   16|   0|   16|          0|
    |sext_ln76_6_cast_reg_28486              |   16|   0|   16|          0|
    |sext_ln76_70_cast_reg_28143             |   16|   0|   16|          0|
    |sext_ln76_71_cast_reg_28149             |   16|   0|   16|          0|
    |sext_ln76_72_cast_reg_28052             |   16|   0|   16|          0|
    |sext_ln76_73_cast_reg_28058             |   16|   0|   16|          0|
    |sext_ln76_74_cast_reg_28065             |   16|   0|   16|          0|
    |sext_ln76_75_cast_reg_28071             |   16|   0|   16|          0|
    |sext_ln76_76_cast_reg_28078             |   16|   0|   16|          0|
    |sext_ln76_77_cast_reg_28084             |   16|   0|   16|          0|
    |sext_ln76_78_cast_reg_27987             |   16|   0|   16|          0|
    |sext_ln76_79_cast_reg_27993             |   16|   0|   16|          0|
    |sext_ln76_7_cast_reg_28492              |   16|   0|   16|          0|
    |sext_ln76_80_cast_reg_28000             |   16|   0|   16|          0|
    |sext_ln76_81_cast_reg_28006             |   16|   0|   16|          0|
    |sext_ln76_82_cast_reg_28013             |   16|   0|   16|          0|
    |sext_ln76_83_cast_reg_28019             |   16|   0|   16|          0|
    |sext_ln76_84_cast_reg_28026             |   16|   0|   16|          0|
    |sext_ln76_85_cast_reg_28032             |   16|   0|   16|          0|
    |sext_ln76_86_cast_reg_28039             |   16|   0|   16|          0|
    |sext_ln76_87_cast_reg_28045             |   16|   0|   16|          0|
    |sext_ln76_88_cast_reg_27948             |   16|   0|   16|          0|
    |sext_ln76_89_cast_reg_27954             |   16|   0|   16|          0|
    |sext_ln76_8_cast_reg_28498              |   16|   0|   16|          0|
    |sext_ln76_90_cast_reg_27961             |   16|   0|   16|          0|
    |sext_ln76_91_cast_reg_27967             |   16|   0|   16|          0|
    |sext_ln76_92_cast_reg_27974             |   16|   0|   16|          0|
    |sext_ln76_93_cast_reg_27980             |   16|   0|   16|          0|
    |sext_ln76_94_cast_reg_27883             |   16|   0|   16|          0|
    |sext_ln76_95_cast_reg_27889             |   16|   0|   16|          0|
    |sext_ln76_96_cast_reg_27896             |   16|   0|   16|          0|
    |sext_ln76_97_cast_reg_27902             |   16|   0|   16|          0|
    |sext_ln76_98_cast_reg_27909             |   16|   0|   16|          0|
    |sext_ln76_99_cast_reg_27915             |   16|   0|   16|          0|
    |sext_ln76_9_cast_reg_28505              |   16|   0|   16|          0|
    |sext_ln76_cast_reg_28448                |   16|   0|   16|          0|
    |trunc_ln59_reg_28564                    |    4|   0|    4|          0|
    |zext_ln76_1_reg_28624                   |    4|   0|   64|         60|
    |zext_ln76_reg_28568                     |    5|   0|   64|         59|
    |icmp_ln59_reg_28560                     |   64|  32|    1|          0|
    |oc_reg_28555                            |   64|  32|    5|          0|
    |trunc_ln59_reg_28564                    |   64|  32|    4|          0|
    +----------------------------------------+-----+----+-----+-----------+
    |Total                                   |10929|  96|11234|        487|
    +----------------------------------------+-----+----+-----+-----------+



================================================================
== Interface
================================================================
* Summary: 
+---------------------------------------+-----+-----+------------+---------------------------------------------+--------------+
|               RTL Ports               | Dir | Bits|  Protocol  |                Source Object                |    C Type    |
+---------------------------------------+-----+-----+------------+---------------------------------------------+--------------+
|ap_clk                                 |   in|    1|  ap_ctrl_hs|  tiny_ecg_inference_Pipeline_VITIS_LOOP_59_4|  return value|
|ap_rst                                 |   in|    1|  ap_ctrl_hs|  tiny_ecg_inference_Pipeline_VITIS_LOOP_59_4|  return value|
|ap_start                               |   in|    1|  ap_ctrl_hs|  tiny_ecg_inference_Pipeline_VITIS_LOOP_59_4|  return value|
|ap_done                                |  out|    1|  ap_ctrl_hs|  tiny_ecg_inference_Pipeline_VITIS_LOOP_59_4|  return value|
|ap_idle                                |  out|    1|  ap_ctrl_hs|  tiny_ecg_inference_Pipeline_VITIS_LOOP_59_4|  return value|
|ap_ready                               |  out|    1|  ap_ctrl_hs|  tiny_ecg_inference_Pipeline_VITIS_LOOP_59_4|  return value|
|buffer_c1_10_relu_i8_fu_18877_p_din1   |  out|   21|  ap_ctrl_hs|  tiny_ecg_inference_Pipeline_VITIS_LOOP_59_4|  return value|
|buffer_c1_10_relu_i8_fu_18877_p_dout0  |   in|    7|  ap_ctrl_hs|  tiny_ecg_inference_Pipeline_VITIS_LOOP_59_4|  return value|
|buffer_c1_10_relu_i8_fu_18877_p_ready  |   in|    1|  ap_ctrl_hs|  tiny_ecg_inference_Pipeline_VITIS_LOOP_59_4|  return value|
|buffer_c1_11_relu_i8_fu_18881_p_din1   |  out|   21|  ap_ctrl_hs|  tiny_ecg_inference_Pipeline_VITIS_LOOP_59_4|  return value|
|buffer_c1_11_relu_i8_fu_18881_p_dout0  |   in|    7|  ap_ctrl_hs|  tiny_ecg_inference_Pipeline_VITIS_LOOP_59_4|  return value|
|buffer_c1_11_relu_i8_fu_18881_p_ready  |   in|    1|  ap_ctrl_hs|  tiny_ecg_inference_Pipeline_VITIS_LOOP_59_4|  return value|
|buffer_c1_12_relu_i8_fu_18885_p_din1   |  out|   21|  ap_ctrl_hs|  tiny_ecg_inference_Pipeline_VITIS_LOOP_59_4|  return value|
|buffer_c1_12_relu_i8_fu_18885_p_dout0  |   in|    7|  ap_ctrl_hs|  tiny_ecg_inference_Pipeline_VITIS_LOOP_59_4|  return value|
|buffer_c1_12_relu_i8_fu_18885_p_ready  |   in|    1|  ap_ctrl_hs|  tiny_ecg_inference_Pipeline_VITIS_LOOP_59_4|  return value|
|buffer_c1_13_relu_i8_fu_18889_p_din1   |  out|   21|  ap_ctrl_hs|  tiny_ecg_inference_Pipeline_VITIS_LOOP_59_4|  return value|
|buffer_c1_13_relu_i8_fu_18889_p_dout0  |   in|    7|  ap_ctrl_hs|  tiny_ecg_inference_Pipeline_VITIS_LOOP_59_4|  return value|
|buffer_c1_13_relu_i8_fu_18889_p_ready  |   in|    1|  ap_ctrl_hs|  tiny_ecg_inference_Pipeline_VITIS_LOOP_59_4|  return value|
|buffer_c1_14_relu_i8_fu_18893_p_din1   |  out|   21|  ap_ctrl_hs|  tiny_ecg_inference_Pipeline_VITIS_LOOP_59_4|  return value|
|buffer_c1_14_relu_i8_fu_18893_p_dout0  |   in|    7|  ap_ctrl_hs|  tiny_ecg_inference_Pipeline_VITIS_LOOP_59_4|  return value|
|buffer_c1_14_relu_i8_fu_18893_p_ready  |   in|    1|  ap_ctrl_hs|  tiny_ecg_inference_Pipeline_VITIS_LOOP_59_4|  return value|
|buffer_c1_15_relu_i8_fu_18897_p_din1   |  out|   21|  ap_ctrl_hs|  tiny_ecg_inference_Pipeline_VITIS_LOOP_59_4|  return value|
|buffer_c1_15_relu_i8_fu_18897_p_dout0  |   in|    7|  ap_ctrl_hs|  tiny_ecg_inference_Pipeline_VITIS_LOOP_59_4|  return value|
|buffer_c1_15_relu_i8_fu_18897_p_ready  |   in|    1|  ap_ctrl_hs|  tiny_ecg_inference_Pipeline_VITIS_LOOP_59_4|  return value|
|buffer_c1_16_relu_i8_fu_18901_p_din1   |  out|   21|  ap_ctrl_hs|  tiny_ecg_inference_Pipeline_VITIS_LOOP_59_4|  return value|
|buffer_c1_16_relu_i8_fu_18901_p_dout0  |   in|    7|  ap_ctrl_hs|  tiny_ecg_inference_Pipeline_VITIS_LOOP_59_4|  return value|
|buffer_c1_16_relu_i8_fu_18901_p_ready  |   in|    1|  ap_ctrl_hs|  tiny_ecg_inference_Pipeline_VITIS_LOOP_59_4|  return value|
|buffer_c1_17_relu_i8_fu_18905_p_din1   |  out|   21|  ap_ctrl_hs|  tiny_ecg_inference_Pipeline_VITIS_LOOP_59_4|  return value|
|buffer_c1_17_relu_i8_fu_18905_p_dout0  |   in|    7|  ap_ctrl_hs|  tiny_ecg_inference_Pipeline_VITIS_LOOP_59_4|  return value|
|buffer_c1_17_relu_i8_fu_18905_p_ready  |   in|    1|  ap_ctrl_hs|  tiny_ecg_inference_Pipeline_VITIS_LOOP_59_4|  return value|
|buffer_c1_18_relu_i8_fu_18909_p_din1   |  out|   21|  ap_ctrl_hs|  tiny_ecg_inference_Pipeline_VITIS_LOOP_59_4|  return value|
|buffer_c1_18_relu_i8_fu_18909_p_dout0  |   in|    7|  ap_ctrl_hs|  tiny_ecg_inference_Pipeline_VITIS_LOOP_59_4|  return value|
|buffer_c1_18_relu_i8_fu_18909_p_ready  |   in|    1|  ap_ctrl_hs|  tiny_ecg_inference_Pipeline_VITIS_LOOP_59_4|  return value|
|buffer_c1_19_relu_i8_fu_18913_p_din1   |  out|   21|  ap_ctrl_hs|  tiny_ecg_inference_Pipeline_VITIS_LOOP_59_4|  return value|
|buffer_c1_19_relu_i8_fu_18913_p_dout0  |   in|    7|  ap_ctrl_hs|  tiny_ecg_inference_Pipeline_VITIS_LOOP_59_4|  return value|
|buffer_c1_19_relu_i8_fu_18913_p_ready  |   in|    1|  ap_ctrl_hs|  tiny_ecg_inference_Pipeline_VITIS_LOOP_59_4|  return value|
|buffer_c1_1_relu_i8_fu_18917_p_din1    |  out|   21|  ap_ctrl_hs|  tiny_ecg_inference_Pipeline_VITIS_LOOP_59_4|  return value|
|buffer_c1_1_relu_i8_fu_18917_p_dout0   |   in|    7|  ap_ctrl_hs|  tiny_ecg_inference_Pipeline_VITIS_LOOP_59_4|  return value|
|buffer_c1_1_relu_i8_fu_18917_p_ready   |   in|    1|  ap_ctrl_hs|  tiny_ecg_inference_Pipeline_VITIS_LOOP_59_4|  return value|
|buffer_c1_20_relu_i8_fu_18921_p_din1   |  out|   21|  ap_ctrl_hs|  tiny_ecg_inference_Pipeline_VITIS_LOOP_59_4|  return value|
|buffer_c1_20_relu_i8_fu_18921_p_dout0  |   in|    7|  ap_ctrl_hs|  tiny_ecg_inference_Pipeline_VITIS_LOOP_59_4|  return value|
|buffer_c1_20_relu_i8_fu_18921_p_ready  |   in|    1|  ap_ctrl_hs|  tiny_ecg_inference_Pipeline_VITIS_LOOP_59_4|  return value|
|buffer_c1_21_relu_i8_fu_18925_p_din1   |  out|   21|  ap_ctrl_hs|  tiny_ecg_inference_Pipeline_VITIS_LOOP_59_4|  return value|
|buffer_c1_21_relu_i8_fu_18925_p_dout0  |   in|    7|  ap_ctrl_hs|  tiny_ecg_inference_Pipeline_VITIS_LOOP_59_4|  return value|
|buffer_c1_21_relu_i8_fu_18925_p_ready  |   in|    1|  ap_ctrl_hs|  tiny_ecg_inference_Pipeline_VITIS_LOOP_59_4|  return value|
|buffer_c1_22_relu_i8_fu_18929_p_din1   |  out|   21|  ap_ctrl_hs|  tiny_ecg_inference_Pipeline_VITIS_LOOP_59_4|  return value|
|buffer_c1_22_relu_i8_fu_18929_p_dout0  |   in|    7|  ap_ctrl_hs|  tiny_ecg_inference_Pipeline_VITIS_LOOP_59_4|  return value|
|buffer_c1_22_relu_i8_fu_18929_p_ready  |   in|    1|  ap_ctrl_hs|  tiny_ecg_inference_Pipeline_VITIS_LOOP_59_4|  return value|
|buffer_c1_23_relu_i8_fu_18933_p_din1   |  out|   21|  ap_ctrl_hs|  tiny_ecg_inference_Pipeline_VITIS_LOOP_59_4|  return value|
|buffer_c1_23_relu_i8_fu_18933_p_dout0  |   in|    7|  ap_ctrl_hs|  tiny_ecg_inference_Pipeline_VITIS_LOOP_59_4|  return value|
|buffer_c1_23_relu_i8_fu_18933_p_ready  |   in|    1|  ap_ctrl_hs|  tiny_ecg_inference_Pipeline_VITIS_LOOP_59_4|  return value|
|buffer_c1_24_relu_i8_fu_18937_p_din1   |  out|   21|  ap_ctrl_hs|  tiny_ecg_inference_Pipeline_VITIS_LOOP_59_4|  return value|
|buffer_c1_24_relu_i8_fu_18937_p_dout0  |   in|    7|  ap_ctrl_hs|  tiny_ecg_inference_Pipeline_VITIS_LOOP_59_4|  return value|
|buffer_c1_24_relu_i8_fu_18937_p_ready  |   in|    1|  ap_ctrl_hs|  tiny_ecg_inference_Pipeline_VITIS_LOOP_59_4|  return value|
|buffer_c1_25_relu_i8_fu_18941_p_din1   |  out|   21|  ap_ctrl_hs|  tiny_ecg_inference_Pipeline_VITIS_LOOP_59_4|  return value|
|buffer_c1_25_relu_i8_fu_18941_p_dout0  |   in|    7|  ap_ctrl_hs|  tiny_ecg_inference_Pipeline_VITIS_LOOP_59_4|  return value|
|buffer_c1_25_relu_i8_fu_18941_p_ready  |   in|    1|  ap_ctrl_hs|  tiny_ecg_inference_Pipeline_VITIS_LOOP_59_4|  return value|
|buffer_c1_26_relu_i8_fu_18945_p_din1   |  out|   21|  ap_ctrl_hs|  tiny_ecg_inference_Pipeline_VITIS_LOOP_59_4|  return value|
|buffer_c1_26_relu_i8_fu_18945_p_dout0  |   in|    7|  ap_ctrl_hs|  tiny_ecg_inference_Pipeline_VITIS_LOOP_59_4|  return value|
|buffer_c1_26_relu_i8_fu_18945_p_ready  |   in|    1|  ap_ctrl_hs|  tiny_ecg_inference_Pipeline_VITIS_LOOP_59_4|  return value|
|buffer_c1_27_relu_i8_fu_18949_p_din1   |  out|   21|  ap_ctrl_hs|  tiny_ecg_inference_Pipeline_VITIS_LOOP_59_4|  return value|
|buffer_c1_27_relu_i8_fu_18949_p_dout0  |   in|    7|  ap_ctrl_hs|  tiny_ecg_inference_Pipeline_VITIS_LOOP_59_4|  return value|
|buffer_c1_27_relu_i8_fu_18949_p_ready  |   in|    1|  ap_ctrl_hs|  tiny_ecg_inference_Pipeline_VITIS_LOOP_59_4|  return value|
|buffer_c1_28_relu_i8_fu_18953_p_din1   |  out|   21|  ap_ctrl_hs|  tiny_ecg_inference_Pipeline_VITIS_LOOP_59_4|  return value|
|buffer_c1_28_relu_i8_fu_18953_p_dout0  |   in|    7|  ap_ctrl_hs|  tiny_ecg_inference_Pipeline_VITIS_LOOP_59_4|  return value|
|buffer_c1_28_relu_i8_fu_18953_p_ready  |   in|    1|  ap_ctrl_hs|  tiny_ecg_inference_Pipeline_VITIS_LOOP_59_4|  return value|
|buffer_c1_29_relu_i8_fu_18957_p_din1   |  out|   21|  ap_ctrl_hs|  tiny_ecg_inference_Pipeline_VITIS_LOOP_59_4|  return value|
|buffer_c1_29_relu_i8_fu_18957_p_dout0  |   in|    7|  ap_ctrl_hs|  tiny_ecg_inference_Pipeline_VITIS_LOOP_59_4|  return value|
|buffer_c1_29_relu_i8_fu_18957_p_ready  |   in|    1|  ap_ctrl_hs|  tiny_ecg_inference_Pipeline_VITIS_LOOP_59_4|  return value|
|buffer_c1_2_relu_i8_fu_18961_p_din1    |  out|   21|  ap_ctrl_hs|  tiny_ecg_inference_Pipeline_VITIS_LOOP_59_4|  return value|
|buffer_c1_2_relu_i8_fu_18961_p_dout0   |   in|    7|  ap_ctrl_hs|  tiny_ecg_inference_Pipeline_VITIS_LOOP_59_4|  return value|
|buffer_c1_2_relu_i8_fu_18961_p_ready   |   in|    1|  ap_ctrl_hs|  tiny_ecg_inference_Pipeline_VITIS_LOOP_59_4|  return value|
|buffer_c1_30_relu_i8_fu_18965_p_din1   |  out|   21|  ap_ctrl_hs|  tiny_ecg_inference_Pipeline_VITIS_LOOP_59_4|  return value|
|buffer_c1_30_relu_i8_fu_18965_p_dout0  |   in|    7|  ap_ctrl_hs|  tiny_ecg_inference_Pipeline_VITIS_LOOP_59_4|  return value|
|buffer_c1_30_relu_i8_fu_18965_p_ready  |   in|    1|  ap_ctrl_hs|  tiny_ecg_inference_Pipeline_VITIS_LOOP_59_4|  return value|
|sext_ln76_16                           |   in|    8|     ap_none|                                 sext_ln76_16|        scalar|
|sext_ln76_15                           |   in|    8|     ap_none|                                 sext_ln76_15|        scalar|
|sext_ln76_14                           |   in|    8|     ap_none|                                 sext_ln76_14|        scalar|
|sext_ln76_13                           |   in|    8|     ap_none|                                 sext_ln76_13|        scalar|
|sext_ln76_12                           |   in|    8|     ap_none|                                 sext_ln76_12|        scalar|
|sext_ln76_11                           |   in|    8|     ap_none|                                 sext_ln76_11|        scalar|
|sext_ln76_10                           |   in|    8|     ap_none|                                 sext_ln76_10|        scalar|
|sext_ln76_9                            |   in|    8|     ap_none|                                  sext_ln76_9|        scalar|
|sext_ln76_8                            |   in|    8|     ap_none|                                  sext_ln76_8|        scalar|
|sext_ln76_7                            |   in|    8|     ap_none|                                  sext_ln76_7|        scalar|
|sext_ln76_6                            |   in|    8|     ap_none|                                  sext_ln76_6|        scalar|
|sext_ln76_5                            |   in|    8|     ap_none|                                  sext_ln76_5|        scalar|
|sext_ln76_4                            |   in|    8|     ap_none|                                  sext_ln76_4|        scalar|
|sext_ln76_3                            |   in|    8|     ap_none|                                  sext_ln76_3|        scalar|
|sext_ln76_2                            |   in|    8|     ap_none|                                  sext_ln76_2|        scalar|
|sext_ln76_1                            |   in|    8|     ap_none|                                  sext_ln76_1|        scalar|
|sext_ln76                              |   in|    8|     ap_none|                                    sext_ln76|        scalar|
|sext_ln76_23                           |   in|    8|     ap_none|                                 sext_ln76_23|        scalar|
|sext_ln76_22                           |   in|    8|     ap_none|                                 sext_ln76_22|        scalar|
|sext_ln76_21                           |   in|    8|     ap_none|                                 sext_ln76_21|        scalar|
|sext_ln76_20                           |   in|    8|     ap_none|                                 sext_ln76_20|        scalar|
|sext_ln76_19                           |   in|    8|     ap_none|                                 sext_ln76_19|        scalar|
|sext_ln76_18                           |   in|    8|     ap_none|                                 sext_ln76_18|        scalar|
|sext_ln76_17                           |   in|    8|     ap_none|                                 sext_ln76_17|        scalar|
|sext_ln76_29                           |   in|    8|     ap_none|                                 sext_ln76_29|        scalar|
|sext_ln76_28                           |   in|    8|     ap_none|                                 sext_ln76_28|        scalar|
|sext_ln76_27                           |   in|    8|     ap_none|                                 sext_ln76_27|        scalar|
|sext_ln76_26                           |   in|    8|     ap_none|                                 sext_ln76_26|        scalar|
|sext_ln76_25                           |   in|    8|     ap_none|                                 sext_ln76_25|        scalar|
|sext_ln76_24                           |   in|    8|     ap_none|                                 sext_ln76_24|        scalar|
|sext_ln76_39                           |   in|    8|     ap_none|                                 sext_ln76_39|        scalar|
|sext_ln76_38                           |   in|    8|     ap_none|                                 sext_ln76_38|        scalar|
|sext_ln76_37                           |   in|    8|     ap_none|                                 sext_ln76_37|        scalar|
|sext_ln76_36                           |   in|    8|     ap_none|                                 sext_ln76_36|        scalar|
|sext_ln76_35                           |   in|    8|     ap_none|                                 sext_ln76_35|        scalar|
|sext_ln76_34                           |   in|    8|     ap_none|                                 sext_ln76_34|        scalar|
|sext_ln76_33                           |   in|    8|     ap_none|                                 sext_ln76_33|        scalar|
|sext_ln76_32                           |   in|    8|     ap_none|                                 sext_ln76_32|        scalar|
|sext_ln76_31                           |   in|    8|     ap_none|                                 sext_ln76_31|        scalar|
|sext_ln76_30                           |   in|    8|     ap_none|                                 sext_ln76_30|        scalar|
|sext_ln76_45                           |   in|    8|     ap_none|                                 sext_ln76_45|        scalar|
|sext_ln76_44                           |   in|    8|     ap_none|                                 sext_ln76_44|        scalar|
|sext_ln76_43                           |   in|    8|     ap_none|                                 sext_ln76_43|        scalar|
|sext_ln76_42                           |   in|    8|     ap_none|                                 sext_ln76_42|        scalar|
|sext_ln76_41                           |   in|    8|     ap_none|                                 sext_ln76_41|        scalar|
|sext_ln76_40                           |   in|    8|     ap_none|                                 sext_ln76_40|        scalar|
|sext_ln76_55                           |   in|    8|     ap_none|                                 sext_ln76_55|        scalar|
|sext_ln76_54                           |   in|    8|     ap_none|                                 sext_ln76_54|        scalar|
|sext_ln76_53                           |   in|    8|     ap_none|                                 sext_ln76_53|        scalar|
|sext_ln76_52                           |   in|    8|     ap_none|                                 sext_ln76_52|        scalar|
|sext_ln76_51                           |   in|    8|     ap_none|                                 sext_ln76_51|        scalar|
|sext_ln76_50                           |   in|    8|     ap_none|                                 sext_ln76_50|        scalar|
|sext_ln76_49                           |   in|    8|     ap_none|                                 sext_ln76_49|        scalar|
|sext_ln76_48                           |   in|    8|     ap_none|                                 sext_ln76_48|        scalar|
|sext_ln76_47                           |   in|    8|     ap_none|                                 sext_ln76_47|        scalar|
|sext_ln76_46                           |   in|    8|     ap_none|                                 sext_ln76_46|        scalar|
|sext_ln76_61                           |   in|    8|     ap_none|                                 sext_ln76_61|        scalar|
|sext_ln76_60                           |   in|    8|     ap_none|                                 sext_ln76_60|        scalar|
|sext_ln76_59                           |   in|    8|     ap_none|                                 sext_ln76_59|        scalar|
|sext_ln76_58                           |   in|    8|     ap_none|                                 sext_ln76_58|        scalar|
|sext_ln76_57                           |   in|    8|     ap_none|                                 sext_ln76_57|        scalar|
|sext_ln76_56                           |   in|    8|     ap_none|                                 sext_ln76_56|        scalar|
|sext_ln76_71                           |   in|    8|     ap_none|                                 sext_ln76_71|        scalar|
|sext_ln76_70                           |   in|    8|     ap_none|                                 sext_ln76_70|        scalar|
|sext_ln76_69                           |   in|    8|     ap_none|                                 sext_ln76_69|        scalar|
|sext_ln76_68                           |   in|    8|     ap_none|                                 sext_ln76_68|        scalar|
|sext_ln76_67                           |   in|    8|     ap_none|                                 sext_ln76_67|        scalar|
|sext_ln76_66                           |   in|    8|     ap_none|                                 sext_ln76_66|        scalar|
|sext_ln76_65                           |   in|    8|     ap_none|                                 sext_ln76_65|        scalar|
|sext_ln76_64                           |   in|    8|     ap_none|                                 sext_ln76_64|        scalar|
|sext_ln76_63                           |   in|    8|     ap_none|                                 sext_ln76_63|        scalar|
|sext_ln76_62                           |   in|    8|     ap_none|                                 sext_ln76_62|        scalar|
|sext_ln76_77                           |   in|    8|     ap_none|                                 sext_ln76_77|        scalar|
|sext_ln76_76                           |   in|    8|     ap_none|                                 sext_ln76_76|        scalar|
|sext_ln76_75                           |   in|    8|     ap_none|                                 sext_ln76_75|        scalar|
|sext_ln76_74                           |   in|    8|     ap_none|                                 sext_ln76_74|        scalar|
|sext_ln76_73                           |   in|    8|     ap_none|                                 sext_ln76_73|        scalar|
|sext_ln76_72                           |   in|    8|     ap_none|                                 sext_ln76_72|        scalar|
|sext_ln76_87                           |   in|    8|     ap_none|                                 sext_ln76_87|        scalar|
|sext_ln76_86                           |   in|    8|     ap_none|                                 sext_ln76_86|        scalar|
|sext_ln76_85                           |   in|    8|     ap_none|                                 sext_ln76_85|        scalar|
|sext_ln76_84                           |   in|    8|     ap_none|                                 sext_ln76_84|        scalar|
|sext_ln76_83                           |   in|    8|     ap_none|                                 sext_ln76_83|        scalar|
|sext_ln76_82                           |   in|    8|     ap_none|                                 sext_ln76_82|        scalar|
|sext_ln76_81                           |   in|    8|     ap_none|                                 sext_ln76_81|        scalar|
|sext_ln76_80                           |   in|    8|     ap_none|                                 sext_ln76_80|        scalar|
|sext_ln76_79                           |   in|    8|     ap_none|                                 sext_ln76_79|        scalar|
|sext_ln76_78                           |   in|    8|     ap_none|                                 sext_ln76_78|        scalar|
|sext_ln76_93                           |   in|    8|     ap_none|                                 sext_ln76_93|        scalar|
|sext_ln76_92                           |   in|    8|     ap_none|                                 sext_ln76_92|        scalar|
|sext_ln76_91                           |   in|    8|     ap_none|                                 sext_ln76_91|        scalar|
|sext_ln76_90                           |   in|    8|     ap_none|                                 sext_ln76_90|        scalar|
|sext_ln76_89                           |   in|    8|     ap_none|                                 sext_ln76_89|        scalar|
|sext_ln76_88                           |   in|    8|     ap_none|                                 sext_ln76_88|        scalar|
|sext_ln76_103                          |   in|    8|     ap_none|                                sext_ln76_103|        scalar|
|sext_ln76_102                          |   in|    8|     ap_none|                                sext_ln76_102|        scalar|
|sext_ln76_101                          |   in|    8|     ap_none|                                sext_ln76_101|        scalar|
|sext_ln76_100                          |   in|    8|     ap_none|                                sext_ln76_100|        scalar|
|sext_ln76_99                           |   in|    8|     ap_none|                                 sext_ln76_99|        scalar|
|sext_ln76_98                           |   in|    8|     ap_none|                                 sext_ln76_98|        scalar|
|sext_ln76_97                           |   in|    8|     ap_none|                                 sext_ln76_97|        scalar|
|sext_ln76_96                           |   in|    8|     ap_none|                                 sext_ln76_96|        scalar|
|sext_ln76_95                           |   in|    8|     ap_none|                                 sext_ln76_95|        scalar|
|sext_ln76_94                           |   in|    8|     ap_none|                                 sext_ln76_94|        scalar|
|sext_ln76_109                          |   in|    8|     ap_none|                                sext_ln76_109|        scalar|
|sext_ln76_108                          |   in|    8|     ap_none|                                sext_ln76_108|        scalar|
|sext_ln76_107                          |   in|    8|     ap_none|                                sext_ln76_107|        scalar|
|sext_ln76_106                          |   in|    8|     ap_none|                                sext_ln76_106|        scalar|
|sext_ln76_105                          |   in|    8|     ap_none|                                sext_ln76_105|        scalar|
|sext_ln76_104                          |   in|    8|     ap_none|                                sext_ln76_104|        scalar|
|sext_ln76_119                          |   in|    8|     ap_none|                                sext_ln76_119|        scalar|
|sext_ln76_118                          |   in|    8|     ap_none|                                sext_ln76_118|        scalar|
|sext_ln76_117                          |   in|    8|     ap_none|                                sext_ln76_117|        scalar|
|sext_ln76_116                          |   in|    8|     ap_none|                                sext_ln76_116|        scalar|
|sext_ln76_115                          |   in|    8|     ap_none|                                sext_ln76_115|        scalar|
|sext_ln76_114                          |   in|    8|     ap_none|                                sext_ln76_114|        scalar|
|sext_ln76_113                          |   in|    8|     ap_none|                                sext_ln76_113|        scalar|
|sext_ln76_112                          |   in|    8|     ap_none|                                sext_ln76_112|        scalar|
|sext_ln76_111                          |   in|    8|     ap_none|                                sext_ln76_111|        scalar|
|sext_ln76_110                          |   in|    8|     ap_none|                                sext_ln76_110|        scalar|
|sext_ln76_125                          |   in|    8|     ap_none|                                sext_ln76_125|        scalar|
|sext_ln76_124                          |   in|    8|     ap_none|                                sext_ln76_124|        scalar|
|sext_ln76_123                          |   in|    8|     ap_none|                                sext_ln76_123|        scalar|
|sext_ln76_122                          |   in|    8|     ap_none|                                sext_ln76_122|        scalar|
|sext_ln76_121                          |   in|    8|     ap_none|                                sext_ln76_121|        scalar|
|sext_ln76_120                          |   in|    8|     ap_none|                                sext_ln76_120|        scalar|
|sext_ln76_135                          |   in|    8|     ap_none|                                sext_ln76_135|        scalar|
|sext_ln76_134                          |   in|    8|     ap_none|                                sext_ln76_134|        scalar|
|sext_ln76_133                          |   in|    8|     ap_none|                                sext_ln76_133|        scalar|
|sext_ln76_132                          |   in|    8|     ap_none|                                sext_ln76_132|        scalar|
|sext_ln76_131                          |   in|    8|     ap_none|                                sext_ln76_131|        scalar|
|sext_ln76_130                          |   in|    8|     ap_none|                                sext_ln76_130|        scalar|
|sext_ln76_129                          |   in|    8|     ap_none|                                sext_ln76_129|        scalar|
|sext_ln76_128                          |   in|    8|     ap_none|                                sext_ln76_128|        scalar|
|sext_ln76_127                          |   in|    8|     ap_none|                                sext_ln76_127|        scalar|
|sext_ln76_126                          |   in|    8|     ap_none|                                sext_ln76_126|        scalar|
|sext_ln76_141                          |   in|    8|     ap_none|                                sext_ln76_141|        scalar|
|sext_ln76_140                          |   in|    8|     ap_none|                                sext_ln76_140|        scalar|
|sext_ln76_139                          |   in|    8|     ap_none|                                sext_ln76_139|        scalar|
|sext_ln76_138                          |   in|    8|     ap_none|                                sext_ln76_138|        scalar|
|sext_ln76_137                          |   in|    8|     ap_none|                                sext_ln76_137|        scalar|
|sext_ln76_136                          |   in|    8|     ap_none|                                sext_ln76_136|        scalar|
|sext_ln76_151                          |   in|    8|     ap_none|                                sext_ln76_151|        scalar|
|sext_ln76_150                          |   in|    8|     ap_none|                                sext_ln76_150|        scalar|
|sext_ln76_149                          |   in|    8|     ap_none|                                sext_ln76_149|        scalar|
|sext_ln76_148                          |   in|    8|     ap_none|                                sext_ln76_148|        scalar|
|sext_ln76_147                          |   in|    8|     ap_none|                                sext_ln76_147|        scalar|
|sext_ln76_146                          |   in|    8|     ap_none|                                sext_ln76_146|        scalar|
|sext_ln76_145                          |   in|    8|     ap_none|                                sext_ln76_145|        scalar|
|sext_ln76_144                          |   in|    8|     ap_none|                                sext_ln76_144|        scalar|
|sext_ln76_143                          |   in|    8|     ap_none|                                sext_ln76_143|        scalar|
|sext_ln76_142                          |   in|    8|     ap_none|                                sext_ln76_142|        scalar|
|sext_ln76_157                          |   in|    8|     ap_none|                                sext_ln76_157|        scalar|
|sext_ln76_156                          |   in|    8|     ap_none|                                sext_ln76_156|        scalar|
|sext_ln76_155                          |   in|    8|     ap_none|                                sext_ln76_155|        scalar|
|sext_ln76_154                          |   in|    8|     ap_none|                                sext_ln76_154|        scalar|
|sext_ln76_153                          |   in|    8|     ap_none|                                sext_ln76_153|        scalar|
|sext_ln76_152                          |   in|    8|     ap_none|                                sext_ln76_152|        scalar|
|sext_ln76_167                          |   in|    8|     ap_none|                                sext_ln76_167|        scalar|
|sext_ln76_166                          |   in|    8|     ap_none|                                sext_ln76_166|        scalar|
|sext_ln76_165                          |   in|    8|     ap_none|                                sext_ln76_165|        scalar|
|sext_ln76_164                          |   in|    8|     ap_none|                                sext_ln76_164|        scalar|
|sext_ln76_163                          |   in|    8|     ap_none|                                sext_ln76_163|        scalar|
|sext_ln76_162                          |   in|    8|     ap_none|                                sext_ln76_162|        scalar|
|sext_ln76_161                          |   in|    8|     ap_none|                                sext_ln76_161|        scalar|
|sext_ln76_160                          |   in|    8|     ap_none|                                sext_ln76_160|        scalar|
|sext_ln76_159                          |   in|    8|     ap_none|                                sext_ln76_159|        scalar|
|sext_ln76_158                          |   in|    8|     ap_none|                                sext_ln76_158|        scalar|
|sext_ln76_173                          |   in|    8|     ap_none|                                sext_ln76_173|        scalar|
|sext_ln76_172                          |   in|    8|     ap_none|                                sext_ln76_172|        scalar|
|sext_ln76_171                          |   in|    8|     ap_none|                                sext_ln76_171|        scalar|
|sext_ln76_170                          |   in|    8|     ap_none|                                sext_ln76_170|        scalar|
|sext_ln76_169                          |   in|    8|     ap_none|                                sext_ln76_169|        scalar|
|sext_ln76_168                          |   in|    8|     ap_none|                                sext_ln76_168|        scalar|
|sext_ln76_183                          |   in|    8|     ap_none|                                sext_ln76_183|        scalar|
|sext_ln76_182                          |   in|    8|     ap_none|                                sext_ln76_182|        scalar|
|sext_ln76_181                          |   in|    8|     ap_none|                                sext_ln76_181|        scalar|
|sext_ln76_180                          |   in|    8|     ap_none|                                sext_ln76_180|        scalar|
|sext_ln76_179                          |   in|    8|     ap_none|                                sext_ln76_179|        scalar|
|sext_ln76_178                          |   in|    8|     ap_none|                                sext_ln76_178|        scalar|
|sext_ln76_177                          |   in|    8|     ap_none|                                sext_ln76_177|        scalar|
|sext_ln76_176                          |   in|    8|     ap_none|                                sext_ln76_176|        scalar|
|sext_ln76_175                          |   in|    8|     ap_none|                                sext_ln76_175|        scalar|
|sext_ln76_174                          |   in|    8|     ap_none|                                sext_ln76_174|        scalar|
|sext_ln76_189                          |   in|    8|     ap_none|                                sext_ln76_189|        scalar|
|sext_ln76_188                          |   in|    8|     ap_none|                                sext_ln76_188|        scalar|
|sext_ln76_187                          |   in|    8|     ap_none|                                sext_ln76_187|        scalar|
|sext_ln76_186                          |   in|    8|     ap_none|                                sext_ln76_186|        scalar|
|sext_ln76_185                          |   in|    8|     ap_none|                                sext_ln76_185|        scalar|
|sext_ln76_184                          |   in|    8|     ap_none|                                sext_ln76_184|        scalar|
|sext_ln76_199                          |   in|    8|     ap_none|                                sext_ln76_199|        scalar|
|sext_ln76_198                          |   in|    8|     ap_none|                                sext_ln76_198|        scalar|
|sext_ln76_197                          |   in|    8|     ap_none|                                sext_ln76_197|        scalar|
|sext_ln76_196                          |   in|    8|     ap_none|                                sext_ln76_196|        scalar|
|sext_ln76_195                          |   in|    8|     ap_none|                                sext_ln76_195|        scalar|
|sext_ln76_194                          |   in|    8|     ap_none|                                sext_ln76_194|        scalar|
|sext_ln76_193                          |   in|    8|     ap_none|                                sext_ln76_193|        scalar|
|sext_ln76_192                          |   in|    8|     ap_none|                                sext_ln76_192|        scalar|
|sext_ln76_191                          |   in|    8|     ap_none|                                sext_ln76_191|        scalar|
|sext_ln76_190                          |   in|    8|     ap_none|                                sext_ln76_190|        scalar|
|sext_ln76_205                          |   in|    8|     ap_none|                                sext_ln76_205|        scalar|
|sext_ln76_204                          |   in|    8|     ap_none|                                sext_ln76_204|        scalar|
|sext_ln76_203                          |   in|    8|     ap_none|                                sext_ln76_203|        scalar|
|sext_ln76_202                          |   in|    8|     ap_none|                                sext_ln76_202|        scalar|
|sext_ln76_201                          |   in|    8|     ap_none|                                sext_ln76_201|        scalar|
|sext_ln76_200                          |   in|    8|     ap_none|                                sext_ln76_200|        scalar|
|sext_ln76_215                          |   in|    8|     ap_none|                                sext_ln76_215|        scalar|
|sext_ln76_214                          |   in|    8|     ap_none|                                sext_ln76_214|        scalar|
|sext_ln76_213                          |   in|    8|     ap_none|                                sext_ln76_213|        scalar|
|sext_ln76_212                          |   in|    8|     ap_none|                                sext_ln76_212|        scalar|
|sext_ln76_211                          |   in|    8|     ap_none|                                sext_ln76_211|        scalar|
|sext_ln76_210                          |   in|    8|     ap_none|                                sext_ln76_210|        scalar|
|sext_ln76_209                          |   in|    8|     ap_none|                                sext_ln76_209|        scalar|
|sext_ln76_208                          |   in|    8|     ap_none|                                sext_ln76_208|        scalar|
|sext_ln76_207                          |   in|    8|     ap_none|                                sext_ln76_207|        scalar|
|sext_ln76_206                          |   in|    8|     ap_none|                                sext_ln76_206|        scalar|
|sext_ln76_221                          |   in|    8|     ap_none|                                sext_ln76_221|        scalar|
|sext_ln76_220                          |   in|    8|     ap_none|                                sext_ln76_220|        scalar|
|sext_ln76_219                          |   in|    8|     ap_none|                                sext_ln76_219|        scalar|
|sext_ln76_218                          |   in|    8|     ap_none|                                sext_ln76_218|        scalar|
|sext_ln76_217                          |   in|    8|     ap_none|                                sext_ln76_217|        scalar|
|sext_ln76_216                          |   in|    8|     ap_none|                                sext_ln76_216|        scalar|
|sext_ln76_231                          |   in|    8|     ap_none|                                sext_ln76_231|        scalar|
|sext_ln76_230                          |   in|    8|     ap_none|                                sext_ln76_230|        scalar|
|sext_ln76_229                          |   in|    8|     ap_none|                                sext_ln76_229|        scalar|
|sext_ln76_228                          |   in|    8|     ap_none|                                sext_ln76_228|        scalar|
|sext_ln76_227                          |   in|    8|     ap_none|                                sext_ln76_227|        scalar|
|sext_ln76_226                          |   in|    8|     ap_none|                                sext_ln76_226|        scalar|
|sext_ln76_225                          |   in|    8|     ap_none|                                sext_ln76_225|        scalar|
|sext_ln76_224                          |   in|    8|     ap_none|                                sext_ln76_224|        scalar|
|sext_ln76_223                          |   in|    8|     ap_none|                                sext_ln76_223|        scalar|
|sext_ln76_222                          |   in|    8|     ap_none|                                sext_ln76_222|        scalar|
|sext_ln76_237                          |   in|    8|     ap_none|                                sext_ln76_237|        scalar|
|sext_ln76_236                          |   in|    8|     ap_none|                                sext_ln76_236|        scalar|
|sext_ln76_235                          |   in|    8|     ap_none|                                sext_ln76_235|        scalar|
|sext_ln76_234                          |   in|    8|     ap_none|                                sext_ln76_234|        scalar|
|sext_ln76_233                          |   in|    8|     ap_none|                                sext_ln76_233|        scalar|
|sext_ln76_232                          |   in|    8|     ap_none|                                sext_ln76_232|        scalar|
|sext_ln76_247                          |   in|    8|     ap_none|                                sext_ln76_247|        scalar|
|sext_ln76_246                          |   in|    8|     ap_none|                                sext_ln76_246|        scalar|
|sext_ln76_245                          |   in|    8|     ap_none|                                sext_ln76_245|        scalar|
|sext_ln76_244                          |   in|    8|     ap_none|                                sext_ln76_244|        scalar|
|sext_ln76_243                          |   in|    8|     ap_none|                                sext_ln76_243|        scalar|
|sext_ln76_242                          |   in|    8|     ap_none|                                sext_ln76_242|        scalar|
|sext_ln76_241                          |   in|    8|     ap_none|                                sext_ln76_241|        scalar|
|sext_ln76_240                          |   in|    8|     ap_none|                                sext_ln76_240|        scalar|
|sext_ln76_239                          |   in|    8|     ap_none|                                sext_ln76_239|        scalar|
|sext_ln76_238                          |   in|    8|     ap_none|                                sext_ln76_238|        scalar|
|sext_ln76_253                          |   in|    8|     ap_none|                                sext_ln76_253|        scalar|
|sext_ln76_252                          |   in|    8|     ap_none|                                sext_ln76_252|        scalar|
|sext_ln76_251                          |   in|    8|     ap_none|                                sext_ln76_251|        scalar|
|sext_ln76_250                          |   in|    8|     ap_none|                                sext_ln76_250|        scalar|
|sext_ln76_249                          |   in|    8|     ap_none|                                sext_ln76_249|        scalar|
|sext_ln76_248                          |   in|    8|     ap_none|                                sext_ln76_248|        scalar|
|sext_ln76_263                          |   in|    8|     ap_none|                                sext_ln76_263|        scalar|
|sext_ln76_262                          |   in|    8|     ap_none|                                sext_ln76_262|        scalar|
|sext_ln76_261                          |   in|    8|     ap_none|                                sext_ln76_261|        scalar|
|sext_ln76_260                          |   in|    8|     ap_none|                                sext_ln76_260|        scalar|
|sext_ln76_259                          |   in|    8|     ap_none|                                sext_ln76_259|        scalar|
|sext_ln76_258                          |   in|    8|     ap_none|                                sext_ln76_258|        scalar|
|sext_ln76_257                          |   in|    8|     ap_none|                                sext_ln76_257|        scalar|
|sext_ln76_256                          |   in|    8|     ap_none|                                sext_ln76_256|        scalar|
|sext_ln76_255                          |   in|    8|     ap_none|                                sext_ln76_255|        scalar|
|sext_ln76_254                          |   in|    8|     ap_none|                                sext_ln76_254|        scalar|
|sext_ln76_269                          |   in|    8|     ap_none|                                sext_ln76_269|        scalar|
|sext_ln76_268                          |   in|    8|     ap_none|                                sext_ln76_268|        scalar|
|sext_ln76_267                          |   in|    8|     ap_none|                                sext_ln76_267|        scalar|
|sext_ln76_266                          |   in|    8|     ap_none|                                sext_ln76_266|        scalar|
|sext_ln76_265                          |   in|    8|     ap_none|                                sext_ln76_265|        scalar|
|sext_ln76_264                          |   in|    8|     ap_none|                                sext_ln76_264|        scalar|
|sext_ln76_279                          |   in|    8|     ap_none|                                sext_ln76_279|        scalar|
|sext_ln76_278                          |   in|    8|     ap_none|                                sext_ln76_278|        scalar|
|sext_ln76_277                          |   in|    8|     ap_none|                                sext_ln76_277|        scalar|
|sext_ln76_276                          |   in|    8|     ap_none|                                sext_ln76_276|        scalar|
|sext_ln76_275                          |   in|    8|     ap_none|                                sext_ln76_275|        scalar|
|sext_ln76_274                          |   in|    8|     ap_none|                                sext_ln76_274|        scalar|
|sext_ln76_273                          |   in|    8|     ap_none|                                sext_ln76_273|        scalar|
|sext_ln76_272                          |   in|    8|     ap_none|                                sext_ln76_272|        scalar|
|sext_ln76_271                          |   in|    8|     ap_none|                                sext_ln76_271|        scalar|
|sext_ln76_270                          |   in|    8|     ap_none|                                sext_ln76_270|        scalar|
|sext_ln76_285                          |   in|    8|     ap_none|                                sext_ln76_285|        scalar|
|sext_ln76_284                          |   in|    8|     ap_none|                                sext_ln76_284|        scalar|
|sext_ln76_283                          |   in|    8|     ap_none|                                sext_ln76_283|        scalar|
|sext_ln76_282                          |   in|    8|     ap_none|                                sext_ln76_282|        scalar|
|sext_ln76_281                          |   in|    8|     ap_none|                                sext_ln76_281|        scalar|
|sext_ln76_280                          |   in|    8|     ap_none|                                sext_ln76_280|        scalar|
|sext_ln76_295                          |   in|    8|     ap_none|                                sext_ln76_295|        scalar|
|sext_ln76_294                          |   in|    8|     ap_none|                                sext_ln76_294|        scalar|
|sext_ln76_293                          |   in|    8|     ap_none|                                sext_ln76_293|        scalar|
|sext_ln76_292                          |   in|    8|     ap_none|                                sext_ln76_292|        scalar|
|sext_ln76_291                          |   in|    8|     ap_none|                                sext_ln76_291|        scalar|
|sext_ln76_290                          |   in|    8|     ap_none|                                sext_ln76_290|        scalar|
|sext_ln76_289                          |   in|    8|     ap_none|                                sext_ln76_289|        scalar|
|sext_ln76_288                          |   in|    8|     ap_none|                                sext_ln76_288|        scalar|
|sext_ln76_287                          |   in|    8|     ap_none|                                sext_ln76_287|        scalar|
|sext_ln76_286                          |   in|    8|     ap_none|                                sext_ln76_286|        scalar|
|sext_ln76_301                          |   in|    8|     ap_none|                                sext_ln76_301|        scalar|
|sext_ln76_300                          |   in|    8|     ap_none|                                sext_ln76_300|        scalar|
|sext_ln76_299                          |   in|    8|     ap_none|                                sext_ln76_299|        scalar|
|sext_ln76_298                          |   in|    8|     ap_none|                                sext_ln76_298|        scalar|
|sext_ln76_297                          |   in|    8|     ap_none|                                sext_ln76_297|        scalar|
|sext_ln76_296                          |   in|    8|     ap_none|                                sext_ln76_296|        scalar|
|sext_ln76_311                          |   in|    8|     ap_none|                                sext_ln76_311|        scalar|
|sext_ln76_310                          |   in|    8|     ap_none|                                sext_ln76_310|        scalar|
|sext_ln76_309                          |   in|    8|     ap_none|                                sext_ln76_309|        scalar|
|sext_ln76_308                          |   in|    8|     ap_none|                                sext_ln76_308|        scalar|
|sext_ln76_307                          |   in|    8|     ap_none|                                sext_ln76_307|        scalar|
|sext_ln76_306                          |   in|    8|     ap_none|                                sext_ln76_306|        scalar|
|sext_ln76_305                          |   in|    8|     ap_none|                                sext_ln76_305|        scalar|
|sext_ln76_304                          |   in|    8|     ap_none|                                sext_ln76_304|        scalar|
|sext_ln76_303                          |   in|    8|     ap_none|                                sext_ln76_303|        scalar|
|sext_ln76_302                          |   in|    8|     ap_none|                                sext_ln76_302|        scalar|
|sext_ln76_317                          |   in|    8|     ap_none|                                sext_ln76_317|        scalar|
|sext_ln76_316                          |   in|    8|     ap_none|                                sext_ln76_316|        scalar|
|sext_ln76_315                          |   in|    8|     ap_none|                                sext_ln76_315|        scalar|
|sext_ln76_314                          |   in|    8|     ap_none|                                sext_ln76_314|        scalar|
|sext_ln76_313                          |   in|    8|     ap_none|                                sext_ln76_313|        scalar|
|sext_ln76_312                          |   in|    8|     ap_none|                                sext_ln76_312|        scalar|
|sext_ln76_327                          |   in|    8|     ap_none|                                sext_ln76_327|        scalar|
|sext_ln76_326                          |   in|    8|     ap_none|                                sext_ln76_326|        scalar|
|sext_ln76_325                          |   in|    8|     ap_none|                                sext_ln76_325|        scalar|
|sext_ln76_324                          |   in|    8|     ap_none|                                sext_ln76_324|        scalar|
|sext_ln76_323                          |   in|    8|     ap_none|                                sext_ln76_323|        scalar|
|sext_ln76_322                          |   in|    8|     ap_none|                                sext_ln76_322|        scalar|
|sext_ln76_321                          |   in|    8|     ap_none|                                sext_ln76_321|        scalar|
|sext_ln76_320                          |   in|    8|     ap_none|                                sext_ln76_320|        scalar|
|sext_ln76_319                          |   in|    8|     ap_none|                                sext_ln76_319|        scalar|
|sext_ln76_318                          |   in|    8|     ap_none|                                sext_ln76_318|        scalar|
|sext_ln76_333                          |   in|    8|     ap_none|                                sext_ln76_333|        scalar|
|sext_ln76_332                          |   in|    8|     ap_none|                                sext_ln76_332|        scalar|
|sext_ln76_331                          |   in|    8|     ap_none|                                sext_ln76_331|        scalar|
|sext_ln76_330                          |   in|    8|     ap_none|                                sext_ln76_330|        scalar|
|sext_ln76_329                          |   in|    8|     ap_none|                                sext_ln76_329|        scalar|
|sext_ln76_328                          |   in|    8|     ap_none|                                sext_ln76_328|        scalar|
|sext_ln76_343                          |   in|    8|     ap_none|                                sext_ln76_343|        scalar|
|sext_ln76_342                          |   in|    8|     ap_none|                                sext_ln76_342|        scalar|
|sext_ln76_341                          |   in|    8|     ap_none|                                sext_ln76_341|        scalar|
|sext_ln76_340                          |   in|    8|     ap_none|                                sext_ln76_340|        scalar|
|sext_ln76_339                          |   in|    8|     ap_none|                                sext_ln76_339|        scalar|
|sext_ln76_338                          |   in|    8|     ap_none|                                sext_ln76_338|        scalar|
|sext_ln76_337                          |   in|    8|     ap_none|                                sext_ln76_337|        scalar|
|sext_ln76_336                          |   in|    8|     ap_none|                                sext_ln76_336|        scalar|
|sext_ln76_335                          |   in|    8|     ap_none|                                sext_ln76_335|        scalar|
|sext_ln76_334                          |   in|    8|     ap_none|                                sext_ln76_334|        scalar|
|sext_ln76_349                          |   in|    8|     ap_none|                                sext_ln76_349|        scalar|
|sext_ln76_348                          |   in|    8|     ap_none|                                sext_ln76_348|        scalar|
|sext_ln76_347                          |   in|    8|     ap_none|                                sext_ln76_347|        scalar|
|sext_ln76_346                          |   in|    8|     ap_none|                                sext_ln76_346|        scalar|
|sext_ln76_345                          |   in|    8|     ap_none|                                sext_ln76_345|        scalar|
|sext_ln76_344                          |   in|    8|     ap_none|                                sext_ln76_344|        scalar|
|sext_ln59                              |   in|    8|     ap_none|                                    sext_ln59|        scalar|
|sext_ln76_358                          |   in|    8|     ap_none|                                sext_ln76_358|        scalar|
|sext_ln76_357                          |   in|    8|     ap_none|                                sext_ln76_357|        scalar|
|sext_ln76_356                          |   in|    8|     ap_none|                                sext_ln76_356|        scalar|
|sext_ln76_355                          |   in|    8|     ap_none|                                sext_ln76_355|        scalar|
|sext_ln76_354                          |   in|    8|     ap_none|                                sext_ln76_354|        scalar|
|sext_ln76_353                          |   in|    8|     ap_none|                                sext_ln76_353|        scalar|
|sext_ln76_352                          |   in|    8|     ap_none|                                sext_ln76_352|        scalar|
|sext_ln76_351                          |   in|    8|     ap_none|                                sext_ln76_351|        scalar|
|sext_ln76_350                          |   in|    8|     ap_none|                                sext_ln76_350|        scalar|
|buffer_c2_367_out                      |  out|    8|      ap_vld|                            buffer_c2_367_out|       pointer|
|buffer_c2_367_out_ap_vld               |  out|    1|      ap_vld|                            buffer_c2_367_out|       pointer|
|buffer_c2_366_out                      |  out|    8|      ap_vld|                            buffer_c2_366_out|       pointer|
|buffer_c2_366_out_ap_vld               |  out|    1|      ap_vld|                            buffer_c2_366_out|       pointer|
|buffer_c2_365_out                      |  out|    8|      ap_vld|                            buffer_c2_365_out|       pointer|
|buffer_c2_365_out_ap_vld               |  out|    1|      ap_vld|                            buffer_c2_365_out|       pointer|
|buffer_c2_364_out                      |  out|    8|      ap_vld|                            buffer_c2_364_out|       pointer|
|buffer_c2_364_out_ap_vld               |  out|    1|      ap_vld|                            buffer_c2_364_out|       pointer|
|buffer_c2_363_out                      |  out|    8|      ap_vld|                            buffer_c2_363_out|       pointer|
|buffer_c2_363_out_ap_vld               |  out|    1|      ap_vld|                            buffer_c2_363_out|       pointer|
|buffer_c2_362_out                      |  out|    8|      ap_vld|                            buffer_c2_362_out|       pointer|
|buffer_c2_362_out_ap_vld               |  out|    1|      ap_vld|                            buffer_c2_362_out|       pointer|
|buffer_c2_361_out                      |  out|    8|      ap_vld|                            buffer_c2_361_out|       pointer|
|buffer_c2_361_out_ap_vld               |  out|    1|      ap_vld|                            buffer_c2_361_out|       pointer|
|buffer_c2_360_out                      |  out|    8|      ap_vld|                            buffer_c2_360_out|       pointer|
|buffer_c2_360_out_ap_vld               |  out|    1|      ap_vld|                            buffer_c2_360_out|       pointer|
|buffer_c2_359_out                      |  out|    8|      ap_vld|                            buffer_c2_359_out|       pointer|
|buffer_c2_359_out_ap_vld               |  out|    1|      ap_vld|                            buffer_c2_359_out|       pointer|
|buffer_c2_358_out                      |  out|    8|      ap_vld|                            buffer_c2_358_out|       pointer|
|buffer_c2_358_out_ap_vld               |  out|    1|      ap_vld|                            buffer_c2_358_out|       pointer|
|buffer_c2_357_out                      |  out|    8|      ap_vld|                            buffer_c2_357_out|       pointer|
|buffer_c2_357_out_ap_vld               |  out|    1|      ap_vld|                            buffer_c2_357_out|       pointer|
|buffer_c2_356_out                      |  out|    8|      ap_vld|                            buffer_c2_356_out|       pointer|
|buffer_c2_356_out_ap_vld               |  out|    1|      ap_vld|                            buffer_c2_356_out|       pointer|
|buffer_c2_355_out                      |  out|    8|      ap_vld|                            buffer_c2_355_out|       pointer|
|buffer_c2_355_out_ap_vld               |  out|    1|      ap_vld|                            buffer_c2_355_out|       pointer|
|buffer_c2_354_out                      |  out|    8|      ap_vld|                            buffer_c2_354_out|       pointer|
|buffer_c2_354_out_ap_vld               |  out|    1|      ap_vld|                            buffer_c2_354_out|       pointer|
|buffer_c2_353_out                      |  out|    8|      ap_vld|                            buffer_c2_353_out|       pointer|
|buffer_c2_353_out_ap_vld               |  out|    1|      ap_vld|                            buffer_c2_353_out|       pointer|
|buffer_c2_352_out                      |  out|    8|      ap_vld|                            buffer_c2_352_out|       pointer|
|buffer_c2_352_out_ap_vld               |  out|    1|      ap_vld|                            buffer_c2_352_out|       pointer|
|buffer_c2_351_out                      |  out|    8|      ap_vld|                            buffer_c2_351_out|       pointer|
|buffer_c2_351_out_ap_vld               |  out|    1|      ap_vld|                            buffer_c2_351_out|       pointer|
|buffer_c2_350_out                      |  out|    8|      ap_vld|                            buffer_c2_350_out|       pointer|
|buffer_c2_350_out_ap_vld               |  out|    1|      ap_vld|                            buffer_c2_350_out|       pointer|
|buffer_c2_349_out                      |  out|    8|      ap_vld|                            buffer_c2_349_out|       pointer|
|buffer_c2_349_out_ap_vld               |  out|    1|      ap_vld|                            buffer_c2_349_out|       pointer|
|buffer_c2_348_out                      |  out|    8|      ap_vld|                            buffer_c2_348_out|       pointer|
|buffer_c2_348_out_ap_vld               |  out|    1|      ap_vld|                            buffer_c2_348_out|       pointer|
|buffer_c2_347_out                      |  out|    8|      ap_vld|                            buffer_c2_347_out|       pointer|
|buffer_c2_347_out_ap_vld               |  out|    1|      ap_vld|                            buffer_c2_347_out|       pointer|
|buffer_c2_346_out                      |  out|    8|      ap_vld|                            buffer_c2_346_out|       pointer|
|buffer_c2_346_out_ap_vld               |  out|    1|      ap_vld|                            buffer_c2_346_out|       pointer|
|buffer_c2_345_out                      |  out|    8|      ap_vld|                            buffer_c2_345_out|       pointer|
|buffer_c2_345_out_ap_vld               |  out|    1|      ap_vld|                            buffer_c2_345_out|       pointer|
|buffer_c2_344_out                      |  out|    8|      ap_vld|                            buffer_c2_344_out|       pointer|
|buffer_c2_344_out_ap_vld               |  out|    1|      ap_vld|                            buffer_c2_344_out|       pointer|
|buffer_c2_343_out                      |  out|    8|      ap_vld|                            buffer_c2_343_out|       pointer|
|buffer_c2_343_out_ap_vld               |  out|    1|      ap_vld|                            buffer_c2_343_out|       pointer|
|buffer_c2_342_out                      |  out|    8|      ap_vld|                            buffer_c2_342_out|       pointer|
|buffer_c2_342_out_ap_vld               |  out|    1|      ap_vld|                            buffer_c2_342_out|       pointer|
|buffer_c2_341_out                      |  out|    8|      ap_vld|                            buffer_c2_341_out|       pointer|
|buffer_c2_341_out_ap_vld               |  out|    1|      ap_vld|                            buffer_c2_341_out|       pointer|
|buffer_c2_340_out                      |  out|    8|      ap_vld|                            buffer_c2_340_out|       pointer|
|buffer_c2_340_out_ap_vld               |  out|    1|      ap_vld|                            buffer_c2_340_out|       pointer|
|buffer_c2_339_out                      |  out|    8|      ap_vld|                            buffer_c2_339_out|       pointer|
|buffer_c2_339_out_ap_vld               |  out|    1|      ap_vld|                            buffer_c2_339_out|       pointer|
|buffer_c2_338_out                      |  out|    8|      ap_vld|                            buffer_c2_338_out|       pointer|
|buffer_c2_338_out_ap_vld               |  out|    1|      ap_vld|                            buffer_c2_338_out|       pointer|
|buffer_c2_337_out                      |  out|    8|      ap_vld|                            buffer_c2_337_out|       pointer|
|buffer_c2_337_out_ap_vld               |  out|    1|      ap_vld|                            buffer_c2_337_out|       pointer|
|buffer_c2_336_out                      |  out|    8|      ap_vld|                            buffer_c2_336_out|       pointer|
|buffer_c2_336_out_ap_vld               |  out|    1|      ap_vld|                            buffer_c2_336_out|       pointer|
|buffer_c2_335_out                      |  out|    8|      ap_vld|                            buffer_c2_335_out|       pointer|
|buffer_c2_335_out_ap_vld               |  out|    1|      ap_vld|                            buffer_c2_335_out|       pointer|
|buffer_c2_334_out                      |  out|    8|      ap_vld|                            buffer_c2_334_out|       pointer|
|buffer_c2_334_out_ap_vld               |  out|    1|      ap_vld|                            buffer_c2_334_out|       pointer|
|buffer_c2_333_out                      |  out|    8|      ap_vld|                            buffer_c2_333_out|       pointer|
|buffer_c2_333_out_ap_vld               |  out|    1|      ap_vld|                            buffer_c2_333_out|       pointer|
|buffer_c2_332_out                      |  out|    8|      ap_vld|                            buffer_c2_332_out|       pointer|
|buffer_c2_332_out_ap_vld               |  out|    1|      ap_vld|                            buffer_c2_332_out|       pointer|
|buffer_c2_331_out                      |  out|    8|      ap_vld|                            buffer_c2_331_out|       pointer|
|buffer_c2_331_out_ap_vld               |  out|    1|      ap_vld|                            buffer_c2_331_out|       pointer|
|buffer_c2_330_out                      |  out|    8|      ap_vld|                            buffer_c2_330_out|       pointer|
|buffer_c2_330_out_ap_vld               |  out|    1|      ap_vld|                            buffer_c2_330_out|       pointer|
|buffer_c2_329_out                      |  out|    8|      ap_vld|                            buffer_c2_329_out|       pointer|
|buffer_c2_329_out_ap_vld               |  out|    1|      ap_vld|                            buffer_c2_329_out|       pointer|
|buffer_c2_328_out                      |  out|    8|      ap_vld|                            buffer_c2_328_out|       pointer|
|buffer_c2_328_out_ap_vld               |  out|    1|      ap_vld|                            buffer_c2_328_out|       pointer|
|buffer_c2_327_out                      |  out|    8|      ap_vld|                            buffer_c2_327_out|       pointer|
|buffer_c2_327_out_ap_vld               |  out|    1|      ap_vld|                            buffer_c2_327_out|       pointer|
|buffer_c2_326_out                      |  out|    8|      ap_vld|                            buffer_c2_326_out|       pointer|
|buffer_c2_326_out_ap_vld               |  out|    1|      ap_vld|                            buffer_c2_326_out|       pointer|
|buffer_c2_325_out                      |  out|    8|      ap_vld|                            buffer_c2_325_out|       pointer|
|buffer_c2_325_out_ap_vld               |  out|    1|      ap_vld|                            buffer_c2_325_out|       pointer|
|buffer_c2_324_out                      |  out|    8|      ap_vld|                            buffer_c2_324_out|       pointer|
|buffer_c2_324_out_ap_vld               |  out|    1|      ap_vld|                            buffer_c2_324_out|       pointer|
|buffer_c2_323_out                      |  out|    8|      ap_vld|                            buffer_c2_323_out|       pointer|
|buffer_c2_323_out_ap_vld               |  out|    1|      ap_vld|                            buffer_c2_323_out|       pointer|
|buffer_c2_322_out                      |  out|    8|      ap_vld|                            buffer_c2_322_out|       pointer|
|buffer_c2_322_out_ap_vld               |  out|    1|      ap_vld|                            buffer_c2_322_out|       pointer|
|buffer_c2_321_out                      |  out|    8|      ap_vld|                            buffer_c2_321_out|       pointer|
|buffer_c2_321_out_ap_vld               |  out|    1|      ap_vld|                            buffer_c2_321_out|       pointer|
|buffer_c2_320_out                      |  out|    8|      ap_vld|                            buffer_c2_320_out|       pointer|
|buffer_c2_320_out_ap_vld               |  out|    1|      ap_vld|                            buffer_c2_320_out|       pointer|
|buffer_c2_319_out                      |  out|    8|      ap_vld|                            buffer_c2_319_out|       pointer|
|buffer_c2_319_out_ap_vld               |  out|    1|      ap_vld|                            buffer_c2_319_out|       pointer|
|buffer_c2_318_out                      |  out|    8|      ap_vld|                            buffer_c2_318_out|       pointer|
|buffer_c2_318_out_ap_vld               |  out|    1|      ap_vld|                            buffer_c2_318_out|       pointer|
|buffer_c2_317_out                      |  out|    8|      ap_vld|                            buffer_c2_317_out|       pointer|
|buffer_c2_317_out_ap_vld               |  out|    1|      ap_vld|                            buffer_c2_317_out|       pointer|
|buffer_c2_316_out                      |  out|    8|      ap_vld|                            buffer_c2_316_out|       pointer|
|buffer_c2_316_out_ap_vld               |  out|    1|      ap_vld|                            buffer_c2_316_out|       pointer|
|buffer_c2_315_out                      |  out|    8|      ap_vld|                            buffer_c2_315_out|       pointer|
|buffer_c2_315_out_ap_vld               |  out|    1|      ap_vld|                            buffer_c2_315_out|       pointer|
|buffer_c2_314_out                      |  out|    8|      ap_vld|                            buffer_c2_314_out|       pointer|
|buffer_c2_314_out_ap_vld               |  out|    1|      ap_vld|                            buffer_c2_314_out|       pointer|
|buffer_c2_313_out                      |  out|    8|      ap_vld|                            buffer_c2_313_out|       pointer|
|buffer_c2_313_out_ap_vld               |  out|    1|      ap_vld|                            buffer_c2_313_out|       pointer|
|buffer_c2_312_out                      |  out|    8|      ap_vld|                            buffer_c2_312_out|       pointer|
|buffer_c2_312_out_ap_vld               |  out|    1|      ap_vld|                            buffer_c2_312_out|       pointer|
|buffer_c2_311_out                      |  out|    8|      ap_vld|                            buffer_c2_311_out|       pointer|
|buffer_c2_311_out_ap_vld               |  out|    1|      ap_vld|                            buffer_c2_311_out|       pointer|
|buffer_c2_310_out                      |  out|    8|      ap_vld|                            buffer_c2_310_out|       pointer|
|buffer_c2_310_out_ap_vld               |  out|    1|      ap_vld|                            buffer_c2_310_out|       pointer|
|buffer_c2_309_out                      |  out|    8|      ap_vld|                            buffer_c2_309_out|       pointer|
|buffer_c2_309_out_ap_vld               |  out|    1|      ap_vld|                            buffer_c2_309_out|       pointer|
|buffer_c2_308_out                      |  out|    8|      ap_vld|                            buffer_c2_308_out|       pointer|
|buffer_c2_308_out_ap_vld               |  out|    1|      ap_vld|                            buffer_c2_308_out|       pointer|
|buffer_c2_307_out                      |  out|    8|      ap_vld|                            buffer_c2_307_out|       pointer|
|buffer_c2_307_out_ap_vld               |  out|    1|      ap_vld|                            buffer_c2_307_out|       pointer|
|buffer_c2_306_out                      |  out|    8|      ap_vld|                            buffer_c2_306_out|       pointer|
|buffer_c2_306_out_ap_vld               |  out|    1|      ap_vld|                            buffer_c2_306_out|       pointer|
|buffer_c2_305_out                      |  out|    8|      ap_vld|                            buffer_c2_305_out|       pointer|
|buffer_c2_305_out_ap_vld               |  out|    1|      ap_vld|                            buffer_c2_305_out|       pointer|
|buffer_c2_304_out                      |  out|    8|      ap_vld|                            buffer_c2_304_out|       pointer|
|buffer_c2_304_out_ap_vld               |  out|    1|      ap_vld|                            buffer_c2_304_out|       pointer|
|buffer_c2_303_out                      |  out|    8|      ap_vld|                            buffer_c2_303_out|       pointer|
|buffer_c2_303_out_ap_vld               |  out|    1|      ap_vld|                            buffer_c2_303_out|       pointer|
|buffer_c2_302_out                      |  out|    8|      ap_vld|                            buffer_c2_302_out|       pointer|
|buffer_c2_302_out_ap_vld               |  out|    1|      ap_vld|                            buffer_c2_302_out|       pointer|
|buffer_c2_301_out                      |  out|    8|      ap_vld|                            buffer_c2_301_out|       pointer|
|buffer_c2_301_out_ap_vld               |  out|    1|      ap_vld|                            buffer_c2_301_out|       pointer|
|buffer_c2_300_out                      |  out|    8|      ap_vld|                            buffer_c2_300_out|       pointer|
|buffer_c2_300_out_ap_vld               |  out|    1|      ap_vld|                            buffer_c2_300_out|       pointer|
|buffer_c2_299_out                      |  out|    8|      ap_vld|                            buffer_c2_299_out|       pointer|
|buffer_c2_299_out_ap_vld               |  out|    1|      ap_vld|                            buffer_c2_299_out|       pointer|
|buffer_c2_298_out                      |  out|    8|      ap_vld|                            buffer_c2_298_out|       pointer|
|buffer_c2_298_out_ap_vld               |  out|    1|      ap_vld|                            buffer_c2_298_out|       pointer|
|buffer_c2_297_out                      |  out|    8|      ap_vld|                            buffer_c2_297_out|       pointer|
|buffer_c2_297_out_ap_vld               |  out|    1|      ap_vld|                            buffer_c2_297_out|       pointer|
|buffer_c2_296_out                      |  out|    8|      ap_vld|                            buffer_c2_296_out|       pointer|
|buffer_c2_296_out_ap_vld               |  out|    1|      ap_vld|                            buffer_c2_296_out|       pointer|
|buffer_c2_295_out                      |  out|    8|      ap_vld|                            buffer_c2_295_out|       pointer|
|buffer_c2_295_out_ap_vld               |  out|    1|      ap_vld|                            buffer_c2_295_out|       pointer|
|buffer_c2_294_out                      |  out|    8|      ap_vld|                            buffer_c2_294_out|       pointer|
|buffer_c2_294_out_ap_vld               |  out|    1|      ap_vld|                            buffer_c2_294_out|       pointer|
|buffer_c2_293_out                      |  out|    8|      ap_vld|                            buffer_c2_293_out|       pointer|
|buffer_c2_293_out_ap_vld               |  out|    1|      ap_vld|                            buffer_c2_293_out|       pointer|
|buffer_c2_292_out                      |  out|    8|      ap_vld|                            buffer_c2_292_out|       pointer|
|buffer_c2_292_out_ap_vld               |  out|    1|      ap_vld|                            buffer_c2_292_out|       pointer|
|buffer_c2_291_out                      |  out|    8|      ap_vld|                            buffer_c2_291_out|       pointer|
|buffer_c2_291_out_ap_vld               |  out|    1|      ap_vld|                            buffer_c2_291_out|       pointer|
|buffer_c2_290_out                      |  out|    8|      ap_vld|                            buffer_c2_290_out|       pointer|
|buffer_c2_290_out_ap_vld               |  out|    1|      ap_vld|                            buffer_c2_290_out|       pointer|
|buffer_c2_289_out                      |  out|    8|      ap_vld|                            buffer_c2_289_out|       pointer|
|buffer_c2_289_out_ap_vld               |  out|    1|      ap_vld|                            buffer_c2_289_out|       pointer|
|buffer_c2_288_out                      |  out|    8|      ap_vld|                            buffer_c2_288_out|       pointer|
|buffer_c2_288_out_ap_vld               |  out|    1|      ap_vld|                            buffer_c2_288_out|       pointer|
|buffer_c2_287_out                      |  out|    8|      ap_vld|                            buffer_c2_287_out|       pointer|
|buffer_c2_287_out_ap_vld               |  out|    1|      ap_vld|                            buffer_c2_287_out|       pointer|
|buffer_c2_286_out                      |  out|    8|      ap_vld|                            buffer_c2_286_out|       pointer|
|buffer_c2_286_out_ap_vld               |  out|    1|      ap_vld|                            buffer_c2_286_out|       pointer|
|buffer_c2_285_out                      |  out|    8|      ap_vld|                            buffer_c2_285_out|       pointer|
|buffer_c2_285_out_ap_vld               |  out|    1|      ap_vld|                            buffer_c2_285_out|       pointer|
|buffer_c2_284_out                      |  out|    8|      ap_vld|                            buffer_c2_284_out|       pointer|
|buffer_c2_284_out_ap_vld               |  out|    1|      ap_vld|                            buffer_c2_284_out|       pointer|
|buffer_c2_283_out                      |  out|    8|      ap_vld|                            buffer_c2_283_out|       pointer|
|buffer_c2_283_out_ap_vld               |  out|    1|      ap_vld|                            buffer_c2_283_out|       pointer|
|buffer_c2_282_out                      |  out|    8|      ap_vld|                            buffer_c2_282_out|       pointer|
|buffer_c2_282_out_ap_vld               |  out|    1|      ap_vld|                            buffer_c2_282_out|       pointer|
|buffer_c2_281_out                      |  out|    8|      ap_vld|                            buffer_c2_281_out|       pointer|
|buffer_c2_281_out_ap_vld               |  out|    1|      ap_vld|                            buffer_c2_281_out|       pointer|
|buffer_c2_280_out                      |  out|    8|      ap_vld|                            buffer_c2_280_out|       pointer|
|buffer_c2_280_out_ap_vld               |  out|    1|      ap_vld|                            buffer_c2_280_out|       pointer|
|buffer_c2_279_out                      |  out|    8|      ap_vld|                            buffer_c2_279_out|       pointer|
|buffer_c2_279_out_ap_vld               |  out|    1|      ap_vld|                            buffer_c2_279_out|       pointer|
|buffer_c2_278_out                      |  out|    8|      ap_vld|                            buffer_c2_278_out|       pointer|
|buffer_c2_278_out_ap_vld               |  out|    1|      ap_vld|                            buffer_c2_278_out|       pointer|
|buffer_c2_277_out                      |  out|    8|      ap_vld|                            buffer_c2_277_out|       pointer|
|buffer_c2_277_out_ap_vld               |  out|    1|      ap_vld|                            buffer_c2_277_out|       pointer|
|buffer_c2_276_out                      |  out|    8|      ap_vld|                            buffer_c2_276_out|       pointer|
|buffer_c2_276_out_ap_vld               |  out|    1|      ap_vld|                            buffer_c2_276_out|       pointer|
|buffer_c2_275_out                      |  out|    8|      ap_vld|                            buffer_c2_275_out|       pointer|
|buffer_c2_275_out_ap_vld               |  out|    1|      ap_vld|                            buffer_c2_275_out|       pointer|
|buffer_c2_274_out                      |  out|    8|      ap_vld|                            buffer_c2_274_out|       pointer|
|buffer_c2_274_out_ap_vld               |  out|    1|      ap_vld|                            buffer_c2_274_out|       pointer|
|buffer_c2_273_out                      |  out|    8|      ap_vld|                            buffer_c2_273_out|       pointer|
|buffer_c2_273_out_ap_vld               |  out|    1|      ap_vld|                            buffer_c2_273_out|       pointer|
|buffer_c2_272_out                      |  out|    8|      ap_vld|                            buffer_c2_272_out|       pointer|
|buffer_c2_272_out_ap_vld               |  out|    1|      ap_vld|                            buffer_c2_272_out|       pointer|
|buffer_c2_271_out                      |  out|    8|      ap_vld|                            buffer_c2_271_out|       pointer|
|buffer_c2_271_out_ap_vld               |  out|    1|      ap_vld|                            buffer_c2_271_out|       pointer|
|buffer_c2_270_out                      |  out|    8|      ap_vld|                            buffer_c2_270_out|       pointer|
|buffer_c2_270_out_ap_vld               |  out|    1|      ap_vld|                            buffer_c2_270_out|       pointer|
|buffer_c2_269_out                      |  out|    8|      ap_vld|                            buffer_c2_269_out|       pointer|
|buffer_c2_269_out_ap_vld               |  out|    1|      ap_vld|                            buffer_c2_269_out|       pointer|
|buffer_c2_268_out                      |  out|    8|      ap_vld|                            buffer_c2_268_out|       pointer|
|buffer_c2_268_out_ap_vld               |  out|    1|      ap_vld|                            buffer_c2_268_out|       pointer|
|buffer_c2_267_out                      |  out|    8|      ap_vld|                            buffer_c2_267_out|       pointer|
|buffer_c2_267_out_ap_vld               |  out|    1|      ap_vld|                            buffer_c2_267_out|       pointer|
|buffer_c2_266_out                      |  out|    8|      ap_vld|                            buffer_c2_266_out|       pointer|
|buffer_c2_266_out_ap_vld               |  out|    1|      ap_vld|                            buffer_c2_266_out|       pointer|
|buffer_c2_265_out                      |  out|    8|      ap_vld|                            buffer_c2_265_out|       pointer|
|buffer_c2_265_out_ap_vld               |  out|    1|      ap_vld|                            buffer_c2_265_out|       pointer|
|buffer_c2_264_out                      |  out|    8|      ap_vld|                            buffer_c2_264_out|       pointer|
|buffer_c2_264_out_ap_vld               |  out|    1|      ap_vld|                            buffer_c2_264_out|       pointer|
|buffer_c2_263_out                      |  out|    8|      ap_vld|                            buffer_c2_263_out|       pointer|
|buffer_c2_263_out_ap_vld               |  out|    1|      ap_vld|                            buffer_c2_263_out|       pointer|
|buffer_c2_262_out                      |  out|    8|      ap_vld|                            buffer_c2_262_out|       pointer|
|buffer_c2_262_out_ap_vld               |  out|    1|      ap_vld|                            buffer_c2_262_out|       pointer|
|buffer_c2_261_out                      |  out|    8|      ap_vld|                            buffer_c2_261_out|       pointer|
|buffer_c2_261_out_ap_vld               |  out|    1|      ap_vld|                            buffer_c2_261_out|       pointer|
|buffer_c2_260_out                      |  out|    8|      ap_vld|                            buffer_c2_260_out|       pointer|
|buffer_c2_260_out_ap_vld               |  out|    1|      ap_vld|                            buffer_c2_260_out|       pointer|
|buffer_c2_259_out                      |  out|    8|      ap_vld|                            buffer_c2_259_out|       pointer|
|buffer_c2_259_out_ap_vld               |  out|    1|      ap_vld|                            buffer_c2_259_out|       pointer|
|buffer_c2_258_out                      |  out|    8|      ap_vld|                            buffer_c2_258_out|       pointer|
|buffer_c2_258_out_ap_vld               |  out|    1|      ap_vld|                            buffer_c2_258_out|       pointer|
|buffer_c2_257_out                      |  out|    8|      ap_vld|                            buffer_c2_257_out|       pointer|
|buffer_c2_257_out_ap_vld               |  out|    1|      ap_vld|                            buffer_c2_257_out|       pointer|
|buffer_c2_256_out                      |  out|    8|      ap_vld|                            buffer_c2_256_out|       pointer|
|buffer_c2_256_out_ap_vld               |  out|    1|      ap_vld|                            buffer_c2_256_out|       pointer|
|buffer_c2_255_out                      |  out|    8|      ap_vld|                            buffer_c2_255_out|       pointer|
|buffer_c2_255_out_ap_vld               |  out|    1|      ap_vld|                            buffer_c2_255_out|       pointer|
|buffer_c2_254_out                      |  out|    8|      ap_vld|                            buffer_c2_254_out|       pointer|
|buffer_c2_254_out_ap_vld               |  out|    1|      ap_vld|                            buffer_c2_254_out|       pointer|
|buffer_c2_253_out                      |  out|    8|      ap_vld|                            buffer_c2_253_out|       pointer|
|buffer_c2_253_out_ap_vld               |  out|    1|      ap_vld|                            buffer_c2_253_out|       pointer|
|buffer_c2_252_out                      |  out|    8|      ap_vld|                            buffer_c2_252_out|       pointer|
|buffer_c2_252_out_ap_vld               |  out|    1|      ap_vld|                            buffer_c2_252_out|       pointer|
|buffer_c2_251_out                      |  out|    8|      ap_vld|                            buffer_c2_251_out|       pointer|
|buffer_c2_251_out_ap_vld               |  out|    1|      ap_vld|                            buffer_c2_251_out|       pointer|
|buffer_c2_250_out                      |  out|    8|      ap_vld|                            buffer_c2_250_out|       pointer|
|buffer_c2_250_out_ap_vld               |  out|    1|      ap_vld|                            buffer_c2_250_out|       pointer|
|buffer_c2_249_out                      |  out|    8|      ap_vld|                            buffer_c2_249_out|       pointer|
|buffer_c2_249_out_ap_vld               |  out|    1|      ap_vld|                            buffer_c2_249_out|       pointer|
|buffer_c2_248_out                      |  out|    8|      ap_vld|                            buffer_c2_248_out|       pointer|
|buffer_c2_248_out_ap_vld               |  out|    1|      ap_vld|                            buffer_c2_248_out|       pointer|
|buffer_c2_247_out                      |  out|    8|      ap_vld|                            buffer_c2_247_out|       pointer|
|buffer_c2_247_out_ap_vld               |  out|    1|      ap_vld|                            buffer_c2_247_out|       pointer|
|buffer_c2_246_out                      |  out|    8|      ap_vld|                            buffer_c2_246_out|       pointer|
|buffer_c2_246_out_ap_vld               |  out|    1|      ap_vld|                            buffer_c2_246_out|       pointer|
|buffer_c2_245_out                      |  out|    8|      ap_vld|                            buffer_c2_245_out|       pointer|
|buffer_c2_245_out_ap_vld               |  out|    1|      ap_vld|                            buffer_c2_245_out|       pointer|
|buffer_c2_244_out                      |  out|    8|      ap_vld|                            buffer_c2_244_out|       pointer|
|buffer_c2_244_out_ap_vld               |  out|    1|      ap_vld|                            buffer_c2_244_out|       pointer|
|buffer_c2_243_out                      |  out|    8|      ap_vld|                            buffer_c2_243_out|       pointer|
|buffer_c2_243_out_ap_vld               |  out|    1|      ap_vld|                            buffer_c2_243_out|       pointer|
|buffer_c2_242_out                      |  out|    8|      ap_vld|                            buffer_c2_242_out|       pointer|
|buffer_c2_242_out_ap_vld               |  out|    1|      ap_vld|                            buffer_c2_242_out|       pointer|
|buffer_c2_241_out                      |  out|    8|      ap_vld|                            buffer_c2_241_out|       pointer|
|buffer_c2_241_out_ap_vld               |  out|    1|      ap_vld|                            buffer_c2_241_out|       pointer|
|buffer_c2_240_out                      |  out|    8|      ap_vld|                            buffer_c2_240_out|       pointer|
|buffer_c2_240_out_ap_vld               |  out|    1|      ap_vld|                            buffer_c2_240_out|       pointer|
|buffer_c2_239_out                      |  out|    8|      ap_vld|                            buffer_c2_239_out|       pointer|
|buffer_c2_239_out_ap_vld               |  out|    1|      ap_vld|                            buffer_c2_239_out|       pointer|
|buffer_c2_238_out                      |  out|    8|      ap_vld|                            buffer_c2_238_out|       pointer|
|buffer_c2_238_out_ap_vld               |  out|    1|      ap_vld|                            buffer_c2_238_out|       pointer|
|buffer_c2_237_out                      |  out|    8|      ap_vld|                            buffer_c2_237_out|       pointer|
|buffer_c2_237_out_ap_vld               |  out|    1|      ap_vld|                            buffer_c2_237_out|       pointer|
|buffer_c2_236_out                      |  out|    8|      ap_vld|                            buffer_c2_236_out|       pointer|
|buffer_c2_236_out_ap_vld               |  out|    1|      ap_vld|                            buffer_c2_236_out|       pointer|
|buffer_c2_235_out                      |  out|    8|      ap_vld|                            buffer_c2_235_out|       pointer|
|buffer_c2_235_out_ap_vld               |  out|    1|      ap_vld|                            buffer_c2_235_out|       pointer|
|buffer_c2_234_out                      |  out|    8|      ap_vld|                            buffer_c2_234_out|       pointer|
|buffer_c2_234_out_ap_vld               |  out|    1|      ap_vld|                            buffer_c2_234_out|       pointer|
|buffer_c2_233_out                      |  out|    8|      ap_vld|                            buffer_c2_233_out|       pointer|
|buffer_c2_233_out_ap_vld               |  out|    1|      ap_vld|                            buffer_c2_233_out|       pointer|
|buffer_c2_232_out                      |  out|    8|      ap_vld|                            buffer_c2_232_out|       pointer|
|buffer_c2_232_out_ap_vld               |  out|    1|      ap_vld|                            buffer_c2_232_out|       pointer|
|buffer_c2_231_out                      |  out|    8|      ap_vld|                            buffer_c2_231_out|       pointer|
|buffer_c2_231_out_ap_vld               |  out|    1|      ap_vld|                            buffer_c2_231_out|       pointer|
|buffer_c2_230_out                      |  out|    8|      ap_vld|                            buffer_c2_230_out|       pointer|
|buffer_c2_230_out_ap_vld               |  out|    1|      ap_vld|                            buffer_c2_230_out|       pointer|
|buffer_c2_229_out                      |  out|    8|      ap_vld|                            buffer_c2_229_out|       pointer|
|buffer_c2_229_out_ap_vld               |  out|    1|      ap_vld|                            buffer_c2_229_out|       pointer|
|buffer_c2_228_out                      |  out|    8|      ap_vld|                            buffer_c2_228_out|       pointer|
|buffer_c2_228_out_ap_vld               |  out|    1|      ap_vld|                            buffer_c2_228_out|       pointer|
|buffer_c2_227_out                      |  out|    8|      ap_vld|                            buffer_c2_227_out|       pointer|
|buffer_c2_227_out_ap_vld               |  out|    1|      ap_vld|                            buffer_c2_227_out|       pointer|
|buffer_c2_226_out                      |  out|    8|      ap_vld|                            buffer_c2_226_out|       pointer|
|buffer_c2_226_out_ap_vld               |  out|    1|      ap_vld|                            buffer_c2_226_out|       pointer|
|buffer_c2_225_out                      |  out|    8|      ap_vld|                            buffer_c2_225_out|       pointer|
|buffer_c2_225_out_ap_vld               |  out|    1|      ap_vld|                            buffer_c2_225_out|       pointer|
|buffer_c2_224_out                      |  out|    8|      ap_vld|                            buffer_c2_224_out|       pointer|
|buffer_c2_224_out_ap_vld               |  out|    1|      ap_vld|                            buffer_c2_224_out|       pointer|
|buffer_c2_223_out                      |  out|    8|      ap_vld|                            buffer_c2_223_out|       pointer|
|buffer_c2_223_out_ap_vld               |  out|    1|      ap_vld|                            buffer_c2_223_out|       pointer|
|buffer_c2_222_out                      |  out|    8|      ap_vld|                            buffer_c2_222_out|       pointer|
|buffer_c2_222_out_ap_vld               |  out|    1|      ap_vld|                            buffer_c2_222_out|       pointer|
|buffer_c2_221_out                      |  out|    8|      ap_vld|                            buffer_c2_221_out|       pointer|
|buffer_c2_221_out_ap_vld               |  out|    1|      ap_vld|                            buffer_c2_221_out|       pointer|
|buffer_c2_220_out                      |  out|    8|      ap_vld|                            buffer_c2_220_out|       pointer|
|buffer_c2_220_out_ap_vld               |  out|    1|      ap_vld|                            buffer_c2_220_out|       pointer|
|buffer_c2_219_out                      |  out|    8|      ap_vld|                            buffer_c2_219_out|       pointer|
|buffer_c2_219_out_ap_vld               |  out|    1|      ap_vld|                            buffer_c2_219_out|       pointer|
|buffer_c2_218_out                      |  out|    8|      ap_vld|                            buffer_c2_218_out|       pointer|
|buffer_c2_218_out_ap_vld               |  out|    1|      ap_vld|                            buffer_c2_218_out|       pointer|
|buffer_c2_217_out                      |  out|    8|      ap_vld|                            buffer_c2_217_out|       pointer|
|buffer_c2_217_out_ap_vld               |  out|    1|      ap_vld|                            buffer_c2_217_out|       pointer|
|buffer_c2_216_out                      |  out|    8|      ap_vld|                            buffer_c2_216_out|       pointer|
|buffer_c2_216_out_ap_vld               |  out|    1|      ap_vld|                            buffer_c2_216_out|       pointer|
|buffer_c2_215_out                      |  out|    8|      ap_vld|                            buffer_c2_215_out|       pointer|
|buffer_c2_215_out_ap_vld               |  out|    1|      ap_vld|                            buffer_c2_215_out|       pointer|
|buffer_c2_214_out                      |  out|    8|      ap_vld|                            buffer_c2_214_out|       pointer|
|buffer_c2_214_out_ap_vld               |  out|    1|      ap_vld|                            buffer_c2_214_out|       pointer|
|buffer_c2_213_out                      |  out|    8|      ap_vld|                            buffer_c2_213_out|       pointer|
|buffer_c2_213_out_ap_vld               |  out|    1|      ap_vld|                            buffer_c2_213_out|       pointer|
|buffer_c2_212_out                      |  out|    8|      ap_vld|                            buffer_c2_212_out|       pointer|
|buffer_c2_212_out_ap_vld               |  out|    1|      ap_vld|                            buffer_c2_212_out|       pointer|
|buffer_c2_211_out                      |  out|    8|      ap_vld|                            buffer_c2_211_out|       pointer|
|buffer_c2_211_out_ap_vld               |  out|    1|      ap_vld|                            buffer_c2_211_out|       pointer|
|buffer_c2_210_out                      |  out|    8|      ap_vld|                            buffer_c2_210_out|       pointer|
|buffer_c2_210_out_ap_vld               |  out|    1|      ap_vld|                            buffer_c2_210_out|       pointer|
|buffer_c2_209_out                      |  out|    8|      ap_vld|                            buffer_c2_209_out|       pointer|
|buffer_c2_209_out_ap_vld               |  out|    1|      ap_vld|                            buffer_c2_209_out|       pointer|
|buffer_c2_208_out                      |  out|    8|      ap_vld|                            buffer_c2_208_out|       pointer|
|buffer_c2_208_out_ap_vld               |  out|    1|      ap_vld|                            buffer_c2_208_out|       pointer|
|buffer_c2_207_out                      |  out|    8|      ap_vld|                            buffer_c2_207_out|       pointer|
|buffer_c2_207_out_ap_vld               |  out|    1|      ap_vld|                            buffer_c2_207_out|       pointer|
|buffer_c2_206_out                      |  out|    8|      ap_vld|                            buffer_c2_206_out|       pointer|
|buffer_c2_206_out_ap_vld               |  out|    1|      ap_vld|                            buffer_c2_206_out|       pointer|
|buffer_c2_205_out                      |  out|    8|      ap_vld|                            buffer_c2_205_out|       pointer|
|buffer_c2_205_out_ap_vld               |  out|    1|      ap_vld|                            buffer_c2_205_out|       pointer|
|buffer_c2_204_out                      |  out|    8|      ap_vld|                            buffer_c2_204_out|       pointer|
|buffer_c2_204_out_ap_vld               |  out|    1|      ap_vld|                            buffer_c2_204_out|       pointer|
|buffer_c2_203_out                      |  out|    8|      ap_vld|                            buffer_c2_203_out|       pointer|
|buffer_c2_203_out_ap_vld               |  out|    1|      ap_vld|                            buffer_c2_203_out|       pointer|
|buffer_c2_202_out                      |  out|    8|      ap_vld|                            buffer_c2_202_out|       pointer|
|buffer_c2_202_out_ap_vld               |  out|    1|      ap_vld|                            buffer_c2_202_out|       pointer|
|buffer_c2_201_out                      |  out|    8|      ap_vld|                            buffer_c2_201_out|       pointer|
|buffer_c2_201_out_ap_vld               |  out|    1|      ap_vld|                            buffer_c2_201_out|       pointer|
|buffer_c2_200_out                      |  out|    8|      ap_vld|                            buffer_c2_200_out|       pointer|
|buffer_c2_200_out_ap_vld               |  out|    1|      ap_vld|                            buffer_c2_200_out|       pointer|
|buffer_c2_199_out                      |  out|    8|      ap_vld|                            buffer_c2_199_out|       pointer|
|buffer_c2_199_out_ap_vld               |  out|    1|      ap_vld|                            buffer_c2_199_out|       pointer|
|buffer_c2_198_out                      |  out|    8|      ap_vld|                            buffer_c2_198_out|       pointer|
|buffer_c2_198_out_ap_vld               |  out|    1|      ap_vld|                            buffer_c2_198_out|       pointer|
|buffer_c2_197_out                      |  out|    8|      ap_vld|                            buffer_c2_197_out|       pointer|
|buffer_c2_197_out_ap_vld               |  out|    1|      ap_vld|                            buffer_c2_197_out|       pointer|
|buffer_c2_196_out                      |  out|    8|      ap_vld|                            buffer_c2_196_out|       pointer|
|buffer_c2_196_out_ap_vld               |  out|    1|      ap_vld|                            buffer_c2_196_out|       pointer|
|buffer_c2_195_out                      |  out|    8|      ap_vld|                            buffer_c2_195_out|       pointer|
|buffer_c2_195_out_ap_vld               |  out|    1|      ap_vld|                            buffer_c2_195_out|       pointer|
|buffer_c2_194_out                      |  out|    8|      ap_vld|                            buffer_c2_194_out|       pointer|
|buffer_c2_194_out_ap_vld               |  out|    1|      ap_vld|                            buffer_c2_194_out|       pointer|
|buffer_c2_193_out                      |  out|    8|      ap_vld|                            buffer_c2_193_out|       pointer|
|buffer_c2_193_out_ap_vld               |  out|    1|      ap_vld|                            buffer_c2_193_out|       pointer|
|buffer_c2_192_out                      |  out|    8|      ap_vld|                            buffer_c2_192_out|       pointer|
|buffer_c2_192_out_ap_vld               |  out|    1|      ap_vld|                            buffer_c2_192_out|       pointer|
|buffer_c2_191_out                      |  out|    8|      ap_vld|                            buffer_c2_191_out|       pointer|
|buffer_c2_191_out_ap_vld               |  out|    1|      ap_vld|                            buffer_c2_191_out|       pointer|
|buffer_c2_190_out                      |  out|    8|      ap_vld|                            buffer_c2_190_out|       pointer|
|buffer_c2_190_out_ap_vld               |  out|    1|      ap_vld|                            buffer_c2_190_out|       pointer|
|buffer_c2_189_out                      |  out|    8|      ap_vld|                            buffer_c2_189_out|       pointer|
|buffer_c2_189_out_ap_vld               |  out|    1|      ap_vld|                            buffer_c2_189_out|       pointer|
|buffer_c2_188_out                      |  out|    8|      ap_vld|                            buffer_c2_188_out|       pointer|
|buffer_c2_188_out_ap_vld               |  out|    1|      ap_vld|                            buffer_c2_188_out|       pointer|
|buffer_c2_187_out                      |  out|    8|      ap_vld|                            buffer_c2_187_out|       pointer|
|buffer_c2_187_out_ap_vld               |  out|    1|      ap_vld|                            buffer_c2_187_out|       pointer|
|buffer_c2_186_out                      |  out|    8|      ap_vld|                            buffer_c2_186_out|       pointer|
|buffer_c2_186_out_ap_vld               |  out|    1|      ap_vld|                            buffer_c2_186_out|       pointer|
|buffer_c2_185_out                      |  out|    8|      ap_vld|                            buffer_c2_185_out|       pointer|
|buffer_c2_185_out_ap_vld               |  out|    1|      ap_vld|                            buffer_c2_185_out|       pointer|
|buffer_c2_184_out                      |  out|    8|      ap_vld|                            buffer_c2_184_out|       pointer|
|buffer_c2_184_out_ap_vld               |  out|    1|      ap_vld|                            buffer_c2_184_out|       pointer|
|buffer_c2_183_out                      |  out|    8|      ap_vld|                            buffer_c2_183_out|       pointer|
|buffer_c2_183_out_ap_vld               |  out|    1|      ap_vld|                            buffer_c2_183_out|       pointer|
|buffer_c2_182_out                      |  out|    8|      ap_vld|                            buffer_c2_182_out|       pointer|
|buffer_c2_182_out_ap_vld               |  out|    1|      ap_vld|                            buffer_c2_182_out|       pointer|
|buffer_c2_181_out                      |  out|    8|      ap_vld|                            buffer_c2_181_out|       pointer|
|buffer_c2_181_out_ap_vld               |  out|    1|      ap_vld|                            buffer_c2_181_out|       pointer|
|buffer_c2_180_out                      |  out|    8|      ap_vld|                            buffer_c2_180_out|       pointer|
|buffer_c2_180_out_ap_vld               |  out|    1|      ap_vld|                            buffer_c2_180_out|       pointer|
|buffer_c2_179_out                      |  out|    8|      ap_vld|                            buffer_c2_179_out|       pointer|
|buffer_c2_179_out_ap_vld               |  out|    1|      ap_vld|                            buffer_c2_179_out|       pointer|
|buffer_c2_178_out                      |  out|    8|      ap_vld|                            buffer_c2_178_out|       pointer|
|buffer_c2_178_out_ap_vld               |  out|    1|      ap_vld|                            buffer_c2_178_out|       pointer|
|buffer_c2_177_out                      |  out|    8|      ap_vld|                            buffer_c2_177_out|       pointer|
|buffer_c2_177_out_ap_vld               |  out|    1|      ap_vld|                            buffer_c2_177_out|       pointer|
|buffer_c2_176_out                      |  out|    8|      ap_vld|                            buffer_c2_176_out|       pointer|
|buffer_c2_176_out_ap_vld               |  out|    1|      ap_vld|                            buffer_c2_176_out|       pointer|
|buffer_c2_175_out                      |  out|    8|      ap_vld|                            buffer_c2_175_out|       pointer|
|buffer_c2_175_out_ap_vld               |  out|    1|      ap_vld|                            buffer_c2_175_out|       pointer|
|buffer_c2_174_out                      |  out|    8|      ap_vld|                            buffer_c2_174_out|       pointer|
|buffer_c2_174_out_ap_vld               |  out|    1|      ap_vld|                            buffer_c2_174_out|       pointer|
|buffer_c2_173_out                      |  out|    8|      ap_vld|                            buffer_c2_173_out|       pointer|
|buffer_c2_173_out_ap_vld               |  out|    1|      ap_vld|                            buffer_c2_173_out|       pointer|
|buffer_c2_172_out                      |  out|    8|      ap_vld|                            buffer_c2_172_out|       pointer|
|buffer_c2_172_out_ap_vld               |  out|    1|      ap_vld|                            buffer_c2_172_out|       pointer|
|buffer_c2_171_out                      |  out|    8|      ap_vld|                            buffer_c2_171_out|       pointer|
|buffer_c2_171_out_ap_vld               |  out|    1|      ap_vld|                            buffer_c2_171_out|       pointer|
|buffer_c2_170_out                      |  out|    8|      ap_vld|                            buffer_c2_170_out|       pointer|
|buffer_c2_170_out_ap_vld               |  out|    1|      ap_vld|                            buffer_c2_170_out|       pointer|
|buffer_c2_169_out                      |  out|    8|      ap_vld|                            buffer_c2_169_out|       pointer|
|buffer_c2_169_out_ap_vld               |  out|    1|      ap_vld|                            buffer_c2_169_out|       pointer|
|buffer_c2_168_out                      |  out|    8|      ap_vld|                            buffer_c2_168_out|       pointer|
|buffer_c2_168_out_ap_vld               |  out|    1|      ap_vld|                            buffer_c2_168_out|       pointer|
|buffer_c2_167_out                      |  out|    8|      ap_vld|                            buffer_c2_167_out|       pointer|
|buffer_c2_167_out_ap_vld               |  out|    1|      ap_vld|                            buffer_c2_167_out|       pointer|
|buffer_c2_166_out                      |  out|    8|      ap_vld|                            buffer_c2_166_out|       pointer|
|buffer_c2_166_out_ap_vld               |  out|    1|      ap_vld|                            buffer_c2_166_out|       pointer|
|buffer_c2_165_out                      |  out|    8|      ap_vld|                            buffer_c2_165_out|       pointer|
|buffer_c2_165_out_ap_vld               |  out|    1|      ap_vld|                            buffer_c2_165_out|       pointer|
|buffer_c2_164_out                      |  out|    8|      ap_vld|                            buffer_c2_164_out|       pointer|
|buffer_c2_164_out_ap_vld               |  out|    1|      ap_vld|                            buffer_c2_164_out|       pointer|
|buffer_c2_163_out                      |  out|    8|      ap_vld|                            buffer_c2_163_out|       pointer|
|buffer_c2_163_out_ap_vld               |  out|    1|      ap_vld|                            buffer_c2_163_out|       pointer|
|buffer_c2_162_out                      |  out|    8|      ap_vld|                            buffer_c2_162_out|       pointer|
|buffer_c2_162_out_ap_vld               |  out|    1|      ap_vld|                            buffer_c2_162_out|       pointer|
|buffer_c2_161_out                      |  out|    8|      ap_vld|                            buffer_c2_161_out|       pointer|
|buffer_c2_161_out_ap_vld               |  out|    1|      ap_vld|                            buffer_c2_161_out|       pointer|
|buffer_c2_160_out                      |  out|    8|      ap_vld|                            buffer_c2_160_out|       pointer|
|buffer_c2_160_out_ap_vld               |  out|    1|      ap_vld|                            buffer_c2_160_out|       pointer|
|buffer_c2_159_out                      |  out|    8|      ap_vld|                            buffer_c2_159_out|       pointer|
|buffer_c2_159_out_ap_vld               |  out|    1|      ap_vld|                            buffer_c2_159_out|       pointer|
|buffer_c2_158_out                      |  out|    8|      ap_vld|                            buffer_c2_158_out|       pointer|
|buffer_c2_158_out_ap_vld               |  out|    1|      ap_vld|                            buffer_c2_158_out|       pointer|
|buffer_c2_157_out                      |  out|    8|      ap_vld|                            buffer_c2_157_out|       pointer|
|buffer_c2_157_out_ap_vld               |  out|    1|      ap_vld|                            buffer_c2_157_out|       pointer|
|buffer_c2_156_out                      |  out|    8|      ap_vld|                            buffer_c2_156_out|       pointer|
|buffer_c2_156_out_ap_vld               |  out|    1|      ap_vld|                            buffer_c2_156_out|       pointer|
|buffer_c2_155_out                      |  out|    8|      ap_vld|                            buffer_c2_155_out|       pointer|
|buffer_c2_155_out_ap_vld               |  out|    1|      ap_vld|                            buffer_c2_155_out|       pointer|
|buffer_c2_154_out                      |  out|    8|      ap_vld|                            buffer_c2_154_out|       pointer|
|buffer_c2_154_out_ap_vld               |  out|    1|      ap_vld|                            buffer_c2_154_out|       pointer|
|buffer_c2_153_out                      |  out|    8|      ap_vld|                            buffer_c2_153_out|       pointer|
|buffer_c2_153_out_ap_vld               |  out|    1|      ap_vld|                            buffer_c2_153_out|       pointer|
|buffer_c2_152_out                      |  out|    8|      ap_vld|                            buffer_c2_152_out|       pointer|
|buffer_c2_152_out_ap_vld               |  out|    1|      ap_vld|                            buffer_c2_152_out|       pointer|
|buffer_c2_151_out                      |  out|    8|      ap_vld|                            buffer_c2_151_out|       pointer|
|buffer_c2_151_out_ap_vld               |  out|    1|      ap_vld|                            buffer_c2_151_out|       pointer|
|buffer_c2_150_out                      |  out|    8|      ap_vld|                            buffer_c2_150_out|       pointer|
|buffer_c2_150_out_ap_vld               |  out|    1|      ap_vld|                            buffer_c2_150_out|       pointer|
|buffer_c2_149_out                      |  out|    8|      ap_vld|                            buffer_c2_149_out|       pointer|
|buffer_c2_149_out_ap_vld               |  out|    1|      ap_vld|                            buffer_c2_149_out|       pointer|
|buffer_c2_148_out                      |  out|    8|      ap_vld|                            buffer_c2_148_out|       pointer|
|buffer_c2_148_out_ap_vld               |  out|    1|      ap_vld|                            buffer_c2_148_out|       pointer|
|buffer_c2_147_out                      |  out|    8|      ap_vld|                            buffer_c2_147_out|       pointer|
|buffer_c2_147_out_ap_vld               |  out|    1|      ap_vld|                            buffer_c2_147_out|       pointer|
|buffer_c2_146_out                      |  out|    8|      ap_vld|                            buffer_c2_146_out|       pointer|
|buffer_c2_146_out_ap_vld               |  out|    1|      ap_vld|                            buffer_c2_146_out|       pointer|
|buffer_c2_145_out                      |  out|    8|      ap_vld|                            buffer_c2_145_out|       pointer|
|buffer_c2_145_out_ap_vld               |  out|    1|      ap_vld|                            buffer_c2_145_out|       pointer|
|buffer_c2_144_out                      |  out|    8|      ap_vld|                            buffer_c2_144_out|       pointer|
|buffer_c2_144_out_ap_vld               |  out|    1|      ap_vld|                            buffer_c2_144_out|       pointer|
|buffer_c2_143_out                      |  out|    8|      ap_vld|                            buffer_c2_143_out|       pointer|
|buffer_c2_143_out_ap_vld               |  out|    1|      ap_vld|                            buffer_c2_143_out|       pointer|
|buffer_c2_142_out                      |  out|    8|      ap_vld|                            buffer_c2_142_out|       pointer|
|buffer_c2_142_out_ap_vld               |  out|    1|      ap_vld|                            buffer_c2_142_out|       pointer|
|buffer_c2_141_out                      |  out|    8|      ap_vld|                            buffer_c2_141_out|       pointer|
|buffer_c2_141_out_ap_vld               |  out|    1|      ap_vld|                            buffer_c2_141_out|       pointer|
|buffer_c2_140_out                      |  out|    8|      ap_vld|                            buffer_c2_140_out|       pointer|
|buffer_c2_140_out_ap_vld               |  out|    1|      ap_vld|                            buffer_c2_140_out|       pointer|
|buffer_c2_139_out                      |  out|    8|      ap_vld|                            buffer_c2_139_out|       pointer|
|buffer_c2_139_out_ap_vld               |  out|    1|      ap_vld|                            buffer_c2_139_out|       pointer|
|buffer_c2_138_out                      |  out|    8|      ap_vld|                            buffer_c2_138_out|       pointer|
|buffer_c2_138_out_ap_vld               |  out|    1|      ap_vld|                            buffer_c2_138_out|       pointer|
|buffer_c2_137_out                      |  out|    8|      ap_vld|                            buffer_c2_137_out|       pointer|
|buffer_c2_137_out_ap_vld               |  out|    1|      ap_vld|                            buffer_c2_137_out|       pointer|
|buffer_c2_136_out                      |  out|    8|      ap_vld|                            buffer_c2_136_out|       pointer|
|buffer_c2_136_out_ap_vld               |  out|    1|      ap_vld|                            buffer_c2_136_out|       pointer|
|buffer_c2_135_out                      |  out|    8|      ap_vld|                            buffer_c2_135_out|       pointer|
|buffer_c2_135_out_ap_vld               |  out|    1|      ap_vld|                            buffer_c2_135_out|       pointer|
|buffer_c2_134_out                      |  out|    8|      ap_vld|                            buffer_c2_134_out|       pointer|
|buffer_c2_134_out_ap_vld               |  out|    1|      ap_vld|                            buffer_c2_134_out|       pointer|
|buffer_c2_133_out                      |  out|    8|      ap_vld|                            buffer_c2_133_out|       pointer|
|buffer_c2_133_out_ap_vld               |  out|    1|      ap_vld|                            buffer_c2_133_out|       pointer|
|buffer_c2_132_out                      |  out|    8|      ap_vld|                            buffer_c2_132_out|       pointer|
|buffer_c2_132_out_ap_vld               |  out|    1|      ap_vld|                            buffer_c2_132_out|       pointer|
|buffer_c2_131_out                      |  out|    8|      ap_vld|                            buffer_c2_131_out|       pointer|
|buffer_c2_131_out_ap_vld               |  out|    1|      ap_vld|                            buffer_c2_131_out|       pointer|
|buffer_c2_130_out                      |  out|    8|      ap_vld|                            buffer_c2_130_out|       pointer|
|buffer_c2_130_out_ap_vld               |  out|    1|      ap_vld|                            buffer_c2_130_out|       pointer|
|buffer_c2_129_out                      |  out|    8|      ap_vld|                            buffer_c2_129_out|       pointer|
|buffer_c2_129_out_ap_vld               |  out|    1|      ap_vld|                            buffer_c2_129_out|       pointer|
|buffer_c2_128_out                      |  out|    8|      ap_vld|                            buffer_c2_128_out|       pointer|
|buffer_c2_128_out_ap_vld               |  out|    1|      ap_vld|                            buffer_c2_128_out|       pointer|
|buffer_c2_127_out                      |  out|    8|      ap_vld|                            buffer_c2_127_out|       pointer|
|buffer_c2_127_out_ap_vld               |  out|    1|      ap_vld|                            buffer_c2_127_out|       pointer|
|buffer_c2_126_out                      |  out|    8|      ap_vld|                            buffer_c2_126_out|       pointer|
|buffer_c2_126_out_ap_vld               |  out|    1|      ap_vld|                            buffer_c2_126_out|       pointer|
|buffer_c2_125_out                      |  out|    8|      ap_vld|                            buffer_c2_125_out|       pointer|
|buffer_c2_125_out_ap_vld               |  out|    1|      ap_vld|                            buffer_c2_125_out|       pointer|
|buffer_c2_124_out                      |  out|    8|      ap_vld|                            buffer_c2_124_out|       pointer|
|buffer_c2_124_out_ap_vld               |  out|    1|      ap_vld|                            buffer_c2_124_out|       pointer|
|buffer_c2_123_out                      |  out|    8|      ap_vld|                            buffer_c2_123_out|       pointer|
|buffer_c2_123_out_ap_vld               |  out|    1|      ap_vld|                            buffer_c2_123_out|       pointer|
|buffer_c2_122_out                      |  out|    8|      ap_vld|                            buffer_c2_122_out|       pointer|
|buffer_c2_122_out_ap_vld               |  out|    1|      ap_vld|                            buffer_c2_122_out|       pointer|
|buffer_c2_121_out                      |  out|    8|      ap_vld|                            buffer_c2_121_out|       pointer|
|buffer_c2_121_out_ap_vld               |  out|    1|      ap_vld|                            buffer_c2_121_out|       pointer|
|buffer_c2_120_out                      |  out|    8|      ap_vld|                            buffer_c2_120_out|       pointer|
|buffer_c2_120_out_ap_vld               |  out|    1|      ap_vld|                            buffer_c2_120_out|       pointer|
|buffer_c2_119_out                      |  out|    8|      ap_vld|                            buffer_c2_119_out|       pointer|
|buffer_c2_119_out_ap_vld               |  out|    1|      ap_vld|                            buffer_c2_119_out|       pointer|
|buffer_c2_118_out                      |  out|    8|      ap_vld|                            buffer_c2_118_out|       pointer|
|buffer_c2_118_out_ap_vld               |  out|    1|      ap_vld|                            buffer_c2_118_out|       pointer|
|buffer_c2_117_out                      |  out|    8|      ap_vld|                            buffer_c2_117_out|       pointer|
|buffer_c2_117_out_ap_vld               |  out|    1|      ap_vld|                            buffer_c2_117_out|       pointer|
|buffer_c2_116_out                      |  out|    8|      ap_vld|                            buffer_c2_116_out|       pointer|
|buffer_c2_116_out_ap_vld               |  out|    1|      ap_vld|                            buffer_c2_116_out|       pointer|
|buffer_c2_115_out                      |  out|    8|      ap_vld|                            buffer_c2_115_out|       pointer|
|buffer_c2_115_out_ap_vld               |  out|    1|      ap_vld|                            buffer_c2_115_out|       pointer|
|buffer_c2_114_out                      |  out|    8|      ap_vld|                            buffer_c2_114_out|       pointer|
|buffer_c2_114_out_ap_vld               |  out|    1|      ap_vld|                            buffer_c2_114_out|       pointer|
|buffer_c2_113_out                      |  out|    8|      ap_vld|                            buffer_c2_113_out|       pointer|
|buffer_c2_113_out_ap_vld               |  out|    1|      ap_vld|                            buffer_c2_113_out|       pointer|
|buffer_c2_112_out                      |  out|    8|      ap_vld|                            buffer_c2_112_out|       pointer|
|buffer_c2_112_out_ap_vld               |  out|    1|      ap_vld|                            buffer_c2_112_out|       pointer|
|buffer_c2_111_out                      |  out|    8|      ap_vld|                            buffer_c2_111_out|       pointer|
|buffer_c2_111_out_ap_vld               |  out|    1|      ap_vld|                            buffer_c2_111_out|       pointer|
|buffer_c2_110_out                      |  out|    8|      ap_vld|                            buffer_c2_110_out|       pointer|
|buffer_c2_110_out_ap_vld               |  out|    1|      ap_vld|                            buffer_c2_110_out|       pointer|
|buffer_c2_109_out                      |  out|    8|      ap_vld|                            buffer_c2_109_out|       pointer|
|buffer_c2_109_out_ap_vld               |  out|    1|      ap_vld|                            buffer_c2_109_out|       pointer|
|buffer_c2_108_out                      |  out|    8|      ap_vld|                            buffer_c2_108_out|       pointer|
|buffer_c2_108_out_ap_vld               |  out|    1|      ap_vld|                            buffer_c2_108_out|       pointer|
|buffer_c2_107_out                      |  out|    8|      ap_vld|                            buffer_c2_107_out|       pointer|
|buffer_c2_107_out_ap_vld               |  out|    1|      ap_vld|                            buffer_c2_107_out|       pointer|
|buffer_c2_106_out                      |  out|    8|      ap_vld|                            buffer_c2_106_out|       pointer|
|buffer_c2_106_out_ap_vld               |  out|    1|      ap_vld|                            buffer_c2_106_out|       pointer|
|buffer_c2_105_out                      |  out|    8|      ap_vld|                            buffer_c2_105_out|       pointer|
|buffer_c2_105_out_ap_vld               |  out|    1|      ap_vld|                            buffer_c2_105_out|       pointer|
|buffer_c2_104_out                      |  out|    8|      ap_vld|                            buffer_c2_104_out|       pointer|
|buffer_c2_104_out_ap_vld               |  out|    1|      ap_vld|                            buffer_c2_104_out|       pointer|
|buffer_c2_103_out                      |  out|    8|      ap_vld|                            buffer_c2_103_out|       pointer|
|buffer_c2_103_out_ap_vld               |  out|    1|      ap_vld|                            buffer_c2_103_out|       pointer|
|buffer_c2_102_out                      |  out|    8|      ap_vld|                            buffer_c2_102_out|       pointer|
|buffer_c2_102_out_ap_vld               |  out|    1|      ap_vld|                            buffer_c2_102_out|       pointer|
|buffer_c2_101_out                      |  out|    8|      ap_vld|                            buffer_c2_101_out|       pointer|
|buffer_c2_101_out_ap_vld               |  out|    1|      ap_vld|                            buffer_c2_101_out|       pointer|
|buffer_c2_100_out                      |  out|    8|      ap_vld|                            buffer_c2_100_out|       pointer|
|buffer_c2_100_out_ap_vld               |  out|    1|      ap_vld|                            buffer_c2_100_out|       pointer|
|buffer_c2_99_out                       |  out|    8|      ap_vld|                             buffer_c2_99_out|       pointer|
|buffer_c2_99_out_ap_vld                |  out|    1|      ap_vld|                             buffer_c2_99_out|       pointer|
|buffer_c2_98_out                       |  out|    8|      ap_vld|                             buffer_c2_98_out|       pointer|
|buffer_c2_98_out_ap_vld                |  out|    1|      ap_vld|                             buffer_c2_98_out|       pointer|
|buffer_c2_97_out                       |  out|    8|      ap_vld|                             buffer_c2_97_out|       pointer|
|buffer_c2_97_out_ap_vld                |  out|    1|      ap_vld|                             buffer_c2_97_out|       pointer|
|buffer_c2_96_out                       |  out|    8|      ap_vld|                             buffer_c2_96_out|       pointer|
|buffer_c2_96_out_ap_vld                |  out|    1|      ap_vld|                             buffer_c2_96_out|       pointer|
|buffer_c2_95_out                       |  out|    8|      ap_vld|                             buffer_c2_95_out|       pointer|
|buffer_c2_95_out_ap_vld                |  out|    1|      ap_vld|                             buffer_c2_95_out|       pointer|
|buffer_c2_94_out                       |  out|    8|      ap_vld|                             buffer_c2_94_out|       pointer|
|buffer_c2_94_out_ap_vld                |  out|    1|      ap_vld|                             buffer_c2_94_out|       pointer|
|buffer_c2_93_out                       |  out|    8|      ap_vld|                             buffer_c2_93_out|       pointer|
|buffer_c2_93_out_ap_vld                |  out|    1|      ap_vld|                             buffer_c2_93_out|       pointer|
|buffer_c2_92_out                       |  out|    8|      ap_vld|                             buffer_c2_92_out|       pointer|
|buffer_c2_92_out_ap_vld                |  out|    1|      ap_vld|                             buffer_c2_92_out|       pointer|
|buffer_c2_91_out                       |  out|    8|      ap_vld|                             buffer_c2_91_out|       pointer|
|buffer_c2_91_out_ap_vld                |  out|    1|      ap_vld|                             buffer_c2_91_out|       pointer|
|buffer_c2_90_out                       |  out|    8|      ap_vld|                             buffer_c2_90_out|       pointer|
|buffer_c2_90_out_ap_vld                |  out|    1|      ap_vld|                             buffer_c2_90_out|       pointer|
|buffer_c2_89_out                       |  out|    8|      ap_vld|                             buffer_c2_89_out|       pointer|
|buffer_c2_89_out_ap_vld                |  out|    1|      ap_vld|                             buffer_c2_89_out|       pointer|
|buffer_c2_88_out                       |  out|    8|      ap_vld|                             buffer_c2_88_out|       pointer|
|buffer_c2_88_out_ap_vld                |  out|    1|      ap_vld|                             buffer_c2_88_out|       pointer|
|buffer_c2_87_out                       |  out|    8|      ap_vld|                             buffer_c2_87_out|       pointer|
|buffer_c2_87_out_ap_vld                |  out|    1|      ap_vld|                             buffer_c2_87_out|       pointer|
|buffer_c2_86_out                       |  out|    8|      ap_vld|                             buffer_c2_86_out|       pointer|
|buffer_c2_86_out_ap_vld                |  out|    1|      ap_vld|                             buffer_c2_86_out|       pointer|
|buffer_c2_85_out                       |  out|    8|      ap_vld|                             buffer_c2_85_out|       pointer|
|buffer_c2_85_out_ap_vld                |  out|    1|      ap_vld|                             buffer_c2_85_out|       pointer|
|buffer_c2_84_out                       |  out|    8|      ap_vld|                             buffer_c2_84_out|       pointer|
|buffer_c2_84_out_ap_vld                |  out|    1|      ap_vld|                             buffer_c2_84_out|       pointer|
|buffer_c2_83_out                       |  out|    8|      ap_vld|                             buffer_c2_83_out|       pointer|
|buffer_c2_83_out_ap_vld                |  out|    1|      ap_vld|                             buffer_c2_83_out|       pointer|
|buffer_c2_82_out                       |  out|    8|      ap_vld|                             buffer_c2_82_out|       pointer|
|buffer_c2_82_out_ap_vld                |  out|    1|      ap_vld|                             buffer_c2_82_out|       pointer|
|buffer_c2_81_out                       |  out|    8|      ap_vld|                             buffer_c2_81_out|       pointer|
|buffer_c2_81_out_ap_vld                |  out|    1|      ap_vld|                             buffer_c2_81_out|       pointer|
|buffer_c2_80_out                       |  out|    8|      ap_vld|                             buffer_c2_80_out|       pointer|
|buffer_c2_80_out_ap_vld                |  out|    1|      ap_vld|                             buffer_c2_80_out|       pointer|
|buffer_c2_79_out                       |  out|    8|      ap_vld|                             buffer_c2_79_out|       pointer|
|buffer_c2_79_out_ap_vld                |  out|    1|      ap_vld|                             buffer_c2_79_out|       pointer|
|buffer_c2_78_out                       |  out|    8|      ap_vld|                             buffer_c2_78_out|       pointer|
|buffer_c2_78_out_ap_vld                |  out|    1|      ap_vld|                             buffer_c2_78_out|       pointer|
|buffer_c2_77_out                       |  out|    8|      ap_vld|                             buffer_c2_77_out|       pointer|
|buffer_c2_77_out_ap_vld                |  out|    1|      ap_vld|                             buffer_c2_77_out|       pointer|
|buffer_c2_76_out                       |  out|    8|      ap_vld|                             buffer_c2_76_out|       pointer|
|buffer_c2_76_out_ap_vld                |  out|    1|      ap_vld|                             buffer_c2_76_out|       pointer|
|buffer_c2_75_out                       |  out|    8|      ap_vld|                             buffer_c2_75_out|       pointer|
|buffer_c2_75_out_ap_vld                |  out|    1|      ap_vld|                             buffer_c2_75_out|       pointer|
|buffer_c2_74_out                       |  out|    8|      ap_vld|                             buffer_c2_74_out|       pointer|
|buffer_c2_74_out_ap_vld                |  out|    1|      ap_vld|                             buffer_c2_74_out|       pointer|
|buffer_c2_73_out                       |  out|    8|      ap_vld|                             buffer_c2_73_out|       pointer|
|buffer_c2_73_out_ap_vld                |  out|    1|      ap_vld|                             buffer_c2_73_out|       pointer|
|buffer_c2_72_out                       |  out|    8|      ap_vld|                             buffer_c2_72_out|       pointer|
|buffer_c2_72_out_ap_vld                |  out|    1|      ap_vld|                             buffer_c2_72_out|       pointer|
|buffer_c2_71_out                       |  out|    8|      ap_vld|                             buffer_c2_71_out|       pointer|
|buffer_c2_71_out_ap_vld                |  out|    1|      ap_vld|                             buffer_c2_71_out|       pointer|
|buffer_c2_70_out                       |  out|    8|      ap_vld|                             buffer_c2_70_out|       pointer|
|buffer_c2_70_out_ap_vld                |  out|    1|      ap_vld|                             buffer_c2_70_out|       pointer|
|buffer_c2_69_out                       |  out|    8|      ap_vld|                             buffer_c2_69_out|       pointer|
|buffer_c2_69_out_ap_vld                |  out|    1|      ap_vld|                             buffer_c2_69_out|       pointer|
|buffer_c2_68_out                       |  out|    8|      ap_vld|                             buffer_c2_68_out|       pointer|
|buffer_c2_68_out_ap_vld                |  out|    1|      ap_vld|                             buffer_c2_68_out|       pointer|
|buffer_c2_67_out                       |  out|    8|      ap_vld|                             buffer_c2_67_out|       pointer|
|buffer_c2_67_out_ap_vld                |  out|    1|      ap_vld|                             buffer_c2_67_out|       pointer|
|buffer_c2_66_out                       |  out|    8|      ap_vld|                             buffer_c2_66_out|       pointer|
|buffer_c2_66_out_ap_vld                |  out|    1|      ap_vld|                             buffer_c2_66_out|       pointer|
|buffer_c2_65_out                       |  out|    8|      ap_vld|                             buffer_c2_65_out|       pointer|
|buffer_c2_65_out_ap_vld                |  out|    1|      ap_vld|                             buffer_c2_65_out|       pointer|
|buffer_c2_64_out                       |  out|    8|      ap_vld|                             buffer_c2_64_out|       pointer|
|buffer_c2_64_out_ap_vld                |  out|    1|      ap_vld|                             buffer_c2_64_out|       pointer|
|buffer_c2_63_out                       |  out|    8|      ap_vld|                             buffer_c2_63_out|       pointer|
|buffer_c2_63_out_ap_vld                |  out|    1|      ap_vld|                             buffer_c2_63_out|       pointer|
|buffer_c2_62_out                       |  out|    8|      ap_vld|                             buffer_c2_62_out|       pointer|
|buffer_c2_62_out_ap_vld                |  out|    1|      ap_vld|                             buffer_c2_62_out|       pointer|
|buffer_c2_61_out                       |  out|    8|      ap_vld|                             buffer_c2_61_out|       pointer|
|buffer_c2_61_out_ap_vld                |  out|    1|      ap_vld|                             buffer_c2_61_out|       pointer|
|buffer_c2_60_out                       |  out|    8|      ap_vld|                             buffer_c2_60_out|       pointer|
|buffer_c2_60_out_ap_vld                |  out|    1|      ap_vld|                             buffer_c2_60_out|       pointer|
|buffer_c2_59_out                       |  out|    8|      ap_vld|                             buffer_c2_59_out|       pointer|
|buffer_c2_59_out_ap_vld                |  out|    1|      ap_vld|                             buffer_c2_59_out|       pointer|
|buffer_c2_58_out                       |  out|    8|      ap_vld|                             buffer_c2_58_out|       pointer|
|buffer_c2_58_out_ap_vld                |  out|    1|      ap_vld|                             buffer_c2_58_out|       pointer|
|buffer_c2_57_out                       |  out|    8|      ap_vld|                             buffer_c2_57_out|       pointer|
|buffer_c2_57_out_ap_vld                |  out|    1|      ap_vld|                             buffer_c2_57_out|       pointer|
|buffer_c2_56_out                       |  out|    8|      ap_vld|                             buffer_c2_56_out|       pointer|
|buffer_c2_56_out_ap_vld                |  out|    1|      ap_vld|                             buffer_c2_56_out|       pointer|
|buffer_c2_55_out                       |  out|    8|      ap_vld|                             buffer_c2_55_out|       pointer|
|buffer_c2_55_out_ap_vld                |  out|    1|      ap_vld|                             buffer_c2_55_out|       pointer|
|buffer_c2_54_out                       |  out|    8|      ap_vld|                             buffer_c2_54_out|       pointer|
|buffer_c2_54_out_ap_vld                |  out|    1|      ap_vld|                             buffer_c2_54_out|       pointer|
|buffer_c2_53_out                       |  out|    8|      ap_vld|                             buffer_c2_53_out|       pointer|
|buffer_c2_53_out_ap_vld                |  out|    1|      ap_vld|                             buffer_c2_53_out|       pointer|
|buffer_c2_52_out                       |  out|    8|      ap_vld|                             buffer_c2_52_out|       pointer|
|buffer_c2_52_out_ap_vld                |  out|    1|      ap_vld|                             buffer_c2_52_out|       pointer|
|buffer_c2_51_out                       |  out|    8|      ap_vld|                             buffer_c2_51_out|       pointer|
|buffer_c2_51_out_ap_vld                |  out|    1|      ap_vld|                             buffer_c2_51_out|       pointer|
|buffer_c2_50_out                       |  out|    8|      ap_vld|                             buffer_c2_50_out|       pointer|
|buffer_c2_50_out_ap_vld                |  out|    1|      ap_vld|                             buffer_c2_50_out|       pointer|
|buffer_c2_49_out                       |  out|    8|      ap_vld|                             buffer_c2_49_out|       pointer|
|buffer_c2_49_out_ap_vld                |  out|    1|      ap_vld|                             buffer_c2_49_out|       pointer|
|buffer_c2_48_out                       |  out|    8|      ap_vld|                             buffer_c2_48_out|       pointer|
|buffer_c2_48_out_ap_vld                |  out|    1|      ap_vld|                             buffer_c2_48_out|       pointer|
|buffer_c2_47_out                       |  out|    8|      ap_vld|                             buffer_c2_47_out|       pointer|
|buffer_c2_47_out_ap_vld                |  out|    1|      ap_vld|                             buffer_c2_47_out|       pointer|
|buffer_c2_46_out                       |  out|    8|      ap_vld|                             buffer_c2_46_out|       pointer|
|buffer_c2_46_out_ap_vld                |  out|    1|      ap_vld|                             buffer_c2_46_out|       pointer|
|buffer_c2_45_out                       |  out|    8|      ap_vld|                             buffer_c2_45_out|       pointer|
|buffer_c2_45_out_ap_vld                |  out|    1|      ap_vld|                             buffer_c2_45_out|       pointer|
|buffer_c2_44_out                       |  out|    8|      ap_vld|                             buffer_c2_44_out|       pointer|
|buffer_c2_44_out_ap_vld                |  out|    1|      ap_vld|                             buffer_c2_44_out|       pointer|
|buffer_c2_43_out                       |  out|    8|      ap_vld|                             buffer_c2_43_out|       pointer|
|buffer_c2_43_out_ap_vld                |  out|    1|      ap_vld|                             buffer_c2_43_out|       pointer|
|buffer_c2_42_out                       |  out|    8|      ap_vld|                             buffer_c2_42_out|       pointer|
|buffer_c2_42_out_ap_vld                |  out|    1|      ap_vld|                             buffer_c2_42_out|       pointer|
|buffer_c2_41_out                       |  out|    8|      ap_vld|                             buffer_c2_41_out|       pointer|
|buffer_c2_41_out_ap_vld                |  out|    1|      ap_vld|                             buffer_c2_41_out|       pointer|
|buffer_c2_40_out                       |  out|    8|      ap_vld|                             buffer_c2_40_out|       pointer|
|buffer_c2_40_out_ap_vld                |  out|    1|      ap_vld|                             buffer_c2_40_out|       pointer|
|buffer_c2_39_out                       |  out|    8|      ap_vld|                             buffer_c2_39_out|       pointer|
|buffer_c2_39_out_ap_vld                |  out|    1|      ap_vld|                             buffer_c2_39_out|       pointer|
|buffer_c2_38_out                       |  out|    8|      ap_vld|                             buffer_c2_38_out|       pointer|
|buffer_c2_38_out_ap_vld                |  out|    1|      ap_vld|                             buffer_c2_38_out|       pointer|
|buffer_c2_37_out                       |  out|    8|      ap_vld|                             buffer_c2_37_out|       pointer|
|buffer_c2_37_out_ap_vld                |  out|    1|      ap_vld|                             buffer_c2_37_out|       pointer|
|buffer_c2_36_out                       |  out|    8|      ap_vld|                             buffer_c2_36_out|       pointer|
|buffer_c2_36_out_ap_vld                |  out|    1|      ap_vld|                             buffer_c2_36_out|       pointer|
|buffer_c2_35_out                       |  out|    8|      ap_vld|                             buffer_c2_35_out|       pointer|
|buffer_c2_35_out_ap_vld                |  out|    1|      ap_vld|                             buffer_c2_35_out|       pointer|
|buffer_c2_34_out                       |  out|    8|      ap_vld|                             buffer_c2_34_out|       pointer|
|buffer_c2_34_out_ap_vld                |  out|    1|      ap_vld|                             buffer_c2_34_out|       pointer|
|buffer_c2_33_out                       |  out|    8|      ap_vld|                             buffer_c2_33_out|       pointer|
|buffer_c2_33_out_ap_vld                |  out|    1|      ap_vld|                             buffer_c2_33_out|       pointer|
|buffer_c2_32_out                       |  out|    8|      ap_vld|                             buffer_c2_32_out|       pointer|
|buffer_c2_32_out_ap_vld                |  out|    1|      ap_vld|                             buffer_c2_32_out|       pointer|
|buffer_c2_31_out                       |  out|    8|      ap_vld|                             buffer_c2_31_out|       pointer|
|buffer_c2_31_out_ap_vld                |  out|    1|      ap_vld|                             buffer_c2_31_out|       pointer|
|buffer_c2_30_out                       |  out|    8|      ap_vld|                             buffer_c2_30_out|       pointer|
|buffer_c2_30_out_ap_vld                |  out|    1|      ap_vld|                             buffer_c2_30_out|       pointer|
|buffer_c2_29_out                       |  out|    8|      ap_vld|                             buffer_c2_29_out|       pointer|
|buffer_c2_29_out_ap_vld                |  out|    1|      ap_vld|                             buffer_c2_29_out|       pointer|
|buffer_c2_28_out                       |  out|    8|      ap_vld|                             buffer_c2_28_out|       pointer|
|buffer_c2_28_out_ap_vld                |  out|    1|      ap_vld|                             buffer_c2_28_out|       pointer|
|buffer_c2_27_out                       |  out|    8|      ap_vld|                             buffer_c2_27_out|       pointer|
|buffer_c2_27_out_ap_vld                |  out|    1|      ap_vld|                             buffer_c2_27_out|       pointer|
|buffer_c2_26_out                       |  out|    8|      ap_vld|                             buffer_c2_26_out|       pointer|
|buffer_c2_26_out_ap_vld                |  out|    1|      ap_vld|                             buffer_c2_26_out|       pointer|
|buffer_c2_25_out                       |  out|    8|      ap_vld|                             buffer_c2_25_out|       pointer|
|buffer_c2_25_out_ap_vld                |  out|    1|      ap_vld|                             buffer_c2_25_out|       pointer|
|buffer_c2_24_out                       |  out|    8|      ap_vld|                             buffer_c2_24_out|       pointer|
|buffer_c2_24_out_ap_vld                |  out|    1|      ap_vld|                             buffer_c2_24_out|       pointer|
|buffer_c2_23_out                       |  out|    8|      ap_vld|                             buffer_c2_23_out|       pointer|
|buffer_c2_23_out_ap_vld                |  out|    1|      ap_vld|                             buffer_c2_23_out|       pointer|
|buffer_c2_22_out                       |  out|    8|      ap_vld|                             buffer_c2_22_out|       pointer|
|buffer_c2_22_out_ap_vld                |  out|    1|      ap_vld|                             buffer_c2_22_out|       pointer|
|buffer_c2_21_out                       |  out|    8|      ap_vld|                             buffer_c2_21_out|       pointer|
|buffer_c2_21_out_ap_vld                |  out|    1|      ap_vld|                             buffer_c2_21_out|       pointer|
|buffer_c2_20_out                       |  out|    8|      ap_vld|                             buffer_c2_20_out|       pointer|
|buffer_c2_20_out_ap_vld                |  out|    1|      ap_vld|                             buffer_c2_20_out|       pointer|
|buffer_c2_19_out                       |  out|    8|      ap_vld|                             buffer_c2_19_out|       pointer|
|buffer_c2_19_out_ap_vld                |  out|    1|      ap_vld|                             buffer_c2_19_out|       pointer|
|buffer_c2_18_out                       |  out|    8|      ap_vld|                             buffer_c2_18_out|       pointer|
|buffer_c2_18_out_ap_vld                |  out|    1|      ap_vld|                             buffer_c2_18_out|       pointer|
|buffer_c2_17_out                       |  out|    8|      ap_vld|                             buffer_c2_17_out|       pointer|
|buffer_c2_17_out_ap_vld                |  out|    1|      ap_vld|                             buffer_c2_17_out|       pointer|
|buffer_c2_16_out                       |  out|    8|      ap_vld|                             buffer_c2_16_out|       pointer|
|buffer_c2_16_out_ap_vld                |  out|    1|      ap_vld|                             buffer_c2_16_out|       pointer|
|buffer_c2_15_out                       |  out|    8|      ap_vld|                             buffer_c2_15_out|       pointer|
|buffer_c2_15_out_ap_vld                |  out|    1|      ap_vld|                             buffer_c2_15_out|       pointer|
|buffer_c2_14_out                       |  out|    8|      ap_vld|                             buffer_c2_14_out|       pointer|
|buffer_c2_14_out_ap_vld                |  out|    1|      ap_vld|                             buffer_c2_14_out|       pointer|
|buffer_c2_13_out                       |  out|    8|      ap_vld|                             buffer_c2_13_out|       pointer|
|buffer_c2_13_out_ap_vld                |  out|    1|      ap_vld|                             buffer_c2_13_out|       pointer|
|buffer_c2_12_out                       |  out|    8|      ap_vld|                             buffer_c2_12_out|       pointer|
|buffer_c2_12_out_ap_vld                |  out|    1|      ap_vld|                             buffer_c2_12_out|       pointer|
|buffer_c2_11_out                       |  out|    8|      ap_vld|                             buffer_c2_11_out|       pointer|
|buffer_c2_11_out_ap_vld                |  out|    1|      ap_vld|                             buffer_c2_11_out|       pointer|
|buffer_c2_10_out                       |  out|    8|      ap_vld|                             buffer_c2_10_out|       pointer|
|buffer_c2_10_out_ap_vld                |  out|    1|      ap_vld|                             buffer_c2_10_out|       pointer|
|buffer_c2_9_out                        |  out|    8|      ap_vld|                              buffer_c2_9_out|       pointer|
|buffer_c2_9_out_ap_vld                 |  out|    1|      ap_vld|                              buffer_c2_9_out|       pointer|
|buffer_c2_8_out                        |  out|    8|      ap_vld|                              buffer_c2_8_out|       pointer|
|buffer_c2_8_out_ap_vld                 |  out|    1|      ap_vld|                              buffer_c2_8_out|       pointer|
|buffer_c2_7_out                        |  out|    8|      ap_vld|                              buffer_c2_7_out|       pointer|
|buffer_c2_7_out_ap_vld                 |  out|    1|      ap_vld|                              buffer_c2_7_out|       pointer|
|buffer_c2_6_out                        |  out|    8|      ap_vld|                              buffer_c2_6_out|       pointer|
|buffer_c2_6_out_ap_vld                 |  out|    1|      ap_vld|                              buffer_c2_6_out|       pointer|
|buffer_c2_5_out                        |  out|    8|      ap_vld|                              buffer_c2_5_out|       pointer|
|buffer_c2_5_out_ap_vld                 |  out|    1|      ap_vld|                              buffer_c2_5_out|       pointer|
|buffer_c2_4_out                        |  out|    8|      ap_vld|                              buffer_c2_4_out|       pointer|
|buffer_c2_4_out_ap_vld                 |  out|    1|      ap_vld|                              buffer_c2_4_out|       pointer|
|buffer_c2_3_out                        |  out|    8|      ap_vld|                              buffer_c2_3_out|       pointer|
|buffer_c2_3_out_ap_vld                 |  out|    1|      ap_vld|                              buffer_c2_3_out|       pointer|
|buffer_c2_2_out                        |  out|    8|      ap_vld|                              buffer_c2_2_out|       pointer|
|buffer_c2_2_out_ap_vld                 |  out|    1|      ap_vld|                              buffer_c2_2_out|       pointer|
|buffer_c2_1_out                        |  out|    8|      ap_vld|                              buffer_c2_1_out|       pointer|
|buffer_c2_1_out_ap_vld                 |  out|    1|      ap_vld|                              buffer_c2_1_out|       pointer|
|buffer_c2_out                          |  out|    8|      ap_vld|                                buffer_c2_out|       pointer|
|buffer_c2_out_ap_vld                   |  out|    1|      ap_vld|                                buffer_c2_out|       pointer|
+---------------------------------------+-----+-----+------------+---------------------------------------------+--------------+

