

================================================================
== Vitis HLS Report for 'tiny_ecg_inference_Pipeline_VITIS_LOOP_61_2'
================================================================
* Date:           Fri Sep  4 10:06:43 2026

* Version:        2026.1 (Build 6493734 on Jun 16 2026)
* Project:        tiny_ecg_inference
* Solution:       hls (Vivado IP Flow Target)
* Product family: zynq
* Target device:  xc7z020-clg400-1


================================================================
== Performance Estimates
================================================================
+ Timing: 
    * Summary: 
    +--------+----------+----------+------------+
    |  Clock |  Target  | Estimated| Uncertainty|
    +--------+----------+----------+------------+
    |ap_clk  |  10.00 ns|  7.145 ns|     2.70 ns|
    +--------+----------+----------+------------+

+ Latency: 
    * Summary: 
    +---------+---------+----------+----------+-----+-----+-------------------+
    |  Latency (cycles) |  Latency (absolute) |  Interval |      Pipeline     |
    |   min   |   max   |    min   |    max   | min | max |        Type       |
    +---------+---------+----------+----------+-----+-----+-------------------+
    |       19|       19|  0.190 us|  0.190 us|    0|    0|  loop pipeline stp|
    +---------+---------+----------+----------+-----+-----+-------------------+

    + Detail: 
        * Instance: 
        N/A

        * Loop: 
        +-------------------+---------+---------+----------+-----------+-----------+------+----------+
        |                   |  Latency (cycles) | Iteration|  Initiation Interval  | Trip |          |
        |     Loop Name     |   min   |   max   |  Latency |  achieved |   target  | Count| Pipelined|
        +-------------------+---------+---------+----------+-----------+-----------+------+----------+
        |- VITIS_LOOP_61_2  |       17|       17|        11|          1|          1|     8|       yes|
        +-------------------+---------+---------+----------+-----------+-----------+------+----------+

============================================================
+ Verbose Summary: Synthesis Manager
============================================================
InlineROM: 1
ExposeGlobal: 0
============================================================
+ Verbose Summary: CDFG Model
============================================================
IsTopModel: 0
ResetActiveHigh: 1
IsCombinational: 0
IsDatapathOnly: 0
HasWiredReturn: 1
HasMFsm: 2
HasVarLatency: 1
IsPipeline: 0
IsRtlPipelined: 0
IsInstanceOverlapped: 0
IsDontTouch: 0
HasImplIP: 0
IsGatedGlobalClock: 0

+ Individual pipeline summary: 
  * Pipeline-0: initiation interval (II) = 1, depth = 11


============================================================
+ Verbose Summary: Schedule
============================================================
* Number of FSM states : 11
* Pipeline : 1
  Pipeline-0 : II = 1, D = 11, States = { 1 2 3 4 5 6 7 8 9 10 11 }
* Dataflow Pipeline: 0

* FSM state transitions: 
1 --> 2 
2 --> 3 
3 --> 4 
4 --> 5 
5 --> 6 
6 --> 7 
7 --> 8 
8 --> 9 
9 --> 10 
10 --> 11 
11 --> 

* FSM state operations: 

State 1 <SV = 0> <Delay = 4.91>
ST_1 : Operation 14 [1/1] (0.00ns)   --->   "%oc = alloca i32 1" [cnn_hls.cpp:61]   --->   Operation 14 'alloca' 'oc' <Predicate = true> <Delay = 0.00>
ST_1 : Operation 15 [1/1] (0.00ns)   --->   "%sext_ln71_5_read = read i8 @_ssdm_op_Read.ap_auto.i8, i8 %sext_ln71_5" [cnn_hls.cpp:69]   --->   Operation 15 'read' 'sext_ln71_5_read' <Predicate = true> <Delay = 0.00>
ST_1 : Operation 16 [1/1] (0.00ns)   --->   "%sext_ln71_4_read = read i8 @_ssdm_op_Read.ap_auto.i8, i8 %sext_ln71_4" [cnn_hls.cpp:69]   --->   Operation 16 'read' 'sext_ln71_4_read' <Predicate = true> <Delay = 0.00>
ST_1 : Operation 17 [1/1] (0.00ns)   --->   "%sext_ln71_3_read = read i8 @_ssdm_op_Read.ap_auto.i8, i8 %sext_ln71_3" [cnn_hls.cpp:69]   --->   Operation 17 'read' 'sext_ln71_3_read' <Predicate = true> <Delay = 0.00>
ST_1 : Operation 18 [1/1] (0.00ns)   --->   "%zext_ln60_1_read = read i4 @_ssdm_op_Read.ap_auto.i4, i4 %zext_ln60_1" [cnn_hls.cpp:69]   --->   Operation 18 'read' 'zext_ln60_1_read' <Predicate = true> <Delay = 0.00>
ST_1 : Operation 19 [1/1] (0.00ns)   --->   "%sext_ln71_1_read = read i9 @_ssdm_op_Read.ap_auto.i9, i9 %sext_ln71_1" [cnn_hls.cpp:69]   --->   Operation 19 'read' 'sext_ln71_1_read' <Predicate = true> <Delay = 0.00>
ST_1 : Operation 20 [1/1] (0.00ns)   --->   "%sext_ln77_read = read i9 @_ssdm_op_Read.ap_auto.i9, i9 %sext_ln77" [cnn_hls.cpp:69]   --->   Operation 20 'read' 'sext_ln77_read' <Predicate = true> <Delay = 0.00>
ST_1 : Operation 21 [1/1] (0.00ns)   --->   "%tmp = read i3 @_ssdm_op_Read.ap_auto.i3, i3 %empty" [cnn_hls.cpp:69]   --->   Operation 21 'read' 'tmp' <Predicate = true> <Delay = 0.00>
ST_1 : Operation 22 [1/1] (0.00ns)   --->   "%add_ln66_2_read = read i7 @_ssdm_op_Read.ap_auto.i7, i7 %add_ln66_2" [cnn_hls.cpp:69]   --->   Operation 22 'read' 'add_ln66_2_read' <Predicate = true> <Delay = 0.00>
ST_1 : Operation 23 [1/1] (0.00ns)   --->   "%add_ln66_1_read = read i8 @_ssdm_op_Read.ap_auto.i8, i8 %add_ln66_1" [cnn_hls.cpp:69]   --->   Operation 23 'read' 'add_ln66_1_read' <Predicate = true> <Delay = 0.00>
ST_1 : Operation 24 [1/1] (0.00ns)   --->   "%add_ln66_read = read i8 @_ssdm_op_Read.ap_auto.i8, i8 %add_ln66" [cnn_hls.cpp:69]   --->   Operation 24 'read' 'add_ln66_read' <Predicate = true> <Delay = 0.00>
ST_1 : Operation 25 [1/1] (0.00ns)   --->   "%sext_ln69 = sext i8 %sext_ln71_5_read" [cnn_hls.cpp:69]   --->   Operation 25 'sext' 'sext_ln69' <Predicate = true> <Delay = 0.00>
ST_1 : Operation 26 [1/1] (0.00ns)   --->   "%sext_ln69_1 = sext i8 %sext_ln71_4_read" [cnn_hls.cpp:69]   --->   Operation 26 'sext' 'sext_ln69_1' <Predicate = true> <Delay = 0.00>
ST_1 : Operation 27 [1/1] (0.00ns)   --->   "%sext_ln69_2 = sext i8 %sext_ln71_3_read" [cnn_hls.cpp:69]   --->   Operation 27 'sext' 'sext_ln69_2' <Predicate = true> <Delay = 0.00>
ST_1 : Operation 28 [1/1] (0.00ns)   --->   "%zext_ln69 = zext i4 %zext_ln60_1_read" [cnn_hls.cpp:69]   --->   Operation 28 'zext' 'zext_ln69' <Predicate = true> <Delay = 0.00>
ST_1 : Operation 29 [1/1] (0.00ns)   --->   "%sext_ln69_3 = sext i9 %sext_ln71_1_read" [cnn_hls.cpp:69]   --->   Operation 29 'sext' 'sext_ln69_3' <Predicate = true> <Delay = 0.00>
ST_1 : Operation 30 [1/1] (0.00ns)   --->   "%sext_ln69_4 = sext i9 %sext_ln77_read" [cnn_hls.cpp:69]   --->   Operation 30 'sext' 'sext_ln69_4' <Predicate = true> <Delay = 0.00>
ST_1 : Operation 31 [1/1] (1.91ns)   --->   "%icmp_ln69 = icmp_ult  i8 %add_ln66_read, i8 90" [cnn_hls.cpp:69]   --->   Operation 31 'icmp' 'icmp_ln69' <Predicate = true> <Delay = 1.91> <CoreInst = "Cmp">   --->   Core 9 'Cmp' <Latency = 0> <II = 1> <Delay = 1.91> <FuncUnit> <Opcode : 'seteq' 'setne' 'setle' 'setge' 'setlt' 'setgt'> <InPorts = 2> <OutPorts = 1>
ST_1 : Operation 32 [1/1] (1.91ns)   --->   "%icmp_ln69_1 = icmp_ult  i8 %add_ln66_1_read, i8 90" [cnn_hls.cpp:69]   --->   Operation 32 'icmp' 'icmp_ln69_1' <Predicate = true> <Delay = 1.91> <CoreInst = "Cmp">   --->   Core 9 'Cmp' <Latency = 0> <II = 1> <Delay = 1.91> <FuncUnit> <Opcode : 'seteq' 'setne' 'setle' 'setge' 'setlt' 'setgt'> <InPorts = 2> <OutPorts = 1>
ST_1 : Operation 33 [1/1] (1.87ns)   --->   "%icmp_ln69_2 = icmp_ult  i7 %add_ln66_2_read, i7 90" [cnn_hls.cpp:69]   --->   Operation 33 'icmp' 'icmp_ln69_2' <Predicate = true> <Delay = 1.87> <CoreInst = "Cmp">   --->   Core 9 'Cmp' <Latency = 0> <II = 1> <Delay = 1.87> <FuncUnit> <Opcode : 'seteq' 'setne' 'setle' 'setge' 'setlt' 'setgt'> <InPorts = 2> <OutPorts = 1>
ST_1 : Operation 34 [1/1] (1.58ns)   --->   "%store_ln61 = store i4 0, i4 %oc" [cnn_hls.cpp:61]   --->   Operation 34 'store' 'store_ln61' <Predicate = true> <Delay = 1.58>
ST_1 : Operation 35 [1/1] (0.00ns)   --->   "%br_ln0 = br void %VITIS_LOOP_65_3"   --->   Operation 35 'br' 'br_ln0' <Predicate = true> <Delay = 0.00>
ST_1 : Operation 36 [1/1] (0.00ns)   --->   "%oc_1 = load i4 %oc" [cnn_hls.cpp:61]   --->   Operation 36 'load' 'oc_1' <Predicate = true> <Delay = 0.00>
ST_1 : Operation 37 [1/1] (1.73ns)   --->   "%icmp_ln61 = icmp_eq  i4 %oc_1, i4 8" [cnn_hls.cpp:61]   --->   Operation 37 'icmp' 'icmp_ln61' <Predicate = true> <Delay = 1.73> <CoreInst = "Cmp">   --->   Core 9 'Cmp' <Latency = 0> <II = 1> <Delay = 1.73> <FuncUnit> <Opcode : 'seteq' 'setne' 'setle' 'setge' 'setlt' 'setgt'> <InPorts = 2> <OutPorts = 1>
ST_1 : Operation 38 [1/1] (1.73ns)   --->   "%add_ln61 = add i4 %oc_1, i4 1" [cnn_hls.cpp:61]   --->   Operation 38 'add' 'add_ln61' <Predicate = true> <Delay = 1.73> <CoreInst = "Adder">   --->   Core 1 'Adder' <Latency = 0> <II = 1> <Delay = 1.73> <FuncUnit> <Opcode : 'add' 'sub'> <InPorts = 2> <OutPorts = 1>
ST_1 : Operation 39 [1/1] (0.00ns)   --->   "%br_ln61 = br i1 %icmp_ln61, void %VITIS_LOOP_65_3.split, void %for.inc32.exitStub" [cnn_hls.cpp:61]   --->   Operation 39 'br' 'br_ln61' <Predicate = true> <Delay = 0.00>
ST_1 : Operation 40 [1/1] (0.00ns)   --->   "%trunc_ln61 = trunc i4 %oc_1" [cnn_hls.cpp:61]   --->   Operation 40 'trunc' 'trunc_ln61' <Predicate = (!icmp_ln61)> <Delay = 0.00>
ST_1 : Operation 41 [1/1] (1.58ns)   --->   "%br_ln69 = br i1 %icmp_ln69, void %for.inc, void %if.then" [cnn_hls.cpp:69]   --->   Operation 41 'br' 'br_ln69' <Predicate = (!icmp_ln61)> <Delay = 1.58>
ST_1 : Operation 42 [1/1] (1.58ns)   --->   "%br_ln69 = br i1 %icmp_ln69_1, void %for.inc.1, void %if.then.1" [cnn_hls.cpp:69]   --->   Operation 42 'br' 'br_ln69' <Predicate = (!icmp_ln61)> <Delay = 1.58>
ST_1 : Operation 43 [1/1] (1.58ns)   --->   "%br_ln69 = br i1 %icmp_ln69_2, void %for.inc.4, void %if.then.4" [cnn_hls.cpp:69]   --->   Operation 43 'br' 'br_ln69' <Predicate = (!icmp_ln61)> <Delay = 1.58>
ST_1 : Operation 44 [1/1] (1.65ns)   --->   "%switch_ln77 = switch i3 %trunc_ln61, void %arrayidx286.case.7, i3 0, void %arrayidx286.case.0, i3 1, void %arrayidx286.case.1, i3 2, void %arrayidx286.case.2, i3 3, void %arrayidx286.case.3, i3 4, void %arrayidx286.case.4, i3 5, void %arrayidx286.case.5, i3 6, void %arrayidx286.case.6" [cnn_hls.cpp:77]   --->   Operation 44 'switch' 'switch_ln77' <Predicate = (!icmp_ln61)> <Delay = 1.65>
ST_1 : Operation 45 [1/1] (1.65ns)   --->   "%switch_ln77 = switch i3 %tmp, void %arrayidx286_6.case.4, i3 0, void %arrayidx286_6.case.0, i3 1, void %arrayidx286_6.case.1, i3 2, void %arrayidx286_6.case.2, i3 3, void %arrayidx286_6.case.3" [cnn_hls.cpp:77]   --->   Operation 45 'switch' 'switch_ln77' <Predicate = (!icmp_ln61 & trunc_ln61 == 6)> <Delay = 1.65>
ST_1 : Operation 46 [1/1] (0.00ns)   --->   "%br_ln77 = br void %arrayidx286.exit" [cnn_hls.cpp:77]   --->   Operation 46 'br' 'br_ln77' <Predicate = (!icmp_ln61 & trunc_ln61 == 6)> <Delay = 0.00>
ST_1 : Operation 47 [1/1] (1.65ns)   --->   "%switch_ln77 = switch i3 %tmp, void %arrayidx286_5.case.4, i3 0, void %arrayidx286_5.case.0, i3 1, void %arrayidx286_5.case.1, i3 2, void %arrayidx286_5.case.2, i3 3, void %arrayidx286_5.case.3" [cnn_hls.cpp:77]   --->   Operation 47 'switch' 'switch_ln77' <Predicate = (!icmp_ln61 & trunc_ln61 == 5)> <Delay = 1.65>
ST_1 : Operation 48 [1/1] (0.00ns)   --->   "%br_ln77 = br void %arrayidx286.exit" [cnn_hls.cpp:77]   --->   Operation 48 'br' 'br_ln77' <Predicate = (!icmp_ln61 & trunc_ln61 == 5)> <Delay = 0.00>
ST_1 : Operation 49 [1/1] (1.65ns)   --->   "%switch_ln77 = switch i3 %tmp, void %arrayidx286_4.case.4, i3 0, void %arrayidx286_4.case.0, i3 1, void %arrayidx286_4.case.1, i3 2, void %arrayidx286_4.case.2, i3 3, void %arrayidx286_4.case.3" [cnn_hls.cpp:77]   --->   Operation 49 'switch' 'switch_ln77' <Predicate = (!icmp_ln61 & trunc_ln61 == 4)> <Delay = 1.65>
ST_1 : Operation 50 [1/1] (0.00ns)   --->   "%br_ln77 = br void %arrayidx286.exit" [cnn_hls.cpp:77]   --->   Operation 50 'br' 'br_ln77' <Predicate = (!icmp_ln61 & trunc_ln61 == 4)> <Delay = 0.00>
ST_1 : Operation 51 [1/1] (1.65ns)   --->   "%switch_ln77 = switch i3 %tmp, void %arrayidx286_3.case.4, i3 0, void %arrayidx286_3.case.0, i3 1, void %arrayidx286_3.case.1, i3 2, void %arrayidx286_3.case.2, i3 3, void %arrayidx286_3.case.3" [cnn_hls.cpp:77]   --->   Operation 51 'switch' 'switch_ln77' <Predicate = (!icmp_ln61 & trunc_ln61 == 3)> <Delay = 1.65>
ST_1 : Operation 52 [1/1] (0.00ns)   --->   "%br_ln77 = br void %arrayidx286.exit" [cnn_hls.cpp:77]   --->   Operation 52 'br' 'br_ln77' <Predicate = (!icmp_ln61 & trunc_ln61 == 3)> <Delay = 0.00>
ST_1 : Operation 53 [1/1] (1.65ns)   --->   "%switch_ln77 = switch i3 %tmp, void %arrayidx286_2.case.4, i3 0, void %arrayidx286_2.case.0, i3 1, void %arrayidx286_2.case.1, i3 2, void %arrayidx286_2.case.2, i3 3, void %arrayidx286_2.case.3" [cnn_hls.cpp:77]   --->   Operation 53 'switch' 'switch_ln77' <Predicate = (!icmp_ln61 & trunc_ln61 == 2)> <Delay = 1.65>
ST_1 : Operation 54 [1/1] (0.00ns)   --->   "%br_ln77 = br void %arrayidx286.exit" [cnn_hls.cpp:77]   --->   Operation 54 'br' 'br_ln77' <Predicate = (!icmp_ln61 & trunc_ln61 == 2)> <Delay = 0.00>
ST_1 : Operation 55 [1/1] (1.65ns)   --->   "%switch_ln77 = switch i3 %tmp, void %arrayidx286_1.case.4, i3 0, void %arrayidx286_1.case.0, i3 1, void %arrayidx286_1.case.1, i3 2, void %arrayidx286_1.case.2, i3 3, void %arrayidx286_1.case.3" [cnn_hls.cpp:77]   --->   Operation 55 'switch' 'switch_ln77' <Predicate = (!icmp_ln61 & trunc_ln61 == 1)> <Delay = 1.65>
ST_1 : Operation 56 [1/1] (0.00ns)   --->   "%br_ln77 = br void %arrayidx286.exit" [cnn_hls.cpp:77]   --->   Operation 56 'br' 'br_ln77' <Predicate = (!icmp_ln61 & trunc_ln61 == 1)> <Delay = 0.00>
ST_1 : Operation 57 [1/1] (1.65ns)   --->   "%switch_ln77 = switch i3 %tmp, void %arrayidx286_0.case.4, i3 0, void %arrayidx286_0.case.0, i3 1, void %arrayidx286_0.case.1, i3 2, void %arrayidx286_0.case.2, i3 3, void %arrayidx286_0.case.3" [cnn_hls.cpp:77]   --->   Operation 57 'switch' 'switch_ln77' <Predicate = (!icmp_ln61 & trunc_ln61 == 0)> <Delay = 1.65>
ST_1 : Operation 58 [1/1] (0.00ns)   --->   "%br_ln77 = br void %arrayidx286.exit" [cnn_hls.cpp:77]   --->   Operation 58 'br' 'br_ln77' <Predicate = (!icmp_ln61 & trunc_ln61 == 0)> <Delay = 0.00>
ST_1 : Operation 59 [1/1] (1.65ns)   --->   "%switch_ln77 = switch i3 %tmp, void %arrayidx286_7.case.4, i3 0, void %arrayidx286_7.case.0, i3 1, void %arrayidx286_7.case.1, i3 2, void %arrayidx286_7.case.2, i3 3, void %arrayidx286_7.case.3" [cnn_hls.cpp:77]   --->   Operation 59 'switch' 'switch_ln77' <Predicate = (!icmp_ln61 & trunc_ln61 == 7)> <Delay = 1.65>
ST_1 : Operation 60 [1/1] (0.00ns)   --->   "%br_ln77 = br void %arrayidx286.exit" [cnn_hls.cpp:77]   --->   Operation 60 'br' 'br_ln77' <Predicate = (!icmp_ln61 & trunc_ln61 == 7)> <Delay = 0.00>
ST_1 : Operation 61 [1/1] (1.58ns)   --->   "%store_ln61 = store i4 %add_ln61, i4 %oc" [cnn_hls.cpp:61]   --->   Operation 61 'store' 'store_ln61' <Predicate = (!icmp_ln61)> <Delay = 1.58>
ST_1 : Operation 62 [1/1] (0.00ns)   --->   "%br_ln61 = br void %VITIS_LOOP_65_3" [cnn_hls.cpp:61]   --->   Operation 62 'br' 'br_ln61' <Predicate = (!icmp_ln61)> <Delay = 0.00>

State 2 <SV = 1> <Delay = 5.97>
ST_2 : Operation 63 [1/1] (0.00ns)   --->   "%zext_ln61_1 = zext i4 %oc_1" [cnn_hls.cpp:61]   --->   Operation 63 'zext' 'zext_ln61_1' <Predicate = (!icmp_ln61)> <Delay = 0.00>
ST_2 : Operation 64 [1/1] (0.00ns)   --->   "%p_shl = bitconcatenate i6 @_ssdm_op_BitConcatenate.i6.i4.i2, i4 %oc_1, i2 0" [cnn_hls.cpp:69]   --->   Operation 64 'bitconcatenate' 'p_shl' <Predicate = (!icmp_ln61)> <Delay = 0.00>
ST_2 : Operation 65 [1/1] (1.82ns)   --->   "%add_ln69 = add i6 %p_shl, i6 %zext_ln61_1" [cnn_hls.cpp:69]   --->   Operation 65 'add' 'add_ln69' <Predicate = (!icmp_ln61)> <Delay = 1.82> <CoreInst = "Adder">   --->   Core 1 'Adder' <Latency = 0> <II = 1> <Delay = 1.82> <FuncUnit> <Opcode : 'add' 'sub'> <InPorts = 2> <OutPorts = 1>
ST_2 : Operation 66 [1/1] (1.58ns)   --->   "%br_ln72 = br void %for.inc.4" [cnn_hls.cpp:72]   --->   Operation 66 'br' 'br_ln72' <Predicate = (!icmp_ln61 & icmp_ln69_2)> <Delay = 1.58>
ST_2 : Operation 67 [1/1] (1.82ns)   --->   "%add_ln74_3 = add i6 %add_ln69, i6 4" [cnn_hls.cpp:74]   --->   Operation 67 'add' 'add_ln74_3' <Predicate = true> <Delay = 1.82> <CoreInst = "Adder">   --->   Core 1 'Adder' <Latency = 0> <II = 1> <Delay = 1.82> <FuncUnit> <Opcode : 'add' 'sub'> <InPorts = 2> <OutPorts = 1>
ST_2 : Operation 68 [1/1] (0.00ns)   --->   "%zext_ln74_3 = zext i6 %add_ln74_3" [cnn_hls.cpp:74]   --->   Operation 68 'zext' 'zext_ln74_3' <Predicate = true> <Delay = 0.00>
ST_2 : Operation 69 [1/1] (0.00ns)   --->   "%conv1_weight_addr_4 = getelementptr i8 %conv1_weight, i64 0, i64 %zext_ln74_3" [cnn_hls.cpp:74]   --->   Operation 69 'getelementptr' 'conv1_weight_addr_4' <Predicate = true> <Delay = 0.00>
ST_2 : Operation 70 [2/2] (2.32ns)   --->   "%conv1_weight_load_4 = load i6 %conv1_weight_addr_4" [cnn_hls.cpp:74]   --->   Operation 70 'load' 'conv1_weight_load_4' <Predicate = true> <Delay = 2.32> <CoreInst = "ROM">   --->   Core 94 'ROM' <Latency = 1> <II = 1> <Delay = 2.32> <Storage> <Opcode : 'load'> <Ports = 0> <Width = 8> <Depth = 40> <ROM>

State 3 <SV = 2> <Delay = 4.14>
ST_3 : Operation 71 [1/1] (1.82ns)   --->   "%add_ln74_2 = add i6 %add_ln69, i6 3" [cnn_hls.cpp:74]   --->   Operation 71 'add' 'add_ln74_2' <Predicate = (!icmp_ln61)> <Delay = 1.82> <CoreInst = "Adder">   --->   Core 1 'Adder' <Latency = 0> <II = 1> <Delay = 1.82> <FuncUnit> <Opcode : 'add' 'sub'> <InPorts = 2> <OutPorts = 1>
ST_3 : Operation 72 [1/1] (0.00ns)   --->   "%zext_ln74_2 = zext i6 %add_ln74_2" [cnn_hls.cpp:74]   --->   Operation 72 'zext' 'zext_ln74_2' <Predicate = (!icmp_ln61)> <Delay = 0.00>
ST_3 : Operation 73 [1/1] (0.00ns)   --->   "%conv1_weight_addr_3 = getelementptr i8 %conv1_weight, i64 0, i64 %zext_ln74_2" [cnn_hls.cpp:74]   --->   Operation 73 'getelementptr' 'conv1_weight_addr_3' <Predicate = (!icmp_ln61)> <Delay = 0.00>
ST_3 : Operation 74 [2/2] (2.32ns)   --->   "%conv1_weight_load_3 = load i6 %conv1_weight_addr_3" [cnn_hls.cpp:74]   --->   Operation 74 'load' 'conv1_weight_load_3' <Predicate = (!icmp_ln61)> <Delay = 2.32> <CoreInst = "ROM">   --->   Core 94 'ROM' <Latency = 1> <II = 1> <Delay = 2.32> <Storage> <Opcode : 'load'> <Ports = 0> <Width = 8> <Depth = 40> <ROM>
ST_3 : Operation 75 [1/1] (1.91ns)   --->   "%x_45 = add i9 %sext_ln69, i9 408" [cnn_hls.cpp:71]   --->   Operation 75 'add' 'x_45' <Predicate = (!icmp_ln61 & icmp_ln69_2)> <Delay = 1.91> <CoreInst = "Adder">   --->   Core 1 'Adder' <Latency = 0> <II = 1> <Delay = 1.91> <FuncUnit> <Opcode : 'add' 'sub'> <InPorts = 2> <OutPorts = 1>
ST_3 : Operation 76 [1/1] (0.00ns)   --->   "%x_15 = phi i9 %x_45, void %if.then.4, i9 0, void %for.inc.1"   --->   Operation 76 'phi' 'x_15' <Predicate = true> <Delay = 0.00>
ST_3 : Operation 77 [1/1] (0.00ns)   --->   "%sext_ln67_4 = sext i9 %x_15" [cnn_hls.cpp:67]   --->   Operation 77 'sext' 'sext_ln67_4' <Predicate = true> <Delay = 0.00>
ST_3 : Operation 78 [1/2] ( I:2.32ns O:2.32ns )   --->   "%conv1_weight_load_4 = load i6 %conv1_weight_addr_4" [cnn_hls.cpp:74]   --->   Operation 78 'load' 'conv1_weight_load_4' <Predicate = true> <Delay = 2.32> <CoreInst = "ROM">   --->   Core 94 'ROM' <Latency = 1> <II = 1> <Delay = 2.32> <Storage> <Opcode : 'load'> <Ports = 0> <Width = 8> <Depth = 40> <ROM>
ST_3 : Operation 79 [1/1] (0.00ns)   --->   "%sext_ln74_3 = sext i8 %conv1_weight_load_4" [cnn_hls.cpp:74]   --->   Operation 79 'sext' 'sext_ln74_3' <Predicate = true> <Delay = 0.00>
ST_3 : Operation 80 [3/3] (1.05ns) (grouped into DSP with root node add_ln74_6)   --->   "%mul_ln74_4 = mul i17 %sext_ln67_4, i17 %sext_ln74_3" [cnn_hls.cpp:74]   --->   Operation 80 'mul' 'mul_ln74_4' <Predicate = true> <Delay = 1.05> <CoreInst = "DSP48">   --->   Core 116 'DSP48' <Latency = 3> <II = 1> <Delay = 2.15> <IPBlock> <Opcode : 'add' 'sub' 'mul' 'select'> <InPorts = 0> <OutPorts = 1> <Sync> <CReg>

State 4 <SV = 3> <Delay = 4.14>
ST_4 : Operation 81 [1/1] (0.00ns)   --->   "%zext_ln61 = zext i4 %oc_1" [cnn_hls.cpp:61]   --->   Operation 81 'zext' 'zext_ln61' <Predicate = (!icmp_ln61)> <Delay = 0.00>
ST_4 : Operation 82 [1/1] (0.00ns)   --->   "%conv1_bias_addr = getelementptr i13 %conv1_bias, i64 0, i64 %zext_ln61" [cnn_hls.cpp:63]   --->   Operation 82 'getelementptr' 'conv1_bias_addr' <Predicate = (!icmp_ln61)> <Delay = 0.00>
ST_4 : Operation 83 [2/2] (2.32ns)   --->   "%acc = load i3 %conv1_bias_addr" [cnn_hls.cpp:63]   --->   Operation 83 'load' 'acc' <Predicate = (!icmp_ln61)> <Delay = 2.32> <CoreInst = "ROM">   --->   Core 94 'ROM' <Latency = 1> <II = 1> <Delay = 2.32> <Storage> <Opcode : 'load'> <Ports = 0> <Width = 13> <Depth = 8> <ROM>
ST_4 : Operation 84 [1/1] (0.00ns)   --->   "%zext_ln69_1 = zext i6 %add_ln69" [cnn_hls.cpp:69]   --->   Operation 84 'zext' 'zext_ln69_1' <Predicate = (!icmp_ln61)> <Delay = 0.00>
ST_4 : Operation 85 [1/1] (1.91ns)   --->   "%x = add i9 %sext_ln69_2, i9 408" [cnn_hls.cpp:71]   --->   Operation 85 'add' 'x' <Predicate = (!icmp_ln61 & icmp_ln69)> <Delay = 1.91> <CoreInst = "Adder">   --->   Core 1 'Adder' <Latency = 0> <II = 1> <Delay = 1.91> <FuncUnit> <Opcode : 'add' 'sub'> <InPorts = 2> <OutPorts = 1>
ST_4 : Operation 86 [1/1] (1.58ns)   --->   "%br_ln72 = br void %for.inc" [cnn_hls.cpp:72]   --->   Operation 86 'br' 'br_ln72' <Predicate = (!icmp_ln61 & icmp_ln69)> <Delay = 1.58>
ST_4 : Operation 87 [1/1] (0.00ns)   --->   "%conv1_weight_addr = getelementptr i8 %conv1_weight, i64 0, i64 %zext_ln69_1" [cnn_hls.cpp:74]   --->   Operation 87 'getelementptr' 'conv1_weight_addr' <Predicate = (!icmp_ln61)> <Delay = 0.00>
ST_4 : Operation 88 [2/2] (2.32ns)   --->   "%conv1_weight_load = load i6 %conv1_weight_addr" [cnn_hls.cpp:74]   --->   Operation 88 'load' 'conv1_weight_load' <Predicate = (!icmp_ln61)> <Delay = 2.32> <CoreInst = "ROM">   --->   Core 94 'ROM' <Latency = 1> <II = 1> <Delay = 2.32> <Storage> <Opcode : 'load'> <Ports = 0> <Width = 8> <Depth = 40> <ROM>
ST_4 : Operation 89 [1/1] (1.91ns)   --->   "%x_44 = add i9 %sext_ln69_1, i9 408" [cnn_hls.cpp:71]   --->   Operation 89 'add' 'x_44' <Predicate = (!icmp_ln61 & icmp_ln69_1)> <Delay = 1.91> <CoreInst = "Adder">   --->   Core 1 'Adder' <Latency = 0> <II = 1> <Delay = 1.91> <FuncUnit> <Opcode : 'add' 'sub'> <InPorts = 2> <OutPorts = 1>
ST_4 : Operation 90 [1/1] (1.58ns)   --->   "%br_ln72 = br void %for.inc.1" [cnn_hls.cpp:72]   --->   Operation 90 'br' 'br_ln72' <Predicate = (!icmp_ln61 & icmp_ln69_1)> <Delay = 1.58>
ST_4 : Operation 91 [1/1] (1.82ns)   --->   "%add_ln74 = add i6 %add_ln69, i6 1" [cnn_hls.cpp:74]   --->   Operation 91 'add' 'add_ln74' <Predicate = (!icmp_ln61)> <Delay = 1.82> <CoreInst = "Adder">   --->   Core 1 'Adder' <Latency = 0> <II = 1> <Delay = 1.82> <FuncUnit> <Opcode : 'add' 'sub'> <InPorts = 2> <OutPorts = 1>
ST_4 : Operation 92 [1/1] (0.00ns)   --->   "%zext_ln74 = zext i6 %add_ln74" [cnn_hls.cpp:74]   --->   Operation 92 'zext' 'zext_ln74' <Predicate = (!icmp_ln61)> <Delay = 0.00>
ST_4 : Operation 93 [1/1] (0.00ns)   --->   "%conv1_weight_addr_1 = getelementptr i8 %conv1_weight, i64 0, i64 %zext_ln74" [cnn_hls.cpp:74]   --->   Operation 93 'getelementptr' 'conv1_weight_addr_1' <Predicate = (!icmp_ln61)> <Delay = 0.00>
ST_4 : Operation 94 [2/2] (2.32ns)   --->   "%conv1_weight_load_1 = load i6 %conv1_weight_addr_1" [cnn_hls.cpp:74]   --->   Operation 94 'load' 'conv1_weight_load_1' <Predicate = (!icmp_ln61)> <Delay = 2.32> <CoreInst = "ROM">   --->   Core 94 'ROM' <Latency = 1> <II = 1> <Delay = 2.32> <Storage> <Opcode : 'load'> <Ports = 0> <Width = 8> <Depth = 40> <ROM>
ST_4 : Operation 95 [1/1] (1.82ns)   --->   "%add_ln74_1 = add i6 %add_ln69, i6 2" [cnn_hls.cpp:74]   --->   Operation 95 'add' 'add_ln74_1' <Predicate = (!icmp_ln61)> <Delay = 1.82> <CoreInst = "Adder">   --->   Core 1 'Adder' <Latency = 0> <II = 1> <Delay = 1.82> <FuncUnit> <Opcode : 'add' 'sub'> <InPorts = 2> <OutPorts = 1>
ST_4 : Operation 96 [1/1] (0.00ns)   --->   "%zext_ln74_1 = zext i6 %add_ln74_1" [cnn_hls.cpp:74]   --->   Operation 96 'zext' 'zext_ln74_1' <Predicate = (!icmp_ln61)> <Delay = 0.00>
ST_4 : Operation 97 [1/1] (0.00ns)   --->   "%conv1_weight_addr_2 = getelementptr i8 %conv1_weight, i64 0, i64 %zext_ln74_1" [cnn_hls.cpp:74]   --->   Operation 97 'getelementptr' 'conv1_weight_addr_2' <Predicate = (!icmp_ln61)> <Delay = 0.00>
ST_4 : Operation 98 [2/2] (2.32ns)   --->   "%conv1_weight_load_2 = load i6 %conv1_weight_addr_2" [cnn_hls.cpp:74]   --->   Operation 98 'load' 'conv1_weight_load_2' <Predicate = (!icmp_ln61)> <Delay = 2.32> <CoreInst = "ROM">   --->   Core 94 'ROM' <Latency = 1> <II = 1> <Delay = 2.32> <Storage> <Opcode : 'load'> <Ports = 0> <Width = 8> <Depth = 40> <ROM>
ST_4 : Operation 99 [1/2] ( I:2.32ns O:2.32ns )   --->   "%conv1_weight_load_3 = load i6 %conv1_weight_addr_3" [cnn_hls.cpp:74]   --->   Operation 99 'load' 'conv1_weight_load_3' <Predicate = (!icmp_ln61)> <Delay = 2.32> <CoreInst = "ROM">   --->   Core 94 'ROM' <Latency = 1> <II = 1> <Delay = 2.32> <Storage> <Opcode : 'load'> <Ports = 0> <Width = 8> <Depth = 40> <ROM>
ST_4 : Operation 100 [2/3] (1.05ns) (grouped into DSP with root node add_ln74_6)   --->   "%mul_ln74_4 = mul i17 %sext_ln67_4, i17 %sext_ln74_3" [cnn_hls.cpp:74]   --->   Operation 100 'mul' 'mul_ln74_4' <Predicate = true> <Delay = 1.05> <CoreInst = "DSP48">   --->   Core 116 'DSP48' <Latency = 3> <II = 1> <Delay = 2.15> <IPBlock> <Opcode : 'add' 'sub' 'mul' 'select'> <InPorts = 0> <OutPorts = 1> <Sync> <CReg>
ST_4 : Operation 101 [1/1] (0.00ns)   --->   "%conv1_multiplier_addr = getelementptr i30 %conv1_multiplier, i64 0, i64 %zext_ln61" [cnn_hls.cpp:77]   --->   Operation 101 'getelementptr' 'conv1_multiplier_addr' <Predicate = true> <Delay = 0.00>
ST_4 : Operation 102 [2/2] (2.32ns)   --->   "%conv1_multiplier_load = load i3 %conv1_multiplier_addr" [cnn_hls.cpp:77]   --->   Operation 102 'load' 'conv1_multiplier_load' <Predicate = true> <Delay = 2.32> <CoreInst = "ROM">   --->   Core 94 'ROM' <Latency = 1> <II = 1> <Delay = 2.32> <Storage> <Opcode : 'load'> <Ports = 0> <Width = 30> <Depth = 8> <ROM>
ST_4 : Operation 103 [1/1] (0.00ns)   --->   "%conv1_shift_addr = getelementptr i6 %conv1_shift, i64 0, i64 %zext_ln61" [cnn_hls.cpp:77]   --->   Operation 103 'getelementptr' 'conv1_shift_addr' <Predicate = true> <Delay = 0.00>
ST_4 : Operation 104 [2/2] (2.32ns)   --->   "%conv1_shift_load = load i3 %conv1_shift_addr" [cnn_hls.cpp:77]   --->   Operation 104 'load' 'conv1_shift_load' <Predicate = true> <Delay = 2.32> <CoreInst = "ROM">   --->   Core 94 'ROM' <Latency = 1> <II = 1> <Delay = 2.32> <Storage> <Opcode : 'load'> <Ports = 0> <Width = 6> <Depth = 8> <ROM>

State 5 <SV = 4> <Delay = 6.67>
ST_5 : Operation 105 [1/2] ( I:2.32ns O:2.32ns )   --->   "%acc = load i3 %conv1_bias_addr" [cnn_hls.cpp:63]   --->   Operation 105 'load' 'acc' <Predicate = (!icmp_ln61)> <Delay = 2.32> <CoreInst = "ROM">   --->   Core 94 'ROM' <Latency = 1> <II = 1> <Delay = 2.32> <Storage> <Opcode : 'load'> <Ports = 0> <Width = 13> <Depth = 8> <ROM>
ST_5 : Operation 106 [1/1] (0.00ns)   --->   "%x_1 = phi i9 %x, void %if.then, i9 0, void %VITIS_LOOP_65_3.split"   --->   Operation 106 'phi' 'x_1' <Predicate = (!icmp_ln61)> <Delay = 0.00>
ST_5 : Operation 107 [1/1] (0.00ns)   --->   "%sext_ln67 = sext i9 %x_1" [cnn_hls.cpp:67]   --->   Operation 107 'sext' 'sext_ln67' <Predicate = (!icmp_ln61)> <Delay = 0.00>
ST_5 : Operation 108 [1/2] ( I:2.32ns O:2.32ns )   --->   "%conv1_weight_load = load i6 %conv1_weight_addr" [cnn_hls.cpp:74]   --->   Operation 108 'load' 'conv1_weight_load' <Predicate = (!icmp_ln61)> <Delay = 2.32> <CoreInst = "ROM">   --->   Core 94 'ROM' <Latency = 1> <II = 1> <Delay = 2.32> <Storage> <Opcode : 'load'> <Ports = 0> <Width = 8> <Depth = 40> <ROM>
ST_5 : Operation 109 [1/1] (0.00ns)   --->   "%sext_ln74 = sext i8 %conv1_weight_load" [cnn_hls.cpp:74]   --->   Operation 109 'sext' 'sext_ln74' <Predicate = (!icmp_ln61)> <Delay = 0.00>
ST_5 : Operation 110 [1/1] (4.35ns)   --->   "%mul_ln74 = mul i17 %sext_ln67, i17 %sext_ln74" [cnn_hls.cpp:74]   --->   Operation 110 'mul' 'mul_ln74' <Predicate = (!icmp_ln61)> <Delay = 4.35> <CoreInst = "Multiplier">   --->   Core 3 'Multiplier' <Latency = 0> <II = 1> <Delay = 4.35> <FuncUnit> <Opcode : 'mul'> <InPorts = 2> <OutPorts = 1>
ST_5 : Operation 111 [1/1] (0.00ns)   --->   "%x_3 = phi i9 %x_44, void %if.then.1, i9 0, void %for.inc"   --->   Operation 111 'phi' 'x_3' <Predicate = (!icmp_ln61)> <Delay = 0.00>
ST_5 : Operation 112 [1/1] (0.00ns)   --->   "%sext_ln67_1 = sext i9 %x_3" [cnn_hls.cpp:67]   --->   Operation 112 'sext' 'sext_ln67_1' <Predicate = (!icmp_ln61)> <Delay = 0.00>
ST_5 : Operation 113 [1/2] ( I:2.32ns O:2.32ns )   --->   "%conv1_weight_load_1 = load i6 %conv1_weight_addr_1" [cnn_hls.cpp:74]   --->   Operation 113 'load' 'conv1_weight_load_1' <Predicate = (!icmp_ln61)> <Delay = 2.32> <CoreInst = "ROM">   --->   Core 94 'ROM' <Latency = 1> <II = 1> <Delay = 2.32> <Storage> <Opcode : 'load'> <Ports = 0> <Width = 8> <Depth = 40> <ROM>
ST_5 : Operation 114 [1/1] (0.00ns)   --->   "%sext_ln67_2 = sext i8 %conv1_weight_load_1" [cnn_hls.cpp:67]   --->   Operation 114 'sext' 'sext_ln67_2' <Predicate = (!icmp_ln61)> <Delay = 0.00>
ST_5 : Operation 115 [1/2] ( I:2.32ns O:2.32ns )   --->   "%conv1_weight_load_2 = load i6 %conv1_weight_addr_2" [cnn_hls.cpp:74]   --->   Operation 115 'load' 'conv1_weight_load_2' <Predicate = (!icmp_ln61)> <Delay = 2.32> <CoreInst = "ROM">   --->   Core 94 'ROM' <Latency = 1> <II = 1> <Delay = 2.32> <Storage> <Opcode : 'load'> <Ports = 0> <Width = 8> <Depth = 40> <ROM>
ST_5 : Operation 116 [1/1] (0.00ns)   --->   "%sext_ln67_3 = sext i8 %conv1_weight_load_2" [cnn_hls.cpp:67]   --->   Operation 116 'sext' 'sext_ln67_3' <Predicate = (!icmp_ln61)> <Delay = 0.00>
ST_5 : Operation 117 [1/1] (0.00ns)   --->   "%sext_ln74_1 = sext i8 %conv1_weight_load_3" [cnn_hls.cpp:74]   --->   Operation 117 'sext' 'sext_ln74_1' <Predicate = (!icmp_ln61)> <Delay = 0.00>
ST_5 : Operation 118 [1/1] (4.35ns)   --->   "%mul_ln74_1 = mul i17 %sext_ln69_4, i17 %sext_ln74_1" [cnn_hls.cpp:74]   --->   Operation 118 'mul' 'mul_ln74_1' <Predicate = (!icmp_ln61)> <Delay = 4.35> <CoreInst = "Multiplier">   --->   Core 3 'Multiplier' <Latency = 0> <II = 1> <Delay = 4.35> <FuncUnit> <Opcode : 'mul'> <InPorts = 2> <OutPorts = 1>
ST_5 : Operation 119 [1/1] (4.35ns)   --->   "%mul_ln74_2 = mul i17 %sext_ln69_3, i17 %sext_ln67_3" [cnn_hls.cpp:74]   --->   Operation 119 'mul' 'mul_ln74_2' <Predicate = (!icmp_ln61)> <Delay = 4.35> <CoreInst = "Multiplier">   --->   Core 3 'Multiplier' <Latency = 0> <II = 1> <Delay = 4.35> <FuncUnit> <Opcode : 'mul'> <InPorts = 2> <OutPorts = 1>
ST_5 : Operation 120 [1/1] (4.35ns)   --->   "%mul_ln74_3 = mul i17 %sext_ln67_1, i17 %sext_ln67_2" [cnn_hls.cpp:74]   --->   Operation 120 'mul' 'mul_ln74_3' <Predicate = (!icmp_ln61)> <Delay = 4.35> <CoreInst = "Multiplier">   --->   Core 3 'Multiplier' <Latency = 0> <II = 1> <Delay = 4.35> <FuncUnit> <Opcode : 'mul'> <InPorts = 2> <OutPorts = 1>
ST_5 : Operation 121 [1/3] (0.00ns) (grouped into DSP with root node add_ln74_6)   --->   "%mul_ln74_4 = mul i17 %sext_ln67_4, i17 %sext_ln74_3" [cnn_hls.cpp:74]   --->   Operation 121 'mul' 'mul_ln74_4' <Predicate = true> <Delay = 0.00> <CoreInst = "DSP48">   --->   Core 116 'DSP48' <Latency = 3> <II = 1> <Delay = 2.15> <IPBlock> <Opcode : 'add' 'sub' 'mul' 'select'> <InPorts = 0> <OutPorts = 1> <Sync> <CReg>
ST_5 : Operation 122 [2/2] (2.10ns) (root node of the DSP)   --->   "%add_ln74_6 = add i17 %mul_ln74_1, i17 %mul_ln74_4" [cnn_hls.cpp:74]   --->   Operation 122 'add' 'add_ln74_6' <Predicate = true> <Delay = 2.10> <CoreInst = "DSP48">   --->   Core 116 'DSP48' <Latency = 3> <II = 1> <Delay = 2.15> <IPBlock> <Opcode : 'add' 'sub' 'mul' 'select'> <InPorts = 0> <OutPorts = 1> <Sync> <CReg>
ST_5 : Operation 123 [1/2] ( I:2.32ns O:2.32ns )   --->   "%conv1_multiplier_load = load i3 %conv1_multiplier_addr" [cnn_hls.cpp:77]   --->   Operation 123 'load' 'conv1_multiplier_load' <Predicate = true> <Delay = 2.32> <CoreInst = "ROM">   --->   Core 94 'ROM' <Latency = 1> <II = 1> <Delay = 2.32> <Storage> <Opcode : 'load'> <Ports = 0> <Width = 30> <Depth = 8> <ROM>
ST_5 : Operation 124 [1/2] ( I:2.32ns O:2.32ns )   --->   "%conv1_shift_load = load i3 %conv1_shift_addr" [cnn_hls.cpp:77]   --->   Operation 124 'load' 'conv1_shift_load' <Predicate = true> <Delay = 2.32> <CoreInst = "ROM">   --->   Core 94 'ROM' <Latency = 1> <II = 1> <Delay = 2.32> <Storage> <Opcode : 'load'> <Ports = 0> <Width = 6> <Depth = 8> <ROM>

State 6 <SV = 5> <Delay = 6.34>
ST_6 : Operation 125 [1/1] (0.00ns)   --->   "%sext_ln63 = sext i13 %acc" [cnn_hls.cpp:63]   --->   Operation 125 'sext' 'sext_ln63' <Predicate = (!icmp_ln61)> <Delay = 0.00>
ST_6 : Operation 126 [1/1] (0.00ns)   --->   "%sext_ln74_2 = sext i17 %mul_ln74_2" [cnn_hls.cpp:74]   --->   Operation 126 'sext' 'sext_ln74_2' <Predicate = (!icmp_ln61)> <Delay = 0.00>
ST_6 : Operation 127 [1/1] (0.00ns) (grouped into TernaryAdder)   --->   "%add_ln74_4 = add i17 %mul_ln74, i17 %mul_ln74_3" [cnn_hls.cpp:74]   --->   Operation 127 'add' 'add_ln74_4' <Predicate = true> <Delay = 0.00> <CoreInst = "TAddSub">   --->   Core 10 'TAddSub' <Latency = 0> <II = 1> <Delay = 1.96> <IPBlock> <Opcode : 'add' 'sub'> <InPorts = 3> <OutPorts = 1> <Sync> <CReg>
ST_6 : Operation 128 [1/1] (3.93ns) (root node of TernaryAdder)   --->   "%add_ln74_5 = add i17 %add_ln74_4, i17 %sext_ln63" [cnn_hls.cpp:74]   --->   Operation 128 'add' 'add_ln74_5' <Predicate = true> <Delay = 3.93> <CoreInst = "TAddSub">   --->   Core 10 'TAddSub' <Latency = 0> <II = 1> <Delay = 1.96> <IPBlock> <Opcode : 'add' 'sub'> <InPorts = 3> <OutPorts = 1> <Sync> <CReg>
ST_6 : Operation 129 [1/1] (0.00ns)   --->   "%sext_ln74_4 = sext i17 %add_ln74_5" [cnn_hls.cpp:74]   --->   Operation 129 'sext' 'sext_ln74_4' <Predicate = true> <Delay = 0.00>
ST_6 : Operation 130 [1/2] (2.10ns) (root node of the DSP)   --->   "%add_ln74_6 = add i17 %mul_ln74_1, i17 %mul_ln74_4" [cnn_hls.cpp:74]   --->   Operation 130 'add' 'add_ln74_6' <Predicate = true> <Delay = 2.10> <CoreInst = "DSP48">   --->   Core 116 'DSP48' <Latency = 3> <II = 1> <Delay = 2.15> <IPBlock> <Opcode : 'add' 'sub' 'mul' 'select'> <InPorts = 0> <OutPorts = 1> <Sync> <CReg>
ST_6 : Operation 131 [1/1] (0.00ns)   --->   "%sext_ln74_5 = sext i17 %add_ln74_6" [cnn_hls.cpp:74]   --->   Operation 131 'sext' 'sext_ln74_5' <Predicate = true> <Delay = 0.00>
ST_6 : Operation 132 [1/1] (2.10ns)   --->   "%add_ln74_7 = add i18 %sext_ln74_5, i18 %sext_ln74_2" [cnn_hls.cpp:74]   --->   Operation 132 'add' 'add_ln74_7' <Predicate = true> <Delay = 2.10> <CoreInst = "Adder">   --->   Core 1 'Adder' <Latency = 0> <II = 1> <Delay = 2.10> <FuncUnit> <Opcode : 'add' 'sub'> <InPorts = 2> <OutPorts = 1>
ST_6 : Operation 133 [1/1] (0.00ns)   --->   "%sext_ln74_6 = sext i18 %add_ln74_7" [cnn_hls.cpp:74]   --->   Operation 133 'sext' 'sext_ln74_6' <Predicate = true> <Delay = 0.00>
ST_6 : Operation 134 [1/1] (2.13ns)   --->   "%acc_2 = add i19 %sext_ln74_6, i19 %sext_ln74_4" [cnn_hls.cpp:74]   --->   Operation 134 'add' 'acc_2' <Predicate = true> <Delay = 2.13> <CoreInst = "Adder">   --->   Core 1 'Adder' <Latency = 0> <II = 1> <Delay = 2.13> <FuncUnit> <Opcode : 'add' 'sub'> <InPorts = 2> <OutPorts = 1>

State 7 <SV = 6> <Delay = 6.91>
ST_7 : Operation 135 [1/1] (0.00ns)   --->   "%sext_ln6 = sext i19 %acc_2" [cnn_hls.cpp:6->cnn_hls.cpp:77]   --->   Operation 135 'sext' 'sext_ln6' <Predicate = true> <Delay = 0.00>
ST_7 : Operation 136 [1/1] (0.00ns)   --->   "%zext_ln6 = zext i30 %conv1_multiplier_load" [cnn_hls.cpp:6->cnn_hls.cpp:77]   --->   Operation 136 'zext' 'zext_ln6' <Predicate = true> <Delay = 0.00>
ST_7 : Operation 137 [2/2] (6.91ns)   --->   "%acc64 = mul i49 %sext_ln6, i49 %zext_ln6" [cnn_hls.cpp:6->cnn_hls.cpp:77]   --->   Operation 137 'mul' 'acc64' <Predicate = true> <Delay = 6.91> <CoreInst = "Multiplier">   --->   Core 3 'Multiplier' <Latency = 1> <II = 1> <Delay = 6.91> <FuncUnit> <Opcode : 'mul'> <InPorts = 2> <OutPorts = 1>

State 8 <SV = 7> <Delay = 6.91>
ST_8 : Operation 138 [1/2] (6.91ns)   --->   "%acc64 = mul i49 %sext_ln6, i49 %zext_ln6" [cnn_hls.cpp:6->cnn_hls.cpp:77]   --->   Operation 138 'mul' 'acc64' <Predicate = true> <Delay = 6.91> <CoreInst = "Multiplier">   --->   Core 3 'Multiplier' <Latency = 1> <II = 1> <Delay = 6.91> <FuncUnit> <Opcode : 'mul'> <InPorts = 2> <OutPorts = 1>
ST_8 : Operation 139 [1/1] (1.82ns)   --->   "%add_ln10 = add i6 %conv1_shift_load, i6 63" [cnn_hls.cpp:10->cnn_hls.cpp:77]   --->   Operation 139 'add' 'add_ln10' <Predicate = true> <Delay = 1.82> <CoreInst = "Adder">   --->   Core 1 'Adder' <Latency = 0> <II = 1> <Delay = 1.82> <FuncUnit> <Opcode : 'add' 'sub'> <InPorts = 2> <OutPorts = 1>

State 9 <SV = 8> <Delay = 6.07>
ST_9 : Operation 140 [1/1] (0.00ns)   --->   "%zext_ln10 = zext i6 %add_ln10" [cnn_hls.cpp:10->cnn_hls.cpp:77]   --->   Operation 140 'zext' 'zext_ln10' <Predicate = true> <Delay = 0.00>
ST_9 : Operation 141 [1/1] (2.94ns)   --->   "%shl_ln10 = shl i37 1, i37 %zext_ln10" [cnn_hls.cpp:10->cnn_hls.cpp:77]   --->   Operation 141 'shl' 'shl_ln10' <Predicate = true> <Delay = 2.94> <CoreInst = "Shifter">   --->   Core 75 'Shifter' <Latency = 0> <II = 1> <Delay = 2.94> <FuncUnit> <Opcode : 'shl' 'lshr' 'ashr'> <InPorts = 2> <OutPorts = 1>
ST_9 : Operation 142 [1/1] (0.00ns)   --->   "%zext_ln10_2 = zext i37 %shl_ln10" [cnn_hls.cpp:10->cnn_hls.cpp:77]   --->   Operation 142 'zext' 'zext_ln10_2' <Predicate = true> <Delay = 0.00>
ST_9 : Operation 143 [1/1] (3.13ns)   --->   "%acc64_2 = add i49 %zext_ln10_2, i49 %acc64" [cnn_hls.cpp:10->cnn_hls.cpp:77]   --->   Operation 143 'add' 'acc64_2' <Predicate = true> <Delay = 3.13> <CoreInst = "Adder">   --->   Core 1 'Adder' <Latency = 0> <II = 1> <Delay = 3.13> <FuncUnit> <Opcode : 'add' 'sub'> <InPorts = 2> <OutPorts = 1>

State 10 <SV = 9> <Delay = 7.14>
ST_10 : Operation 144 [1/1] (0.00ns)   --->   "%zext_ln13 = zext i6 %conv1_shift_load" [cnn_hls.cpp:13->cnn_hls.cpp:77]   --->   Operation 144 'zext' 'zext_ln13' <Predicate = true> <Delay = 0.00>
ST_10 : Operation 145 [1/1] (4.62ns)   --->   "%res = ashr i49 %acc64_2, i49 %zext_ln13" [cnn_hls.cpp:13->cnn_hls.cpp:77]   --->   Operation 145 'ashr' 'res' <Predicate = true> <Delay = 4.62> <CoreInst = "Shifter">   --->   Core 75 'Shifter' <Latency = 0> <II = 1> <Delay = 4.62> <FuncUnit> <Opcode : 'shl' 'lshr' 'ashr'> <InPorts = 2> <OutPorts = 1>
ST_10 : Operation 146 [1/1] (0.00ns)   --->   "%trunc_ln13 = trunc i49 %res" [cnn_hls.cpp:13->cnn_hls.cpp:77]   --->   Operation 146 'trunc' 'trunc_ln13' <Predicate = true> <Delay = 0.00>
ST_10 : Operation 147 [1/1] (0.00ns)   --->   "%tmp_8 = bitselect i1 @_ssdm_op_BitSelect.i1.i49.i32, i49 %res, i32 13" [cnn_hls.cpp:17->cnn_hls.cpp:77]   --->   Operation 147 'bitselect' 'tmp_8' <Predicate = true> <Delay = 0.00>
ST_10 : Operation 148 [1/1] (0.69ns)   --->   "%res_2 = select i1 %tmp_8, i13 0, i13 %trunc_ln13" [cnn_hls.cpp:17->cnn_hls.cpp:77]   --->   Operation 148 'select' 'res_2' <Predicate = true> <Delay = 0.69> <CoreInst = "Sel">   --->   Core 73 'Sel' <Latency = 0> <II = 1> <Delay = 0.69> <FuncUnit> <Opcode : 'select'> <InPorts = 3> <OutPorts = 1>
ST_10 : Operation 149 [1/1] (0.00ns)   --->   "%tmp_9 = partselect i6 @_ssdm_op_PartSelect.i6.i13.i32.i32, i13 %res_2, i32 7, i32 12" [cnn_hls.cpp:20->cnn_hls.cpp:77]   --->   Operation 149 'partselect' 'tmp_9' <Predicate = true> <Delay = 0.00>
ST_10 : Operation 150 [1/1] (1.82ns)   --->   "%icmp_ln20 = icmp_ne  i6 %tmp_9, i6 0" [cnn_hls.cpp:20->cnn_hls.cpp:77]   --->   Operation 150 'icmp' 'icmp_ln20' <Predicate = true> <Delay = 1.82> <CoreInst = "Cmp">   --->   Core 9 'Cmp' <Latency = 0> <II = 1> <Delay = 1.82> <FuncUnit> <Opcode : 'seteq' 'setne' 'setle' 'setge' 'setlt' 'setgt'> <InPorts = 2> <OutPorts = 1>
ST_10 : Operation 151 [1/1] (0.00ns)   --->   "%trunc_ln22 = trunc i13 %res_2" [cnn_hls.cpp:22->cnn_hls.cpp:77]   --->   Operation 151 'trunc' 'trunc_ln22' <Predicate = true> <Delay = 0.00>
ST_10 : Operation 276 [1/1] (1.58ns)   --->   "%ret_ln0 = ret"   --->   Operation 276 'ret' 'ret_ln0' <Predicate = (icmp_ln61)> <Delay = 1.58>

State 11 <SV = 10> <Delay = 3.31>
ST_11 : Operation 152 [1/1] (0.00ns)   --->   "%buffer_c1_addr = getelementptr i7 %buffer_c1, i64 0, i64 %zext_ln69" [cnn_hls.cpp:77]   --->   Operation 152 'getelementptr' 'buffer_c1_addr' <Predicate = (!icmp_ln61)> <Delay = 0.00>
ST_11 : Operation 153 [1/1] (0.00ns)   --->   "%buffer_c1_1_addr = getelementptr i7 %buffer_c1_1, i64 0, i64 %zext_ln69" [cnn_hls.cpp:77]   --->   Operation 153 'getelementptr' 'buffer_c1_1_addr' <Predicate = (!icmp_ln61)> <Delay = 0.00>
ST_11 : Operation 154 [1/1] (0.00ns)   --->   "%buffer_c1_2_addr = getelementptr i7 %buffer_c1_2, i64 0, i64 %zext_ln69" [cnn_hls.cpp:77]   --->   Operation 154 'getelementptr' 'buffer_c1_2_addr' <Predicate = (!icmp_ln61)> <Delay = 0.00>
ST_11 : Operation 155 [1/1] (0.00ns)   --->   "%buffer_c1_3_addr = getelementptr i7 %buffer_c1_3, i64 0, i64 %zext_ln69" [cnn_hls.cpp:77]   --->   Operation 155 'getelementptr' 'buffer_c1_3_addr' <Predicate = (!icmp_ln61)> <Delay = 0.00>
ST_11 : Operation 156 [1/1] (0.00ns)   --->   "%buffer_c1_4_addr = getelementptr i7 %buffer_c1_4, i64 0, i64 %zext_ln69" [cnn_hls.cpp:77]   --->   Operation 156 'getelementptr' 'buffer_c1_4_addr' <Predicate = (!icmp_ln61)> <Delay = 0.00>
ST_11 : Operation 157 [1/1] (0.00ns)   --->   "%buffer_c1_5_addr = getelementptr i7 %buffer_c1_5, i64 0, i64 %zext_ln69" [cnn_hls.cpp:77]   --->   Operation 157 'getelementptr' 'buffer_c1_5_addr' <Predicate = (!icmp_ln61)> <Delay = 0.00>
ST_11 : Operation 158 [1/1] (0.00ns)   --->   "%buffer_c1_6_addr = getelementptr i7 %buffer_c1_6, i64 0, i64 %zext_ln69" [cnn_hls.cpp:77]   --->   Operation 158 'getelementptr' 'buffer_c1_6_addr' <Predicate = (!icmp_ln61)> <Delay = 0.00>
ST_11 : Operation 159 [1/1] (0.00ns)   --->   "%buffer_c1_7_addr = getelementptr i7 %buffer_c1_7, i64 0, i64 %zext_ln69" [cnn_hls.cpp:77]   --->   Operation 159 'getelementptr' 'buffer_c1_7_addr' <Predicate = (!icmp_ln61)> <Delay = 0.00>
ST_11 : Operation 160 [1/1] (0.00ns)   --->   "%buffer_c1_8_addr = getelementptr i7 %buffer_c1_8, i64 0, i64 %zext_ln69" [cnn_hls.cpp:77]   --->   Operation 160 'getelementptr' 'buffer_c1_8_addr' <Predicate = (!icmp_ln61)> <Delay = 0.00>
ST_11 : Operation 161 [1/1] (0.00ns)   --->   "%buffer_c1_9_addr = getelementptr i7 %buffer_c1_9, i64 0, i64 %zext_ln69" [cnn_hls.cpp:77]   --->   Operation 161 'getelementptr' 'buffer_c1_9_addr' <Predicate = (!icmp_ln61)> <Delay = 0.00>
ST_11 : Operation 162 [1/1] (0.00ns)   --->   "%buffer_c1_10_addr = getelementptr i7 %buffer_c1_10, i64 0, i64 %zext_ln69" [cnn_hls.cpp:77]   --->   Operation 162 'getelementptr' 'buffer_c1_10_addr' <Predicate = (!icmp_ln61)> <Delay = 0.00>
ST_11 : Operation 163 [1/1] (0.00ns)   --->   "%buffer_c1_11_addr = getelementptr i7 %buffer_c1_11, i64 0, i64 %zext_ln69" [cnn_hls.cpp:77]   --->   Operation 163 'getelementptr' 'buffer_c1_11_addr' <Predicate = (!icmp_ln61)> <Delay = 0.00>
ST_11 : Operation 164 [1/1] (0.00ns)   --->   "%buffer_c1_12_addr = getelementptr i7 %buffer_c1_12, i64 0, i64 %zext_ln69" [cnn_hls.cpp:77]   --->   Operation 164 'getelementptr' 'buffer_c1_12_addr' <Predicate = (!icmp_ln61)> <Delay = 0.00>
ST_11 : Operation 165 [1/1] (0.00ns)   --->   "%buffer_c1_13_addr = getelementptr i7 %buffer_c1_13, i64 0, i64 %zext_ln69" [cnn_hls.cpp:77]   --->   Operation 165 'getelementptr' 'buffer_c1_13_addr' <Predicate = (!icmp_ln61)> <Delay = 0.00>
ST_11 : Operation 166 [1/1] (0.00ns)   --->   "%buffer_c1_14_addr = getelementptr i7 %buffer_c1_14, i64 0, i64 %zext_ln69" [cnn_hls.cpp:77]   --->   Operation 166 'getelementptr' 'buffer_c1_14_addr' <Predicate = (!icmp_ln61)> <Delay = 0.00>
ST_11 : Operation 167 [1/1] (0.00ns)   --->   "%buffer_c1_15_addr = getelementptr i7 %buffer_c1_15, i64 0, i64 %zext_ln69" [cnn_hls.cpp:77]   --->   Operation 167 'getelementptr' 'buffer_c1_15_addr' <Predicate = (!icmp_ln61)> <Delay = 0.00>
ST_11 : Operation 168 [1/1] (0.00ns)   --->   "%buffer_c1_16_addr = getelementptr i7 %buffer_c1_16, i64 0, i64 %zext_ln69" [cnn_hls.cpp:77]   --->   Operation 168 'getelementptr' 'buffer_c1_16_addr' <Predicate = (!icmp_ln61)> <Delay = 0.00>
ST_11 : Operation 169 [1/1] (0.00ns)   --->   "%buffer_c1_17_addr = getelementptr i7 %buffer_c1_17, i64 0, i64 %zext_ln69" [cnn_hls.cpp:77]   --->   Operation 169 'getelementptr' 'buffer_c1_17_addr' <Predicate = (!icmp_ln61)> <Delay = 0.00>
ST_11 : Operation 170 [1/1] (0.00ns)   --->   "%buffer_c1_18_addr = getelementptr i7 %buffer_c1_18, i64 0, i64 %zext_ln69" [cnn_hls.cpp:77]   --->   Operation 170 'getelementptr' 'buffer_c1_18_addr' <Predicate = (!icmp_ln61)> <Delay = 0.00>
ST_11 : Operation 171 [1/1] (0.00ns)   --->   "%buffer_c1_19_addr = getelementptr i7 %buffer_c1_19, i64 0, i64 %zext_ln69" [cnn_hls.cpp:77]   --->   Operation 171 'getelementptr' 'buffer_c1_19_addr' <Predicate = (!icmp_ln61)> <Delay = 0.00>
ST_11 : Operation 172 [1/1] (0.00ns)   --->   "%buffer_c1_20_addr = getelementptr i7 %buffer_c1_20, i64 0, i64 %zext_ln69" [cnn_hls.cpp:77]   --->   Operation 172 'getelementptr' 'buffer_c1_20_addr' <Predicate = (!icmp_ln61)> <Delay = 0.00>
ST_11 : Operation 173 [1/1] (0.00ns)   --->   "%buffer_c1_21_addr = getelementptr i7 %buffer_c1_21, i64 0, i64 %zext_ln69" [cnn_hls.cpp:77]   --->   Operation 173 'getelementptr' 'buffer_c1_21_addr' <Predicate = (!icmp_ln61)> <Delay = 0.00>
ST_11 : Operation 174 [1/1] (0.00ns)   --->   "%buffer_c1_22_addr = getelementptr i7 %buffer_c1_22, i64 0, i64 %zext_ln69" [cnn_hls.cpp:77]   --->   Operation 174 'getelementptr' 'buffer_c1_22_addr' <Predicate = (!icmp_ln61)> <Delay = 0.00>
ST_11 : Operation 175 [1/1] (0.00ns)   --->   "%buffer_c1_23_addr = getelementptr i7 %buffer_c1_23, i64 0, i64 %zext_ln69" [cnn_hls.cpp:77]   --->   Operation 175 'getelementptr' 'buffer_c1_23_addr' <Predicate = (!icmp_ln61)> <Delay = 0.00>
ST_11 : Operation 176 [1/1] (0.00ns)   --->   "%buffer_c1_24_addr = getelementptr i7 %buffer_c1_24, i64 0, i64 %zext_ln69" [cnn_hls.cpp:77]   --->   Operation 176 'getelementptr' 'buffer_c1_24_addr' <Predicate = (!icmp_ln61)> <Delay = 0.00>
ST_11 : Operation 177 [1/1] (0.00ns)   --->   "%buffer_c1_25_addr = getelementptr i7 %buffer_c1_25, i64 0, i64 %zext_ln69" [cnn_hls.cpp:77]   --->   Operation 177 'getelementptr' 'buffer_c1_25_addr' <Predicate = (!icmp_ln61)> <Delay = 0.00>
ST_11 : Operation 178 [1/1] (0.00ns)   --->   "%buffer_c1_26_addr = getelementptr i7 %buffer_c1_26, i64 0, i64 %zext_ln69" [cnn_hls.cpp:77]   --->   Operation 178 'getelementptr' 'buffer_c1_26_addr' <Predicate = (!icmp_ln61)> <Delay = 0.00>
ST_11 : Operation 179 [1/1] (0.00ns)   --->   "%buffer_c1_27_addr = getelementptr i7 %buffer_c1_27, i64 0, i64 %zext_ln69" [cnn_hls.cpp:77]   --->   Operation 179 'getelementptr' 'buffer_c1_27_addr' <Predicate = (!icmp_ln61)> <Delay = 0.00>
ST_11 : Operation 180 [1/1] (0.00ns)   --->   "%buffer_c1_28_addr = getelementptr i7 %buffer_c1_28, i64 0, i64 %zext_ln69" [cnn_hls.cpp:77]   --->   Operation 180 'getelementptr' 'buffer_c1_28_addr' <Predicate = (!icmp_ln61)> <Delay = 0.00>
ST_11 : Operation 181 [1/1] (0.00ns)   --->   "%buffer_c1_29_addr = getelementptr i7 %buffer_c1_29, i64 0, i64 %zext_ln69" [cnn_hls.cpp:77]   --->   Operation 181 'getelementptr' 'buffer_c1_29_addr' <Predicate = (!icmp_ln61)> <Delay = 0.00>
ST_11 : Operation 182 [1/1] (0.00ns)   --->   "%buffer_c1_30_addr = getelementptr i7 %buffer_c1_30, i64 0, i64 %zext_ln69" [cnn_hls.cpp:77]   --->   Operation 182 'getelementptr' 'buffer_c1_30_addr' <Predicate = (!icmp_ln61)> <Delay = 0.00>
ST_11 : Operation 183 [1/1] (0.00ns)   --->   "%buffer_c1_31_addr = getelementptr i7 %buffer_c1_31, i64 0, i64 %zext_ln69" [cnn_hls.cpp:77]   --->   Operation 183 'getelementptr' 'buffer_c1_31_addr' <Predicate = (!icmp_ln61)> <Delay = 0.00>
ST_11 : Operation 184 [1/1] (0.00ns)   --->   "%buffer_c1_32_addr = getelementptr i7 %buffer_c1_32, i64 0, i64 %zext_ln69" [cnn_hls.cpp:77]   --->   Operation 184 'getelementptr' 'buffer_c1_32_addr' <Predicate = (!icmp_ln61)> <Delay = 0.00>
ST_11 : Operation 185 [1/1] (0.00ns)   --->   "%buffer_c1_33_addr = getelementptr i7 %buffer_c1_33, i64 0, i64 %zext_ln69" [cnn_hls.cpp:77]   --->   Operation 185 'getelementptr' 'buffer_c1_33_addr' <Predicate = (!icmp_ln61)> <Delay = 0.00>
ST_11 : Operation 186 [1/1] (0.00ns)   --->   "%buffer_c1_34_addr = getelementptr i7 %buffer_c1_34, i64 0, i64 %zext_ln69" [cnn_hls.cpp:77]   --->   Operation 186 'getelementptr' 'buffer_c1_34_addr' <Predicate = (!icmp_ln61)> <Delay = 0.00>
ST_11 : Operation 187 [1/1] (0.00ns)   --->   "%buffer_c1_35_addr = getelementptr i7 %buffer_c1_35, i64 0, i64 %zext_ln69" [cnn_hls.cpp:77]   --->   Operation 187 'getelementptr' 'buffer_c1_35_addr' <Predicate = (!icmp_ln61)> <Delay = 0.00>
ST_11 : Operation 188 [1/1] (0.00ns)   --->   "%buffer_c1_36_addr = getelementptr i7 %buffer_c1_36, i64 0, i64 %zext_ln69" [cnn_hls.cpp:77]   --->   Operation 188 'getelementptr' 'buffer_c1_36_addr' <Predicate = (!icmp_ln61)> <Delay = 0.00>
ST_11 : Operation 189 [1/1] (0.00ns)   --->   "%buffer_c1_37_addr = getelementptr i7 %buffer_c1_37, i64 0, i64 %zext_ln69" [cnn_hls.cpp:77]   --->   Operation 189 'getelementptr' 'buffer_c1_37_addr' <Predicate = (!icmp_ln61)> <Delay = 0.00>
ST_11 : Operation 190 [1/1] (0.00ns)   --->   "%buffer_c1_38_addr = getelementptr i7 %buffer_c1_38, i64 0, i64 %zext_ln69" [cnn_hls.cpp:77]   --->   Operation 190 'getelementptr' 'buffer_c1_38_addr' <Predicate = (!icmp_ln61)> <Delay = 0.00>
ST_11 : Operation 191 [1/1] (0.00ns)   --->   "%buffer_c1_39_addr = getelementptr i7 %buffer_c1_39, i64 0, i64 %zext_ln69" [cnn_hls.cpp:77]   --->   Operation 191 'getelementptr' 'buffer_c1_39_addr' <Predicate = (!icmp_ln61)> <Delay = 0.00>
ST_11 : Operation 192 [1/1] (0.00ns)   --->   "%specpipeline_ln62 = specpipeline void @_ssdm_op_SpecPipeline, i32 1, i32 0, i32 0, i32 0, i32 4294967295, void @empty_3" [cnn_hls.cpp:62]   --->   Operation 192 'specpipeline' 'specpipeline_ln62' <Predicate = (!icmp_ln61)> <Delay = 0.00>
ST_11 : Operation 193 [1/1] (0.00ns)   --->   "%speclooptripcount_ln61 = speclooptripcount void @_ssdm_op_SpecLoopTripCount, i64 8, i64 8, i64 8" [cnn_hls.cpp:61]   --->   Operation 193 'speclooptripcount' 'speclooptripcount_ln61' <Predicate = (!icmp_ln61)> <Delay = 0.00>
ST_11 : Operation 194 [1/1] (0.00ns)   --->   "%specloopname_ln61 = specloopname void @_ssdm_op_SpecLoopName, void @empty_1" [cnn_hls.cpp:61]   --->   Operation 194 'specloopname' 'specloopname_ln61' <Predicate = (!icmp_ln61)> <Delay = 0.00>
ST_11 : Operation 195 [1/1] (0.99ns)   --->   "%select_ln20 = select i1 %icmp_ln20, i7 127, i7 %trunc_ln22" [cnn_hls.cpp:20->cnn_hls.cpp:77]   --->   Operation 195 'select' 'select_ln20' <Predicate = true> <Delay = 0.99> <CoreInst = "Sel">   --->   Core 73 'Sel' <Latency = 0> <II = 1> <Delay = 0.99> <FuncUnit> <Opcode : 'select'> <InPorts = 3> <OutPorts = 1>
ST_11 : Operation 196 [1/1] ( I:2.32ns O:2.32ns )   --->   "%store_ln77 = store i7 %select_ln20, i4 %buffer_c1_33_addr" [cnn_hls.cpp:77]   --->   Operation 196 'store' 'store_ln77' <Predicate = (trunc_ln61 == 6 & tmp == 3)> <Delay = 2.32> <CoreInst = "RAM">   --->   Core 81 'RAM' <Latency = 1> <II = 1> <Delay = 2.32> <Storage> <Opcode : 'load' 'store'> <Ports = 2> <Width = 7> <Depth = 9> <RAM>
ST_11 : Operation 197 [1/1] (0.00ns)   --->   "%br_ln77 = br void %arrayidx286_6.exit" [cnn_hls.cpp:77]   --->   Operation 197 'br' 'br_ln77' <Predicate = (trunc_ln61 == 6 & tmp == 3)> <Delay = 0.00>
ST_11 : Operation 198 [1/1] ( I:2.32ns O:2.32ns )   --->   "%store_ln77 = store i7 %select_ln20, i4 %buffer_c1_32_addr" [cnn_hls.cpp:77]   --->   Operation 198 'store' 'store_ln77' <Predicate = (trunc_ln61 == 6 & tmp == 2)> <Delay = 2.32> <CoreInst = "RAM">   --->   Core 81 'RAM' <Latency = 1> <II = 1> <Delay = 2.32> <Storage> <Opcode : 'load' 'store'> <Ports = 2> <Width = 7> <Depth = 9> <RAM>
ST_11 : Operation 199 [1/1] (0.00ns)   --->   "%br_ln77 = br void %arrayidx286_6.exit" [cnn_hls.cpp:77]   --->   Operation 199 'br' 'br_ln77' <Predicate = (trunc_ln61 == 6 & tmp == 2)> <Delay = 0.00>
ST_11 : Operation 200 [1/1] ( I:2.32ns O:2.32ns )   --->   "%store_ln77 = store i7 %select_ln20, i4 %buffer_c1_31_addr" [cnn_hls.cpp:77]   --->   Operation 200 'store' 'store_ln77' <Predicate = (trunc_ln61 == 6 & tmp == 1)> <Delay = 2.32> <CoreInst = "RAM">   --->   Core 81 'RAM' <Latency = 1> <II = 1> <Delay = 2.32> <Storage> <Opcode : 'load' 'store'> <Ports = 2> <Width = 7> <Depth = 9> <RAM>
ST_11 : Operation 201 [1/1] (0.00ns)   --->   "%br_ln77 = br void %arrayidx286_6.exit" [cnn_hls.cpp:77]   --->   Operation 201 'br' 'br_ln77' <Predicate = (trunc_ln61 == 6 & tmp == 1)> <Delay = 0.00>
ST_11 : Operation 202 [1/1] ( I:2.32ns O:2.32ns )   --->   "%store_ln77 = store i7 %select_ln20, i4 %buffer_c1_30_addr" [cnn_hls.cpp:77]   --->   Operation 202 'store' 'store_ln77' <Predicate = (trunc_ln61 == 6 & tmp == 0)> <Delay = 2.32> <CoreInst = "RAM">   --->   Core 81 'RAM' <Latency = 1> <II = 1> <Delay = 2.32> <Storage> <Opcode : 'load' 'store'> <Ports = 2> <Width = 7> <Depth = 9> <RAM>
ST_11 : Operation 203 [1/1] (0.00ns)   --->   "%br_ln77 = br void %arrayidx286_6.exit" [cnn_hls.cpp:77]   --->   Operation 203 'br' 'br_ln77' <Predicate = (trunc_ln61 == 6 & tmp == 0)> <Delay = 0.00>
ST_11 : Operation 204 [1/1] ( I:2.32ns O:2.32ns )   --->   "%store_ln77 = store i7 %select_ln20, i4 %buffer_c1_34_addr" [cnn_hls.cpp:77]   --->   Operation 204 'store' 'store_ln77' <Predicate = (trunc_ln61 == 6 & tmp != 0 & tmp != 1 & tmp != 2 & tmp != 3)> <Delay = 2.32> <CoreInst = "RAM">   --->   Core 81 'RAM' <Latency = 1> <II = 1> <Delay = 2.32> <Storage> <Opcode : 'load' 'store'> <Ports = 2> <Width = 7> <Depth = 9> <RAM>
ST_11 : Operation 205 [1/1] (0.00ns)   --->   "%br_ln77 = br void %arrayidx286_6.exit" [cnn_hls.cpp:77]   --->   Operation 205 'br' 'br_ln77' <Predicate = (trunc_ln61 == 6 & tmp != 0 & tmp != 1 & tmp != 2 & tmp != 3)> <Delay = 0.00>
ST_11 : Operation 206 [1/1] ( I:2.32ns O:2.32ns )   --->   "%store_ln77 = store i7 %select_ln20, i4 %buffer_c1_28_addr" [cnn_hls.cpp:77]   --->   Operation 206 'store' 'store_ln77' <Predicate = (trunc_ln61 == 5 & tmp == 3)> <Delay = 2.32> <CoreInst = "RAM">   --->   Core 81 'RAM' <Latency = 1> <II = 1> <Delay = 2.32> <Storage> <Opcode : 'load' 'store'> <Ports = 2> <Width = 7> <Depth = 9> <RAM>
ST_11 : Operation 207 [1/1] (0.00ns)   --->   "%br_ln77 = br void %arrayidx286_5.exit" [cnn_hls.cpp:77]   --->   Operation 207 'br' 'br_ln77' <Predicate = (trunc_ln61 == 5 & tmp == 3)> <Delay = 0.00>
ST_11 : Operation 208 [1/1] ( I:2.32ns O:2.32ns )   --->   "%store_ln77 = store i7 %select_ln20, i4 %buffer_c1_27_addr" [cnn_hls.cpp:77]   --->   Operation 208 'store' 'store_ln77' <Predicate = (trunc_ln61 == 5 & tmp == 2)> <Delay = 2.32> <CoreInst = "RAM">   --->   Core 81 'RAM' <Latency = 1> <II = 1> <Delay = 2.32> <Storage> <Opcode : 'load' 'store'> <Ports = 2> <Width = 7> <Depth = 9> <RAM>
ST_11 : Operation 209 [1/1] (0.00ns)   --->   "%br_ln77 = br void %arrayidx286_5.exit" [cnn_hls.cpp:77]   --->   Operation 209 'br' 'br_ln77' <Predicate = (trunc_ln61 == 5 & tmp == 2)> <Delay = 0.00>
ST_11 : Operation 210 [1/1] ( I:2.32ns O:2.32ns )   --->   "%store_ln77 = store i7 %select_ln20, i4 %buffer_c1_26_addr" [cnn_hls.cpp:77]   --->   Operation 210 'store' 'store_ln77' <Predicate = (trunc_ln61 == 5 & tmp == 1)> <Delay = 2.32> <CoreInst = "RAM">   --->   Core 81 'RAM' <Latency = 1> <II = 1> <Delay = 2.32> <Storage> <Opcode : 'load' 'store'> <Ports = 2> <Width = 7> <Depth = 9> <RAM>
ST_11 : Operation 211 [1/1] (0.00ns)   --->   "%br_ln77 = br void %arrayidx286_5.exit" [cnn_hls.cpp:77]   --->   Operation 211 'br' 'br_ln77' <Predicate = (trunc_ln61 == 5 & tmp == 1)> <Delay = 0.00>
ST_11 : Operation 212 [1/1] ( I:2.32ns O:2.32ns )   --->   "%store_ln77 = store i7 %select_ln20, i4 %buffer_c1_25_addr" [cnn_hls.cpp:77]   --->   Operation 212 'store' 'store_ln77' <Predicate = (trunc_ln61 == 5 & tmp == 0)> <Delay = 2.32> <CoreInst = "RAM">   --->   Core 81 'RAM' <Latency = 1> <II = 1> <Delay = 2.32> <Storage> <Opcode : 'load' 'store'> <Ports = 2> <Width = 7> <Depth = 9> <RAM>
ST_11 : Operation 213 [1/1] (0.00ns)   --->   "%br_ln77 = br void %arrayidx286_5.exit" [cnn_hls.cpp:77]   --->   Operation 213 'br' 'br_ln77' <Predicate = (trunc_ln61 == 5 & tmp == 0)> <Delay = 0.00>
ST_11 : Operation 214 [1/1] ( I:2.32ns O:2.32ns )   --->   "%store_ln77 = store i7 %select_ln20, i4 %buffer_c1_29_addr" [cnn_hls.cpp:77]   --->   Operation 214 'store' 'store_ln77' <Predicate = (trunc_ln61 == 5 & tmp != 0 & tmp != 1 & tmp != 2 & tmp != 3)> <Delay = 2.32> <CoreInst = "RAM">   --->   Core 81 'RAM' <Latency = 1> <II = 1> <Delay = 2.32> <Storage> <Opcode : 'load' 'store'> <Ports = 2> <Width = 7> <Depth = 9> <RAM>
ST_11 : Operation 215 [1/1] (0.00ns)   --->   "%br_ln77 = br void %arrayidx286_5.exit" [cnn_hls.cpp:77]   --->   Operation 215 'br' 'br_ln77' <Predicate = (trunc_ln61 == 5 & tmp != 0 & tmp != 1 & tmp != 2 & tmp != 3)> <Delay = 0.00>
ST_11 : Operation 216 [1/1] ( I:2.32ns O:2.32ns )   --->   "%store_ln77 = store i7 %select_ln20, i4 %buffer_c1_23_addr" [cnn_hls.cpp:77]   --->   Operation 216 'store' 'store_ln77' <Predicate = (trunc_ln61 == 4 & tmp == 3)> <Delay = 2.32> <CoreInst = "RAM">   --->   Core 81 'RAM' <Latency = 1> <II = 1> <Delay = 2.32> <Storage> <Opcode : 'load' 'store'> <Ports = 2> <Width = 7> <Depth = 9> <RAM>
ST_11 : Operation 217 [1/1] (0.00ns)   --->   "%br_ln77 = br void %arrayidx286_4.exit" [cnn_hls.cpp:77]   --->   Operation 217 'br' 'br_ln77' <Predicate = (trunc_ln61 == 4 & tmp == 3)> <Delay = 0.00>
ST_11 : Operation 218 [1/1] ( I:2.32ns O:2.32ns )   --->   "%store_ln77 = store i7 %select_ln20, i4 %buffer_c1_22_addr" [cnn_hls.cpp:77]   --->   Operation 218 'store' 'store_ln77' <Predicate = (trunc_ln61 == 4 & tmp == 2)> <Delay = 2.32> <CoreInst = "RAM">   --->   Core 81 'RAM' <Latency = 1> <II = 1> <Delay = 2.32> <Storage> <Opcode : 'load' 'store'> <Ports = 2> <Width = 7> <Depth = 9> <RAM>
ST_11 : Operation 219 [1/1] (0.00ns)   --->   "%br_ln77 = br void %arrayidx286_4.exit" [cnn_hls.cpp:77]   --->   Operation 219 'br' 'br_ln77' <Predicate = (trunc_ln61 == 4 & tmp == 2)> <Delay = 0.00>
ST_11 : Operation 220 [1/1] ( I:2.32ns O:2.32ns )   --->   "%store_ln77 = store i7 %select_ln20, i4 %buffer_c1_21_addr" [cnn_hls.cpp:77]   --->   Operation 220 'store' 'store_ln77' <Predicate = (trunc_ln61 == 4 & tmp == 1)> <Delay = 2.32> <CoreInst = "RAM">   --->   Core 81 'RAM' <Latency = 1> <II = 1> <Delay = 2.32> <Storage> <Opcode : 'load' 'store'> <Ports = 2> <Width = 7> <Depth = 9> <RAM>
ST_11 : Operation 221 [1/1] (0.00ns)   --->   "%br_ln77 = br void %arrayidx286_4.exit" [cnn_hls.cpp:77]   --->   Operation 221 'br' 'br_ln77' <Predicate = (trunc_ln61 == 4 & tmp == 1)> <Delay = 0.00>
ST_11 : Operation 222 [1/1] ( I:2.32ns O:2.32ns )   --->   "%store_ln77 = store i7 %select_ln20, i4 %buffer_c1_20_addr" [cnn_hls.cpp:77]   --->   Operation 222 'store' 'store_ln77' <Predicate = (trunc_ln61 == 4 & tmp == 0)> <Delay = 2.32> <CoreInst = "RAM">   --->   Core 81 'RAM' <Latency = 1> <II = 1> <Delay = 2.32> <Storage> <Opcode : 'load' 'store'> <Ports = 2> <Width = 7> <Depth = 9> <RAM>
ST_11 : Operation 223 [1/1] (0.00ns)   --->   "%br_ln77 = br void %arrayidx286_4.exit" [cnn_hls.cpp:77]   --->   Operation 223 'br' 'br_ln77' <Predicate = (trunc_ln61 == 4 & tmp == 0)> <Delay = 0.00>
ST_11 : Operation 224 [1/1] ( I:2.32ns O:2.32ns )   --->   "%store_ln77 = store i7 %select_ln20, i4 %buffer_c1_24_addr" [cnn_hls.cpp:77]   --->   Operation 224 'store' 'store_ln77' <Predicate = (trunc_ln61 == 4 & tmp != 0 & tmp != 1 & tmp != 2 & tmp != 3)> <Delay = 2.32> <CoreInst = "RAM">   --->   Core 81 'RAM' <Latency = 1> <II = 1> <Delay = 2.32> <Storage> <Opcode : 'load' 'store'> <Ports = 2> <Width = 7> <Depth = 9> <RAM>
ST_11 : Operation 225 [1/1] (0.00ns)   --->   "%br_ln77 = br void %arrayidx286_4.exit" [cnn_hls.cpp:77]   --->   Operation 225 'br' 'br_ln77' <Predicate = (trunc_ln61 == 4 & tmp != 0 & tmp != 1 & tmp != 2 & tmp != 3)> <Delay = 0.00>
ST_11 : Operation 226 [1/1] ( I:2.32ns O:2.32ns )   --->   "%store_ln77 = store i7 %select_ln20, i4 %buffer_c1_18_addr" [cnn_hls.cpp:77]   --->   Operation 226 'store' 'store_ln77' <Predicate = (trunc_ln61 == 3 & tmp == 3)> <Delay = 2.32> <CoreInst = "RAM">   --->   Core 81 'RAM' <Latency = 1> <II = 1> <Delay = 2.32> <Storage> <Opcode : 'load' 'store'> <Ports = 2> <Width = 7> <Depth = 9> <RAM>
ST_11 : Operation 227 [1/1] (0.00ns)   --->   "%br_ln77 = br void %arrayidx286_3.exit" [cnn_hls.cpp:77]   --->   Operation 227 'br' 'br_ln77' <Predicate = (trunc_ln61 == 3 & tmp == 3)> <Delay = 0.00>
ST_11 : Operation 228 [1/1] ( I:2.32ns O:2.32ns )   --->   "%store_ln77 = store i7 %select_ln20, i4 %buffer_c1_17_addr" [cnn_hls.cpp:77]   --->   Operation 228 'store' 'store_ln77' <Predicate = (trunc_ln61 == 3 & tmp == 2)> <Delay = 2.32> <CoreInst = "RAM">   --->   Core 81 'RAM' <Latency = 1> <II = 1> <Delay = 2.32> <Storage> <Opcode : 'load' 'store'> <Ports = 2> <Width = 7> <Depth = 9> <RAM>
ST_11 : Operation 229 [1/1] (0.00ns)   --->   "%br_ln77 = br void %arrayidx286_3.exit" [cnn_hls.cpp:77]   --->   Operation 229 'br' 'br_ln77' <Predicate = (trunc_ln61 == 3 & tmp == 2)> <Delay = 0.00>
ST_11 : Operation 230 [1/1] ( I:2.32ns O:2.32ns )   --->   "%store_ln77 = store i7 %select_ln20, i4 %buffer_c1_16_addr" [cnn_hls.cpp:77]   --->   Operation 230 'store' 'store_ln77' <Predicate = (trunc_ln61 == 3 & tmp == 1)> <Delay = 2.32> <CoreInst = "RAM">   --->   Core 81 'RAM' <Latency = 1> <II = 1> <Delay = 2.32> <Storage> <Opcode : 'load' 'store'> <Ports = 2> <Width = 7> <Depth = 9> <RAM>
ST_11 : Operation 231 [1/1] (0.00ns)   --->   "%br_ln77 = br void %arrayidx286_3.exit" [cnn_hls.cpp:77]   --->   Operation 231 'br' 'br_ln77' <Predicate = (trunc_ln61 == 3 & tmp == 1)> <Delay = 0.00>
ST_11 : Operation 232 [1/1] ( I:2.32ns O:2.32ns )   --->   "%store_ln77 = store i7 %select_ln20, i4 %buffer_c1_15_addr" [cnn_hls.cpp:77]   --->   Operation 232 'store' 'store_ln77' <Predicate = (trunc_ln61 == 3 & tmp == 0)> <Delay = 2.32> <CoreInst = "RAM">   --->   Core 81 'RAM' <Latency = 1> <II = 1> <Delay = 2.32> <Storage> <Opcode : 'load' 'store'> <Ports = 2> <Width = 7> <Depth = 9> <RAM>
ST_11 : Operation 233 [1/1] (0.00ns)   --->   "%br_ln77 = br void %arrayidx286_3.exit" [cnn_hls.cpp:77]   --->   Operation 233 'br' 'br_ln77' <Predicate = (trunc_ln61 == 3 & tmp == 0)> <Delay = 0.00>
ST_11 : Operation 234 [1/1] ( I:2.32ns O:2.32ns )   --->   "%store_ln77 = store i7 %select_ln20, i4 %buffer_c1_19_addr" [cnn_hls.cpp:77]   --->   Operation 234 'store' 'store_ln77' <Predicate = (trunc_ln61 == 3 & tmp != 0 & tmp != 1 & tmp != 2 & tmp != 3)> <Delay = 2.32> <CoreInst = "RAM">   --->   Core 81 'RAM' <Latency = 1> <II = 1> <Delay = 2.32> <Storage> <Opcode : 'load' 'store'> <Ports = 2> <Width = 7> <Depth = 9> <RAM>
ST_11 : Operation 235 [1/1] (0.00ns)   --->   "%br_ln77 = br void %arrayidx286_3.exit" [cnn_hls.cpp:77]   --->   Operation 235 'br' 'br_ln77' <Predicate = (trunc_ln61 == 3 & tmp != 0 & tmp != 1 & tmp != 2 & tmp != 3)> <Delay = 0.00>
ST_11 : Operation 236 [1/1] ( I:2.32ns O:2.32ns )   --->   "%store_ln77 = store i7 %select_ln20, i4 %buffer_c1_13_addr" [cnn_hls.cpp:77]   --->   Operation 236 'store' 'store_ln77' <Predicate = (trunc_ln61 == 2 & tmp == 3)> <Delay = 2.32> <CoreInst = "RAM">   --->   Core 81 'RAM' <Latency = 1> <II = 1> <Delay = 2.32> <Storage> <Opcode : 'load' 'store'> <Ports = 2> <Width = 7> <Depth = 9> <RAM>
ST_11 : Operation 237 [1/1] (0.00ns)   --->   "%br_ln77 = br void %arrayidx286_2.exit" [cnn_hls.cpp:77]   --->   Operation 237 'br' 'br_ln77' <Predicate = (trunc_ln61 == 2 & tmp == 3)> <Delay = 0.00>
ST_11 : Operation 238 [1/1] ( I:2.32ns O:2.32ns )   --->   "%store_ln77 = store i7 %select_ln20, i4 %buffer_c1_12_addr" [cnn_hls.cpp:77]   --->   Operation 238 'store' 'store_ln77' <Predicate = (trunc_ln61 == 2 & tmp == 2)> <Delay = 2.32> <CoreInst = "RAM">   --->   Core 81 'RAM' <Latency = 1> <II = 1> <Delay = 2.32> <Storage> <Opcode : 'load' 'store'> <Ports = 2> <Width = 7> <Depth = 9> <RAM>
ST_11 : Operation 239 [1/1] (0.00ns)   --->   "%br_ln77 = br void %arrayidx286_2.exit" [cnn_hls.cpp:77]   --->   Operation 239 'br' 'br_ln77' <Predicate = (trunc_ln61 == 2 & tmp == 2)> <Delay = 0.00>
ST_11 : Operation 240 [1/1] ( I:2.32ns O:2.32ns )   --->   "%store_ln77 = store i7 %select_ln20, i4 %buffer_c1_11_addr" [cnn_hls.cpp:77]   --->   Operation 240 'store' 'store_ln77' <Predicate = (trunc_ln61 == 2 & tmp == 1)> <Delay = 2.32> <CoreInst = "RAM">   --->   Core 81 'RAM' <Latency = 1> <II = 1> <Delay = 2.32> <Storage> <Opcode : 'load' 'store'> <Ports = 2> <Width = 7> <Depth = 9> <RAM>
ST_11 : Operation 241 [1/1] (0.00ns)   --->   "%br_ln77 = br void %arrayidx286_2.exit" [cnn_hls.cpp:77]   --->   Operation 241 'br' 'br_ln77' <Predicate = (trunc_ln61 == 2 & tmp == 1)> <Delay = 0.00>
ST_11 : Operation 242 [1/1] ( I:2.32ns O:2.32ns )   --->   "%store_ln77 = store i7 %select_ln20, i4 %buffer_c1_10_addr" [cnn_hls.cpp:77]   --->   Operation 242 'store' 'store_ln77' <Predicate = (trunc_ln61 == 2 & tmp == 0)> <Delay = 2.32> <CoreInst = "RAM">   --->   Core 81 'RAM' <Latency = 1> <II = 1> <Delay = 2.32> <Storage> <Opcode : 'load' 'store'> <Ports = 2> <Width = 7> <Depth = 9> <RAM>
ST_11 : Operation 243 [1/1] (0.00ns)   --->   "%br_ln77 = br void %arrayidx286_2.exit" [cnn_hls.cpp:77]   --->   Operation 243 'br' 'br_ln77' <Predicate = (trunc_ln61 == 2 & tmp == 0)> <Delay = 0.00>
ST_11 : Operation 244 [1/1] ( I:2.32ns O:2.32ns )   --->   "%store_ln77 = store i7 %select_ln20, i4 %buffer_c1_14_addr" [cnn_hls.cpp:77]   --->   Operation 244 'store' 'store_ln77' <Predicate = (trunc_ln61 == 2 & tmp != 0 & tmp != 1 & tmp != 2 & tmp != 3)> <Delay = 2.32> <CoreInst = "RAM">   --->   Core 81 'RAM' <Latency = 1> <II = 1> <Delay = 2.32> <Storage> <Opcode : 'load' 'store'> <Ports = 2> <Width = 7> <Depth = 9> <RAM>
ST_11 : Operation 245 [1/1] (0.00ns)   --->   "%br_ln77 = br void %arrayidx286_2.exit" [cnn_hls.cpp:77]   --->   Operation 245 'br' 'br_ln77' <Predicate = (trunc_ln61 == 2 & tmp != 0 & tmp != 1 & tmp != 2 & tmp != 3)> <Delay = 0.00>
ST_11 : Operation 246 [1/1] ( I:2.32ns O:2.32ns )   --->   "%store_ln77 = store i7 %select_ln20, i4 %buffer_c1_8_addr" [cnn_hls.cpp:77]   --->   Operation 246 'store' 'store_ln77' <Predicate = (trunc_ln61 == 1 & tmp == 3)> <Delay = 2.32> <CoreInst = "RAM">   --->   Core 81 'RAM' <Latency = 1> <II = 1> <Delay = 2.32> <Storage> <Opcode : 'load' 'store'> <Ports = 2> <Width = 7> <Depth = 9> <RAM>
ST_11 : Operation 247 [1/1] (0.00ns)   --->   "%br_ln77 = br void %arrayidx286_1.exit" [cnn_hls.cpp:77]   --->   Operation 247 'br' 'br_ln77' <Predicate = (trunc_ln61 == 1 & tmp == 3)> <Delay = 0.00>
ST_11 : Operation 248 [1/1] ( I:2.32ns O:2.32ns )   --->   "%store_ln77 = store i7 %select_ln20, i4 %buffer_c1_7_addr" [cnn_hls.cpp:77]   --->   Operation 248 'store' 'store_ln77' <Predicate = (trunc_ln61 == 1 & tmp == 2)> <Delay = 2.32> <CoreInst = "RAM">   --->   Core 81 'RAM' <Latency = 1> <II = 1> <Delay = 2.32> <Storage> <Opcode : 'load' 'store'> <Ports = 2> <Width = 7> <Depth = 9> <RAM>
ST_11 : Operation 249 [1/1] (0.00ns)   --->   "%br_ln77 = br void %arrayidx286_1.exit" [cnn_hls.cpp:77]   --->   Operation 249 'br' 'br_ln77' <Predicate = (trunc_ln61 == 1 & tmp == 2)> <Delay = 0.00>
ST_11 : Operation 250 [1/1] ( I:2.32ns O:2.32ns )   --->   "%store_ln77 = store i7 %select_ln20, i4 %buffer_c1_6_addr" [cnn_hls.cpp:77]   --->   Operation 250 'store' 'store_ln77' <Predicate = (trunc_ln61 == 1 & tmp == 1)> <Delay = 2.32> <CoreInst = "RAM">   --->   Core 81 'RAM' <Latency = 1> <II = 1> <Delay = 2.32> <Storage> <Opcode : 'load' 'store'> <Ports = 2> <Width = 7> <Depth = 9> <RAM>
ST_11 : Operation 251 [1/1] (0.00ns)   --->   "%br_ln77 = br void %arrayidx286_1.exit" [cnn_hls.cpp:77]   --->   Operation 251 'br' 'br_ln77' <Predicate = (trunc_ln61 == 1 & tmp == 1)> <Delay = 0.00>
ST_11 : Operation 252 [1/1] ( I:2.32ns O:2.32ns )   --->   "%store_ln77 = store i7 %select_ln20, i4 %buffer_c1_5_addr" [cnn_hls.cpp:77]   --->   Operation 252 'store' 'store_ln77' <Predicate = (trunc_ln61 == 1 & tmp == 0)> <Delay = 2.32> <CoreInst = "RAM">   --->   Core 81 'RAM' <Latency = 1> <II = 1> <Delay = 2.32> <Storage> <Opcode : 'load' 'store'> <Ports = 2> <Width = 7> <Depth = 9> <RAM>
ST_11 : Operation 253 [1/1] (0.00ns)   --->   "%br_ln77 = br void %arrayidx286_1.exit" [cnn_hls.cpp:77]   --->   Operation 253 'br' 'br_ln77' <Predicate = (trunc_ln61 == 1 & tmp == 0)> <Delay = 0.00>
ST_11 : Operation 254 [1/1] ( I:2.32ns O:2.32ns )   --->   "%store_ln77 = store i7 %select_ln20, i4 %buffer_c1_9_addr" [cnn_hls.cpp:77]   --->   Operation 254 'store' 'store_ln77' <Predicate = (trunc_ln61 == 1 & tmp != 0 & tmp != 1 & tmp != 2 & tmp != 3)> <Delay = 2.32> <CoreInst = "RAM">   --->   Core 81 'RAM' <Latency = 1> <II = 1> <Delay = 2.32> <Storage> <Opcode : 'load' 'store'> <Ports = 2> <Width = 7> <Depth = 9> <RAM>
ST_11 : Operation 255 [1/1] (0.00ns)   --->   "%br_ln77 = br void %arrayidx286_1.exit" [cnn_hls.cpp:77]   --->   Operation 255 'br' 'br_ln77' <Predicate = (trunc_ln61 == 1 & tmp != 0 & tmp != 1 & tmp != 2 & tmp != 3)> <Delay = 0.00>
ST_11 : Operation 256 [1/1] ( I:2.32ns O:2.32ns )   --->   "%store_ln77 = store i7 %select_ln20, i4 %buffer_c1_3_addr" [cnn_hls.cpp:77]   --->   Operation 256 'store' 'store_ln77' <Predicate = (trunc_ln61 == 0 & tmp == 3)> <Delay = 2.32> <CoreInst = "RAM">   --->   Core 81 'RAM' <Latency = 1> <II = 1> <Delay = 2.32> <Storage> <Opcode : 'load' 'store'> <Ports = 2> <Width = 7> <Depth = 9> <RAM>
ST_11 : Operation 257 [1/1] (0.00ns)   --->   "%br_ln77 = br void %arrayidx286_0.exit" [cnn_hls.cpp:77]   --->   Operation 257 'br' 'br_ln77' <Predicate = (trunc_ln61 == 0 & tmp == 3)> <Delay = 0.00>
ST_11 : Operation 258 [1/1] ( I:2.32ns O:2.32ns )   --->   "%store_ln77 = store i7 %select_ln20, i4 %buffer_c1_2_addr" [cnn_hls.cpp:77]   --->   Operation 258 'store' 'store_ln77' <Predicate = (trunc_ln61 == 0 & tmp == 2)> <Delay = 2.32> <CoreInst = "RAM">   --->   Core 81 'RAM' <Latency = 1> <II = 1> <Delay = 2.32> <Storage> <Opcode : 'load' 'store'> <Ports = 2> <Width = 7> <Depth = 9> <RAM>
ST_11 : Operation 259 [1/1] (0.00ns)   --->   "%br_ln77 = br void %arrayidx286_0.exit" [cnn_hls.cpp:77]   --->   Operation 259 'br' 'br_ln77' <Predicate = (trunc_ln61 == 0 & tmp == 2)> <Delay = 0.00>
ST_11 : Operation 260 [1/1] ( I:2.32ns O:2.32ns )   --->   "%store_ln77 = store i7 %select_ln20, i4 %buffer_c1_1_addr" [cnn_hls.cpp:77]   --->   Operation 260 'store' 'store_ln77' <Predicate = (trunc_ln61 == 0 & tmp == 1)> <Delay = 2.32> <CoreInst = "RAM">   --->   Core 81 'RAM' <Latency = 1> <II = 1> <Delay = 2.32> <Storage> <Opcode : 'load' 'store'> <Ports = 2> <Width = 7> <Depth = 9> <RAM>
ST_11 : Operation 261 [1/1] (0.00ns)   --->   "%br_ln77 = br void %arrayidx286_0.exit" [cnn_hls.cpp:77]   --->   Operation 261 'br' 'br_ln77' <Predicate = (trunc_ln61 == 0 & tmp == 1)> <Delay = 0.00>
ST_11 : Operation 262 [1/1] ( I:2.32ns O:2.32ns )   --->   "%store_ln77 = store i7 %select_ln20, i4 %buffer_c1_addr" [cnn_hls.cpp:77]   --->   Operation 262 'store' 'store_ln77' <Predicate = (trunc_ln61 == 0 & tmp == 0)> <Delay = 2.32> <CoreInst = "RAM">   --->   Core 81 'RAM' <Latency = 1> <II = 1> <Delay = 2.32> <Storage> <Opcode : 'load' 'store'> <Ports = 2> <Width = 7> <Depth = 9> <RAM>
ST_11 : Operation 263 [1/1] (0.00ns)   --->   "%br_ln77 = br void %arrayidx286_0.exit" [cnn_hls.cpp:77]   --->   Operation 263 'br' 'br_ln77' <Predicate = (trunc_ln61 == 0 & tmp == 0)> <Delay = 0.00>
ST_11 : Operation 264 [1/1] ( I:2.32ns O:2.32ns )   --->   "%store_ln77 = store i7 %select_ln20, i4 %buffer_c1_4_addr" [cnn_hls.cpp:77]   --->   Operation 264 'store' 'store_ln77' <Predicate = (trunc_ln61 == 0 & tmp != 0 & tmp != 1 & tmp != 2 & tmp != 3)> <Delay = 2.32> <CoreInst = "RAM">   --->   Core 81 'RAM' <Latency = 1> <II = 1> <Delay = 2.32> <Storage> <Opcode : 'load' 'store'> <Ports = 2> <Width = 7> <Depth = 9> <RAM>
ST_11 : Operation 265 [1/1] (0.00ns)   --->   "%br_ln77 = br void %arrayidx286_0.exit" [cnn_hls.cpp:77]   --->   Operation 265 'br' 'br_ln77' <Predicate = (trunc_ln61 == 0 & tmp != 0 & tmp != 1 & tmp != 2 & tmp != 3)> <Delay = 0.00>
ST_11 : Operation 266 [1/1] ( I:2.32ns O:2.32ns )   --->   "%store_ln77 = store i7 %select_ln20, i4 %buffer_c1_38_addr" [cnn_hls.cpp:77]   --->   Operation 266 'store' 'store_ln77' <Predicate = (trunc_ln61 == 7 & tmp == 3)> <Delay = 2.32> <CoreInst = "RAM">   --->   Core 81 'RAM' <Latency = 1> <II = 1> <Delay = 2.32> <Storage> <Opcode : 'load' 'store'> <Ports = 2> <Width = 7> <Depth = 9> <RAM>
ST_11 : Operation 267 [1/1] (0.00ns)   --->   "%br_ln77 = br void %arrayidx286_7.exit" [cnn_hls.cpp:77]   --->   Operation 267 'br' 'br_ln77' <Predicate = (trunc_ln61 == 7 & tmp == 3)> <Delay = 0.00>
ST_11 : Operation 268 [1/1] ( I:2.32ns O:2.32ns )   --->   "%store_ln77 = store i7 %select_ln20, i4 %buffer_c1_37_addr" [cnn_hls.cpp:77]   --->   Operation 268 'store' 'store_ln77' <Predicate = (trunc_ln61 == 7 & tmp == 2)> <Delay = 2.32> <CoreInst = "RAM">   --->   Core 81 'RAM' <Latency = 1> <II = 1> <Delay = 2.32> <Storage> <Opcode : 'load' 'store'> <Ports = 2> <Width = 7> <Depth = 9> <RAM>
ST_11 : Operation 269 [1/1] (0.00ns)   --->   "%br_ln77 = br void %arrayidx286_7.exit" [cnn_hls.cpp:77]   --->   Operation 269 'br' 'br_ln77' <Predicate = (trunc_ln61 == 7 & tmp == 2)> <Delay = 0.00>
ST_11 : Operation 270 [1/1] ( I:2.32ns O:2.32ns )   --->   "%store_ln77 = store i7 %select_ln20, i4 %buffer_c1_36_addr" [cnn_hls.cpp:77]   --->   Operation 270 'store' 'store_ln77' <Predicate = (trunc_ln61 == 7 & tmp == 1)> <Delay = 2.32> <CoreInst = "RAM">   --->   Core 81 'RAM' <Latency = 1> <II = 1> <Delay = 2.32> <Storage> <Opcode : 'load' 'store'> <Ports = 2> <Width = 7> <Depth = 9> <RAM>
ST_11 : Operation 271 [1/1] (0.00ns)   --->   "%br_ln77 = br void %arrayidx286_7.exit" [cnn_hls.cpp:77]   --->   Operation 271 'br' 'br_ln77' <Predicate = (trunc_ln61 == 7 & tmp == 1)> <Delay = 0.00>
ST_11 : Operation 272 [1/1] ( I:2.32ns O:2.32ns )   --->   "%store_ln77 = store i7 %select_ln20, i4 %buffer_c1_35_addr" [cnn_hls.cpp:77]   --->   Operation 272 'store' 'store_ln77' <Predicate = (trunc_ln61 == 7 & tmp == 0)> <Delay = 2.32> <CoreInst = "RAM">   --->   Core 81 'RAM' <Latency = 1> <II = 1> <Delay = 2.32> <Storage> <Opcode : 'load' 'store'> <Ports = 2> <Width = 7> <Depth = 9> <RAM>
ST_11 : Operation 273 [1/1] (0.00ns)   --->   "%br_ln77 = br void %arrayidx286_7.exit" [cnn_hls.cpp:77]   --->   Operation 273 'br' 'br_ln77' <Predicate = (trunc_ln61 == 7 & tmp == 0)> <Delay = 0.00>
ST_11 : Operation 274 [1/1] ( I:2.32ns O:2.32ns )   --->   "%store_ln77 = store i7 %select_ln20, i4 %buffer_c1_39_addr" [cnn_hls.cpp:77]   --->   Operation 274 'store' 'store_ln77' <Predicate = (trunc_ln61 == 7 & tmp != 0 & tmp != 1 & tmp != 2 & tmp != 3)> <Delay = 2.32> <CoreInst = "RAM">   --->   Core 81 'RAM' <Latency = 1> <II = 1> <Delay = 2.32> <Storage> <Opcode : 'load' 'store'> <Ports = 2> <Width = 7> <Depth = 9> <RAM>
ST_11 : Operation 275 [1/1] (0.00ns)   --->   "%br_ln77 = br void %arrayidx286_7.exit" [cnn_hls.cpp:77]   --->   Operation 275 'br' 'br_ln77' <Predicate = (trunc_ln61 == 7 & tmp != 0 & tmp != 1 & tmp != 2 & tmp != 3)> <Delay = 0.00>


============================================================
+ Verbose Summary: Binding
============================================================
STG Binding: 
---------------- STG Properties BEGIN ----------------
- Is combinational: 0
- Is one-state seq: 0
- Is datapath-only: 0
- Is pipelined: 0
- Is top level: 0
Port [ Return ] is wired: 1; IO mode=ap_ctrl_hs:ce=0
Port [ add_ln66]:  wired=1; compound=0; hidden=0; nouse=0; global=0; static=0; extern=0; dir=0; type=0; pingpong=0; private_global=0; IO mode=ap_none:ce=0
Port [ add_ln66_1]:  wired=1; compound=0; hidden=0; nouse=0; global=0; static=0; extern=0; dir=0; type=0; pingpong=0; private_global=0; IO mode=ap_none:ce=0
Port [ add_ln66_2]:  wired=1; compound=0; hidden=0; nouse=0; global=0; static=0; extern=0; dir=0; type=0; pingpong=0; private_global=0; IO mode=ap_none:ce=0
Port [ empty]:  wired=1; compound=0; hidden=0; nouse=0; global=0; static=0; extern=0; dir=0; type=0; pingpong=0; private_global=0; IO mode=ap_none:ce=0
Port [ sext_ln77]:  wired=1; compound=0; hidden=0; nouse=0; global=0; static=0; extern=0; dir=0; type=0; pingpong=0; private_global=0; IO mode=ap_none:ce=0
Port [ sext_ln71_1]:  wired=1; compound=0; hidden=0; nouse=0; global=0; static=0; extern=0; dir=0; type=0; pingpong=0; private_global=0; IO mode=ap_none:ce=0
Port [ buffer_c1]:  wired=1; compound=1; hidden=0; nouse=0; global=0; static=0; extern=0; dir=1; type=1; pingpong=0; private_global=0; MemPort=[03]; IO mode=ap_memory:ce=0
Port [ zext_ln60_1]:  wired=1; compound=0; hidden=0; nouse=0; global=0; static=0; extern=0; dir=0; type=0; pingpong=0; private_global=0; IO mode=ap_none:ce=0
Port [ buffer_c1_1]:  wired=1; compound=1; hidden=0; nouse=0; global=0; static=0; extern=0; dir=1; type=1; pingpong=0; private_global=0; MemPort=[03]; IO mode=ap_memory:ce=0
Port [ buffer_c1_2]:  wired=1; compound=1; hidden=0; nouse=0; global=0; static=0; extern=0; dir=1; type=1; pingpong=0; private_global=0; MemPort=[03]; IO mode=ap_memory:ce=0
Port [ buffer_c1_3]:  wired=1; compound=1; hidden=0; nouse=0; global=0; static=0; extern=0; dir=1; type=1; pingpong=0; private_global=0; MemPort=[03]; IO mode=ap_memory:ce=0
Port [ buffer_c1_4]:  wired=1; compound=1; hidden=0; nouse=0; global=0; static=0; extern=0; dir=1; type=1; pingpong=0; private_global=0; MemPort=[03]; IO mode=ap_memory:ce=0
Port [ buffer_c1_5]:  wired=1; compound=1; hidden=0; nouse=0; global=0; static=0; extern=0; dir=1; type=1; pingpong=0; private_global=0; MemPort=[03]; IO mode=ap_memory:ce=0
Port [ buffer_c1_6]:  wired=1; compound=1; hidden=0; nouse=0; global=0; static=0; extern=0; dir=1; type=1; pingpong=0; private_global=0; MemPort=[03]; IO mode=ap_memory:ce=0
Port [ buffer_c1_7]:  wired=1; compound=1; hidden=0; nouse=0; global=0; static=0; extern=0; dir=1; type=1; pingpong=0; private_global=0; MemPort=[03]; IO mode=ap_memory:ce=0
Port [ buffer_c1_8]:  wired=1; compound=1; hidden=0; nouse=0; global=0; static=0; extern=0; dir=1; type=1; pingpong=0; private_global=0; MemPort=[03]; IO mode=ap_memory:ce=0
Port [ buffer_c1_9]:  wired=1; compound=1; hidden=0; nouse=0; global=0; static=0; extern=0; dir=1; type=1; pingpong=0; private_global=0; MemPort=[03]; IO mode=ap_memory:ce=0
Port [ buffer_c1_10]:  wired=1; compound=1; hidden=0; nouse=0; global=0; static=0; extern=0; dir=1; type=1; pingpong=0; private_global=0; MemPort=[03]; IO mode=ap_memory:ce=0
Port [ buffer_c1_11]:  wired=1; compound=1; hidden=0; nouse=0; global=0; static=0; extern=0; dir=1; type=1; pingpong=0; private_global=0; MemPort=[03]; IO mode=ap_memory:ce=0
Port [ buffer_c1_12]:  wired=1; compound=1; hidden=0; nouse=0; global=0; static=0; extern=0; dir=1; type=1; pingpong=0; private_global=0; MemPort=[03]; IO mode=ap_memory:ce=0
Port [ buffer_c1_13]:  wired=1; compound=1; hidden=0; nouse=0; global=0; static=0; extern=0; dir=1; type=1; pingpong=0; private_global=0; MemPort=[03]; IO mode=ap_memory:ce=0
Port [ buffer_c1_14]:  wired=1; compound=1; hidden=0; nouse=0; global=0; static=0; extern=0; dir=1; type=1; pingpong=0; private_global=0; MemPort=[03]; IO mode=ap_memory:ce=0
Port [ buffer_c1_15]:  wired=1; compound=1; hidden=0; nouse=0; global=0; static=0; extern=0; dir=1; type=1; pingpong=0; private_global=0; MemPort=[03]; IO mode=ap_memory:ce=0
Port [ buffer_c1_16]:  wired=1; compound=1; hidden=0; nouse=0; global=0; static=0; extern=0; dir=1; type=1; pingpong=0; private_global=0; MemPort=[03]; IO mode=ap_memory:ce=0
Port [ buffer_c1_17]:  wired=1; compound=1; hidden=0; nouse=0; global=0; static=0; extern=0; dir=1; type=1; pingpong=0; private_global=0; MemPort=[03]; IO mode=ap_memory:ce=0
Port [ buffer_c1_18]:  wired=1; compound=1; hidden=0; nouse=0; global=0; static=0; extern=0; dir=1; type=1; pingpong=0; private_global=0; MemPort=[03]; IO mode=ap_memory:ce=0
Port [ buffer_c1_19]:  wired=1; compound=1; hidden=0; nouse=0; global=0; static=0; extern=0; dir=1; type=1; pingpong=0; private_global=0; MemPort=[03]; IO mode=ap_memory:ce=0
Port [ buffer_c1_20]:  wired=1; compound=1; hidden=0; nouse=0; global=0; static=0; extern=0; dir=1; type=1; pingpong=0; private_global=0; MemPort=[03]; IO mode=ap_memory:ce=0
Port [ buffer_c1_21]:  wired=1; compound=1; hidden=0; nouse=0; global=0; static=0; extern=0; dir=1; type=1; pingpong=0; private_global=0; MemPort=[03]; IO mode=ap_memory:ce=0
Port [ buffer_c1_22]:  wired=1; compound=1; hidden=0; nouse=0; global=0; static=0; extern=0; dir=1; type=1; pingpong=0; private_global=0; MemPort=[03]; IO mode=ap_memory:ce=0
Port [ buffer_c1_23]:  wired=1; compound=1; hidden=0; nouse=0; global=0; static=0; extern=0; dir=1; type=1; pingpong=0; private_global=0; MemPort=[03]; IO mode=ap_memory:ce=0
Port [ buffer_c1_24]:  wired=1; compound=1; hidden=0; nouse=0; global=0; static=0; extern=0; dir=1; type=1; pingpong=0; private_global=0; MemPort=[03]; IO mode=ap_memory:ce=0
Port [ buffer_c1_25]:  wired=1; compound=1; hidden=0; nouse=0; global=0; static=0; extern=0; dir=1; type=1; pingpong=0; private_global=0; MemPort=[03]; IO mode=ap_memory:ce=0
Port [ buffer_c1_26]:  wired=1; compound=1; hidden=0; nouse=0; global=0; static=0; extern=0; dir=1; type=1; pingpong=0; private_global=0; MemPort=[03]; IO mode=ap_memory:ce=0
Port [ buffer_c1_27]:  wired=1; compound=1; hidden=0; nouse=0; global=0; static=0; extern=0; dir=1; type=1; pingpong=0; private_global=0; MemPort=[03]; IO mode=ap_memory:ce=0
Port [ buffer_c1_28]:  wired=1; compound=1; hidden=0; nouse=0; global=0; static=0; extern=0; dir=1; type=1; pingpong=0; private_global=0; MemPort=[03]; IO mode=ap_memory:ce=0
Port [ buffer_c1_29]:  wired=1; compound=1; hidden=0; nouse=0; global=0; static=0; extern=0; dir=1; type=1; pingpong=0; private_global=0; MemPort=[03]; IO mode=ap_memory:ce=0
Port [ buffer_c1_30]:  wired=1; compound=1; hidden=0; nouse=0; global=0; static=0; extern=0; dir=1; type=1; pingpong=0; private_global=0; MemPort=[03]; IO mode=ap_memory:ce=0
Port [ buffer_c1_31]:  wired=1; compound=1; hidden=0; nouse=0; global=0; static=0; extern=0; dir=1; type=1; pingpong=0; private_global=0; MemPort=[03]; IO mode=ap_memory:ce=0
Port [ buffer_c1_32]:  wired=1; compound=1; hidden=0; nouse=0; global=0; static=0; extern=0; dir=1; type=1; pingpong=0; private_global=0; MemPort=[03]; IO mode=ap_memory:ce=0
Port [ buffer_c1_33]:  wired=1; compound=1; hidden=0; nouse=0; global=0; static=0; extern=0; dir=1; type=1; pingpong=0; private_global=0; MemPort=[03]; IO mode=ap_memory:ce=0
Port [ buffer_c1_34]:  wired=1; compound=1; hidden=0; nouse=0; global=0; static=0; extern=0; dir=1; type=1; pingpong=0; private_global=0; MemPort=[03]; IO mode=ap_memory:ce=0
Port [ buffer_c1_35]:  wired=1; compound=1; hidden=0; nouse=0; global=0; static=0; extern=0; dir=1; type=1; pingpong=0; private_global=0; MemPort=[03]; IO mode=ap_memory:ce=0
Port [ buffer_c1_36]:  wired=1; compound=1; hidden=0; nouse=0; global=0; static=0; extern=0; dir=1; type=1; pingpong=0; private_global=0; MemPort=[03]; IO mode=ap_memory:ce=0
Port [ buffer_c1_37]:  wired=1; compound=1; hidden=0; nouse=0; global=0; static=0; extern=0; dir=1; type=1; pingpong=0; private_global=0; MemPort=[03]; IO mode=ap_memory:ce=0
Port [ buffer_c1_38]:  wired=1; compound=1; hidden=0; nouse=0; global=0; static=0; extern=0; dir=1; type=1; pingpong=0; private_global=0; MemPort=[03]; IO mode=ap_memory:ce=0
Port [ buffer_c1_39]:  wired=1; compound=1; hidden=0; nouse=0; global=0; static=0; extern=0; dir=1; type=1; pingpong=0; private_global=0; MemPort=[03]; IO mode=ap_memory:ce=0
Port [ sext_ln71_3]:  wired=1; compound=0; hidden=0; nouse=0; global=0; static=0; extern=0; dir=0; type=0; pingpong=0; private_global=0; IO mode=ap_none:ce=0
Port [ sext_ln71_4]:  wired=1; compound=0; hidden=0; nouse=0; global=0; static=0; extern=0; dir=0; type=0; pingpong=0; private_global=0; IO mode=ap_none:ce=0
Port [ sext_ln71_5]:  wired=1; compound=0; hidden=0; nouse=0; global=0; static=0; extern=0; dir=0; type=0; pingpong=0; private_global=0; IO mode=ap_none:ce=0
Port [ conv1_weight]:  wired=0; compound=1; hidden=1; nouse=0; global=1; static=1; extern=0; dir=0; type=1; pingpong=0; private_global=1; MemPort=[11111]; IO mode=ap_memory:ce=0
Port [ conv1_multiplier]:  wired=0; compound=1; hidden=1; nouse=0; global=1; static=1; extern=0; dir=0; type=1; pingpong=0; private_global=1; MemPort=[1]; IO mode=ap_memory:ce=0
Port [ conv1_shift]:  wired=0; compound=1; hidden=1; nouse=0; global=1; static=1; extern=0; dir=0; type=1; pingpong=0; private_global=1; MemPort=[1]; IO mode=ap_memory:ce=0
Port [ conv1_bias]:  wired=0; compound=1; hidden=1; nouse=0; global=1; static=1; extern=0; dir=0; type=1; pingpong=0; private_global=1; MemPort=[1]; IO mode=ap_memory:ce=0
---------------- STG Properties END ------------------

---------------- Datapath Model BEGIN ----------------

<LifeTime>
<method=bitvector/>
oc                     (alloca           ) [ 010000000000]
sext_ln71_5_read       (read             ) [ 000000000000]
sext_ln71_4_read       (read             ) [ 000000000000]
sext_ln71_3_read       (read             ) [ 000000000000]
zext_ln60_1_read       (read             ) [ 000000000000]
sext_ln71_1_read       (read             ) [ 000000000000]
sext_ln77_read         (read             ) [ 000000000000]
tmp                    (read             ) [ 011111111111]
add_ln66_2_read        (read             ) [ 000000000000]
add_ln66_1_read        (read             ) [ 000000000000]
add_ln66_read          (read             ) [ 000000000000]
sext_ln69              (sext             ) [ 011100000000]
sext_ln69_1            (sext             ) [ 011110000000]
sext_ln69_2            (sext             ) [ 011110000000]
zext_ln69              (zext             ) [ 011111111111]
sext_ln69_3            (sext             ) [ 011111000000]
sext_ln69_4            (sext             ) [ 011111000000]
icmp_ln69              (icmp             ) [ 011111111111]
icmp_ln69_1            (icmp             ) [ 011111111111]
icmp_ln69_2            (icmp             ) [ 011111111111]
store_ln61             (store            ) [ 000000000000]
br_ln0                 (br               ) [ 000000000000]
oc_1                   (load             ) [ 011110000000]
icmp_ln61              (icmp             ) [ 011111111111]
add_ln61               (add              ) [ 000000000000]
br_ln61                (br               ) [ 000000000000]
trunc_ln61             (trunc            ) [ 011111111111]
br_ln69                (br               ) [ 011111000000]
br_ln69                (br               ) [ 011111000000]
br_ln69                (br               ) [ 011100000000]
switch_ln77            (switch           ) [ 000000000000]
switch_ln77            (switch           ) [ 000000000000]
br_ln77                (br               ) [ 000000000000]
switch_ln77            (switch           ) [ 000000000000]
br_ln77                (br               ) [ 000000000000]
switch_ln77            (switch           ) [ 000000000000]
br_ln77                (br               ) [ 000000000000]
switch_ln77            (switch           ) [ 000000000000]
br_ln77                (br               ) [ 000000000000]
switch_ln77            (switch           ) [ 000000000000]
br_ln77                (br               ) [ 000000000000]
switch_ln77            (switch           ) [ 000000000000]
br_ln77                (br               ) [ 000000000000]
switch_ln77            (switch           ) [ 000000000000]
br_ln77                (br               ) [ 000000000000]
switch_ln77            (switch           ) [ 000000000000]
br_ln77                (br               ) [ 000000000000]
store_ln61             (store            ) [ 000000000000]
br_ln61                (br               ) [ 000000000000]
zext_ln61_1            (zext             ) [ 000000000000]
p_shl                  (bitconcatenate   ) [ 000000000000]
add_ln69               (add              ) [ 010110000000]
br_ln72                (br               ) [ 011100000000]
add_ln74_3             (add              ) [ 000000000000]
zext_ln74_3            (zext             ) [ 000000000000]
conv1_weight_addr_4    (getelementptr    ) [ 010100000000]
add_ln74_2             (add              ) [ 000000000000]
zext_ln74_2            (zext             ) [ 000000000000]
conv1_weight_addr_3    (getelementptr    ) [ 010010000000]
x_45                   (add              ) [ 000000000000]
x_15                   (phi              ) [ 010100000000]
sext_ln67_4            (sext             ) [ 010011000000]
conv1_weight_load_4    (load             ) [ 000000000000]
sext_ln74_3            (sext             ) [ 010011000000]
zext_ln61              (zext             ) [ 000000000000]
conv1_bias_addr        (getelementptr    ) [ 010001000000]
zext_ln69_1            (zext             ) [ 000000000000]
x                      (add              ) [ 010011000000]
br_ln72                (br               ) [ 010011000000]
conv1_weight_addr      (getelementptr    ) [ 010001000000]
x_44                   (add              ) [ 010011000000]
br_ln72                (br               ) [ 010011000000]
add_ln74               (add              ) [ 000000000000]
zext_ln74              (zext             ) [ 000000000000]
conv1_weight_addr_1    (getelementptr    ) [ 010001000000]
add_ln74_1             (add              ) [ 000000000000]
zext_ln74_1            (zext             ) [ 000000000000]
conv1_weight_addr_2    (getelementptr    ) [ 010001000000]
conv1_weight_load_3    (load             ) [ 010001000000]
conv1_multiplier_addr  (getelementptr    ) [ 010001000000]
conv1_shift_addr       (getelementptr    ) [ 010001000000]
acc                    (load             ) [ 010000100000]
x_1                    (phi              ) [ 010001000000]
sext_ln67              (sext             ) [ 000000000000]
conv1_weight_load      (load             ) [ 000000000000]
sext_ln74              (sext             ) [ 000000000000]
mul_ln74               (mul              ) [ 010000100000]
x_3                    (phi              ) [ 010001000000]
sext_ln67_1            (sext             ) [ 000000000000]
conv1_weight_load_1    (load             ) [ 000000000000]
sext_ln67_2            (sext             ) [ 000000000000]
conv1_weight_load_2    (load             ) [ 000000000000]
sext_ln67_3            (sext             ) [ 000000000000]
sext_ln74_1            (sext             ) [ 000000000000]
mul_ln74_1             (mul              ) [ 010000100000]
mul_ln74_2             (mul              ) [ 010000100000]
mul_ln74_3             (mul              ) [ 010000100000]
mul_ln74_4             (mul              ) [ 010000100000]
conv1_multiplier_load  (load             ) [ 010000110000]
conv1_shift_load       (load             ) [ 010000111110]
sext_ln63              (sext             ) [ 000000000000]
sext_ln74_2            (sext             ) [ 000000000000]
add_ln74_4             (add              ) [ 000000000000]
add_ln74_5             (add              ) [ 000000000000]
sext_ln74_4            (sext             ) [ 000000000000]
add_ln74_6             (add              ) [ 000000000000]
sext_ln74_5            (sext             ) [ 000000000000]
add_ln74_7             (add              ) [ 000000000000]
sext_ln74_6            (sext             ) [ 000000000000]
acc_2                  (add              ) [ 010000010000]
sext_ln6               (sext             ) [ 010000001000]
zext_ln6               (zext             ) [ 010000001000]
acc64                  (mul              ) [ 010000000100]
add_ln10               (add              ) [ 010000000100]
zext_ln10              (zext             ) [ 000000000000]
shl_ln10               (shl              ) [ 000000000000]
zext_ln10_2            (zext             ) [ 000000000000]
acc64_2                (add              ) [ 010000000010]
zext_ln13              (zext             ) [ 000000000000]
res                    (ashr             ) [ 000000000000]
trunc_ln13             (trunc            ) [ 000000000000]
tmp_8                  (bitselect        ) [ 000000000000]
res_2                  (select           ) [ 000000000000]
tmp_9                  (partselect       ) [ 000000000000]
icmp_ln20              (icmp             ) [ 010000000001]
trunc_ln22             (trunc            ) [ 010000000001]
buffer_c1_addr         (getelementptr    ) [ 000000000000]
buffer_c1_1_addr       (getelementptr    ) [ 000000000000]
buffer_c1_2_addr       (getelementptr    ) [ 000000000000]
buffer_c1_3_addr       (getelementptr    ) [ 000000000000]
buffer_c1_4_addr       (getelementptr    ) [ 000000000000]
buffer_c1_5_addr       (getelementptr    ) [ 000000000000]
buffer_c1_6_addr       (getelementptr    ) [ 000000000000]
buffer_c1_7_addr       (getelementptr    ) [ 000000000000]
buffer_c1_8_addr       (getelementptr    ) [ 000000000000]
buffer_c1_9_addr       (getelementptr    ) [ 000000000000]
buffer_c1_10_addr      (getelementptr    ) [ 000000000000]
buffer_c1_11_addr      (getelementptr    ) [ 000000000000]
buffer_c1_12_addr      (getelementptr    ) [ 000000000000]
buffer_c1_13_addr      (getelementptr    ) [ 000000000000]
buffer_c1_14_addr      (getelementptr    ) [ 000000000000]
buffer_c1_15_addr      (getelementptr    ) [ 000000000000]
buffer_c1_16_addr      (getelementptr    ) [ 000000000000]
buffer_c1_17_addr      (getelementptr    ) [ 000000000000]
buffer_c1_18_addr      (getelementptr    ) [ 000000000000]
buffer_c1_19_addr      (getelementptr    ) [ 000000000000]
buffer_c1_20_addr      (getelementptr    ) [ 000000000000]
buffer_c1_21_addr      (getelementptr    ) [ 000000000000]
buffer_c1_22_addr      (getelementptr    ) [ 000000000000]
buffer_c1_23_addr      (getelementptr    ) [ 000000000000]
buffer_c1_24_addr      (getelementptr    ) [ 000000000000]
buffer_c1_25_addr      (getelementptr    ) [ 000000000000]
buffer_c1_26_addr      (getelementptr    ) [ 000000000000]
buffer_c1_27_addr      (getelementptr    ) [ 000000000000]
buffer_c1_28_addr      (getelementptr    ) [ 000000000000]
buffer_c1_29_addr      (getelementptr    ) [ 000000000000]
buffer_c1_30_addr      (getelementptr    ) [ 000000000000]
buffer_c1_31_addr      (getelementptr    ) [ 000000000000]
buffer_c1_32_addr      (getelementptr    ) [ 000000000000]
buffer_c1_33_addr      (getelementptr    ) [ 000000000000]
buffer_c1_34_addr      (getelementptr    ) [ 000000000000]
buffer_c1_35_addr      (getelementptr    ) [ 000000000000]
buffer_c1_36_addr      (getelementptr    ) [ 000000000000]
buffer_c1_37_addr      (getelementptr    ) [ 000000000000]
buffer_c1_38_addr      (getelementptr    ) [ 000000000000]
buffer_c1_39_addr      (getelementptr    ) [ 000000000000]
specpipeline_ln62      (specpipeline     ) [ 000000000000]
speclooptripcount_ln61 (speclooptripcount) [ 000000000000]
specloopname_ln61      (specloopname     ) [ 000000000000]
select_ln20            (select           ) [ 000000000000]
store_ln77             (store            ) [ 000000000000]
br_ln77                (br               ) [ 000000000000]
store_ln77             (store            ) [ 000000000000]
br_ln77                (br               ) [ 000000000000]
store_ln77             (store            ) [ 000000000000]
br_ln77                (br               ) [ 000000000000]
store_ln77             (store            ) [ 000000000000]
br_ln77                (br               ) [ 000000000000]
store_ln77             (store            ) [ 000000000000]
br_ln77                (br               ) [ 000000000000]
store_ln77             (store            ) [ 000000000000]
br_ln77                (br               ) [ 000000000000]
store_ln77             (store            ) [ 000000000000]
br_ln77                (br               ) [ 000000000000]
store_ln77             (store            ) [ 000000000000]
br_ln77                (br               ) [ 000000000000]
store_ln77             (store            ) [ 000000000000]
br_ln77                (br               ) [ 000000000000]
store_ln77             (store            ) [ 000000000000]
br_ln77                (br               ) [ 000000000000]
store_ln77             (store            ) [ 000000000000]
br_ln77                (br               ) [ 000000000000]
store_ln77             (store            ) [ 000000000000]
br_ln77                (br               ) [ 000000000000]
store_ln77             (store            ) [ 000000000000]
br_ln77                (br               ) [ 000000000000]
store_ln77             (store            ) [ 000000000000]
br_ln77                (br               ) [ 000000000000]
store_ln77             (store            ) [ 000000000000]
br_ln77                (br               ) [ 000000000000]
store_ln77             (store            ) [ 000000000000]
br_ln77                (br               ) [ 000000000000]
store_ln77             (store            ) [ 000000000000]
br_ln77                (br               ) [ 000000000000]
store_ln77             (store            ) [ 000000000000]
br_ln77                (br               ) [ 000000000000]
store_ln77             (store            ) [ 000000000000]
br_ln77                (br               ) [ 000000000000]
store_ln77             (store            ) [ 000000000000]
br_ln77                (br               ) [ 000000000000]
store_ln77             (store            ) [ 000000000000]
br_ln77                (br               ) [ 000000000000]
store_ln77             (store            ) [ 000000000000]
br_ln77                (br               ) [ 000000000000]
store_ln77             (store            ) [ 000000000000]
br_ln77                (br               ) [ 000000000000]
store_ln77             (store            ) [ 000000000000]
br_ln77                (br               ) [ 000000000000]
store_ln77             (store            ) [ 000000000000]
br_ln77                (br               ) [ 000000000000]
store_ln77             (store            ) [ 000000000000]
br_ln77                (br               ) [ 000000000000]
store_ln77             (store            ) [ 000000000000]
br_ln77                (br               ) [ 000000000000]
store_ln77             (store            ) [ 000000000000]
br_ln77                (br               ) [ 000000000000]
store_ln77             (store            ) [ 000000000000]
br_ln77                (br               ) [ 000000000000]
store_ln77             (store            ) [ 000000000000]
br_ln77                (br               ) [ 000000000000]
store_ln77             (store            ) [ 000000000000]
br_ln77                (br               ) [ 000000000000]
store_ln77             (store            ) [ 000000000000]
br_ln77                (br               ) [ 000000000000]
store_ln77             (store            ) [ 000000000000]
br_ln77                (br               ) [ 000000000000]
store_ln77             (store            ) [ 000000000000]
br_ln77                (br               ) [ 000000000000]
store_ln77             (store            ) [ 000000000000]
br_ln77                (br               ) [ 000000000000]
store_ln77             (store            ) [ 000000000000]
br_ln77                (br               ) [ 000000000000]
store_ln77             (store            ) [ 000000000000]
br_ln77                (br               ) [ 000000000000]
store_ln77             (store            ) [ 000000000000]
br_ln77                (br               ) [ 000000000000]
store_ln77             (store            ) [ 000000000000]
br_ln77                (br               ) [ 000000000000]
store_ln77             (store            ) [ 000000000000]
br_ln77                (br               ) [ 000000000000]
ret_ln0                (ret              ) [ 000000000000]
</LifeTime>

<model>

<comp_list>
<comp id="0" class="1000" name="add_ln66">
<pin_list>
<pin id="1" dir="1" index="0" bw="1" slack="0"/>
</pin_list>
<bind>
<StgValue><ssdm name="add_ln66"/></StgValue>
</bind>
</comp>

<comp id="2" class="1000" name="add_ln66_1">
<pin_list>
<pin id="3" dir="1" index="0" bw="1" slack="0"/>
</pin_list>
<bind>
<StgValue><ssdm name="add_ln66_1"/></StgValue>
</bind>
</comp>

<comp id="4" class="1000" name="add_ln66_2">
<pin_list>
<pin id="5" dir="1" index="0" bw="1" slack="0"/>
</pin_list>
<bind>
<StgValue><ssdm name="add_ln66_2"/></StgValue>
</bind>
</comp>

<comp id="6" class="1000" name="empty">
<pin_list>
<pin id="7" dir="1" index="0" bw="1" slack="0"/>
</pin_list>
<bind>
<StgValue><ssdm name="empty"/></StgValue>
</bind>
</comp>

<comp id="8" class="1000" name="sext_ln77">
<pin_list>
<pin id="9" dir="1" index="0" bw="1" slack="0"/>
</pin_list>
<bind>
<StgValue><ssdm name="sext_ln77"/></StgValue>
</bind>
</comp>

<comp id="10" class="1000" name="sext_ln71_1">
<pin_list>
<pin id="11" dir="1" index="0" bw="1" slack="0"/>
</pin_list>
<bind>
<StgValue><ssdm name="sext_ln71_1"/></StgValue>
</bind>
</comp>

<comp id="12" class="1000" name="buffer_c1">
<pin_list>
<pin id="13" dir="1" index="0" bw="1" slack="0"/>
</pin_list>
<bind>
<StgValue><ssdm name="buffer_c1"/><MemPortTyVec>0 3 </MemPortTyVec>
</StgValue>
</bind>
</comp>

<comp id="14" class="1000" name="zext_ln60_1">
<pin_list>
<pin id="15" dir="1" index="0" bw="1" slack="0"/>
</pin_list>
<bind>
<StgValue><ssdm name="zext_ln60_1"/></StgValue>
</bind>
</comp>

<comp id="16" class="1000" name="buffer_c1_1">
<pin_list>
<pin id="17" dir="1" index="0" bw="1" slack="0"/>
</pin_list>
<bind>
<StgValue><ssdm name="buffer_c1_1"/><MemPortTyVec>0 3 </MemPortTyVec>
</StgValue>
</bind>
</comp>

<comp id="18" class="1000" name="buffer_c1_2">
<pin_list>
<pin id="19" dir="1" index="0" bw="1" slack="0"/>
</pin_list>
<bind>
<StgValue><ssdm name="buffer_c1_2"/><MemPortTyVec>0 3 </MemPortTyVec>
</StgValue>
</bind>
</comp>

<comp id="20" class="1000" name="buffer_c1_3">
<pin_list>
<pin id="21" dir="1" index="0" bw="1" slack="0"/>
</pin_list>
<bind>
<StgValue><ssdm name="buffer_c1_3"/><MemPortTyVec>0 3 </MemPortTyVec>
</StgValue>
</bind>
</comp>

<comp id="22" class="1000" name="buffer_c1_4">
<pin_list>
<pin id="23" dir="1" index="0" bw="1" slack="0"/>
</pin_list>
<bind>
<StgValue><ssdm name="buffer_c1_4"/><MemPortTyVec>0 3 </MemPortTyVec>
</StgValue>
</bind>
</comp>

<comp id="24" class="1000" name="buffer_c1_5">
<pin_list>
<pin id="25" dir="1" index="0" bw="1" slack="0"/>
</pin_list>
<bind>
<StgValue><ssdm name="buffer_c1_5"/><MemPortTyVec>0 3 </MemPortTyVec>
</StgValue>
</bind>
</comp>

<comp id="26" class="1000" name="buffer_c1_6">
<pin_list>
<pin id="27" dir="1" index="0" bw="1" slack="0"/>
</pin_list>
<bind>
<StgValue><ssdm name="buffer_c1_6"/><MemPortTyVec>0 3 </MemPortTyVec>
</StgValue>
</bind>
</comp>

<comp id="28" class="1000" name="buffer_c1_7">
<pin_list>
<pin id="29" dir="1" index="0" bw="1" slack="0"/>
</pin_list>
<bind>
<StgValue><ssdm name="buffer_c1_7"/><MemPortTyVec>0 3 </MemPortTyVec>
</StgValue>
</bind>
</comp>

<comp id="30" class="1000" name="buffer_c1_8">
<pin_list>
<pin id="31" dir="1" index="0" bw="1" slack="0"/>
</pin_list>
<bind>
<StgValue><ssdm name="buffer_c1_8"/><MemPortTyVec>0 3 </MemPortTyVec>
</StgValue>
</bind>
</comp>

<comp id="32" class="1000" name="buffer_c1_9">
<pin_list>
<pin id="33" dir="1" index="0" bw="1" slack="0"/>
</pin_list>
<bind>
<StgValue><ssdm name="buffer_c1_9"/><MemPortTyVec>0 3 </MemPortTyVec>
</StgValue>
</bind>
</comp>

<comp id="34" class="1000" name="buffer_c1_10">
<pin_list>
<pin id="35" dir="1" index="0" bw="1" slack="0"/>
</pin_list>
<bind>
<StgValue><ssdm name="buffer_c1_10"/><MemPortTyVec>0 3 </MemPortTyVec>
</StgValue>
</bind>
</comp>

<comp id="36" class="1000" name="buffer_c1_11">
<pin_list>
<pin id="37" dir="1" index="0" bw="1" slack="0"/>
</pin_list>
<bind>
<StgValue><ssdm name="buffer_c1_11"/><MemPortTyVec>0 3 </MemPortTyVec>
</StgValue>
</bind>
</comp>

<comp id="38" class="1000" name="buffer_c1_12">
<pin_list>
<pin id="39" dir="1" index="0" bw="1" slack="0"/>
</pin_list>
<bind>
<StgValue><ssdm name="buffer_c1_12"/><MemPortTyVec>0 3 </MemPortTyVec>
</StgValue>
</bind>
</comp>

<comp id="40" class="1000" name="buffer_c1_13">
<pin_list>
<pin id="41" dir="1" index="0" bw="1" slack="0"/>
</pin_list>
<bind>
<StgValue><ssdm name="buffer_c1_13"/><MemPortTyVec>0 3 </MemPortTyVec>
</StgValue>
</bind>
</comp>

<comp id="42" class="1000" name="buffer_c1_14">
<pin_list>
<pin id="43" dir="1" index="0" bw="1" slack="0"/>
</pin_list>
<bind>
<StgValue><ssdm name="buffer_c1_14"/><MemPortTyVec>0 3 </MemPortTyVec>
</StgValue>
</bind>
</comp>

<comp id="44" class="1000" name="buffer_c1_15">
<pin_list>
<pin id="45" dir="1" index="0" bw="1" slack="0"/>
</pin_list>
<bind>
<StgValue><ssdm name="buffer_c1_15"/><MemPortTyVec>0 3 </MemPortTyVec>
</StgValue>
</bind>
</comp>

<comp id="46" class="1000" name="buffer_c1_16">
<pin_list>
<pin id="47" dir="1" index="0" bw="1" slack="0"/>
</pin_list>
<bind>
<StgValue><ssdm name="buffer_c1_16"/><MemPortTyVec>0 3 </MemPortTyVec>
</StgValue>
</bind>
</comp>

<comp id="48" class="1000" name="buffer_c1_17">
<pin_list>
<pin id="49" dir="1" index="0" bw="1" slack="0"/>
</pin_list>
<bind>
<StgValue><ssdm name="buffer_c1_17"/><MemPortTyVec>0 3 </MemPortTyVec>
</StgValue>
</bind>
</comp>

<comp id="50" class="1000" name="buffer_c1_18">
<pin_list>
<pin id="51" dir="1" index="0" bw="1" slack="0"/>
</pin_list>
<bind>
<StgValue><ssdm name="buffer_c1_18"/><MemPortTyVec>0 3 </MemPortTyVec>
</StgValue>
</bind>
</comp>

<comp id="52" class="1000" name="buffer_c1_19">
<pin_list>
<pin id="53" dir="1" index="0" bw="1" slack="0"/>
</pin_list>
<bind>
<StgValue><ssdm name="buffer_c1_19"/><MemPortTyVec>0 3 </MemPortTyVec>
</StgValue>
</bind>
</comp>

<comp id="54" class="1000" name="buffer_c1_20">
<pin_list>
<pin id="55" dir="1" index="0" bw="1" slack="0"/>
</pin_list>
<bind>
<StgValue><ssdm name="buffer_c1_20"/><MemPortTyVec>0 3 </MemPortTyVec>
</StgValue>
</bind>
</comp>

<comp id="56" class="1000" name="buffer_c1_21">
<pin_list>
<pin id="57" dir="1" index="0" bw="1" slack="0"/>
</pin_list>
<bind>
<StgValue><ssdm name="buffer_c1_21"/><MemPortTyVec>0 3 </MemPortTyVec>
</StgValue>
</bind>
</comp>

<comp id="58" class="1000" name="buffer_c1_22">
<pin_list>
<pin id="59" dir="1" index="0" bw="1" slack="0"/>
</pin_list>
<bind>
<StgValue><ssdm name="buffer_c1_22"/><MemPortTyVec>0 3 </MemPortTyVec>
</StgValue>
</bind>
</comp>

<comp id="60" class="1000" name="buffer_c1_23">
<pin_list>
<pin id="61" dir="1" index="0" bw="1" slack="0"/>
</pin_list>
<bind>
<StgValue><ssdm name="buffer_c1_23"/><MemPortTyVec>0 3 </MemPortTyVec>
</StgValue>
</bind>
</comp>

<comp id="62" class="1000" name="buffer_c1_24">
<pin_list>
<pin id="63" dir="1" index="0" bw="1" slack="0"/>
</pin_list>
<bind>
<StgValue><ssdm name="buffer_c1_24"/><MemPortTyVec>0 3 </MemPortTyVec>
</StgValue>
</bind>
</comp>

<comp id="64" class="1000" name="buffer_c1_25">
<pin_list>
<pin id="65" dir="1" index="0" bw="1" slack="0"/>
</pin_list>
<bind>
<StgValue><ssdm name="buffer_c1_25"/><MemPortTyVec>0 3 </MemPortTyVec>
</StgValue>
</bind>
</comp>

<comp id="66" class="1000" name="buffer_c1_26">
<pin_list>
<pin id="67" dir="1" index="0" bw="1" slack="0"/>
</pin_list>
<bind>
<StgValue><ssdm name="buffer_c1_26"/><MemPortTyVec>0 3 </MemPortTyVec>
</StgValue>
</bind>
</comp>

<comp id="68" class="1000" name="buffer_c1_27">
<pin_list>
<pin id="69" dir="1" index="0" bw="1" slack="0"/>
</pin_list>
<bind>
<StgValue><ssdm name="buffer_c1_27"/><MemPortTyVec>0 3 </MemPortTyVec>
</StgValue>
</bind>
</comp>

<comp id="70" class="1000" name="buffer_c1_28">
<pin_list>
<pin id="71" dir="1" index="0" bw="1" slack="0"/>
</pin_list>
<bind>
<StgValue><ssdm name="buffer_c1_28"/><MemPortTyVec>0 3 </MemPortTyVec>
</StgValue>
</bind>
</comp>

<comp id="72" class="1000" name="buffer_c1_29">
<pin_list>
<pin id="73" dir="1" index="0" bw="1" slack="0"/>
</pin_list>
<bind>
<StgValue><ssdm name="buffer_c1_29"/><MemPortTyVec>0 3 </MemPortTyVec>
</StgValue>
</bind>
</comp>

<comp id="74" class="1000" name="buffer_c1_30">
<pin_list>
<pin id="75" dir="1" index="0" bw="1" slack="0"/>
</pin_list>
<bind>
<StgValue><ssdm name="buffer_c1_30"/><MemPortTyVec>0 3 </MemPortTyVec>
</StgValue>
</bind>
</comp>

<comp id="76" class="1000" name="buffer_c1_31">
<pin_list>
<pin id="77" dir="1" index="0" bw="1" slack="0"/>
</pin_list>
<bind>
<StgValue><ssdm name="buffer_c1_31"/><MemPortTyVec>0 3 </MemPortTyVec>
</StgValue>
</bind>
</comp>

<comp id="78" class="1000" name="buffer_c1_32">
<pin_list>
<pin id="79" dir="1" index="0" bw="1" slack="0"/>
</pin_list>
<bind>
<StgValue><ssdm name="buffer_c1_32"/><MemPortTyVec>0 3 </MemPortTyVec>
</StgValue>
</bind>
</comp>

<comp id="80" class="1000" name="buffer_c1_33">
<pin_list>
<pin id="81" dir="1" index="0" bw="1" slack="0"/>
</pin_list>
<bind>
<StgValue><ssdm name="buffer_c1_33"/><MemPortTyVec>0 3 </MemPortTyVec>
</StgValue>
</bind>
</comp>

<comp id="82" class="1000" name="buffer_c1_34">
<pin_list>
<pin id="83" dir="1" index="0" bw="1" slack="0"/>
</pin_list>
<bind>
<StgValue><ssdm name="buffer_c1_34"/><MemPortTyVec>0 3 </MemPortTyVec>
</StgValue>
</bind>
</comp>

<comp id="84" class="1000" name="buffer_c1_35">
<pin_list>
<pin id="85" dir="1" index="0" bw="1" slack="0"/>
</pin_list>
<bind>
<StgValue><ssdm name="buffer_c1_35"/><MemPortTyVec>0 3 </MemPortTyVec>
</StgValue>
</bind>
</comp>

<comp id="86" class="1000" name="buffer_c1_36">
<pin_list>
<pin id="87" dir="1" index="0" bw="1" slack="0"/>
</pin_list>
<bind>
<StgValue><ssdm name="buffer_c1_36"/><MemPortTyVec>0 3 </MemPortTyVec>
</StgValue>
</bind>
</comp>

<comp id="88" class="1000" name="buffer_c1_37">
<pin_list>
<pin id="89" dir="1" index="0" bw="1" slack="0"/>
</pin_list>
<bind>
<StgValue><ssdm name="buffer_c1_37"/><MemPortTyVec>0 3 </MemPortTyVec>
</StgValue>
</bind>
</comp>

<comp id="90" class="1000" name="buffer_c1_38">
<pin_list>
<pin id="91" dir="1" index="0" bw="1" slack="0"/>
</pin_list>
<bind>
<StgValue><ssdm name="buffer_c1_38"/><MemPortTyVec>0 3 </MemPortTyVec>
</StgValue>
</bind>
</comp>

<comp id="92" class="1000" name="buffer_c1_39">
<pin_list>
<pin id="93" dir="1" index="0" bw="1" slack="0"/>
</pin_list>
<bind>
<StgValue><ssdm name="buffer_c1_39"/><MemPortTyVec>0 3 </MemPortTyVec>
</StgValue>
</bind>
</comp>

<comp id="94" class="1000" name="sext_ln71_3">
<pin_list>
<pin id="95" dir="1" index="0" bw="1" slack="0"/>
</pin_list>
<bind>
<StgValue><ssdm name="sext_ln71_3"/></StgValue>
</bind>
</comp>

<comp id="96" class="1000" name="sext_ln71_4">
<pin_list>
<pin id="97" dir="1" index="0" bw="1" slack="0"/>
</pin_list>
<bind>
<StgValue><ssdm name="sext_ln71_4"/></StgValue>
</bind>
</comp>

<comp id="98" class="1000" name="sext_ln71_5">
<pin_list>
<pin id="99" dir="1" index="0" bw="1" slack="0"/>
</pin_list>
<bind>
<StgValue><ssdm name="sext_ln71_5"/></StgValue>
</bind>
</comp>

<comp id="100" class="1000" name="conv1_weight">
<pin_list>
<pin id="101" dir="1" index="0" bw="1" slack="0"/>
</pin_list>
<bind>
<StgValue><ssdm name="conv1_weight"/><MemPortTyVec>1 1 1 1 1 </MemPortTyVec>
</StgValue>
</bind>
</comp>

<comp id="102" class="1000" name="conv1_multiplier">
<pin_list>
<pin id="103" dir="1" index="0" bw="1" slack="0"/>
</pin_list>
<bind>
<StgValue><ssdm name="conv1_multiplier"/><MemPortTyVec>1 </MemPortTyVec>
</StgValue>
</bind>
</comp>

<comp id="104" class="1000" name="conv1_shift">
<pin_list>
<pin id="105" dir="1" index="0" bw="1" slack="0"/>
</pin_list>
<bind>
<StgValue><ssdm name="conv1_shift"/><MemPortTyVec>1 </MemPortTyVec>
</StgValue>
</bind>
</comp>

<comp id="106" class="1000" name="conv1_bias">
<pin_list>
<pin id="107" dir="1" index="0" bw="1" slack="0"/>
</pin_list>
<bind>
<StgValue><ssdm name="conv1_bias"/><MemPortTyVec>1 </MemPortTyVec>
</StgValue>
</bind>
</comp>

<comp id="108" class="1001" name="const_108">
<pin_list>
<pin id="109" dir="1" index="0" bw="1" slack="0"/>
</pin_list>
<bind>
<StgValue><ssdm name=""/></StgValue>
</bind>
</comp>

<comp id="110" class="1001" name="const_110">
<pin_list>
<pin id="111" dir="1" index="0" bw="1" slack="0"/>
</pin_list>
<bind>
<StgValue><ssdm name="_ssdm_op_Read.ap_auto.i8"/></StgValue>
</bind>
</comp>

<comp id="112" class="1001" name="const_112">
<pin_list>
<pin id="113" dir="1" index="0" bw="1" slack="0"/>
</pin_list>
<bind>
<StgValue><ssdm name="_ssdm_op_Read.ap_auto.i4"/></StgValue>
</bind>
</comp>

<comp id="114" class="1001" name="const_114">
<pin_list>
<pin id="115" dir="1" index="0" bw="1" slack="0"/>
</pin_list>
<bind>
<StgValue><ssdm name="_ssdm_op_Read.ap_auto.i9"/></StgValue>
</bind>
</comp>

<comp id="116" class="1001" name="const_116">
<pin_list>
<pin id="117" dir="1" index="0" bw="1" slack="0"/>
</pin_list>
<bind>
<StgValue><ssdm name="_ssdm_op_Read.ap_auto.i3"/></StgValue>
</bind>
</comp>

<comp id="118" class="1001" name="const_118">
<pin_list>
<pin id="119" dir="1" index="0" bw="1" slack="0"/>
</pin_list>
<bind>
<StgValue><ssdm name="_ssdm_op_Read.ap_auto.i7"/></StgValue>
</bind>
</comp>

<comp id="120" class="1001" name="const_120">
<pin_list>
<pin id="121" dir="1" index="0" bw="1" slack="0"/>
</pin_list>
<bind>
<StgValue><ssdm name=""/></StgValue>
</bind>
</comp>

<comp id="122" class="1001" name="const_122">
<pin_list>
<pin id="123" dir="1" index="0" bw="1" slack="0"/>
</pin_list>
<bind>
<StgValue><ssdm name=""/></StgValue>
</bind>
</comp>

<comp id="124" class="1001" name="const_124">
<pin_list>
<pin id="125" dir="1" index="0" bw="1" slack="0"/>
</pin_list>
<bind>
<StgValue><ssdm name=""/></StgValue>
</bind>
</comp>

<comp id="126" class="1001" name="const_126">
<pin_list>
<pin id="127" dir="1" index="0" bw="1" slack="0"/>
</pin_list>
<bind>
<StgValue><ssdm name=""/></StgValue>
</bind>
</comp>

<comp id="128" class="1001" name="const_128">
<pin_list>
<pin id="129" dir="1" index="0" bw="1" slack="0"/>
</pin_list>
<bind>
<StgValue><ssdm name=""/></StgValue>
</bind>
</comp>

<comp id="130" class="1001" name="const_130">
<pin_list>
<pin id="131" dir="1" index="0" bw="1" slack="0"/>
</pin_list>
<bind>
<StgValue><ssdm name=""/></StgValue>
</bind>
</comp>

<comp id="132" class="1001" name="const_132">
<pin_list>
<pin id="133" dir="1" index="0" bw="1" slack="0"/>
</pin_list>
<bind>
<StgValue><ssdm name=""/></StgValue>
</bind>
</comp>

<comp id="134" class="1001" name="const_134">
<pin_list>
<pin id="135" dir="1" index="0" bw="1" slack="0"/>
</pin_list>
<bind>
<StgValue><ssdm name=""/></StgValue>
</bind>
</comp>

<comp id="136" class="1001" name="const_136">
<pin_list>
<pin id="137" dir="1" index="0" bw="1" slack="0"/>
</pin_list>
<bind>
<StgValue><ssdm name=""/></StgValue>
</bind>
</comp>

<comp id="138" class="1001" name="const_138">
<pin_list>
<pin id="139" dir="1" index="0" bw="1" slack="0"/>
</pin_list>
<bind>
<StgValue><ssdm name=""/></StgValue>
</bind>
</comp>

<comp id="140" class="1001" name="const_140">
<pin_list>
<pin id="141" dir="1" index="0" bw="1" slack="0"/>
</pin_list>
<bind>
<StgValue><ssdm name=""/></StgValue>
</bind>
</comp>

<comp id="142" class="1001" name="const_142">
<pin_list>
<pin id="143" dir="1" index="0" bw="1" slack="0"/>
</pin_list>
<bind>
<StgValue><ssdm name=""/></StgValue>
</bind>
</comp>

<comp id="144" class="1001" name="const_144">
<pin_list>
<pin id="145" dir="1" index="0" bw="1" slack="0"/>
</pin_list>
<bind>
<StgValue><ssdm name="_ssdm_op_BitConcatenate.i6.i4.i2"/></StgValue>
</bind>
</comp>

<comp id="146" class="1001" name="const_146">
<pin_list>
<pin id="147" dir="1" index="0" bw="1" slack="0"/>
</pin_list>
<bind>
<StgValue><ssdm name=""/></StgValue>
</bind>
</comp>

<comp id="148" class="1001" name="const_148">
<pin_list>
<pin id="149" dir="1" index="0" bw="1" slack="0"/>
</pin_list>
<bind>
<StgValue><ssdm name=""/></StgValue>
</bind>
</comp>

<comp id="150" class="1001" name="const_150">
<pin_list>
<pin id="151" dir="1" index="0" bw="1" slack="0"/>
</pin_list>
<bind>
<StgValue><ssdm name=""/></StgValue>
</bind>
</comp>

<comp id="152" class="1001" name="const_152">
<pin_list>
<pin id="153" dir="1" index="0" bw="1" slack="0"/>
</pin_list>
<bind>
<StgValue><ssdm name=""/></StgValue>
</bind>
</comp>

<comp id="154" class="1001" name="const_154">
<pin_list>
<pin id="155" dir="1" index="0" bw="1" slack="0"/>
</pin_list>
<bind>
<StgValue><ssdm name=""/></StgValue>
</bind>
</comp>

<comp id="156" class="1001" name="const_156">
<pin_list>
<pin id="157" dir="1" index="0" bw="1" slack="2"/>
</pin_list>
<bind>
<StgValue><ssdm name=""/></StgValue>
</bind>
</comp>

<comp id="158" class="1001" name="const_158">
<pin_list>
<pin id="159" dir="1" index="0" bw="1" slack="0"/>
</pin_list>
<bind>
<StgValue><ssdm name=""/></StgValue>
</bind>
</comp>

<comp id="160" class="1001" name="const_160">
<pin_list>
<pin id="161" dir="1" index="0" bw="1" slack="0"/>
</pin_list>
<bind>
<StgValue><ssdm name=""/></StgValue>
</bind>
</comp>

<comp id="162" class="1001" name="const_162">
<pin_list>
<pin id="163" dir="1" index="0" bw="1" slack="0"/>
</pin_list>
<bind>
<StgValue><ssdm name=""/></StgValue>
</bind>
</comp>

<comp id="164" class="1001" name="const_164">
<pin_list>
<pin id="165" dir="1" index="0" bw="1" slack="0"/>
</pin_list>
<bind>
<StgValue><ssdm name=""/></StgValue>
</bind>
</comp>

<comp id="166" class="1001" name="const_166">
<pin_list>
<pin id="167" dir="1" index="0" bw="1" slack="0"/>
</pin_list>
<bind>
<StgValue><ssdm name="_ssdm_op_BitSelect.i1.i49.i32"/></StgValue>
</bind>
</comp>

<comp id="168" class="1001" name="const_168">
<pin_list>
<pin id="169" dir="1" index="0" bw="1" slack="0"/>
</pin_list>
<bind>
<StgValue><ssdm name=""/></StgValue>
</bind>
</comp>

<comp id="170" class="1001" name="const_170">
<pin_list>
<pin id="171" dir="1" index="0" bw="1" slack="0"/>
</pin_list>
<bind>
<StgValue><ssdm name=""/></StgValue>
</bind>
</comp>

<comp id="172" class="1001" name="const_172">
<pin_list>
<pin id="173" dir="1" index="0" bw="1" slack="0"/>
</pin_list>
<bind>
<StgValue><ssdm name="_ssdm_op_PartSelect.i6.i13.i32.i32"/></StgValue>
</bind>
</comp>

<comp id="174" class="1001" name="const_174">
<pin_list>
<pin id="175" dir="1" index="0" bw="1" slack="0"/>
</pin_list>
<bind>
<StgValue><ssdm name=""/></StgValue>
</bind>
</comp>

<comp id="176" class="1001" name="const_176">
<pin_list>
<pin id="177" dir="1" index="0" bw="1" slack="0"/>
</pin_list>
<bind>
<StgValue><ssdm name=""/></StgValue>
</bind>
</comp>

<comp id="178" class="1001" name="const_178">
<pin_list>
<pin id="179" dir="1" index="0" bw="1" slack="0"/>
</pin_list>
<bind>
<StgValue><ssdm name=""/></StgValue>
</bind>
</comp>

<comp id="180" class="1001" name="const_180">
<pin_list>
<pin id="181" dir="1" index="0" bw="1" slack="2147483647"/>
</pin_list>
<bind>
<StgValue><ssdm name="_ssdm_op_SpecPipeline"/></StgValue>
</bind>
</comp>

<comp id="182" class="1001" name="const_182">
<pin_list>
<pin id="183" dir="1" index="0" bw="1" slack="2147483647"/>
</pin_list>
<bind>
<StgValue><ssdm name=""/></StgValue>
</bind>
</comp>

<comp id="184" class="1001" name="const_184">
<pin_list>
<pin id="185" dir="1" index="0" bw="1" slack="2147483647"/>
</pin_list>
<bind>
<StgValue><ssdm name=""/></StgValue>
</bind>
</comp>

<comp id="186" class="1001" name="const_186">
<pin_list>
<pin id="187" dir="1" index="0" bw="1" slack="2147483647"/>
</pin_list>
<bind>
<StgValue><ssdm name="empty_3"/></StgValue>
</bind>
</comp>

<comp id="188" class="1001" name="const_188">
<pin_list>
<pin id="189" dir="1" index="0" bw="1" slack="2147483647"/>
</pin_list>
<bind>
<StgValue><ssdm name="_ssdm_op_SpecLoopTripCount"/></StgValue>
</bind>
</comp>

<comp id="190" class="1001" name="const_190">
<pin_list>
<pin id="191" dir="1" index="0" bw="1" slack="2147483647"/>
</pin_list>
<bind>
<StgValue><ssdm name=""/></StgValue>
</bind>
</comp>

<comp id="192" class="1001" name="const_192">
<pin_list>
<pin id="193" dir="1" index="0" bw="1" slack="2147483647"/>
</pin_list>
<bind>
<StgValue><ssdm name="_ssdm_op_SpecLoopName"/></StgValue>
</bind>
</comp>

<comp id="194" class="1001" name="const_194">
<pin_list>
<pin id="195" dir="1" index="0" bw="1" slack="2147483647"/>
</pin_list>
<bind>
<StgValue><ssdm name="empty_1"/></StgValue>
</bind>
</comp>

<comp id="196" class="1001" name="const_196">
<pin_list>
<pin id="197" dir="1" index="0" bw="1" slack="0"/>
</pin_list>
<bind>
<StgValue><ssdm name=""/></StgValue>
</bind>
</comp>

<comp id="198" class="1004" name="oc_fu_198">
<pin_list>
<pin id="199" dir="0" index="0" bw="1" slack="0"/>
<pin id="200" dir="1" index="1" bw="4" slack="0"/>
</pin_list>
<bind>
<opcode="alloca(26) " fcode="alloca"/>
<opset="oc/1 "/>
</bind>
</comp>

<comp id="202" class="1004" name="sext_ln71_5_read_read_fu_202">
<pin_list>
<pin id="203" dir="0" index="0" bw="8" slack="0"/>
<pin id="204" dir="0" index="1" bw="8" slack="0"/>
<pin id="205" dir="1" index="2" bw="8" slack="0"/>
</pin_list>
<bind>
<opcode="read(1150) " fcode="read"/>
<opset="sext_ln71_5_read/1 "/>
</bind>
</comp>

<comp id="208" class="1004" name="sext_ln71_4_read_read_fu_208">
<pin_list>
<pin id="209" dir="0" index="0" bw="8" slack="0"/>
<pin id="210" dir="0" index="1" bw="8" slack="0"/>
<pin id="211" dir="1" index="2" bw="8" slack="0"/>
</pin_list>
<bind>
<opcode="read(1150) " fcode="read"/>
<opset="sext_ln71_4_read/1 "/>
</bind>
</comp>

<comp id="214" class="1004" name="sext_ln71_3_read_read_fu_214">
<pin_list>
<pin id="215" dir="0" index="0" bw="8" slack="0"/>
<pin id="216" dir="0" index="1" bw="8" slack="0"/>
<pin id="217" dir="1" index="2" bw="8" slack="0"/>
</pin_list>
<bind>
<opcode="read(1150) " fcode="read"/>
<opset="sext_ln71_3_read/1 "/>
</bind>
</comp>

<comp id="220" class="1004" name="zext_ln60_1_read_read_fu_220">
<pin_list>
<pin id="221" dir="0" index="0" bw="4" slack="0"/>
<pin id="222" dir="0" index="1" bw="4" slack="0"/>
<pin id="223" dir="1" index="2" bw="4" slack="0"/>
</pin_list>
<bind>
<opcode="read(1150) " fcode="read"/>
<opset="zext_ln60_1_read/1 "/>
</bind>
</comp>

<comp id="226" class="1004" name="sext_ln71_1_read_read_fu_226">
<pin_list>
<pin id="227" dir="0" index="0" bw="9" slack="0"/>
<pin id="228" dir="0" index="1" bw="9" slack="0"/>
<pin id="229" dir="1" index="2" bw="9" slack="0"/>
</pin_list>
<bind>
<opcode="read(1150) " fcode="read"/>
<opset="sext_ln71_1_read/1 "/>
</bind>
</comp>

<comp id="232" class="1004" name="sext_ln77_read_read_fu_232">
<pin_list>
<pin id="233" dir="0" index="0" bw="9" slack="0"/>
<pin id="234" dir="0" index="1" bw="9" slack="0"/>
<pin id="235" dir="1" index="2" bw="9" slack="0"/>
</pin_list>
<bind>
<opcode="read(1150) " fcode="read"/>
<opset="sext_ln77_read/1 "/>
</bind>
</comp>

<comp id="238" class="1004" name="tmp_read_fu_238">
<pin_list>
<pin id="239" dir="0" index="0" bw="3" slack="0"/>
<pin id="240" dir="0" index="1" bw="3" slack="0"/>
<pin id="241" dir="1" index="2" bw="3" slack="0"/>
</pin_list>
<bind>
<opcode="read(1150) " fcode="read"/>
<opset="tmp/1 "/>
</bind>
</comp>

<comp id="244" class="1004" name="add_ln66_2_read_read_fu_244">
<pin_list>
<pin id="245" dir="0" index="0" bw="7" slack="0"/>
<pin id="246" dir="0" index="1" bw="7" slack="0"/>
<pin id="247" dir="1" index="2" bw="7" slack="0"/>
</pin_list>
<bind>
<opcode="read(1150) " fcode="read"/>
<opset="add_ln66_2_read/1 "/>
</bind>
</comp>

<comp id="250" class="1004" name="add_ln66_1_read_read_fu_250">
<pin_list>
<pin id="251" dir="0" index="0" bw="8" slack="0"/>
<pin id="252" dir="0" index="1" bw="8" slack="0"/>
<pin id="253" dir="1" index="2" bw="8" slack="0"/>
</pin_list>
<bind>
<opcode="read(1150) " fcode="read"/>
<opset="add_ln66_1_read/1 "/>
</bind>
</comp>

<comp id="256" class="1004" name="add_ln66_read_read_fu_256">
<pin_list>
<pin id="257" dir="0" index="0" bw="8" slack="0"/>
<pin id="258" dir="0" index="1" bw="8" slack="0"/>
<pin id="259" dir="1" index="2" bw="8" slack="0"/>
</pin_list>
<bind>
<opcode="read(1150) " fcode="read"/>
<opset="add_ln66_read/1 "/>
</bind>
</comp>

<comp id="262" class="1004" name="conv1_weight_addr_4_gep_fu_262">
<pin_list>
<pin id="263" dir="0" index="0" bw="8" slack="0"/>
<pin id="264" dir="0" index="1" bw="1" slack="0"/>
<pin id="265" dir="0" index="2" bw="6" slack="0"/>
<pin id="266" dir="1" index="3" bw="6" slack="0"/>
</pin_list>
<bind>
<opcode="getelementptr(29) " fcode="getelementptr"/>
<opset="conv1_weight_addr_4/2 "/>
</bind>
</comp>

<comp id="269" class="1004" name="grp_access_fu_269">
<pin_list>
<pin id="270" dir="0" index="0" bw="6" slack="0"/>
<pin id="271" dir="0" index="1" bw="8" slack="2147483647"/>
<pin id="272" dir="0" index="2" bw="0" slack="0"/>
<pin id="274" dir="0" index="4" bw="6" slack="2147483647"/>
<pin id="275" dir="0" index="5" bw="8" slack="0"/>
<pin id="276" dir="0" index="6" bw="0" slack="2147483647"/>
<pin id="278" dir="0" index="8" bw="6" slack="0"/>
<pin id="279" dir="0" index="9" bw="8" slack="2147483647"/>
<pin id="280" dir="0" index="10" bw="0" slack="0"/>
<pin id="282" dir="0" index="12" bw="6" slack="2147483647"/>
<pin id="283" dir="0" index="13" bw="8" slack="2147483647"/>
<pin id="284" dir="0" index="14" bw="0" slack="2147483647"/>
<pin id="286" dir="0" index="16" bw="6" slack="2147483647"/>
<pin id="287" dir="0" index="17" bw="8" slack="2147483647"/>
<pin id="288" dir="0" index="18" bw="0" slack="2147483647"/>
<pin id="273" dir="1" index="3" bw="8" slack="0"/>
<pin id="277" dir="1" index="7" bw="8" slack="0"/>
<pin id="281" dir="1" index="11" bw="8" slack="0"/>
<pin id="285" dir="1" index="15" bw="8" slack="1"/>
<pin id="289" dir="1" index="19" bw="8" slack="0"/>
</pin_list>
<bind>
<opcode="load(27) " fcode="load"/>
<opset="conv1_weight_load_4/2 conv1_weight_load_3/3 conv1_weight_load/4 conv1_weight_load_1/4 conv1_weight_load_2/4 "/>
</bind>
</comp>

<comp id="291" class="1004" name="conv1_weight_addr_3_gep_fu_291">
<pin_list>
<pin id="292" dir="0" index="0" bw="8" slack="0"/>
<pin id="293" dir="0" index="1" bw="1" slack="0"/>
<pin id="294" dir="0" index="2" bw="6" slack="0"/>
<pin id="295" dir="1" index="3" bw="6" slack="0"/>
</pin_list>
<bind>
<opcode="getelementptr(29) " fcode="getelementptr"/>
<opset="conv1_weight_addr_3/3 "/>
</bind>
</comp>

<comp id="299" class="1004" name="conv1_bias_addr_gep_fu_299">
<pin_list>
<pin id="300" dir="0" index="0" bw="13" slack="0"/>
<pin id="301" dir="0" index="1" bw="1" slack="0"/>
<pin id="302" dir="0" index="2" bw="4" slack="0"/>
<pin id="303" dir="1" index="3" bw="3" slack="0"/>
</pin_list>
<bind>
<opcode="getelementptr(29) " fcode="getelementptr"/>
<opset="conv1_bias_addr/4 "/>
</bind>
</comp>

<comp id="306" class="1004" name="grp_access_fu_306">
<pin_list>
<pin id="307" dir="0" index="0" bw="3" slack="0"/>
<pin id="308" dir="0" index="1" bw="13" slack="2147483647"/>
<pin id="309" dir="0" index="2" bw="0" slack="2147483647"/>
<pin id="310" dir="1" index="3" bw="13" slack="1"/>
</pin_list>
<bind>
<opcode="load(27) " fcode="load"/>
<opset="acc/4 "/>
</bind>
</comp>

<comp id="312" class="1004" name="conv1_weight_addr_gep_fu_312">
<pin_list>
<pin id="313" dir="0" index="0" bw="8" slack="0"/>
<pin id="314" dir="0" index="1" bw="1" slack="0"/>
<pin id="315" dir="0" index="2" bw="6" slack="0"/>
<pin id="316" dir="1" index="3" bw="6" slack="0"/>
</pin_list>
<bind>
<opcode="getelementptr(29) " fcode="getelementptr"/>
<opset="conv1_weight_addr/4 "/>
</bind>
</comp>

<comp id="320" class="1004" name="conv1_weight_addr_1_gep_fu_320">
<pin_list>
<pin id="321" dir="0" index="0" bw="8" slack="0"/>
<pin id="322" dir="0" index="1" bw="1" slack="0"/>
<pin id="323" dir="0" index="2" bw="6" slack="0"/>
<pin id="324" dir="1" index="3" bw="6" slack="0"/>
</pin_list>
<bind>
<opcode="getelementptr(29) " fcode="getelementptr"/>
<opset="conv1_weight_addr_1/4 "/>
</bind>
</comp>

<comp id="328" class="1004" name="conv1_weight_addr_2_gep_fu_328">
<pin_list>
<pin id="329" dir="0" index="0" bw="8" slack="0"/>
<pin id="330" dir="0" index="1" bw="1" slack="0"/>
<pin id="331" dir="0" index="2" bw="6" slack="0"/>
<pin id="332" dir="1" index="3" bw="6" slack="0"/>
</pin_list>
<bind>
<opcode="getelementptr(29) " fcode="getelementptr"/>
<opset="conv1_weight_addr_2/4 "/>
</bind>
</comp>

<comp id="336" class="1004" name="conv1_multiplier_addr_gep_fu_336">
<pin_list>
<pin id="337" dir="0" index="0" bw="30" slack="0"/>
<pin id="338" dir="0" index="1" bw="1" slack="0"/>
<pin id="339" dir="0" index="2" bw="4" slack="0"/>
<pin id="340" dir="1" index="3" bw="3" slack="0"/>
</pin_list>
<bind>
<opcode="getelementptr(29) " fcode="getelementptr"/>
<opset="conv1_multiplier_addr/4 "/>
</bind>
</comp>

<comp id="343" class="1004" name="grp_access_fu_343">
<pin_list>
<pin id="344" dir="0" index="0" bw="3" slack="0"/>
<pin id="345" dir="0" index="1" bw="30" slack="2147483647"/>
<pin id="346" dir="0" index="2" bw="0" slack="2147483647"/>
<pin id="347" dir="1" index="3" bw="30" slack="2"/>
</pin_list>
<bind>
<opcode="load(27) " fcode="load"/>
<opset="conv1_multiplier_load/4 "/>
</bind>
</comp>

<comp id="349" class="1004" name="conv1_shift_addr_gep_fu_349">
<pin_list>
<pin id="350" dir="0" index="0" bw="6" slack="0"/>
<pin id="351" dir="0" index="1" bw="1" slack="0"/>
<pin id="352" dir="0" index="2" bw="4" slack="0"/>
<pin id="353" dir="1" index="3" bw="3" slack="0"/>
</pin_list>
<bind>
<opcode="getelementptr(29) " fcode="getelementptr"/>
<opset="conv1_shift_addr/4 "/>
</bind>
</comp>

<comp id="356" class="1004" name="grp_access_fu_356">
<pin_list>
<pin id="357" dir="0" index="0" bw="3" slack="0"/>
<pin id="358" dir="0" index="1" bw="6" slack="2147483647"/>
<pin id="359" dir="0" index="2" bw="0" slack="2147483647"/>
<pin id="360" dir="1" index="3" bw="6" slack="3"/>
</pin_list>
<bind>
<opcode="load(27) " fcode="load"/>
<opset="conv1_shift_load/4 "/>
</bind>
</comp>

<comp id="362" class="1004" name="buffer_c1_addr_gep_fu_362">
<pin_list>
<pin id="363" dir="0" index="0" bw="7" slack="0"/>
<pin id="364" dir="0" index="1" bw="1" slack="0"/>
<pin id="365" dir="0" index="2" bw="4" slack="10"/>
<pin id="366" dir="1" index="3" bw="4" slack="0"/>
</pin_list>
<bind>
<opcode="getelementptr(29) " fcode="getelementptr"/>
<opset="buffer_c1_addr/11 "/>
</bind>
</comp>

<comp id="369" class="1004" name="buffer_c1_1_addr_gep_fu_369">
<pin_list>
<pin id="370" dir="0" index="0" bw="7" slack="0"/>
<pin id="371" dir="0" index="1" bw="1" slack="0"/>
<pin id="372" dir="0" index="2" bw="4" slack="10"/>
<pin id="373" dir="1" index="3" bw="4" slack="0"/>
</pin_list>
<bind>
<opcode="getelementptr(29) " fcode="getelementptr"/>
<opset="buffer_c1_1_addr/11 "/>
</bind>
</comp>

<comp id="376" class="1004" name="buffer_c1_2_addr_gep_fu_376">
<pin_list>
<pin id="377" dir="0" index="0" bw="7" slack="0"/>
<pin id="378" dir="0" index="1" bw="1" slack="0"/>
<pin id="379" dir="0" index="2" bw="4" slack="10"/>
<pin id="380" dir="1" index="3" bw="4" slack="0"/>
</pin_list>
<bind>
<opcode="getelementptr(29) " fcode="getelementptr"/>
<opset="buffer_c1_2_addr/11 "/>
</bind>
</comp>

<comp id="383" class="1004" name="buffer_c1_3_addr_gep_fu_383">
<pin_list>
<pin id="384" dir="0" index="0" bw="7" slack="0"/>
<pin id="385" dir="0" index="1" bw="1" slack="0"/>
<pin id="386" dir="0" index="2" bw="4" slack="10"/>
<pin id="387" dir="1" index="3" bw="4" slack="0"/>
</pin_list>
<bind>
<opcode="getelementptr(29) " fcode="getelementptr"/>
<opset="buffer_c1_3_addr/11 "/>
</bind>
</comp>

<comp id="390" class="1004" name="buffer_c1_4_addr_gep_fu_390">
<pin_list>
<pin id="391" dir="0" index="0" bw="7" slack="0"/>
<pin id="392" dir="0" index="1" bw="1" slack="0"/>
<pin id="393" dir="0" index="2" bw="4" slack="10"/>
<pin id="394" dir="1" index="3" bw="4" slack="0"/>
</pin_list>
<bind>
<opcode="getelementptr(29) " fcode="getelementptr"/>
<opset="buffer_c1_4_addr/11 "/>
</bind>
</comp>

<comp id="397" class="1004" name="buffer_c1_5_addr_gep_fu_397">
<pin_list>
<pin id="398" dir="0" index="0" bw="7" slack="0"/>
<pin id="399" dir="0" index="1" bw="1" slack="0"/>
<pin id="400" dir="0" index="2" bw="4" slack="10"/>
<pin id="401" dir="1" index="3" bw="4" slack="0"/>
</pin_list>
<bind>
<opcode="getelementptr(29) " fcode="getelementptr"/>
<opset="buffer_c1_5_addr/11 "/>
</bind>
</comp>

<comp id="404" class="1004" name="buffer_c1_6_addr_gep_fu_404">
<pin_list>
<pin id="405" dir="0" index="0" bw="7" slack="0"/>
<pin id="406" dir="0" index="1" bw="1" slack="0"/>
<pin id="407" dir="0" index="2" bw="4" slack="10"/>
<pin id="408" dir="1" index="3" bw="4" slack="0"/>
</pin_list>
<bind>
<opcode="getelementptr(29) " fcode="getelementptr"/>
<opset="buffer_c1_6_addr/11 "/>
</bind>
</comp>

<comp id="411" class="1004" name="buffer_c1_7_addr_gep_fu_411">
<pin_list>
<pin id="412" dir="0" index="0" bw="7" slack="0"/>
<pin id="413" dir="0" index="1" bw="1" slack="0"/>
<pin id="414" dir="0" index="2" bw="4" slack="10"/>
<pin id="415" dir="1" index="3" bw="4" slack="0"/>
</pin_list>
<bind>
<opcode="getelementptr(29) " fcode="getelementptr"/>
<opset="buffer_c1_7_addr/11 "/>
</bind>
</comp>

<comp id="418" class="1004" name="buffer_c1_8_addr_gep_fu_418">
<pin_list>
<pin id="419" dir="0" index="0" bw="7" slack="0"/>
<pin id="420" dir="0" index="1" bw="1" slack="0"/>
<pin id="421" dir="0" index="2" bw="4" slack="10"/>
<pin id="422" dir="1" index="3" bw="4" slack="0"/>
</pin_list>
<bind>
<opcode="getelementptr(29) " fcode="getelementptr"/>
<opset="buffer_c1_8_addr/11 "/>
</bind>
</comp>

<comp id="425" class="1004" name="buffer_c1_9_addr_gep_fu_425">
<pin_list>
<pin id="426" dir="0" index="0" bw="7" slack="0"/>
<pin id="427" dir="0" index="1" bw="1" slack="0"/>
<pin id="428" dir="0" index="2" bw="4" slack="10"/>
<pin id="429" dir="1" index="3" bw="4" slack="0"/>
</pin_list>
<bind>
<opcode="getelementptr(29) " fcode="getelementptr"/>
<opset="buffer_c1_9_addr/11 "/>
</bind>
</comp>

<comp id="432" class="1004" name="buffer_c1_10_addr_gep_fu_432">
<pin_list>
<pin id="433" dir="0" index="0" bw="7" slack="0"/>
<pin id="434" dir="0" index="1" bw="1" slack="0"/>
<pin id="435" dir="0" index="2" bw="4" slack="10"/>
<pin id="436" dir="1" index="3" bw="4" slack="0"/>
</pin_list>
<bind>
<opcode="getelementptr(29) " fcode="getelementptr"/>
<opset="buffer_c1_10_addr/11 "/>
</bind>
</comp>

<comp id="439" class="1004" name="buffer_c1_11_addr_gep_fu_439">
<pin_list>
<pin id="440" dir="0" index="0" bw="7" slack="0"/>
<pin id="441" dir="0" index="1" bw="1" slack="0"/>
<pin id="442" dir="0" index="2" bw="4" slack="10"/>
<pin id="443" dir="1" index="3" bw="4" slack="0"/>
</pin_list>
<bind>
<opcode="getelementptr(29) " fcode="getelementptr"/>
<opset="buffer_c1_11_addr/11 "/>
</bind>
</comp>

<comp id="446" class="1004" name="buffer_c1_12_addr_gep_fu_446">
<pin_list>
<pin id="447" dir="0" index="0" bw="7" slack="0"/>
<pin id="448" dir="0" index="1" bw="1" slack="0"/>
<pin id="449" dir="0" index="2" bw="4" slack="10"/>
<pin id="450" dir="1" index="3" bw="4" slack="0"/>
</pin_list>
<bind>
<opcode="getelementptr(29) " fcode="getelementptr"/>
<opset="buffer_c1_12_addr/11 "/>
</bind>
</comp>

<comp id="453" class="1004" name="buffer_c1_13_addr_gep_fu_453">
<pin_list>
<pin id="454" dir="0" index="0" bw="7" slack="0"/>
<pin id="455" dir="0" index="1" bw="1" slack="0"/>
<pin id="456" dir="0" index="2" bw="4" slack="10"/>
<pin id="457" dir="1" index="3" bw="4" slack="0"/>
</pin_list>
<bind>
<opcode="getelementptr(29) " fcode="getelementptr"/>
<opset="buffer_c1_13_addr/11 "/>
</bind>
</comp>

<comp id="460" class="1004" name="buffer_c1_14_addr_gep_fu_460">
<pin_list>
<pin id="461" dir="0" index="0" bw="7" slack="0"/>
<pin id="462" dir="0" index="1" bw="1" slack="0"/>
<pin id="463" dir="0" index="2" bw="4" slack="10"/>
<pin id="464" dir="1" index="3" bw="4" slack="0"/>
</pin_list>
<bind>
<opcode="getelementptr(29) " fcode="getelementptr"/>
<opset="buffer_c1_14_addr/11 "/>
</bind>
</comp>

<comp id="467" class="1004" name="buffer_c1_15_addr_gep_fu_467">
<pin_list>
<pin id="468" dir="0" index="0" bw="7" slack="0"/>
<pin id="469" dir="0" index="1" bw="1" slack="0"/>
<pin id="470" dir="0" index="2" bw="4" slack="10"/>
<pin id="471" dir="1" index="3" bw="4" slack="0"/>
</pin_list>
<bind>
<opcode="getelementptr(29) " fcode="getelementptr"/>
<opset="buffer_c1_15_addr/11 "/>
</bind>
</comp>

<comp id="474" class="1004" name="buffer_c1_16_addr_gep_fu_474">
<pin_list>
<pin id="475" dir="0" index="0" bw="7" slack="0"/>
<pin id="476" dir="0" index="1" bw="1" slack="0"/>
<pin id="477" dir="0" index="2" bw="4" slack="10"/>
<pin id="478" dir="1" index="3" bw="4" slack="0"/>
</pin_list>
<bind>
<opcode="getelementptr(29) " fcode="getelementptr"/>
<opset="buffer_c1_16_addr/11 "/>
</bind>
</comp>

<comp id="481" class="1004" name="buffer_c1_17_addr_gep_fu_481">
<pin_list>
<pin id="482" dir="0" index="0" bw="7" slack="0"/>
<pin id="483" dir="0" index="1" bw="1" slack="0"/>
<pin id="484" dir="0" index="2" bw="4" slack="10"/>
<pin id="485" dir="1" index="3" bw="4" slack="0"/>
</pin_list>
<bind>
<opcode="getelementptr(29) " fcode="getelementptr"/>
<opset="buffer_c1_17_addr/11 "/>
</bind>
</comp>

<comp id="488" class="1004" name="buffer_c1_18_addr_gep_fu_488">
<pin_list>
<pin id="489" dir="0" index="0" bw="7" slack="0"/>
<pin id="490" dir="0" index="1" bw="1" slack="0"/>
<pin id="491" dir="0" index="2" bw="4" slack="10"/>
<pin id="492" dir="1" index="3" bw="4" slack="0"/>
</pin_list>
<bind>
<opcode="getelementptr(29) " fcode="getelementptr"/>
<opset="buffer_c1_18_addr/11 "/>
</bind>
</comp>

<comp id="495" class="1004" name="buffer_c1_19_addr_gep_fu_495">
<pin_list>
<pin id="496" dir="0" index="0" bw="7" slack="0"/>
<pin id="497" dir="0" index="1" bw="1" slack="0"/>
<pin id="498" dir="0" index="2" bw="4" slack="10"/>
<pin id="499" dir="1" index="3" bw="4" slack="0"/>
</pin_list>
<bind>
<opcode="getelementptr(29) " fcode="getelementptr"/>
<opset="buffer_c1_19_addr/11 "/>
</bind>
</comp>

<comp id="502" class="1004" name="buffer_c1_20_addr_gep_fu_502">
<pin_list>
<pin id="503" dir="0" index="0" bw="7" slack="0"/>
<pin id="504" dir="0" index="1" bw="1" slack="0"/>
<pin id="505" dir="0" index="2" bw="4" slack="10"/>
<pin id="506" dir="1" index="3" bw="4" slack="0"/>
</pin_list>
<bind>
<opcode="getelementptr(29) " fcode="getelementptr"/>
<opset="buffer_c1_20_addr/11 "/>
</bind>
</comp>

<comp id="509" class="1004" name="buffer_c1_21_addr_gep_fu_509">
<pin_list>
<pin id="510" dir="0" index="0" bw="7" slack="0"/>
<pin id="511" dir="0" index="1" bw="1" slack="0"/>
<pin id="512" dir="0" index="2" bw="4" slack="10"/>
<pin id="513" dir="1" index="3" bw="4" slack="0"/>
</pin_list>
<bind>
<opcode="getelementptr(29) " fcode="getelementptr"/>
<opset="buffer_c1_21_addr/11 "/>
</bind>
</comp>

<comp id="516" class="1004" name="buffer_c1_22_addr_gep_fu_516">
<pin_list>
<pin id="517" dir="0" index="0" bw="7" slack="0"/>
<pin id="518" dir="0" index="1" bw="1" slack="0"/>
<pin id="519" dir="0" index="2" bw="4" slack="10"/>
<pin id="520" dir="1" index="3" bw="4" slack="0"/>
</pin_list>
<bind>
<opcode="getelementptr(29) " fcode="getelementptr"/>
<opset="buffer_c1_22_addr/11 "/>
</bind>
</comp>

<comp id="523" class="1004" name="buffer_c1_23_addr_gep_fu_523">
<pin_list>
<pin id="524" dir="0" index="0" bw="7" slack="0"/>
<pin id="525" dir="0" index="1" bw="1" slack="0"/>
<pin id="526" dir="0" index="2" bw="4" slack="10"/>
<pin id="527" dir="1" index="3" bw="4" slack="0"/>
</pin_list>
<bind>
<opcode="getelementptr(29) " fcode="getelementptr"/>
<opset="buffer_c1_23_addr/11 "/>
</bind>
</comp>

<comp id="530" class="1004" name="buffer_c1_24_addr_gep_fu_530">
<pin_list>
<pin id="531" dir="0" index="0" bw="7" slack="0"/>
<pin id="532" dir="0" index="1" bw="1" slack="0"/>
<pin id="533" dir="0" index="2" bw="4" slack="10"/>
<pin id="534" dir="1" index="3" bw="4" slack="0"/>
</pin_list>
<bind>
<opcode="getelementptr(29) " fcode="getelementptr"/>
<opset="buffer_c1_24_addr/11 "/>
</bind>
</comp>

<comp id="537" class="1004" name="buffer_c1_25_addr_gep_fu_537">
<pin_list>
<pin id="538" dir="0" index="0" bw="7" slack="0"/>
<pin id="539" dir="0" index="1" bw="1" slack="0"/>
<pin id="540" dir="0" index="2" bw="4" slack="10"/>
<pin id="541" dir="1" index="3" bw="4" slack="0"/>
</pin_list>
<bind>
<opcode="getelementptr(29) " fcode="getelementptr"/>
<opset="buffer_c1_25_addr/11 "/>
</bind>
</comp>

<comp id="544" class="1004" name="buffer_c1_26_addr_gep_fu_544">
<pin_list>
<pin id="545" dir="0" index="0" bw="7" slack="0"/>
<pin id="546" dir="0" index="1" bw="1" slack="0"/>
<pin id="547" dir="0" index="2" bw="4" slack="10"/>
<pin id="548" dir="1" index="3" bw="4" slack="0"/>
</pin_list>
<bind>
<opcode="getelementptr(29) " fcode="getelementptr"/>
<opset="buffer_c1_26_addr/11 "/>
</bind>
</comp>

<comp id="551" class="1004" name="buffer_c1_27_addr_gep_fu_551">
<pin_list>
<pin id="552" dir="0" index="0" bw="7" slack="0"/>
<pin id="553" dir="0" index="1" bw="1" slack="0"/>
<pin id="554" dir="0" index="2" bw="4" slack="10"/>
<pin id="555" dir="1" index="3" bw="4" slack="0"/>
</pin_list>
<bind>
<opcode="getelementptr(29) " fcode="getelementptr"/>
<opset="buffer_c1_27_addr/11 "/>
</bind>
</comp>

<comp id="558" class="1004" name="buffer_c1_28_addr_gep_fu_558">
<pin_list>
<pin id="559" dir="0" index="0" bw="7" slack="0"/>
<pin id="560" dir="0" index="1" bw="1" slack="0"/>
<pin id="561" dir="0" index="2" bw="4" slack="10"/>
<pin id="562" dir="1" index="3" bw="4" slack="0"/>
</pin_list>
<bind>
<opcode="getelementptr(29) " fcode="getelementptr"/>
<opset="buffer_c1_28_addr/11 "/>
</bind>
</comp>

<comp id="565" class="1004" name="buffer_c1_29_addr_gep_fu_565">
<pin_list>
<pin id="566" dir="0" index="0" bw="7" slack="0"/>
<pin id="567" dir="0" index="1" bw="1" slack="0"/>
<pin id="568" dir="0" index="2" bw="4" slack="10"/>
<pin id="569" dir="1" index="3" bw="4" slack="0"/>
</pin_list>
<bind>
<opcode="getelementptr(29) " fcode="getelementptr"/>
<opset="buffer_c1_29_addr/11 "/>
</bind>
</comp>

<comp id="572" class="1004" name="buffer_c1_30_addr_gep_fu_572">
<pin_list>
<pin id="573" dir="0" index="0" bw="7" slack="0"/>
<pin id="574" dir="0" index="1" bw="1" slack="0"/>
<pin id="575" dir="0" index="2" bw="4" slack="10"/>
<pin id="576" dir="1" index="3" bw="4" slack="0"/>
</pin_list>
<bind>
<opcode="getelementptr(29) " fcode="getelementptr"/>
<opset="buffer_c1_30_addr/11 "/>
</bind>
</comp>

<comp id="579" class="1004" name="buffer_c1_31_addr_gep_fu_579">
<pin_list>
<pin id="580" dir="0" index="0" bw="7" slack="0"/>
<pin id="581" dir="0" index="1" bw="1" slack="0"/>
<pin id="582" dir="0" index="2" bw="4" slack="10"/>
<pin id="583" dir="1" index="3" bw="4" slack="0"/>
</pin_list>
<bind>
<opcode="getelementptr(29) " fcode="getelementptr"/>
<opset="buffer_c1_31_addr/11 "/>
</bind>
</comp>

<comp id="586" class="1004" name="buffer_c1_32_addr_gep_fu_586">
<pin_list>
<pin id="587" dir="0" index="0" bw="7" slack="0"/>
<pin id="588" dir="0" index="1" bw="1" slack="0"/>
<pin id="589" dir="0" index="2" bw="4" slack="10"/>
<pin id="590" dir="1" index="3" bw="4" slack="0"/>
</pin_list>
<bind>
<opcode="getelementptr(29) " fcode="getelementptr"/>
<opset="buffer_c1_32_addr/11 "/>
</bind>
</comp>

<comp id="593" class="1004" name="buffer_c1_33_addr_gep_fu_593">
<pin_list>
<pin id="594" dir="0" index="0" bw="7" slack="0"/>
<pin id="595" dir="0" index="1" bw="1" slack="0"/>
<pin id="596" dir="0" index="2" bw="4" slack="10"/>
<pin id="597" dir="1" index="3" bw="4" slack="0"/>
</pin_list>
<bind>
<opcode="getelementptr(29) " fcode="getelementptr"/>
<opset="buffer_c1_33_addr/11 "/>
</bind>
</comp>

<comp id="600" class="1004" name="buffer_c1_34_addr_gep_fu_600">
<pin_list>
<pin id="601" dir="0" index="0" bw="7" slack="0"/>
<pin id="602" dir="0" index="1" bw="1" slack="0"/>
<pin id="603" dir="0" index="2" bw="4" slack="10"/>
<pin id="604" dir="1" index="3" bw="4" slack="0"/>
</pin_list>
<bind>
<opcode="getelementptr(29) " fcode="getelementptr"/>
<opset="buffer_c1_34_addr/11 "/>
</bind>
</comp>

<comp id="607" class="1004" name="buffer_c1_35_addr_gep_fu_607">
<pin_list>
<pin id="608" dir="0" index="0" bw="7" slack="0"/>
<pin id="609" dir="0" index="1" bw="1" slack="0"/>
<pin id="610" dir="0" index="2" bw="4" slack="10"/>
<pin id="611" dir="1" index="3" bw="4" slack="0"/>
</pin_list>
<bind>
<opcode="getelementptr(29) " fcode="getelementptr"/>
<opset="buffer_c1_35_addr/11 "/>
</bind>
</comp>

<comp id="614" class="1004" name="buffer_c1_36_addr_gep_fu_614">
<pin_list>
<pin id="615" dir="0" index="0" bw="7" slack="0"/>
<pin id="616" dir="0" index="1" bw="1" slack="0"/>
<pin id="617" dir="0" index="2" bw="4" slack="10"/>
<pin id="618" dir="1" index="3" bw="4" slack="0"/>
</pin_list>
<bind>
<opcode="getelementptr(29) " fcode="getelementptr"/>
<opset="buffer_c1_36_addr/11 "/>
</bind>
</comp>

<comp id="621" class="1004" name="buffer_c1_37_addr_gep_fu_621">
<pin_list>
<pin id="622" dir="0" index="0" bw="7" slack="0"/>
<pin id="623" dir="0" index="1" bw="1" slack="0"/>
<pin id="624" dir="0" index="2" bw="4" slack="10"/>
<pin id="625" dir="1" index="3" bw="4" slack="0"/>
</pin_list>
<bind>
<opcode="getelementptr(29) " fcode="getelementptr"/>
<opset="buffer_c1_37_addr/11 "/>
</bind>
</comp>

<comp id="628" class="1004" name="buffer_c1_38_addr_gep_fu_628">
<pin_list>
<pin id="629" dir="0" index="0" bw="7" slack="0"/>
<pin id="630" dir="0" index="1" bw="1" slack="0"/>
<pin id="631" dir="0" index="2" bw="4" slack="10"/>
<pin id="632" dir="1" index="3" bw="4" slack="0"/>
</pin_list>
<bind>
<opcode="getelementptr(29) " fcode="getelementptr"/>
<opset="buffer_c1_38_addr/11 "/>
</bind>
</comp>

<comp id="635" class="1004" name="buffer_c1_39_addr_gep_fu_635">
<pin_list>
<pin id="636" dir="0" index="0" bw="7" slack="0"/>
<pin id="637" dir="0" index="1" bw="1" slack="0"/>
<pin id="638" dir="0" index="2" bw="4" slack="10"/>
<pin id="639" dir="1" index="3" bw="4" slack="0"/>
</pin_list>
<bind>
<opcode="getelementptr(29) " fcode="getelementptr"/>
<opset="buffer_c1_39_addr/11 "/>
</bind>
</comp>

<comp id="642" class="1004" name="store_ln77_access_fu_642">
<pin_list>
<pin id="643" dir="0" index="0" bw="4" slack="0"/>
<pin id="644" dir="0" index="1" bw="7" slack="0"/>
<pin id="645" dir="0" index="2" bw="0" slack="2147483647"/>
<pin id="646" dir="1" index="3" bw="7" slack="2147483647"/>
</pin_list>
<bind>
<opcode="store(28) " fcode="store"/>
<opset="store_ln77/11 "/>
</bind>
</comp>

<comp id="648" class="1004" name="store_ln77_access_fu_648">
<pin_list>
<pin id="649" dir="0" index="0" bw="4" slack="0"/>
<pin id="650" dir="0" index="1" bw="7" slack="0"/>
<pin id="651" dir="0" index="2" bw="0" slack="2147483647"/>
<pin id="652" dir="1" index="3" bw="7" slack="2147483647"/>
</pin_list>
<bind>
<opcode="store(28) " fcode="store"/>
<opset="store_ln77/11 "/>
</bind>
</comp>

<comp id="654" class="1004" name="store_ln77_access_fu_654">
<pin_list>
<pin id="655" dir="0" index="0" bw="4" slack="0"/>
<pin id="656" dir="0" index="1" bw="7" slack="0"/>
<pin id="657" dir="0" index="2" bw="0" slack="2147483647"/>
<pin id="658" dir="1" index="3" bw="7" slack="2147483647"/>
</pin_list>
<bind>
<opcode="store(28) " fcode="store"/>
<opset="store_ln77/11 "/>
</bind>
</comp>

<comp id="660" class="1004" name="store_ln77_access_fu_660">
<pin_list>
<pin id="661" dir="0" index="0" bw="4" slack="0"/>
<pin id="662" dir="0" index="1" bw="7" slack="0"/>
<pin id="663" dir="0" index="2" bw="0" slack="2147483647"/>
<pin id="664" dir="1" index="3" bw="7" slack="2147483647"/>
</pin_list>
<bind>
<opcode="store(28) " fcode="store"/>
<opset="store_ln77/11 "/>
</bind>
</comp>

<comp id="666" class="1004" name="store_ln77_access_fu_666">
<pin_list>
<pin id="667" dir="0" index="0" bw="4" slack="0"/>
<pin id="668" dir="0" index="1" bw="7" slack="0"/>
<pin id="669" dir="0" index="2" bw="0" slack="2147483647"/>
<pin id="670" dir="1" index="3" bw="7" slack="2147483647"/>
</pin_list>
<bind>
<opcode="store(28) " fcode="store"/>
<opset="store_ln77/11 "/>
</bind>
</comp>

<comp id="672" class="1004" name="store_ln77_access_fu_672">
<pin_list>
<pin id="673" dir="0" index="0" bw="4" slack="0"/>
<pin id="674" dir="0" index="1" bw="7" slack="0"/>
<pin id="675" dir="0" index="2" bw="0" slack="2147483647"/>
<pin id="676" dir="1" index="3" bw="7" slack="2147483647"/>
</pin_list>
<bind>
<opcode="store(28) " fcode="store"/>
<opset="store_ln77/11 "/>
</bind>
</comp>

<comp id="678" class="1004" name="store_ln77_access_fu_678">
<pin_list>
<pin id="679" dir="0" index="0" bw="4" slack="0"/>
<pin id="680" dir="0" index="1" bw="7" slack="0"/>
<pin id="681" dir="0" index="2" bw="0" slack="2147483647"/>
<pin id="682" dir="1" index="3" bw="7" slack="2147483647"/>
</pin_list>
<bind>
<opcode="store(28) " fcode="store"/>
<opset="store_ln77/11 "/>
</bind>
</comp>

<comp id="684" class="1004" name="store_ln77_access_fu_684">
<pin_list>
<pin id="685" dir="0" index="0" bw="4" slack="0"/>
<pin id="686" dir="0" index="1" bw="7" slack="0"/>
<pin id="687" dir="0" index="2" bw="0" slack="2147483647"/>
<pin id="688" dir="1" index="3" bw="7" slack="2147483647"/>
</pin_list>
<bind>
<opcode="store(28) " fcode="store"/>
<opset="store_ln77/11 "/>
</bind>
</comp>

<comp id="690" class="1004" name="store_ln77_access_fu_690">
<pin_list>
<pin id="691" dir="0" index="0" bw="4" slack="0"/>
<pin id="692" dir="0" index="1" bw="7" slack="0"/>
<pin id="693" dir="0" index="2" bw="0" slack="2147483647"/>
<pin id="694" dir="1" index="3" bw="7" slack="2147483647"/>
</pin_list>
<bind>
<opcode="store(28) " fcode="store"/>
<opset="store_ln77/11 "/>
</bind>
</comp>

<comp id="696" class="1004" name="store_ln77_access_fu_696">
<pin_list>
<pin id="697" dir="0" index="0" bw="4" slack="0"/>
<pin id="698" dir="0" index="1" bw="7" slack="0"/>
<pin id="699" dir="0" index="2" bw="0" slack="2147483647"/>
<pin id="700" dir="1" index="3" bw="7" slack="2147483647"/>
</pin_list>
<bind>
<opcode="store(28) " fcode="store"/>
<opset="store_ln77/11 "/>
</bind>
</comp>

<comp id="702" class="1004" name="store_ln77_access_fu_702">
<pin_list>
<pin id="703" dir="0" index="0" bw="4" slack="0"/>
<pin id="704" dir="0" index="1" bw="7" slack="0"/>
<pin id="705" dir="0" index="2" bw="0" slack="2147483647"/>
<pin id="706" dir="1" index="3" bw="7" slack="2147483647"/>
</pin_list>
<bind>
<opcode="store(28) " fcode="store"/>
<opset="store_ln77/11 "/>
</bind>
</comp>

<comp id="708" class="1004" name="store_ln77_access_fu_708">
<pin_list>
<pin id="709" dir="0" index="0" bw="4" slack="0"/>
<pin id="710" dir="0" index="1" bw="7" slack="0"/>
<pin id="711" dir="0" index="2" bw="0" slack="2147483647"/>
<pin id="712" dir="1" index="3" bw="7" slack="2147483647"/>
</pin_list>
<bind>
<opcode="store(28) " fcode="store"/>
<opset="store_ln77/11 "/>
</bind>
</comp>

<comp id="714" class="1004" name="store_ln77_access_fu_714">
<pin_list>
<pin id="715" dir="0" index="0" bw="4" slack="0"/>
<pin id="716" dir="0" index="1" bw="7" slack="0"/>
<pin id="717" dir="0" index="2" bw="0" slack="2147483647"/>
<pin id="718" dir="1" index="3" bw="7" slack="2147483647"/>
</pin_list>
<bind>
<opcode="store(28) " fcode="store"/>
<opset="store_ln77/11 "/>
</bind>
</comp>

<comp id="720" class="1004" name="store_ln77_access_fu_720">
<pin_list>
<pin id="721" dir="0" index="0" bw="4" slack="0"/>
<pin id="722" dir="0" index="1" bw="7" slack="0"/>
<pin id="723" dir="0" index="2" bw="0" slack="2147483647"/>
<pin id="724" dir="1" index="3" bw="7" slack="2147483647"/>
</pin_list>
<bind>
<opcode="store(28) " fcode="store"/>
<opset="store_ln77/11 "/>
</bind>
</comp>

<comp id="726" class="1004" name="store_ln77_access_fu_726">
<pin_list>
<pin id="727" dir="0" index="0" bw="4" slack="0"/>
<pin id="728" dir="0" index="1" bw="7" slack="0"/>
<pin id="729" dir="0" index="2" bw="0" slack="2147483647"/>
<pin id="730" dir="1" index="3" bw="7" slack="2147483647"/>
</pin_list>
<bind>
<opcode="store(28) " fcode="store"/>
<opset="store_ln77/11 "/>
</bind>
</comp>

<comp id="732" class="1004" name="store_ln77_access_fu_732">
<pin_list>
<pin id="733" dir="0" index="0" bw="4" slack="0"/>
<pin id="734" dir="0" index="1" bw="7" slack="0"/>
<pin id="735" dir="0" index="2" bw="0" slack="2147483647"/>
<pin id="736" dir="1" index="3" bw="7" slack="2147483647"/>
</pin_list>
<bind>
<opcode="store(28) " fcode="store"/>
<opset="store_ln77/11 "/>
</bind>
</comp>

<comp id="738" class="1004" name="store_ln77_access_fu_738">
<pin_list>
<pin id="739" dir="0" index="0" bw="4" slack="0"/>
<pin id="740" dir="0" index="1" bw="7" slack="0"/>
<pin id="741" dir="0" index="2" bw="0" slack="2147483647"/>
<pin id="742" dir="1" index="3" bw="7" slack="2147483647"/>
</pin_list>
<bind>
<opcode="store(28) " fcode="store"/>
<opset="store_ln77/11 "/>
</bind>
</comp>

<comp id="744" class="1004" name="store_ln77_access_fu_744">
<pin_list>
<pin id="745" dir="0" index="0" bw="4" slack="0"/>
<pin id="746" dir="0" index="1" bw="7" slack="0"/>
<pin id="747" dir="0" index="2" bw="0" slack="2147483647"/>
<pin id="748" dir="1" index="3" bw="7" slack="2147483647"/>
</pin_list>
<bind>
<opcode="store(28) " fcode="store"/>
<opset="store_ln77/11 "/>
</bind>
</comp>

<comp id="750" class="1004" name="store_ln77_access_fu_750">
<pin_list>
<pin id="751" dir="0" index="0" bw="4" slack="0"/>
<pin id="752" dir="0" index="1" bw="7" slack="0"/>
<pin id="753" dir="0" index="2" bw="0" slack="2147483647"/>
<pin id="754" dir="1" index="3" bw="7" slack="2147483647"/>
</pin_list>
<bind>
<opcode="store(28) " fcode="store"/>
<opset="store_ln77/11 "/>
</bind>
</comp>

<comp id="756" class="1004" name="store_ln77_access_fu_756">
<pin_list>
<pin id="757" dir="0" index="0" bw="4" slack="0"/>
<pin id="758" dir="0" index="1" bw="7" slack="0"/>
<pin id="759" dir="0" index="2" bw="0" slack="2147483647"/>
<pin id="760" dir="1" index="3" bw="7" slack="2147483647"/>
</pin_list>
<bind>
<opcode="store(28) " fcode="store"/>
<opset="store_ln77/11 "/>
</bind>
</comp>

<comp id="762" class="1004" name="store_ln77_access_fu_762">
<pin_list>
<pin id="763" dir="0" index="0" bw="4" slack="0"/>
<pin id="764" dir="0" index="1" bw="7" slack="0"/>
<pin id="765" dir="0" index="2" bw="0" slack="2147483647"/>
<pin id="766" dir="1" index="3" bw="7" slack="2147483647"/>
</pin_list>
<bind>
<opcode="store(28) " fcode="store"/>
<opset="store_ln77/11 "/>
</bind>
</comp>

<comp id="768" class="1004" name="store_ln77_access_fu_768">
<pin_list>
<pin id="769" dir="0" index="0" bw="4" slack="0"/>
<pin id="770" dir="0" index="1" bw="7" slack="0"/>
<pin id="771" dir="0" index="2" bw="0" slack="2147483647"/>
<pin id="772" dir="1" index="3" bw="7" slack="2147483647"/>
</pin_list>
<bind>
<opcode="store(28) " fcode="store"/>
<opset="store_ln77/11 "/>
</bind>
</comp>

<comp id="774" class="1004" name="store_ln77_access_fu_774">
<pin_list>
<pin id="775" dir="0" index="0" bw="4" slack="0"/>
<pin id="776" dir="0" index="1" bw="7" slack="0"/>
<pin id="777" dir="0" index="2" bw="0" slack="2147483647"/>
<pin id="778" dir="1" index="3" bw="7" slack="2147483647"/>
</pin_list>
<bind>
<opcode="store(28) " fcode="store"/>
<opset="store_ln77/11 "/>
</bind>
</comp>

<comp id="780" class="1004" name="store_ln77_access_fu_780">
<pin_list>
<pin id="781" dir="0" index="0" bw="4" slack="0"/>
<pin id="782" dir="0" index="1" bw="7" slack="0"/>
<pin id="783" dir="0" index="2" bw="0" slack="2147483647"/>
<pin id="784" dir="1" index="3" bw="7" slack="2147483647"/>
</pin_list>
<bind>
<opcode="store(28) " fcode="store"/>
<opset="store_ln77/11 "/>
</bind>
</comp>

<comp id="786" class="1004" name="store_ln77_access_fu_786">
<pin_list>
<pin id="787" dir="0" index="0" bw="4" slack="0"/>
<pin id="788" dir="0" index="1" bw="7" slack="0"/>
<pin id="789" dir="0" index="2" bw="0" slack="2147483647"/>
<pin id="790" dir="1" index="3" bw="7" slack="2147483647"/>
</pin_list>
<bind>
<opcode="store(28) " fcode="store"/>
<opset="store_ln77/11 "/>
</bind>
</comp>

<comp id="792" class="1004" name="store_ln77_access_fu_792">
<pin_list>
<pin id="793" dir="0" index="0" bw="4" slack="0"/>
<pin id="794" dir="0" index="1" bw="7" slack="0"/>
<pin id="795" dir="0" index="2" bw="0" slack="2147483647"/>
<pin id="796" dir="1" index="3" bw="7" slack="2147483647"/>
</pin_list>
<bind>
<opcode="store(28) " fcode="store"/>
<opset="store_ln77/11 "/>
</bind>
</comp>

<comp id="798" class="1004" name="store_ln77_access_fu_798">
<pin_list>
<pin id="799" dir="0" index="0" bw="4" slack="0"/>
<pin id="800" dir="0" index="1" bw="7" slack="0"/>
<pin id="801" dir="0" index="2" bw="0" slack="2147483647"/>
<pin id="802" dir="1" index="3" bw="7" slack="2147483647"/>
</pin_list>
<bind>
<opcode="store(28) " fcode="store"/>
<opset="store_ln77/11 "/>
</bind>
</comp>

<comp id="804" class="1004" name="store_ln77_access_fu_804">
<pin_list>
<pin id="805" dir="0" index="0" bw="4" slack="0"/>
<pin id="806" dir="0" index="1" bw="7" slack="0"/>
<pin id="807" dir="0" index="2" bw="0" slack="2147483647"/>
<pin id="808" dir="1" index="3" bw="7" slack="2147483647"/>
</pin_list>
<bind>
<opcode="store(28) " fcode="store"/>
<opset="store_ln77/11 "/>
</bind>
</comp>

<comp id="810" class="1004" name="store_ln77_access_fu_810">
<pin_list>
<pin id="811" dir="0" index="0" bw="4" slack="0"/>
<pin id="812" dir="0" index="1" bw="7" slack="0"/>
<pin id="813" dir="0" index="2" bw="0" slack="2147483647"/>
<pin id="814" dir="1" index="3" bw="7" slack="2147483647"/>
</pin_list>
<bind>
<opcode="store(28) " fcode="store"/>
<opset="store_ln77/11 "/>
</bind>
</comp>

<comp id="816" class="1004" name="store_ln77_access_fu_816">
<pin_list>
<pin id="817" dir="0" index="0" bw="4" slack="0"/>
<pin id="818" dir="0" index="1" bw="7" slack="0"/>
<pin id="819" dir="0" index="2" bw="0" slack="2147483647"/>
<pin id="820" dir="1" index="3" bw="7" slack="2147483647"/>
</pin_list>
<bind>
<opcode="store(28) " fcode="store"/>
<opset="store_ln77/11 "/>
</bind>
</comp>

<comp id="822" class="1004" name="store_ln77_access_fu_822">
<pin_list>
<pin id="823" dir="0" index="0" bw="4" slack="0"/>
<pin id="824" dir="0" index="1" bw="7" slack="0"/>
<pin id="825" dir="0" index="2" bw="0" slack="2147483647"/>
<pin id="826" dir="1" index="3" bw="7" slack="2147483647"/>
</pin_list>
<bind>
<opcode="store(28) " fcode="store"/>
<opset="store_ln77/11 "/>
</bind>
</comp>

<comp id="828" class="1004" name="store_ln77_access_fu_828">
<pin_list>
<pin id="829" dir="0" index="0" bw="4" slack="0"/>
<pin id="830" dir="0" index="1" bw="7" slack="0"/>
<pin id="831" dir="0" index="2" bw="0" slack="2147483647"/>
<pin id="832" dir="1" index="3" bw="7" slack="2147483647"/>
</pin_list>
<bind>
<opcode="store(28) " fcode="store"/>
<opset="store_ln77/11 "/>
</bind>
</comp>

<comp id="834" class="1004" name="store_ln77_access_fu_834">
<pin_list>
<pin id="835" dir="0" index="0" bw="4" slack="0"/>
<pin id="836" dir="0" index="1" bw="7" slack="0"/>
<pin id="837" dir="0" index="2" bw="0" slack="2147483647"/>
<pin id="838" dir="1" index="3" bw="7" slack="2147483647"/>
</pin_list>
<bind>
<opcode="store(28) " fcode="store"/>
<opset="store_ln77/11 "/>
</bind>
</comp>

<comp id="840" class="1004" name="store_ln77_access_fu_840">
<pin_list>
<pin id="841" dir="0" index="0" bw="4" slack="0"/>
<pin id="842" dir="0" index="1" bw="7" slack="0"/>
<pin id="843" dir="0" index="2" bw="0" slack="2147483647"/>
<pin id="844" dir="1" index="3" bw="7" slack="2147483647"/>
</pin_list>
<bind>
<opcode="store(28) " fcode="store"/>
<opset="store_ln77/11 "/>
</bind>
</comp>

<comp id="846" class="1004" name="store_ln77_access_fu_846">
<pin_list>
<pin id="847" dir="0" index="0" bw="4" slack="0"/>
<pin id="848" dir="0" index="1" bw="7" slack="0"/>
<pin id="849" dir="0" index="2" bw="0" slack="2147483647"/>
<pin id="850" dir="1" index="3" bw="7" slack="2147483647"/>
</pin_list>
<bind>
<opcode="store(28) " fcode="store"/>
<opset="store_ln77/11 "/>
</bind>
</comp>

<comp id="852" class="1004" name="store_ln77_access_fu_852">
<pin_list>
<pin id="853" dir="0" index="0" bw="4" slack="0"/>
<pin id="854" dir="0" index="1" bw="7" slack="0"/>
<pin id="855" dir="0" index="2" bw="0" slack="2147483647"/>
<pin id="856" dir="1" index="3" bw="7" slack="2147483647"/>
</pin_list>
<bind>
<opcode="store(28) " fcode="store"/>
<opset="store_ln77/11 "/>
</bind>
</comp>

<comp id="858" class="1004" name="store_ln77_access_fu_858">
<pin_list>
<pin id="859" dir="0" index="0" bw="4" slack="0"/>
<pin id="860" dir="0" index="1" bw="7" slack="0"/>
<pin id="861" dir="0" index="2" bw="0" slack="2147483647"/>
<pin id="862" dir="1" index="3" bw="7" slack="2147483647"/>
</pin_list>
<bind>
<opcode="store(28) " fcode="store"/>
<opset="store_ln77/11 "/>
</bind>
</comp>

<comp id="864" class="1004" name="store_ln77_access_fu_864">
<pin_list>
<pin id="865" dir="0" index="0" bw="4" slack="0"/>
<pin id="866" dir="0" index="1" bw="7" slack="0"/>
<pin id="867" dir="0" index="2" bw="0" slack="2147483647"/>
<pin id="868" dir="1" index="3" bw="7" slack="2147483647"/>
</pin_list>
<bind>
<opcode="store(28) " fcode="store"/>
<opset="store_ln77/11 "/>
</bind>
</comp>

<comp id="870" class="1004" name="store_ln77_access_fu_870">
<pin_list>
<pin id="871" dir="0" index="0" bw="4" slack="0"/>
<pin id="872" dir="0" index="1" bw="7" slack="0"/>
<pin id="873" dir="0" index="2" bw="0" slack="2147483647"/>
<pin id="874" dir="1" index="3" bw="7" slack="2147483647"/>
</pin_list>
<bind>
<opcode="store(28) " fcode="store"/>
<opset="store_ln77/11 "/>
</bind>
</comp>

<comp id="876" class="1004" name="store_ln77_access_fu_876">
<pin_list>
<pin id="877" dir="0" index="0" bw="4" slack="0"/>
<pin id="878" dir="0" index="1" bw="7" slack="0"/>
<pin id="879" dir="0" index="2" bw="0" slack="2147483647"/>
<pin id="880" dir="1" index="3" bw="7" slack="2147483647"/>
</pin_list>
<bind>
<opcode="store(28) " fcode="store"/>
<opset="store_ln77/11 "/>
</bind>
</comp>

<comp id="882" class="1005" name="x_15_reg_882">
<pin_list>
<pin id="883" dir="0" index="0" bw="9" slack="2"/>
<pin id="884" dir="1" index="1" bw="9" slack="2"/>
</pin_list>
<bind>
<opset="x_15 (phireg) "/>
</bind>
</comp>

<comp id="886" class="1004" name="x_15_phi_fu_886">
<pin_list>
<pin id="887" dir="0" index="0" bw="9" slack="0"/>
<pin id="888" dir="0" index="1" bw="0" slack="2147483647"/>
<pin id="889" dir="0" index="2" bw="1" slack="2"/>
<pin id="890" dir="0" index="3" bw="0" slack="2147483647"/>
<pin id="891" dir="1" index="4" bw="9" slack="0"/>
</pin_list>
<bind>
<opcode="phi(47) " fcode="phi"/>
<opset="x_15/3 "/>
</bind>
</comp>

<comp id="893" class="1005" name="x_1_reg_893">
<pin_list>
<pin id="894" dir="0" index="0" bw="9" slack="4"/>
<pin id="895" dir="1" index="1" bw="9" slack="4"/>
</pin_list>
<bind>
<opset="x_1 (phireg) "/>
</bind>
</comp>

<comp id="897" class="1004" name="x_1_phi_fu_897">
<pin_list>
<pin id="898" dir="0" index="0" bw="9" slack="1"/>
<pin id="899" dir="0" index="1" bw="0" slack="2147483647"/>
<pin id="900" dir="0" index="2" bw="1" slack="4"/>
<pin id="901" dir="0" index="3" bw="0" slack="2147483647"/>
<pin id="902" dir="1" index="4" bw="9" slack="0"/>
</pin_list>
<bind>
<opcode="phi(47) " fcode="phi"/>
<opset="x_1/5 "/>
</bind>
</comp>

<comp id="904" class="1005" name="x_3_reg_904">
<pin_list>
<pin id="905" dir="0" index="0" bw="9" slack="4"/>
<pin id="906" dir="1" index="1" bw="9" slack="4"/>
</pin_list>
<bind>
<opset="x_3 (phireg) "/>
</bind>
</comp>

<comp id="908" class="1004" name="x_3_phi_fu_908">
<pin_list>
<pin id="909" dir="0" index="0" bw="9" slack="1"/>
<pin id="910" dir="0" index="1" bw="0" slack="2147483647"/>
<pin id="911" dir="0" index="2" bw="1" slack="4"/>
<pin id="912" dir="0" index="3" bw="0" slack="2147483647"/>
<pin id="913" dir="1" index="4" bw="9" slack="0"/>
</pin_list>
<bind>
<opcode="phi(47) " fcode="phi"/>
<opset="x_3/5 "/>
</bind>
</comp>

<comp id="915" class="1004" name="grp_fu_915">
<pin_list>
<pin id="916" dir="0" index="0" bw="19" slack="0"/>
<pin id="917" dir="0" index="1" bw="30" slack="0"/>
<pin id="918" dir="1" index="2" bw="49" slack="1"/>
</pin_list>
<bind>
<opcode="mul(12) " fcode="mul"/>
<opset="acc64/7 "/>
</bind>
</comp>

<comp id="919" class="1004" name="grp_fu_919">
<pin_list>
<pin id="920" dir="0" index="0" bw="3" slack="0"/>
<pin id="921" dir="0" index="1" bw="1" slack="0"/>
<pin id="922" dir="0" index="2" bw="1" slack="0"/>
<pin id="923" dir="0" index="3" bw="3" slack="0"/>
<pin id="924" dir="0" index="4" bw="3" slack="0"/>
<pin id="925" dir="1" index="5" bw="0" slack="2147483647"/>
</pin_list>
<bind>
<opcode="switch(3) " fcode="switch"/>
<opset="switch_ln77/1 switch_ln77/1 switch_ln77/1 switch_ln77/1 switch_ln77/1 switch_ln77/1 switch_ln77/1 switch_ln77/1 "/>
</bind>
</comp>

<comp id="931" class="1004" name="sext_ln69_fu_931">
<pin_list>
<pin id="932" dir="0" index="0" bw="8" slack="0"/>
<pin id="933" dir="1" index="1" bw="9" slack="2"/>
</pin_list>
<bind>
<opcode="sext(35) " fcode="sext"/>
<opset="sext_ln69/1 "/>
</bind>
</comp>

<comp id="935" class="1004" name="sext_ln69_1_fu_935">
<pin_list>
<pin id="936" dir="0" index="0" bw="8" slack="0"/>
<pin id="937" dir="1" index="1" bw="9" slack="3"/>
</pin_list>
<bind>
<opcode="sext(35) " fcode="sext"/>
<opset="sext_ln69_1/1 "/>
</bind>
</comp>

<comp id="939" class="1004" name="sext_ln69_2_fu_939">
<pin_list>
<pin id="940" dir="0" index="0" bw="8" slack="0"/>
<pin id="941" dir="1" index="1" bw="9" slack="3"/>
</pin_list>
<bind>
<opcode="sext(35) " fcode="sext"/>
<opset="sext_ln69_2/1 "/>
</bind>
</comp>

<comp id="943" class="1004" name="zext_ln69_fu_943">
<pin_list>
<pin id="944" dir="0" index="0" bw="4" slack="0"/>
<pin id="945" dir="1" index="1" bw="64" slack="10"/>
</pin_list>
<bind>
<opcode="zext(34) " fcode="zext"/>
<opset="zext_ln69/1 "/>
</bind>
</comp>

<comp id="947" class="1004" name="sext_ln69_3_fu_947">
<pin_list>
<pin id="948" dir="0" index="0" bw="9" slack="0"/>
<pin id="949" dir="1" index="1" bw="17" slack="4"/>
</pin_list>
<bind>
<opcode="sext(35) " fcode="sext"/>
<opset="sext_ln69_3/1 "/>
</bind>
</comp>

<comp id="951" class="1004" name="sext_ln69_4_fu_951">
<pin_list>
<pin id="952" dir="0" index="0" bw="9" slack="0"/>
<pin id="953" dir="1" index="1" bw="17" slack="4"/>
</pin_list>
<bind>
<opcode="sext(35) " fcode="sext"/>
<opset="sext_ln69_4/1 "/>
</bind>
</comp>

<comp id="955" class="1004" name="icmp_ln69_fu_955">
<pin_list>
<pin id="956" dir="0" index="0" bw="8" slack="0"/>
<pin id="957" dir="0" index="1" bw="8" slack="0"/>
<pin id="958" dir="1" index="2" bw="1" slack="1"/>
</pin_list>
<bind>
<opcode="icmp(45) " fcode="icmp"/>
<opset="icmp_ln69/1 "/>
</bind>
</comp>

<comp id="961" class="1004" name="icmp_ln69_1_fu_961">
<pin_list>
<pin id="962" dir="0" index="0" bw="8" slack="0"/>
<pin id="963" dir="0" index="1" bw="8" slack="0"/>
<pin id="964" dir="1" index="2" bw="1" slack="1"/>
</pin_list>
<bind>
<opcode="icmp(45) " fcode="icmp"/>
<opset="icmp_ln69_1/1 "/>
</bind>
</comp>

<comp id="967" class="1004" name="icmp_ln69_2_fu_967">
<pin_list>
<pin id="968" dir="0" index="0" bw="7" slack="0"/>
<pin id="969" dir="0" index="1" bw="7" slack="0"/>
<pin id="970" dir="1" index="2" bw="1" slack="1"/>
</pin_list>
<bind>
<opcode="icmp(45) " fcode="icmp"/>
<opset="icmp_ln69_2/1 "/>
</bind>
</comp>

<comp id="973" class="1004" name="store_ln61_store_fu_973">
<pin_list>
<pin id="974" dir="0" index="0" bw="1" slack="0"/>
<pin id="975" dir="0" index="1" bw="4" slack="0"/>
<pin id="976" dir="1" index="2" bw="0" slack="2147483647"/>
</pin_list>
<bind>
<opcode="store(28) " fcode="store"/>
<opset="store_ln61/1 "/>
</bind>
</comp>

<comp id="978" class="1004" name="oc_1_load_fu_978">
<pin_list>
<pin id="979" dir="0" index="0" bw="4" slack="0"/>
<pin id="980" dir="1" index="1" bw="4" slack="0"/>
</pin_list>
<bind>
<opcode="load(27) " fcode="load"/>
<opset="oc_1/1 "/>
</bind>
</comp>

<comp id="981" class="1004" name="icmp_ln61_fu_981">
<pin_list>
<pin id="982" dir="0" index="0" bw="4" slack="0"/>
<pin id="983" dir="0" index="1" bw="4" slack="0"/>
<pin id="984" dir="1" index="2" bw="1" slack="1"/>
</pin_list>
<bind>
<opcode="icmp(45) " fcode="icmp"/>
<opset="icmp_ln61/1 "/>
</bind>
</comp>

<comp id="987" class="1004" name="add_ln61_fu_987">
<pin_list>
<pin id="988" dir="0" index="0" bw="4" slack="0"/>
<pin id="989" dir="0" index="1" bw="1" slack="0"/>
<pin id="990" dir="1" index="2" bw="4" slack="0"/>
</pin_list>
<bind>
<opcode="add(8) " fcode="add"/>
<opset="add_ln61/1 "/>
</bind>
</comp>

<comp id="993" class="1004" name="trunc_ln61_fu_993">
<pin_list>
<pin id="994" dir="0" index="0" bw="4" slack="0"/>
<pin id="995" dir="1" index="1" bw="3" slack="0"/>
</pin_list>
<bind>
<opcode="trunc(33) " fcode="trunc"/>
<opset="trunc_ln61/1 "/>
</bind>
</comp>

<comp id="997" class="1004" name="switch_ln77_fu_997">
<pin_list>
<pin id="998" dir="0" index="0" bw="3" slack="0"/>
<pin id="999" dir="0" index="1" bw="1" slack="0"/>
<pin id="1000" dir="0" index="2" bw="1" slack="0"/>
<pin id="1001" dir="0" index="3" bw="3" slack="0"/>
<pin id="1002" dir="0" index="4" bw="3" slack="0"/>
<pin id="1003" dir="0" index="5" bw="3" slack="0"/>
<pin id="1004" dir="0" index="6" bw="3" slack="0"/>
<pin id="1005" dir="0" index="7" bw="2" slack="0"/>
<pin id="1006" dir="1" index="8" bw="0" slack="2147483647"/>
</pin_list>
<bind>
<opcode="switch(3) " fcode="switch"/>
<opset="switch_ln77/1 "/>
</bind>
</comp>

<comp id="1015" class="1004" name="store_ln61_store_fu_1015">
<pin_list>
<pin id="1016" dir="0" index="0" bw="4" slack="0"/>
<pin id="1017" dir="0" index="1" bw="4" slack="0"/>
<pin id="1018" dir="1" index="2" bw="0" slack="2147483647"/>
</pin_list>
<bind>
<opcode="store(28) " fcode="store"/>
<opset="store_ln61/1 "/>
</bind>
</comp>

<comp id="1020" class="1004" name="zext_ln61_1_fu_1020">
<pin_list>
<pin id="1021" dir="0" index="0" bw="4" slack="1"/>
<pin id="1022" dir="1" index="1" bw="6" slack="0"/>
</pin_list>
<bind>
<opcode="zext(34) " fcode="zext"/>
<opset="zext_ln61_1/2 "/>
</bind>
</comp>

<comp id="1023" class="1004" name="p_shl_fu_1023">
<pin_list>
<pin id="1024" dir="0" index="0" bw="6" slack="0"/>
<pin id="1025" dir="0" index="1" bw="4" slack="1"/>
<pin id="1026" dir="0" index="2" bw="1" slack="0"/>
<pin id="1027" dir="1" index="3" bw="6" slack="0"/>
</pin_list>
<bind>
<opcode="bitconcatenate(1004) " fcode="bitconcatenate"/>
<opset="p_shl/2 "/>
</bind>
</comp>

<comp id="1030" class="1004" name="add_ln69_fu_1030">
<pin_list>
<pin id="1031" dir="0" index="0" bw="6" slack="0"/>
<pin id="1032" dir="0" index="1" bw="4" slack="0"/>
<pin id="1033" dir="1" index="2" bw="6" slack="0"/>
</pin_list>
<bind>
<opcode="add(8) " fcode="add"/>
<opset="add_ln69/2 "/>
</bind>
</comp>

<comp id="1036" class="1004" name="add_ln74_3_fu_1036">
<pin_list>
<pin id="1037" dir="0" index="0" bw="6" slack="0"/>
<pin id="1038" dir="0" index="1" bw="4" slack="0"/>
<pin id="1039" dir="1" index="2" bw="6" slack="0"/>
</pin_list>
<bind>
<opcode="add(8) " fcode="add"/>
<opset="add_ln74_3/2 "/>
</bind>
</comp>

<comp id="1042" class="1004" name="zext_ln74_3_fu_1042">
<pin_list>
<pin id="1043" dir="0" index="0" bw="6" slack="0"/>
<pin id="1044" dir="1" index="1" bw="64" slack="0"/>
</pin_list>
<bind>
<opcode="zext(34) " fcode="zext"/>
<opset="zext_ln74_3/2 "/>
</bind>
</comp>

<comp id="1047" class="1004" name="add_ln74_2_fu_1047">
<pin_list>
<pin id="1048" dir="0" index="0" bw="6" slack="1"/>
<pin id="1049" dir="0" index="1" bw="3" slack="0"/>
<pin id="1050" dir="1" index="2" bw="6" slack="0"/>
</pin_list>
<bind>
<opcode="add(8) " fcode="add"/>
<opset="add_ln74_2/3 "/>
</bind>
</comp>

<comp id="1052" class="1004" name="zext_ln74_2_fu_1052">
<pin_list>
<pin id="1053" dir="0" index="0" bw="6" slack="0"/>
<pin id="1054" dir="1" index="1" bw="64" slack="0"/>
</pin_list>
<bind>
<opcode="zext(34) " fcode="zext"/>
<opset="zext_ln74_2/3 "/>
</bind>
</comp>

<comp id="1057" class="1004" name="x_45_fu_1057">
<pin_list>
<pin id="1058" dir="0" index="0" bw="8" slack="2"/>
<pin id="1059" dir="0" index="1" bw="8" slack="0"/>
<pin id="1060" dir="1" index="2" bw="9" slack="0"/>
</pin_list>
<bind>
<opcode="add(8) " fcode="add"/>
<opset="x_45/3 "/>
</bind>
</comp>

<comp id="1063" class="1004" name="sext_ln67_4_fu_1063">
<pin_list>
<pin id="1064" dir="0" index="0" bw="9" slack="0"/>
<pin id="1065" dir="1" index="1" bw="17" slack="0"/>
</pin_list>
<bind>
<opcode="sext(35) " fcode="sext"/>
<opset="sext_ln67_4/3 "/>
</bind>
</comp>

<comp id="1067" class="1004" name="sext_ln74_3_fu_1067">
<pin_list>
<pin id="1068" dir="0" index="0" bw="8" slack="0"/>
<pin id="1069" dir="1" index="1" bw="17" slack="0"/>
</pin_list>
<bind>
<opcode="sext(35) " fcode="sext"/>
<opset="sext_ln74_3/3 "/>
</bind>
</comp>

<comp id="1071" class="1004" name="zext_ln61_fu_1071">
<pin_list>
<pin id="1072" dir="0" index="0" bw="4" slack="3"/>
<pin id="1073" dir="1" index="1" bw="64" slack="0"/>
</pin_list>
<bind>
<opcode="zext(34) " fcode="zext"/>
<opset="zext_ln61/4 "/>
</bind>
</comp>

<comp id="1077" class="1004" name="zext_ln69_1_fu_1077">
<pin_list>
<pin id="1078" dir="0" index="0" bw="6" slack="2"/>
<pin id="1079" dir="1" index="1" bw="64" slack="0"/>
</pin_list>
<bind>
<opcode="zext(34) " fcode="zext"/>
<opset="zext_ln69_1/4 "/>
</bind>
</comp>

<comp id="1081" class="1004" name="x_fu_1081">
<pin_list>
<pin id="1082" dir="0" index="0" bw="8" slack="3"/>
<pin id="1083" dir="0" index="1" bw="8" slack="0"/>
<pin id="1084" dir="1" index="2" bw="9" slack="1"/>
</pin_list>
<bind>
<opcode="add(8) " fcode="add"/>
<opset="x/4 "/>
</bind>
</comp>

<comp id="1086" class="1004" name="x_44_fu_1086">
<pin_list>
<pin id="1087" dir="0" index="0" bw="8" slack="3"/>
<pin id="1088" dir="0" index="1" bw="8" slack="0"/>
<pin id="1089" dir="1" index="2" bw="9" slack="1"/>
</pin_list>
<bind>
<opcode="add(8) " fcode="add"/>
<opset="x_44/4 "/>
</bind>
</comp>

<comp id="1091" class="1004" name="add_ln74_fu_1091">
<pin_list>
<pin id="1092" dir="0" index="0" bw="6" slack="2"/>
<pin id="1093" dir="0" index="1" bw="1" slack="0"/>
<pin id="1094" dir="1" index="2" bw="6" slack="0"/>
</pin_list>
<bind>
<opcode="add(8) " fcode="add"/>
<opset="add_ln74/4 "/>
</bind>
</comp>

<comp id="1096" class="1004" name="zext_ln74_fu_1096">
<pin_list>
<pin id="1097" dir="0" index="0" bw="6" slack="0"/>
<pin id="1098" dir="1" index="1" bw="64" slack="0"/>
</pin_list>
<bind>
<opcode="zext(34) " fcode="zext"/>
<opset="zext_ln74/4 "/>
</bind>
</comp>

<comp id="1101" class="1004" name="add_ln74_1_fu_1101">
<pin_list>
<pin id="1102" dir="0" index="0" bw="6" slack="2"/>
<pin id="1103" dir="0" index="1" bw="3" slack="0"/>
<pin id="1104" dir="1" index="2" bw="6" slack="0"/>
</pin_list>
<bind>
<opcode="add(8) " fcode="add"/>
<opset="add_ln74_1/4 "/>
</bind>
</comp>

<comp id="1106" class="1004" name="zext_ln74_1_fu_1106">
<pin_list>
<pin id="1107" dir="0" index="0" bw="6" slack="0"/>
<pin id="1108" dir="1" index="1" bw="64" slack="0"/>
</pin_list>
<bind>
<opcode="zext(34) " fcode="zext"/>
<opset="zext_ln74_1/4 "/>
</bind>
</comp>

<comp id="1111" class="1004" name="sext_ln67_fu_1111">
<pin_list>
<pin id="1112" dir="0" index="0" bw="9" slack="0"/>
<pin id="1113" dir="1" index="1" bw="17" slack="0"/>
</pin_list>
<bind>
<opcode="sext(35) " fcode="sext"/>
<opset="sext_ln67/5 "/>
</bind>
</comp>

<comp id="1115" class="1004" name="sext_ln74_fu_1115">
<pin_list>
<pin id="1116" dir="0" index="0" bw="8" slack="0"/>
<pin id="1117" dir="1" index="1" bw="17" slack="0"/>
</pin_list>
<bind>
<opcode="sext(35) " fcode="sext"/>
<opset="sext_ln74/5 "/>
</bind>
</comp>

<comp id="1119" class="1004" name="mul_ln74_fu_1119">
<pin_list>
<pin id="1120" dir="0" index="0" bw="9" slack="0"/>
<pin id="1121" dir="0" index="1" bw="8" slack="0"/>
<pin id="1122" dir="1" index="2" bw="17" slack="1"/>
</pin_list>
<bind>
<opcode="mul(12) " fcode="mul"/>
<opset="mul_ln74/5 "/>
</bind>
</comp>

<comp id="1125" class="1004" name="sext_ln67_1_fu_1125">
<pin_list>
<pin id="1126" dir="0" index="0" bw="9" slack="0"/>
<pin id="1127" dir="1" index="1" bw="17" slack="0"/>
</pin_list>
<bind>
<opcode="sext(35) " fcode="sext"/>
<opset="sext_ln67_1/5 "/>
</bind>
</comp>

<comp id="1129" class="1004" name="sext_ln67_2_fu_1129">
<pin_list>
<pin id="1130" dir="0" index="0" bw="8" slack="0"/>
<pin id="1131" dir="1" index="1" bw="17" slack="0"/>
</pin_list>
<bind>
<opcode="sext(35) " fcode="sext"/>
<opset="sext_ln67_2/5 "/>
</bind>
</comp>

<comp id="1133" class="1004" name="sext_ln67_3_fu_1133">
<pin_list>
<pin id="1134" dir="0" index="0" bw="8" slack="0"/>
<pin id="1135" dir="1" index="1" bw="17" slack="0"/>
</pin_list>
<bind>
<opcode="sext(35) " fcode="sext"/>
<opset="sext_ln67_3/5 "/>
</bind>
</comp>

<comp id="1137" class="1004" name="sext_ln74_1_fu_1137">
<pin_list>
<pin id="1138" dir="0" index="0" bw="8" slack="1"/>
<pin id="1139" dir="1" index="1" bw="17" slack="0"/>
</pin_list>
<bind>
<opcode="sext(35) " fcode="sext"/>
<opset="sext_ln74_1/5 "/>
</bind>
</comp>

<comp id="1140" class="1004" name="mul_ln74_1_fu_1140">
<pin_list>
<pin id="1141" dir="0" index="0" bw="9" slack="4"/>
<pin id="1142" dir="0" index="1" bw="8" slack="0"/>
<pin id="1143" dir="1" index="2" bw="17" slack="0"/>
</pin_list>
<bind>
<opcode="mul(12) " fcode="mul"/>
<opset="mul_ln74_1/5 "/>
</bind>
</comp>

<comp id="1145" class="1004" name="mul_ln74_2_fu_1145">
<pin_list>
<pin id="1146" dir="0" index="0" bw="9" slack="4"/>
<pin id="1147" dir="0" index="1" bw="8" slack="0"/>
<pin id="1148" dir="1" index="2" bw="17" slack="1"/>
</pin_list>
<bind>
<opcode="mul(12) " fcode="mul"/>
<opset="mul_ln74_2/5 "/>
</bind>
</comp>

<comp id="1150" class="1004" name="mul_ln74_3_fu_1150">
<pin_list>
<pin id="1151" dir="0" index="0" bw="9" slack="0"/>
<pin id="1152" dir="0" index="1" bw="8" slack="0"/>
<pin id="1153" dir="1" index="2" bw="17" slack="1"/>
</pin_list>
<bind>
<opcode="mul(12) " fcode="mul"/>
<opset="mul_ln74_3/5 "/>
</bind>
</comp>

<comp id="1156" class="1004" name="sext_ln63_fu_1156">
<pin_list>
<pin id="1157" dir="0" index="0" bw="13" slack="1"/>
<pin id="1158" dir="1" index="1" bw="17" slack="0"/>
</pin_list>
<bind>
<opcode="sext(35) " fcode="sext"/>
<opset="sext_ln63/6 "/>
</bind>
</comp>

<comp id="1159" class="1004" name="sext_ln74_2_fu_1159">
<pin_list>
<pin id="1160" dir="0" index="0" bw="17" slack="1"/>
<pin id="1161" dir="1" index="1" bw="18" slack="0"/>
</pin_list>
<bind>
<opcode="sext(35) " fcode="sext"/>
<opset="sext_ln74_2/6 "/>
</bind>
</comp>

<comp id="1162" class="1004" name="add_ln74_4_fu_1162">
<pin_list>
<pin id="1163" dir="0" index="0" bw="17" slack="1"/>
<pin id="1164" dir="0" index="1" bw="17" slack="1"/>
<pin id="1165" dir="1" index="2" bw="17" slack="0"/>
</pin_list>
<bind>
<opcode="add(8) " fcode="add"/>
<opset="add_ln74_4/6 "/>
</bind>
</comp>

<comp id="1166" class="1004" name="add_ln74_5_fu_1166">
<pin_list>
<pin id="1167" dir="0" index="0" bw="17" slack="0"/>
<pin id="1168" dir="0" index="1" bw="13" slack="0"/>
<pin id="1169" dir="1" index="2" bw="17" slack="0"/>
</pin_list>
<bind>
<opcode="add(8) " fcode="add"/>
<opset="add_ln74_5/6 "/>
</bind>
</comp>

<comp id="1172" class="1004" name="sext_ln74_4_fu_1172">
<pin_list>
<pin id="1173" dir="0" index="0" bw="17" slack="0"/>
<pin id="1174" dir="1" index="1" bw="19" slack="0"/>
</pin_list>
<bind>
<opcode="sext(35) " fcode="sext"/>
<opset="sext_ln74_4/6 "/>
</bind>
</comp>

<comp id="1176" class="1004" name="sext_ln74_5_fu_1176">
<pin_list>
<pin id="1177" dir="0" index="0" bw="17" slack="0"/>
<pin id="1178" dir="1" index="1" bw="18" slack="0"/>
</pin_list>
<bind>
<opcode="sext(35) " fcode="sext"/>
<opset="sext_ln74_5/6 "/>
</bind>
</comp>

<comp id="1179" class="1004" name="add_ln74_7_fu_1179">
<pin_list>
<pin id="1180" dir="0" index="0" bw="17" slack="0"/>
<pin id="1181" dir="0" index="1" bw="17" slack="0"/>
<pin id="1182" dir="1" index="2" bw="18" slack="0"/>
</pin_list>
<bind>
<opcode="add(8) " fcode="add"/>
<opset="add_ln74_7/6 "/>
</bind>
</comp>

<comp id="1185" class="1004" name="sext_ln74_6_fu_1185">
<pin_list>
<pin id="1186" dir="0" index="0" bw="18" slack="0"/>
<pin id="1187" dir="1" index="1" bw="19" slack="0"/>
</pin_list>
<bind>
<opcode="sext(35) " fcode="sext"/>
<opset="sext_ln74_6/6 "/>
</bind>
</comp>

<comp id="1189" class="1004" name="acc_2_fu_1189">
<pin_list>
<pin id="1190" dir="0" index="0" bw="18" slack="0"/>
<pin id="1191" dir="0" index="1" bw="17" slack="0"/>
<pin id="1192" dir="1" index="2" bw="19" slack="1"/>
</pin_list>
<bind>
<opcode="add(8) " fcode="add"/>
<opset="acc_2/6 "/>
</bind>
</comp>

<comp id="1195" class="1004" name="sext_ln6_fu_1195">
<pin_list>
<pin id="1196" dir="0" index="0" bw="19" slack="1"/>
<pin id="1197" dir="1" index="1" bw="49" slack="0"/>
</pin_list>
<bind>
<opcode="sext(35) " fcode="sext"/>
<opset="sext_ln6/7 "/>
</bind>
</comp>

<comp id="1199" class="1004" name="zext_ln6_fu_1199">
<pin_list>
<pin id="1200" dir="0" index="0" bw="30" slack="2"/>
<pin id="1201" dir="1" index="1" bw="49" slack="0"/>
</pin_list>
<bind>
<opcode="zext(34) " fcode="zext"/>
<opset="zext_ln6/7 "/>
</bind>
</comp>

<comp id="1203" class="1004" name="add_ln10_fu_1203">
<pin_list>
<pin id="1204" dir="0" index="0" bw="6" slack="3"/>
<pin id="1205" dir="0" index="1" bw="1" slack="0"/>
<pin id="1206" dir="1" index="2" bw="6" slack="1"/>
</pin_list>
<bind>
<opcode="add(8) " fcode="add"/>
<opset="add_ln10/8 "/>
</bind>
</comp>

<comp id="1208" class="1004" name="zext_ln10_fu_1208">
<pin_list>
<pin id="1209" dir="0" index="0" bw="6" slack="1"/>
<pin id="1210" dir="1" index="1" bw="37" slack="0"/>
</pin_list>
<bind>
<opcode="zext(34) " fcode="zext"/>
<opset="zext_ln10/9 "/>
</bind>
</comp>

<comp id="1211" class="1004" name="shl_ln10_fu_1211">
<pin_list>
<pin id="1212" dir="0" index="0" bw="1" slack="0"/>
<pin id="1213" dir="0" index="1" bw="6" slack="0"/>
<pin id="1214" dir="1" index="2" bw="37" slack="0"/>
</pin_list>
<bind>
<opcode="shl(20) " fcode="shl"/>
<opset="shl_ln10/9 "/>
</bind>
</comp>

<comp id="1217" class="1004" name="zext_ln10_2_fu_1217">
<pin_list>
<pin id="1218" dir="0" index="0" bw="37" slack="0"/>
<pin id="1219" dir="1" index="1" bw="49" slack="0"/>
</pin_list>
<bind>
<opcode="zext(34) " fcode="zext"/>
<opset="zext_ln10_2/9 "/>
</bind>
</comp>

<comp id="1221" class="1004" name="acc64_2_fu_1221">
<pin_list>
<pin id="1222" dir="0" index="0" bw="37" slack="0"/>
<pin id="1223" dir="0" index="1" bw="49" slack="1"/>
<pin id="1224" dir="1" index="2" bw="49" slack="1"/>
</pin_list>
<bind>
<opcode="add(8) " fcode="add"/>
<opset="acc64_2/9 "/>
</bind>
</comp>

<comp id="1226" class="1004" name="zext_ln13_fu_1226">
<pin_list>
<pin id="1227" dir="0" index="0" bw="6" slack="5"/>
<pin id="1228" dir="1" index="1" bw="49" slack="0"/>
</pin_list>
<bind>
<opcode="zext(34) " fcode="zext"/>
<opset="zext_ln13/10 "/>
</bind>
</comp>

<comp id="1229" class="1004" name="res_fu_1229">
<pin_list>
<pin id="1230" dir="0" index="0" bw="49" slack="1"/>
<pin id="1231" dir="0" index="1" bw="6" slack="0"/>
<pin id="1232" dir="1" index="2" bw="49" slack="0"/>
</pin_list>
<bind>
<opcode="ashr(22) " fcode="ashr"/>
<opset="res/10 "/>
</bind>
</comp>

<comp id="1234" class="1004" name="trunc_ln13_fu_1234">
<pin_list>
<pin id="1235" dir="0" index="0" bw="49" slack="0"/>
<pin id="1236" dir="1" index="1" bw="13" slack="0"/>
</pin_list>
<bind>
<opcode="trunc(33) " fcode="trunc"/>
<opset="trunc_ln13/10 "/>
</bind>
</comp>

<comp id="1238" class="1004" name="tmp_8_fu_1238">
<pin_list>
<pin id="1239" dir="0" index="0" bw="1" slack="0"/>
<pin id="1240" dir="0" index="1" bw="49" slack="0"/>
<pin id="1241" dir="0" index="2" bw="5" slack="0"/>
<pin id="1242" dir="1" index="3" bw="1" slack="0"/>
</pin_list>
<bind>
<opcode="bitselect(1000) " fcode="bitselect"/>
<opset="tmp_8/10 "/>
</bind>
</comp>

<comp id="1246" class="1004" name="res_2_fu_1246">
<pin_list>
<pin id="1247" dir="0" index="0" bw="1" slack="0"/>
<pin id="1248" dir="0" index="1" bw="1" slack="0"/>
<pin id="1249" dir="0" index="2" bw="13" slack="0"/>
<pin id="1250" dir="1" index="3" bw="13" slack="0"/>
</pin_list>
<bind>
<opcode="select(49) " fcode="select"/>
<opset="res_2/10 "/>
</bind>
</comp>

<comp id="1254" class="1004" name="tmp_9_fu_1254">
<pin_list>
<pin id="1255" dir="0" index="0" bw="6" slack="0"/>
<pin id="1256" dir="0" index="1" bw="13" slack="0"/>
<pin id="1257" dir="0" index="2" bw="4" slack="0"/>
<pin id="1258" dir="0" index="3" bw="5" slack="0"/>
<pin id="1259" dir="1" index="4" bw="6" slack="0"/>
</pin_list>
<bind>
<opcode="partselect(1002) " fcode="partselect"/>
<opset="tmp_9/10 "/>
</bind>
</comp>

<comp id="1264" class="1004" name="icmp_ln20_fu_1264">
<pin_list>
<pin id="1265" dir="0" index="0" bw="6" slack="0"/>
<pin id="1266" dir="0" index="1" bw="1" slack="0"/>
<pin id="1267" dir="1" index="2" bw="1" slack="1"/>
</pin_list>
<bind>
<opcode="icmp(45) " fcode="icmp"/>
<opset="icmp_ln20/10 "/>
</bind>
</comp>

<comp id="1270" class="1004" name="trunc_ln22_fu_1270">
<pin_list>
<pin id="1271" dir="0" index="0" bw="13" slack="0"/>
<pin id="1272" dir="1" index="1" bw="7" slack="1"/>
</pin_list>
<bind>
<opcode="trunc(33) " fcode="trunc"/>
<opset="trunc_ln22/10 "/>
</bind>
</comp>

<comp id="1274" class="1004" name="select_ln20_fu_1274">
<pin_list>
<pin id="1275" dir="0" index="0" bw="1" slack="1"/>
<pin id="1276" dir="0" index="1" bw="1" slack="0"/>
<pin id="1277" dir="0" index="2" bw="7" slack="1"/>
<pin id="1278" dir="1" index="3" bw="7" slack="0"/>
</pin_list>
<bind>
<opcode="select(49) " fcode="select"/>
<opset="select_ln20/11 "/>
</bind>
</comp>

<comp id="1320" class="1007" name="grp_fu_1320">
<pin_list>
<pin id="1321" dir="0" index="0" bw="9" slack="0"/>
<pin id="1322" dir="0" index="1" bw="8" slack="0"/>
<pin id="1323" dir="0" index="2" bw="17" slack="0"/>
<pin id="1324" dir="1" index="3" bw="17" slack="0"/>
</pin_list>
<bind>
<opcode="muladd(1172) " fcode="muladd"/>
<opset="mul_ln74_4/3 add_ln74_6/5 "/>
</bind>
</comp>

<comp id="1329" class="1005" name="oc_reg_1329">
<pin_list>
<pin id="1330" dir="0" index="0" bw="4" slack="0"/>
<pin id="1331" dir="1" index="1" bw="4" slack="0"/>
</pin_list>
<bind>
<opset="oc "/>
</bind>
</comp>

<comp id="1336" class="1005" name="tmp_reg_1336">
<pin_list>
<pin id="1337" dir="0" index="0" bw="3" slack="10"/>
<pin id="1338" dir="1" index="1" bw="3" slack="2147483647"/>
</pin_list>
<bind>
<opset="tmp "/>
</bind>
</comp>

<comp id="1340" class="1005" name="sext_ln69_reg_1340">
<pin_list>
<pin id="1341" dir="0" index="0" bw="9" slack="2"/>
<pin id="1342" dir="1" index="1" bw="9" slack="2"/>
</pin_list>
<bind>
<opset="sext_ln69 "/>
</bind>
</comp>

<comp id="1345" class="1005" name="sext_ln69_1_reg_1345">
<pin_list>
<pin id="1346" dir="0" index="0" bw="9" slack="3"/>
<pin id="1347" dir="1" index="1" bw="9" slack="3"/>
</pin_list>
<bind>
<opset="sext_ln69_1 "/>
</bind>
</comp>

<comp id="1350" class="1005" name="sext_ln69_2_reg_1350">
<pin_list>
<pin id="1351" dir="0" index="0" bw="9" slack="3"/>
<pin id="1352" dir="1" index="1" bw="9" slack="3"/>
</pin_list>
<bind>
<opset="sext_ln69_2 "/>
</bind>
</comp>

<comp id="1355" class="1005" name="zext_ln69_reg_1355">
<pin_list>
<pin id="1356" dir="0" index="0" bw="64" slack="10"/>
<pin id="1357" dir="1" index="1" bw="64" slack="10"/>
</pin_list>
<bind>
<opset="zext_ln69 "/>
</bind>
</comp>

<comp id="1399" class="1005" name="sext_ln69_3_reg_1399">
<pin_list>
<pin id="1400" dir="0" index="0" bw="17" slack="4"/>
<pin id="1401" dir="1" index="1" bw="17" slack="4"/>
</pin_list>
<bind>
<opset="sext_ln69_3 "/>
</bind>
</comp>

<comp id="1404" class="1005" name="sext_ln69_4_reg_1404">
<pin_list>
<pin id="1405" dir="0" index="0" bw="17" slack="4"/>
<pin id="1406" dir="1" index="1" bw="17" slack="4"/>
</pin_list>
<bind>
<opset="sext_ln69_4 "/>
</bind>
</comp>

<comp id="1409" class="1005" name="icmp_ln69_reg_1409">
<pin_list>
<pin id="1410" dir="0" index="0" bw="1" slack="1"/>
<pin id="1411" dir="1" index="1" bw="1" slack="2147483647"/>
</pin_list>
<bind>
<opset="icmp_ln69 "/>
</bind>
</comp>

<comp id="1413" class="1005" name="icmp_ln69_1_reg_1413">
<pin_list>
<pin id="1414" dir="0" index="0" bw="1" slack="1"/>
<pin id="1415" dir="1" index="1" bw="1" slack="2147483647"/>
</pin_list>
<bind>
<opset="icmp_ln69_1 "/>
</bind>
</comp>

<comp id="1417" class="1005" name="icmp_ln69_2_reg_1417">
<pin_list>
<pin id="1418" dir="0" index="0" bw="1" slack="1"/>
<pin id="1419" dir="1" index="1" bw="1" slack="2147483647"/>
</pin_list>
<bind>
<opset="icmp_ln69_2 "/>
</bind>
</comp>

<comp id="1421" class="1005" name="oc_1_reg_1421">
<pin_list>
<pin id="1422" dir="0" index="0" bw="4" slack="1"/>
<pin id="1423" dir="1" index="1" bw="4" slack="1"/>
</pin_list>
<bind>
<opset="oc_1 "/>
</bind>
</comp>

<comp id="1428" class="1005" name="icmp_ln61_reg_1428">
<pin_list>
<pin id="1429" dir="0" index="0" bw="1" slack="1"/>
<pin id="1430" dir="1" index="1" bw="1" slack="2147483647"/>
</pin_list>
<bind>
<opset="icmp_ln61 "/>
</bind>
</comp>

<comp id="1432" class="1005" name="trunc_ln61_reg_1432">
<pin_list>
<pin id="1433" dir="0" index="0" bw="3" slack="10"/>
<pin id="1434" dir="1" index="1" bw="3" slack="2147483647"/>
</pin_list>
<bind>
<opset="trunc_ln61 "/>
</bind>
</comp>

<comp id="1436" class="1005" name="add_ln69_reg_1436">
<pin_list>
<pin id="1437" dir="0" index="0" bw="6" slack="1"/>
<pin id="1438" dir="1" index="1" bw="6" slack="1"/>
</pin_list>
<bind>
<opset="add_ln69 "/>
</bind>
</comp>

<comp id="1444" class="1005" name="conv1_weight_addr_4_reg_1444">
<pin_list>
<pin id="1445" dir="0" index="0" bw="6" slack="1"/>
<pin id="1446" dir="1" index="1" bw="6" slack="1"/>
</pin_list>
<bind>
<opset="conv1_weight_addr_4 "/>
</bind>
</comp>

<comp id="1449" class="1005" name="conv1_weight_addr_3_reg_1449">
<pin_list>
<pin id="1450" dir="0" index="0" bw="6" slack="1"/>
<pin id="1451" dir="1" index="1" bw="6" slack="1"/>
</pin_list>
<bind>
<opset="conv1_weight_addr_3 "/>
</bind>
</comp>

<comp id="1454" class="1005" name="sext_ln67_4_reg_1454">
<pin_list>
<pin id="1455" dir="0" index="0" bw="17" slack="1"/>
<pin id="1456" dir="1" index="1" bw="17" slack="1"/>
</pin_list>
<bind>
<opset="sext_ln67_4 "/>
</bind>
</comp>

<comp id="1459" class="1005" name="sext_ln74_3_reg_1459">
<pin_list>
<pin id="1460" dir="0" index="0" bw="17" slack="1"/>
<pin id="1461" dir="1" index="1" bw="17" slack="1"/>
</pin_list>
<bind>
<opset="sext_ln74_3 "/>
</bind>
</comp>

<comp id="1464" class="1005" name="conv1_bias_addr_reg_1464">
<pin_list>
<pin id="1465" dir="0" index="0" bw="3" slack="1"/>
<pin id="1466" dir="1" index="1" bw="3" slack="1"/>
</pin_list>
<bind>
<opset="conv1_bias_addr "/>
</bind>
</comp>

<comp id="1469" class="1005" name="x_reg_1469">
<pin_list>
<pin id="1470" dir="0" index="0" bw="9" slack="1"/>
<pin id="1471" dir="1" index="1" bw="9" slack="1"/>
</pin_list>
<bind>
<opset="x "/>
</bind>
</comp>

<comp id="1474" class="1005" name="conv1_weight_addr_reg_1474">
<pin_list>
<pin id="1475" dir="0" index="0" bw="6" slack="1"/>
<pin id="1476" dir="1" index="1" bw="6" slack="1"/>
</pin_list>
<bind>
<opset="conv1_weight_addr "/>
</bind>
</comp>

<comp id="1479" class="1005" name="x_44_reg_1479">
<pin_list>
<pin id="1480" dir="0" index="0" bw="9" slack="1"/>
<pin id="1481" dir="1" index="1" bw="9" slack="1"/>
</pin_list>
<bind>
<opset="x_44 "/>
</bind>
</comp>

<comp id="1484" class="1005" name="conv1_weight_addr_1_reg_1484">
<pin_list>
<pin id="1485" dir="0" index="0" bw="6" slack="1"/>
<pin id="1486" dir="1" index="1" bw="6" slack="1"/>
</pin_list>
<bind>
<opset="conv1_weight_addr_1 "/>
</bind>
</comp>

<comp id="1489" class="1005" name="conv1_weight_addr_2_reg_1489">
<pin_list>
<pin id="1490" dir="0" index="0" bw="6" slack="1"/>
<pin id="1491" dir="1" index="1" bw="6" slack="1"/>
</pin_list>
<bind>
<opset="conv1_weight_addr_2 "/>
</bind>
</comp>

<comp id="1494" class="1005" name="conv1_weight_load_3_reg_1494">
<pin_list>
<pin id="1495" dir="0" index="0" bw="8" slack="1"/>
<pin id="1496" dir="1" index="1" bw="8" slack="1"/>
</pin_list>
<bind>
<opset="conv1_weight_load_3 "/>
</bind>
</comp>

<comp id="1499" class="1005" name="conv1_multiplier_addr_reg_1499">
<pin_list>
<pin id="1500" dir="0" index="0" bw="3" slack="1"/>
<pin id="1501" dir="1" index="1" bw="3" slack="1"/>
</pin_list>
<bind>
<opset="conv1_multiplier_addr "/>
</bind>
</comp>

<comp id="1504" class="1005" name="conv1_shift_addr_reg_1504">
<pin_list>
<pin id="1505" dir="0" index="0" bw="3" slack="1"/>
<pin id="1506" dir="1" index="1" bw="3" slack="1"/>
</pin_list>
<bind>
<opset="conv1_shift_addr "/>
</bind>
</comp>

<comp id="1509" class="1005" name="acc_reg_1509">
<pin_list>
<pin id="1510" dir="0" index="0" bw="13" slack="1"/>
<pin id="1511" dir="1" index="1" bw="13" slack="1"/>
</pin_list>
<bind>
<opset="acc "/>
</bind>
</comp>

<comp id="1514" class="1005" name="mul_ln74_reg_1514">
<pin_list>
<pin id="1515" dir="0" index="0" bw="17" slack="1"/>
<pin id="1516" dir="1" index="1" bw="17" slack="1"/>
</pin_list>
<bind>
<opset="mul_ln74 "/>
</bind>
</comp>

<comp id="1519" class="1005" name="mul_ln74_1_reg_1519">
<pin_list>
<pin id="1520" dir="0" index="0" bw="17" slack="1"/>
<pin id="1521" dir="1" index="1" bw="17" slack="1"/>
</pin_list>
<bind>
<opset="mul_ln74_1 "/>
</bind>
</comp>

<comp id="1524" class="1005" name="mul_ln74_2_reg_1524">
<pin_list>
<pin id="1525" dir="0" index="0" bw="17" slack="1"/>
<pin id="1526" dir="1" index="1" bw="17" slack="1"/>
</pin_list>
<bind>
<opset="mul_ln74_2 "/>
</bind>
</comp>

<comp id="1529" class="1005" name="mul_ln74_3_reg_1529">
<pin_list>
<pin id="1530" dir="0" index="0" bw="17" slack="1"/>
<pin id="1531" dir="1" index="1" bw="17" slack="1"/>
</pin_list>
<bind>
<opset="mul_ln74_3 "/>
</bind>
</comp>

<comp id="1534" class="1005" name="conv1_multiplier_load_reg_1534">
<pin_list>
<pin id="1535" dir="0" index="0" bw="30" slack="2"/>
<pin id="1536" dir="1" index="1" bw="30" slack="2"/>
</pin_list>
<bind>
<opset="conv1_multiplier_load "/>
</bind>
</comp>

<comp id="1539" class="1005" name="conv1_shift_load_reg_1539">
<pin_list>
<pin id="1540" dir="0" index="0" bw="6" slack="3"/>
<pin id="1541" dir="1" index="1" bw="6" slack="3"/>
</pin_list>
<bind>
<opset="conv1_shift_load "/>
</bind>
</comp>

<comp id="1545" class="1005" name="acc_2_reg_1545">
<pin_list>
<pin id="1546" dir="0" index="0" bw="19" slack="1"/>
<pin id="1547" dir="1" index="1" bw="19" slack="1"/>
</pin_list>
<bind>
<opset="acc_2 "/>
</bind>
</comp>

<comp id="1550" class="1005" name="sext_ln6_reg_1550">
<pin_list>
<pin id="1551" dir="0" index="0" bw="49" slack="1"/>
<pin id="1552" dir="1" index="1" bw="49" slack="1"/>
</pin_list>
<bind>
<opset="sext_ln6 "/>
</bind>
</comp>

<comp id="1555" class="1005" name="zext_ln6_reg_1555">
<pin_list>
<pin id="1556" dir="0" index="0" bw="49" slack="1"/>
<pin id="1557" dir="1" index="1" bw="49" slack="1"/>
</pin_list>
<bind>
<opset="zext_ln6 "/>
</bind>
</comp>

<comp id="1560" class="1005" name="acc64_reg_1560">
<pin_list>
<pin id="1561" dir="0" index="0" bw="49" slack="1"/>
<pin id="1562" dir="1" index="1" bw="49" slack="1"/>
</pin_list>
<bind>
<opset="acc64 "/>
</bind>
</comp>

<comp id="1565" class="1005" name="add_ln10_reg_1565">
<pin_list>
<pin id="1566" dir="0" index="0" bw="6" slack="1"/>
<pin id="1567" dir="1" index="1" bw="6" slack="1"/>
</pin_list>
<bind>
<opset="add_ln10 "/>
</bind>
</comp>

<comp id="1570" class="1005" name="acc64_2_reg_1570">
<pin_list>
<pin id="1571" dir="0" index="0" bw="49" slack="1"/>
<pin id="1572" dir="1" index="1" bw="49" slack="1"/>
</pin_list>
<bind>
<opset="acc64_2 "/>
</bind>
</comp>

<comp id="1575" class="1005" name="icmp_ln20_reg_1575">
<pin_list>
<pin id="1576" dir="0" index="0" bw="1" slack="1"/>
<pin id="1577" dir="1" index="1" bw="1" slack="1"/>
</pin_list>
<bind>
<opset="icmp_ln20 "/>
</bind>
</comp>

<comp id="1580" class="1005" name="trunc_ln22_reg_1580">
<pin_list>
<pin id="1581" dir="0" index="0" bw="7" slack="1"/>
<pin id="1582" dir="1" index="1" bw="7" slack="1"/>
</pin_list>
<bind>
<opset="trunc_ln22 "/>
</bind>
</comp>

</comp_list>

<net_list>
<net id="201"><net_src comp="108" pin="0"/><net_sink comp="198" pin=0"/></net>

<net id="206"><net_src comp="110" pin="0"/><net_sink comp="202" pin=0"/></net>

<net id="207"><net_src comp="98" pin="0"/><net_sink comp="202" pin=1"/></net>

<net id="212"><net_src comp="110" pin="0"/><net_sink comp="208" pin=0"/></net>

<net id="213"><net_src comp="96" pin="0"/><net_sink comp="208" pin=1"/></net>

<net id="218"><net_src comp="110" pin="0"/><net_sink comp="214" pin=0"/></net>

<net id="219"><net_src comp="94" pin="0"/><net_sink comp="214" pin=1"/></net>

<net id="224"><net_src comp="112" pin="0"/><net_sink comp="220" pin=0"/></net>

<net id="225"><net_src comp="14" pin="0"/><net_sink comp="220" pin=1"/></net>

<net id="230"><net_src comp="114" pin="0"/><net_sink comp="226" pin=0"/></net>

<net id="231"><net_src comp="10" pin="0"/><net_sink comp="226" pin=1"/></net>

<net id="236"><net_src comp="114" pin="0"/><net_sink comp="232" pin=0"/></net>

<net id="237"><net_src comp="8" pin="0"/><net_sink comp="232" pin=1"/></net>

<net id="242"><net_src comp="116" pin="0"/><net_sink comp="238" pin=0"/></net>

<net id="243"><net_src comp="6" pin="0"/><net_sink comp="238" pin=1"/></net>

<net id="248"><net_src comp="118" pin="0"/><net_sink comp="244" pin=0"/></net>

<net id="249"><net_src comp="4" pin="0"/><net_sink comp="244" pin=1"/></net>

<net id="254"><net_src comp="110" pin="0"/><net_sink comp="250" pin=0"/></net>

<net id="255"><net_src comp="2" pin="0"/><net_sink comp="250" pin=1"/></net>

<net id="260"><net_src comp="110" pin="0"/><net_sink comp="256" pin=0"/></net>

<net id="261"><net_src comp="0" pin="0"/><net_sink comp="256" pin=1"/></net>

<net id="267"><net_src comp="100" pin="0"/><net_sink comp="262" pin=0"/></net>

<net id="268"><net_src comp="150" pin="0"/><net_sink comp="262" pin=1"/></net>

<net id="290"><net_src comp="262" pin="3"/><net_sink comp="269" pin=10"/></net>

<net id="296"><net_src comp="100" pin="0"/><net_sink comp="291" pin=0"/></net>

<net id="297"><net_src comp="150" pin="0"/><net_sink comp="291" pin=1"/></net>

<net id="298"><net_src comp="291" pin="3"/><net_sink comp="269" pin=8"/></net>

<net id="304"><net_src comp="106" pin="0"/><net_sink comp="299" pin=0"/></net>

<net id="305"><net_src comp="150" pin="0"/><net_sink comp="299" pin=1"/></net>

<net id="311"><net_src comp="299" pin="3"/><net_sink comp="306" pin=0"/></net>

<net id="317"><net_src comp="100" pin="0"/><net_sink comp="312" pin=0"/></net>

<net id="318"><net_src comp="150" pin="0"/><net_sink comp="312" pin=1"/></net>

<net id="319"><net_src comp="312" pin="3"/><net_sink comp="269" pin=5"/></net>

<net id="325"><net_src comp="100" pin="0"/><net_sink comp="320" pin=0"/></net>

<net id="326"><net_src comp="150" pin="0"/><net_sink comp="320" pin=1"/></net>

<net id="327"><net_src comp="320" pin="3"/><net_sink comp="269" pin=2"/></net>

<net id="333"><net_src comp="100" pin="0"/><net_sink comp="328" pin=0"/></net>

<net id="334"><net_src comp="150" pin="0"/><net_sink comp="328" pin=1"/></net>

<net id="335"><net_src comp="328" pin="3"/><net_sink comp="269" pin=0"/></net>

<net id="341"><net_src comp="102" pin="0"/><net_sink comp="336" pin=0"/></net>

<net id="342"><net_src comp="150" pin="0"/><net_sink comp="336" pin=1"/></net>

<net id="348"><net_src comp="336" pin="3"/><net_sink comp="343" pin=0"/></net>

<net id="354"><net_src comp="104" pin="0"/><net_sink comp="349" pin=0"/></net>

<net id="355"><net_src comp="150" pin="0"/><net_sink comp="349" pin=1"/></net>

<net id="361"><net_src comp="349" pin="3"/><net_sink comp="356" pin=0"/></net>

<net id="367"><net_src comp="12" pin="0"/><net_sink comp="362" pin=0"/></net>

<net id="368"><net_src comp="150" pin="0"/><net_sink comp="362" pin=1"/></net>

<net id="374"><net_src comp="16" pin="0"/><net_sink comp="369" pin=0"/></net>

<net id="375"><net_src comp="150" pin="0"/><net_sink comp="369" pin=1"/></net>

<net id="381"><net_src comp="18" pin="0"/><net_sink comp="376" pin=0"/></net>

<net id="382"><net_src comp="150" pin="0"/><net_sink comp="376" pin=1"/></net>

<net id="388"><net_src comp="20" pin="0"/><net_sink comp="383" pin=0"/></net>

<net id="389"><net_src comp="150" pin="0"/><net_sink comp="383" pin=1"/></net>

<net id="395"><net_src comp="22" pin="0"/><net_sink comp="390" pin=0"/></net>

<net id="396"><net_src comp="150" pin="0"/><net_sink comp="390" pin=1"/></net>

<net id="402"><net_src comp="24" pin="0"/><net_sink comp="397" pin=0"/></net>

<net id="403"><net_src comp="150" pin="0"/><net_sink comp="397" pin=1"/></net>

<net id="409"><net_src comp="26" pin="0"/><net_sink comp="404" pin=0"/></net>

<net id="410"><net_src comp="150" pin="0"/><net_sink comp="404" pin=1"/></net>

<net id="416"><net_src comp="28" pin="0"/><net_sink comp="411" pin=0"/></net>

<net id="417"><net_src comp="150" pin="0"/><net_sink comp="411" pin=1"/></net>

<net id="423"><net_src comp="30" pin="0"/><net_sink comp="418" pin=0"/></net>

<net id="424"><net_src comp="150" pin="0"/><net_sink comp="418" pin=1"/></net>

<net id="430"><net_src comp="32" pin="0"/><net_sink comp="425" pin=0"/></net>

<net id="431"><net_src comp="150" pin="0"/><net_sink comp="425" pin=1"/></net>

<net id="437"><net_src comp="34" pin="0"/><net_sink comp="432" pin=0"/></net>

<net id="438"><net_src comp="150" pin="0"/><net_sink comp="432" pin=1"/></net>

<net id="444"><net_src comp="36" pin="0"/><net_sink comp="439" pin=0"/></net>

<net id="445"><net_src comp="150" pin="0"/><net_sink comp="439" pin=1"/></net>

<net id="451"><net_src comp="38" pin="0"/><net_sink comp="446" pin=0"/></net>

<net id="452"><net_src comp="150" pin="0"/><net_sink comp="446" pin=1"/></net>

<net id="458"><net_src comp="40" pin="0"/><net_sink comp="453" pin=0"/></net>

<net id="459"><net_src comp="150" pin="0"/><net_sink comp="453" pin=1"/></net>

<net id="465"><net_src comp="42" pin="0"/><net_sink comp="460" pin=0"/></net>

<net id="466"><net_src comp="150" pin="0"/><net_sink comp="460" pin=1"/></net>

<net id="472"><net_src comp="44" pin="0"/><net_sink comp="467" pin=0"/></net>

<net id="473"><net_src comp="150" pin="0"/><net_sink comp="467" pin=1"/></net>

<net id="479"><net_src comp="46" pin="0"/><net_sink comp="474" pin=0"/></net>

<net id="480"><net_src comp="150" pin="0"/><net_sink comp="474" pin=1"/></net>

<net id="486"><net_src comp="48" pin="0"/><net_sink comp="481" pin=0"/></net>

<net id="487"><net_src comp="150" pin="0"/><net_sink comp="481" pin=1"/></net>

<net id="493"><net_src comp="50" pin="0"/><net_sink comp="488" pin=0"/></net>

<net id="494"><net_src comp="150" pin="0"/><net_sink comp="488" pin=1"/></net>

<net id="500"><net_src comp="52" pin="0"/><net_sink comp="495" pin=0"/></net>

<net id="501"><net_src comp="150" pin="0"/><net_sink comp="495" pin=1"/></net>

<net id="507"><net_src comp="54" pin="0"/><net_sink comp="502" pin=0"/></net>

<net id="508"><net_src comp="150" pin="0"/><net_sink comp="502" pin=1"/></net>

<net id="514"><net_src comp="56" pin="0"/><net_sink comp="509" pin=0"/></net>

<net id="515"><net_src comp="150" pin="0"/><net_sink comp="509" pin=1"/></net>

<net id="521"><net_src comp="58" pin="0"/><net_sink comp="516" pin=0"/></net>

<net id="522"><net_src comp="150" pin="0"/><net_sink comp="516" pin=1"/></net>

<net id="528"><net_src comp="60" pin="0"/><net_sink comp="523" pin=0"/></net>

<net id="529"><net_src comp="150" pin="0"/><net_sink comp="523" pin=1"/></net>

<net id="535"><net_src comp="62" pin="0"/><net_sink comp="530" pin=0"/></net>

<net id="536"><net_src comp="150" pin="0"/><net_sink comp="530" pin=1"/></net>

<net id="542"><net_src comp="64" pin="0"/><net_sink comp="537" pin=0"/></net>

<net id="543"><net_src comp="150" pin="0"/><net_sink comp="537" pin=1"/></net>

<net id="549"><net_src comp="66" pin="0"/><net_sink comp="544" pin=0"/></net>

<net id="550"><net_src comp="150" pin="0"/><net_sink comp="544" pin=1"/></net>

<net id="556"><net_src comp="68" pin="0"/><net_sink comp="551" pin=0"/></net>

<net id="557"><net_src comp="150" pin="0"/><net_sink comp="551" pin=1"/></net>

<net id="563"><net_src comp="70" pin="0"/><net_sink comp="558" pin=0"/></net>

<net id="564"><net_src comp="150" pin="0"/><net_sink comp="558" pin=1"/></net>

<net id="570"><net_src comp="72" pin="0"/><net_sink comp="565" pin=0"/></net>

<net id="571"><net_src comp="150" pin="0"/><net_sink comp="565" pin=1"/></net>

<net id="577"><net_src comp="74" pin="0"/><net_sink comp="572" pin=0"/></net>

<net id="578"><net_src comp="150" pin="0"/><net_sink comp="572" pin=1"/></net>

<net id="584"><net_src comp="76" pin="0"/><net_sink comp="579" pin=0"/></net>

<net id="585"><net_src comp="150" pin="0"/><net_sink comp="579" pin=1"/></net>

<net id="591"><net_src comp="78" pin="0"/><net_sink comp="586" pin=0"/></net>

<net id="592"><net_src comp="150" pin="0"/><net_sink comp="586" pin=1"/></net>

<net id="598"><net_src comp="80" pin="0"/><net_sink comp="593" pin=0"/></net>

<net id="599"><net_src comp="150" pin="0"/><net_sink comp="593" pin=1"/></net>

<net id="605"><net_src comp="82" pin="0"/><net_sink comp="600" pin=0"/></net>

<net id="606"><net_src comp="150" pin="0"/><net_sink comp="600" pin=1"/></net>

<net id="612"><net_src comp="84" pin="0"/><net_sink comp="607" pin=0"/></net>

<net id="613"><net_src comp="150" pin="0"/><net_sink comp="607" pin=1"/></net>

<net id="619"><net_src comp="86" pin="0"/><net_sink comp="614" pin=0"/></net>

<net id="620"><net_src comp="150" pin="0"/><net_sink comp="614" pin=1"/></net>

<net id="626"><net_src comp="88" pin="0"/><net_sink comp="621" pin=0"/></net>

<net id="627"><net_src comp="150" pin="0"/><net_sink comp="621" pin=1"/></net>

<net id="633"><net_src comp="90" pin="0"/><net_sink comp="628" pin=0"/></net>

<net id="634"><net_src comp="150" pin="0"/><net_sink comp="628" pin=1"/></net>

<net id="640"><net_src comp="92" pin="0"/><net_sink comp="635" pin=0"/></net>

<net id="641"><net_src comp="150" pin="0"/><net_sink comp="635" pin=1"/></net>

<net id="647"><net_src comp="593" pin="3"/><net_sink comp="642" pin=0"/></net>

<net id="653"><net_src comp="586" pin="3"/><net_sink comp="648" pin=0"/></net>

<net id="659"><net_src comp="579" pin="3"/><net_sink comp="654" pin=0"/></net>

<net id="665"><net_src comp="572" pin="3"/><net_sink comp="660" pin=0"/></net>

<net id="671"><net_src comp="600" pin="3"/><net_sink comp="666" pin=0"/></net>

<net id="677"><net_src comp="558" pin="3"/><net_sink comp="672" pin=0"/></net>

<net id="683"><net_src comp="551" pin="3"/><net_sink comp="678" pin=0"/></net>

<net id="689"><net_src comp="544" pin="3"/><net_sink comp="684" pin=0"/></net>

<net id="695"><net_src comp="537" pin="3"/><net_sink comp="690" pin=0"/></net>

<net id="701"><net_src comp="565" pin="3"/><net_sink comp="696" pin=0"/></net>

<net id="707"><net_src comp="523" pin="3"/><net_sink comp="702" pin=0"/></net>

<net id="713"><net_src comp="516" pin="3"/><net_sink comp="708" pin=0"/></net>

<net id="719"><net_src comp="509" pin="3"/><net_sink comp="714" pin=0"/></net>

<net id="725"><net_src comp="502" pin="3"/><net_sink comp="720" pin=0"/></net>

<net id="731"><net_src comp="530" pin="3"/><net_sink comp="726" pin=0"/></net>

<net id="737"><net_src comp="488" pin="3"/><net_sink comp="732" pin=0"/></net>

<net id="743"><net_src comp="481" pin="3"/><net_sink comp="738" pin=0"/></net>

<net id="749"><net_src comp="474" pin="3"/><net_sink comp="744" pin=0"/></net>

<net id="755"><net_src comp="467" pin="3"/><net_sink comp="750" pin=0"/></net>

<net id="761"><net_src comp="495" pin="3"/><net_sink comp="756" pin=0"/></net>

<net id="767"><net_src comp="453" pin="3"/><net_sink comp="762" pin=0"/></net>

<net id="773"><net_src comp="446" pin="3"/><net_sink comp="768" pin=0"/></net>

<net id="779"><net_src comp="439" pin="3"/><net_sink comp="774" pin=0"/></net>

<net id="785"><net_src comp="432" pin="3"/><net_sink comp="780" pin=0"/></net>

<net id="791"><net_src comp="460" pin="3"/><net_sink comp="786" pin=0"/></net>

<net id="797"><net_src comp="418" pin="3"/><net_sink comp="792" pin=0"/></net>

<net id="803"><net_src comp="411" pin="3"/><net_sink comp="798" pin=0"/></net>

<net id="809"><net_src comp="404" pin="3"/><net_sink comp="804" pin=0"/></net>

<net id="815"><net_src comp="397" pin="3"/><net_sink comp="810" pin=0"/></net>

<net id="821"><net_src comp="425" pin="3"/><net_sink comp="816" pin=0"/></net>

<net id="827"><net_src comp="383" pin="3"/><net_sink comp="822" pin=0"/></net>

<net id="833"><net_src comp="376" pin="3"/><net_sink comp="828" pin=0"/></net>

<net id="839"><net_src comp="369" pin="3"/><net_sink comp="834" pin=0"/></net>

<net id="845"><net_src comp="362" pin="3"/><net_sink comp="840" pin=0"/></net>

<net id="851"><net_src comp="390" pin="3"/><net_sink comp="846" pin=0"/></net>

<net id="857"><net_src comp="628" pin="3"/><net_sink comp="852" pin=0"/></net>

<net id="863"><net_src comp="621" pin="3"/><net_sink comp="858" pin=0"/></net>

<net id="869"><net_src comp="614" pin="3"/><net_sink comp="864" pin=0"/></net>

<net id="875"><net_src comp="607" pin="3"/><net_sink comp="870" pin=0"/></net>

<net id="881"><net_src comp="635" pin="3"/><net_sink comp="876" pin=0"/></net>

<net id="885"><net_src comp="156" pin="0"/><net_sink comp="882" pin=0"/></net>

<net id="892"><net_src comp="882" pin="1"/><net_sink comp="886" pin=2"/></net>

<net id="896"><net_src comp="156" pin="0"/><net_sink comp="893" pin=0"/></net>

<net id="903"><net_src comp="893" pin="1"/><net_sink comp="897" pin=2"/></net>

<net id="907"><net_src comp="156" pin="0"/><net_sink comp="904" pin=0"/></net>

<net id="914"><net_src comp="904" pin="1"/><net_sink comp="908" pin=2"/></net>

<net id="926"><net_src comp="238" pin="2"/><net_sink comp="919" pin=0"/></net>

<net id="927"><net_src comp="130" pin="0"/><net_sink comp="919" pin=1"/></net>

<net id="928"><net_src comp="132" pin="0"/><net_sink comp="919" pin=2"/></net>

<net id="929"><net_src comp="134" pin="0"/><net_sink comp="919" pin=3"/></net>

<net id="930"><net_src comp="136" pin="0"/><net_sink comp="919" pin=4"/></net>

<net id="934"><net_src comp="202" pin="2"/><net_sink comp="931" pin=0"/></net>

<net id="938"><net_src comp="208" pin="2"/><net_sink comp="935" pin=0"/></net>

<net id="942"><net_src comp="214" pin="2"/><net_sink comp="939" pin=0"/></net>

<net id="946"><net_src comp="220" pin="2"/><net_sink comp="943" pin=0"/></net>

<net id="950"><net_src comp="226" pin="2"/><net_sink comp="947" pin=0"/></net>

<net id="954"><net_src comp="232" pin="2"/><net_sink comp="951" pin=0"/></net>

<net id="959"><net_src comp="256" pin="2"/><net_sink comp="955" pin=0"/></net>

<net id="960"><net_src comp="120" pin="0"/><net_sink comp="955" pin=1"/></net>

<net id="965"><net_src comp="250" pin="2"/><net_sink comp="961" pin=0"/></net>

<net id="966"><net_src comp="120" pin="0"/><net_sink comp="961" pin=1"/></net>

<net id="971"><net_src comp="244" pin="2"/><net_sink comp="967" pin=0"/></net>

<net id="972"><net_src comp="122" pin="0"/><net_sink comp="967" pin=1"/></net>

<net id="977"><net_src comp="124" pin="0"/><net_sink comp="973" pin=0"/></net>

<net id="985"><net_src comp="978" pin="1"/><net_sink comp="981" pin=0"/></net>

<net id="986"><net_src comp="126" pin="0"/><net_sink comp="981" pin=1"/></net>

<net id="991"><net_src comp="978" pin="1"/><net_sink comp="987" pin=0"/></net>

<net id="992"><net_src comp="128" pin="0"/><net_sink comp="987" pin=1"/></net>

<net id="996"><net_src comp="978" pin="1"/><net_sink comp="993" pin=0"/></net>

<net id="1007"><net_src comp="993" pin="1"/><net_sink comp="997" pin=0"/></net>

<net id="1008"><net_src comp="130" pin="0"/><net_sink comp="997" pin=1"/></net>

<net id="1009"><net_src comp="132" pin="0"/><net_sink comp="997" pin=2"/></net>

<net id="1010"><net_src comp="134" pin="0"/><net_sink comp="997" pin=3"/></net>

<net id="1011"><net_src comp="136" pin="0"/><net_sink comp="997" pin=4"/></net>

<net id="1012"><net_src comp="138" pin="0"/><net_sink comp="997" pin=5"/></net>

<net id="1013"><net_src comp="140" pin="0"/><net_sink comp="997" pin=6"/></net>

<net id="1014"><net_src comp="142" pin="0"/><net_sink comp="997" pin=7"/></net>

<net id="1019"><net_src comp="987" pin="2"/><net_sink comp="1015" pin=0"/></net>

<net id="1028"><net_src comp="144" pin="0"/><net_sink comp="1023" pin=0"/></net>

<net id="1029"><net_src comp="146" pin="0"/><net_sink comp="1023" pin=2"/></net>

<net id="1034"><net_src comp="1023" pin="3"/><net_sink comp="1030" pin=0"/></net>

<net id="1035"><net_src comp="1020" pin="1"/><net_sink comp="1030" pin=1"/></net>

<net id="1040"><net_src comp="1030" pin="2"/><net_sink comp="1036" pin=0"/></net>

<net id="1041"><net_src comp="148" pin="0"/><net_sink comp="1036" pin=1"/></net>

<net id="1045"><net_src comp="1036" pin="2"/><net_sink comp="1042" pin=0"/></net>

<net id="1046"><net_src comp="1042" pin="1"/><net_sink comp="262" pin=2"/></net>

<net id="1051"><net_src comp="152" pin="0"/><net_sink comp="1047" pin=1"/></net>

<net id="1055"><net_src comp="1047" pin="2"/><net_sink comp="1052" pin=0"/></net>

<net id="1056"><net_src comp="1052" pin="1"/><net_sink comp="291" pin=2"/></net>

<net id="1061"><net_src comp="154" pin="0"/><net_sink comp="1057" pin=1"/></net>

<net id="1062"><net_src comp="1057" pin="2"/><net_sink comp="886" pin=0"/></net>

<net id="1066"><net_src comp="886" pin="4"/><net_sink comp="1063" pin=0"/></net>

<net id="1070"><net_src comp="269" pin="19"/><net_sink comp="1067" pin=0"/></net>

<net id="1074"><net_src comp="1071" pin="1"/><net_sink comp="299" pin=2"/></net>

<net id="1075"><net_src comp="1071" pin="1"/><net_sink comp="336" pin=2"/></net>

<net id="1076"><net_src comp="1071" pin="1"/><net_sink comp="349" pin=2"/></net>

<net id="1080"><net_src comp="1077" pin="1"/><net_sink comp="312" pin=2"/></net>

<net id="1085"><net_src comp="154" pin="0"/><net_sink comp="1081" pin=1"/></net>

<net id="1090"><net_src comp="154" pin="0"/><net_sink comp="1086" pin=1"/></net>

<net id="1095"><net_src comp="158" pin="0"/><net_sink comp="1091" pin=1"/></net>

<net id="1099"><net_src comp="1091" pin="2"/><net_sink comp="1096" pin=0"/></net>

<net id="1100"><net_src comp="1096" pin="1"/><net_sink comp="320" pin=2"/></net>

<net id="1105"><net_src comp="160" pin="0"/><net_sink comp="1101" pin=1"/></net>

<net id="1109"><net_src comp="1101" pin="2"/><net_sink comp="1106" pin=0"/></net>

<net id="1110"><net_src comp="1106" pin="1"/><net_sink comp="328" pin=2"/></net>

<net id="1114"><net_src comp="897" pin="4"/><net_sink comp="1111" pin=0"/></net>

<net id="1118"><net_src comp="269" pin="11"/><net_sink comp="1115" pin=0"/></net>

<net id="1123"><net_src comp="1111" pin="1"/><net_sink comp="1119" pin=0"/></net>

<net id="1124"><net_src comp="1115" pin="1"/><net_sink comp="1119" pin=1"/></net>

<net id="1128"><net_src comp="908" pin="4"/><net_sink comp="1125" pin=0"/></net>

<net id="1132"><net_src comp="269" pin="7"/><net_sink comp="1129" pin=0"/></net>

<net id="1136"><net_src comp="269" pin="3"/><net_sink comp="1133" pin=0"/></net>

<net id="1144"><net_src comp="1137" pin="1"/><net_sink comp="1140" pin=1"/></net>

<net id="1149"><net_src comp="1133" pin="1"/><net_sink comp="1145" pin=1"/></net>

<net id="1154"><net_src comp="1125" pin="1"/><net_sink comp="1150" pin=0"/></net>

<net id="1155"><net_src comp="1129" pin="1"/><net_sink comp="1150" pin=1"/></net>

<net id="1170"><net_src comp="1162" pin="2"/><net_sink comp="1166" pin=0"/></net>

<net id="1171"><net_src comp="1156" pin="1"/><net_sink comp="1166" pin=1"/></net>

<net id="1175"><net_src comp="1166" pin="2"/><net_sink comp="1172" pin=0"/></net>

<net id="1183"><net_src comp="1176" pin="1"/><net_sink comp="1179" pin=0"/></net>

<net id="1184"><net_src comp="1159" pin="1"/><net_sink comp="1179" pin=1"/></net>

<net id="1188"><net_src comp="1179" pin="2"/><net_sink comp="1185" pin=0"/></net>

<net id="1193"><net_src comp="1185" pin="1"/><net_sink comp="1189" pin=0"/></net>

<net id="1194"><net_src comp="1172" pin="1"/><net_sink comp="1189" pin=1"/></net>

<net id="1198"><net_src comp="1195" pin="1"/><net_sink comp="915" pin=0"/></net>

<net id="1202"><net_src comp="1199" pin="1"/><net_sink comp="915" pin=1"/></net>

<net id="1207"><net_src comp="162" pin="0"/><net_sink comp="1203" pin=1"/></net>

<net id="1215"><net_src comp="164" pin="0"/><net_sink comp="1211" pin=0"/></net>

<net id="1216"><net_src comp="1208" pin="1"/><net_sink comp="1211" pin=1"/></net>

<net id="1220"><net_src comp="1211" pin="2"/><net_sink comp="1217" pin=0"/></net>

<net id="1225"><net_src comp="1217" pin="1"/><net_sink comp="1221" pin=0"/></net>

<net id="1233"><net_src comp="1226" pin="1"/><net_sink comp="1229" pin=1"/></net>

<net id="1237"><net_src comp="1229" pin="2"/><net_sink comp="1234" pin=0"/></net>

<net id="1243"><net_src comp="166" pin="0"/><net_sink comp="1238" pin=0"/></net>

<net id="1244"><net_src comp="1229" pin="2"/><net_sink comp="1238" pin=1"/></net>

<net id="1245"><net_src comp="168" pin="0"/><net_sink comp="1238" pin=2"/></net>

<net id="1251"><net_src comp="1238" pin="3"/><net_sink comp="1246" pin=0"/></net>

<net id="1252"><net_src comp="170" pin="0"/><net_sink comp="1246" pin=1"/></net>

<net id="1253"><net_src comp="1234" pin="1"/><net_sink comp="1246" pin=2"/></net>

<net id="1260"><net_src comp="172" pin="0"/><net_sink comp="1254" pin=0"/></net>

<net id="1261"><net_src comp="1246" pin="3"/><net_sink comp="1254" pin=1"/></net>

<net id="1262"><net_src comp="174" pin="0"/><net_sink comp="1254" pin=2"/></net>

<net id="1263"><net_src comp="176" pin="0"/><net_sink comp="1254" pin=3"/></net>

<net id="1268"><net_src comp="1254" pin="4"/><net_sink comp="1264" pin=0"/></net>

<net id="1269"><net_src comp="178" pin="0"/><net_sink comp="1264" pin=1"/></net>

<net id="1273"><net_src comp="1246" pin="3"/><net_sink comp="1270" pin=0"/></net>

<net id="1279"><net_src comp="196" pin="0"/><net_sink comp="1274" pin=1"/></net>

<net id="1280"><net_src comp="1274" pin="3"/><net_sink comp="642" pin=1"/></net>

<net id="1281"><net_src comp="1274" pin="3"/><net_sink comp="648" pin=1"/></net>

<net id="1282"><net_src comp="1274" pin="3"/><net_sink comp="654" pin=1"/></net>

<net id="1283"><net_src comp="1274" pin="3"/><net_sink comp="660" pin=1"/></net>

<net id="1284"><net_src comp="1274" pin="3"/><net_sink comp="666" pin=1"/></net>

<net id="1285"><net_src comp="1274" pin="3"/><net_sink comp="672" pin=1"/></net>

<net id="1286"><net_src comp="1274" pin="3"/><net_sink comp="678" pin=1"/></net>

<net id="1287"><net_src comp="1274" pin="3"/><net_sink comp="684" pin=1"/></net>

<net id="1288"><net_src comp="1274" pin="3"/><net_sink comp="690" pin=1"/></net>

<net id="1289"><net_src comp="1274" pin="3"/><net_sink comp="696" pin=1"/></net>

<net id="1290"><net_src comp="1274" pin="3"/><net_sink comp="702" pin=1"/></net>

<net id="1291"><net_src comp="1274" pin="3"/><net_sink comp="708" pin=1"/></net>

<net id="1292"><net_src comp="1274" pin="3"/><net_sink comp="714" pin=1"/></net>

<net id="1293"><net_src comp="1274" pin="3"/><net_sink comp="720" pin=1"/></net>

<net id="1294"><net_src comp="1274" pin="3"/><net_sink comp="726" pin=1"/></net>

<net id="1295"><net_src comp="1274" pin="3"/><net_sink comp="732" pin=1"/></net>

<net id="1296"><net_src comp="1274" pin="3"/><net_sink comp="738" pin=1"/></net>

<net id="1297"><net_src comp="1274" pin="3"/><net_sink comp="744" pin=1"/></net>

<net id="1298"><net_src comp="1274" pin="3"/><net_sink comp="750" pin=1"/></net>

<net id="1299"><net_src comp="1274" pin="3"/><net_sink comp="756" pin=1"/></net>

<net id="1300"><net_src comp="1274" pin="3"/><net_sink comp="762" pin=1"/></net>

<net id="1301"><net_src comp="1274" pin="3"/><net_sink comp="768" pin=1"/></net>

<net id="1302"><net_src comp="1274" pin="3"/><net_sink comp="774" pin=1"/></net>

<net id="1303"><net_src comp="1274" pin="3"/><net_sink comp="780" pin=1"/></net>

<net id="1304"><net_src comp="1274" pin="3"/><net_sink comp="786" pin=1"/></net>

<net id="1305"><net_src comp="1274" pin="3"/><net_sink comp="792" pin=1"/></net>

<net id="1306"><net_src comp="1274" pin="3"/><net_sink comp="798" pin=1"/></net>

<net id="1307"><net_src comp="1274" pin="3"/><net_sink comp="804" pin=1"/></net>

<net id="1308"><net_src comp="1274" pin="3"/><net_sink comp="810" pin=1"/></net>

<net id="1309"><net_src comp="1274" pin="3"/><net_sink comp="816" pin=1"/></net>

<net id="1310"><net_src comp="1274" pin="3"/><net_sink comp="822" pin=1"/></net>

<net id="1311"><net_src comp="1274" pin="3"/><net_sink comp="828" pin=1"/></net>

<net id="1312"><net_src comp="1274" pin="3"/><net_sink comp="834" pin=1"/></net>

<net id="1313"><net_src comp="1274" pin="3"/><net_sink comp="840" pin=1"/></net>

<net id="1314"><net_src comp="1274" pin="3"/><net_sink comp="846" pin=1"/></net>

<net id="1315"><net_src comp="1274" pin="3"/><net_sink comp="852" pin=1"/></net>

<net id="1316"><net_src comp="1274" pin="3"/><net_sink comp="858" pin=1"/></net>

<net id="1317"><net_src comp="1274" pin="3"/><net_sink comp="864" pin=1"/></net>

<net id="1318"><net_src comp="1274" pin="3"/><net_sink comp="870" pin=1"/></net>

<net id="1319"><net_src comp="1274" pin="3"/><net_sink comp="876" pin=1"/></net>

<net id="1325"><net_src comp="1063" pin="1"/><net_sink comp="1320" pin=0"/></net>

<net id="1326"><net_src comp="1067" pin="1"/><net_sink comp="1320" pin=1"/></net>

<net id="1327"><net_src comp="1140" pin="2"/><net_sink comp="1320" pin=2"/></net>

<net id="1328"><net_src comp="1320" pin="3"/><net_sink comp="1176" pin=0"/></net>

<net id="1332"><net_src comp="198" pin="1"/><net_sink comp="1329" pin=0"/></net>

<net id="1333"><net_src comp="1329" pin="1"/><net_sink comp="973" pin=1"/></net>

<net id="1334"><net_src comp="1329" pin="1"/><net_sink comp="978" pin=0"/></net>

<net id="1335"><net_src comp="1329" pin="1"/><net_sink comp="1015" pin=1"/></net>

<net id="1339"><net_src comp="238" pin="2"/><net_sink comp="1336" pin=0"/></net>

<net id="1343"><net_src comp="931" pin="1"/><net_sink comp="1340" pin=0"/></net>

<net id="1344"><net_src comp="1340" pin="1"/><net_sink comp="1057" pin=0"/></net>

<net id="1348"><net_src comp="935" pin="1"/><net_sink comp="1345" pin=0"/></net>

<net id="1349"><net_src comp="1345" pin="1"/><net_sink comp="1086" pin=0"/></net>

<net id="1353"><net_src comp="939" pin="1"/><net_sink comp="1350" pin=0"/></net>

<net id="1354"><net_src comp="1350" pin="1"/><net_sink comp="1081" pin=0"/></net>

<net id="1358"><net_src comp="943" pin="1"/><net_sink comp="1355" pin=0"/></net>

<net id="1359"><net_src comp="1355" pin="1"/><net_sink comp="362" pin=2"/></net>

<net id="1360"><net_src comp="1355" pin="1"/><net_sink comp="369" pin=2"/></net>

<net id="1361"><net_src comp="1355" pin="1"/><net_sink comp="376" pin=2"/></net>

<net id="1362"><net_src comp="1355" pin="1"/><net_sink comp="383" pin=2"/></net>

<net id="1363"><net_src comp="1355" pin="1"/><net_sink comp="390" pin=2"/></net>

<net id="1364"><net_src comp="1355" pin="1"/><net_sink comp="397" pin=2"/></net>

<net id="1365"><net_src comp="1355" pin="1"/><net_sink comp="404" pin=2"/></net>

<net id="1366"><net_src comp="1355" pin="1"/><net_sink comp="411" pin=2"/></net>

<net id="1367"><net_src comp="1355" pin="1"/><net_sink comp="418" pin=2"/></net>

<net id="1368"><net_src comp="1355" pin="1"/><net_sink comp="425" pin=2"/></net>

<net id="1369"><net_src comp="1355" pin="1"/><net_sink comp="432" pin=2"/></net>

<net id="1370"><net_src comp="1355" pin="1"/><net_sink comp="439" pin=2"/></net>

<net id="1371"><net_src comp="1355" pin="1"/><net_sink comp="446" pin=2"/></net>

<net id="1372"><net_src comp="1355" pin="1"/><net_sink comp="453" pin=2"/></net>

<net id="1373"><net_src comp="1355" pin="1"/><net_sink comp="460" pin=2"/></net>

<net id="1374"><net_src comp="1355" pin="1"/><net_sink comp="467" pin=2"/></net>

<net id="1375"><net_src comp="1355" pin="1"/><net_sink comp="474" pin=2"/></net>

<net id="1376"><net_src comp="1355" pin="1"/><net_sink comp="481" pin=2"/></net>

<net id="1377"><net_src comp="1355" pin="1"/><net_sink comp="488" pin=2"/></net>

<net id="1378"><net_src comp="1355" pin="1"/><net_sink comp="495" pin=2"/></net>

<net id="1379"><net_src comp="1355" pin="1"/><net_sink comp="502" pin=2"/></net>

<net id="1380"><net_src comp="1355" pin="1"/><net_sink comp="509" pin=2"/></net>

<net id="1381"><net_src comp="1355" pin="1"/><net_sink comp="516" pin=2"/></net>

<net id="1382"><net_src comp="1355" pin="1"/><net_sink comp="523" pin=2"/></net>

<net id="1383"><net_src comp="1355" pin="1"/><net_sink comp="530" pin=2"/></net>

<net id="1384"><net_src comp="1355" pin="1"/><net_sink comp="537" pin=2"/></net>

<net id="1385"><net_src comp="1355" pin="1"/><net_sink comp="544" pin=2"/></net>

<net id="1386"><net_src comp="1355" pin="1"/><net_sink comp="551" pin=2"/></net>

<net id="1387"><net_src comp="1355" pin="1"/><net_sink comp="558" pin=2"/></net>

<net id="1388"><net_src comp="1355" pin="1"/><net_sink comp="565" pin=2"/></net>

<net id="1389"><net_src comp="1355" pin="1"/><net_sink comp="572" pin=2"/></net>

<net id="1390"><net_src comp="1355" pin="1"/><net_sink comp="579" pin=2"/></net>

<net id="1391"><net_src comp="1355" pin="1"/><net_sink comp="586" pin=2"/></net>

<net id="1392"><net_src comp="1355" pin="1"/><net_sink comp="593" pin=2"/></net>

<net id="1393"><net_src comp="1355" pin="1"/><net_sink comp="600" pin=2"/></net>

<net id="1394"><net_src comp="1355" pin="1"/><net_sink comp="607" pin=2"/></net>

<net id="1395"><net_src comp="1355" pin="1"/><net_sink comp="614" pin=2"/></net>

<net id="1396"><net_src comp="1355" pin="1"/><net_sink comp="621" pin=2"/></net>

<net id="1397"><net_src comp="1355" pin="1"/><net_sink comp="628" pin=2"/></net>

<net id="1398"><net_src comp="1355" pin="1"/><net_sink comp="635" pin=2"/></net>

<net id="1402"><net_src comp="947" pin="1"/><net_sink comp="1399" pin=0"/></net>

<net id="1403"><net_src comp="1399" pin="1"/><net_sink comp="1145" pin=0"/></net>

<net id="1407"><net_src comp="951" pin="1"/><net_sink comp="1404" pin=0"/></net>

<net id="1408"><net_src comp="1404" pin="1"/><net_sink comp="1140" pin=0"/></net>

<net id="1412"><net_src comp="955" pin="2"/><net_sink comp="1409" pin=0"/></net>

<net id="1416"><net_src comp="961" pin="2"/><net_sink comp="1413" pin=0"/></net>

<net id="1420"><net_src comp="967" pin="2"/><net_sink comp="1417" pin=0"/></net>

<net id="1424"><net_src comp="978" pin="1"/><net_sink comp="1421" pin=0"/></net>

<net id="1425"><net_src comp="1421" pin="1"/><net_sink comp="1020" pin=0"/></net>

<net id="1426"><net_src comp="1421" pin="1"/><net_sink comp="1023" pin=1"/></net>

<net id="1427"><net_src comp="1421" pin="1"/><net_sink comp="1071" pin=0"/></net>

<net id="1431"><net_src comp="981" pin="2"/><net_sink comp="1428" pin=0"/></net>

<net id="1435"><net_src comp="993" pin="1"/><net_sink comp="1432" pin=0"/></net>

<net id="1439"><net_src comp="1030" pin="2"/><net_sink comp="1436" pin=0"/></net>

<net id="1440"><net_src comp="1436" pin="1"/><net_sink comp="1047" pin=0"/></net>

<net id="1441"><net_src comp="1436" pin="1"/><net_sink comp="1077" pin=0"/></net>

<net id="1442"><net_src comp="1436" pin="1"/><net_sink comp="1091" pin=0"/></net>

<net id="1443"><net_src comp="1436" pin="1"/><net_sink comp="1101" pin=0"/></net>

<net id="1447"><net_src comp="262" pin="3"/><net_sink comp="1444" pin=0"/></net>

<net id="1448"><net_src comp="1444" pin="1"/><net_sink comp="269" pin=10"/></net>

<net id="1452"><net_src comp="291" pin="3"/><net_sink comp="1449" pin=0"/></net>

<net id="1453"><net_src comp="1449" pin="1"/><net_sink comp="269" pin=8"/></net>

<net id="1457"><net_src comp="1063" pin="1"/><net_sink comp="1454" pin=0"/></net>

<net id="1458"><net_src comp="1454" pin="1"/><net_sink comp="1320" pin=0"/></net>

<net id="1462"><net_src comp="1067" pin="1"/><net_sink comp="1459" pin=0"/></net>

<net id="1463"><net_src comp="1459" pin="1"/><net_sink comp="1320" pin=1"/></net>

<net id="1467"><net_src comp="299" pin="3"/><net_sink comp="1464" pin=0"/></net>

<net id="1468"><net_src comp="1464" pin="1"/><net_sink comp="306" pin=0"/></net>

<net id="1472"><net_src comp="1081" pin="2"/><net_sink comp="1469" pin=0"/></net>

<net id="1473"><net_src comp="1469" pin="1"/><net_sink comp="897" pin=0"/></net>

<net id="1477"><net_src comp="312" pin="3"/><net_sink comp="1474" pin=0"/></net>

<net id="1478"><net_src comp="1474" pin="1"/><net_sink comp="269" pin=5"/></net>

<net id="1482"><net_src comp="1086" pin="2"/><net_sink comp="1479" pin=0"/></net>

<net id="1483"><net_src comp="1479" pin="1"/><net_sink comp="908" pin=0"/></net>

<net id="1487"><net_src comp="320" pin="3"/><net_sink comp="1484" pin=0"/></net>

<net id="1488"><net_src comp="1484" pin="1"/><net_sink comp="269" pin=2"/></net>

<net id="1492"><net_src comp="328" pin="3"/><net_sink comp="1489" pin=0"/></net>

<net id="1493"><net_src comp="1489" pin="1"/><net_sink comp="269" pin=0"/></net>

<net id="1497"><net_src comp="269" pin="15"/><net_sink comp="1494" pin=0"/></net>

<net id="1498"><net_src comp="1494" pin="1"/><net_sink comp="1137" pin=0"/></net>

<net id="1502"><net_src comp="336" pin="3"/><net_sink comp="1499" pin=0"/></net>

<net id="1503"><net_src comp="1499" pin="1"/><net_sink comp="343" pin=0"/></net>

<net id="1507"><net_src comp="349" pin="3"/><net_sink comp="1504" pin=0"/></net>

<net id="1508"><net_src comp="1504" pin="1"/><net_sink comp="356" pin=0"/></net>

<net id="1512"><net_src comp="306" pin="3"/><net_sink comp="1509" pin=0"/></net>

<net id="1513"><net_src comp="1509" pin="1"/><net_sink comp="1156" pin=0"/></net>

<net id="1517"><net_src comp="1119" pin="2"/><net_sink comp="1514" pin=0"/></net>

<net id="1518"><net_src comp="1514" pin="1"/><net_sink comp="1162" pin=0"/></net>

<net id="1522"><net_src comp="1140" pin="2"/><net_sink comp="1519" pin=0"/></net>

<net id="1523"><net_src comp="1519" pin="1"/><net_sink comp="1320" pin=0"/></net>

<net id="1527"><net_src comp="1145" pin="2"/><net_sink comp="1524" pin=0"/></net>

<net id="1528"><net_src comp="1524" pin="1"/><net_sink comp="1159" pin=0"/></net>

<net id="1532"><net_src comp="1150" pin="2"/><net_sink comp="1529" pin=0"/></net>

<net id="1533"><net_src comp="1529" pin="1"/><net_sink comp="1162" pin=1"/></net>

<net id="1537"><net_src comp="343" pin="3"/><net_sink comp="1534" pin=0"/></net>

<net id="1538"><net_src comp="1534" pin="1"/><net_sink comp="1199" pin=0"/></net>

<net id="1542"><net_src comp="356" pin="3"/><net_sink comp="1539" pin=0"/></net>

<net id="1543"><net_src comp="1539" pin="1"/><net_sink comp="1203" pin=0"/></net>

<net id="1544"><net_src comp="1539" pin="1"/><net_sink comp="1226" pin=0"/></net>

<net id="1548"><net_src comp="1189" pin="2"/><net_sink comp="1545" pin=0"/></net>

<net id="1549"><net_src comp="1545" pin="1"/><net_sink comp="1195" pin=0"/></net>

<net id="1553"><net_src comp="1195" pin="1"/><net_sink comp="1550" pin=0"/></net>

<net id="1554"><net_src comp="1550" pin="1"/><net_sink comp="915" pin=0"/></net>

<net id="1558"><net_src comp="1199" pin="1"/><net_sink comp="1555" pin=0"/></net>

<net id="1559"><net_src comp="1555" pin="1"/><net_sink comp="915" pin=1"/></net>

<net id="1563"><net_src comp="915" pin="2"/><net_sink comp="1560" pin=0"/></net>

<net id="1564"><net_src comp="1560" pin="1"/><net_sink comp="1221" pin=1"/></net>

<net id="1568"><net_src comp="1203" pin="2"/><net_sink comp="1565" pin=0"/></net>

<net id="1569"><net_src comp="1565" pin="1"/><net_sink comp="1208" pin=0"/></net>

<net id="1573"><net_src comp="1221" pin="2"/><net_sink comp="1570" pin=0"/></net>

<net id="1574"><net_src comp="1570" pin="1"/><net_sink comp="1229" pin=0"/></net>

<net id="1578"><net_src comp="1264" pin="2"/><net_sink comp="1575" pin=0"/></net>

<net id="1579"><net_src comp="1575" pin="1"/><net_sink comp="1274" pin=0"/></net>

<net id="1583"><net_src comp="1270" pin="1"/><net_sink comp="1580" pin=0"/></net>

<net id="1584"><net_src comp="1580" pin="1"/><net_sink comp="1274" pin=2"/></net>

</net_list>

</model> 
---------------- Datapath Model END ------------------

* FSMD analyzer results:
  - Output states:
	Port: buffer_c1 | {11 }
	Port: buffer_c1_1 | {11 }
	Port: buffer_c1_2 | {11 }
	Port: buffer_c1_3 | {11 }
	Port: buffer_c1_4 | {11 }
	Port: buffer_c1_5 | {11 }
	Port: buffer_c1_6 | {11 }
	Port: buffer_c1_7 | {11 }
	Port: buffer_c1_8 | {11 }
	Port: buffer_c1_9 | {11 }
	Port: buffer_c1_10 | {11 }
	Port: buffer_c1_11 | {11 }
	Port: buffer_c1_12 | {11 }
	Port: buffer_c1_13 | {11 }
	Port: buffer_c1_14 | {11 }
	Port: buffer_c1_15 | {11 }
	Port: buffer_c1_16 | {11 }
	Port: buffer_c1_17 | {11 }
	Port: buffer_c1_18 | {11 }
	Port: buffer_c1_19 | {11 }
	Port: buffer_c1_20 | {11 }
	Port: buffer_c1_21 | {11 }
	Port: buffer_c1_22 | {11 }
	Port: buffer_c1_23 | {11 }
	Port: buffer_c1_24 | {11 }
	Port: buffer_c1_25 | {11 }
	Port: buffer_c1_26 | {11 }
	Port: buffer_c1_27 | {11 }
	Port: buffer_c1_28 | {11 }
	Port: buffer_c1_29 | {11 }
	Port: buffer_c1_30 | {11 }
	Port: buffer_c1_31 | {11 }
	Port: buffer_c1_32 | {11 }
	Port: buffer_c1_33 | {11 }
	Port: buffer_c1_34 | {11 }
	Port: buffer_c1_35 | {11 }
	Port: buffer_c1_36 | {11 }
	Port: buffer_c1_37 | {11 }
	Port: buffer_c1_38 | {11 }
	Port: buffer_c1_39 | {11 }
 - Input state : 
	Port: tiny_ecg_inference_Pipeline_VITIS_LOOP_61_2 : add_ln66 | {1 }
	Port: tiny_ecg_inference_Pipeline_VITIS_LOOP_61_2 : add_ln66_1 | {1 }
	Port: tiny_ecg_inference_Pipeline_VITIS_LOOP_61_2 : add_ln66_2 | {1 }
	Port: tiny_ecg_inference_Pipeline_VITIS_LOOP_61_2 : empty | {1 }
	Port: tiny_ecg_inference_Pipeline_VITIS_LOOP_61_2 : sext_ln77 | {1 }
	Port: tiny_ecg_inference_Pipeline_VITIS_LOOP_61_2 : sext_ln71_1 | {1 }
	Port: tiny_ecg_inference_Pipeline_VITIS_LOOP_61_2 : zext_ln60_1 | {1 }
	Port: tiny_ecg_inference_Pipeline_VITIS_LOOP_61_2 : sext_ln71_3 | {1 }
	Port: tiny_ecg_inference_Pipeline_VITIS_LOOP_61_2 : sext_ln71_4 | {1 }
	Port: tiny_ecg_inference_Pipeline_VITIS_LOOP_61_2 : sext_ln71_5 | {1 }
	Port: tiny_ecg_inference_Pipeline_VITIS_LOOP_61_2 : conv1_weight | {2 3 4 5 }
	Port: tiny_ecg_inference_Pipeline_VITIS_LOOP_61_2 : conv1_multiplier | {4 5 }
	Port: tiny_ecg_inference_Pipeline_VITIS_LOOP_61_2 : conv1_shift | {4 5 }
	Port: tiny_ecg_inference_Pipeline_VITIS_LOOP_61_2 : conv1_bias | {4 5 }
  - Chain level:
	State 1
		store_ln61 : 1
		oc_1 : 1
		icmp_ln61 : 2
		add_ln61 : 2
		br_ln61 : 3
		trunc_ln61 : 2
		br_ln69 : 1
		br_ln69 : 1
		br_ln69 : 1
		switch_ln77 : 3
		store_ln61 : 3
	State 2
		add_ln69 : 1
		add_ln74_3 : 2
		zext_ln74_3 : 3
		conv1_weight_addr_4 : 4
		conv1_weight_load_4 : 5
	State 3
		zext_ln74_2 : 1
		conv1_weight_addr_3 : 2
		conv1_weight_load_3 : 3
		x_15 : 1
		sext_ln67_4 : 2
		sext_ln74_3 : 1
		mul_ln74_4 : 3
	State 4
		conv1_bias_addr : 1
		acc : 2
		conv1_weight_addr : 1
		conv1_weight_load : 2
		zext_ln74 : 1
		conv1_weight_addr_1 : 2
		conv1_weight_load_1 : 3
		zext_ln74_1 : 1
		conv1_weight_addr_2 : 2
		conv1_weight_load_2 : 3
		conv1_multiplier_addr : 1
		conv1_multiplier_load : 2
		conv1_shift_addr : 1
		conv1_shift_load : 2
	State 5
		sext_ln67 : 1
		sext_ln74 : 1
		mul_ln74 : 2
		sext_ln67_1 : 1
		sext_ln67_2 : 1
		sext_ln67_3 : 1
		mul_ln74_1 : 1
		mul_ln74_2 : 2
		mul_ln74_3 : 2
		add_ln74_6 : 2
	State 6
		add_ln74_5 : 1
		sext_ln74_4 : 2
		sext_ln74_5 : 1
		add_ln74_7 : 2
		sext_ln74_6 : 3
		acc_2 : 4
	State 7
		acc64 : 1
	State 8
	State 9
		shl_ln10 : 1
		zext_ln10_2 : 2
		acc64_2 : 3
	State 10
		res : 1
		trunc_ln13 : 2
		tmp_8 : 2
		res_2 : 3
		tmp_9 : 4
		icmp_ln20 : 5
		trunc_ln22 : 4
	State 11
		store_ln77 : 1
		store_ln77 : 1
		store_ln77 : 1
		store_ln77 : 1
		store_ln77 : 1
		store_ln77 : 1
		store_ln77 : 1
		store_ln77 : 1
		store_ln77 : 1
		store_ln77 : 1
		store_ln77 : 1
		store_ln77 : 1
		store_ln77 : 1
		store_ln77 : 1
		store_ln77 : 1
		store_ln77 : 1
		store_ln77 : 1
		store_ln77 : 1
		store_ln77 : 1
		store_ln77 : 1
		store_ln77 : 1
		store_ln77 : 1
		store_ln77 : 1
		store_ln77 : 1
		store_ln77 : 1
		store_ln77 : 1
		store_ln77 : 1
		store_ln77 : 1
		store_ln77 : 1
		store_ln77 : 1
		store_ln77 : 1
		store_ln77 : 1
		store_ln77 : 1
		store_ln77 : 1
		store_ln77 : 1
		store_ln77 : 1
		store_ln77 : 1
		store_ln77 : 1
		store_ln77 : 1
		store_ln77 : 1


============================================================
+ Verbose Summary: Datapath Resource usage 
============================================================

* Functional unit list:
|----------|------------------------------|---------|---------|---------|
| Operation|        Functional Unit       |   DSP   |    FF   |   LUT   |
|----------|------------------------------|---------|---------|---------|
|          |          grp_fu_915          |    2    |   118   |    47   |
|          |       mul_ln74_fu_1119       |    0    |    0    |    51   |
|    mul   |      mul_ln74_1_fu_1140      |    0    |    0    |    51   |
|          |      mul_ln74_2_fu_1145      |    0    |    0    |    51   |
|          |      mul_ln74_3_fu_1150      |    0    |    0    |    51   |
|----------|------------------------------|---------|---------|---------|
|          |        add_ln61_fu_987       |    0    |    0    |    13   |
|          |       add_ln69_fu_1030       |    0    |    0    |    14   |
|          |      add_ln74_3_fu_1036      |    0    |    0    |    14   |
|          |      add_ln74_2_fu_1047      |    0    |    0    |    14   |
|          |         x_45_fu_1057         |    0    |    0    |    15   |
|          |           x_fu_1081          |    0    |    0    |    15   |
|          |         x_44_fu_1086         |    0    |    0    |    15   |
|    add   |       add_ln74_fu_1091       |    0    |    0    |    14   |
|          |      add_ln74_1_fu_1101      |    0    |    0    |    14   |
|          |      add_ln74_4_fu_1162      |    0    |    0    |    17   |
|          |      add_ln74_5_fu_1166      |    0    |    0    |    17   |
|          |      add_ln74_7_fu_1179      |    0    |    0    |    24   |
|          |         acc_2_fu_1189        |    0    |    0    |    25   |
|          |       add_ln10_fu_1203       |    0    |    0    |    14   |
|          |        acc64_2_fu_1221       |    0    |    0    |    56   |
|----------|------------------------------|---------|---------|---------|
|   ashr   |          res_fu_1229         |    0    |    0    |   151   |
|----------|------------------------------|---------|---------|---------|
|          |       icmp_ln69_fu_955       |    0    |    0    |    15   |
|          |      icmp_ln69_1_fu_961      |    0    |    0    |    15   |
|   icmp   |      icmp_ln69_2_fu_967      |    0    |    0    |    14   |
|          |       icmp_ln61_fu_981       |    0    |    0    |    13   |
|          |       icmp_ln20_fu_1264      |    0    |    0    |    14   |
|----------|------------------------------|---------|---------|---------|
|  select  |         res_2_fu_1246        |    0    |    0    |    13   |
|          |      select_ln20_fu_1274     |    0    |    0    |    7    |
|----------|------------------------------|---------|---------|---------|
|    shl   |       shl_ln10_fu_1211       |    0    |    0    |    13   |
|----------|------------------------------|---------|---------|---------|
|  muladd  |          grp_fu_1320         |    1    |    0    |    0    |
|----------|------------------------------|---------|---------|---------|
|          | sext_ln71_5_read_read_fu_202 |    0    |    0    |    0    |
|          | sext_ln71_4_read_read_fu_208 |    0    |    0    |    0    |
|          | sext_ln71_3_read_read_fu_214 |    0    |    0    |    0    |
|          | zext_ln60_1_read_read_fu_220 |    0    |    0    |    0    |
|   read   | sext_ln71_1_read_read_fu_226 |    0    |    0    |    0    |
|          |  sext_ln77_read_read_fu_232  |    0    |    0    |    0    |
|          |        tmp_read_fu_238       |    0    |    0    |    0    |
|          |  add_ln66_2_read_read_fu_244 |    0    |    0    |    0    |
|          |  add_ln66_1_read_read_fu_250 |    0    |    0    |    0    |
|          |   add_ln66_read_read_fu_256  |    0    |    0    |    0    |
|----------|------------------------------|---------|---------|---------|
|  switch  |          grp_fu_919          |    0    |    0    |    0    |
|          |      switch_ln77_fu_997      |    0    |    0    |    0    |
|----------|------------------------------|---------|---------|---------|
|          |       sext_ln69_fu_931       |    0    |    0    |    0    |
|          |      sext_ln69_1_fu_935      |    0    |    0    |    0    |
|          |      sext_ln69_2_fu_939      |    0    |    0    |    0    |
|          |      sext_ln69_3_fu_947      |    0    |    0    |    0    |
|          |      sext_ln69_4_fu_951      |    0    |    0    |    0    |
|          |      sext_ln67_4_fu_1063     |    0    |    0    |    0    |
|          |      sext_ln74_3_fu_1067     |    0    |    0    |    0    |
|          |       sext_ln67_fu_1111      |    0    |    0    |    0    |
|          |       sext_ln74_fu_1115      |    0    |    0    |    0    |
|   sext   |      sext_ln67_1_fu_1125     |    0    |    0    |    0    |
|          |      sext_ln67_2_fu_1129     |    0    |    0    |    0    |
|          |      sext_ln67_3_fu_1133     |    0    |    0    |    0    |
|          |      sext_ln74_1_fu_1137     |    0    |    0    |    0    |
|          |       sext_ln63_fu_1156      |    0    |    0    |    0    |
|          |      sext_ln74_2_fu_1159     |    0    |    0    |    0    |
|          |      sext_ln74_4_fu_1172     |    0    |    0    |    0    |
|          |      sext_ln74_5_fu_1176     |    0    |    0    |    0    |
|          |      sext_ln74_6_fu_1185     |    0    |    0    |    0    |
|          |       sext_ln6_fu_1195       |    0    |    0    |    0    |
|----------|------------------------------|---------|---------|---------|
|          |       zext_ln69_fu_943       |    0    |    0    |    0    |
|          |      zext_ln61_1_fu_1020     |    0    |    0    |    0    |
|          |      zext_ln74_3_fu_1042     |    0    |    0    |    0    |
|          |      zext_ln74_2_fu_1052     |    0    |    0    |    0    |
|          |       zext_ln61_fu_1071      |    0    |    0    |    0    |
|   zext   |      zext_ln69_1_fu_1077     |    0    |    0    |    0    |
|          |       zext_ln74_fu_1096      |    0    |    0    |    0    |
|          |      zext_ln74_1_fu_1106     |    0    |    0    |    0    |
|          |       zext_ln6_fu_1199       |    0    |    0    |    0    |
|          |       zext_ln10_fu_1208      |    0    |    0    |    0    |
|          |      zext_ln10_2_fu_1217     |    0    |    0    |    0    |
|          |       zext_ln13_fu_1226      |    0    |    0    |    0    |
|----------|------------------------------|---------|---------|---------|
|          |       trunc_ln61_fu_993      |    0    |    0    |    0    |
|   trunc  |      trunc_ln13_fu_1234      |    0    |    0    |    0    |
|          |      trunc_ln22_fu_1270      |    0    |    0    |    0    |
|----------|------------------------------|---------|---------|---------|
|bitconcatenate|         p_shl_fu_1023        |    0    |    0    |    0    |
|----------|------------------------------|---------|---------|---------|
| bitselect|         tmp_8_fu_1238        |    0    |    0    |    0    |
|----------|------------------------------|---------|---------|---------|
|partselect|         tmp_9_fu_1254        |    0    |    0    |    0    |
|----------|------------------------------|---------|---------|---------|
|   Total  |                              |    3    |   118   |   787   |
|----------|------------------------------|---------|---------|---------|

Memories:
N/A

* Register list:
+------------------------------+--------+
|                              |   FF   |
+------------------------------+--------+
|       acc64_2_reg_1570       |   49   |
|        acc64_reg_1560        |   49   |
|        acc_2_reg_1545        |   19   |
|         acc_reg_1509         |   13   |
|       add_ln10_reg_1565      |    6   |
|       add_ln69_reg_1436      |    6   |
|   conv1_bias_addr_reg_1464   |    3   |
|conv1_multiplier_addr_reg_1499|    3   |
|conv1_multiplier_load_reg_1534|   30   |
|   conv1_shift_addr_reg_1504  |    3   |
|   conv1_shift_load_reg_1539  |    6   |
| conv1_weight_addr_1_reg_1484 |    6   |
| conv1_weight_addr_2_reg_1489 |    6   |
| conv1_weight_addr_3_reg_1449 |    6   |
| conv1_weight_addr_4_reg_1444 |    6   |
|  conv1_weight_addr_reg_1474  |    6   |
| conv1_weight_load_3_reg_1494 |    8   |
|      icmp_ln20_reg_1575      |    1   |
|      icmp_ln61_reg_1428      |    1   |
|     icmp_ln69_1_reg_1413     |    1   |
|     icmp_ln69_2_reg_1417     |    1   |
|      icmp_ln69_reg_1409      |    1   |
|      mul_ln74_1_reg_1519     |   17   |
|      mul_ln74_2_reg_1524     |   17   |
|      mul_ln74_3_reg_1529     |   17   |
|       mul_ln74_reg_1514      |   17   |
|         oc_1_reg_1421        |    4   |
|          oc_reg_1329         |    4   |
|     sext_ln67_4_reg_1454     |   17   |
|     sext_ln69_1_reg_1345     |    9   |
|     sext_ln69_2_reg_1350     |    9   |
|     sext_ln69_3_reg_1399     |   17   |
|     sext_ln69_4_reg_1404     |   17   |
|      sext_ln69_reg_1340      |    9   |
|       sext_ln6_reg_1550      |   49   |
|     sext_ln74_3_reg_1459     |   17   |
|         tmp_reg_1336         |    3   |
|      trunc_ln22_reg_1580     |    7   |
|      trunc_ln61_reg_1432     |    3   |
|         x_15_reg_882         |    9   |
|          x_1_reg_893         |    9   |
|          x_3_reg_904         |    9   |
|         x_44_reg_1479        |    9   |
|          x_reg_1469          |    9   |
|      zext_ln69_reg_1355      |   64   |
|       zext_ln6_reg_1555      |   49   |
+------------------------------+--------+
|             Total            |   621  |
+------------------------------+--------+

* Multiplexer (MUX) list: 
|-------------------|------|------|------|--------||---------||---------||---------|
|        Comp       |  Pin | Size |  BW  | S x BW ||  Delay  ||    FF   ||   LUT   |
|-------------------|------|------|------|--------||---------||---------||---------|
| grp_access_fu_269 |  p0  |   2  |   6  |   12   ||    0    ||    9    |
| grp_access_fu_269 |  p2  |   2  |   0  |    0   ||    0    ||    9    |
| grp_access_fu_269 |  p5  |   2  |   8  |   16   ||    0    ||    9    |
| grp_access_fu_269 |  p8  |   2  |   6  |   12   ||    0    ||    9    |
| grp_access_fu_269 |  p10 |   2  |   0  |    0   ||    0    ||    9    |
| grp_access_fu_306 |  p0  |   2  |   3  |    6   ||    0    ||    9    |
| grp_access_fu_343 |  p0  |   2  |   3  |    6   ||    0    ||    9    |
| grp_access_fu_356 |  p0  |   2  |   3  |    6   ||    0    ||    9    |
|     grp_fu_915    |  p0  |   2  |  19  |   38   ||    0    ||    9    |
|     grp_fu_915    |  p1  |   2  |  30  |   60   ||    0    ||    9    |
|    grp_fu_1320    |  p0  |   3  |   9  |   27   ||    0    ||    14   |
|    grp_fu_1320    |  p1  |   2  |   8  |   16   ||    0    ||    9    |
|-------------------|------|------|------|--------||---------||---------||---------|
|       Total       |      |      |      |   199  || 19.1753 ||    0    ||   113   |
|-------------------|------|------|------|--------||---------||---------||---------|



* Summary:
+-----------+--------+--------+--------+--------+
|           |   DSP  |  Delay |   FF   |   LUT  |
+-----------+--------+--------+--------+--------+
|  Function |    3   |    -   |   118  |   787  |
|   Memory  |    -   |    -   |    -   |    -   |
|Multiplexer|    -   |   19   |    0   |   113  |
|  Register |    -   |    -   |   621  |    -   |
+-----------+--------+--------+--------+--------+
|   Total   |    3   |   19   |   739  |   900  |
+-----------+--------+--------+--------+--------+
