

================================================================
== Vitis HLS Report for 'tiny_ecg_inference_Pipeline_VITIS_LOOP_138_12_VITIS_LOOP_139_13'
================================================================
* Date:           Fri Sep  4 10:07:05 2026

* Version:        2026.1 (Build 6493734 on Jun 16 2026)
* Project:        tiny_ecg_inference
* Solution:       hls (Vivado IP Flow Target)
* Product family: zynq
* Target device:  xc7z020-clg400-1


================================================================
== Performance Estimates
================================================================
+ Timing: 
    * Summary: 
    +--------+----------+----------+------------+
    |  Clock |  Target  | Estimated| Uncertainty|
    +--------+----------+----------+------------+
    |ap_clk  |  10.00 ns|  6.082 ns|     2.70 ns|
    +--------+----------+----------+------------+

+ Latency: 
    * Summary: 
    +---------+---------+----------+----------+-----+-----+-------------------+
    |  Latency (cycles) |  Latency (absolute) |  Interval |      Pipeline     |
    |   min   |   max   |    min   |    max   | min | max |        Type       |
    +---------+---------+----------+----------+-----+-----+-------------------+
    |      196|      196|  1.960 us|  1.960 us|    0|    0|  loop pipeline stp|
    +---------+---------+----------+----------+-----+-----+-------------------+

    + Detail: 
        * Instance: 
        N/A

        * Loop: 
        +---------------------------------------+---------+---------+----------+-----------+-----------+------+----------+
        |                                       |  Latency (cycles) | Iteration|  Initiation Interval  | Trip |          |
        |               Loop Name               |   min   |   max   |  Latency |  achieved |   target  | Count| Pipelined|
        +---------------------------------------+---------+---------+----------+-----------+-----------+------+----------+
        |- VITIS_LOOP_138_12_VITIS_LOOP_139_13  |      194|      194|         4|          1|          1|   192|       yes|
        +---------------------------------------+---------+---------+----------+-----------+-----------+------+----------+



================================================================
== Utilization Estimates
================================================================
* Summary: 
+-----------------+---------+-----+--------+-------+-----+
|       Name      | BRAM_18K| DSP |   FF   |  LUT  | URAM|
+-----------------+---------+-----+--------+-------+-----+
|DSP              |        -|    -|       -|      -|    -|
|Expression       |        -|    -|       0|     93|    -|
|FIFO             |        -|    -|       -|      -|    -|
|Instance         |        -|    -|       0|     65|    -|
|Memory           |        -|    -|       -|      -|    -|
|Multiplexer      |        -|    -|       0|     54|    -|
|Register         |        -|    -|      44|      -|    -|
+-----------------+---------+-----+--------+-------+-----+
|Total            |        0|    0|      44|    212|    0|
+-----------------+---------+-----+--------+-------+-----+
|Available        |      280|  220|  106400|  53200|    0|
+-----------------+---------+-----+--------+-------+-----+
|Utilization (%)  |        0|    0|      ~0|     ~0|    0|
+-----------------+---------+-----+--------+-------+-----+

+ Detail: 
    * Instance: 
    +---------------------------+----------------------+---------+----+---+----+-----+
    |          Instance         |        Module        | BRAM_18K| DSP| FF| LUT| URAM|
    +---------------------------+----------------------+---------+----+---+----+-----+
    |sparsemux_33_4_7_1_1_U474  |sparsemux_33_4_7_1_1  |        0|   0|  0|  65|    0|
    +---------------------------+----------------------+---------+----+---+----+-----+
    |Total                      |                      |        0|   0|  0|  65|    0|
    +---------------------------+----------------------+---------+----+---+----+-----+

    * DSP: 
    N/A

    * Memory: 
    N/A

    * FIFO: 
    N/A

    * Expression: 
    +------------------------+----------+----+---+----+------------+------------+
    |      Variable Name     | Operation| DSP| FF| LUT| Bitwidth P0| Bitwidth P1|
    +------------------------+----------+----+---+----+------------+------------+
    |add_ln138_1_fu_432_p2   |         +|   0|  0|  13|           5|           5|
    |add_ln138_fu_363_p2     |         +|   0|  0|  15|           8|           1|
    |add_ln139_fu_411_p2     |         +|   0|  0|  13|           4|           1|
    |add_ln141_fu_543_p2     |         +|   0|  0|   8|           8|           8|
    |sub_ln139_fu_462_p2     |         -|   0|  0|   8|           8|           8|
    |icmp_ln138_fu_357_p2    |      icmp|   0|  0|  15|           8|           8|
    |icmp_ln139_fu_377_p2    |      icmp|   0|  0|  13|           4|           4|
    |empty_fu_425_p3         |    select|   0|  0|   2|           1|           1|
    |select_ln138_fu_383_p3  |    select|   0|  0|   4|           1|           1|
    |ap_enable_pp0           |       xor|   0|  0|   2|           1|           2|
    +------------------------+----------+----+---+----+------------+------------+
    |Total                   |          |   0|  0|  93|          48|          39|
    +------------------------+----------+----+---+----+------------+------------+

    * Multiplexer: 
    +----------------------------------------+----+-----------+-----+-----------+
    |                  Name                  | LUT| Input Size| Bits| Total Bits|
    +----------------------------------------+----+-----------+-----+-----------+
    |ap_done_int                             |   9|          2|    1|          2|
    |ap_enable_reg_pp0_iter1                 |   9|          2|    1|          2|
    |ap_sig_allocacmp_indvar_flatten13_load  |   9|          2|    8|         16|
    |i_fu_110                                |   9|          2|    5|         10|
    |indvar_flatten13_fu_114                 |   9|          2|    8|         16|
    |j_fu_106                                |   9|          2|    4|          8|
    +----------------------------------------+----+-----------+-----+-----------+
    |Total                                   |  54|         12|   27|         54|
    +----------------------------------------+----+-----------+-----+-----------+

    * Register: 
    +----------------------------------+---+----+-----+-----------+
    |               Name               | FF| LUT| Bits| Const Bits|
    +----------------------------------+---+----+-----+-----------+
    |add_ln141_reg_678                 |  8|   0|    8|          0|
    |ap_CS_fsm                         |  1|   0|    1|          0|
    |ap_done_reg                       |  1|   0|    1|          0|
    |ap_enable_reg_pp0_iter1           |  1|   0|    1|          0|
    |ap_enable_reg_pp0_iter2           |  1|   0|    1|          0|
    |ap_enable_reg_pp0_iter3           |  1|   0|    1|          0|
    |ap_loop_exit_ready_pp0_iter1_reg  |  1|   0|    1|          0|
    |ap_loop_exit_ready_pp0_iter2_reg  |  1|   0|    1|          0|
    |i_fu_110                          |  5|   0|    5|          0|
    |icmp_ln139_reg_583                |  1|   0|    1|          0|
    |indvar_flatten13_fu_114           |  8|   0|    8|          0|
    |j_fu_106                          |  4|   0|    4|          0|
    |select_ln138_reg_588              |  4|   0|    4|          0|
    |tmp_s_reg_673                     |  7|   0|    7|          0|
    +----------------------------------+---+----+-----+-----------+
    |Total                             | 44|   0|   44|          0|
    +----------------------------------+---+----+-----+-----------+



================================================================
== Interface
================================================================
* Summary: 
+-----------------------+-----+-----+------------+-----------------------------------------------------------------+--------------+
|       RTL Ports       | Dir | Bits|  Protocol  |                          Source Object                          |    C Type    |
+-----------------------+-----+-----+------------+-----------------------------------------------------------------+--------------+
|ap_clk                 |   in|    1|  ap_ctrl_hs|  tiny_ecg_inference_Pipeline_VITIS_LOOP_138_12_VITIS_LOOP_139_13|  return value|
|ap_rst                 |   in|    1|  ap_ctrl_hs|  tiny_ecg_inference_Pipeline_VITIS_LOOP_138_12_VITIS_LOOP_139_13|  return value|
|ap_start               |   in|    1|  ap_ctrl_hs|  tiny_ecg_inference_Pipeline_VITIS_LOOP_138_12_VITIS_LOOP_139_13|  return value|
|ap_done                |  out|    1|  ap_ctrl_hs|  tiny_ecg_inference_Pipeline_VITIS_LOOP_138_12_VITIS_LOOP_139_13|  return value|
|ap_idle                |  out|    1|  ap_ctrl_hs|  tiny_ecg_inference_Pipeline_VITIS_LOOP_138_12_VITIS_LOOP_139_13|  return value|
|ap_ready               |  out|    1|  ap_ctrl_hs|  tiny_ecg_inference_Pipeline_VITIS_LOOP_138_12_VITIS_LOOP_139_13|  return value|
|buffer_c3_address0     |  out|    4|   ap_memory|                                                        buffer_c3|         array|
|buffer_c3_ce0          |  out|    1|   ap_memory|                                                        buffer_c3|         array|
|buffer_c3_q0           |   in|    7|   ap_memory|                                                        buffer_c3|         array|
|buffer_c3_1_address0   |  out|    4|   ap_memory|                                                      buffer_c3_1|         array|
|buffer_c3_1_ce0        |  out|    1|   ap_memory|                                                      buffer_c3_1|         array|
|buffer_c3_1_q0         |   in|    7|   ap_memory|                                                      buffer_c3_1|         array|
|buffer_c3_2_address0   |  out|    4|   ap_memory|                                                      buffer_c3_2|         array|
|buffer_c3_2_ce0        |  out|    1|   ap_memory|                                                      buffer_c3_2|         array|
|buffer_c3_2_q0         |   in|    7|   ap_memory|                                                      buffer_c3_2|         array|
|buffer_c3_3_address0   |  out|    4|   ap_memory|                                                      buffer_c3_3|         array|
|buffer_c3_3_ce0        |  out|    1|   ap_memory|                                                      buffer_c3_3|         array|
|buffer_c3_3_q0         |   in|    7|   ap_memory|                                                      buffer_c3_3|         array|
|buffer_c3_4_address0   |  out|    4|   ap_memory|                                                      buffer_c3_4|         array|
|buffer_c3_4_ce0        |  out|    1|   ap_memory|                                                      buffer_c3_4|         array|
|buffer_c3_4_q0         |   in|    7|   ap_memory|                                                      buffer_c3_4|         array|
|buffer_c3_5_address0   |  out|    4|   ap_memory|                                                      buffer_c3_5|         array|
|buffer_c3_5_ce0        |  out|    1|   ap_memory|                                                      buffer_c3_5|         array|
|buffer_c3_5_q0         |   in|    7|   ap_memory|                                                      buffer_c3_5|         array|
|buffer_c3_6_address0   |  out|    4|   ap_memory|                                                      buffer_c3_6|         array|
|buffer_c3_6_ce0        |  out|    1|   ap_memory|                                                      buffer_c3_6|         array|
|buffer_c3_6_q0         |   in|    7|   ap_memory|                                                      buffer_c3_6|         array|
|buffer_c3_7_address0   |  out|    4|   ap_memory|                                                      buffer_c3_7|         array|
|buffer_c3_7_ce0        |  out|    1|   ap_memory|                                                      buffer_c3_7|         array|
|buffer_c3_7_q0         |   in|    7|   ap_memory|                                                      buffer_c3_7|         array|
|buffer_c3_8_address0   |  out|    4|   ap_memory|                                                      buffer_c3_8|         array|
|buffer_c3_8_ce0        |  out|    1|   ap_memory|                                                      buffer_c3_8|         array|
|buffer_c3_8_q0         |   in|    7|   ap_memory|                                                      buffer_c3_8|         array|
|buffer_c3_9_address0   |  out|    4|   ap_memory|                                                      buffer_c3_9|         array|
|buffer_c3_9_ce0        |  out|    1|   ap_memory|                                                      buffer_c3_9|         array|
|buffer_c3_9_q0         |   in|    7|   ap_memory|                                                      buffer_c3_9|         array|
|buffer_c3_10_address0  |  out|    4|   ap_memory|                                                     buffer_c3_10|         array|
|buffer_c3_10_ce0       |  out|    1|   ap_memory|                                                     buffer_c3_10|         array|
|buffer_c3_10_q0        |   in|    7|   ap_memory|                                                     buffer_c3_10|         array|
|buffer_c3_11_address0  |  out|    4|   ap_memory|                                                     buffer_c3_11|         array|
|buffer_c3_11_ce0       |  out|    1|   ap_memory|                                                     buffer_c3_11|         array|
|buffer_c3_11_q0        |   in|    7|   ap_memory|                                                     buffer_c3_11|         array|
|buffer_c3_12_address0  |  out|    4|   ap_memory|                                                     buffer_c3_12|         array|
|buffer_c3_12_ce0       |  out|    1|   ap_memory|                                                     buffer_c3_12|         array|
|buffer_c3_12_q0        |   in|    7|   ap_memory|                                                     buffer_c3_12|         array|
|buffer_c3_13_address0  |  out|    4|   ap_memory|                                                     buffer_c3_13|         array|
|buffer_c3_13_ce0       |  out|    1|   ap_memory|                                                     buffer_c3_13|         array|
|buffer_c3_13_q0        |   in|    7|   ap_memory|                                                     buffer_c3_13|         array|
|buffer_c3_14_address0  |  out|    4|   ap_memory|                                                     buffer_c3_14|         array|
|buffer_c3_14_ce0       |  out|    1|   ap_memory|                                                     buffer_c3_14|         array|
|buffer_c3_14_q0        |   in|    7|   ap_memory|                                                     buffer_c3_14|         array|
|buffer_c3_15_address0  |  out|    4|   ap_memory|                                                     buffer_c3_15|         array|
|buffer_c3_15_ce0       |  out|    1|   ap_memory|                                                     buffer_c3_15|         array|
|buffer_c3_15_q0        |   in|    7|   ap_memory|                                                     buffer_c3_15|         array|
|flatten_address0       |  out|    8|   ap_memory|                                                          flatten|         array|
|flatten_ce0            |  out|    1|   ap_memory|                                                          flatten|         array|
|flatten_we0            |  out|    1|   ap_memory|                                                          flatten|         array|
|flatten_d0             |  out|    7|   ap_memory|                                                          flatten|         array|
+-----------------------+-----+-----+------------+-----------------------------------------------------------------+--------------+

============================================================
+ Verbose Summary: Synthesis Manager
============================================================
InlineROM: 1
ExposeGlobal: 0
============================================================
+ Verbose Summary: CDFG Model
============================================================
IsTopModel: 0
ResetActiveHigh: 1
IsCombinational: 2
IsDatapathOnly: 2
HasWiredReturn: 1
HasMFsm: 2
HasVarLatency: 1
IsPipeline: 0
IsRtlPipelined: 0
IsInstanceOverlapped: 0
IsDontTouch: 0
HasImplIP: 0
IsGatedGlobalClock: 0

+ Individual pipeline summary: 
  * Pipeline-0: initiation interval (II) = 1, depth = 4


============================================================
+ Verbose Summary: Schedule
============================================================
* Number of FSM states : 4
* Pipeline : 1
  Pipeline-0 : II = 1, D = 4, States = { 1 2 3 4 }
* Dataflow Pipeline: 0

* FSM state transitions: 
1 --> 2 
2 --> 3 
3 --> 4 
4 --> 

* FSM state operations: 

State 1 <SV = 0> <Delay = 5.09>
ST_1 : Operation 7 [1/1] (0.00ns)   --->   "%j = alloca i32 1" [cnn_hls.cpp:139]   --->   Operation 7 'alloca' 'j' <Predicate = true> <Delay = 0.00>
ST_1 : Operation 8 [1/1] (0.00ns)   --->   "%i = alloca i32 1" [cnn_hls.cpp:138]   --->   Operation 8 'alloca' 'i' <Predicate = true> <Delay = 0.00>
ST_1 : Operation 9 [1/1] (0.00ns)   --->   "%indvar_flatten13 = alloca i32 1"   --->   Operation 9 'alloca' 'indvar_flatten13' <Predicate = true> <Delay = 0.00>
ST_1 : Operation 10 [1/1] (1.58ns)   --->   "%store_ln0 = store i8 0, i8 %indvar_flatten13"   --->   Operation 10 'store' 'store_ln0' <Predicate = true> <Delay = 1.58>
ST_1 : Operation 11 [1/1] (1.58ns)   --->   "%store_ln138 = store i5 0, i5 %i" [cnn_hls.cpp:138]   --->   Operation 11 'store' 'store_ln138' <Predicate = true> <Delay = 1.58>
ST_1 : Operation 12 [1/1] (1.58ns)   --->   "%store_ln139 = store i4 0, i4 %j" [cnn_hls.cpp:139]   --->   Operation 12 'store' 'store_ln139' <Predicate = true> <Delay = 1.58>
ST_1 : Operation 13 [1/1] (0.00ns)   --->   "%br_ln0 = br void %for.inc188"   --->   Operation 13 'br' 'br_ln0' <Predicate = true> <Delay = 0.00>
ST_1 : Operation 14 [1/1] (0.00ns)   --->   "%indvar_flatten13_load = load i8 %indvar_flatten13" [cnn_hls.cpp:138]   --->   Operation 14 'load' 'indvar_flatten13_load' <Predicate = true> <Delay = 0.00>
ST_1 : Operation 15 [1/1] (1.91ns)   --->   "%icmp_ln138 = icmp_eq  i8 %indvar_flatten13_load, i8 192" [cnn_hls.cpp:138]   --->   Operation 15 'icmp' 'icmp_ln138' <Predicate = true> <Delay = 1.91> <CoreInst = "Cmp">   --->   Core 9 'Cmp' <Latency = 0> <II = 1> <Delay = 1.91> <FuncUnit> <Opcode : 'seteq' 'setne' 'setle' 'setge' 'setlt' 'setgt'> <InPorts = 2> <OutPorts = 1>
ST_1 : Operation 16 [1/1] (1.91ns)   --->   "%add_ln138 = add i8 %indvar_flatten13_load, i8 1" [cnn_hls.cpp:138]   --->   Operation 16 'add' 'add_ln138' <Predicate = true> <Delay = 1.91> <CoreInst = "Adder">   --->   Core 1 'Adder' <Latency = 0> <II = 1> <Delay = 1.91> <FuncUnit> <Opcode : 'add' 'sub'> <InPorts = 2> <OutPorts = 1>
ST_1 : Operation 17 [1/1] (0.00ns)   --->   "%br_ln138 = br i1 %icmp_ln138, void %for.inc191, void %VITIS_LOOP_148_14.exitStub" [cnn_hls.cpp:138]   --->   Operation 17 'br' 'br_ln138' <Predicate = true> <Delay = 0.00>
ST_1 : Operation 18 [1/1] (1.58ns)   --->   "%store_ln138 = store i8 %add_ln138, i8 %indvar_flatten13" [cnn_hls.cpp:138]   --->   Operation 18 'store' 'store_ln138' <Predicate = (!icmp_ln138)> <Delay = 1.58>

State 2 <SV = 1> <Delay = 6.08>
ST_2 : Operation 19 [1/1] (0.00ns)   --->   "%j_load = load i4 %j" [cnn_hls.cpp:139]   --->   Operation 19 'load' 'j_load' <Predicate = true> <Delay = 0.00>
ST_2 : Operation 20 [1/1] (1.73ns)   --->   "%icmp_ln139 = icmp_eq  i4 %j_load, i4 12" [cnn_hls.cpp:139]   --->   Operation 20 'icmp' 'icmp_ln139' <Predicate = true> <Delay = 1.73> <CoreInst = "Cmp">   --->   Core 9 'Cmp' <Latency = 0> <II = 1> <Delay = 1.73> <FuncUnit> <Opcode : 'seteq' 'setne' 'setle' 'setge' 'setlt' 'setgt'> <InPorts = 2> <OutPorts = 1>
ST_2 : Operation 21 [1/1] (1.02ns)   --->   "%select_ln138 = select i1 %icmp_ln139, i4 0, i4 %j_load" [cnn_hls.cpp:138]   --->   Operation 21 'select' 'select_ln138' <Predicate = true> <Delay = 1.02> <CoreInst = "Sel">   --->   Core 73 'Sel' <Latency = 0> <II = 1> <Delay = 1.02> <FuncUnit> <Opcode : 'select'> <InPorts = 3> <OutPorts = 1>
ST_2 : Operation 22 [1/1] (0.00ns)   --->   "%zext_ln139_1 = zext i4 %select_ln138" [cnn_hls.cpp:139]   --->   Operation 22 'zext' 'zext_ln139_1' <Predicate = true> <Delay = 0.00>
ST_2 : Operation 23 [1/1] (0.00ns)   --->   "%buffer_c3_addr = getelementptr i7 %buffer_c3, i64 0, i64 %zext_ln139_1" [cnn_hls.cpp:141]   --->   Operation 23 'getelementptr' 'buffer_c3_addr' <Predicate = true> <Delay = 0.00>
ST_2 : Operation 24 [1/1] (0.00ns)   --->   "%buffer_c3_1_addr = getelementptr i7 %buffer_c3_1, i64 0, i64 %zext_ln139_1" [cnn_hls.cpp:141]   --->   Operation 24 'getelementptr' 'buffer_c3_1_addr' <Predicate = true> <Delay = 0.00>
ST_2 : Operation 25 [1/1] (0.00ns)   --->   "%buffer_c3_2_addr = getelementptr i7 %buffer_c3_2, i64 0, i64 %zext_ln139_1" [cnn_hls.cpp:141]   --->   Operation 25 'getelementptr' 'buffer_c3_2_addr' <Predicate = true> <Delay = 0.00>
ST_2 : Operation 26 [1/1] (0.00ns)   --->   "%buffer_c3_3_addr = getelementptr i7 %buffer_c3_3, i64 0, i64 %zext_ln139_1" [cnn_hls.cpp:141]   --->   Operation 26 'getelementptr' 'buffer_c3_3_addr' <Predicate = true> <Delay = 0.00>
ST_2 : Operation 27 [1/1] (0.00ns)   --->   "%buffer_c3_4_addr = getelementptr i7 %buffer_c3_4, i64 0, i64 %zext_ln139_1" [cnn_hls.cpp:141]   --->   Operation 27 'getelementptr' 'buffer_c3_4_addr' <Predicate = true> <Delay = 0.00>
ST_2 : Operation 28 [1/1] (0.00ns)   --->   "%buffer_c3_5_addr = getelementptr i7 %buffer_c3_5, i64 0, i64 %zext_ln139_1" [cnn_hls.cpp:141]   --->   Operation 28 'getelementptr' 'buffer_c3_5_addr' <Predicate = true> <Delay = 0.00>
ST_2 : Operation 29 [1/1] (0.00ns)   --->   "%buffer_c3_6_addr = getelementptr i7 %buffer_c3_6, i64 0, i64 %zext_ln139_1" [cnn_hls.cpp:141]   --->   Operation 29 'getelementptr' 'buffer_c3_6_addr' <Predicate = true> <Delay = 0.00>
ST_2 : Operation 30 [1/1] (0.00ns)   --->   "%buffer_c3_7_addr = getelementptr i7 %buffer_c3_7, i64 0, i64 %zext_ln139_1" [cnn_hls.cpp:141]   --->   Operation 30 'getelementptr' 'buffer_c3_7_addr' <Predicate = true> <Delay = 0.00>
ST_2 : Operation 31 [1/1] (0.00ns)   --->   "%buffer_c3_8_addr = getelementptr i7 %buffer_c3_8, i64 0, i64 %zext_ln139_1" [cnn_hls.cpp:141]   --->   Operation 31 'getelementptr' 'buffer_c3_8_addr' <Predicate = true> <Delay = 0.00>
ST_2 : Operation 32 [1/1] (0.00ns)   --->   "%buffer_c3_9_addr = getelementptr i7 %buffer_c3_9, i64 0, i64 %zext_ln139_1" [cnn_hls.cpp:141]   --->   Operation 32 'getelementptr' 'buffer_c3_9_addr' <Predicate = true> <Delay = 0.00>
ST_2 : Operation 33 [1/1] (0.00ns)   --->   "%buffer_c3_10_addr = getelementptr i7 %buffer_c3_10, i64 0, i64 %zext_ln139_1" [cnn_hls.cpp:141]   --->   Operation 33 'getelementptr' 'buffer_c3_10_addr' <Predicate = true> <Delay = 0.00>
ST_2 : Operation 34 [1/1] (0.00ns)   --->   "%buffer_c3_11_addr = getelementptr i7 %buffer_c3_11, i64 0, i64 %zext_ln139_1" [cnn_hls.cpp:141]   --->   Operation 34 'getelementptr' 'buffer_c3_11_addr' <Predicate = true> <Delay = 0.00>
ST_2 : Operation 35 [1/1] (0.00ns)   --->   "%buffer_c3_12_addr = getelementptr i7 %buffer_c3_12, i64 0, i64 %zext_ln139_1" [cnn_hls.cpp:141]   --->   Operation 35 'getelementptr' 'buffer_c3_12_addr' <Predicate = true> <Delay = 0.00>
ST_2 : Operation 36 [1/1] (0.00ns)   --->   "%buffer_c3_13_addr = getelementptr i7 %buffer_c3_13, i64 0, i64 %zext_ln139_1" [cnn_hls.cpp:141]   --->   Operation 36 'getelementptr' 'buffer_c3_13_addr' <Predicate = true> <Delay = 0.00>
ST_2 : Operation 37 [1/1] (0.00ns)   --->   "%buffer_c3_14_addr = getelementptr i7 %buffer_c3_14, i64 0, i64 %zext_ln139_1" [cnn_hls.cpp:141]   --->   Operation 37 'getelementptr' 'buffer_c3_14_addr' <Predicate = true> <Delay = 0.00>
ST_2 : Operation 38 [1/1] (0.00ns)   --->   "%buffer_c3_15_addr = getelementptr i7 %buffer_c3_15, i64 0, i64 %zext_ln139_1" [cnn_hls.cpp:141]   --->   Operation 38 'getelementptr' 'buffer_c3_15_addr' <Predicate = true> <Delay = 0.00>
ST_2 : Operation 39 [2/2] (2.32ns)   --->   "%buffer_c3_load = load i4 %buffer_c3_addr" [cnn_hls.cpp:141]   --->   Operation 39 'load' 'buffer_c3_load' <Predicate = true> <Delay = 2.32> <CoreInst = "RAM">   --->   Core 81 'RAM' <Latency = 1> <II = 1> <Delay = 2.32> <Storage> <Opcode : 'load' 'store'> <Ports = 2> <Width = 7> <Depth = 12> <RAM>
ST_2 : Operation 40 [2/2] (2.32ns)   --->   "%buffer_c3_1_load = load i4 %buffer_c3_1_addr" [cnn_hls.cpp:141]   --->   Operation 40 'load' 'buffer_c3_1_load' <Predicate = true> <Delay = 2.32> <CoreInst = "RAM">   --->   Core 81 'RAM' <Latency = 1> <II = 1> <Delay = 2.32> <Storage> <Opcode : 'load' 'store'> <Ports = 2> <Width = 7> <Depth = 12> <RAM>
ST_2 : Operation 41 [2/2] (2.32ns)   --->   "%buffer_c3_2_load = load i4 %buffer_c3_2_addr" [cnn_hls.cpp:141]   --->   Operation 41 'load' 'buffer_c3_2_load' <Predicate = true> <Delay = 2.32> <CoreInst = "RAM">   --->   Core 81 'RAM' <Latency = 1> <II = 1> <Delay = 2.32> <Storage> <Opcode : 'load' 'store'> <Ports = 2> <Width = 7> <Depth = 12> <RAM>
ST_2 : Operation 42 [2/2] (2.32ns)   --->   "%buffer_c3_3_load = load i4 %buffer_c3_3_addr" [cnn_hls.cpp:141]   --->   Operation 42 'load' 'buffer_c3_3_load' <Predicate = true> <Delay = 2.32> <CoreInst = "RAM">   --->   Core 81 'RAM' <Latency = 1> <II = 1> <Delay = 2.32> <Storage> <Opcode : 'load' 'store'> <Ports = 2> <Width = 7> <Depth = 12> <RAM>
ST_2 : Operation 43 [2/2] (2.32ns)   --->   "%buffer_c3_4_load = load i4 %buffer_c3_4_addr" [cnn_hls.cpp:141]   --->   Operation 43 'load' 'buffer_c3_4_load' <Predicate = true> <Delay = 2.32> <CoreInst = "RAM">   --->   Core 81 'RAM' <Latency = 1> <II = 1> <Delay = 2.32> <Storage> <Opcode : 'load' 'store'> <Ports = 2> <Width = 7> <Depth = 12> <RAM>
ST_2 : Operation 44 [2/2] (2.32ns)   --->   "%buffer_c3_5_load = load i4 %buffer_c3_5_addr" [cnn_hls.cpp:141]   --->   Operation 44 'load' 'buffer_c3_5_load' <Predicate = true> <Delay = 2.32> <CoreInst = "RAM">   --->   Core 81 'RAM' <Latency = 1> <II = 1> <Delay = 2.32> <Storage> <Opcode : 'load' 'store'> <Ports = 2> <Width = 7> <Depth = 12> <RAM>
ST_2 : Operation 45 [2/2] (2.32ns)   --->   "%buffer_c3_6_load = load i4 %buffer_c3_6_addr" [cnn_hls.cpp:141]   --->   Operation 45 'load' 'buffer_c3_6_load' <Predicate = true> <Delay = 2.32> <CoreInst = "RAM">   --->   Core 81 'RAM' <Latency = 1> <II = 1> <Delay = 2.32> <Storage> <Opcode : 'load' 'store'> <Ports = 2> <Width = 7> <Depth = 12> <RAM>
ST_2 : Operation 46 [2/2] (2.32ns)   --->   "%buffer_c3_7_load = load i4 %buffer_c3_7_addr" [cnn_hls.cpp:141]   --->   Operation 46 'load' 'buffer_c3_7_load' <Predicate = true> <Delay = 2.32> <CoreInst = "RAM">   --->   Core 81 'RAM' <Latency = 1> <II = 1> <Delay = 2.32> <Storage> <Opcode : 'load' 'store'> <Ports = 2> <Width = 7> <Depth = 12> <RAM>
ST_2 : Operation 47 [2/2] (2.32ns)   --->   "%buffer_c3_8_load = load i4 %buffer_c3_8_addr" [cnn_hls.cpp:141]   --->   Operation 47 'load' 'buffer_c3_8_load' <Predicate = true> <Delay = 2.32> <CoreInst = "RAM">   --->   Core 81 'RAM' <Latency = 1> <II = 1> <Delay = 2.32> <Storage> <Opcode : 'load' 'store'> <Ports = 2> <Width = 7> <Depth = 12> <RAM>
ST_2 : Operation 48 [2/2] (2.32ns)   --->   "%buffer_c3_9_load = load i4 %buffer_c3_9_addr" [cnn_hls.cpp:141]   --->   Operation 48 'load' 'buffer_c3_9_load' <Predicate = true> <Delay = 2.32> <CoreInst = "RAM">   --->   Core 81 'RAM' <Latency = 1> <II = 1> <Delay = 2.32> <Storage> <Opcode : 'load' 'store'> <Ports = 2> <Width = 7> <Depth = 12> <RAM>
ST_2 : Operation 49 [2/2] (2.32ns)   --->   "%buffer_c3_10_load = load i4 %buffer_c3_10_addr" [cnn_hls.cpp:141]   --->   Operation 49 'load' 'buffer_c3_10_load' <Predicate = true> <Delay = 2.32> <CoreInst = "RAM">   --->   Core 81 'RAM' <Latency = 1> <II = 1> <Delay = 2.32> <Storage> <Opcode : 'load' 'store'> <Ports = 2> <Width = 7> <Depth = 12> <RAM>
ST_2 : Operation 50 [2/2] (2.32ns)   --->   "%buffer_c3_11_load = load i4 %buffer_c3_11_addr" [cnn_hls.cpp:141]   --->   Operation 50 'load' 'buffer_c3_11_load' <Predicate = true> <Delay = 2.32> <CoreInst = "RAM">   --->   Core 81 'RAM' <Latency = 1> <II = 1> <Delay = 2.32> <Storage> <Opcode : 'load' 'store'> <Ports = 2> <Width = 7> <Depth = 12> <RAM>
ST_2 : Operation 51 [2/2] (2.32ns)   --->   "%buffer_c3_12_load = load i4 %buffer_c3_12_addr" [cnn_hls.cpp:141]   --->   Operation 51 'load' 'buffer_c3_12_load' <Predicate = true> <Delay = 2.32> <CoreInst = "RAM">   --->   Core 81 'RAM' <Latency = 1> <II = 1> <Delay = 2.32> <Storage> <Opcode : 'load' 'store'> <Ports = 2> <Width = 7> <Depth = 12> <RAM>
ST_2 : Operation 52 [2/2] (2.32ns)   --->   "%buffer_c3_13_load = load i4 %buffer_c3_13_addr" [cnn_hls.cpp:141]   --->   Operation 52 'load' 'buffer_c3_13_load' <Predicate = true> <Delay = 2.32> <CoreInst = "RAM">   --->   Core 81 'RAM' <Latency = 1> <II = 1> <Delay = 2.32> <Storage> <Opcode : 'load' 'store'> <Ports = 2> <Width = 7> <Depth = 12> <RAM>
ST_2 : Operation 53 [2/2] (2.32ns)   --->   "%buffer_c3_14_load = load i4 %buffer_c3_14_addr" [cnn_hls.cpp:141]   --->   Operation 53 'load' 'buffer_c3_14_load' <Predicate = true> <Delay = 2.32> <CoreInst = "RAM">   --->   Core 81 'RAM' <Latency = 1> <II = 1> <Delay = 2.32> <Storage> <Opcode : 'load' 'store'> <Ports = 2> <Width = 7> <Depth = 12> <RAM>
ST_2 : Operation 54 [2/2] (2.32ns)   --->   "%buffer_c3_15_load = load i4 %buffer_c3_15_addr" [cnn_hls.cpp:141]   --->   Operation 54 'load' 'buffer_c3_15_load' <Predicate = true> <Delay = 2.32> <CoreInst = "RAM">   --->   Core 81 'RAM' <Latency = 1> <II = 1> <Delay = 2.32> <Storage> <Opcode : 'load' 'store'> <Ports = 2> <Width = 7> <Depth = 12> <RAM>
ST_2 : Operation 55 [1/1] (1.73ns)   --->   "%add_ln139 = add i4 %select_ln138, i4 1" [cnn_hls.cpp:139]   --->   Operation 55 'add' 'add_ln139' <Predicate = true> <Delay = 1.73> <CoreInst = "Adder">   --->   Core 1 'Adder' <Latency = 0> <II = 1> <Delay = 1.73> <FuncUnit> <Opcode : 'add' 'sub'> <InPorts = 2> <OutPorts = 1>
ST_2 : Operation 56 [1/1] (1.58ns)   --->   "%store_ln139 = store i4 %add_ln139, i4 %j" [cnn_hls.cpp:139]   --->   Operation 56 'store' 'store_ln139' <Predicate = true> <Delay = 1.58>

State 3 <SV = 2> <Delay = 5.44>
ST_3 : Operation 57 [1/1] (0.00ns)   --->   "%i_load = load i5 %i" [cnn_hls.cpp:138]   --->   Operation 57 'load' 'i_load' <Predicate = true> <Delay = 0.00>
ST_3 : Operation 58 [1/1] (0.00ns) (grouped into LUT with out node add_ln138_1)   --->   "%empty = select i1 %icmp_ln139, i5 1, i5 0" [cnn_hls.cpp:139]   --->   Operation 58 'select' 'empty' <Predicate = true> <Delay = 0.00> <CoreInst = "Sel">   --->   Core 73 'Sel' <Latency = 0> <II = 1> <Delay = 0.99> <FuncUnit> <Opcode : 'select'> <InPorts = 3> <OutPorts = 1>
ST_3 : Operation 59 [1/1] (1.78ns) (out node of the LUT)   --->   "%add_ln138_1 = add i5 %i_load, i5 %empty" [cnn_hls.cpp:138]   --->   Operation 59 'add' 'add_ln138_1' <Predicate = true> <Delay = 1.78> <CoreInst = "Adder">   --->   Core 1 'Adder' <Latency = 0> <II = 1> <Delay = 1.78> <FuncUnit> <Opcode : 'add' 'sub'> <InPorts = 2> <OutPorts = 1>
ST_3 : Operation 60 [1/1] (0.00ns)   --->   "%trunc_ln138 = trunc i5 %add_ln138_1" [cnn_hls.cpp:138]   --->   Operation 60 'trunc' 'trunc_ln138' <Predicate = true> <Delay = 0.00>
ST_3 : Operation 61 [1/1] (0.00ns)   --->   "%p_shl = bitconcatenate i8 @_ssdm_op_BitConcatenate.i8.i4.i4, i4 %trunc_ln138, i4 0" [cnn_hls.cpp:139]   --->   Operation 61 'bitconcatenate' 'p_shl' <Predicate = true> <Delay = 0.00>
ST_3 : Operation 62 [1/1] (0.00ns)   --->   "%tmp = bitconcatenate i7 @_ssdm_op_BitConcatenate.i7.i5.i2, i5 %add_ln138_1, i2 0" [cnn_hls.cpp:139]   --->   Operation 62 'bitconcatenate' 'tmp' <Predicate = true> <Delay = 0.00>
ST_3 : Operation 63 [1/1] (0.00ns)   --->   "%zext_ln139 = zext i7 %tmp" [cnn_hls.cpp:139]   --->   Operation 63 'zext' 'zext_ln139' <Predicate = true> <Delay = 0.00>
ST_3 : Operation 64 [1/1] (0.00ns) (grouped into TernaryAdder)   --->   "%sub_ln139 = sub i8 %p_shl, i8 %zext_ln139" [cnn_hls.cpp:139]   --->   Operation 64 'sub' 'sub_ln139' <Predicate = true> <Delay = 0.00> <CoreInst = "TAddSub">   --->   Core 10 'TAddSub' <Latency = 0> <II = 1> <Delay = 1.83> <IPBlock> <Opcode : 'add' 'sub'> <InPorts = 3> <OutPorts = 1> <Sync> <CReg>
ST_3 : Operation 65 [1/1] (0.00ns)   --->   "%zext_ln139_2 = zext i4 %select_ln138" [cnn_hls.cpp:139]   --->   Operation 65 'zext' 'zext_ln139_2' <Predicate = true> <Delay = 0.00>
ST_3 : Operation 66 [1/2] ( I:2.32ns O:2.32ns )   --->   "%buffer_c3_load = load i4 %buffer_c3_addr" [cnn_hls.cpp:141]   --->   Operation 66 'load' 'buffer_c3_load' <Predicate = true> <Delay = 2.32> <CoreInst = "RAM">   --->   Core 81 'RAM' <Latency = 1> <II = 1> <Delay = 2.32> <Storage> <Opcode : 'load' 'store'> <Ports = 2> <Width = 7> <Depth = 12> <RAM>
ST_3 : Operation 67 [1/2] ( I:2.32ns O:2.32ns )   --->   "%buffer_c3_1_load = load i4 %buffer_c3_1_addr" [cnn_hls.cpp:141]   --->   Operation 67 'load' 'buffer_c3_1_load' <Predicate = true> <Delay = 2.32> <CoreInst = "RAM">   --->   Core 81 'RAM' <Latency = 1> <II = 1> <Delay = 2.32> <Storage> <Opcode : 'load' 'store'> <Ports = 2> <Width = 7> <Depth = 12> <RAM>
ST_3 : Operation 68 [1/2] ( I:2.32ns O:2.32ns )   --->   "%buffer_c3_2_load = load i4 %buffer_c3_2_addr" [cnn_hls.cpp:141]   --->   Operation 68 'load' 'buffer_c3_2_load' <Predicate = true> <Delay = 2.32> <CoreInst = "RAM">   --->   Core 81 'RAM' <Latency = 1> <II = 1> <Delay = 2.32> <Storage> <Opcode : 'load' 'store'> <Ports = 2> <Width = 7> <Depth = 12> <RAM>
ST_3 : Operation 69 [1/2] ( I:2.32ns O:2.32ns )   --->   "%buffer_c3_3_load = load i4 %buffer_c3_3_addr" [cnn_hls.cpp:141]   --->   Operation 69 'load' 'buffer_c3_3_load' <Predicate = true> <Delay = 2.32> <CoreInst = "RAM">   --->   Core 81 'RAM' <Latency = 1> <II = 1> <Delay = 2.32> <Storage> <Opcode : 'load' 'store'> <Ports = 2> <Width = 7> <Depth = 12> <RAM>
ST_3 : Operation 70 [1/2] ( I:2.32ns O:2.32ns )   --->   "%buffer_c3_4_load = load i4 %buffer_c3_4_addr" [cnn_hls.cpp:141]   --->   Operation 70 'load' 'buffer_c3_4_load' <Predicate = true> <Delay = 2.32> <CoreInst = "RAM">   --->   Core 81 'RAM' <Latency = 1> <II = 1> <Delay = 2.32> <Storage> <Opcode : 'load' 'store'> <Ports = 2> <Width = 7> <Depth = 12> <RAM>
ST_3 : Operation 71 [1/2] ( I:2.32ns O:2.32ns )   --->   "%buffer_c3_5_load = load i4 %buffer_c3_5_addr" [cnn_hls.cpp:141]   --->   Operation 71 'load' 'buffer_c3_5_load' <Predicate = true> <Delay = 2.32> <CoreInst = "RAM">   --->   Core 81 'RAM' <Latency = 1> <II = 1> <Delay = 2.32> <Storage> <Opcode : 'load' 'store'> <Ports = 2> <Width = 7> <Depth = 12> <RAM>
ST_3 : Operation 72 [1/2] ( I:2.32ns O:2.32ns )   --->   "%buffer_c3_6_load = load i4 %buffer_c3_6_addr" [cnn_hls.cpp:141]   --->   Operation 72 'load' 'buffer_c3_6_load' <Predicate = true> <Delay = 2.32> <CoreInst = "RAM">   --->   Core 81 'RAM' <Latency = 1> <II = 1> <Delay = 2.32> <Storage> <Opcode : 'load' 'store'> <Ports = 2> <Width = 7> <Depth = 12> <RAM>
ST_3 : Operation 73 [1/2] ( I:2.32ns O:2.32ns )   --->   "%buffer_c3_7_load = load i4 %buffer_c3_7_addr" [cnn_hls.cpp:141]   --->   Operation 73 'load' 'buffer_c3_7_load' <Predicate = true> <Delay = 2.32> <CoreInst = "RAM">   --->   Core 81 'RAM' <Latency = 1> <II = 1> <Delay = 2.32> <Storage> <Opcode : 'load' 'store'> <Ports = 2> <Width = 7> <Depth = 12> <RAM>
ST_3 : Operation 74 [1/2] ( I:2.32ns O:2.32ns )   --->   "%buffer_c3_8_load = load i4 %buffer_c3_8_addr" [cnn_hls.cpp:141]   --->   Operation 74 'load' 'buffer_c3_8_load' <Predicate = true> <Delay = 2.32> <CoreInst = "RAM">   --->   Core 81 'RAM' <Latency = 1> <II = 1> <Delay = 2.32> <Storage> <Opcode : 'load' 'store'> <Ports = 2> <Width = 7> <Depth = 12> <RAM>
ST_3 : Operation 75 [1/2] ( I:2.32ns O:2.32ns )   --->   "%buffer_c3_9_load = load i4 %buffer_c3_9_addr" [cnn_hls.cpp:141]   --->   Operation 75 'load' 'buffer_c3_9_load' <Predicate = true> <Delay = 2.32> <CoreInst = "RAM">   --->   Core 81 'RAM' <Latency = 1> <II = 1> <Delay = 2.32> <Storage> <Opcode : 'load' 'store'> <Ports = 2> <Width = 7> <Depth = 12> <RAM>
ST_3 : Operation 76 [1/2] ( I:2.32ns O:2.32ns )   --->   "%buffer_c3_10_load = load i4 %buffer_c3_10_addr" [cnn_hls.cpp:141]   --->   Operation 76 'load' 'buffer_c3_10_load' <Predicate = true> <Delay = 2.32> <CoreInst = "RAM">   --->   Core 81 'RAM' <Latency = 1> <II = 1> <Delay = 2.32> <Storage> <Opcode : 'load' 'store'> <Ports = 2> <Width = 7> <Depth = 12> <RAM>
ST_3 : Operation 77 [1/2] ( I:2.32ns O:2.32ns )   --->   "%buffer_c3_11_load = load i4 %buffer_c3_11_addr" [cnn_hls.cpp:141]   --->   Operation 77 'load' 'buffer_c3_11_load' <Predicate = true> <Delay = 2.32> <CoreInst = "RAM">   --->   Core 81 'RAM' <Latency = 1> <II = 1> <Delay = 2.32> <Storage> <Opcode : 'load' 'store'> <Ports = 2> <Width = 7> <Depth = 12> <RAM>
ST_3 : Operation 78 [1/2] ( I:2.32ns O:2.32ns )   --->   "%buffer_c3_12_load = load i4 %buffer_c3_12_addr" [cnn_hls.cpp:141]   --->   Operation 78 'load' 'buffer_c3_12_load' <Predicate = true> <Delay = 2.32> <CoreInst = "RAM">   --->   Core 81 'RAM' <Latency = 1> <II = 1> <Delay = 2.32> <Storage> <Opcode : 'load' 'store'> <Ports = 2> <Width = 7> <Depth = 12> <RAM>
ST_3 : Operation 79 [1/2] ( I:2.32ns O:2.32ns )   --->   "%buffer_c3_13_load = load i4 %buffer_c3_13_addr" [cnn_hls.cpp:141]   --->   Operation 79 'load' 'buffer_c3_13_load' <Predicate = true> <Delay = 2.32> <CoreInst = "RAM">   --->   Core 81 'RAM' <Latency = 1> <II = 1> <Delay = 2.32> <Storage> <Opcode : 'load' 'store'> <Ports = 2> <Width = 7> <Depth = 12> <RAM>
ST_3 : Operation 80 [1/2] ( I:2.32ns O:2.32ns )   --->   "%buffer_c3_14_load = load i4 %buffer_c3_14_addr" [cnn_hls.cpp:141]   --->   Operation 80 'load' 'buffer_c3_14_load' <Predicate = true> <Delay = 2.32> <CoreInst = "RAM">   --->   Core 81 'RAM' <Latency = 1> <II = 1> <Delay = 2.32> <Storage> <Opcode : 'load' 'store'> <Ports = 2> <Width = 7> <Depth = 12> <RAM>
ST_3 : Operation 81 [1/2] ( I:2.32ns O:2.32ns )   --->   "%buffer_c3_15_load = load i4 %buffer_c3_15_addr" [cnn_hls.cpp:141]   --->   Operation 81 'load' 'buffer_c3_15_load' <Predicate = true> <Delay = 2.32> <CoreInst = "RAM">   --->   Core 81 'RAM' <Latency = 1> <II = 1> <Delay = 2.32> <Storage> <Opcode : 'load' 'store'> <Ports = 2> <Width = 7> <Depth = 12> <RAM>
ST_3 : Operation 82 [1/1] (2.06ns)   --->   "%tmp_s = sparsemux i7 @_ssdm_op_SparseMux.ap_auto.16i7.i7.i4, i4 0, i7 %buffer_c3_load, i4 1, i7 %buffer_c3_1_load, i4 2, i7 %buffer_c3_2_load, i4 3, i7 %buffer_c3_3_load, i4 4, i7 %buffer_c3_4_load, i4 5, i7 %buffer_c3_5_load, i4 6, i7 %buffer_c3_6_load, i4 7, i7 %buffer_c3_7_load, i4 8, i7 %buffer_c3_8_load, i4 9, i7 %buffer_c3_9_load, i4 10, i7 %buffer_c3_10_load, i4 11, i7 %buffer_c3_11_load, i4 12, i7 %buffer_c3_12_load, i4 13, i7 %buffer_c3_13_load, i4 14, i7 %buffer_c3_14_load, i4 15, i7 %buffer_c3_15_load, i7 0, i4 %trunc_ln138" [cnn_hls.cpp:141]   --->   Operation 82 'sparsemux' 'tmp_s' <Predicate = true> <Delay = 2.06> <CoreInst = "BinarySparseMux_DontCare">   --->   Core 137 'BinarySparseMux_DontCare' <Latency = 0> <II = 1> <Delay = 2.06> <FuncUnit> <Opcode : 'sparsemux'> <InPorts = 2> <OutPorts = 1>
ST_3 : Operation 83 [1/1] (3.66ns) (root node of TernaryAdder)   --->   "%add_ln141 = add i8 %zext_ln139_2, i8 %sub_ln139" [cnn_hls.cpp:141]   --->   Operation 83 'add' 'add_ln141' <Predicate = true> <Delay = 3.66> <CoreInst = "TAddSub">   --->   Core 10 'TAddSub' <Latency = 0> <II = 1> <Delay = 1.83> <IPBlock> <Opcode : 'add' 'sub'> <InPorts = 3> <OutPorts = 1> <Sync> <CReg>
ST_3 : Operation 84 [1/1] (1.58ns)   --->   "%store_ln138 = store i5 %add_ln138_1, i5 %i" [cnn_hls.cpp:138]   --->   Operation 84 'store' 'store_ln138' <Predicate = true> <Delay = 1.58>
ST_3 : Operation 92 [1/1] (1.58ns)   --->   "%ret_ln0 = ret"   --->   Operation 92 'ret' 'ret_ln0' <Predicate = (icmp_ln138)> <Delay = 1.58>

State 4 <SV = 3> <Delay = 3.25>
ST_4 : Operation 85 [1/1] (0.00ns)   --->   "%specloopname_ln0 = specloopname void @_ssdm_op_SpecLoopName, void @VITIS_LOOP_138_12_VITIS_LOOP_139_13_str"   --->   Operation 85 'specloopname' 'specloopname_ln0' <Predicate = true> <Delay = 0.00>
ST_4 : Operation 86 [1/1] (0.00ns)   --->   "%speclooptripcount_ln0 = speclooptripcount void @_ssdm_op_SpecLoopTripCount, i64 192, i64 192, i64 192"   --->   Operation 86 'speclooptripcount' 'speclooptripcount_ln0' <Predicate = true> <Delay = 0.00>
ST_4 : Operation 87 [1/1] (0.00ns)   --->   "%specpipeline_ln140 = specpipeline void @_ssdm_op_SpecPipeline, i32 1, i32 0, i32 0, i32 0, i32 4294967295, void @empty_3" [cnn_hls.cpp:140]   --->   Operation 87 'specpipeline' 'specpipeline_ln140' <Predicate = true> <Delay = 0.00>
ST_4 : Operation 88 [1/1] (0.00ns)   --->   "%zext_ln141 = zext i8 %add_ln141" [cnn_hls.cpp:141]   --->   Operation 88 'zext' 'zext_ln141' <Predicate = true> <Delay = 0.00>
ST_4 : Operation 89 [1/1] (0.00ns)   --->   "%flatten_addr = getelementptr i7 %flatten, i64 0, i64 %zext_ln141" [cnn_hls.cpp:141]   --->   Operation 89 'getelementptr' 'flatten_addr' <Predicate = true> <Delay = 0.00>
ST_4 : Operation 90 [1/1] ( I:3.25ns O:3.25ns )   --->   "%store_ln141 = store i7 %tmp_s, i8 %flatten_addr" [cnn_hls.cpp:141]   --->   Operation 90 'store' 'store_ln141' <Predicate = true> <Delay = 3.25> <CoreInst = "RAM">   --->   Core 81 'RAM' <Latency = 1> <II = 1> <Delay = 3.25> <Storage> <Opcode : 'load' 'store'> <Ports = 2> <Width = 7> <Depth = 192> <RAM>
ST_4 : Operation 91 [1/1] (0.00ns)   --->   "%br_ln139 = br void %for.inc188" [cnn_hls.cpp:139]   --->   Operation 91 'br' 'br_ln139' <Predicate = true> <Delay = 0.00>


============================================================
+ Verbose Summary: Binding
============================================================
STG Binding: 
---------------- STG Properties BEGIN ----------------
- Is combinational: 0
- Is one-state seq: 0
- Is datapath-only: 0
- Is pipelined: 0
- Is top level: 0
Port [ Return ] is wired: 1; IO mode=ap_ctrl_hs:ce=0
Port [ buffer_c3]:  wired=1; compound=1; hidden=0; nouse=0; global=0; static=0; extern=0; dir=0; type=1; pingpong=0; private_global=0; MemPort=[13]; IO mode=ap_memory:ce=0
Port [ buffer_c3_1]:  wired=1; compound=1; hidden=0; nouse=0; global=0; static=0; extern=0; dir=0; type=1; pingpong=0; private_global=0; MemPort=[13]; IO mode=ap_memory:ce=0
Port [ buffer_c3_2]:  wired=1; compound=1; hidden=0; nouse=0; global=0; static=0; extern=0; dir=0; type=1; pingpong=0; private_global=0; MemPort=[13]; IO mode=ap_memory:ce=0
Port [ buffer_c3_3]:  wired=1; compound=1; hidden=0; nouse=0; global=0; static=0; extern=0; dir=0; type=1; pingpong=0; private_global=0; MemPort=[13]; IO mode=ap_memory:ce=0
Port [ buffer_c3_4]:  wired=1; compound=1; hidden=0; nouse=0; global=0; static=0; extern=0; dir=0; type=1; pingpong=0; private_global=0; MemPort=[13]; IO mode=ap_memory:ce=0
Port [ buffer_c3_5]:  wired=1; compound=1; hidden=0; nouse=0; global=0; static=0; extern=0; dir=0; type=1; pingpong=0; private_global=0; MemPort=[13]; IO mode=ap_memory:ce=0
Port [ buffer_c3_6]:  wired=1; compound=1; hidden=0; nouse=0; global=0; static=0; extern=0; dir=0; type=1; pingpong=0; private_global=0; MemPort=[13]; IO mode=ap_memory:ce=0
Port [ buffer_c3_7]:  wired=1; compound=1; hidden=0; nouse=0; global=0; static=0; extern=0; dir=0; type=1; pingpong=0; private_global=0; MemPort=[13]; IO mode=ap_memory:ce=0
Port [ buffer_c3_8]:  wired=1; compound=1; hidden=0; nouse=0; global=0; static=0; extern=0; dir=0; type=1; pingpong=0; private_global=0; MemPort=[13]; IO mode=ap_memory:ce=0
Port [ buffer_c3_9]:  wired=1; compound=1; hidden=0; nouse=0; global=0; static=0; extern=0; dir=0; type=1; pingpong=0; private_global=0; MemPort=[13]; IO mode=ap_memory:ce=0
Port [ buffer_c3_10]:  wired=1; compound=1; hidden=0; nouse=0; global=0; static=0; extern=0; dir=0; type=1; pingpong=0; private_global=0; MemPort=[13]; IO mode=ap_memory:ce=0
Port [ buffer_c3_11]:  wired=1; compound=1; hidden=0; nouse=0; global=0; static=0; extern=0; dir=0; type=1; pingpong=0; private_global=0; MemPort=[13]; IO mode=ap_memory:ce=0
Port [ buffer_c3_12]:  wired=1; compound=1; hidden=0; nouse=0; global=0; static=0; extern=0; dir=0; type=1; pingpong=0; private_global=0; MemPort=[13]; IO mode=ap_memory:ce=0
Port [ buffer_c3_13]:  wired=1; compound=1; hidden=0; nouse=0; global=0; static=0; extern=0; dir=0; type=1; pingpong=0; private_global=0; MemPort=[13]; IO mode=ap_memory:ce=0
Port [ buffer_c3_14]:  wired=1; compound=1; hidden=0; nouse=0; global=0; static=0; extern=0; dir=0; type=1; pingpong=0; private_global=0; MemPort=[13]; IO mode=ap_memory:ce=0
Port [ buffer_c3_15]:  wired=1; compound=1; hidden=0; nouse=0; global=0; static=0; extern=0; dir=0; type=1; pingpong=0; private_global=0; MemPort=[13]; IO mode=ap_memory:ce=0
Port [ flatten]:  wired=1; compound=1; hidden=0; nouse=0; global=0; static=0; extern=0; dir=1; type=1; pingpong=0; private_global=0; MemPort=[03]; IO mode=ap_memory:ce=0
---------------- STG Properties END ------------------

---------------- Datapath Model BEGIN ----------------

<LifeTime>
<method=bitvector/>
j                     (alloca           ) [ 01100]
i                     (alloca           ) [ 01110]
indvar_flatten13      (alloca           ) [ 01000]
store_ln0             (store            ) [ 00000]
store_ln138           (store            ) [ 00000]
store_ln139           (store            ) [ 00000]
br_ln0                (br               ) [ 00000]
indvar_flatten13_load (load             ) [ 00000]
icmp_ln138            (icmp             ) [ 01110]
add_ln138             (add              ) [ 00000]
br_ln138              (br               ) [ 00000]
store_ln138           (store            ) [ 00000]
j_load                (load             ) [ 00000]
icmp_ln139            (icmp             ) [ 01010]
select_ln138          (select           ) [ 01010]
zext_ln139_1          (zext             ) [ 00000]
buffer_c3_addr        (getelementptr    ) [ 01010]
buffer_c3_1_addr      (getelementptr    ) [ 01010]
buffer_c3_2_addr      (getelementptr    ) [ 01010]
buffer_c3_3_addr      (getelementptr    ) [ 01010]
buffer_c3_4_addr      (getelementptr    ) [ 01010]
buffer_c3_5_addr      (getelementptr    ) [ 01010]
buffer_c3_6_addr      (getelementptr    ) [ 01010]
buffer_c3_7_addr      (getelementptr    ) [ 01010]
buffer_c3_8_addr      (getelementptr    ) [ 01010]
buffer_c3_9_addr      (getelementptr    ) [ 01010]
buffer_c3_10_addr     (getelementptr    ) [ 01010]
buffer_c3_11_addr     (getelementptr    ) [ 01010]
buffer_c3_12_addr     (getelementptr    ) [ 01010]
buffer_c3_13_addr     (getelementptr    ) [ 01010]
buffer_c3_14_addr     (getelementptr    ) [ 01010]
buffer_c3_15_addr     (getelementptr    ) [ 01010]
add_ln139             (add              ) [ 00000]
store_ln139           (store            ) [ 00000]
i_load                (load             ) [ 00000]
empty                 (select           ) [ 00000]
add_ln138_1           (add              ) [ 00000]
trunc_ln138           (trunc            ) [ 00000]
p_shl                 (bitconcatenate   ) [ 00000]
tmp                   (bitconcatenate   ) [ 00000]
zext_ln139            (zext             ) [ 00000]
sub_ln139             (sub              ) [ 00000]
zext_ln139_2          (zext             ) [ 00000]
buffer_c3_load        (load             ) [ 00000]
buffer_c3_1_load      (load             ) [ 00000]
buffer_c3_2_load      (load             ) [ 00000]
buffer_c3_3_load      (load             ) [ 00000]
buffer_c3_4_load      (load             ) [ 00000]
buffer_c3_5_load      (load             ) [ 00000]
buffer_c3_6_load      (load             ) [ 00000]
buffer_c3_7_load      (load             ) [ 00000]
buffer_c3_8_load      (load             ) [ 00000]
buffer_c3_9_load      (load             ) [ 00000]
buffer_c3_10_load     (load             ) [ 00000]
buffer_c3_11_load     (load             ) [ 00000]
buffer_c3_12_load     (load             ) [ 00000]
buffer_c3_13_load     (load             ) [ 00000]
buffer_c3_14_load     (load             ) [ 00000]
buffer_c3_15_load     (load             ) [ 00000]
tmp_s                 (sparsemux        ) [ 01001]
add_ln141             (add              ) [ 01001]
store_ln138           (store            ) [ 00000]
specloopname_ln0      (specloopname     ) [ 00000]
speclooptripcount_ln0 (speclooptripcount) [ 00000]
specpipeline_ln140    (specpipeline     ) [ 00000]
zext_ln141            (zext             ) [ 00000]
flatten_addr          (getelementptr    ) [ 00000]
store_ln141           (store            ) [ 00000]
br_ln139              (br               ) [ 00000]
ret_ln0               (ret              ) [ 00000]
</LifeTime>

<model>

<comp_list>
<comp id="0" class="1000" name="buffer_c3">
<pin_list>
<pin id="1" dir="1" index="0" bw="1" slack="0"/>
</pin_list>
<bind>
<StgValue><ssdm name="buffer_c3"/><MemPortTyVec>1 3 </MemPortTyVec>
</StgValue>
</bind>
</comp>

<comp id="2" class="1000" name="buffer_c3_1">
<pin_list>
<pin id="3" dir="1" index="0" bw="1" slack="0"/>
</pin_list>
<bind>
<StgValue><ssdm name="buffer_c3_1"/><MemPortTyVec>1 3 </MemPortTyVec>
</StgValue>
</bind>
</comp>

<comp id="4" class="1000" name="buffer_c3_2">
<pin_list>
<pin id="5" dir="1" index="0" bw="1" slack="0"/>
</pin_list>
<bind>
<StgValue><ssdm name="buffer_c3_2"/><MemPortTyVec>1 3 </MemPortTyVec>
</StgValue>
</bind>
</comp>

<comp id="6" class="1000" name="buffer_c3_3">
<pin_list>
<pin id="7" dir="1" index="0" bw="1" slack="0"/>
</pin_list>
<bind>
<StgValue><ssdm name="buffer_c3_3"/><MemPortTyVec>1 3 </MemPortTyVec>
</StgValue>
</bind>
</comp>

<comp id="8" class="1000" name="buffer_c3_4">
<pin_list>
<pin id="9" dir="1" index="0" bw="1" slack="0"/>
</pin_list>
<bind>
<StgValue><ssdm name="buffer_c3_4"/><MemPortTyVec>1 3 </MemPortTyVec>
</StgValue>
</bind>
</comp>

<comp id="10" class="1000" name="buffer_c3_5">
<pin_list>
<pin id="11" dir="1" index="0" bw="1" slack="0"/>
</pin_list>
<bind>
<StgValue><ssdm name="buffer_c3_5"/><MemPortTyVec>1 3 </MemPortTyVec>
</StgValue>
</bind>
</comp>

<comp id="12" class="1000" name="buffer_c3_6">
<pin_list>
<pin id="13" dir="1" index="0" bw="1" slack="0"/>
</pin_list>
<bind>
<StgValue><ssdm name="buffer_c3_6"/><MemPortTyVec>1 3 </MemPortTyVec>
</StgValue>
</bind>
</comp>

<comp id="14" class="1000" name="buffer_c3_7">
<pin_list>
<pin id="15" dir="1" index="0" bw="1" slack="0"/>
</pin_list>
<bind>
<StgValue><ssdm name="buffer_c3_7"/><MemPortTyVec>1 3 </MemPortTyVec>
</StgValue>
</bind>
</comp>

<comp id="16" class="1000" name="buffer_c3_8">
<pin_list>
<pin id="17" dir="1" index="0" bw="1" slack="0"/>
</pin_list>
<bind>
<StgValue><ssdm name="buffer_c3_8"/><MemPortTyVec>1 3 </MemPortTyVec>
</StgValue>
</bind>
</comp>

<comp id="18" class="1000" name="buffer_c3_9">
<pin_list>
<pin id="19" dir="1" index="0" bw="1" slack="0"/>
</pin_list>
<bind>
<StgValue><ssdm name="buffer_c3_9"/><MemPortTyVec>1 3 </MemPortTyVec>
</StgValue>
</bind>
</comp>

<comp id="20" class="1000" name="buffer_c3_10">
<pin_list>
<pin id="21" dir="1" index="0" bw="1" slack="0"/>
</pin_list>
<bind>
<StgValue><ssdm name="buffer_c3_10"/><MemPortTyVec>1 3 </MemPortTyVec>
</StgValue>
</bind>
</comp>

<comp id="22" class="1000" name="buffer_c3_11">
<pin_list>
<pin id="23" dir="1" index="0" bw="1" slack="0"/>
</pin_list>
<bind>
<StgValue><ssdm name="buffer_c3_11"/><MemPortTyVec>1 3 </MemPortTyVec>
</StgValue>
</bind>
</comp>

<comp id="24" class="1000" name="buffer_c3_12">
<pin_list>
<pin id="25" dir="1" index="0" bw="1" slack="0"/>
</pin_list>
<bind>
<StgValue><ssdm name="buffer_c3_12"/><MemPortTyVec>1 3 </MemPortTyVec>
</StgValue>
</bind>
</comp>

<comp id="26" class="1000" name="buffer_c3_13">
<pin_list>
<pin id="27" dir="1" index="0" bw="1" slack="0"/>
</pin_list>
<bind>
<StgValue><ssdm name="buffer_c3_13"/><MemPortTyVec>1 3 </MemPortTyVec>
</StgValue>
</bind>
</comp>

<comp id="28" class="1000" name="buffer_c3_14">
<pin_list>
<pin id="29" dir="1" index="0" bw="1" slack="0"/>
</pin_list>
<bind>
<StgValue><ssdm name="buffer_c3_14"/><MemPortTyVec>1 3 </MemPortTyVec>
</StgValue>
</bind>
</comp>

<comp id="30" class="1000" name="buffer_c3_15">
<pin_list>
<pin id="31" dir="1" index="0" bw="1" slack="0"/>
</pin_list>
<bind>
<StgValue><ssdm name="buffer_c3_15"/><MemPortTyVec>1 3 </MemPortTyVec>
</StgValue>
</bind>
</comp>

<comp id="32" class="1000" name="flatten">
<pin_list>
<pin id="33" dir="1" index="0" bw="1" slack="0"/>
</pin_list>
<bind>
<StgValue><ssdm name="flatten"/><MemPortTyVec>0 3 </MemPortTyVec>
</StgValue>
</bind>
</comp>

<comp id="34" class="1001" name="const_34">
<pin_list>
<pin id="35" dir="1" index="0" bw="1" slack="0"/>
</pin_list>
<bind>
<StgValue><ssdm name=""/></StgValue>
</bind>
</comp>

<comp id="36" class="1001" name="const_36">
<pin_list>
<pin id="37" dir="1" index="0" bw="1" slack="0"/>
</pin_list>
<bind>
<StgValue><ssdm name=""/></StgValue>
</bind>
</comp>

<comp id="38" class="1001" name="const_38">
<pin_list>
<pin id="39" dir="1" index="0" bw="1" slack="0"/>
</pin_list>
<bind>
<StgValue><ssdm name=""/></StgValue>
</bind>
</comp>

<comp id="40" class="1001" name="const_40">
<pin_list>
<pin id="41" dir="1" index="0" bw="1" slack="0"/>
</pin_list>
<bind>
<StgValue><ssdm name=""/></StgValue>
</bind>
</comp>

<comp id="42" class="1001" name="const_42">
<pin_list>
<pin id="43" dir="1" index="0" bw="1" slack="0"/>
</pin_list>
<bind>
<StgValue><ssdm name=""/></StgValue>
</bind>
</comp>

<comp id="44" class="1001" name="const_44">
<pin_list>
<pin id="45" dir="1" index="0" bw="1" slack="0"/>
</pin_list>
<bind>
<StgValue><ssdm name=""/></StgValue>
</bind>
</comp>

<comp id="46" class="1001" name="const_46">
<pin_list>
<pin id="47" dir="1" index="0" bw="1" slack="0"/>
</pin_list>
<bind>
<StgValue><ssdm name=""/></StgValue>
</bind>
</comp>

<comp id="48" class="1001" name="const_48">
<pin_list>
<pin id="49" dir="1" index="0" bw="1" slack="0"/>
</pin_list>
<bind>
<StgValue><ssdm name=""/></StgValue>
</bind>
</comp>

<comp id="50" class="1001" name="const_50">
<pin_list>
<pin id="51" dir="1" index="0" bw="1" slack="0"/>
</pin_list>
<bind>
<StgValue><ssdm name=""/></StgValue>
</bind>
</comp>

<comp id="52" class="1001" name="const_52">
<pin_list>
<pin id="53" dir="1" index="0" bw="1" slack="0"/>
</pin_list>
<bind>
<StgValue><ssdm name=""/></StgValue>
</bind>
</comp>

<comp id="54" class="1001" name="const_54">
<pin_list>
<pin id="55" dir="1" index="0" bw="1" slack="0"/>
</pin_list>
<bind>
<StgValue><ssdm name="_ssdm_op_BitConcatenate.i8.i4.i4"/></StgValue>
</bind>
</comp>

<comp id="56" class="1001" name="const_56">
<pin_list>
<pin id="57" dir="1" index="0" bw="1" slack="0"/>
</pin_list>
<bind>
<StgValue><ssdm name="_ssdm_op_BitConcatenate.i7.i5.i2"/></StgValue>
</bind>
</comp>

<comp id="58" class="1001" name="const_58">
<pin_list>
<pin id="59" dir="1" index="0" bw="1" slack="0"/>
</pin_list>
<bind>
<StgValue><ssdm name=""/></StgValue>
</bind>
</comp>

<comp id="60" class="1001" name="const_60">
<pin_list>
<pin id="61" dir="1" index="0" bw="1" slack="0"/>
</pin_list>
<bind>
<StgValue><ssdm name="_ssdm_op_SparseMux.ap_auto.16i7.i7.i4"/></StgValue>
</bind>
</comp>

<comp id="62" class="1001" name="const_62">
<pin_list>
<pin id="63" dir="1" index="0" bw="1" slack="0"/>
</pin_list>
<bind>
<StgValue><ssdm name=""/></StgValue>
</bind>
</comp>

<comp id="64" class="1001" name="const_64">
<pin_list>
<pin id="65" dir="1" index="0" bw="1" slack="0"/>
</pin_list>
<bind>
<StgValue><ssdm name=""/></StgValue>
</bind>
</comp>

<comp id="66" class="1001" name="const_66">
<pin_list>
<pin id="67" dir="1" index="0" bw="1" slack="0"/>
</pin_list>
<bind>
<StgValue><ssdm name=""/></StgValue>
</bind>
</comp>

<comp id="68" class="1001" name="const_68">
<pin_list>
<pin id="69" dir="1" index="0" bw="1" slack="0"/>
</pin_list>
<bind>
<StgValue><ssdm name=""/></StgValue>
</bind>
</comp>

<comp id="70" class="1001" name="const_70">
<pin_list>
<pin id="71" dir="1" index="0" bw="1" slack="0"/>
</pin_list>
<bind>
<StgValue><ssdm name=""/></StgValue>
</bind>
</comp>

<comp id="72" class="1001" name="const_72">
<pin_list>
<pin id="73" dir="1" index="0" bw="1" slack="0"/>
</pin_list>
<bind>
<StgValue><ssdm name=""/></StgValue>
</bind>
</comp>

<comp id="74" class="1001" name="const_74">
<pin_list>
<pin id="75" dir="1" index="0" bw="1" slack="0"/>
</pin_list>
<bind>
<StgValue><ssdm name=""/></StgValue>
</bind>
</comp>

<comp id="76" class="1001" name="const_76">
<pin_list>
<pin id="77" dir="1" index="0" bw="1" slack="0"/>
</pin_list>
<bind>
<StgValue><ssdm name=""/></StgValue>
</bind>
</comp>

<comp id="78" class="1001" name="const_78">
<pin_list>
<pin id="79" dir="1" index="0" bw="1" slack="0"/>
</pin_list>
<bind>
<StgValue><ssdm name=""/></StgValue>
</bind>
</comp>

<comp id="80" class="1001" name="const_80">
<pin_list>
<pin id="81" dir="1" index="0" bw="1" slack="0"/>
</pin_list>
<bind>
<StgValue><ssdm name=""/></StgValue>
</bind>
</comp>

<comp id="82" class="1001" name="const_82">
<pin_list>
<pin id="83" dir="1" index="0" bw="1" slack="0"/>
</pin_list>
<bind>
<StgValue><ssdm name=""/></StgValue>
</bind>
</comp>

<comp id="84" class="1001" name="const_84">
<pin_list>
<pin id="85" dir="1" index="0" bw="1" slack="0"/>
</pin_list>
<bind>
<StgValue><ssdm name=""/></StgValue>
</bind>
</comp>

<comp id="86" class="1001" name="const_86">
<pin_list>
<pin id="87" dir="1" index="0" bw="1" slack="0"/>
</pin_list>
<bind>
<StgValue><ssdm name=""/></StgValue>
</bind>
</comp>

<comp id="88" class="1001" name="const_88">
<pin_list>
<pin id="89" dir="1" index="0" bw="1" slack="0"/>
</pin_list>
<bind>
<StgValue><ssdm name=""/></StgValue>
</bind>
</comp>

<comp id="90" class="1001" name="const_90">
<pin_list>
<pin id="91" dir="1" index="0" bw="1" slack="2147483647"/>
</pin_list>
<bind>
<StgValue><ssdm name="_ssdm_op_SpecLoopName"/></StgValue>
</bind>
</comp>

<comp id="92" class="1001" name="const_92">
<pin_list>
<pin id="93" dir="1" index="0" bw="1" slack="2147483647"/>
</pin_list>
<bind>
<StgValue><ssdm name="VITIS_LOOP_138_12_VITIS_LOOP_139_13_str"/></StgValue>
</bind>
</comp>

<comp id="94" class="1001" name="const_94">
<pin_list>
<pin id="95" dir="1" index="0" bw="1" slack="2147483647"/>
</pin_list>
<bind>
<StgValue><ssdm name="_ssdm_op_SpecLoopTripCount"/></StgValue>
</bind>
</comp>

<comp id="96" class="1001" name="const_96">
<pin_list>
<pin id="97" dir="1" index="0" bw="1" slack="2147483647"/>
</pin_list>
<bind>
<StgValue><ssdm name=""/></StgValue>
</bind>
</comp>

<comp id="98" class="1001" name="const_98">
<pin_list>
<pin id="99" dir="1" index="0" bw="1" slack="2147483647"/>
</pin_list>
<bind>
<StgValue><ssdm name="_ssdm_op_SpecPipeline"/></StgValue>
</bind>
</comp>

<comp id="100" class="1001" name="const_100">
<pin_list>
<pin id="101" dir="1" index="0" bw="1" slack="2147483647"/>
</pin_list>
<bind>
<StgValue><ssdm name=""/></StgValue>
</bind>
</comp>

<comp id="102" class="1001" name="const_102">
<pin_list>
<pin id="103" dir="1" index="0" bw="1" slack="2147483647"/>
</pin_list>
<bind>
<StgValue><ssdm name=""/></StgValue>
</bind>
</comp>

<comp id="104" class="1001" name="const_104">
<pin_list>
<pin id="105" dir="1" index="0" bw="1" slack="2147483647"/>
</pin_list>
<bind>
<StgValue><ssdm name="empty_3"/></StgValue>
</bind>
</comp>

<comp id="106" class="1004" name="j_fu_106">
<pin_list>
<pin id="107" dir="0" index="0" bw="1" slack="0"/>
<pin id="108" dir="1" index="1" bw="4" slack="0"/>
</pin_list>
<bind>
<opcode="alloca(26) " fcode="alloca"/>
<opset="j/1 "/>
</bind>
</comp>

<comp id="110" class="1004" name="i_fu_110">
<pin_list>
<pin id="111" dir="0" index="0" bw="1" slack="0"/>
<pin id="112" dir="1" index="1" bw="5" slack="0"/>
</pin_list>
<bind>
<opcode="alloca(26) " fcode="alloca"/>
<opset="i/1 "/>
</bind>
</comp>

<comp id="114" class="1004" name="indvar_flatten13_fu_114">
<pin_list>
<pin id="115" dir="0" index="0" bw="1" slack="0"/>
<pin id="116" dir="1" index="1" bw="8" slack="0"/>
</pin_list>
<bind>
<opcode="alloca(26) " fcode="alloca"/>
<opset="indvar_flatten13/1 "/>
</bind>
</comp>

<comp id="118" class="1004" name="buffer_c3_addr_gep_fu_118">
<pin_list>
<pin id="119" dir="0" index="0" bw="7" slack="0"/>
<pin id="120" dir="0" index="1" bw="1" slack="0"/>
<pin id="121" dir="0" index="2" bw="4" slack="0"/>
<pin id="122" dir="1" index="3" bw="4" slack="0"/>
</pin_list>
<bind>
<opcode="getelementptr(29) " fcode="getelementptr"/>
<opset="buffer_c3_addr/2 "/>
</bind>
</comp>

<comp id="125" class="1004" name="buffer_c3_1_addr_gep_fu_125">
<pin_list>
<pin id="126" dir="0" index="0" bw="7" slack="0"/>
<pin id="127" dir="0" index="1" bw="1" slack="0"/>
<pin id="128" dir="0" index="2" bw="4" slack="0"/>
<pin id="129" dir="1" index="3" bw="4" slack="0"/>
</pin_list>
<bind>
<opcode="getelementptr(29) " fcode="getelementptr"/>
<opset="buffer_c3_1_addr/2 "/>
</bind>
</comp>

<comp id="132" class="1004" name="buffer_c3_2_addr_gep_fu_132">
<pin_list>
<pin id="133" dir="0" index="0" bw="7" slack="0"/>
<pin id="134" dir="0" index="1" bw="1" slack="0"/>
<pin id="135" dir="0" index="2" bw="4" slack="0"/>
<pin id="136" dir="1" index="3" bw="4" slack="0"/>
</pin_list>
<bind>
<opcode="getelementptr(29) " fcode="getelementptr"/>
<opset="buffer_c3_2_addr/2 "/>
</bind>
</comp>

<comp id="139" class="1004" name="buffer_c3_3_addr_gep_fu_139">
<pin_list>
<pin id="140" dir="0" index="0" bw="7" slack="0"/>
<pin id="141" dir="0" index="1" bw="1" slack="0"/>
<pin id="142" dir="0" index="2" bw="4" slack="0"/>
<pin id="143" dir="1" index="3" bw="4" slack="0"/>
</pin_list>
<bind>
<opcode="getelementptr(29) " fcode="getelementptr"/>
<opset="buffer_c3_3_addr/2 "/>
</bind>
</comp>

<comp id="146" class="1004" name="buffer_c3_4_addr_gep_fu_146">
<pin_list>
<pin id="147" dir="0" index="0" bw="7" slack="0"/>
<pin id="148" dir="0" index="1" bw="1" slack="0"/>
<pin id="149" dir="0" index="2" bw="4" slack="0"/>
<pin id="150" dir="1" index="3" bw="4" slack="0"/>
</pin_list>
<bind>
<opcode="getelementptr(29) " fcode="getelementptr"/>
<opset="buffer_c3_4_addr/2 "/>
</bind>
</comp>

<comp id="153" class="1004" name="buffer_c3_5_addr_gep_fu_153">
<pin_list>
<pin id="154" dir="0" index="0" bw="7" slack="0"/>
<pin id="155" dir="0" index="1" bw="1" slack="0"/>
<pin id="156" dir="0" index="2" bw="4" slack="0"/>
<pin id="157" dir="1" index="3" bw="4" slack="0"/>
</pin_list>
<bind>
<opcode="getelementptr(29) " fcode="getelementptr"/>
<opset="buffer_c3_5_addr/2 "/>
</bind>
</comp>

<comp id="160" class="1004" name="buffer_c3_6_addr_gep_fu_160">
<pin_list>
<pin id="161" dir="0" index="0" bw="7" slack="0"/>
<pin id="162" dir="0" index="1" bw="1" slack="0"/>
<pin id="163" dir="0" index="2" bw="4" slack="0"/>
<pin id="164" dir="1" index="3" bw="4" slack="0"/>
</pin_list>
<bind>
<opcode="getelementptr(29) " fcode="getelementptr"/>
<opset="buffer_c3_6_addr/2 "/>
</bind>
</comp>

<comp id="167" class="1004" name="buffer_c3_7_addr_gep_fu_167">
<pin_list>
<pin id="168" dir="0" index="0" bw="7" slack="0"/>
<pin id="169" dir="0" index="1" bw="1" slack="0"/>
<pin id="170" dir="0" index="2" bw="4" slack="0"/>
<pin id="171" dir="1" index="3" bw="4" slack="0"/>
</pin_list>
<bind>
<opcode="getelementptr(29) " fcode="getelementptr"/>
<opset="buffer_c3_7_addr/2 "/>
</bind>
</comp>

<comp id="174" class="1004" name="buffer_c3_8_addr_gep_fu_174">
<pin_list>
<pin id="175" dir="0" index="0" bw="7" slack="0"/>
<pin id="176" dir="0" index="1" bw="1" slack="0"/>
<pin id="177" dir="0" index="2" bw="4" slack="0"/>
<pin id="178" dir="1" index="3" bw="4" slack="0"/>
</pin_list>
<bind>
<opcode="getelementptr(29) " fcode="getelementptr"/>
<opset="buffer_c3_8_addr/2 "/>
</bind>
</comp>

<comp id="181" class="1004" name="buffer_c3_9_addr_gep_fu_181">
<pin_list>
<pin id="182" dir="0" index="0" bw="7" slack="0"/>
<pin id="183" dir="0" index="1" bw="1" slack="0"/>
<pin id="184" dir="0" index="2" bw="4" slack="0"/>
<pin id="185" dir="1" index="3" bw="4" slack="0"/>
</pin_list>
<bind>
<opcode="getelementptr(29) " fcode="getelementptr"/>
<opset="buffer_c3_9_addr/2 "/>
</bind>
</comp>

<comp id="188" class="1004" name="buffer_c3_10_addr_gep_fu_188">
<pin_list>
<pin id="189" dir="0" index="0" bw="7" slack="0"/>
<pin id="190" dir="0" index="1" bw="1" slack="0"/>
<pin id="191" dir="0" index="2" bw="4" slack="0"/>
<pin id="192" dir="1" index="3" bw="4" slack="0"/>
</pin_list>
<bind>
<opcode="getelementptr(29) " fcode="getelementptr"/>
<opset="buffer_c3_10_addr/2 "/>
</bind>
</comp>

<comp id="195" class="1004" name="buffer_c3_11_addr_gep_fu_195">
<pin_list>
<pin id="196" dir="0" index="0" bw="7" slack="0"/>
<pin id="197" dir="0" index="1" bw="1" slack="0"/>
<pin id="198" dir="0" index="2" bw="4" slack="0"/>
<pin id="199" dir="1" index="3" bw="4" slack="0"/>
</pin_list>
<bind>
<opcode="getelementptr(29) " fcode="getelementptr"/>
<opset="buffer_c3_11_addr/2 "/>
</bind>
</comp>

<comp id="202" class="1004" name="buffer_c3_12_addr_gep_fu_202">
<pin_list>
<pin id="203" dir="0" index="0" bw="7" slack="0"/>
<pin id="204" dir="0" index="1" bw="1" slack="0"/>
<pin id="205" dir="0" index="2" bw="4" slack="0"/>
<pin id="206" dir="1" index="3" bw="4" slack="0"/>
</pin_list>
<bind>
<opcode="getelementptr(29) " fcode="getelementptr"/>
<opset="buffer_c3_12_addr/2 "/>
</bind>
</comp>

<comp id="209" class="1004" name="buffer_c3_13_addr_gep_fu_209">
<pin_list>
<pin id="210" dir="0" index="0" bw="7" slack="0"/>
<pin id="211" dir="0" index="1" bw="1" slack="0"/>
<pin id="212" dir="0" index="2" bw="4" slack="0"/>
<pin id="213" dir="1" index="3" bw="4" slack="0"/>
</pin_list>
<bind>
<opcode="getelementptr(29) " fcode="getelementptr"/>
<opset="buffer_c3_13_addr/2 "/>
</bind>
</comp>

<comp id="216" class="1004" name="buffer_c3_14_addr_gep_fu_216">
<pin_list>
<pin id="217" dir="0" index="0" bw="7" slack="0"/>
<pin id="218" dir="0" index="1" bw="1" slack="0"/>
<pin id="219" dir="0" index="2" bw="4" slack="0"/>
<pin id="220" dir="1" index="3" bw="4" slack="0"/>
</pin_list>
<bind>
<opcode="getelementptr(29) " fcode="getelementptr"/>
<opset="buffer_c3_14_addr/2 "/>
</bind>
</comp>

<comp id="223" class="1004" name="buffer_c3_15_addr_gep_fu_223">
<pin_list>
<pin id="224" dir="0" index="0" bw="7" slack="0"/>
<pin id="225" dir="0" index="1" bw="1" slack="0"/>
<pin id="226" dir="0" index="2" bw="4" slack="0"/>
<pin id="227" dir="1" index="3" bw="4" slack="0"/>
</pin_list>
<bind>
<opcode="getelementptr(29) " fcode="getelementptr"/>
<opset="buffer_c3_15_addr/2 "/>
</bind>
</comp>

<comp id="230" class="1004" name="grp_access_fu_230">
<pin_list>
<pin id="231" dir="0" index="0" bw="4" slack="0"/>
<pin id="232" dir="0" index="1" bw="7" slack="2147483647"/>
<pin id="233" dir="0" index="2" bw="0" slack="2147483647"/>
<pin id="234" dir="1" index="3" bw="7" slack="0"/>
</pin_list>
<bind>
<opcode="load(27) " fcode="load"/>
<opset="buffer_c3_load/2 "/>
</bind>
</comp>

<comp id="236" class="1004" name="grp_access_fu_236">
<pin_list>
<pin id="237" dir="0" index="0" bw="4" slack="0"/>
<pin id="238" dir="0" index="1" bw="7" slack="2147483647"/>
<pin id="239" dir="0" index="2" bw="0" slack="2147483647"/>
<pin id="240" dir="1" index="3" bw="7" slack="0"/>
</pin_list>
<bind>
<opcode="load(27) " fcode="load"/>
<opset="buffer_c3_1_load/2 "/>
</bind>
</comp>

<comp id="242" class="1004" name="grp_access_fu_242">
<pin_list>
<pin id="243" dir="0" index="0" bw="4" slack="0"/>
<pin id="244" dir="0" index="1" bw="7" slack="2147483647"/>
<pin id="245" dir="0" index="2" bw="0" slack="2147483647"/>
<pin id="246" dir="1" index="3" bw="7" slack="0"/>
</pin_list>
<bind>
<opcode="load(27) " fcode="load"/>
<opset="buffer_c3_2_load/2 "/>
</bind>
</comp>

<comp id="248" class="1004" name="grp_access_fu_248">
<pin_list>
<pin id="249" dir="0" index="0" bw="4" slack="0"/>
<pin id="250" dir="0" index="1" bw="7" slack="2147483647"/>
<pin id="251" dir="0" index="2" bw="0" slack="2147483647"/>
<pin id="252" dir="1" index="3" bw="7" slack="0"/>
</pin_list>
<bind>
<opcode="load(27) " fcode="load"/>
<opset="buffer_c3_3_load/2 "/>
</bind>
</comp>

<comp id="254" class="1004" name="grp_access_fu_254">
<pin_list>
<pin id="255" dir="0" index="0" bw="4" slack="0"/>
<pin id="256" dir="0" index="1" bw="7" slack="2147483647"/>
<pin id="257" dir="0" index="2" bw="0" slack="2147483647"/>
<pin id="258" dir="1" index="3" bw="7" slack="0"/>
</pin_list>
<bind>
<opcode="load(27) " fcode="load"/>
<opset="buffer_c3_4_load/2 "/>
</bind>
</comp>

<comp id="260" class="1004" name="grp_access_fu_260">
<pin_list>
<pin id="261" dir="0" index="0" bw="4" slack="0"/>
<pin id="262" dir="0" index="1" bw="7" slack="2147483647"/>
<pin id="263" dir="0" index="2" bw="0" slack="2147483647"/>
<pin id="264" dir="1" index="3" bw="7" slack="0"/>
</pin_list>
<bind>
<opcode="load(27) " fcode="load"/>
<opset="buffer_c3_5_load/2 "/>
</bind>
</comp>

<comp id="266" class="1004" name="grp_access_fu_266">
<pin_list>
<pin id="267" dir="0" index="0" bw="4" slack="0"/>
<pin id="268" dir="0" index="1" bw="7" slack="2147483647"/>
<pin id="269" dir="0" index="2" bw="0" slack="2147483647"/>
<pin id="270" dir="1" index="3" bw="7" slack="0"/>
</pin_list>
<bind>
<opcode="load(27) " fcode="load"/>
<opset="buffer_c3_6_load/2 "/>
</bind>
</comp>

<comp id="272" class="1004" name="grp_access_fu_272">
<pin_list>
<pin id="273" dir="0" index="0" bw="4" slack="0"/>
<pin id="274" dir="0" index="1" bw="7" slack="2147483647"/>
<pin id="275" dir="0" index="2" bw="0" slack="2147483647"/>
<pin id="276" dir="1" index="3" bw="7" slack="0"/>
</pin_list>
<bind>
<opcode="load(27) " fcode="load"/>
<opset="buffer_c3_7_load/2 "/>
</bind>
</comp>

<comp id="278" class="1004" name="grp_access_fu_278">
<pin_list>
<pin id="279" dir="0" index="0" bw="4" slack="0"/>
<pin id="280" dir="0" index="1" bw="7" slack="2147483647"/>
<pin id="281" dir="0" index="2" bw="0" slack="2147483647"/>
<pin id="282" dir="1" index="3" bw="7" slack="0"/>
</pin_list>
<bind>
<opcode="load(27) " fcode="load"/>
<opset="buffer_c3_8_load/2 "/>
</bind>
</comp>

<comp id="284" class="1004" name="grp_access_fu_284">
<pin_list>
<pin id="285" dir="0" index="0" bw="4" slack="0"/>
<pin id="286" dir="0" index="1" bw="7" slack="2147483647"/>
<pin id="287" dir="0" index="2" bw="0" slack="2147483647"/>
<pin id="288" dir="1" index="3" bw="7" slack="0"/>
</pin_list>
<bind>
<opcode="load(27) " fcode="load"/>
<opset="buffer_c3_9_load/2 "/>
</bind>
</comp>

<comp id="290" class="1004" name="grp_access_fu_290">
<pin_list>
<pin id="291" dir="0" index="0" bw="4" slack="0"/>
<pin id="292" dir="0" index="1" bw="7" slack="2147483647"/>
<pin id="293" dir="0" index="2" bw="0" slack="2147483647"/>
<pin id="294" dir="1" index="3" bw="7" slack="0"/>
</pin_list>
<bind>
<opcode="load(27) " fcode="load"/>
<opset="buffer_c3_10_load/2 "/>
</bind>
</comp>

<comp id="296" class="1004" name="grp_access_fu_296">
<pin_list>
<pin id="297" dir="0" index="0" bw="4" slack="0"/>
<pin id="298" dir="0" index="1" bw="7" slack="2147483647"/>
<pin id="299" dir="0" index="2" bw="0" slack="2147483647"/>
<pin id="300" dir="1" index="3" bw="7" slack="0"/>
</pin_list>
<bind>
<opcode="load(27) " fcode="load"/>
<opset="buffer_c3_11_load/2 "/>
</bind>
</comp>

<comp id="302" class="1004" name="grp_access_fu_302">
<pin_list>
<pin id="303" dir="0" index="0" bw="4" slack="0"/>
<pin id="304" dir="0" index="1" bw="7" slack="2147483647"/>
<pin id="305" dir="0" index="2" bw="0" slack="2147483647"/>
<pin id="306" dir="1" index="3" bw="7" slack="0"/>
</pin_list>
<bind>
<opcode="load(27) " fcode="load"/>
<opset="buffer_c3_12_load/2 "/>
</bind>
</comp>

<comp id="308" class="1004" name="grp_access_fu_308">
<pin_list>
<pin id="309" dir="0" index="0" bw="4" slack="0"/>
<pin id="310" dir="0" index="1" bw="7" slack="2147483647"/>
<pin id="311" dir="0" index="2" bw="0" slack="2147483647"/>
<pin id="312" dir="1" index="3" bw="7" slack="0"/>
</pin_list>
<bind>
<opcode="load(27) " fcode="load"/>
<opset="buffer_c3_13_load/2 "/>
</bind>
</comp>

<comp id="314" class="1004" name="grp_access_fu_314">
<pin_list>
<pin id="315" dir="0" index="0" bw="4" slack="0"/>
<pin id="316" dir="0" index="1" bw="7" slack="2147483647"/>
<pin id="317" dir="0" index="2" bw="0" slack="2147483647"/>
<pin id="318" dir="1" index="3" bw="7" slack="0"/>
</pin_list>
<bind>
<opcode="load(27) " fcode="load"/>
<opset="buffer_c3_14_load/2 "/>
</bind>
</comp>

<comp id="320" class="1004" name="grp_access_fu_320">
<pin_list>
<pin id="321" dir="0" index="0" bw="4" slack="0"/>
<pin id="322" dir="0" index="1" bw="7" slack="2147483647"/>
<pin id="323" dir="0" index="2" bw="0" slack="2147483647"/>
<pin id="324" dir="1" index="3" bw="7" slack="0"/>
</pin_list>
<bind>
<opcode="load(27) " fcode="load"/>
<opset="buffer_c3_15_load/2 "/>
</bind>
</comp>

<comp id="326" class="1004" name="flatten_addr_gep_fu_326">
<pin_list>
<pin id="327" dir="0" index="0" bw="7" slack="0"/>
<pin id="328" dir="0" index="1" bw="1" slack="0"/>
<pin id="329" dir="0" index="2" bw="8" slack="0"/>
<pin id="330" dir="1" index="3" bw="8" slack="0"/>
</pin_list>
<bind>
<opcode="getelementptr(29) " fcode="getelementptr"/>
<opset="flatten_addr/4 "/>
</bind>
</comp>

<comp id="333" class="1004" name="store_ln141_access_fu_333">
<pin_list>
<pin id="334" dir="0" index="0" bw="8" slack="0"/>
<pin id="335" dir="0" index="1" bw="7" slack="1"/>
<pin id="336" dir="0" index="2" bw="0" slack="2147483647"/>
<pin id="337" dir="1" index="3" bw="7" slack="2147483647"/>
</pin_list>
<bind>
<opcode="store(28) " fcode="store"/>
<opset="store_ln141/4 "/>
</bind>
</comp>

<comp id="339" class="1004" name="store_ln0_store_fu_339">
<pin_list>
<pin id="340" dir="0" index="0" bw="1" slack="0"/>
<pin id="341" dir="0" index="1" bw="8" slack="0"/>
<pin id="342" dir="1" index="2" bw="0" slack="2147483647"/>
</pin_list>
<bind>
<opcode="store(28) " fcode="store"/>
<opset="store_ln0/1 "/>
</bind>
</comp>

<comp id="344" class="1004" name="store_ln138_store_fu_344">
<pin_list>
<pin id="345" dir="0" index="0" bw="1" slack="0"/>
<pin id="346" dir="0" index="1" bw="5" slack="0"/>
<pin id="347" dir="1" index="2" bw="0" slack="2147483647"/>
</pin_list>
<bind>
<opcode="store(28) " fcode="store"/>
<opset="store_ln138/1 "/>
</bind>
</comp>

<comp id="349" class="1004" name="store_ln139_store_fu_349">
<pin_list>
<pin id="350" dir="0" index="0" bw="1" slack="0"/>
<pin id="351" dir="0" index="1" bw="4" slack="0"/>
<pin id="352" dir="1" index="2" bw="0" slack="2147483647"/>
</pin_list>
<bind>
<opcode="store(28) " fcode="store"/>
<opset="store_ln139/1 "/>
</bind>
</comp>

<comp id="354" class="1004" name="indvar_flatten13_load_load_fu_354">
<pin_list>
<pin id="355" dir="0" index="0" bw="8" slack="0"/>
<pin id="356" dir="1" index="1" bw="8" slack="0"/>
</pin_list>
<bind>
<opcode="load(27) " fcode="load"/>
<opset="indvar_flatten13_load/1 "/>
</bind>
</comp>

<comp id="357" class="1004" name="icmp_ln138_fu_357">
<pin_list>
<pin id="358" dir="0" index="0" bw="8" slack="0"/>
<pin id="359" dir="0" index="1" bw="8" slack="0"/>
<pin id="360" dir="1" index="2" bw="1" slack="2"/>
</pin_list>
<bind>
<opcode="icmp(45) " fcode="icmp"/>
<opset="icmp_ln138/1 "/>
</bind>
</comp>

<comp id="363" class="1004" name="add_ln138_fu_363">
<pin_list>
<pin id="364" dir="0" index="0" bw="8" slack="0"/>
<pin id="365" dir="0" index="1" bw="1" slack="0"/>
<pin id="366" dir="1" index="2" bw="8" slack="0"/>
</pin_list>
<bind>
<opcode="add(8) " fcode="add"/>
<opset="add_ln138/1 "/>
</bind>
</comp>

<comp id="369" class="1004" name="store_ln138_store_fu_369">
<pin_list>
<pin id="370" dir="0" index="0" bw="8" slack="0"/>
<pin id="371" dir="0" index="1" bw="8" slack="0"/>
<pin id="372" dir="1" index="2" bw="0" slack="2147483647"/>
</pin_list>
<bind>
<opcode="store(28) " fcode="store"/>
<opset="store_ln138/1 "/>
</bind>
</comp>

<comp id="374" class="1004" name="j_load_load_fu_374">
<pin_list>
<pin id="375" dir="0" index="0" bw="4" slack="1"/>
<pin id="376" dir="1" index="1" bw="4" slack="0"/>
</pin_list>
<bind>
<opcode="load(27) " fcode="load"/>
<opset="j_load/2 "/>
</bind>
</comp>

<comp id="377" class="1004" name="icmp_ln139_fu_377">
<pin_list>
<pin id="378" dir="0" index="0" bw="4" slack="0"/>
<pin id="379" dir="0" index="1" bw="4" slack="0"/>
<pin id="380" dir="1" index="2" bw="1" slack="0"/>
</pin_list>
<bind>
<opcode="icmp(45) " fcode="icmp"/>
<opset="icmp_ln139/2 "/>
</bind>
</comp>

<comp id="383" class="1004" name="select_ln138_fu_383">
<pin_list>
<pin id="384" dir="0" index="0" bw="1" slack="0"/>
<pin id="385" dir="0" index="1" bw="4" slack="0"/>
<pin id="386" dir="0" index="2" bw="4" slack="0"/>
<pin id="387" dir="1" index="3" bw="4" slack="0"/>
</pin_list>
<bind>
<opcode="select(49) " fcode="select"/>
<opset="select_ln138/2 "/>
</bind>
</comp>

<comp id="391" class="1004" name="zext_ln139_1_fu_391">
<pin_list>
<pin id="392" dir="0" index="0" bw="4" slack="0"/>
<pin id="393" dir="1" index="1" bw="64" slack="0"/>
</pin_list>
<bind>
<opcode="zext(34) " fcode="zext"/>
<opset="zext_ln139_1/2 "/>
</bind>
</comp>

<comp id="411" class="1004" name="add_ln139_fu_411">
<pin_list>
<pin id="412" dir="0" index="0" bw="4" slack="0"/>
<pin id="413" dir="0" index="1" bw="1" slack="0"/>
<pin id="414" dir="1" index="2" bw="4" slack="0"/>
</pin_list>
<bind>
<opcode="add(8) " fcode="add"/>
<opset="add_ln139/2 "/>
</bind>
</comp>

<comp id="417" class="1004" name="store_ln139_store_fu_417">
<pin_list>
<pin id="418" dir="0" index="0" bw="4" slack="0"/>
<pin id="419" dir="0" index="1" bw="4" slack="1"/>
<pin id="420" dir="1" index="2" bw="0" slack="2147483647"/>
</pin_list>
<bind>
<opcode="store(28) " fcode="store"/>
<opset="store_ln139/2 "/>
</bind>
</comp>

<comp id="422" class="1004" name="i_load_load_fu_422">
<pin_list>
<pin id="423" dir="0" index="0" bw="5" slack="2"/>
<pin id="424" dir="1" index="1" bw="5" slack="0"/>
</pin_list>
<bind>
<opcode="load(27) " fcode="load"/>
<opset="i_load/3 "/>
</bind>
</comp>

<comp id="425" class="1004" name="empty_fu_425">
<pin_list>
<pin id="426" dir="0" index="0" bw="1" slack="1"/>
<pin id="427" dir="0" index="1" bw="5" slack="0"/>
<pin id="428" dir="0" index="2" bw="5" slack="0"/>
<pin id="429" dir="1" index="3" bw="5" slack="0"/>
</pin_list>
<bind>
<opcode="select(49) " fcode="select"/>
<opset="empty/3 "/>
</bind>
</comp>

<comp id="432" class="1004" name="add_ln138_1_fu_432">
<pin_list>
<pin id="433" dir="0" index="0" bw="5" slack="0"/>
<pin id="434" dir="0" index="1" bw="1" slack="0"/>
<pin id="435" dir="1" index="2" bw="5" slack="0"/>
</pin_list>
<bind>
<opcode="add(8) " fcode="add"/>
<opset="add_ln138_1/3 "/>
</bind>
</comp>

<comp id="438" class="1004" name="trunc_ln138_fu_438">
<pin_list>
<pin id="439" dir="0" index="0" bw="5" slack="0"/>
<pin id="440" dir="1" index="1" bw="4" slack="0"/>
</pin_list>
<bind>
<opcode="trunc(33) " fcode="trunc"/>
<opset="trunc_ln138/3 "/>
</bind>
</comp>

<comp id="442" class="1004" name="p_shl_fu_442">
<pin_list>
<pin id="443" dir="0" index="0" bw="8" slack="0"/>
<pin id="444" dir="0" index="1" bw="4" slack="0"/>
<pin id="445" dir="0" index="2" bw="1" slack="0"/>
<pin id="446" dir="1" index="3" bw="8" slack="0"/>
</pin_list>
<bind>
<opcode="bitconcatenate(1004) " fcode="bitconcatenate"/>
<opset="p_shl/3 "/>
</bind>
</comp>

<comp id="450" class="1004" name="tmp_fu_450">
<pin_list>
<pin id="451" dir="0" index="0" bw="7" slack="0"/>
<pin id="452" dir="0" index="1" bw="5" slack="0"/>
<pin id="453" dir="0" index="2" bw="1" slack="0"/>
<pin id="454" dir="1" index="3" bw="7" slack="0"/>
</pin_list>
<bind>
<opcode="bitconcatenate(1004) " fcode="bitconcatenate"/>
<opset="tmp/3 "/>
</bind>
</comp>

<comp id="458" class="1004" name="zext_ln139_fu_458">
<pin_list>
<pin id="459" dir="0" index="0" bw="7" slack="0"/>
<pin id="460" dir="1" index="1" bw="8" slack="0"/>
</pin_list>
<bind>
<opcode="zext(34) " fcode="zext"/>
<opset="zext_ln139/3 "/>
</bind>
</comp>

<comp id="462" class="1004" name="sub_ln139_fu_462">
<pin_list>
<pin id="463" dir="0" index="0" bw="8" slack="0"/>
<pin id="464" dir="0" index="1" bw="7" slack="0"/>
<pin id="465" dir="1" index="2" bw="8" slack="0"/>
</pin_list>
<bind>
<opcode="sub(10) " fcode="sub"/>
<opset="sub_ln139/3 "/>
</bind>
</comp>

<comp id="468" class="1004" name="zext_ln139_2_fu_468">
<pin_list>
<pin id="469" dir="0" index="0" bw="4" slack="1"/>
<pin id="470" dir="1" index="1" bw="8" slack="0"/>
</pin_list>
<bind>
<opcode="zext(34) " fcode="zext"/>
<opset="zext_ln139_2/3 "/>
</bind>
</comp>

<comp id="471" class="1004" name="tmp_s_fu_471">
<pin_list>
<pin id="472" dir="0" index="0" bw="7" slack="0"/>
<pin id="473" dir="0" index="1" bw="4" slack="0"/>
<pin id="474" dir="0" index="2" bw="7" slack="0"/>
<pin id="475" dir="0" index="3" bw="4" slack="0"/>
<pin id="476" dir="0" index="4" bw="7" slack="0"/>
<pin id="477" dir="0" index="5" bw="4" slack="0"/>
<pin id="478" dir="0" index="6" bw="7" slack="0"/>
<pin id="479" dir="0" index="7" bw="4" slack="0"/>
<pin id="480" dir="0" index="8" bw="7" slack="0"/>
<pin id="481" dir="0" index="9" bw="4" slack="0"/>
<pin id="482" dir="0" index="10" bw="7" slack="0"/>
<pin id="483" dir="0" index="11" bw="4" slack="0"/>
<pin id="484" dir="0" index="12" bw="7" slack="0"/>
<pin id="485" dir="0" index="13" bw="4" slack="0"/>
<pin id="486" dir="0" index="14" bw="7" slack="0"/>
<pin id="487" dir="0" index="15" bw="4" slack="0"/>
<pin id="488" dir="0" index="16" bw="7" slack="0"/>
<pin id="489" dir="0" index="17" bw="4" slack="0"/>
<pin id="490" dir="0" index="18" bw="7" slack="0"/>
<pin id="491" dir="0" index="19" bw="4" slack="0"/>
<pin id="492" dir="0" index="20" bw="7" slack="0"/>
<pin id="493" dir="0" index="21" bw="4" slack="0"/>
<pin id="494" dir="0" index="22" bw="7" slack="0"/>
<pin id="495" dir="0" index="23" bw="4" slack="0"/>
<pin id="496" dir="0" index="24" bw="7" slack="0"/>
<pin id="497" dir="0" index="25" bw="4" slack="0"/>
<pin id="498" dir="0" index="26" bw="7" slack="0"/>
<pin id="499" dir="0" index="27" bw="4" slack="0"/>
<pin id="500" dir="0" index="28" bw="7" slack="0"/>
<pin id="501" dir="0" index="29" bw="4" slack="0"/>
<pin id="502" dir="0" index="30" bw="7" slack="0"/>
<pin id="503" dir="0" index="31" bw="4" slack="0"/>
<pin id="504" dir="0" index="32" bw="7" slack="0"/>
<pin id="505" dir="0" index="33" bw="7" slack="0"/>
<pin id="506" dir="0" index="34" bw="4" slack="0"/>
<pin id="507" dir="1" index="35" bw="7" slack="1"/>
</pin_list>
<bind>
<opcode="sparsemux(1197) " fcode="sparsemux"/>
<opset="tmp_s/3 "/>
</bind>
</comp>

<comp id="543" class="1004" name="add_ln141_fu_543">
<pin_list>
<pin id="544" dir="0" index="0" bw="4" slack="0"/>
<pin id="545" dir="0" index="1" bw="8" slack="0"/>
<pin id="546" dir="1" index="2" bw="8" slack="1"/>
</pin_list>
<bind>
<opcode="add(8) " fcode="add"/>
<opset="add_ln141/3 "/>
</bind>
</comp>

<comp id="549" class="1004" name="store_ln138_store_fu_549">
<pin_list>
<pin id="550" dir="0" index="0" bw="5" slack="0"/>
<pin id="551" dir="0" index="1" bw="5" slack="2"/>
<pin id="552" dir="1" index="2" bw="0" slack="2147483647"/>
</pin_list>
<bind>
<opcode="store(28) " fcode="store"/>
<opset="store_ln138/3 "/>
</bind>
</comp>

<comp id="554" class="1004" name="zext_ln141_fu_554">
<pin_list>
<pin id="555" dir="0" index="0" bw="8" slack="1"/>
<pin id="556" dir="1" index="1" bw="64" slack="0"/>
</pin_list>
<bind>
<opcode="zext(34) " fcode="zext"/>
<opset="zext_ln141/4 "/>
</bind>
</comp>

<comp id="558" class="1005" name="j_reg_558">
<pin_list>
<pin id="559" dir="0" index="0" bw="4" slack="0"/>
<pin id="560" dir="1" index="1" bw="4" slack="0"/>
</pin_list>
<bind>
<opset="j "/>
</bind>
</comp>

<comp id="565" class="1005" name="i_reg_565">
<pin_list>
<pin id="566" dir="0" index="0" bw="5" slack="0"/>
<pin id="567" dir="1" index="1" bw="5" slack="0"/>
</pin_list>
<bind>
<opset="i "/>
</bind>
</comp>

<comp id="572" class="1005" name="indvar_flatten13_reg_572">
<pin_list>
<pin id="573" dir="0" index="0" bw="8" slack="0"/>
<pin id="574" dir="1" index="1" bw="8" slack="0"/>
</pin_list>
<bind>
<opset="indvar_flatten13 "/>
</bind>
</comp>

<comp id="579" class="1005" name="icmp_ln138_reg_579">
<pin_list>
<pin id="580" dir="0" index="0" bw="1" slack="2"/>
<pin id="581" dir="1" index="1" bw="1" slack="2147483647"/>
</pin_list>
<bind>
<opset="icmp_ln138 "/>
</bind>
</comp>

<comp id="583" class="1005" name="icmp_ln139_reg_583">
<pin_list>
<pin id="584" dir="0" index="0" bw="1" slack="1"/>
<pin id="585" dir="1" index="1" bw="1" slack="1"/>
</pin_list>
<bind>
<opset="icmp_ln139 "/>
</bind>
</comp>

<comp id="588" class="1005" name="select_ln138_reg_588">
<pin_list>
<pin id="589" dir="0" index="0" bw="4" slack="1"/>
<pin id="590" dir="1" index="1" bw="4" slack="1"/>
</pin_list>
<bind>
<opset="select_ln138 "/>
</bind>
</comp>

<comp id="593" class="1005" name="buffer_c3_addr_reg_593">
<pin_list>
<pin id="594" dir="0" index="0" bw="4" slack="1"/>
<pin id="595" dir="1" index="1" bw="4" slack="1"/>
</pin_list>
<bind>
<opset="buffer_c3_addr "/>
</bind>
</comp>

<comp id="598" class="1005" name="buffer_c3_1_addr_reg_598">
<pin_list>
<pin id="599" dir="0" index="0" bw="4" slack="1"/>
<pin id="600" dir="1" index="1" bw="4" slack="1"/>
</pin_list>
<bind>
<opset="buffer_c3_1_addr "/>
</bind>
</comp>

<comp id="603" class="1005" name="buffer_c3_2_addr_reg_603">
<pin_list>
<pin id="604" dir="0" index="0" bw="4" slack="1"/>
<pin id="605" dir="1" index="1" bw="4" slack="1"/>
</pin_list>
<bind>
<opset="buffer_c3_2_addr "/>
</bind>
</comp>

<comp id="608" class="1005" name="buffer_c3_3_addr_reg_608">
<pin_list>
<pin id="609" dir="0" index="0" bw="4" slack="1"/>
<pin id="610" dir="1" index="1" bw="4" slack="1"/>
</pin_list>
<bind>
<opset="buffer_c3_3_addr "/>
</bind>
</comp>

<comp id="613" class="1005" name="buffer_c3_4_addr_reg_613">
<pin_list>
<pin id="614" dir="0" index="0" bw="4" slack="1"/>
<pin id="615" dir="1" index="1" bw="4" slack="1"/>
</pin_list>
<bind>
<opset="buffer_c3_4_addr "/>
</bind>
</comp>

<comp id="618" class="1005" name="buffer_c3_5_addr_reg_618">
<pin_list>
<pin id="619" dir="0" index="0" bw="4" slack="1"/>
<pin id="620" dir="1" index="1" bw="4" slack="1"/>
</pin_list>
<bind>
<opset="buffer_c3_5_addr "/>
</bind>
</comp>

<comp id="623" class="1005" name="buffer_c3_6_addr_reg_623">
<pin_list>
<pin id="624" dir="0" index="0" bw="4" slack="1"/>
<pin id="625" dir="1" index="1" bw="4" slack="1"/>
</pin_list>
<bind>
<opset="buffer_c3_6_addr "/>
</bind>
</comp>

<comp id="628" class="1005" name="buffer_c3_7_addr_reg_628">
<pin_list>
<pin id="629" dir="0" index="0" bw="4" slack="1"/>
<pin id="630" dir="1" index="1" bw="4" slack="1"/>
</pin_list>
<bind>
<opset="buffer_c3_7_addr "/>
</bind>
</comp>

<comp id="633" class="1005" name="buffer_c3_8_addr_reg_633">
<pin_list>
<pin id="634" dir="0" index="0" bw="4" slack="1"/>
<pin id="635" dir="1" index="1" bw="4" slack="1"/>
</pin_list>
<bind>
<opset="buffer_c3_8_addr "/>
</bind>
</comp>

<comp id="638" class="1005" name="buffer_c3_9_addr_reg_638">
<pin_list>
<pin id="639" dir="0" index="0" bw="4" slack="1"/>
<pin id="640" dir="1" index="1" bw="4" slack="1"/>
</pin_list>
<bind>
<opset="buffer_c3_9_addr "/>
</bind>
</comp>

<comp id="643" class="1005" name="buffer_c3_10_addr_reg_643">
<pin_list>
<pin id="644" dir="0" index="0" bw="4" slack="1"/>
<pin id="645" dir="1" index="1" bw="4" slack="1"/>
</pin_list>
<bind>
<opset="buffer_c3_10_addr "/>
</bind>
</comp>

<comp id="648" class="1005" name="buffer_c3_11_addr_reg_648">
<pin_list>
<pin id="649" dir="0" index="0" bw="4" slack="1"/>
<pin id="650" dir="1" index="1" bw="4" slack="1"/>
</pin_list>
<bind>
<opset="buffer_c3_11_addr "/>
</bind>
</comp>

<comp id="653" class="1005" name="buffer_c3_12_addr_reg_653">
<pin_list>
<pin id="654" dir="0" index="0" bw="4" slack="1"/>
<pin id="655" dir="1" index="1" bw="4" slack="1"/>
</pin_list>
<bind>
<opset="buffer_c3_12_addr "/>
</bind>
</comp>

<comp id="658" class="1005" name="buffer_c3_13_addr_reg_658">
<pin_list>
<pin id="659" dir="0" index="0" bw="4" slack="1"/>
<pin id="660" dir="1" index="1" bw="4" slack="1"/>
</pin_list>
<bind>
<opset="buffer_c3_13_addr "/>
</bind>
</comp>

<comp id="663" class="1005" name="buffer_c3_14_addr_reg_663">
<pin_list>
<pin id="664" dir="0" index="0" bw="4" slack="1"/>
<pin id="665" dir="1" index="1" bw="4" slack="1"/>
</pin_list>
<bind>
<opset="buffer_c3_14_addr "/>
</bind>
</comp>

<comp id="668" class="1005" name="buffer_c3_15_addr_reg_668">
<pin_list>
<pin id="669" dir="0" index="0" bw="4" slack="1"/>
<pin id="670" dir="1" index="1" bw="4" slack="1"/>
</pin_list>
<bind>
<opset="buffer_c3_15_addr "/>
</bind>
</comp>

<comp id="673" class="1005" name="tmp_s_reg_673">
<pin_list>
<pin id="674" dir="0" index="0" bw="7" slack="1"/>
<pin id="675" dir="1" index="1" bw="7" slack="1"/>
</pin_list>
<bind>
<opset="tmp_s "/>
</bind>
</comp>

<comp id="678" class="1005" name="add_ln141_reg_678">
<pin_list>
<pin id="679" dir="0" index="0" bw="8" slack="1"/>
<pin id="680" dir="1" index="1" bw="8" slack="1"/>
</pin_list>
<bind>
<opset="add_ln141 "/>
</bind>
</comp>

</comp_list>

<net_list>
<net id="109"><net_src comp="34" pin="0"/><net_sink comp="106" pin=0"/></net>

<net id="113"><net_src comp="34" pin="0"/><net_sink comp="110" pin=0"/></net>

<net id="117"><net_src comp="34" pin="0"/><net_sink comp="114" pin=0"/></net>

<net id="123"><net_src comp="0" pin="0"/><net_sink comp="118" pin=0"/></net>

<net id="124"><net_src comp="48" pin="0"/><net_sink comp="118" pin=1"/></net>

<net id="130"><net_src comp="2" pin="0"/><net_sink comp="125" pin=0"/></net>

<net id="131"><net_src comp="48" pin="0"/><net_sink comp="125" pin=1"/></net>

<net id="137"><net_src comp="4" pin="0"/><net_sink comp="132" pin=0"/></net>

<net id="138"><net_src comp="48" pin="0"/><net_sink comp="132" pin=1"/></net>

<net id="144"><net_src comp="6" pin="0"/><net_sink comp="139" pin=0"/></net>

<net id="145"><net_src comp="48" pin="0"/><net_sink comp="139" pin=1"/></net>

<net id="151"><net_src comp="8" pin="0"/><net_sink comp="146" pin=0"/></net>

<net id="152"><net_src comp="48" pin="0"/><net_sink comp="146" pin=1"/></net>

<net id="158"><net_src comp="10" pin="0"/><net_sink comp="153" pin=0"/></net>

<net id="159"><net_src comp="48" pin="0"/><net_sink comp="153" pin=1"/></net>

<net id="165"><net_src comp="12" pin="0"/><net_sink comp="160" pin=0"/></net>

<net id="166"><net_src comp="48" pin="0"/><net_sink comp="160" pin=1"/></net>

<net id="172"><net_src comp="14" pin="0"/><net_sink comp="167" pin=0"/></net>

<net id="173"><net_src comp="48" pin="0"/><net_sink comp="167" pin=1"/></net>

<net id="179"><net_src comp="16" pin="0"/><net_sink comp="174" pin=0"/></net>

<net id="180"><net_src comp="48" pin="0"/><net_sink comp="174" pin=1"/></net>

<net id="186"><net_src comp="18" pin="0"/><net_sink comp="181" pin=0"/></net>

<net id="187"><net_src comp="48" pin="0"/><net_sink comp="181" pin=1"/></net>

<net id="193"><net_src comp="20" pin="0"/><net_sink comp="188" pin=0"/></net>

<net id="194"><net_src comp="48" pin="0"/><net_sink comp="188" pin=1"/></net>

<net id="200"><net_src comp="22" pin="0"/><net_sink comp="195" pin=0"/></net>

<net id="201"><net_src comp="48" pin="0"/><net_sink comp="195" pin=1"/></net>

<net id="207"><net_src comp="24" pin="0"/><net_sink comp="202" pin=0"/></net>

<net id="208"><net_src comp="48" pin="0"/><net_sink comp="202" pin=1"/></net>

<net id="214"><net_src comp="26" pin="0"/><net_sink comp="209" pin=0"/></net>

<net id="215"><net_src comp="48" pin="0"/><net_sink comp="209" pin=1"/></net>

<net id="221"><net_src comp="28" pin="0"/><net_sink comp="216" pin=0"/></net>

<net id="222"><net_src comp="48" pin="0"/><net_sink comp="216" pin=1"/></net>

<net id="228"><net_src comp="30" pin="0"/><net_sink comp="223" pin=0"/></net>

<net id="229"><net_src comp="48" pin="0"/><net_sink comp="223" pin=1"/></net>

<net id="235"><net_src comp="118" pin="3"/><net_sink comp="230" pin=0"/></net>

<net id="241"><net_src comp="125" pin="3"/><net_sink comp="236" pin=0"/></net>

<net id="247"><net_src comp="132" pin="3"/><net_sink comp="242" pin=0"/></net>

<net id="253"><net_src comp="139" pin="3"/><net_sink comp="248" pin=0"/></net>

<net id="259"><net_src comp="146" pin="3"/><net_sink comp="254" pin=0"/></net>

<net id="265"><net_src comp="153" pin="3"/><net_sink comp="260" pin=0"/></net>

<net id="271"><net_src comp="160" pin="3"/><net_sink comp="266" pin=0"/></net>

<net id="277"><net_src comp="167" pin="3"/><net_sink comp="272" pin=0"/></net>

<net id="283"><net_src comp="174" pin="3"/><net_sink comp="278" pin=0"/></net>

<net id="289"><net_src comp="181" pin="3"/><net_sink comp="284" pin=0"/></net>

<net id="295"><net_src comp="188" pin="3"/><net_sink comp="290" pin=0"/></net>

<net id="301"><net_src comp="195" pin="3"/><net_sink comp="296" pin=0"/></net>

<net id="307"><net_src comp="202" pin="3"/><net_sink comp="302" pin=0"/></net>

<net id="313"><net_src comp="209" pin="3"/><net_sink comp="308" pin=0"/></net>

<net id="319"><net_src comp="216" pin="3"/><net_sink comp="314" pin=0"/></net>

<net id="325"><net_src comp="223" pin="3"/><net_sink comp="320" pin=0"/></net>

<net id="331"><net_src comp="32" pin="0"/><net_sink comp="326" pin=0"/></net>

<net id="332"><net_src comp="48" pin="0"/><net_sink comp="326" pin=1"/></net>

<net id="338"><net_src comp="326" pin="3"/><net_sink comp="333" pin=0"/></net>

<net id="343"><net_src comp="36" pin="0"/><net_sink comp="339" pin=0"/></net>

<net id="348"><net_src comp="38" pin="0"/><net_sink comp="344" pin=0"/></net>

<net id="353"><net_src comp="40" pin="0"/><net_sink comp="349" pin=0"/></net>

<net id="361"><net_src comp="354" pin="1"/><net_sink comp="357" pin=0"/></net>

<net id="362"><net_src comp="42" pin="0"/><net_sink comp="357" pin=1"/></net>

<net id="367"><net_src comp="354" pin="1"/><net_sink comp="363" pin=0"/></net>

<net id="368"><net_src comp="44" pin="0"/><net_sink comp="363" pin=1"/></net>

<net id="373"><net_src comp="363" pin="2"/><net_sink comp="369" pin=0"/></net>

<net id="381"><net_src comp="374" pin="1"/><net_sink comp="377" pin=0"/></net>

<net id="382"><net_src comp="46" pin="0"/><net_sink comp="377" pin=1"/></net>

<net id="388"><net_src comp="377" pin="2"/><net_sink comp="383" pin=0"/></net>

<net id="389"><net_src comp="40" pin="0"/><net_sink comp="383" pin=1"/></net>

<net id="390"><net_src comp="374" pin="1"/><net_sink comp="383" pin=2"/></net>

<net id="394"><net_src comp="383" pin="3"/><net_sink comp="391" pin=0"/></net>

<net id="395"><net_src comp="391" pin="1"/><net_sink comp="118" pin=2"/></net>

<net id="396"><net_src comp="391" pin="1"/><net_sink comp="125" pin=2"/></net>

<net id="397"><net_src comp="391" pin="1"/><net_sink comp="132" pin=2"/></net>

<net id="398"><net_src comp="391" pin="1"/><net_sink comp="139" pin=2"/></net>

<net id="399"><net_src comp="391" pin="1"/><net_sink comp="146" pin=2"/></net>

<net id="400"><net_src comp="391" pin="1"/><net_sink comp="153" pin=2"/></net>

<net id="401"><net_src comp="391" pin="1"/><net_sink comp="160" pin=2"/></net>

<net id="402"><net_src comp="391" pin="1"/><net_sink comp="167" pin=2"/></net>

<net id="403"><net_src comp="391" pin="1"/><net_sink comp="174" pin=2"/></net>

<net id="404"><net_src comp="391" pin="1"/><net_sink comp="181" pin=2"/></net>

<net id="405"><net_src comp="391" pin="1"/><net_sink comp="188" pin=2"/></net>

<net id="406"><net_src comp="391" pin="1"/><net_sink comp="195" pin=2"/></net>

<net id="407"><net_src comp="391" pin="1"/><net_sink comp="202" pin=2"/></net>

<net id="408"><net_src comp="391" pin="1"/><net_sink comp="209" pin=2"/></net>

<net id="409"><net_src comp="391" pin="1"/><net_sink comp="216" pin=2"/></net>

<net id="410"><net_src comp="391" pin="1"/><net_sink comp="223" pin=2"/></net>

<net id="415"><net_src comp="383" pin="3"/><net_sink comp="411" pin=0"/></net>

<net id="416"><net_src comp="50" pin="0"/><net_sink comp="411" pin=1"/></net>

<net id="421"><net_src comp="411" pin="2"/><net_sink comp="417" pin=0"/></net>

<net id="430"><net_src comp="52" pin="0"/><net_sink comp="425" pin=1"/></net>

<net id="431"><net_src comp="38" pin="0"/><net_sink comp="425" pin=2"/></net>

<net id="436"><net_src comp="422" pin="1"/><net_sink comp="432" pin=0"/></net>

<net id="437"><net_src comp="425" pin="3"/><net_sink comp="432" pin=1"/></net>

<net id="441"><net_src comp="432" pin="2"/><net_sink comp="438" pin=0"/></net>

<net id="447"><net_src comp="54" pin="0"/><net_sink comp="442" pin=0"/></net>

<net id="448"><net_src comp="438" pin="1"/><net_sink comp="442" pin=1"/></net>

<net id="449"><net_src comp="40" pin="0"/><net_sink comp="442" pin=2"/></net>

<net id="455"><net_src comp="56" pin="0"/><net_sink comp="450" pin=0"/></net>

<net id="456"><net_src comp="432" pin="2"/><net_sink comp="450" pin=1"/></net>

<net id="457"><net_src comp="58" pin="0"/><net_sink comp="450" pin=2"/></net>

<net id="461"><net_src comp="450" pin="3"/><net_sink comp="458" pin=0"/></net>

<net id="466"><net_src comp="442" pin="3"/><net_sink comp="462" pin=0"/></net>

<net id="467"><net_src comp="458" pin="1"/><net_sink comp="462" pin=1"/></net>

<net id="508"><net_src comp="60" pin="0"/><net_sink comp="471" pin=0"/></net>

<net id="509"><net_src comp="40" pin="0"/><net_sink comp="471" pin=1"/></net>

<net id="510"><net_src comp="230" pin="3"/><net_sink comp="471" pin=2"/></net>

<net id="511"><net_src comp="50" pin="0"/><net_sink comp="471" pin=3"/></net>

<net id="512"><net_src comp="236" pin="3"/><net_sink comp="471" pin=4"/></net>

<net id="513"><net_src comp="62" pin="0"/><net_sink comp="471" pin=5"/></net>

<net id="514"><net_src comp="242" pin="3"/><net_sink comp="471" pin=6"/></net>

<net id="515"><net_src comp="64" pin="0"/><net_sink comp="471" pin=7"/></net>

<net id="516"><net_src comp="248" pin="3"/><net_sink comp="471" pin=8"/></net>

<net id="517"><net_src comp="66" pin="0"/><net_sink comp="471" pin=9"/></net>

<net id="518"><net_src comp="254" pin="3"/><net_sink comp="471" pin=10"/></net>

<net id="519"><net_src comp="68" pin="0"/><net_sink comp="471" pin=11"/></net>

<net id="520"><net_src comp="260" pin="3"/><net_sink comp="471" pin=12"/></net>

<net id="521"><net_src comp="70" pin="0"/><net_sink comp="471" pin=13"/></net>

<net id="522"><net_src comp="266" pin="3"/><net_sink comp="471" pin=14"/></net>

<net id="523"><net_src comp="72" pin="0"/><net_sink comp="471" pin=15"/></net>

<net id="524"><net_src comp="272" pin="3"/><net_sink comp="471" pin=16"/></net>

<net id="525"><net_src comp="74" pin="0"/><net_sink comp="471" pin=17"/></net>

<net id="526"><net_src comp="278" pin="3"/><net_sink comp="471" pin=18"/></net>

<net id="527"><net_src comp="76" pin="0"/><net_sink comp="471" pin=19"/></net>

<net id="528"><net_src comp="284" pin="3"/><net_sink comp="471" pin=20"/></net>

<net id="529"><net_src comp="78" pin="0"/><net_sink comp="471" pin=21"/></net>

<net id="530"><net_src comp="290" pin="3"/><net_sink comp="471" pin=22"/></net>

<net id="531"><net_src comp="80" pin="0"/><net_sink comp="471" pin=23"/></net>

<net id="532"><net_src comp="296" pin="3"/><net_sink comp="471" pin=24"/></net>

<net id="533"><net_src comp="46" pin="0"/><net_sink comp="471" pin=25"/></net>

<net id="534"><net_src comp="302" pin="3"/><net_sink comp="471" pin=26"/></net>

<net id="535"><net_src comp="82" pin="0"/><net_sink comp="471" pin=27"/></net>

<net id="536"><net_src comp="308" pin="3"/><net_sink comp="471" pin=28"/></net>

<net id="537"><net_src comp="84" pin="0"/><net_sink comp="471" pin=29"/></net>

<net id="538"><net_src comp="314" pin="3"/><net_sink comp="471" pin=30"/></net>

<net id="539"><net_src comp="86" pin="0"/><net_sink comp="471" pin=31"/></net>

<net id="540"><net_src comp="320" pin="3"/><net_sink comp="471" pin=32"/></net>

<net id="541"><net_src comp="88" pin="0"/><net_sink comp="471" pin=33"/></net>

<net id="542"><net_src comp="438" pin="1"/><net_sink comp="471" pin=34"/></net>

<net id="547"><net_src comp="468" pin="1"/><net_sink comp="543" pin=0"/></net>

<net id="548"><net_src comp="462" pin="2"/><net_sink comp="543" pin=1"/></net>

<net id="553"><net_src comp="432" pin="2"/><net_sink comp="549" pin=0"/></net>

<net id="557"><net_src comp="554" pin="1"/><net_sink comp="326" pin=2"/></net>

<net id="561"><net_src comp="106" pin="1"/><net_sink comp="558" pin=0"/></net>

<net id="562"><net_src comp="558" pin="1"/><net_sink comp="349" pin=1"/></net>

<net id="563"><net_src comp="558" pin="1"/><net_sink comp="374" pin=0"/></net>

<net id="564"><net_src comp="558" pin="1"/><net_sink comp="417" pin=1"/></net>

<net id="568"><net_src comp="110" pin="1"/><net_sink comp="565" pin=0"/></net>

<net id="569"><net_src comp="565" pin="1"/><net_sink comp="344" pin=1"/></net>

<net id="570"><net_src comp="565" pin="1"/><net_sink comp="422" pin=0"/></net>

<net id="571"><net_src comp="565" pin="1"/><net_sink comp="549" pin=1"/></net>

<net id="575"><net_src comp="114" pin="1"/><net_sink comp="572" pin=0"/></net>

<net id="576"><net_src comp="572" pin="1"/><net_sink comp="339" pin=1"/></net>

<net id="577"><net_src comp="572" pin="1"/><net_sink comp="354" pin=0"/></net>

<net id="578"><net_src comp="572" pin="1"/><net_sink comp="369" pin=1"/></net>

<net id="582"><net_src comp="357" pin="2"/><net_sink comp="579" pin=0"/></net>

<net id="586"><net_src comp="377" pin="2"/><net_sink comp="583" pin=0"/></net>

<net id="587"><net_src comp="583" pin="1"/><net_sink comp="425" pin=0"/></net>

<net id="591"><net_src comp="383" pin="3"/><net_sink comp="588" pin=0"/></net>

<net id="592"><net_src comp="588" pin="1"/><net_sink comp="468" pin=0"/></net>

<net id="596"><net_src comp="118" pin="3"/><net_sink comp="593" pin=0"/></net>

<net id="597"><net_src comp="593" pin="1"/><net_sink comp="230" pin=0"/></net>

<net id="601"><net_src comp="125" pin="3"/><net_sink comp="598" pin=0"/></net>

<net id="602"><net_src comp="598" pin="1"/><net_sink comp="236" pin=0"/></net>

<net id="606"><net_src comp="132" pin="3"/><net_sink comp="603" pin=0"/></net>

<net id="607"><net_src comp="603" pin="1"/><net_sink comp="242" pin=0"/></net>

<net id="611"><net_src comp="139" pin="3"/><net_sink comp="608" pin=0"/></net>

<net id="612"><net_src comp="608" pin="1"/><net_sink comp="248" pin=0"/></net>

<net id="616"><net_src comp="146" pin="3"/><net_sink comp="613" pin=0"/></net>

<net id="617"><net_src comp="613" pin="1"/><net_sink comp="254" pin=0"/></net>

<net id="621"><net_src comp="153" pin="3"/><net_sink comp="618" pin=0"/></net>

<net id="622"><net_src comp="618" pin="1"/><net_sink comp="260" pin=0"/></net>

<net id="626"><net_src comp="160" pin="3"/><net_sink comp="623" pin=0"/></net>

<net id="627"><net_src comp="623" pin="1"/><net_sink comp="266" pin=0"/></net>

<net id="631"><net_src comp="167" pin="3"/><net_sink comp="628" pin=0"/></net>

<net id="632"><net_src comp="628" pin="1"/><net_sink comp="272" pin=0"/></net>

<net id="636"><net_src comp="174" pin="3"/><net_sink comp="633" pin=0"/></net>

<net id="637"><net_src comp="633" pin="1"/><net_sink comp="278" pin=0"/></net>

<net id="641"><net_src comp="181" pin="3"/><net_sink comp="638" pin=0"/></net>

<net id="642"><net_src comp="638" pin="1"/><net_sink comp="284" pin=0"/></net>

<net id="646"><net_src comp="188" pin="3"/><net_sink comp="643" pin=0"/></net>

<net id="647"><net_src comp="643" pin="1"/><net_sink comp="290" pin=0"/></net>

<net id="651"><net_src comp="195" pin="3"/><net_sink comp="648" pin=0"/></net>

<net id="652"><net_src comp="648" pin="1"/><net_sink comp="296" pin=0"/></net>

<net id="656"><net_src comp="202" pin="3"/><net_sink comp="653" pin=0"/></net>

<net id="657"><net_src comp="653" pin="1"/><net_sink comp="302" pin=0"/></net>

<net id="661"><net_src comp="209" pin="3"/><net_sink comp="658" pin=0"/></net>

<net id="662"><net_src comp="658" pin="1"/><net_sink comp="308" pin=0"/></net>

<net id="666"><net_src comp="216" pin="3"/><net_sink comp="663" pin=0"/></net>

<net id="667"><net_src comp="663" pin="1"/><net_sink comp="314" pin=0"/></net>

<net id="671"><net_src comp="223" pin="3"/><net_sink comp="668" pin=0"/></net>

<net id="672"><net_src comp="668" pin="1"/><net_sink comp="320" pin=0"/></net>

<net id="676"><net_src comp="471" pin="35"/><net_sink comp="673" pin=0"/></net>

<net id="677"><net_src comp="673" pin="1"/><net_sink comp="333" pin=1"/></net>

<net id="681"><net_src comp="543" pin="2"/><net_sink comp="678" pin=0"/></net>

<net id="682"><net_src comp="678" pin="1"/><net_sink comp="554" pin=0"/></net>

</net_list>

</model> 
---------------- Datapath Model END ------------------

* FSMD analyzer results:
  - Output states:
	Port: flatten | {4 }
 - Input state : 
	Port: tiny_ecg_inference_Pipeline_VITIS_LOOP_138_12_VITIS_LOOP_139_13 : buffer_c3 | {2 3 }
	Port: tiny_ecg_inference_Pipeline_VITIS_LOOP_138_12_VITIS_LOOP_139_13 : buffer_c3_1 | {2 3 }
	Port: tiny_ecg_inference_Pipeline_VITIS_LOOP_138_12_VITIS_LOOP_139_13 : buffer_c3_2 | {2 3 }
	Port: tiny_ecg_inference_Pipeline_VITIS_LOOP_138_12_VITIS_LOOP_139_13 : buffer_c3_3 | {2 3 }
	Port: tiny_ecg_inference_Pipeline_VITIS_LOOP_138_12_VITIS_LOOP_139_13 : buffer_c3_4 | {2 3 }
	Port: tiny_ecg_inference_Pipeline_VITIS_LOOP_138_12_VITIS_LOOP_139_13 : buffer_c3_5 | {2 3 }
	Port: tiny_ecg_inference_Pipeline_VITIS_LOOP_138_12_VITIS_LOOP_139_13 : buffer_c3_6 | {2 3 }
	Port: tiny_ecg_inference_Pipeline_VITIS_LOOP_138_12_VITIS_LOOP_139_13 : buffer_c3_7 | {2 3 }
	Port: tiny_ecg_inference_Pipeline_VITIS_LOOP_138_12_VITIS_LOOP_139_13 : buffer_c3_8 | {2 3 }
	Port: tiny_ecg_inference_Pipeline_VITIS_LOOP_138_12_VITIS_LOOP_139_13 : buffer_c3_9 | {2 3 }
	Port: tiny_ecg_inference_Pipeline_VITIS_LOOP_138_12_VITIS_LOOP_139_13 : buffer_c3_10 | {2 3 }
	Port: tiny_ecg_inference_Pipeline_VITIS_LOOP_138_12_VITIS_LOOP_139_13 : buffer_c3_11 | {2 3 }
	Port: tiny_ecg_inference_Pipeline_VITIS_LOOP_138_12_VITIS_LOOP_139_13 : buffer_c3_12 | {2 3 }
	Port: tiny_ecg_inference_Pipeline_VITIS_LOOP_138_12_VITIS_LOOP_139_13 : buffer_c3_13 | {2 3 }
	Port: tiny_ecg_inference_Pipeline_VITIS_LOOP_138_12_VITIS_LOOP_139_13 : buffer_c3_14 | {2 3 }
	Port: tiny_ecg_inference_Pipeline_VITIS_LOOP_138_12_VITIS_LOOP_139_13 : buffer_c3_15 | {2 3 }
  - Chain level:
	State 1
		store_ln0 : 1
		store_ln138 : 1
		store_ln139 : 1
		indvar_flatten13_load : 1
		icmp_ln138 : 2
		add_ln138 : 2
		br_ln138 : 3
		store_ln138 : 3
	State 2
		icmp_ln139 : 1
		select_ln138 : 2
		zext_ln139_1 : 3
		buffer_c3_addr : 4
		buffer_c3_1_addr : 4
		buffer_c3_2_addr : 4
		buffer_c3_3_addr : 4
		buffer_c3_4_addr : 4
		buffer_c3_5_addr : 4
		buffer_c3_6_addr : 4
		buffer_c3_7_addr : 4
		buffer_c3_8_addr : 4
		buffer_c3_9_addr : 4
		buffer_c3_10_addr : 4
		buffer_c3_11_addr : 4
		buffer_c3_12_addr : 4
		buffer_c3_13_addr : 4
		buffer_c3_14_addr : 4
		buffer_c3_15_addr : 4
		buffer_c3_load : 5
		buffer_c3_1_load : 5
		buffer_c3_2_load : 5
		buffer_c3_3_load : 5
		buffer_c3_4_load : 5
		buffer_c3_5_load : 5
		buffer_c3_6_load : 5
		buffer_c3_7_load : 5
		buffer_c3_8_load : 5
		buffer_c3_9_load : 5
		buffer_c3_10_load : 5
		buffer_c3_11_load : 5
		buffer_c3_12_load : 5
		buffer_c3_13_load : 5
		buffer_c3_14_load : 5
		buffer_c3_15_load : 5
		add_ln139 : 3
		store_ln139 : 4
	State 3
		add_ln138_1 : 1
		trunc_ln138 : 2
		p_shl : 3
		tmp : 2
		zext_ln139 : 3
		sub_ln139 : 4
		tmp_s : 3
		add_ln141 : 5
		store_ln138 : 2
	State 4
		flatten_addr : 1
		store_ln141 : 2


============================================================
+ Verbose Summary: Datapath Resource usage 
============================================================

* Functional unit list:
|----------|---------------------|---------|---------|
| Operation|   Functional Unit   |    FF   |   LUT   |
|----------|---------------------|---------|---------|
| sparsemux|     tmp_s_fu_471    |    0    |    65   |
|----------|---------------------|---------|---------|
|          |   add_ln138_fu_363  |    0    |    15   |
|    add   |   add_ln139_fu_411  |    0    |    13   |
|          |  add_ln138_1_fu_432 |    0    |    13   |
|          |   add_ln141_fu_543  |    0    |    8    |
|----------|---------------------|---------|---------|
|   icmp   |  icmp_ln138_fu_357  |    0    |    15   |
|          |  icmp_ln139_fu_377  |    0    |    13   |
|----------|---------------------|---------|---------|
|  select  | select_ln138_fu_383 |    0    |    4    |
|          |     empty_fu_425    |    0    |    5    |
|----------|---------------------|---------|---------|
|    sub   |   sub_ln139_fu_462  |    0    |    8    |
|----------|---------------------|---------|---------|
|          | zext_ln139_1_fu_391 |    0    |    0    |
|   zext   |  zext_ln139_fu_458  |    0    |    0    |
|          | zext_ln139_2_fu_468 |    0    |    0    |
|          |  zext_ln141_fu_554  |    0    |    0    |
|----------|---------------------|---------|---------|
|   trunc  |  trunc_ln138_fu_438 |    0    |    0    |
|----------|---------------------|---------|---------|
|bitconcatenate|     p_shl_fu_442    |    0    |    0    |
|          |      tmp_fu_450     |    0    |    0    |
|----------|---------------------|---------|---------|
|   Total  |                     |    0    |   159   |
|----------|---------------------|---------|---------|

Memories:
N/A

* Register list:
+-------------------------+--------+
|                         |   FF   |
+-------------------------+--------+
|    add_ln141_reg_678    |    8   |
|buffer_c3_10_addr_reg_643|    4   |
|buffer_c3_11_addr_reg_648|    4   |
|buffer_c3_12_addr_reg_653|    4   |
|buffer_c3_13_addr_reg_658|    4   |
|buffer_c3_14_addr_reg_663|    4   |
|buffer_c3_15_addr_reg_668|    4   |
| buffer_c3_1_addr_reg_598|    4   |
| buffer_c3_2_addr_reg_603|    4   |
| buffer_c3_3_addr_reg_608|    4   |
| buffer_c3_4_addr_reg_613|    4   |
| buffer_c3_5_addr_reg_618|    4   |
| buffer_c3_6_addr_reg_623|    4   |
| buffer_c3_7_addr_reg_628|    4   |
| buffer_c3_8_addr_reg_633|    4   |
| buffer_c3_9_addr_reg_638|    4   |
|  buffer_c3_addr_reg_593 |    4   |
|        i_reg_565        |    5   |
|    icmp_ln138_reg_579   |    1   |
|    icmp_ln139_reg_583   |    1   |
| indvar_flatten13_reg_572|    8   |
|        j_reg_558        |    4   |
|   select_ln138_reg_588  |    4   |
|      tmp_s_reg_673      |    7   |
+-------------------------+--------+
|          Total          |   102  |
+-------------------------+--------+

* Multiplexer (MUX) list: 
|-------------------|------|------|------|--------||---------||---------||---------|
|        Comp       |  Pin | Size |  BW  | S x BW ||  Delay  ||    FF   ||   LUT   |
|-------------------|------|------|------|--------||---------||---------||---------|
| grp_access_fu_230 |  p0  |   2  |   4  |    8   ||    0    ||    9    |
| grp_access_fu_236 |  p0  |   2  |   4  |    8   ||    0    ||    9    |
| grp_access_fu_242 |  p0  |   2  |   4  |    8   ||    0    ||    9    |
| grp_access_fu_248 |  p0  |   2  |   4  |    8   ||    0    ||    9    |
| grp_access_fu_254 |  p0  |   2  |   4  |    8   ||    0    ||    9    |
| grp_access_fu_260 |  p0  |   2  |   4  |    8   ||    0    ||    9    |
| grp_access_fu_266 |  p0  |   2  |   4  |    8   ||    0    ||    9    |
| grp_access_fu_272 |  p0  |   2  |   4  |    8   ||    0    ||    9    |
| grp_access_fu_278 |  p0  |   2  |   4  |    8   ||    0    ||    9    |
| grp_access_fu_284 |  p0  |   2  |   4  |    8   ||    0    ||    9    |
| grp_access_fu_290 |  p0  |   2  |   4  |    8   ||    0    ||    9    |
| grp_access_fu_296 |  p0  |   2  |   4  |    8   ||    0    ||    9    |
| grp_access_fu_302 |  p0  |   2  |   4  |    8   ||    0    ||    9    |
| grp_access_fu_308 |  p0  |   2  |   4  |    8   ||    0    ||    9    |
| grp_access_fu_314 |  p0  |   2  |   4  |    8   ||    0    ||    9    |
| grp_access_fu_320 |  p0  |   2  |   4  |    8   ||    0    ||    9    |
|-------------------|------|------|------|--------||---------||---------||---------|
|       Total       |      |      |      |   128  ||  25.408 ||    0    ||   144   |
|-------------------|------|------|------|--------||---------||---------||---------|



* Summary:
+-----------+--------+--------+--------+
|           |  Delay |   FF   |   LUT  |
+-----------+--------+--------+--------+
|  Function |    -   |    0   |   159  |
|   Memory  |    -   |    -   |    -   |
|Multiplexer|   25   |    0   |   144  |
|  Register |    -   |   102  |    -   |
+-----------+--------+--------+--------+
|   Total   |   25   |   102  |   303  |
+-----------+--------+--------+--------+
